x,y,fill
 -7.56917857360852864, 10.5691785736085,#395d33
 -7.55602236012061290, 10.5785880954576,#395d33
 -7.54285444932639759, 10.5879812408351,#395d33
 -7.52967486161083510, 10.5973579951998,#395d33
 -7.51648361737694160, 10.6067183440357,#395d33
 -7.50328073704577658, 10.6160622728523,#395d33
 -7.49006624105642693, 10.6253897671844,#395d33
 -7.47684014986595180, 10.6347008125924,#395d33
 -7.46360248394935333, 10.6439953946620,#395d33
 -7.45035326379957397, 10.6532734990045,#395d33
 -7.43709250992741833, 10.6625351112567,#395d33
 -7.42382024286156827, 10.6717802170809,#395d33
 -7.41053648314851365, 10.6810088021649,#395d33
 -7.39724125135253452, 10.6902208522223,#395d33
 -7.38393456805568782, 10.6994163529920,#395d33
 -7.37061645385774256, 10.7085952902387,#395d33
 -7.35728692937616202, 10.7177576497526,#395d33
 -7.34394601524609048, 10.7269034173498,#395d33
 -7.33059373212028742, 10.7360325788719,#395d33
 -7.31723010066911694, 10.7451451201862,#395d33
 -7.30385514158051841, 10.7542410271859,#395d33
 -7.29046887555995937, 10.7633202857897,#395d33
 -7.27707132333040896, 10.7723828819422,#395d33
 -7.26366250563232008, 10.7814288016140,#395d33
 -7.25024244322357259, 10.7904580308011,#395d33
 -7.23681115687946530, 10.7994705555256,#395d33
 -7.22336866739266537, 10.8084663618355,#395d33
 -7.20991499557317805, 10.8174454358046,#395d33
 -7.19645016224833789, 10.8264077635325,#395d33
 -7.18297418826274114, 10.8353533311448,#395d33
 -7.16948709447823074, 10.8442821247932,#395d33
 -7.15598890177388203, 10.8531941306552,#395d33
 -7.14247963104593264, 10.8620893349343,#395d33
 -7.12895930320777360, 10.8709677238601,#395d33
 -7.11542793918992622, 10.8798292836880,#395d33
 -7.10188555993998349, 10.8886740006998,#395d33
 -7.08833218642258789, 10.8975018612031,#395d33
 -7.07476783961941802, 10.9063128515318,#395d33
 -7.06119254052912915, 10.9151069580456,#395d33
 -7.04760631016732386, 10.9238841671307,#395d33
 -7.03400916956654765, 10.9326444651993,#395d33
 -7.02040113977621516, 10.9413878386898,#395d33
 -7.00678224186261733, 10.9501142740667,#395d33
 -6.99315249690885565, 10.9588237578208,#395d33
 -6.97951192601482262, 10.9675162764692,#395d33
 -6.96586055029718665, 10.9761918165552,#395d33
 -6.95219839088932456, 10.9848503646484,#395d33
 -6.93852546894131184, 10.9934919073447,#395d33
 -6.92484180561989593, 11.0021164312663,#395d33
 -6.91114742210844213, 11.0107239230617,#395d33
 -6.89744233960690600, 11.0193143694060,#395d33
 -6.88372657933182541, 11.0278877570005,#395d33
 -6.87000016251625123, 11.0364440725728,#395d33
 -6.85626311040973491, 11.0449833028771,#395d33
 -6.84251544427829916, 11.0535054346941,#395d33
 -6.82875718540439269, 11.0620104548309,#395d33
 -6.81498835508685641, 11.0704983501209,#395d33
 -6.80120897464091101, 11.0789691074244,#395d33
 -6.78741906539809658, 11.0874227136278,#395d33
 -6.77361864870626285, 11.0958591556444,#395d33
 -6.75980774592952027, 11.1042784204140,#395d33
 -6.74598637844820548, 11.1126804949027,#395d33
 -6.73215456765887232, 11.1210653661036,#395d33
 -6.71831233497422975, 11.1294330210363,#395d33
 -6.70445970182311690, 11.1377834467469,#395d33
 -6.69059668965048981, 11.1461166303084,#395d33
 -6.67672331991735835, 11.1544325588204,#395d33
 -6.66283961410076486, 11.1627312194091,#395d33
 -6.64894559369376736, 11.1710125992275,#395d33
 -6.63504128020538086, 11.1792766854556,#395d33
 -6.62112669516054719, 11.1875234652997,#395d33
 -6.60720186010013233, 11.1957529259934,#395d33
 -6.59326679658084558, 11.2039650547967,#395d33
 -6.57932152617525112, 11.2121598389965,#395d33
 -6.56536607047170051, 11.2203372659069,#395d33
 -6.55140045107431312, 11.2284973228684,#395d33
 -6.53742468960295398, 11.2366399972487,#395d33
 -6.52343880769317863, 11.2447652764423,#395d33
 -6.50944282699620835, 11.2528731478706,#395d33
 -6.49543676917890878, 11.2609635989820,#395d33
 -6.48142065592373751, 11.2690366172519,#395d33
 -6.46739450892871393, 11.2770921901827,#395d33
 -6.45335834990740853, 11.2851303053035,#395d33
 -6.43931220058887366, 11.2931509501710,#395d33
 -6.42525608271762927, 11.3011541123684,#395d33
 -6.41119001805363986, 11.3091397795062,#395d33
 -6.39711402837225762, 11.3171079392221,#395d33
 -6.38302813546419490, 11.3250585791806,#395d33
 -6.36893236113551264, 11.3329916870737,#395d33
 -6.35482672720754938, 11.3409072506201,#395d33
 -6.34071125551692472, 11.3488052575661,#395d33
 -6.32658596791547456, 11.3566856956849,#395d33
 -6.31245088627022977, 11.3645485527770,#395d33
 -6.29830603246340015, 11.3723938166700,#395d33
 -6.28415142839230612, 11.3802214752190,#395d33
 -6.26998709596936177, 11.3880315163060,#395d33
 -6.25581305712206071, 11.3958239278405,#395d33
 -6.24162933379290319, 11.4035986977592,#395d33
 -6.22743594793938371, 11.4113558140263,#395d33
 -6.21323292153397055, 11.4190952646331,#395d33
 -6.19902027656403920, 11.4268170375983,#395d33
 -6.18479803503185988, 11.4345211209681,#395d33
 -6.17056621895456736, 11.4422075028159,#395d33
 -6.15632485036410593, 11.4498761712426,#395d33
 -6.14207395130722134, 11.4575271143765,#395d33
 -6.12781354384540311, 11.4651603203734,#395d33
 -6.11354365005485789, 11.4727757774165,#395d33
 -6.09926429202649345, 11.4803734737164,#395d33
 -6.08497549186585385, 11.4879533975113,#395d33
 -6.07067727169310167, 11.4955155370670,#395d33
 -6.05636965364299495, 11.5030598806766,#395d33
 -6.04205265986482765, 11.5105864166610,#395d33
 -6.02772631252240565, 11.5180951333684,#395d33
 -6.01339063379403260, 11.5255860191748,#395d33
 -5.99904564587244060, 11.5330590624838,#395d33
 -5.98469137096477510, 11.5405142517264,#395d33
 -5.97032783129257272, 11.5479515753615,#395d33
 -5.95595504909169549, 11.5553710218755,#395d33
 -5.94157304661231755, 11.5627725797825,#395d33
 -5.92718184611889853, 11.5701562376244,#395d33
 -5.91278146989011866, 11.5775219839707,#395d33
 -5.89837194021888322, 11.5848698074186,#395d33
 -5.88395327941225155, 11.5921996965931,#395d33
 -5.86952550979142007, 11.5995116401471,#395d33
 -5.85508865369170017, 11.6068056267610,#395d33
 -5.84064273346245599, 11.6140816451432,#395d33
 -5.82618777146708133, 11.6213396840299,#395d33
 -5.81172379008298545, 11.6285797321850,#395d33
 -5.79725081170152468, 11.6358017784004,#395d33
 -5.78276885872798019, 11.6430058114958,#395d33
 -5.76827795358154471, 11.6501918203189,#395d33
 -5.75377811869525502, 11.6573597937451,#395d33
 -5.73926937651596880, 11.6645097206778,#395d33
 -5.72475174950435139, 11.6716415900484,#395d33
 -5.71022526013479936, 11.6787553908162,#395d33
 -5.69568993089545117, 11.6858511119685,#395d33
 -5.68114578428811345, 11.6929287425206,#395d33
 -5.66659284282824505, 11.6999882715158,#395d33
 -5.65203112904493210, 11.7070296880254,#395d33
 -5.63746066548082947, 11.7140529811486,#395d33
 -5.62288147469213317, 11.7210581400130,#395d33
 -5.60829357924856797, 11.7280451537739,#395d33
 -5.59369700173331630, 11.7350140116150,#395d33
 -5.57909176474300494, 11.7419647027479,#395d33
 -5.56447789088767752, 11.7488972164124,#395d33
 -5.54985540279073408, 11.7558115418764,#395d33
 -5.53522432308891243, 11.7627076684361,#395d33
 -5.52058467443226331, 11.7695855854156,#395d33
 -5.50593647948408904, 11.7764452821676,#395d33
 -5.49127976092092140, 11.7832867480725,#395d33
 -5.47661454143250293, 11.7901099725393,#395d33
 -5.46194084372172117, 11.7969149450051,#395d33
 -5.44725869050459011, 11.8037016549353,#395d33
 -5.43256810451022432, 11.8104700918235,#395d33
 -5.41786910848077863, 11.8172202451917,#395d33
 -5.40316172517144278, 11.8239521045902,#395d33
 -5.38844597735037567, 11.8306656595974,#395d33
 -5.37372188779869475, 11.8373608998202,#395d33
 -5.35898947931042535, 11.8440378148940,#395d33
 -5.34424877469247406, 11.8506963944824,#395d33
 -5.32949979676459318, 11.8573366282773,#395d33
 -5.31474256835933989, 11.8639585059991,#395d33
 -5.29997711232203894, 11.8705620173968,#395d33
 -5.28520345151076132, 11.8771471522474,#395d33
 -5.27042160879627541, 11.8837139003568,#395d33
 -5.25563160706201238, 11.8902622515591,#395d33
 -5.24083346920403859, 11.8967921957169,#395d33
 -5.22602721813101745, 11.9033037227214,#395d33
 -5.21121287676416500, 11.9097968224923,#395d33
 -5.19639046803722771, 11.9162714849777,#395d33
 -5.18156001489644158, 11.9227277001543,#395d33
 -5.16672154030048958, 11.9291654580274,#395d33
 -5.15187506722047850, 11.9355847486310,#395d33
 -5.13702061863989634, 11.9419855620273,#395d33
 -5.12215821755457767, 11.9483678883075,#395d33
 -5.10728788697266456, 11.9547317175913,#395d33
 -5.09240964991457901, 11.9610770400268,#395d33
 -5.07752352941298035, 11.9674038457912,#395d33
 -5.06262954851273683, 11.9737121250899,#395d33
 -5.04772773027087673, 11.9800018681574,#395d33
 -5.03281809775656708, 11.9862730652565,#395d33
 -5.01790067405107365, 11.9925257066790,#395d33
 -5.00297548224771571, 11.9987597827454,#395d33
 -4.98804254545184556, 12.0049752838047,#395d33
 -4.97310188678080589, 12.0111722002350,#395d33
 -4.95815352936388543, 12.0173505224428,#395d33
 -4.94319749634229755, 12.0235102408637,#395d33
 -4.92823381086913681, 12.0296513459620,#395d33
 -4.91326249610934873, 12.0357738282308,#395d33
 -4.89828357523967828, 12.0418776781919,#395d33
 -4.88329707144865477, 12.0479628863962,#395d33
 -4.86830300793654658, 12.0540294434233,#395d33
 -4.85330140791531672, 12.0600773398817,#395d33
 -4.83829229460860333, 12.0661065664087,#395d33
 -4.82327569125167432, 12.0721171136707,#395d33
 -4.80825162109139370, 12.0781089723629,#395d33
 -4.79322010738617710, 12.0840821332093,#395d33
 -4.77818117340597137, 12.0900365869632,#395d33
 -4.76313484243221197, 12.0959723244065,#395d33
 -4.74808113775777407, 12.1018893363503,#395d33
 -4.73302008268695928, 12.1077876136345,#395d33
 -4.71795170053544766, 12.1136671471283,#395d33
 -4.70287601463025151, 12.1195279277295,#395d33
 -4.68779304830970212, 12.1253699463653,#395d33
 -4.67270282492339462, 12.1311931939918,#395d33
 -4.65760536783216406, 12.1369976615941,#395d33
 -4.64250070040803475, 12.1427833401865,#395d33
 -4.62738884603420164, 12.1485502208123,#395d33
 -4.61226982810498054, 12.1542982945439,#395d33
 -4.59714367002578594, 12.1600275524828,#395d33
 -4.58201039521306885, 12.1657379857598,#395d33
 -4.56687002709431500, 12.1714295855346,#395d33
 -4.55172258910798266, 12.1771023429962,#395d33
 -4.53656810470347249, 12.1827562493628,#395d33
 -4.52140659734109995, 12.1883912958815,#395d33
 -4.50623809049205093, 12.1940074738290,#395d33
 -4.49106260763834086, 12.1996047745110,#395d33
 -4.47588017227279344, 12.2051831892625,#395d33
 -4.46069080789899264, 12.2107427094475,#395d33
 -4.44549453803124184, 12.2162833264596,#395d33
 -4.43029138619454521, 12.2218050317214,#395d33
 -4.41508137592455618, 12.2273078166849,#395d33
 -4.39986453076754369, 12.2327916728314,#395d33
 -4.38464087428036287, 12.2382565916715,#395d33
 -4.36941043003040619, 12.2437025647449,#395d33
 -4.35417322159557862, 12.2491295836210,#395d33
 -4.33892927256425942, 12.2545376398983,#395d33
 -4.32367860653525415, 12.2599267252047,#395d33
 -4.30842124711777341, 12.2652968311975,#395d33
 -4.29315721793139193, 12.2706479495634,#395d33
 -4.27788654260599976, 12.2759800720183,#395d33
 -4.26260924478178538, 12.2812931903078,#395d33
 -4.24732534810918860, 12.2865872962068,#395d33
 -4.23203487624885621, 12.2918623815195,#395d33
 -4.21673785287162328, 12.2971184380797,#395d33
 -4.20143430165846521, 12.3023554577507,#395d33
 -4.18612424630045687, 12.3075734324251,#395d33
 -4.17080771049874954, 12.3127723540251,#395d33
 -4.15548471796452290, 12.3179522145023,#395d33
 -4.14015529241895308, 12.3231130058381,#395d33
 -4.12481945759317981, 12.3282547200429,#395d33
 -4.10947723722825042, 12.3333773491572,#395d33
 -4.09412865507511370, 12.3384808852505,#395d33
 -4.07877373489456296, 12.3435653204224,#395d33
 -4.06341250045719260, 12.3486306468016,#395d33
 -4.04804497554338560, 12.3536768565467,#395d33
 -4.03267118394325852, 12.3587039418458,#395d33
 -4.01729114945662324, 12.3637118949164,#395d33
 -4.00190489589296572, 12.3687007080060,#395d33
 -3.98651244707139529, 12.3736703733914,#395d33
 -3.97111382682060743, 12.3786208833793,#395d33
 -3.95570905897885927, 12.3835522303058,#395d33
 -3.94029816739391947, 12.3884644065369,#395d33
 -3.92488117592304331, 12.3933574044681,#395d33
 -3.90945810843291763, 12.3982312165247,#395d33
 -3.89402898879964576, 12.4030858351617,#395d33
 -3.87859384090869685, 12.4079212528636,#395d33
 -3.86315268865487438, 12.4127374621450,#395d33
 -3.84770555594226948, 12.4175344555500,#395d33
 -3.83225246668424013, 12.4223122256524,#395d33
 -3.81679344480336402, 12.4270707650559,#395d33
 -3.80132851423139684, 12.4318100663938,#395d33
 -3.78585769890924739, 12.4365301223295,#395d33
 -3.77038102278693632, 12.4412309255559,#395d33
 -3.75489850982354767, 12.4459124687957,#395d33
 -3.73941018398721114, 12.4505747448017,#395d33
 -3.72391606925505281, 12.4552177463561,#395d33
 -3.70841618961315556, 12.4598414662714,#395d33
 -3.69291056905653159, 12.4644458973895,#395d33
 -3.67739923158908022, 12.4690310325826,#395d33
 -3.66188220122354968, 12.4735968647524,#395d33
 -3.64635950198150516, 12.4781433868308,#395d33
 -3.63083115789327682, 12.4826705917793,#395d33
 -3.61529719299794561, 12.4871784725894,#395d33
 -3.59975763134329041, 12.4916670222827,#395d33
 -3.58421249698574895, 12.4961362339105,#395d33
 -3.56866181399039073, 12.5005861005541,#395d33
 -3.55310560643087880, 12.5050166153248,#395d33
 -3.53754389838941830, 12.5094277713638,#395d33
 -3.52197671395673773, 12.5138195618423,#395d33
 -3.50640407723204461, 12.5181919799614,#395d33
 -3.49082601232297662, 12.5225450189524,#395d33
 -3.47524254334558513, 12.5268786720763,#395d33
 -3.45965369442428461, 12.5311929326244,#395d33
 -3.44405948969181930, 12.5354877939179,#395d33
 -3.42845995328921749, 12.5397632493079,#395d33
 -3.41285510936576930, 12.5440192921757,#395d33
 -3.39724498207897785, 12.5482559159327,#395d33
 -3.38162959559453036, 12.5524731140202,#395d33
 -3.36600897408624444, 12.5566708799096,#395d33
 -3.35038314173605212, 12.5608492071026,#395d33
 -3.33475212273395138, 12.5650080891308,#395d33
 -3.31911594127796228, 12.5691475195558,#395d33
 -3.30347462157410288, 12.5732674919695,#395d33
 -3.28782818783634889, 12.5773679999938,#395d33
 -3.27217666428658216, 12.5814490372810,#395d33
 -3.25652007515457154, 12.5855105975131,#395d33
 -3.24085844467793205, 12.5895526744027,#395d33
 -3.22519179710206938, 12.5935752616922,#395d33
 -3.20952015668016832, 12.5975783531544,#395d33
 -3.19384354767313816, 12.6015619425921,#395d33
 -3.17816199434958113, 12.6055260238386,#395d33
 -3.16247552098575557, 12.6094705907570,#395d33
 -3.14678415186552884, 12.6133956372409,#395d33
 -3.13108791128035424, 12.6173011572140,#395d33
 -3.11538682352922880, 12.6211871446303,#395d33
 -3.09968091291864267, 12.6250535934739,#395d33
 -3.08397020376256226, 12.6289004977593,#395d33
 -3.06825472038238090, 12.6327278515312,#395d33
 -3.05253448710687580, 12.6365356488645,#395d33
 -3.03680952827218498, 12.6403238838645,#395d33
 -3.02107986822176233, 12.6440925506667,#395d33
 -3.00534553130633109, 12.6478416434369,#395d33
 -2.98960654188386288, 12.6515711563713,#395d33
 -2.97386292431953247, 12.6552810836962,#395d33
 -2.95811470298566981, 12.6589714196683,#395d33
 -2.94236190226174088, 12.6626421585749,#395d33
 -2.92660454653429802, 12.6662932947333,#395d33
 -2.91084266019694571, 12.6699248224912,#395d33
 -2.89507626765030368, 12.6735367362267,#395d33
 -2.87930539330196034, 12.6771290303484,#395d33
 -2.86353006156644962, 12.6807016992951,#395d33
 -2.84775029686520709, 12.6842547375360,#395d33
 -2.83196612362652145, 12.6877881395707,#395d33
 -2.81617756628551552, 12.6913018999293,#395d33
 -2.80038464928409780, 12.6947960131722,#395d33
 -2.78458739707091851, 12.6982704738903,#395d33
 -2.76878583410134693, 12.7017252767047,#395d33
 -2.75297998483742701, 12.7051604162673,#395d33
 -2.73716987374782716, 12.7085758872600,#395d33
 -2.72135552530782432, 12.7119716843956,#395d33
 -2.70553696399925103, 12.7153478024171,#395d33
 -2.68971421431046265, 12.7187042360980,#395d33
 -2.67388730073630088, 12.7220409802422,#395d33
 -2.65805624777804450, 12.7253580296842,#395d33
 -2.64222107994338895, 12.7286553792890,#395d33
 -2.62638182174640056, 12.7319330239520,#395d33
 -2.61053849770746904, 12.7351909585992,#395d33
 -2.59469113235328663, 12.7384291781871,#395d33
 -2.57883975021680101, 12.7416476777025,#395d33
 -2.56298437583717176, 12.7448464521631,#395d33
 -2.54712503375974508, 12.7480254966169,#395d33
 -2.53126174853601116, 12.7511848061425,#395d33
 -2.51539454472355484, 12.7543243758490,#395d33
 -2.49952344688603567, 12.7574442008761,#395d33
 -2.48364847959314305, 12.7605442763941,#395d33
 -2.46776966742054693, 12.7636245976039,#395d33
 -2.45188703494987648, 12.7666851597368,#395d33
 -2.43600060676867525, 12.7697259580550,#395d33
 -2.42011040747036033, 12.7727469878509,#395d33
 -2.40421646165419078, 12.7757482444478,#395d33
 -2.38831879392521751, 12.7787297231995,#395d33
 -2.37241742889425966, 12.7816914194906,#395d33
 -2.35651239117786293, 12.7846333287359,#395d33
 -2.34060370539824714, 12.7875554463813,#395d33
 -2.32469139618329113, 12.7904577679030,#395d33
 -2.30877548816648082, 12.7933402888081,#395d33
 -2.29285600598686523, 12.7962030046342,#395d33
 -2.27693297428903607, 12.7990459109496,#395d33
 -2.26100641772307887, 12.8018690033532,#395d33
 -2.24507636094452812, 12.8046722774747,#395d33
 -2.22914282861434510, 12.8074557289743,#395d33
 -2.21320584539886811, 12.8102193535432,#395d33
 -2.19726543596978141, 12.8129631469029,#395d33
 -2.18132162500406457, 12.8156871048060,#395d33
 -2.16537443718397116, 12.8183912230354,#395d33
 -2.14942389719697990, 12.8210754974050,#395d33
 -2.13347002973576227, 12.8237399237593,#395d33
 -2.11751285949813095, 12.8263844979737,#395d33
 -2.10155241118702163, 12.8290092159541,#395d33
 -2.08558870951044328, 12.8316140736371,#395d33
 -2.06962177918143420, 12.8341990669904,#395d33
 -2.05365164491803887, 12.8367641920122,#395d33
 -2.03767833144326049, 12.8393094447313,#395d33
 -2.02170186348501790, 12.8418348212076,#395d33
 -2.00572226577611978, 12.8443403175317,#395d33
 -1.98973956305422095, 12.8468259298247,#395d33
 -1.97375378006177415, 12.8492916542388,#395d33
 -1.95776494154600833, 12.8517374869569,#395d33
 -1.94177307225888196, 12.8541634241926,#395d33
 -1.92577819695704267, 12.8565694621903,#395d33
 -1.90978034040179678, 12.8589555972254,#395d33
 -1.89377952735905608, 12.8613218256039,#395d33
 -1.87777578259931777, 12.8636681436627,#395d33
 -1.86176913089761809, 12.8659945477696,#395d33
 -1.84575959703348458, 12.8683010343230,#395d33
 -1.82974720579091521, 12.8705875997524,#395d33
 -1.81373198195833152, 12.8728542405180,#395d33
 -1.79771395032853110, 12.8751009531108,#395d33
 -1.78169313569866716, 12.8773277340528,#395d33
 -1.76566956287020149, 12.8795345798967,#395d33
 -1.74964325664885667, 12.8817214872261,#395d33
 -1.73361424184459545, 12.8838884526557,#395d33
 -1.71758254327157145, 12.8860354728306,#395d33
 -1.70154818574809474, 12.8881625444272,#395d33
 -1.68551119409658412, 12.8902696641527,#395d33
 -1.66947159314354376, 12.8923568287450,#395d33
 -1.65342940771951552, 12.8944240349730,#395d33
 -1.63738466265904403, 12.8964712796365,#395d33
 -1.62133738280062900, 12.8984985595663,#395d33
 -1.60528759298670143, 12.9005058716239,#395d33
 -1.58923531806357898, 12.9024932127019,#395d33
 -1.57318058288141738, 12.9044605797238,#395d33
 -1.55712341229418971, 12.9064079696438,#395d33
 -1.54106383115963941, 12.9083353794473,#395d33
 -1.52500186433923290, 12.9102428061505,#395d33
 -1.50893753669813813, 12.9121302468006,#395d33
 -1.49287087310517852, 12.9139976984756,#395d33
 -1.47680189843278153, 12.9158451582847,#395d33
 -1.46073063755697263, 12.9176726233677,#395d33
 -1.44465711535729957, 12.9194800908956,#395d33
 -1.42858135671681064, 12.9212675580703,#395d33
 -1.41250338652203333, 12.9230350221248,#395d33
 -1.39642322966289911, 12.9247824803227,#395d33
 -1.38034091103273537, 12.9265099299590,#395d33
 -1.36425645552821706, 12.9282173683594,#395d33
 -1.34816988804931781, 12.9299047928806,#395d33
 -1.33208123349928953, 12.9315722009104,#395d33
 -1.31599051678461509, 12.9332195898675,#395d33
 -1.29989776281496150, 12.9348469572016,#395d33
 -1.28380299650315766, 12.9364543003935,#395d33
 -1.26770624276514776, 12.9380416169548,#395d33
 -1.25160752651994467, 12.9396089044282,#395d33
 -1.23550687268960724, 12.9411561603876,#395d33
 -1.21940430619919438, 12.9426833824375,#395d33
 -1.20329985197671463, 12.9441905682137,#395d33
 -1.18719353495311797, 12.9456777153831,#395d33
 -1.17108538006222207, 12.9471448216433,#395d33
 -1.15497541224068878, 12.9485918847232,#395d33
 -1.13886365642800480, 12.9500189023826,#395d33
 -1.12275013756640374, 12.9514258724125,#395d33
 -1.10663488060086057, 12.9528127926346,#395d33
 -1.09051791047904056, 12.9541796609019,#395d33
 -1.07439925215125287, 12.9555264750984,#395d33
 -1.05827893057042877, 12.9568532331392,#395d33
 -1.04215697069207369, 12.9581599329703,#395d33
 -1.02603339747422173, 12.9594465725689,#395d33
 -1.00990823587741207, 12.9607131499431,#395d33
 -0.99378151086464384, 12.9619596631321,#395d33
 -0.97765324740132709, 12.9631861102063,#395d33
 -0.96152347045526243, 12.9643924892670,#395d33
 -0.94539220499659327, 12.9655787984467,#395d33
 -0.92925947599775638, 12.9667450359089,#395d33
 -0.91312530843347373, 12.9678911998481,#395d33
 -0.89698972728067439, 12.9690172884900,#395d33
 -0.88085275751848735, 12.9701233000913,#395d33
 -0.86471442412819099, 12.9712092329399,#395d33
 -0.84857475209316657, 12.9722750853545,#395d33
 -0.83243376639887601, 12.9733208556853,#395d33
 -0.81629149203281492, 12.9743465423132,#395d33
 -0.80014795398446492, 12.9753521436505,#395d33
 -0.78400317724527302, 12.9763376581403,#395d33
 -0.76785718680860371, 12.9773030842570,#395d33
 -0.75171000766969143, 12.9782484205061,#395d33
 -0.73556166482561991, 12.9791736654241,#395d33
 -0.71941218327527412, 12.9800788175787,#395d33
 -0.70326158801929028, 12.9809638755686,#395d33
 -0.68710990406004890, 12.9818288380237,#395d33
 -0.67095715640159881, 12.9826737036049,#395d33
 -0.65480337004963540, 12.9834984710043,#395d33
 -0.63864857001147912, 12.9843031389452,#395d33
 -0.62249278129599983, 12.9850877061818,#395d33
 -0.60633602891360927, 12.9858521714996,#395d33
 -0.59017833787621121, 12.9865965337151,#395d33
 -0.57401973319715360, 12.9873207916760,#395d33
 -0.55786023989120759, 12.9880249442611,#395d33
 -0.54169988297452010, 12.9887089903803,#395d33
 -0.52553868746456600, 12.9893729289746,#395d33
 -0.50937667838012723, 12.9900167590162,#395d33
 -0.49321388074124545, 12.9906404795085,#395d33
 -0.47705031956917410, 12.9912440894858,#395d33
 -0.46088601988635719, 12.9918275880137,#395d33
 -0.44472100671638226, 12.9923909741889,#395d33
 -0.42855530508392975, 12.9929342471393,#395d33
 -0.41238894001476606, 12.9934574060238,#395d33
 -0.39622193653566445, 12.9939604500325,#395d33
 -0.38005431967439812, 12.9944433783867,#395d33
 -0.36388611445968966, 12.9949061903387,#395d33
 -0.34771734592116399, 12.9953488851722,#395d33
 -0.33154803908932662, 12.9957714622017,#395d33
 -0.31537821899551655, 12.9961739207731,#395d33
 -0.29920791067185848, 12.9965562602634,#395d33
 -0.28303713915124173, 12.9969184800806,#395d33
 -0.26686592946727267, 12.9972605796641,#395d33
 -0.25069430665422726, 12.9975825584841,#395d33
 -0.23452229574702971, 12.9978844160424,#395d33
 -0.21834992178120510, 12.9981661518715,#395d33
 -0.20217720979282888, 12.9984277655354,#395d33
 -0.18600418481852002, 12.9986692566289,#395d33
 -0.16983087189536480, 12.9988906247784,#395d33
 -0.15365729606089518, 12.9990918696410,#395d33
 -0.13748348235306743, 12.9992729909053,#395d33
 -0.12130945581018587, 12.9994339882908,#395d33
 -0.10513524147089594, 12.9995748615484,#395d33
 -0.08896086437413370, 12.9996956104599,#395d33
 -0.07278634955907853, 12.9997962348384,#395d33
 -0.05661172206513172, 12.9998767345281,#395d33
 -0.04043700693186895, 12.9999371094044,#395d33
 -0.02426222919899291, 12.9999773593739,#395d33
 -0.00808741390631189, 12.9999974843742,#395d33
  0.00808741390630771, 12.9999974843742,#395d33
  0.02426222919898873, 12.9999773593739,#395d33
  0.04043700693186476, 12.9999371094044,#395d33
  0.05661172206512754, 12.9998767345281,#395d33
  0.07278634955907724, 12.9997962348384,#395d33
  0.08896086437412951, 12.9996956104599,#395d33
  0.10513524147089176, 12.9995748615484,#395d33
  0.12130945581018458, 12.9994339882908,#395d33
  0.13748348235306324, 12.9992729909053,#395d33
  0.15365729606089387, 12.9990918696410,#395d33
  0.16983087189536064, 12.9988906247784,#395d33
  0.18600418481851586, 12.9986692566289,#395d33
  0.20217720979282758, 12.9984277655354,#395d33
  0.21834992178120094, 12.9981661518715,#395d33
  0.23452229574702557, 12.9978844160424,#395d33
  0.25069430665422310, 12.9975825584841,#395d33
  0.26686592946726850, 12.9972605796641,#395d33
  0.28303713915123757, 12.9969184800806,#395d33
  0.29920791067185720, 12.9965562602634,#395d33
  0.31537821899551233, 12.9961739207731,#395d33
  0.33154803908932245, 12.9957714622017,#395d33
  0.34771734592116266, 12.9953488851722,#395d33
  0.36388611445968549, 12.9949061903387,#395d33
  0.38005431967439679, 12.9944433783867,#395d33
  0.39622193653566318, 12.9939604500325,#395d33
  0.41238894001476184, 12.9934574060238,#395d33
  0.42855530508392847, 12.9929342471393,#395d33
  0.44472100671637810, 12.9923909741889,#395d33
  0.46088601988635303, 12.9918275880137,#395d33
  0.47705031956916993, 12.9912440894858,#395d33
  0.49321388074124128, 12.9906404795085,#395d33
  0.50937667838012313, 12.9900167590162,#395d33
  0.52553868746456178, 12.9893729289746,#395d33
  0.54169988297451588, 12.9887089903803,#395d33
  0.55786023989120337, 12.9880249442611,#395d33
  0.57401973319715227, 12.9873207916760,#395d33
  0.59017833787620710, 12.9865965337151,#395d33
  0.60633602891360516, 12.9858521714996,#395d33
  0.62249278129599861, 12.9850877061818,#395d33
  0.63864857001147501, 12.9843031389452,#395d33
  0.65480337004963407, 12.9834984710043,#395d33
  0.67095715640159470, 12.9826737036049,#395d33
  0.68710990406004469, 12.9818288380237,#395d33
  0.70326158801928884, 12.9809638755686,#395d33
  0.71941218327526990, 12.9800788175787,#395d33
  0.73556166482561580, 12.9791736654241,#395d33
  0.75171000766968732, 12.9782484205061,#395d33
  0.76785718680859949, 12.9773030842570,#395d33
  0.78400317724526891, 12.9763376581403,#395d33
  0.80014795398446081, 12.9753521436505,#395d33
  0.81629149203281082, 12.9743465423132,#395d33
  0.83243376639887190, 12.9733208556853,#395d33
  0.84857475209316535, 12.9722750853545,#395d33
  0.86471442412818689, 12.9712092329399,#395d33
  0.88085275751848591, 12.9701233000913,#395d33
  0.89698972728067294, 12.9690172884900,#395d33
  0.91312530843346962, 12.9678911998481,#395d33
  0.92925947599775505, 12.9667450359089,#395d33
  0.94539220499658916, 12.9655787984467,#395d33
  0.96152347045525821, 12.9643924892670,#395d33
  0.97765324740132298, 12.9631861102063,#395d33
  0.99378151086463973, 12.9619596631321,#395d33
  1.00990823587740808, 12.9607131499431,#395d33
  1.02603339747421751, 12.9594465725689,#395d33
  1.04215697069206947, 12.9581599329703,#395d33
  1.05827893057042455, 12.9568532331392,#395d33
  1.07439925215125176, 12.9555264750984,#395d33
  1.09051791047903635, 12.9541796609019,#395d33
  1.10663488060085635, 12.9528127926346,#395d33
  1.12275013756640241, 12.9514258724125,#395d33
  1.13886365642800058, 12.9500189023826,#395d33
  1.15497541224068767, 12.9485918847232,#395d33
  1.17108538006221785, 12.9471448216433,#395d33
  1.18719353495311375, 12.9456777153831,#395d33
  1.20329985197671330, 12.9441905682137,#395d33
  1.21940430619919038, 12.9426833824375,#395d33
  1.23550687268960324, 12.9411561603876,#395d33
  1.25160752651994045, 12.9396089044282,#395d33
  1.26770624276514354, 12.9380416169548,#395d33
  1.28380299650315344, 12.9364543003935,#395d33
  1.29989776281495750, 12.9348469572016,#395d33
  1.31599051678461110, 12.9332195898675,#395d33
  1.33208123349928531, 12.9315722009104,#395d33
  1.34816988804931648, 12.9299047928806,#395d33
  1.36425645552821306, 12.9282173683594,#395d33
  1.38034091103273426, 12.9265099299590,#395d33
  1.39642322966289778, 12.9247824803227,#395d33
  1.41250338652202911, 12.9230350221248,#395d33
  1.42858135671680930, 12.9212675580703,#395d33
  1.44465711535729557, 12.9194800908956,#395d33
  1.46073063755696841, 12.9176726233677,#395d33
  1.47680189843278020, 12.9158451582847,#395d33
  1.49287087310517430, 12.9139976984756,#395d33
  1.50893753669813413, 12.9121302468006,#395d33
  1.52500186433922869, 12.9102428061505,#395d33
  1.54106383115963519, 12.9083353794473,#395d33
  1.55712341229418572, 12.9064079696438,#395d33
  1.57318058288141605, 12.9044605797238,#395d33
  1.58923531806357499, 12.9024932127019,#395d33
  1.60528759298669721, 12.9005058716239,#395d33
  1.62133738280062767, 12.8984985595663,#395d33
  1.63738466265904004, 12.8964712796365,#395d33
  1.65342940771951419, 12.8944240349730,#395d33
  1.66947159314354243, 12.8923568287450,#395d33
  1.68551119409657968, 12.8902696641527,#395d33
  1.70154818574809075, 12.8881625444272,#395d33
  1.71758254327157012, 12.8860354728306,#395d33
  1.73361424184459145, 12.8838884526557,#395d33
  1.74964325664885245, 12.8817214872261,#395d33
  1.76566956287019750, 12.8795345798967,#395d33
  1.78169313569866317, 12.8773277340528,#395d33
  1.79771395032852666, 12.8751009531108,#395d33
  1.81373198195832708, 12.8728542405180,#395d33
  1.82974720579091121, 12.8705875997524,#395d33
  1.84575959703348347, 12.8683010343230,#395d33
  1.86176913089761409, 12.8659945477696,#395d33
  1.87777578259931355, 12.8636681436627,#395d33
  1.89377952735905475, 12.8613218256039,#395d33
  1.90978034040179279, 12.8589555972254,#395d33
  1.92577819695704155, 12.8565694621903,#395d33
  1.94177307225888063, 12.8541634241926,#395d33
  1.95776494154600433, 12.8517374869569,#395d33
  1.97375378006176971, 12.8492916542388,#395d33
  1.98973956305421695, 12.8468259298247,#395d33
  2.00572226577611579, 12.8443403175317,#395d33
  2.02170186348501391, 12.8418348212076,#395d33
  2.03767833144325650, 12.8393094447313,#395d33
  2.05365164491803442, 12.8367641920122,#395d33
  2.06962177918143020, 12.8341990669904,#395d33
  2.08558870951043884, 12.8316140736371,#395d33
  2.10155241118701763, 12.8290092159541,#395d33
  2.11751285949813006, 12.8263844979737,#395d33
  2.13347002973575828, 12.8237399237593,#395d33
  2.14942389719697902, 12.8210754974050,#395d33
  2.16537443718397027, 12.8183912230354,#395d33
  2.18132162500406013, 12.8156871048060,#395d33
  2.19726543596977741, 12.8129631469029,#395d33
  2.21320584539886678, 12.8102193535432,#395d33
  2.22914282861434110, 12.8074557289743,#395d33
  2.24507636094452412, 12.8046722774747,#395d33
  2.26100641772307487, 12.8018690033532,#395d33
  2.27693297428903207, 12.7990459109496,#395d33
  2.29285600598686123, 12.7962030046342,#395d33
  2.30877548816647638, 12.7933402888081,#395d33
  2.32469139618328713, 12.7904577679030,#395d33
  2.34060370539824625, 12.7875554463813,#395d33
  2.35651239117785893, 12.7846333287359,#395d33
  2.37241742889425566, 12.7816914194906,#395d33
  2.38831879392521618, 12.7787297231995,#395d33
  2.40421646165418679, 12.7757482444478,#395d33
  2.42011040747035899, 12.7727469878509,#395d33
  2.43600060676867392, 12.7697259580550,#395d33
  2.45188703494987248, 12.7666851597368,#395d33
  2.46776966742054249, 12.7636245976039,#395d33
  2.48364847959313906, 12.7605442763941,#395d33
  2.49952344688603212, 12.7574442008761,#395d33
  2.51539454472355040, 12.7543243758490,#395d33
  2.53126174853600716, 12.7511848061425,#395d33
  2.54712503375974109, 12.7480254966169,#395d33
  2.56298437583716776, 12.7448464521631,#395d33
  2.57883975021679701, 12.7416476777025,#395d33
  2.59469113235328264, 12.7384291781871,#395d33
  2.61053849770746771, 12.7351909585992,#395d33
  2.62638182174639656, 12.7319330239520,#395d33
  2.64222107994338806, 12.7286553792890,#395d33
  2.65805624777804317, 12.7253580296842,#395d33
  2.67388730073629688, 12.7220409802422,#395d33
  2.68971421431046176, 12.7187042360980,#395d33
  2.70553696399925014, 12.7153478024171,#395d33
  2.72135552530781988, 12.7119716843956,#395d33
  2.73716987374782317, 12.7085758872600,#395d33
  2.75297998483742257, 12.7051604162673,#395d33
  2.76878583410134294, 12.7017252767047,#395d33
  2.78458739707091452, 12.6982704738903,#395d33
  2.80038464928409381, 12.6947960131722,#395d33
  2.81617756628551152, 12.6913018999293,#395d33
  2.83196612362652012, 12.6877881395707,#395d33
  2.84775029686520309, 12.6842547375360,#395d33
  2.86353006156644518, 12.6807016992951,#395d33
  2.87930539330195856, 12.6771290303484,#395d33
  2.89507626765029924, 12.6735367362267,#395d33
  2.91084266019694438, 12.6699248224912,#395d33
  2.92660454653429714, 12.6662932947333,#395d33
  2.94236190226173688, 12.6626421585749,#395d33
  2.95811470298566537, 12.6589714196683,#395d33
  2.97386292431952803, 12.6552810836962,#395d33
  2.98960654188385888, 12.6515711563713,#395d33
  3.00534553130632665, 12.6478416434369,#395d33
  3.02107986822175834, 12.6440925506667,#395d33
  3.03680952827218054, 12.6403238838645,#395d33
  3.05253448710687181, 12.6365356488645,#395d33
  3.06825472038237690, 12.6327278515312,#395d33
  3.08397020376255782, 12.6289004977593,#395d33
  3.09968091291864178, 12.6250535934739,#395d33
  3.11538682352922480, 12.6211871446303,#395d33
  3.13108791128035069, 12.6173011572140,#395d33
  3.14678415186552751, 12.6133956372409,#395d33
  3.16247552098575158, 12.6094705907570,#395d33
  3.17816199434957980, 12.6055260238386,#395d33
  3.19384354767313727, 12.6015619425921,#395d33
  3.20952015668016433, 12.5975783531544,#395d33
  3.22519179710206538, 12.5935752616922,#395d33
  3.24085844467792761, 12.5895526744027,#395d33
  3.25652007515456798, 12.5855105975131,#395d33
  3.27217666428657772, 12.5814490372810,#395d33
  3.28782818783634490, 12.5773679999938,#395d33
  3.30347462157409844, 12.5732674919695,#395d33
  3.31911594127796050, 12.5691475195558,#395d33
  3.33475212273394694, 12.5650080891308,#395d33
  3.35038314173604768, 12.5608492071026,#395d33
  3.36600897408624267, 12.5566708799096,#395d33
  3.38162959559452592, 12.5524731140202,#395d33
  3.39724498207897696, 12.5482559159327,#395d33
  3.41285510936576797, 12.5440192921757,#395d33
  3.42845995328921349, 12.5397632493079,#395d33
  3.44405948969181575, 12.5354877939179,#395d33
  3.45965369442428372, 12.5311929326244,#395d33
  3.47524254334558158, 12.5268786720763,#395d33
  3.49082601232297263, 12.5225450189524,#395d33
  3.50640407723204017, 12.5181919799614,#395d33
  3.52197671395673417, 12.5138195618423,#395d33
  3.53754389838941474, 12.5094277713638,#395d33
  3.55310560643087525, 12.5050166153248,#395d33
  3.56866181399038673, 12.5005861005541,#395d33
  3.58421249698574718, 12.4961362339105,#395d33
  3.59975763134328641, 12.4916670222827,#395d33
  3.61529719299794117, 12.4871784725894,#395d33
  3.63083115789327593, 12.4826705917793,#395d33
  3.64635950198150072, 12.4781433868308,#395d33
  3.66188220122354924, 12.4735968647525,#395d33
  3.67739923158907978, 12.4690310325826,#395d33
  3.69291056905652804, 12.4644458973895,#395d33
  3.70841618961315111, 12.4598414662714,#395d33
  3.72391606925504925, 12.4552177463561,#395d33
  3.73941018398720670, 12.4505747448017,#395d33
  3.75489850982354323, 12.4459124687957,#395d33
  3.77038102278693188, 12.4412309255559,#395d33
  3.78585769890924295, 12.4365301223295,#395d33
  3.80132851423139240, 12.4318100663938,#395d33
  3.81679344480336002, 12.4270707650559,#395d33
  3.83225246668423569, 12.4223122256524,#395d33
  3.84770555594226815, 12.4175344555500,#395d33
  3.86315268865486994, 12.4127374621450,#395d33
  3.87859384090869552, 12.4079212528636,#395d33
  3.89402898879964443, 12.4030858351617,#395d33
  3.90945810843291364, 12.3982312165247,#395d33
  3.92488117592303887, 12.3933574044681,#395d33
  3.94029816739391814, 12.3884644065369,#395d33
  3.95570905897885483, 12.3835522303058,#395d33
  3.97111382682060388, 12.3786208833793,#395d33
  3.98651244707139174, 12.3736703733914,#395d33
  4.00190489589296128, 12.3687007080060,#395d33
  4.01729114945661969, 12.3637118949164,#395d33
  4.03267118394325408, 12.3587039418458,#395d33
  4.04804497554338116, 12.3536768565467,#395d33
  4.06341250045719171, 12.3486306468016,#395d33
  4.07877373489455852, 12.3435653204224,#395d33
  4.09412865507511015, 12.3384808852505,#395d33
  4.10947723722825042, 12.3333773491572,#395d33
  4.12481945759317536, 12.3282547200429,#395d33
  4.14015529241895219, 12.3231130058381,#395d33
  4.15548471796452201, 12.3179522145024,#395d33
  4.17080771049874599, 12.3127723540251,#395d33
  4.18612424630045332, 12.3075734324251,#395d33
  4.20143430165846166, 12.3023554577507,#395d33
  4.21673785287161884, 12.2971184380797,#395d33
  4.23203487624885266, 12.2918623815195,#395d33
  4.24732534810918505, 12.2865872962068,#395d33
  4.26260924478178183, 12.2812931903078,#395d33
  4.27788654260599621, 12.2759800720183,#395d33
  4.29315721793138838, 12.2706479495634,#395d33
  4.30842124711776897, 12.2652968311975,#395d33
  4.32367860653525238, 12.2599267252047,#395d33
  4.33892927256425587, 12.2545376398983,#395d33
  4.35417322159557774, 12.2491295836210,#395d33
  4.36941043003040530, 12.2437025647449,#395d33
  4.38464087428035931, 12.2382565916715,#395d33
  4.39986453076754191, 12.2327916728314,#395d33
  4.41508137592455441, 12.2273078166849,#395d33
  4.43029138619454166, 12.2218050317214,#395d33
  4.44549453803123829, 12.2162833264596,#395d33
  4.46069080789898820, 12.2107427094475,#395d33
  4.47588017227278900, 12.2051831892625,#395d33
  4.49106260763833731, 12.1996047745110,#395d33
  4.50623809049204649, 12.1940074738290,#395d33
  4.52140659734109551, 12.1883912958815,#395d33
  4.53656810470347160, 12.1827562493628,#395d33
  4.55172258910797911, 12.1771023429962,#395d33
  4.56687002709431056, 12.1714295855346,#395d33
  4.58201039521306797, 12.1657379857598,#395d33
  4.59714367002578150, 12.1600275524828,#395d33
  4.61226982810498054, 12.1542982945439,#395d33
  4.62738884603419987, 12.1485502208123,#395d33
  4.64250070040803031, 12.1427833401865,#395d33
  4.65760536783215962, 12.1369976615941,#395d33
  4.67270282492339373, 12.1311931939918,#395d33
  4.68779304830969767, 12.1253699463653,#395d33
  4.70287601463024796, 12.1195279277295,#395d33
  4.71795170053544322, 12.1136671471283,#395d33
  4.73302008268695573, 12.1077876136345,#395d33
  4.74808113775777052, 12.1018893363503,#395d33
  4.76313484243220842, 12.0959723244065,#395d33
  4.77818117340596782, 12.0900365869632,#395d33
  4.79322010738617621, 12.0840821332093,#395d33
  4.80825162109139015, 12.0781089723629,#395d33
  4.82327569125167432, 12.0721171136707,#395d33
  4.83829229460859978, 12.0661065664087,#395d33
  4.85330140791531317, 12.0600773398817,#395d33
  4.86830300793654303, 12.0540294434233,#395d33
  4.88329707144865388, 12.0479628863962,#395d33
  4.89828357523967473, 12.0418776781919,#395d33
  4.91326249610934518, 12.0357738282308,#395d33
  4.92823381086913681, 12.0296513459620,#395d33
  4.94319749634229400, 12.0235102408637,#395d33
  4.95815352936388187, 12.0173505224428,#395d33
  4.97310188678080234, 12.0111722002350,#395d33
  4.98804254545184467, 12.0049752838047,#395d33
  5.00297548224771127, 11.9987597827454,#395d33
  5.01790067405107010, 11.9925257066790,#395d33
  5.03281809775656530, 11.9862730652565,#395d33
  5.04772773027087229, 11.9800018681574,#395d33
  5.06262954851273328, 11.9737121250899,#395d33
  5.07752352941297858, 11.9674038457912,#395d33
  5.09240964991457457, 11.9610770400268,#395d33
  5.10728788697266012, 11.9547317175913,#395d33
  5.12215821755457412, 11.9483678883075,#395d33
  5.13702061863989456, 11.9419855620273,#395d33
  5.15187506722047495, 11.9355847486310,#395d33
  5.16672154030048514, 11.9291654580274,#395d33
  5.18156001489643714, 11.9227277001543,#395d33
  5.19639046803722326, 11.9162714849777,#395d33
  5.21121287676416056, 11.9097968224923,#395d33
  5.22602721813101390, 11.9033037227214,#395d33
  5.24083346920403770, 11.8967921957169,#395d33
  5.25563160706200883, 11.8902622515591,#395d33
  5.27042160879627186, 11.8837139003568,#395d33
  5.28520345151076043, 11.8771471522474,#395d33
  5.29997711232203539, 11.8705620173968,#395d33
  5.31474256835933545, 11.8639585059991,#395d33
  5.32949979676459229, 11.8573366282773,#395d33
  5.34424877469247317, 11.8506963944824,#395d33
  5.35898947931042180, 11.8440378148940,#395d33
  5.37372188779869120, 11.8373608998202,#395d33
  5.38844597735037389, 11.8306656595974,#395d33
  5.40316172517143922, 11.8239521045902,#395d33
  5.41786910848077774, 11.8172202451917,#395d33
  5.43256810451022076, 11.8104700918235,#395d33
  5.44725869050458833, 11.8037016549353,#395d33
  5.46194084372171496, 11.7969149450051,#395d33
  5.47661454143249937, 11.7901099725393,#395d33
  5.49127976092091963, 11.7832867480725,#395d33
  5.50593647948408282, 11.7764452821676,#395d33
  5.52058467443225975, 11.7695855854156,#395d33
  5.53522432308891155, 11.7627076684361,#395d33
  5.54985540279072787, 11.7558115418764,#395d33
  5.56447789088767397, 11.7488972164124,#395d33
  5.57909176474300317, 11.7419647027479,#395d33
  5.59369700173331275, 11.7350140116150,#395d33
  5.60829357924856353, 11.7280451537739,#395d33
  5.62288147469213140, 11.7210581400130,#395d33
  5.63746066548082592, 11.7140529811486,#395d33
  5.65203112904492855, 11.7070296880254,#395d33
  5.66659284282824416, 11.6999882715158,#395d33
  5.68114578428810990, 11.6929287425206,#395d33
  5.69568993089544939, 11.6858511119685,#395d33
  5.71022526013479759, 11.6787553908162,#395d33
  5.72475174950434695, 11.6716415900484,#395d33
  5.73926937651596791, 11.6645097206778,#395d33
  5.75377811869524791, 11.6573597937451,#395d33
  5.76827795358154116, 11.6501918203189,#395d33
  5.78276885872797930, 11.6430058114958,#395d33
  5.79725081170152112, 11.6358017784004,#395d33
  5.81172379008298190, 11.6285797321850,#395d33
  5.82618777146708045, 11.6213396840299,#395d33
  5.84064273346245244, 11.6140816451432,#395d33
  5.85508865369169662, 11.6068056267610,#395d33
  5.86952550979141918, 11.5995116401471,#395d33
  5.88395327941224799, 11.5921996965931,#395d33
  5.89837194021887967, 11.5848698074186,#395d33
  5.91278146989011777, 11.5775219839707,#395d33
  5.92718184611889409, 11.5701562376244,#395d33
  5.94157304661231578, 11.5627725797825,#395d33
  5.95595504909168927, 11.5553710218755,#395d33
  5.97032783129256828, 11.5479515753615,#395d33
  5.98469137096477422, 11.5405142517264,#395d33
  5.99904564587243438, 11.5330590624838,#395d33
  6.01339063379402905, 11.5255860191748,#395d33
  6.02772631252240476, 11.5180951333684,#395d33
  6.04205265986482321, 11.5105864166610,#395d33
  6.05636965364299140, 11.5030598806766,#395d33
  6.07067727169310078, 11.4955155370670,#395d33
  6.08497549186585029, 11.4879533975113,#395d33
  6.09926429202648990, 11.4803734737164,#395d33
  6.11354365005485700, 11.4727757774165,#395d33
  6.12781354384539956, 11.4651603203734,#395d33
  6.14207395130722045, 11.4575271143765,#395d33
  6.15632485036410415, 11.4498761712426,#395d33
  6.17056621895456381, 11.4422075028159,#395d33
  6.18479803503185810, 11.4345211209681,#395d33
  6.19902027656403387, 11.4268170375984,#395d33
  6.21323292153396700, 11.4190952646331,#395d33
  6.22743594793938282, 11.4113558140263,#395d33
  6.24162933379289964, 11.4035986977592,#395d33
  6.25581305712205715, 11.3958239278405,#395d33
  6.26998709596936177, 11.3880315163060,#395d33
  6.28415142839230256, 11.3802214752190,#395d33
  6.29830603246339660, 11.3723938166700,#395d33
  6.31245088627022888, 11.3645485527770,#395d33
  6.32658596791547101, 11.3566856956849,#395d33
  6.34071125551692027, 11.3488052575661,#395d33
  6.35482672720754760, 11.3409072506201,#395d33
  6.36893236113550909, 11.3329916870737,#395d33
  6.38302813546419312, 11.3250585791806,#395d33
  6.39711402837225052, 11.3171079392221,#395d33
  6.41119001805363631, 11.3091397795062,#395d33
  6.42525608271762749, 11.3011541123684,#395d33
  6.43931220058886744, 11.2931509501710,#395d33
  6.45335834990740498, 11.2851303053035,#395d33
  6.46739450892871304, 11.2770921901827,#395d33
  6.48142065592373395, 11.2690366172519,#395d33
  6.49543676917890522, 11.2609635989820,#395d33
  6.50944282699620658, 11.2528731478706,#395d33
  6.52343880769317597, 11.2447652764423,#395d33
  6.53742468960295131, 11.2366399972487,#395d33
  6.55140045107431312, 11.2284973228684,#395d33
  6.56536607047169785, 11.2203372659069,#395d33
  6.57932152617525023, 11.2121598389965,#395d33
  6.59326679658084380, 11.2039650547967,#395d33
  6.60720186010012878, 11.1957529259934,#395d33
  6.62112669516054630, 11.1875234652997,#395d33
  6.63504128020537287, 11.1792766854556,#395d33
  6.64894559369376470, 11.1710125992275,#395d33
  6.66283961410076309, 11.1627312194091,#395d33
  6.67672331991735302, 11.1544325588204,#395d33
  6.69059668965048715, 11.1461166303084,#395d33
  6.70445970182311513, 11.1377834467469,#395d33
  6.71831233497422531, 11.1294330210363,#395d33
  6.73215456765886877, 11.1210653661036,#395d33
  6.74598637844820370, 11.1126804949027,#395d33
  6.75980774592951583, 11.1042784204140,#395d33
  6.77361864870626018, 11.0958591556445,#395d33
  6.78741906539809570, 11.0874227136278,#395d33
  6.80120897464090834, 11.0789691074244,#395d33
  6.81498835508685463, 11.0704983501209,#395d33
  6.82875718540438648, 11.0620104548309,#395d33
  6.84251544427829650, 11.0535054346941,#395d33
  6.85626311040973313, 11.0449833028771,#395d33
  6.87000016251624590, 11.0364440725728,#395d33
  6.88372657933182275, 11.0278877570005,#395d33
  6.89744233960690423, 11.0193143694060,#395d33
  6.91114742210843769, 11.0107239230617,#395d33
  6.92484180561989326, 11.0021164312663,#395d33
  6.93852546894131006, 10.9934919073447,#395d33
  6.95219839088932190, 10.9848503646484,#395d33
  6.96586055029718221, 10.9761918165552,#395d33
  6.97951192601482262, 10.9675162764692,#395d33
  6.99315249690885299, 10.9588237578208,#395d33
  7.00678224186261467, 10.9501142740667,#395d33
  7.02040113977621516, 10.9413878386898,#395d33
  7.03400916956654498, 10.9326444651993,#395d33
  7.04760631016732209, 10.9238841671307,#395d33
  7.06119254052912204, 10.9151069580456,#395d33
  7.07476783961941535, 10.9063128515318,#395d33
  7.08833218642258611, 10.8975018612031,#395d33
  7.10188555993997728, 10.8886740006998,#395d33
  7.11542793918992356, 10.8798292836880,#395d33
  7.12895930320777271, 10.8709677238601,#395d33
  7.14247963104592820, 10.8620893349343,#395d33
  7.15598890177387759, 10.8531941306552,#395d33
  7.16948709447823074, 10.8442821247932,#395d33
  7.18297418826273670, 10.8353533311448,#395d33
  7.19645016224833345, 10.8264077635325,#395d33
  7.20991499557317628, 10.8174454358046,#395d33
  7.22336866739266092, 10.8084663618355,#395d33
  7.23681115687946352, 10.7994705555256,#395d33
  7.25024244322357081, 10.7904580308011,#395d33
  7.26366250563231652, 10.7814288016140,#395d33
  7.27707132333040718, 10.7723828819422,#395d33
  7.29046887555995404, 10.7633202857897,#395d33
  7.30385514158051574, 10.7542410271859,#395d33
  7.31723010066911606, 10.7451451201862,#395d33
  7.33059373212028476, 10.7360325788719,#395d33
  7.34394601524608781, 10.7269034173498,#395d33
  7.35728692937616024, 10.7177576497526,#395d33
  7.37061645385773900, 10.7085952902387,#395d33
  7.38393456805568515, 10.6994163529920,#395d33
  7.39724125135253452, 10.6902208522223,#395d33
  7.41053648314850921, 10.6810088021649,#395d33
  7.42382024286156472, 10.6717802170809,#395d33
  7.43709250992741655, 10.6625351112567,#395d33
  7.45035326379957041, 10.6532734990045,#395d33
  7.46360248394935244, 10.6439953946620,#395d33
  7.47684014986594558, 10.6347008125924,#395d33
  7.49006624105642427, 10.6253897671844,#395d33
  7.50328073704577481, 10.6160622728523,#395d33
  7.51648361737693538, 10.6067183440357,#395d33
  7.52967486161083066, 10.5973579951998,#395d33
  7.54285444932639670, 10.5879812408351,#395d33
  7.55602236012060935, 10.5785880954576,#395d33
  7.56917857360852597, 10.5691785736085,#395d33
 53.07043173318072604, 56.0704317331808,#395d33
 53.06102221133164676, 56.0835879466687,#395d33
 53.05162906595410277, 56.0967558574629,#395d33
 53.04225231158942222, 56.1099354451785,#395d33
 53.03289196275352424, 56.1231266894124,#395d33
 53.02354803393696159, 56.1363295697435,#395d33
 53.01422053960485670, 56.1495440657329,#395d33
 53.00490949419689457, 56.1627701569234,#395d33
 52.99561491212729436, 56.1760078228400,#395d33
 52.98633680778478094, 56.1892570429897,#395d33
 52.97707519553257782, 56.2025177968619,#395d33
 52.96783008970837159, 56.2157900639277,#395d33
 52.95860150462431193, 56.2290738236408,#395d33
 52.94938945456696189, 56.2423690554368,#395d33
 52.94019395379726944, 56.2556757387336,#395d33
 52.93101501655059593, 56.2689938529316,#395d33
 52.92185265703663788, 56.2823233774131,#395d33
 52.91270688943944123, 56.2956642915432,#395d33
 52.90357772791735869, 56.3090165746690,#395d33
 52.89446518660302843, 56.3223802061202,#395d33
 52.88536927960338119, 56.3357551652088,#395d33
 52.87629002099957631, 56.3491414312293,#395d33
 52.86722742484701598, 56.3625389834589,#395d33
 52.85818150517528125, 56.3759478011570,#395d33
 52.84915227598817467, 56.3893678635657,#395d33
 52.84013975126363505, 56.4027991499098,#395d33
 52.83114394495373745, 56.4162416393966,#395d33
 52.82216487098469315, 56.4296953112161,#395d33
 52.81320254325679286, 56.4431601445410,#395d33
 52.80425697564442800, 56.4566361185266,#395d33
 52.79532818199601962, 56.4701232123111,#395d33
 52.78641617613402559, 56.4836214050154,#395d33
 52.77752097185492630, 56.4971306757434,#395d33
 52.76864258292918919, 56.5106510035815,#395d33
 52.75978102310123319, 56.5241823675994,#395d33
 52.75093630608944295, 56.5377247468493,#395d33
 52.74210844558613331, 56.5512781203667,#395d33
 52.73329745525749956, 56.5648424671699,#395d33
 52.72450334874363875, 56.5784177662602,#395d33
 52.71572613965851417, 56.5920039966220,#395d33
 52.70696584158991982, 56.6056011372228,#395d33
 52.69822246809946620, 56.6192091670131,#395d33
 52.68949603272258742, 56.6328280649267,#395d33
 52.68078654896846302, 56.6464578098805,#395d33
 52.67209403032005355, 56.6600983807745,#395d33
 52.66341849023405786, 56.6737497564921,#395d33
 52.65475994214086342, 56.6874119159000,#395d33
 52.64611839944458893, 56.7010848378480,#395d33
 52.63749387552299908, 56.7147685011694,#395d33
 52.62888638372752581, 56.7284628846809,#395d33
 52.62029593738323285, 56.7421679671824,#395d33
 52.61172254978880147, 56.7558837274575,#395d33
 52.60316623421648075, 56.7696101442731,#395d33
 52.59462700391212309, 56.7833471963796,#395d33
 52.58610487209511319, 56.7970948625110,#395d33
 52.57759985195836805, 56.8108531213849,#395d33
 52.56911195666831560, 56.8246219517025,#395d33
 52.56064119936487344, 56.8384013321484,#395d33
 52.55218759316142041, 56.8521912413912,#395d33
 52.54375115114481076, 56.8659916580830,#395d33
 52.53533188637528895, 56.8798025608598,#395d33
 52.52692981188654642, 56.8936239283411,#395d33
 52.51854494068562218, 56.9074557391304,#395d33
 52.51017728575295962, 56.9212979718151,#395d33
 52.50182686004232835, 56.9351506049662,#395d33
 52.49349367648083842, 56.9490136171388,#395d33
 52.48517774796889768, 56.9628869868720,#395d33
 52.47687908738020468, 56.9767706926885,#395d33
 52.46859770756172736, 56.9906647130955,#395d33
 52.46033362133368882, 57.0045690265839,#395d33
 52.45208684148951761, 57.0184836116288,#395d33
 52.44385738079587611, 57.0324084466892,#395d33
 52.43564525199261084, 57.0463435102085,#395d33
 52.42745046779271689, 57.0602887806141,#395d33
 52.41927304088236639, 57.0742442363176,#395d33
 52.41111298392084450, 57.0882098557150,#395d33
 52.40297030954053525, 57.1021856171864,#395d33
 52.39484503034695706, 57.1161714990961,#395d33
 52.38673715891864191, 57.1301674797931,#395d33
 52.37864670780721355, 57.1441735376104,#395d33
 52.37057368953731640, 57.1581896508656,#395d33
 52.36251811660660138, 57.1722157978606,#395d33
 52.35448000148571879, 57.1862519568819,#395d33
 52.34645935661829697, 57.2002981062004,#395d33
 52.33845619442091390, 57.2143542240717,#395d33
 52.33047052728306880, 57.2284202887357,#395d33
 52.32250236756720341, 57.2424962784171,#395d33
 52.31455172760864514, 57.2565821713251,#395d33
 52.30661861971559290, 57.2706779456538,#395d33
 52.29870305616911708, 57.2847835795818,#395d33
 52.29080504922310979, 57.2988990512724,#395d33
 52.28292461110431333, 57.3130243388738,#395d33
 52.27506175401224198, 57.3271594205191,#395d33
 52.26721649011921045, 57.3413042743259,#395d33
 52.25938883157029125, 57.3554588783970,#395d33
 52.25157879048330756, 57.3696232108199,#395d33
 52.24378637894879773, 57.3837972496672,#395d33
 52.23601160903002949, 57.3979809729964,#395d33
 52.22825449276294307, 57.4121743588499,#395d33
 52.22051504215614415, 57.4263773852553,#395d33
 52.21279326919091091, 57.4405900302253,#395d33
 52.20508918582114433, 57.4548122717574,#395d33
 52.19740280397334686, 57.4690440878347,#395d33
 52.18973413554665086, 57.4832854564252,#395d33
 52.18208319241273330, 57.4975363554821,#395d33
 52.17444998641585130, 57.5117967629439,#395d33
 52.16683452937279952, 57.5260666567344,#395d33
 52.15923683307288883, 57.5403460147628,#395d33
 52.15165690927793918, 57.5546348149235,#395d33
 52.14409476972226543, 57.5689330350962,#395d33
 52.13655042611263468, 57.5832406531463,#395d33
 52.12902389012828053, 57.5975576469245,#395d33
 52.12151517342085327, 57.6118839942669,#395d33
 52.11402428761444128, 57.6262196729953,#395d33
 52.10655124430549279, 57.6405646609169,#395d33
 52.09909605506287988, 57.6549189358245,#395d33
 52.09165873142779901, 57.6692824754967,#395d33
 52.08423928491379939, 57.6836552576976,#395d33
 52.07683772700676172, 57.6980372601770,#395d33
 52.06945406916487684, 57.7124284606704,#395d33
 52.06208832281859600, 57.7268288368992,#395d33
 52.05474049937068770, 57.7412383665704,#395d33
 52.04741061019613824, 57.7556570273771,#395d33
 52.04009866664218009, 57.7700847969979,#395d33
 52.03280468002826353, 57.7845216530976,#395d33
 52.02552866164606371, 57.7989675733268,#395d33
 52.01827062275939539, 57.8134225353222,#395d33
 52.01103057460427692, 57.8278865167063,#395d33
 52.00380852838885914, 57.8423594950878,#395d33
 51.99660449529342543, 57.8568414480613,#395d33
 51.98941848647037745, 57.8713323532078,#395d33
 51.98225051304420674, 57.8858321880940,#395d33
 51.97510058611150185, 57.9003409302733,#395d33
 51.96796871674089147, 57.9148585572850,#395d33
 51.96085491597306572, 57.9293850466545,#395d33
 51.95375919482073357, 57.9439203758939,#395d33
 51.94668156426862282, 57.9584645225012,#395d33
 51.93962203527344457, 57.9730174639611,#395d33
 51.93258061876390741, 57.9875791777444,#395d33
 51.92555732564066062, 58.0021496413085,#395d33
 51.91855216677630835, 58.0167288320972,#395d33
 51.91156515301537411, 58.0313167275407,#395d33
 51.90459629517429363, 58.0459133050560,#395d33
 51.89764560404140070, 58.0605185420463,#395d33
 51.89071309037689872, 58.0751324159016,#395d33
 51.88379876491286069, 58.0897549039986,#395d33
 51.87690263835318660, 58.1043859837004,#395d33
 51.87002472137362474, 58.1190256323570,#395d33
 51.86316502462171485, 58.1336738273052,#395d33
 51.85632355871679522, 58.1483305458684,#395d33
 51.84950033424998850, 58.1629957653568,#395d33
 51.84269536178417326, 58.1776694630676,#395d33
 51.83590865185396979, 58.1923516162847,#395d33
 51.82914021496573298, 58.2070422022791,#395d33
 51.82239006159751682, 58.2217411983085,#395d33
 51.81565820219909568, 58.2364485816179,#395d33
 51.80894464719189330, 58.2511643294389,#395d33
 51.80224940696901825, 58.2658884189906,#395d33
 51.79557249189521428, 58.2806208274789,#395d33
 51.78891391230687447, 58.2953615320968,#395d33
 51.78227367851198437, 58.3101105100247,#395d33
 51.77565180079012919, 58.3248677384300,#395d33
 51.76904828939251502, 58.3396331944673,#395d33
 51.76246315454186231, 58.3544068552785,#395d33
 51.75589640643246980, 58.3691886979930,#395d33
 51.74934805523018611, 58.3839786997273,#395d33
 51.74281811107235995, 58.3987768375853,#395d33
 51.73630658406784022, 58.4135830886583,#395d33
 51.72981348429698301, 58.4283974300251,#395d33
 51.72333882181160192, 58.4432198387521,#395d33
 51.71688260663497516, 58.4580502918929,#395d33
 51.71044484876183134, 58.4728887664888,#395d33
 51.70402555815830681, 58.4877352395688,#395d33
 51.69762474476196701, 58.5025896881494,#395d33
 51.69124241848175672, 58.5174520892347,#395d33
 51.68487858919801425, 58.5323224198166,#395d33
 51.67853326676244308, 58.5472006568747,#395d33
 51.67220646099808334, 58.5620867773763,#395d33
 51.66589818169933324, 58.5769807582766,#395d33
 51.65960843863188501, 58.5918825765184,#395d33
 51.65333724153274630, 58.6067922090327,#395d33
 51.64708460011021884, 58.6217096327382,#395d33
 51.64085052404387710, 58.6366348245416,#395d33
 51.63463502298454699, 58.6515677613375,#395d33
 51.62843810655430588, 58.6665084200085,#395d33
 51.62225978434645413, 58.6814567774254,#395d33
 51.61610006592552935, 58.6964128104470,#395d33
 51.60995896082722822, 58.7113764959202,#395d33
 51.60383647855847755, 58.7263478106800,#395d33
 51.59773262859733478, 58.7413267315496,#395d33
 51.59164742039303775, 58.7563132353406,#395d33
 51.58558086336596205, 58.7713072988528,#395d33
 51.57953296690760681, 58.7863088988740,#395d33
 51.57350374038057339, 58.8013180121807,#395d33
 51.56749319311857960, 58.8163346155376,#395d33
 51.56150133442641703, 58.8313586856979,#395d33
 51.55552817357994400, 58.8463901994031,#395d33
 51.54957371982607128, 58.8614291333833,#395d33
 51.54363798238275507, 58.8764754643571,#395d33
 51.53772097043897560, 58.8915291690315,#395d33
 51.53182269315473008, 58.9065902241023,#395d33
 51.52594315966100424, 58.9216586062539,#395d33
 51.52008237905976529, 58.9367342921590,#395d33
 51.51424036042395471, 58.9518172584796,#395d33
 51.50841711279747415, 58.9669074818659,#395d33
 51.50261264519515692, 58.9820049389571,#395d33
 51.49682696660276804, 58.9971096063813,#395d33
 51.49106008597698292, 59.0122214607551,#395d33
 51.48531201224538023, 59.0273404786843,#395d33
 51.47958275430642772, 59.0424666367635,#395d33
 51.47387232102945376, 59.0575999115762,#395d33
 51.46818072125464028, 59.0727402796950,#395d33
 51.46250796379304404, 59.0878877176813,#395d33
 51.45685405742651852, 59.1030422020858,#395d33
 51.45121901090774941, 59.1182037094482,#395d33
 51.44560283296022618, 59.1333722162972,#395d33
 51.44000553227822081, 59.1485476991510,#395d33
 51.43442711752679486, 59.1637301345165,#395d33
 51.42886759734176394, 59.1789194988903,#395d33
 51.42332698032969063, 59.1941157687581,#395d33
 51.41780527506787735, 59.2093189205948,#395d33
 51.41230249010435216, 59.2245289308647,#395d33
 51.40681863395785456, 59.2397457760217,#395d33
 51.40135371511780704, 59.2549694325089,#395d33
 51.39590774204434354, 59.2701998767589,#395d33
 51.39048072316823834, 59.2854370851937,#395d33
 51.38507266689093456, 59.3006810342250,#395d33
 51.37968358158452986, 59.3159317002540,#395d33
 51.37431347559174100, 59.3311890596715,#395d33
 51.36896235722590376, 59.3464530888579,#395d33
 51.36363023477096590, 59.3617237641833,#395d33
 51.35831711648146580, 59.3770010620075,#395d33
 51.35302301058251828, 59.3922849586801,#395d33
 51.34774792526980747, 59.4075754305404,#395d33
 51.34249186870957260, 59.4228724539177,#395d33
 51.33725484903860092, 59.4381760051308,#395d33
 51.33203687436419926, 59.4534860604888,#395d33
 51.32683795276419403, 59.4688025962905,#395d33
 51.32165809228692410, 59.4841255888248,#395d33
 51.31649730095120532, 59.4994550143703,#395d33
 51.31135558674634467, 59.5147908491961,#395d33
 51.30623295763211189, 59.5301330695610,#395d33
 51.30112942153873234, 59.5454816517142,#395d33
 51.29604498636687993, 59.5608365718947,#395d33
 51.29097965998764863, 59.5761978063321,#395d33
 51.28593345024255257, 59.5915653312459,#395d33
 51.28090636494351884, 59.6069391228460,#395d33
 51.27589841187286623, 59.6223191573327,#395d33
 51.27090959878327681, 59.6377054108963,#395d33
 51.26593993339783850, 59.6530978597179,#395d33
 51.26098942340996700, 59.6684964799687,#395d33
 51.25605807648344125, 59.6839012478104,#395d33
 51.25114590025235373, 59.6993121393954,#395d33
 51.24625290232114594, 59.7147291308663,#395d33
 51.24137909026455162, 59.7301521983564,#395d33
 51.23652447162760382, 59.7455813179897,#395d33
 51.23168905392563488, 59.7610164658806,#395d33
 51.22687284464424096, 59.7764576181344,#395d33
 51.22207585123928908, 59.7919047508470,#395d33
 51.21729808113689586, 59.8073578401051,#395d33
 51.21253954173341327, 59.8228168619859,#395d33
 51.20780024039542866, 59.8382817925579,#395d33
 51.20308018445975051, 59.8537526078800,#395d33
 51.19837938123338716, 59.8692292840024,#395d33
 51.19369783799354678, 59.8847117969658,#395d33
 51.18903556198762317, 59.9002001228021,#395d33
 51.18439256043316732, 59.9156942375342,#395d33
 51.17976884051792297, 59.9311941171761,#395d33
 51.17516440939974842, 59.9466997377328,#395d33
 51.17057927420666630, 59.9622110752002,#395d33
 51.16601344203682089, 59.9777281055657,#395d33
 51.16146691995847107, 59.9932508048078,#395d33
 51.15693971500999027, 60.0087791488960,#395d33
 51.15243183419983097, 60.0243131137914,#395d33
 51.14794328450654604, 60.0398526754460,#395d33
 51.14347407287876024, 60.0553978098035,#395d33
 51.13902420623515610, 60.0709484927989,#395d33
 51.13459369146446676, 60.0865047003584,#395d33
 51.13018253542547598, 60.1020664083999,#395d33
 51.12579074494699682, 60.1176335928326,#395d33
 51.12141832682785036, 60.1332062295573,#395d33
 51.11706528783688697, 60.1487842944663,#395d33
 51.11273163471294367, 60.1643677634437,#395d33
 51.10841737416484420, 60.1799566123650,#395d33
 51.10412251287141316, 60.1955508170975,#395d33
 51.09984705748141209, 60.2111503535001,#395d33
 51.09559101461358210, 60.2267551974235,#395d33
 51.09135439085660835, 60.2423653247103,#395d33
 51.08713719276910581, 60.2579807111948,#395d33
 51.08293942687962641, 60.2736013327031,#395d33
 51.07876109968664480, 60.2892271650532,#395d33
 51.07460221765851571, 60.3048581840553,#395d33
 51.07046278723352373, 60.3204943655113,#395d33
 51.06634281481981930, 60.3361356852152,#395d33
 51.06224230679544718, 60.3517821189529,#395d33
 51.05816126950830380, 60.3674336425027,#395d33
 51.05409970927614438, 60.3830902316347,#395d33
 51.05005763238659000, 60.3987518621114,#395d33
 51.04603504509708500, 60.4144185096872,#395d33
 51.04203195363490408, 60.4300901501091,#395d33
 51.03804836419713098, 60.4457667591162,#395d33
 51.03408428295068688, 60.4614483124397,#395d33
 51.03013971603226651, 60.4771347858035,#395d33
 51.02621466954836649, 60.4928261549238,#395d33
 51.02230914957526409, 60.5085223955089,#395d33
 51.01842316215900297, 60.5242234832601,#395d33
 51.01455671331538611, 60.5399293938707,#395d33
 51.01070980902998997, 60.5556401030267,#395d33
 51.00688245525810771, 60.5713555864069,#395d33
 51.00307465792478467, 60.5870758196824,#395d33
 50.99928642292477576, 60.6028007785171,#395d33
 50.99551775612257387, 60.6185304385675,#395d33
 50.99176866335236014, 60.6342647754830,#395d33
 50.98803915041801815, 60.6500037649054,#395d33
 50.98432922309311977, 60.6657473824698,#395d33
 50.98063888712093217, 60.6814956038036,#395d33
 50.97696814821436817, 60.6972484045275,#395d33
 50.97331701205601462, 60.7130057602550,#395d33
 50.96968548429811818, 60.7287676465923,#395d33
 50.96607357056256404, 60.7445340391390,#395d33
 50.96248127644086878, 60.7603049134873,#395d33
 50.95890860749419460, 60.7760802452228,#395d33
 50.95535556925328535, 60.7918600099241,#395d33
 50.95182216721853763, 60.8076441831628,#395d33
 50.94830840685992968, 60.8234327405038,#395d33
 50.94481429361702851, 60.8392256575052,#395d33
 50.94133983289898993, 60.8550229097184,#395d33
 50.93788503008455137, 60.8708244726879,#395d33
 50.93444989052201066, 60.8866303219519,#395d33
 50.93103441952923305, 60.9024404330415,#395d33
 50.92763862239362993, 60.9182547814815,#395d33
 50.92426250437216595, 60.9340733427900,#395d33
 50.92090607069131636, 60.9498960924788,#395d33
 50.91756932654710965, 60.9657230060530,#395d33
 50.91425227710507784, 60.9815540590112,#395d33
 50.91095492750027773, 60.9973892268459,#395d33
 50.90767728283725546, 61.0132284850429,#395d33
 50.90441934819006065, 61.0290718090818,#395d33
 50.90118112860222510, 61.0449191744360,#395d33
 50.89796262908676283, 61.0607705565725,#395d33
 50.89476385462617003, 61.0766259309521,#395d33
 50.89158481017238245, 61.0924852730295,#395d33
 50.88842550064681092, 61.1083485582533,#395d33
 50.88528593094031294, 61.1242157620657,#395d33
 50.88216610591318556, 61.1400868599033,#395d33
 50.87906603039515829, 61.1559618271961,#395d33
 50.87598570918538599, 61.1718406393687,#395d33
 50.87292514705244173, 61.1877232718394,#395d33
 50.86988434873431686, 61.2036097000206,#395d33
 50.86686331893839963, 61.2194998993189,#395d33
 50.86386206234147522, 61.2353938451351,#395d33
 50.86088058358973285, 61.2512915128641,#395d33
 50.85791888729870891, 61.2671928778950,#395d33
 50.85497697805335804, 61.2830979156114,#395d33
 50.85205486040797496, 61.2990066013910,#395d33
 50.84915253888622999, 61.3149189106060,#395d33
 50.84627001798113355, 61.3308348186228,#395d33
 50.84340730215505033, 61.3467543008024,#395d33
 50.84056439583969222, 61.3626773325003,#395d33
 50.83774130343608988, 61.3786038890662,#395d33
 50.83493802931461403, 61.3945339458448,#395d33
 50.83215457781495417, 61.4104674781749,#395d33
 50.82939095324609724, 61.4264044613904,#395d33
 50.82664715988634896, 61.4423448708195,#395d33
 50.82392320198331959, 61.4582886817852,#395d33
 50.82121908375390262, 61.4742358696053,#395d33
 50.81853480938428902, 61.4901864095923,#395d33
 50.81587038302993165, 61.5061402770535,#395d33
 50.81322580881557371, 61.5220974472912,#395d33
 50.81060109083522036, 61.5380578956023,#395d33
 50.80799623315213864, 61.5540215972788,#395d33
 50.80541123979885043, 61.5699885276079,#395d33
 50.80284611477712531, 61.5859586618712,#395d33
 50.80030086205796636, 61.6019319753460,#395d33
 50.79777548558163147, 61.6179084433043,#395d33
 50.79526998925759074, 61.6338880410132,#395d33
 50.79278437696455484, 61.6498707437351,#395d33
 50.79031865255043954, 61.6658565267275,#395d33
 50.78787281983237278, 61.6818453652433,#395d33
 50.78544688259669471, 61.6978372345304,#395d33
 50.78304084459895051, 61.7138321098322,#395d33
 50.78065470956386207, 61.7298299663875,#395d33
 50.77828848118535632, 61.7458307794302,#395d33
 50.77594216312654396, 61.7618345241900,#395d33
 50.77361575901969104, 61.7778411758917,#395d33
 50.77130927246626158, 61.7938507097558,#395d33
 50.76902270703687492, 61.8098631009984,#395d33
 50.76675606627130577, 61.8258783248310,#395d33
 50.76450935367849127, 61.8418963564608,#395d33
 50.76228257273652389, 61.8579171710906,#395d33
 50.76007572689262304, 61.8739407439191,#395d33
 50.75788881956315635, 61.8899670501404,#395d33
 50.75572185413362547, 61.9059960649447,#395d33
 50.75357483395866609, 61.9220277635177,#395d33
 50.75144776236203370, 61.9380621210412,#395d33
 50.74934064263658939, 61.9540991126927,#395d33
 50.74725347804432118, 61.9701387136457,#395d33
 50.74518627181632269, 61.9861808990698,#395d33
 50.74313902715278601, 62.0022256441302,#395d33
 50.74111174722300177, 62.0182729239887,#395d33
 50.73910443516537327, 62.0343227138026,#395d33
 50.73711709408735260, 62.0503749887257,#395d33
 50.73514972706550452, 62.0664297239079,#395d33
 50.73320233714547101, 62.0824868944951,#395d33
 50.73127492734194988, 62.0985464756296,#395d33
 50.72936750063873035, 62.1146084424500,#395d33
 50.72748005998866461, 62.1306727700911,#395d33
 50.72561260831363938, 62.1467394336841,#395d33
 50.72376514850461859, 62.1628084083565,#395d33
 50.72193768342161491, 62.1788796692323,#395d33
 50.72013021589368975, 62.1949531914320,#395d33
 50.71834274871893200, 62.2110289500725,#395d33
 50.71657528466449349, 62.2271069202673,#395d33
 50.71482782646653220, 62.2431870771264,#395d33
 50.71310037683025485, 62.2592693957565,#395d33
 50.71139293842988138, 62.2753538512611,#395d33
 50.70970551390866632, 62.2914404187400,#395d33
 50.70803810587886318, 62.3075290732900,#395d33
 50.70639071692176003, 62.3236197900047,#395d33
 50.70476334958763687, 62.3397125439743,#395d33
 50.70315600639577980, 62.3558073102861,#395d33
 50.70156868983448106, 62.3719040640241,#395d33
 50.70000140236103903, 62.3880027802693,#395d33
 50.69845414640172265, 62.4041034340997,#395d33
 50.69692692435181414, 62.4202060005901,#395d33
 50.69541973857556627, 62.4363104548126,#395d33
 50.69393259140622376, 62.4524167718362,#395d33
 50.69246548514599482, 62.4685249267271,#395d33
 50.69101842206607955, 62.4846348945486,#395d33
 50.68959140440664868, 62.5007466503613,#395d33
 50.68818443437682930, 62.5168601692229,#395d33
 50.68679751415471912, 62.5329754261884,#395d33
 50.68543064588737934, 62.5490923963102,#395d33
 50.68408383169082754, 62.5652110546380,#395d33
 50.68275707365003768, 62.5813313762188,#395d33
 50.68145037381894014, 62.5974533360972,#395d33
 50.68016373422039322, 62.6135769093151,#395d33
 50.67889715684621876, 62.6297020709119,#395d33
 50.67765064365718075, 62.6458287959246,#395d33
 50.67642419658297115, 62.6619570593880,#395d33
 50.67521781752223831, 62.6780868363340,#395d33
 50.67403150834253722, 62.6942181017927,#395d33
 50.67286527088036507, 62.7103508307915,#395d33
 50.67171910694116121, 62.7264849983558,#395d33
 50.67059301829926454, 62.7426205795086,#395d33
 50.66948700669794903, 62.7587575492708,#395d33
 50.66840107384940239, 62.7748958826611,#395d33
 50.66733522143474033, 62.7910355546961,#395d33
 50.66628945110398519, 62.8071765403904,#395d33
 50.66526376447606594, 62.8233188147565,#395d33
 50.66425816313882535, 62.8394623528048,#395d33
 50.66327264864901281, 62.8556071295440,#395d33
 50.66230722253227725, 62.8717531199807,#395d33
 50.66136188628317427, 62.8879002991196,#395d33
 50.66043664136515901, 62.9040486419637,#395d33
 50.65953148921058613, 62.9201981235140,#395d33
 50.65864643122069566, 62.9363487187700,#395d33
 50.65778146876562715, 62.9525004027292,#395d33
 50.65693660318440550, 62.9686531503877,#395d33
 50.65611183578495513, 62.9848069367396,#395d33
 50.65530716784407161, 63.0009617367778,#395d33
 50.65452260060745715, 63.0171175254933,#395d33
 50.65375813528966376, 63.0332742778757,#395d33
 50.65301377307415720, 63.0494319689131,#395d33
 50.65228951511326017, 63.0655905735921,#395d33
 50.65158536252818067, 63.0817500668981,#395d33
 50.65090131640900495, 63.0979104238148,#395d33
 50.65023737781468327, 63.1140716193247,#395d33
 50.64959354777305123, 63.1302336284092,#395d33
 50.64896982728080843, 63.1463964260480,#395d33
 50.64836621730351141, 63.1625599872201,#395d33
 50.64778271877560201, 63.1787242869029,#395d33
 50.64721933260037900, 63.1948893000729,#395d33
 50.64667605965001229, 63.2110550017053,#395d33
 50.64615290076552867, 63.2272213667745,#395d33
 50.64564985675681186, 63.2433883702536,#395d33
 50.64516692840262380, 63.2595559871149,#395d33
 50.64470411645056913, 63.2757241923296,#395d33
 50.64426142161710942, 63.2918929608681,#395d33
 50.64383884458758445, 63.3080622677000,#395d33
 50.64343638601616249, 63.3242320877938,#395d33
 50.64305404652589715, 63.3404023961174,#395d33
 50.64269182670866343, 63.3565731676380,#395d33
 50.64234972712520744, 63.3727443773220,#395d33
 50.64202774830513931, 63.3889160001350,#395d33
 50.64172589074689057, 63.4050880110423,#395d33
 50.64144415491777096, 63.4212603850081,#395d33
 50.64118254125392582, 63.4374330969964,#395d33
 50.64094105016035030, 63.4536061219708,#395d33
 50.64071968201089646, 63.4697794348939,#395d33
 50.64051843714825907, 63.4859530107284,#395d33
 50.64033731588397558, 63.5021268244362,#395d33
 50.64017631849844037, 63.5183008509791,#395d33
 50.64003544524089051, 63.5344750653184,#395d33
 50.63991469632939868, 63.5506494424151,#395d33
 50.63981407195090867, 63.5668239572302,#395d33
 50.63973357226118566, 63.5829985847241,#395d33
 50.63967319738485173, 63.5991732998574,#395d33
 50.63963294741536458, 63.6153480775903,#395d33
 50.63961282241504591, 63.6315228928830,#395d33
 50.63961282241504591, 63.6476977206956,#395d33
 50.63963294741536458, 63.6638725359883,#395d33
 50.63967319738485173, 63.6800473137211,#395d33
 50.63973357226118566, 63.6962220288544,#395d33
 50.63981407195090867, 63.7123966563484,#395d33
 50.63991469632939868, 63.7285711711634,#395d33
 50.64003544524089051, 63.7447455482602,#395d33
 50.64017631849844037, 63.7609197625995,#395d33
 50.64033731588397558, 63.7770937891423,#395d33
 50.64051843714825907, 63.7932676028502,#395d33
 50.64071968201089646, 63.8094411786846,#395d33
 50.64094105016035030, 63.8256144916078,#395d33
 50.64118254125392582, 63.8417875165821,#395d33
 50.64144415491777096, 63.8579602285705,#395d33
 50.64172589074689057, 63.8741326025363,#395d33
 50.64202774830513931, 63.8903046134435,#395d33
 50.64234972712520744, 63.9064762362565,#395d33
 50.64269182670866343, 63.9226474459405,#395d33
 50.64305404652589715, 63.9388182174611,#395d33
 50.64343638601616249, 63.9549885257848,#395d33
 50.64383884458758445, 63.9711583458786,#395d33
 50.64426142161710942, 63.9873276527104,#395d33
 50.64470411645056913, 64.0034964212490,#395d33
 50.64516692840262380, 64.0196646264637,#395d33
 50.64564985675681186, 64.0358322433249,#395d33
 50.64615290076552867, 64.0519992468040,#395d33
 50.64667605965001229, 64.0681656118732,#395d33
 50.64721933260037900, 64.0843313135057,#395d33
 50.64778271877560201, 64.1004963266756,#395d33
 50.64836621730351141, 64.1166606263584,#395d33
 50.64896982728080843, 64.1328241875305,#395d33
 50.64959354777305123, 64.1489869851694,#395d33
 50.65023737781468327, 64.1651489942538,#395d33
 50.65090131640900495, 64.1813101897638,#395d33
 50.65158536252818067, 64.1974705466805,#395d33
 50.65228951511326017, 64.2136300399864,#395d33
 50.65301377307415720, 64.2297886446655,#395d33
 50.65375813528966376, 64.2459463357029,#395d33
 50.65452260060745715, 64.2621030880853,#395d33
 50.65530716784407161, 64.2782588768007,#395d33
 50.65611183578495513, 64.2944136768389,#395d33
 50.65693660318440550, 64.3105674631909,#395d33
 50.65778146876562715, 64.3267202108493,#395d33
 50.65864643122069566, 64.3428718948086,#395d33
 50.65953148921058613, 64.3590224900645,#395d33
 50.66043664136515901, 64.3751719716149,#395d33
 50.66136188628317427, 64.3913203144590,#395d33
 50.66230722253227725, 64.4074674935979,#395d33
 50.66327264864901281, 64.4236134840345,#395d33
 50.66425816313882535, 64.4397582607737,#395d33
 50.66526376447606594, 64.4559017988221,#395d33
 50.66628945110398519, 64.4720440731881,#395d33
 50.66733522143474033, 64.4881850588824,#395d33
 50.66840107384940239, 64.5043247309175,#395d33
 50.66948700669794903, 64.5204630643078,#395d33
 50.67059301829926454, 64.5366000340699,#395d33
 50.67171910694116121, 64.5527356152227,#395d33
 50.67286527088036507, 64.5688697827870,#395d33
 50.67403150834253722, 64.5850025117859,#395d33
 50.67521781752223831, 64.6011337772445,#395d33
 50.67642419658297115, 64.6172635541906,#395d33
 50.67765064365718075, 64.6333918176539,#395d33
 50.67889715684621876, 64.6495185426667,#395d33
 50.68016373422039322, 64.6656437042635,#395d33
 50.68145037381894014, 64.6817672774813,#395d33
 50.68275707365003768, 64.6978892373597,#395d33
 50.68408383169082754, 64.7140095589405,#395d33
 50.68543064588737934, 64.7301282172683,#395d33
 50.68679751415471912, 64.7462451873901,#395d33
 50.68818443437682930, 64.7623604443557,#395d33
 50.68959140440664868, 64.7784739632173,#395d33
 50.69101842206607955, 64.7945857190300,#395d33
 50.69246548514599482, 64.8106956868515,#395d33
 50.69393259140622376, 64.8268038417424,#395d33
 50.69541973857556627, 64.8429101587660,#395d33
 50.69692692435181414, 64.8590146129885,#395d33
 50.69845414640172265, 64.8751171794789,#395d33
 50.70000140236103903, 64.8912178333092,#395d33
 50.70156868983448106, 64.9073165495544,#395d33
 50.70315600639577980, 64.9234133032924,#395d33
 50.70476334958763687, 64.9395080696042,#395d33
 50.70639071692176003, 64.9556008235739,#395d33
 50.70803810587886318, 64.9716915402886,#395d33
 50.70970551390866632, 64.9877801948386,#395d33
 50.71139293842988138, 65.0038667623175,#395d33
 50.71310037683025485, 65.0199512178220,#395d33
 50.71482782646653220, 65.0360335364522,#395d33
 50.71657528466449349, 65.0521136933113,#395d33
 50.71834274871893911, 65.0681916635061,#395d33
 50.72013021589368975, 65.0842674221466,#395d33
 50.72193768342161491, 65.1003409443462,#395d33
 50.72376514850461859, 65.1164122052220,#395d33
 50.72561260831363938, 65.1324811798944,#395d33
 50.72748005998866461, 65.1485478434874,#395d33
 50.72936750063873035, 65.1646121711285,#395d33
 50.73127492734194988, 65.1806741379489,#395d33
 50.73320233714547101, 65.1967337190835,#395d33
 50.73514972706550452, 65.2127908896707,#395d33
 50.73711709408735260, 65.2288456248528,#395d33
 50.73910443516537327, 65.2448978997760,#395d33
 50.74111174722300177, 65.2609476895899,#395d33
 50.74313902715278601, 65.2769949694483,#395d33
 50.74518627181632269, 65.2930397145088,#395d33
 50.74725347804432118, 65.3090818999328,#395d33
 50.74934064263658939, 65.3251215008858,#395d33
 50.75144776236203370, 65.3411584925374,#395d33
 50.75357483395866609, 65.3571928500608,#395d33
 50.75572185413362547, 65.3732245486339,#395d33
 50.75788881956315635, 65.3892535634381,#395d33
 50.76007572689262304, 65.4052798696595,#395d33
 50.76228257273652389, 65.4213034424879,#395d33
 50.76450935367849127, 65.4373242571178,#395d33
 50.76675606627130577, 65.4533422887476,#395d33
 50.76902270703687492, 65.4693575125802,#395d33
 50.77130927246626158, 65.4853699038227,#395d33
 50.77361575901969104, 65.5013794376869,#395d33
 50.77594216312654396, 65.5173860893886,#395d33
 50.77828848118535632, 65.5333898341483,#395d33
 50.78065470956386207, 65.5493906471911,#395d33
 50.78304084459895051, 65.5653885037463,#395d33
 50.78544688259670181, 65.5813833790481,#395d33
 50.78787281983237278, 65.5973752483353,#395d33
 50.79031865255043954, 65.6133640868510,#395d33
 50.79278437696455484, 65.6293498698435,#395d33
 50.79526998925759074, 65.6453325725654,#395d33
 50.79777548558163147, 65.6613121702743,#395d33
 50.80030086205796636, 65.6772886382325,#395d33
 50.80284611477712531, 65.6932619517073,#395d33
 50.80541123979885754, 65.7092320859707,#395d33
 50.80799623315213864, 65.7251990162997,#395d33
 50.81060109083522747, 65.7411627179763,#395d33
 50.81322580881557371, 65.7571231662874,#395d33
 50.81587038302993165, 65.7730803365250,#395d33
 50.81853480938428902, 65.7890342039862,#395d33
 50.82121908375390973, 65.8049847439732,#395d33
 50.82392320198331959, 65.8209319317933,#395d33
 50.82664715988634896, 65.8368757427590,#395d33
 50.82939095324609724, 65.8528161521881,#395d33
 50.83215457781495417, 65.8687531354036,#395d33
 50.83493802931461403, 65.8846866677338,#395d33
 50.83774130343608988, 65.9006167245123,#395d33
 50.84056439583969222, 65.9165432810783,#395d33
 50.84340730215505744, 65.9324663127761,#395d33
 50.84627001798113355, 65.9483857949557,#395d33
 50.84915253888622999, 65.9643017029725,#395d33
 50.85205486040797496, 65.9802140121875,#395d33
 50.85497697805335804, 65.9961226979671,#395d33
 50.85791888729870891, 66.0120277356835,#395d33
 50.86088058358973285, 66.0279291007145,#395d33
 50.86386206234148233, 66.0438267684435,#395d33
 50.86686331893839963, 66.0597207142596,#395d33
 50.86988434873431686, 66.0756109135579,#395d33
 50.87292514705244173, 66.0914973417391,#395d33
 50.87598570918538599, 66.1073799742098,#395d33
 50.87906603039515829, 66.1232587863824,#395d33
 50.88216610591318556, 66.1391337536753,#395d33
 50.88528593094031294, 66.1550048515128,#395d33
 50.88842550064681092, 66.1708720553253,#395d33
 50.89158481017238245, 66.1867353405490,#395d33
 50.89476385462617003, 66.2025946826264,#395d33
 50.89796262908676994, 66.2184500570061,#395d33
 50.90118112860222510, 66.2343014391425,#395d33
 50.90441934819006065, 66.2501488044967,#395d33
 50.90767728283725546, 66.2659921285357,#395d33
 50.91095492750027773, 66.2818313867326,#395d33
 50.91425227710507784, 66.2976665545673,#395d33
 50.91756932654710965, 66.3134976075256,#395d33
 50.92090607069131636, 66.3293245210997,#395d33
 50.92426250437216595, 66.3451472707885,#395d33
 50.92763862239362993, 66.3609658320971,#395d33
 50.93103441952924015, 66.3767801805371,#395d33
 50.93444989052201066, 66.3925902916267,#395d33
 50.93788503008455137, 66.4083961408906,#395d33
 50.94133983289898993, 66.4241977038602,#395d33
 50.94481429361702851, 66.4399949560733,#395d33
 50.94830840685992968, 66.4557878730748,#395d33
 50.95182216721854473, 66.4715764304158,#395d33
 50.95535556925328535, 66.4873606036545,#395d33
 50.95890860749419460, 66.5031403683557,#395d33
 50.96248127644087589, 66.5189157000912,#395d33
 50.96607357056256404, 66.5346865744396,#395d33
 50.96968548429811818, 66.5504529669862,#395d33
 50.97331701205601462, 66.5662148533236,#395d33
 50.97696814821436817, 66.5819722090510,#395d33
 50.98063888712093217, 66.5977250097749,#395d33
 50.98432922309312687, 66.6134732311088,#395d33
 50.98803915041801815, 66.6292168486731,#395d33
 50.99176866335236014, 66.6449558380956,#395d33
 50.99551775612257387, 66.6606901750110,#395d33
 50.99928642292477576, 66.6764198350614,#395d33
 51.00307465792478467, 66.6921447938961,#395d33
 51.00688245525810771, 66.7078650271716,#395d33
 51.01070980902998997, 66.7235805105518,#395d33
 51.01455671331538611, 66.7392912197079,#395d33
 51.01842316215900297, 66.7549971303185,#395d33
 51.02230914957526409, 66.7706982180696,#395d33
 51.02621466954836649, 66.7863944586548,#395d33
 51.03013971603226651, 66.8020858277750,#395d33
 51.03408428295068688, 66.8177723011388,#395d33
 51.03804836419713098, 66.8334538544624,#395d33
 51.04203195363490408, 66.8491304634694,#395d33
 51.04603504509708500, 66.8648021038913,#395d33
 51.05005763238659000, 66.8804687514672,#395d33
 51.05409970927614438, 66.8961303819438,#395d33
 51.05816126950830380, 66.9117869710758,#395d33
 51.06224230679544718, 66.9274384946256,#395d33
 51.06634281481981930, 66.9430849283634,#395d33
 51.07046278723352373, 66.9587262480672,#395d33
 51.07460221765851571, 66.9743624295232,#395d33
 51.07876109968664480, 66.9899934485253,#395d33
 51.08293942687962641, 67.0056192808755,#395d33
 51.08713719276910581, 67.0212399023838,#395d33
 51.09135439085660835, 67.0368552888682,#395d33
 51.09559101461358210, 67.0524654161550,#395d33
 51.09984705748141209, 67.0680702600785,#395d33
 51.10412251287141316, 67.0836697964811,#395d33
 51.10841737416484420, 67.0992640012135,#395d33
 51.11273163471294367, 67.1148528501348,#395d33
 51.11706528783688697, 67.1304363191122,#395d33
 51.12141832682785036, 67.1460143840213,#395d33
 51.12579074494699682, 67.1615870207460,#395d33
 51.13018253542547598, 67.1771542051787,#395d33
 51.13459369146446676, 67.1927159132201,#395d33
 51.13902420623515610, 67.2082721207796,#395d33
 51.14347407287876024, 67.2238228037750,#395d33
 51.14794328450655314, 67.2393679381325,#395d33
 51.15243183419983097, 67.2549074997872,#395d33
 51.15693971500999027, 67.2704414646825,#395d33
 51.16146691995847107, 67.2859698087708,#395d33
 51.16601344203682089, 67.3014925080128,#395d33
 51.17057927420667340, 67.3170095383783,#395d33
 51.17516440939974842, 67.3325208758458,#395d33
 51.17976884051792297, 67.3480264964024,#395d33
 51.18439256043316732, 67.3635263760443,#395d33
 51.18903556198762317, 67.3790204907765,#395d33
 51.19369783799354678, 67.3945088166128,#395d33
 51.19837938123338716, 67.4099913295762,#395d33
 51.20308018445975051, 67.4254680056985,#395d33
 51.20780024039542866, 67.4409388210207,#395d33
 51.21253954173341327, 67.4564037515926,#395d33
 51.21729808113689586, 67.4718627734735,#395d33
 51.22207585123928908, 67.4873158627315,#395d33
 51.22687284464424806, 67.5027629954441,#395d33
 51.23168905392563488, 67.5182041476979,#395d33
 51.23652447162760382, 67.5336392955889,#395d33
 51.24137909026455162, 67.5490684152222,#395d33
 51.24625290232114594, 67.5644914827123,#395d33
 51.25114590025235373, 67.5799084741832,#395d33
 51.25605807648344125, 67.5953193657681,#395d33
 51.26098942340996700, 67.6107241336099,#395d33
 51.26593993339783850, 67.6261227538606,#395d33
 51.27090959878328391, 67.6415152026822,#395d33
 51.27589841187286623, 67.6569014562459,#395d33
 51.28090636494351884, 67.6722814907325,#395d33
 51.28593345024255257, 67.6876552823326,#395d33
 51.29097965998765574, 67.7030228072464,#395d33
 51.29604498636687993, 67.7183840416838,#395d33
 51.30112942153873945, 67.7337389618644,#395d33
 51.30623295763211189, 67.7490875440175,#395d33
 51.31135558674634467, 67.7644297643824,#395d33
 51.31649730095120532, 67.7797655992082,#395d33
 51.32165809228692410, 67.7950950247538,#395d33
 51.32683795276419403, 67.8104180172880,#395d33
 51.33203687436420637, 67.8257345530897,#395d33
 51.33725484903860092, 67.8410446084477,#395d33
 51.34249186870957260, 67.8563481596609,#395d33
 51.34774792526980747, 67.8716451830381,#395d33
 51.35302301058251828, 67.8869356548984,#395d33
 51.35831711648146580, 67.9022195515710,#395d33
 51.36363023477096590, 67.9174968493952,#395d33
 51.36896235722591086, 67.9327675247206,#395d33
 51.37431347559174810, 67.9480315539070,#395d33
 51.37968358158452986, 67.9632889133245,#395d33
 51.38507266689093456, 67.9785395793535,#395d33
 51.39048072316823834, 67.9937835283848,#395d33
 51.39590774204434354, 68.0090207368197,#395d33
 51.40135371511781415, 68.0242511810696,#395d33
 51.40681863395785456, 68.0394748375568,#395d33
 51.41230249010435216, 68.0546916827138,#395d33
 51.41780527506787735, 68.0699016929838,#395d33
 51.42332698032969063, 68.0851048448205,#395d33
 51.42886759734176394, 68.1003011146882,#395d33
 51.43442711752680196, 68.1154904790620,#395d33
 51.44000553227822792, 68.1306729144276,#395d33
 51.44560283296022618, 68.1458483972813,#395d33
 51.45121901090774941, 68.1610169041303,#395d33
 51.45685405742651852, 68.1761784114927,#395d33
 51.46250796379304404, 68.1913328958972,#395d33
 51.46818072125464738, 68.2064803338836,#395d33
 51.47387232102945376, 68.2216207020023,#395d33
 51.47958275430642772, 68.2367539768150,#395d33
 51.48531201224538734, 68.2518801348942,#395d33
 51.49106008597698292, 68.2669991528234,#395d33
 51.49682696660276804, 68.2821110071973,#395d33
 51.50261264519515692, 68.2972156746214,#395d33
 51.50841711279747415, 68.3123131317126,#395d33
 51.51424036042395471, 68.3274033550990,#395d33
 51.52008237905976529, 68.3424863214195,#395d33
 51.52594315966100424, 68.3575620073247,#395d33
 51.53182269315473008, 68.3726303894762,#395d33
 51.53772097043898270, 68.3876914445470,#395d33
 51.54363798238276217, 68.4027451492215,#395d33
 51.54957371982607128, 68.4177914801952,#395d33
 51.55552817357994400, 68.4328304141754,#395d33
 51.56150133442642414, 68.4478619278806,#395d33
 51.56749319311857960, 68.4628859980409,#395d33
 51.57350374038057339, 68.4779026013979,#395d33
 51.57953296690760681, 68.4929117147046,#395d33
 51.58558086336596205, 68.5079133147258,#395d33
 51.59164742039303775, 68.5229073782379,#395d33
 51.59773262859733478, 68.5378938820289,#395d33
 51.60383647855847755, 68.5528728028986,#395d33
 51.60995896082723533, 68.5678441176584,#395d33
 51.61610006592552935, 68.5828078031315,#395d33
 51.62225978434646123, 68.5977638361531,#395d33
 51.62843810655430588, 68.6127121935700,#395d33
 51.63463502298454699, 68.6276528522411,#395d33
 51.64085052404387710, 68.6425857890370,#395d33
 51.64708460011021884, 68.6575109808403,#395d33
 51.65333724153274630, 68.6724284045458,#395d33
 51.65960843863188501, 68.6873380370601,#395d33
 51.66589818169933324, 68.7022398553020,#395d33
 51.67220646099808334, 68.7171338362022,#395d33
 51.67853326676244308, 68.7320199567038,#395d33
 51.68487858919802136, 68.7468981937619,#395d33
 51.69124241848175672, 68.7617685243438,#395d33
 51.69762474476196701, 68.7766309254291,#395d33
 51.70402555815830681, 68.7914853740097,#395d33
 51.71044484876183134, 68.8063318470897,#395d33
 51.71688260663497516, 68.8211703216857,#395d33
 51.72333882181160192, 68.8360007748265,#395d33
 51.72981348429698301, 68.8508231835534,#395d33
 51.73630658406784022, 68.8656375249203,#395d33
 51.74281811107235995, 68.8804437759933,#395d33
 51.74934805523018611, 68.8952419138513,#395d33
 51.75589640643246980, 68.9100319155855,#395d33
 51.76246315454186231, 68.9248137583000,#395d33
 51.76904828939251502, 68.9395874191113,#395d33
 51.77565180079013629, 68.9543528751486,#395d33
 51.78227367851198437, 68.9691101035538,#395d33
 51.78891391230687447, 68.9838590814817,#395d33
 51.79557249189521428, 68.9985997860997,#395d33
 51.80224940696901825, 69.0133321945879,#395d33
 51.80894464719189330, 69.0280562841396,#395d33
 51.81565820219909568, 69.0427720319607,#395d33
 51.82239006159751682, 69.0574794152700,#395d33
 51.82914021496573298, 69.0721784112995,#395d33
 51.83590865185396979, 69.0868689972938,#395d33
 51.84269536178417326, 69.1015511505110,#395d33
 51.84950033424999560, 69.1162248482217,#395d33
 51.85632355871679522, 69.1308900677102,#395d33
 51.86316502462171485, 69.1455467862733,#395d33
 51.87002472137362474, 69.1601949812215,#395d33
 51.87690263835318660, 69.1748346298781,#395d33
 51.88379876491286069, 69.1894657095800,#395d33
 51.89071309037689872, 69.2040881976769,#395d33
 51.89764560404140070, 69.2187020715322,#395d33
 51.90459629517429363, 69.2333073085226,#395d33
 51.91156515301537411, 69.2479038860378,#395d33
 51.91855216677630835, 69.2624917814814,#395d33
 51.92555732564066773, 69.2770709722701,#395d33
 51.93258061876390741, 69.2916414358342,#395d33
 51.93962203527344457, 69.3062031496175,#395d33
 51.94668156426862282, 69.3207560910774,#395d33
 51.95375919482073357, 69.3353002376847,#395d33
 51.96085491597306572, 69.3498355669240,#395d33
 51.96796871674089857, 69.3643620562936,#395d33
 51.97510058611150185, 69.3788796833052,#395d33
 51.98225051304420674, 69.3933884254845,#395d33
 51.98941848647037745, 69.4078882603708,#395d33
 51.99660449529342543, 69.4223791655172,#395d33
 52.00380852838885914, 69.4368611184908,#395d33
 52.01103057460427692, 69.4513340968722,#395d33
 52.01827062275940250, 69.4657980782563,#395d33
 52.02552866164606371, 69.4802530402517,#395d33
 52.03280468002827064, 69.4946989604809,#395d33
 52.04009866664218009, 69.5091358165807,#395d33
 52.04741061019613824, 69.5235635862015,#395d33
 52.05474049937068770, 69.5379822470081,#395d33
 52.06208832281860310, 69.5523917766794,#395d33
 52.06945406916487684, 69.5667921529081,#395d33
 52.07683772700676172, 69.5811833534016,#395d33
 52.08423928491380650, 69.5955653558809,#395d33
 52.09165873142779901, 69.6099381380818,#395d33
 52.09909605506287988, 69.6243016777540,#395d33
 52.10655124430549989, 69.6386559526617,#395d33
 52.11402428761443417, 69.6530009405833,#395d33
 52.12151517342085327, 69.6673366193117,#395d33
 52.12902389012828053, 69.6816629666541,#395d33
 52.13655042611263468, 69.6959799604322,#395d33
 52.14409476972226543, 69.7102875784824,#395d33
 52.15165690927794628, 69.7245857986551,#395d33
 52.15923683307288883, 69.7388745988157,#395d33
 52.16683452937279952, 69.7531539568441,#395d33
 52.17444998641585840, 69.7674238506346,#395d33
 52.18208319241273330, 69.7816842580965,#395d33
 52.18973413554665086, 69.7959351571534,#395d33
 52.19740280397335397, 69.8101765257438,#395d33
 52.20508918582113722, 69.8244083418211,#395d33
 52.21279326919091091, 69.8386305833533,#395d33
 52.22051504215615125, 69.8528432283232,#395d33
 52.22825449276294307, 69.8670462547286,#395d33
 52.23601160903002949, 69.8812396405821,#395d33
 52.24378637894880484, 69.8954233639113,#395d33
 52.25157879048330756, 69.9095974027586,#395d33
 52.25938883157029125, 69.9237617351815,#395d33
 52.26721649011921755, 69.9379163392526,#395d33
 52.27506175401224908, 69.9520611930595,#395d33
 52.28292461110432043, 69.9661962747047,#395d33
 52.29080504922311690, 69.9803215623062,#395d33
 52.29870305616911708, 69.9944370339968,#395d33
 52.30661861971559290, 70.0085426679248,#395d33
 52.31455172760864514, 70.0226384422534,#395d33
 52.32250236756720341, 70.0367243351615,#395d33
 52.33047052728306880, 70.0508003248429,#395d33
 52.33845619442091390, 70.0648663895069,#395d33
 52.34645935661829697, 70.0789225073781,#395d33
 52.35448000148572589, 70.0929686566967,#395d33
 52.36251811660660849, 70.1070048157180,#395d33
 52.37057368953731640, 70.1210309627130,#395d33
 52.37864670780721355, 70.1350470759681,#395d33
 52.38673715891864191, 70.1490531337855,#395d33
 52.39484503034695706, 70.1630491144824,#395d33
 52.40297030954054236, 70.1770349963922,#395d33
 52.41111298392084450, 70.1910107578636,#395d33
 52.41927304088236639, 70.2049763772609,#395d33
 52.42745046779271689, 70.2189318329645,#395d33
 52.43564525199261084, 70.2328771033701,#395d33
 52.44385738079587611, 70.2468121668894,#395d33
 52.45208684148951761, 70.2607370019498,#395d33
 52.46033362133368882, 70.2746515869946,#395d33
 52.46859770756172736, 70.2885559004830,#395d33
 52.47687908738020468, 70.3024499208900,#395d33
 52.48517774796889768, 70.3163336267066,#395d33
 52.49349367648083842, 70.3302069964397,#395d33
 52.50182686004232835, 70.3440700086124,#395d33
 52.51017728575295962, 70.3579226417635,#395d33
 52.51854494068562218, 70.3717648744481,#395d33
 52.52692981188654642, 70.3855966852374,#395d33
 52.53533188637529605, 70.3994180527188,#395d33
 52.54375115114481076, 70.4132289554955,#395d33
 52.55218759316142041, 70.4270293721873,#395d33
 52.56064119936487344, 70.4408192814302,#395d33
 52.56911195666831560, 70.4545986618761,#395d33
 52.57759985195836805, 70.4683674921936,#395d33
 52.58610487209512030, 70.4821257510675,#395d33
 52.59462700391213019, 70.4958734171990,#395d33
 52.60316623421648785, 70.5096104693055,#395d33
 52.61172254978880147, 70.5233368861211,#395d33
 52.62029593738323996, 70.5370526463961,#395d33
 52.62888638372753292, 70.5507577288977,#395d33
 52.63749387552299908, 70.5644521124091,#395d33
 52.64611839944458893, 70.5781357757306,#395d33
 52.65475994214087052, 70.5918086976786,#395d33
 52.66341849023405786, 70.6054708570864,#395d33
 52.67209403032006065, 70.6191222328041,#395d33
 52.68078654896846302, 70.6327628036981,#395d33
 52.68949603272258742, 70.6463925486519,#395d33
 52.69822246809947330, 70.6600114465654,#395d33
 52.70696584158991982, 70.6736194763558,#395d33
 52.71572613965851417, 70.6872166169566,#395d33
 52.72450334874363875, 70.7008028473184,#395d33
 52.73329745525749956, 70.7143781464086,#395d33
 52.74210844558613331, 70.7279424932118,#395d33
 52.75093630608945006, 70.7414958667292,#395d33
 52.75978102310123319, 70.7550382459792,#395d33
 52.76864258292918919, 70.7685696099970,#395d33
 52.77752097185493341, 70.7820899378352,#395d33
 52.78641617613403270, 70.7955992085631,#395d33
 52.79532818199602673, 70.8090974012675,#395d33
 52.80425697564443510, 70.8225844950520,#395d33
 52.81320254325679286, 70.8360604690376,#395d33
 52.82216487098469315, 70.8495253023624,#395d33
 52.83114394495373745, 70.8629789741819,#395d33
 52.84013975126363505, 70.8764214636687,#395d33
 52.84915227598818177, 70.8898527500128,#395d33
 52.85818150517528835, 70.9032728124216,#395d33
 52.86722742484701598, 70.9166816301196,#395d33
 52.87629002099958342, 70.9300791823492,#395d33
 52.88536927960338119, 70.9434654483697,#395d33
 52.89446518660302843, 70.9568404074584,#395d33
 52.90357772791735869, 70.9702040389095,#395d33
 52.91270688943944123, 70.9835563220353,#395d33
 52.92185265703663788, 70.9968972361654,#395d33
 52.93101501655059593, 71.0102267606470,#395d33
 52.94019395379727655, 71.0235448748449,#395d33
 52.94938945456695478, 71.0368515581418,#395d33
 52.95860150462431903, 71.0501467899378,#395d33
 52.96783008970837869, 71.0634305496508,#395d33
 52.97707519553257782, 71.0767028167166,#395d33
 52.98633680778478094, 71.0899635705888,#395d33
 52.99561491212729436, 71.1032127907386,#395d33
 53.00490949419689457, 71.1164504566552,#395d33
 53.01422053960485670, 71.1296765478457,#395d33
 53.02354803393696159, 71.1428910438350,#395d33
 53.03289196275352424, 71.1560939241662,#395d33
 53.04225231158942222, 71.1692851684001,#395d33
 53.05162906595410988, 71.1824647561156,#395d33
 53.06102221133164676, 71.1956326669098,#395d33
 53.07043173318072604, 71.2087888803978,#395d33
  7.56917857360849045,116.7100420399700,#395d33
  7.55602236012056938,116.7006325181209,#395d33
  7.54285444932636295,116.6912393727434,#395d33
  7.52967486161079602,116.6818626183787,#395d33
  7.51648361737689719,116.6725022695428,#395d33
  7.50328073704574194,116.6631583407262,#395d33
  7.49006624105638785,116.6538308463941,#395d33
  7.47684014986590650,116.6445198009862,#395d33
  7.46360248394931958,116.6352252189166,#395d33
  7.45035326379953489,116.6259471145741,#395d33
  7.43709250992737925,116.6166855023219,#395d33
  7.42382024286153364,116.6074403964977,#395d33
  7.41053648314847457,116.5982118114136,#395d33
  7.39724125135249544,116.5889997613562,#395d33
  7.38393456805565318,116.5798042605866,#395d33
  7.37061645385770259,116.5706253233399,#395d33
  7.35728692937612294,116.5614629638259,#395d33
  7.34394601524605584,116.5523171962287,#395d33
  7.33059373212024923,116.5431880347066,#395d33
  7.31723010066907698,116.5340754933923,#395d33
  7.30385514158048377,116.5249795863927,#395d33
  7.29046887555991940,116.5159003277889,#395d33
  7.27707132333036810,116.5068377316363,#395d33
  7.26366250563228633,116.4977918119646,#395d33
  7.25024244322353617,116.4887625827775,#395d33
  7.23681115687942622,116.4797500580529,#395d33
  7.22336866739262984,116.4707542517430,#395d33
  7.20991499557314341,116.4617751777740,#395d33
  7.19645016224829703,116.4528128500461,#395d33
  7.18297418826270651,116.4438672824337,#395d33
  7.16948709447819610,116.4349384887853,#395d33
  7.15598890177384117,116.4260264829233,#395d33
  7.14247963104589800,116.4171312786442,#395d33
  7.12895930320773896,116.4082528897185,#395d33
  7.11542793918988625,116.3993913298905,#395d33
  7.10188555993994708,116.3905466128787,#395d33
  7.08833218642255147,116.3817187523754,#395d33
  7.07476783961937805,116.3729077620468,#395d33
  7.06119254052909273,116.3641136555329,#395d33
  7.04760631016728745,116.3553364464478,#395d33
  7.03400916956650679,116.3465761483792,#395d33
  7.02040113977618496,116.3378327748888,#395d33
  7.00678224186258269,116.3291063395119,#395d33
  6.99315249690881657,116.3203968557577,#395d33
  6.97951192601479242,116.3117043371093,#395d33
  6.96586055029715112,116.3030287970233,#395d33
  6.95219839088928460,116.2943702489301,#395d33
  6.93852546894128075,116.2857287062339,#395d33
  6.92484180561986129,116.2771041823123,#395d33
  6.91114742210840127,116.2684966905168,#395d33
  6.89744233960687492,116.2599062441725,#395d33
  6.88372657933178900,116.2513328565781,#395d33
  6.87000016251621126,116.2427765410058,#395d33
  6.85626311040970293,116.2342373107014,#395d33
  6.84251544427826452,116.2257151788844,#395d33
  6.82875718540435184,116.2172101587476,#395d33
  6.81498835508681555,116.2087222634576,#395d33
  6.80120897464087726,116.2002515061541,#395d33
  6.78741906539806017,116.1917978999507,#395d33
  6.77361864870622288,116.1833614579341,#395d33
  6.75980774592948386,116.1749421931646,#395d33
  6.74598637844816906,116.1665401186758,#395d33
  6.73215456765883058,116.1581552474749,#395d33
  6.71831233497419422,116.1497875925422,#395d33
  6.70445970182308137,116.1414371668316,#395d33
  6.69059668965044985,116.1331039832701,#395d33
  6.67672331991732193,116.1247880547582,#395d33
  6.66283961410072845,116.1164893941695,#395d33
  6.64894559369372651,116.1082080143510,#395d33
  6.63504128020534445,116.0999439281230,#395d33
  6.62112669516051167,116.0916971482788,#395d33
  6.60720186010009147,116.0834676875852,#395d33
  6.59326679658081360,116.0752555587819,#395d33
  6.57932152617521560,116.0670607745820,#395d33
  6.56536607047166054,116.0588833476716,#395d33
  6.55140045107428204,116.0507232907101,#395d33
  6.53742468960291756,116.0425806163298,#395d33
  6.52343880769313866,116.0344553371362,#395d33
  6.50944282699617638,116.0263474657079,#395d33
  6.49543676917887236,116.0182570145965,#395d33
  6.48142065592369576,116.0101839963266,#395d33
  6.46739450892868284,116.0021284233959,#395d33
  6.45335834990737212,115.9940903082750,#395d33
  6.43931220058883191,115.9860696634076,#395d33
  6.42525608271759729,115.9780665012102,#395d33
  6.41119001805360345,115.9700808340723,#395d33
  6.39711402837221588,115.9621126743565,#395d33
  6.38302813546416292,115.9541620343979,#395d33
  6.36893236113547623,115.9462289265049,#395d33
  6.35482672720751207,115.9383133629584,#395d33
  6.34071125551689274,115.9304153560124,#395d33
  6.32658596791543726,115.9225349178936,#395d33
  6.31245088627019335,115.9146720608015,#395d33
  6.29830603246336818,115.9068267969085,#395d33
  6.28415142839226881,115.8989991383596,#395d33
  6.26998709596932535,115.8911890972726,#395d33
  6.25581305712202873,115.8833966857381,#395d33
  6.24162933379286589,115.8756219158193,#395d33
  6.22743594793934729,115.8678647995522,#395d33
  6.21323292153393858,115.8601253489454,#395d33
  6.19902027656400278,115.8524035759802,#395d33
  6.18479803503182168,115.8446994926104,#395d33
  6.17056621895453628,115.8370131107626,#395d33
  6.15632485036407306,115.8293444423359,#395d33
  6.14207395130718492,115.8216934992020,#395d33
  6.12781354384537202,115.8140602932051,#395d33
  6.11354365005482592,115.8064448361621,#395d33
  6.09926429202645615,115.7988471398622,#395d33
  6.08497549186582276,115.7912672160672,#395d33
  6.07067727169306970,115.7837050765115,#395d33
  6.05636965364295765,115.7761607329019,#395d33
  6.04205265986479478,115.7686341969176,#395d33
  6.02772631252237368,115.7611254802101,#395d33
  6.01339063379399441,115.7536345944037,#395d33
  5.99904564587240863,115.7461615510948,#395d33
  5.98469137096474313,115.7387063618522,#395d33
  5.97032783129253541,115.7312690382171,#395d33
  5.95595504909166351,115.7238495917031,#395d33
  5.94157304661228558,115.7164480337960,#395d33
  5.92718184611886123,115.7090643759542,#395d33
  5.91278146989009201,115.7016986296079,#395d33
  5.89837194021885125,115.6943508061600,#395d33
  5.88395327941221424,115.6870209169854,#395d33
  5.86952550979139343,115.6797089734315,#395d33
  5.85508865369166820,115.6724149868175,#395d33
  5.84064273346241780,115.6651389684353,#395d33
  5.82618777146705469,115.6578809295487,#395d33
  5.81172379008295437,115.6506408813936,#395d33
  5.79725081170148737,115.6434188351781,#395d33
  5.78276885872795265,115.6362148020827,#395d33
  5.76827795358151274,115.6290287932596,#395d33
  5.75377811869521683,115.6218608198335,#395d33
  5.73926937651594127,115.6147108929008,#395d33
  5.72475174950431853,115.6075790235302,#395d33
  5.71022526013476650,115.6004652227623,#395d33
  5.69568993089542364,115.5933695016100,#395d33
  5.68114578428808148,115.5862918710579,#395d33
  5.66659284282821218,115.5792323420627,#395d33
  5.65203112904490546,115.5721909255532,#395d33
  5.63746066548079661,115.5651676324299,#395d33
  5.62288147469210031,115.5581624735656,#395d33
  5.60829357924854044,115.5511754598047,#395d33
  5.59369700173328432,115.5442066019636,#395d33
  5.57909176474297208,115.5372559108307,#395d33
  5.56447789088764999,115.5303233971662,#395d33
  5.54985540279070211,115.5234090717021,#395d33
  5.53522432308887957,115.5165129451425,#395d33
  5.52058467443223577,115.5096350281629,#395d33
  5.50593647948405618,115.5027753314110,#395d33
  5.49127976092088854,115.4959338655061,#395d33
  5.47661454143247539,115.4891106410393,#395d33
  5.46194084372168920,115.4823056685734,#395d33
  5.44725869050455636,115.4755189586432,#395d33
  5.43256810451019767,115.4687505217550,#395d33
  5.41786910848075109,115.4620003683868,#395d33
  5.40316172517140991,115.4552685089884,#395d33
  5.38844597735034991,115.4485549539812,#395d33
  5.37372188779866455,115.4418597137583,#395d33
  5.35898947931039160,115.4351827986845,#395d33
  5.34424877469245008,115.4285242190962,#395d33
  5.32949979676456564,115.4218839853013,#395d33
  5.31474256835930703,115.4152621075794,#395d33
  5.29997711232201496,115.4086585961818,#395d33
  5.28520345151073379,115.4020734613311,#395d33
  5.27042160879624344,115.3955067132217,#395d33
  5.25563160706197685,115.3889583620195,#395d33
  5.24083346920401105,115.3824284178616,#395d33
  5.22602721813098459,115.3759168908571,#395d33
  5.21121287676413925,115.3694237910863,#395d33
  5.19639046803719928,115.3629491286009,#395d33
  5.18156001489640872,115.3564929134243,#395d33
  5.16672154030045316,115.3500551555511,#395d33
  5.15187506722045008,115.3436358649476,#395d33
  5.13702061863986525,115.3372350515512,#395d33
  5.12215821755454215,115.3308527252710,#395d33
  5.10728788697263614,115.3244888959873,#395d33
  5.09240964991454792,115.3181435735517,#395d33
  5.07752352941294660,115.3118167677874,#395d33
  5.06262954851270841,115.3055084884886,#395d33
  5.04772773027084565,115.2992187454212,#395d33
  5.03281809775653333,115.2929475483220,#395d33
  5.01790067405104523,115.2866949068995,#395d33
  5.00297548224768462,115.2804608308331,#395d33
  4.98804254545181269,115.2742453297738,#395d33
  4.97310188678077747,115.2680484133436,#395d33
  4.95815352936385434,115.2618700911357,#395d33
  4.94319749634226380,115.2557103727148,#395d33
  4.92823381086911194,115.2495692676165,#395d33
  4.91326249610931765,115.2434467853478,#395d33
  4.89828357523964453,115.2373429353866,#395d33
  4.88329707144862990,115.2312577271823,#395d33
  4.86830300793651549,115.2251911701552,#395d33
  4.85330140791528386,115.2191432736969,#395d33
  4.83829229460857846,115.2131140471699,#395d33
  4.82327569125164679,115.2071034999079,#395d33
  4.80825162109135995,115.2011116412157,#395d33
  4.79322010738615134,115.1951384803692,#395d33
  4.77818117340594295,115.1891840266154,#395d33
  4.76313484243217733,115.1832482891720,#395d33
  4.74808113775774832,115.1773312772283,#395d33
  4.73302008268693175,115.1714329999440,#395d33
  4.71795170053541391,115.1655534664503,#395d33
  4.70287601463022664,115.1596926858490,#395d33
  4.68779304830967369,115.1538506672132,#395d33
  4.67270282492336353,115.1480274195868,#395d33
  4.65760536783213830,115.1422229519844,#395d33
  4.64250070040800633,115.1364372733920,#395d33
  4.62738884603416967,115.1306703927663,#395d33
  4.61226982810495745,115.1249223190347,#395d33
  4.59714367002575663,115.1191930610957,#395d33
  4.58201039521303777,115.1134826278187,#395d33
  4.56687002709429191,115.1077910280439,#395d33
  4.55172258910795424,115.1021182705823,#395d33
  4.53656810470344141,115.0964643642158,#395d33
  4.52140659734107686,115.0908293176970,#395d33
  4.50623809049202251,115.0852131397495,#395d33
  4.49106260763830978,115.0796158390675,#395d33
  4.47588017227277035,115.0740374243161,#395d33
  4.46069080789896333,115.0684779041310,#395d33
  4.44549453803121075,115.0629372871190,#395d33
  4.43029138619452212,115.0574155818572,#395d33
  4.41508137592452954,115.0519127968936,#395d33
  4.39986453076751438,115.0464289407471,#395d33
  4.38464087428033977,115.0409640219071,#395d33
  4.36941043003037954,115.0355180488336,#395d33
  4.35417322159555020,115.0300910299575,#395d33
  4.33892927256423633,115.0246829736802,#395d33
  4.32367860653522840,115.0192938883738,#395d33
  4.30842124711774499,115.0139237823810,#395d33
  4.29315721793136884,115.0085726640152,#395d33
  4.27788654260597401,115.0032405415602,#395d33
  4.26260924478175696,114.9979274232707,#395d33
  4.24732534810916551,114.9926333173718,#395d33
  4.23203487624883046,114.9873582320591,#395d33
  4.21673785287159486,114.9821021754989,#395d33
  4.20143430165844212,114.9768651558279,#395d33
  4.18612424630043112,114.9716471811535,#395d33
  4.17080771049872023,114.9664482595535,#395d33
  4.15548471796450247,114.9612683990762,#395d33
  4.14015529241892999,114.9561076077405,#395d33
  4.12481945759315050,114.9509658935356,#395d33
  4.10947723722823088,114.9458432644214,#395d33
  4.09412865507509061,114.9407397283280,#395d33
  4.07877373489453365,114.9356552931562,#395d33
  4.06341250045717217,114.9305899667769,#395d33
  4.04804497554336162,114.9255437570318,#395d33
  4.03267118394322921,114.9205166717328,#395d33
  4.01729114945660370,114.9155087186621,#395d33
  4.00190489589294174,114.9105199055726,#395d33
  3.98651244707136643,114.9055502401871,#395d33
  3.97111382682058656,114.9005997301992,#395d33
  3.95570905897883529,114.8956683832727,#395d33
  3.94029816739389283,114.8907562070416,#395d33
  3.92488117592302244,114.8858632091104,#395d33
  3.90945810843289454,114.8809893970538,#395d33
  3.89402898879961912,114.8761347784169,#395d33
  3.87859384090867909,114.8712993607149,#395d33
  3.86315268865485040,114.8664831514335,#395d33
  3.84770555594224284,114.8616861580286,#395d33
  3.83225246668422237,114.8569083879262,#395d33
  3.81679344480334048,114.8521498485227,#395d33
  3.80132851423137019,114.8474105471847,#395d33
  3.78585769890922919,114.8426904912490,#395d33
  3.77038102278691234,114.8379896880227,#395d33
  3.75489850982352102,114.8333081447828,#395d33
  3.73941018398719294,114.8286458687769,#395d33
  3.72391606925502927,114.8240028672224,#395d33
  3.70841618961312891,114.8193791473072,#395d33
  3.69291056905650272,114.8147747161890,#395d33
  3.67739923158905935,114.8101895809960,#395d33
  3.66188220122352659,114.8056237488261,#395d33
  3.64635950198148695,114.8010772267478,#395d33
  3.63083115789325594,114.7965500217993,#395d33
  3.61529719299792207,114.7920421409891,#395d33
  3.59975763134326154,114.7875535912958,#395d33
  3.58421249698572808,114.7830843796680,#395d33
  3.56866181399036764,114.7786345130244,#395d33
  3.55310560643086060,114.7742039982538,#395d33
  3.53754389838939742,114.7697928422148,#395d33
  3.52197671395671374,114.7654010517363,#395d33
  3.50640407723201486,114.7610286336171,#395d33
  3.49082601232295575,114.7566755946262,#395d33
  3.47524254334556160,114.7523419415022,#395d33
  3.45965369442426951,114.7480276809541,#395d33
  3.44405948969179843,114.7437328196607,#395d33
  3.42845995328919395,114.7394573642707,#395d33
  3.41285510936574266,114.7352013214029,#395d33
  3.39724498207896008,114.7309646976459,#395d33
  3.38162959559450638,114.7267474995584,#395d33
  3.36600897408621735,114.7225497336689,#395d33
  3.35038314173603347,114.7183714064759,#395d33
  3.33475212273392740,114.7142125244478,#395d33
  3.31911594127793519,114.7100730940228,#395d33
  3.30347462157408511,114.7059531216091,#395d33
  3.28782818783632536,114.7018526135847,#395d33
  3.27217666428655551,114.6977715762976,#395d33
  3.25652007515455377,114.6937100160654,#395d33
  3.24085844467790762,114.6896679391759,#395d33
  3.22519179710204273,114.6856453518864,#395d33
  3.20952015668014967,114.6816422604242,#395d33
  3.19384354767311729,114.6776586709864,#395d33
  3.17816199434955760,114.6736945897400,#395d33
  3.16247552098573737,114.6697500228215,#395d33
  3.14678415186550753,114.6658249763376,#395d33
  3.13108791128033070,114.6619194563645,#395d33
  3.11538682352921059,114.6580334689483,#395d33
  3.09968091291862136,114.6541670201047,#395d33
  3.08397020376253783,114.6503201158193,#395d33
  3.06825472038236224,114.6464927620474,#395d33
  3.05253448710685449,114.6426849647141,#395d33
  3.03680952827216100,114.6388967297140,#395d33
  3.02107986822174368,114.6351280629118,#395d33
  3.00534553130630977,114.6313789701416,#395d33
  2.98960654188383890,114.6276494572073,#395d33
  2.97386292431951427,114.6239395298824,#395d33
  2.95811470298564849,114.6202491939102,#395d33
  2.94236190226171690,114.6165784550036,#395d33
  2.92660454653428248,114.6129273188453,#395d33
  2.91084266019692706,114.6092957910874,#395d33
  2.89507626765027926,114.6056838773519,#395d33
  2.87930539330194435,114.6020915832301,#395d33
  2.86353006156643097,114.5985189142835,#395d33
  2.84775029686518266,114.5949658760426,#395d33
  2.83196612362650590,114.5914324740078,#395d33
  2.81617756628549687,114.5879187136492,#395d33
  2.80038464928407382,114.5844246004063,#395d33
  2.78458739707090297,114.5809501396883,#395d33
  2.76878583410132872,114.5774953368738,#395d33
  2.75297998483740258,114.5740601973113,#395d33
  2.73716987374781118,114.5706447263185,#395d33
  2.72135552530780567,114.5672489291829,#395d33
  2.70553696399922972,114.5638728111614,#395d33
  2.68971421431045021,114.5605163774806,#395d33
  2.67388730073628222,114.5571796333364,#395d33
  2.65805624777802318,114.5538625838944,#395d33
  2.64222107994337607,114.5505652342896,#395d33
  2.62638182174638235,114.5472875896265,#395d33
  2.61053849770744817,114.5440296549793,#395d33
  2.59469113235327331,114.5407914353915,#395d33
  2.57883975021678280,114.5375729358760,#395d33
  2.56298437583715044,114.5343741614154,#395d33
  2.54712503375973220,114.5311951169617,#395d33
  2.53126174853599251,114.5280358074361,#395d33
  2.51539454472353308,114.5248962377296,#395d33
  2.49952344688602279,114.5217764127025,#395d33
  2.48364847959312485,114.5186763371844,#395d33
  2.46776966742052517,114.5155960159747,#395d33
  2.45188703494986360,114.5125354538417,#395d33
  2.43600060676865970,114.5094946555236,#395d33
  2.42011040747034167,114.5064736257277,#395d33
  2.40421646165417791,114.5034723691308,#395d33
  2.38831879392520152,114.5004908903790,#395d33
  2.37241742889424101,114.4975291940880,#395d33
  2.35651239117784961,114.4945872848426,#395d33
  2.34060370539823159,114.4916651671973,#395d33
  2.32469139618327247,114.4887628456755,#395d33
  2.30877548816646794,114.4858803247704,#395d33
  2.29285600598684969,114.4830176089443,#395d33
  2.27693297428901786,114.4801747026290,#395d33
  2.26100641772306599,114.4773516102254,#395d33
  2.24507636094451257,114.4745483361039,#395d33
  2.22914282861432600,114.4717648846042,#395d33
  2.21320584539885790,114.4690012600354,#395d33
  2.19726543596976542,114.4662574666756,#395d33
  2.18132162500404592,114.4635335087726,#395d33
  2.16537443718396094,114.4608293905432,#395d33
  2.14942389719696703,114.4581451161736,#395d33
  2.13347002973574362,114.4554806898192,#395d33
  2.11751285949812074,114.4528361156049,#395d33
  2.10155241118700831,114.4502113976245,#395d33
  2.08558870951042463,114.4476065399414,#395d33
  2.06962177918142398,114.4450215465881,#395d33
  2.05365164491802554,114.4424564215664,#395d33
  2.03767833144324229,114.4399111688472,#395d33
  2.02170186348500813,114.4373857923709,#395d33
  2.00572226577610735,114.4348802960469,#395d33
  1.98973956305420230,114.4323946837538,#395d33
  1.97375378006176394,114.4299289593397,#395d33
  1.95776494154599545,114.4274831266217,#395d33
  1.94177307225886597,114.4250571893860,#395d33
  1.92577819695703556,114.4226511513882,#395d33
  1.90978034040178368,114.4202650163531,#395d33
  1.89377952735904032,114.4178987879746,#395d33
  1.87777578259929911,114.4155524699158,#395d33
  1.86176913089760521,114.4132260658090,#395d33
  1.84575959703346859,114.4109195792555,#395d33
  1.82974720579090788,114.4086330138261,#395d33
  1.81373198195831842,114.4063663730606,#395d33
  1.79771395032851511,114.4041196604678,#395d33
  1.78169313569864851,114.4018928795258,#395d33
  1.76566956287018861,114.3996860336819,#395d33
  1.74964325664884091,114.3974991263524,#395d33
  1.73361424184458834,114.3953321609229,#395d33
  1.71758254327156146,114.3931851407479,#395d33
  1.70154818574807876,114.3910580691513,#395d33
  1.68551119409656525,114.3889509494259,#395d33
  1.66947159314353377,114.3868637848336,#395d33
  1.65342940771950264,114.3847965786056,#395d33
  1.63738466265902538,114.3827493339421,#395d33
  1.62133738280061879,114.3807220540123,#395d33
  1.60528759298668855,114.3787147419547,#395d33
  1.58923531806356033,114.3767274008766,#395d33
  1.57318058288140716,114.3747600338548,#395d33
  1.55712341229417683,114.3728126439348,#395d33
  1.54106383115963208,114.3708852341312,#395d33
  1.52500186433922269,114.3689778074280,#395d33
  1.50893753669812525,114.3670903667779,#395d33
  1.49287087310515965,114.3652229151029,#395d33
  1.47680189843277399,114.3633754552939,#395d33
  1.46073063755695953,114.3615479902109,#395d33
  1.44465711535728092,114.3597405226830,#395d33
  1.42858135671680331,114.3579530555082,#395d33
  1.41250338652202023,114.3561855914538,#395d33
  1.39642322966288313,114.3544381332558,#395d33
  1.38034091103272827,114.3527106836195,#395d33
  1.36425645552820418,114.3510032452192,#395d33
  1.34816988804930182,114.3493158206979,#395d33
  1.33208123349928220,114.3476484126681,#395d33
  1.31599051678460222,114.3460010237110,#395d33
  1.29989776281494551,114.3443736563769,#395d33
  1.28380299650315011,114.3427663131851,#395d33
  1.26770624276513466,114.3411789966238,#395d33
  1.25160752651992868,114.3396117091503,#395d33
  1.23550687268959991,114.3380644531910,#395d33
  1.21940430619918150,114.3365372311411,#395d33
  1.20329985197670153,114.3350300453648,#395d33
  1.18719353495311064,114.3335428981955,#395d33
  1.17108538006220875,114.3320757919353,#395d33
  1.15497541224067568,114.3306287288554,#395d33
  1.13886365642799747,114.3292017111959,#395d33
  1.12275013756639352,114.3277947411661,#395d33
  1.10663488060084725,114.3264078209440,#395d33
  1.09051791047903324,114.3250409526767,#395d33
  1.07439925215124266,114.3236941384801,#395d33
  1.05827893057041567,114.3223673804393,#395d33
  1.04215697069206659,114.3210606806082,#395d33
  1.02603339747421152,114.3197740410097,#395d33
  1.00990823587739920,114.3185074636355,#395d33
  0.99378151086463662,114.3172609504465,#395d33
  0.97765324740131687,114.3160345033723,#395d33
  0.96152347045524933,114.3148281243115,#395d33
  0.94539220499658616,114.3136418151318,#395d33
  0.92925947599774916,114.3124755776696,#395d33
  0.91312530843346051,114.3113294137304,#395d33
  0.89698972728066995,114.3102033250885,#395d33
  0.88085275751847991,114.3090973134872,#395d33
  0.86471442412817801,114.3080113806387,#395d33
  0.84857475209316235,114.3069455282240,#395d33
  0.83243376639886879,114.3058997578933,#395d33
  0.81629149203280171,114.3048740712653,#395d33
  0.80014795398446048,114.3038684699281,#395d33
  0.78400317724526569,114.3028829554383,#395d33
  0.76785718680859061,114.3019175293216,#395d33
  0.75171000766968699,114.3009721930725,#395d33
  0.73556166482561258,114.3000469481544,#395d33
  0.71941218327526091,114.2991417959999,#395d33
  0.70326158801928862,114.2982567380100,#395d33
  0.68710990406004158,114.2973917755549,#395d33
  0.67095715640158571,114.2965469099737,#395d33
  0.65480337004963374,114.2957221425742,#395d33
  0.63864857001147179,114.2949174746334,#395d33
  0.62249278129598962,114.2941329073967,#395d33
  0.60633602891360783,114.2933684420789,#395d33
  0.59017833787620388,114.2926240798634,#395d33
  0.57401973319714339,114.2918998219025,#395d33
  0.55786023989120603,114.2911956693175,#395d33
  0.54169988297451266,114.2905116231983,#395d33
  0.52553868746455568,114.2898476846040,#395d33
  0.50937667838012568,114.2892038545623,#395d33
  0.49321388074123818,114.2885801340701,#395d33
  0.47705031956916383,114.2879765240928,#395d33
  0.46088601988635564,114.2873930255649,#395d33
  0.44472100671637493,114.2868296393897,#395d33
  0.42855530508392242,114.2862863664393,#395d33
  0.41238894001476445,114.2857632075548,#395d33
  0.39622193653566001,114.2852601635461,#395d33
  0.38005431967439074,114.2847772351919,#395d33
  0.36388611445968805,114.2843144232398,#395d33
  0.34771734592115949,114.2838717284064,#395d33
  0.33154803908931929,114.2834491513769,#395d33
  0.31537821899550339,114.2830466928054,#395d33
  0.29920791067185398,114.2826643533152,#395d33
  0.28303713915123435,114.2823021334979,#395d33
  0.26686592946727106,114.2819600339145,#395d33
  0.25069430665422282,114.2816380550944,#395d33
  0.23452229574702235,114.2813361975362,#395d33
  0.21834992178119197,114.2810544617071,#395d33
  0.20217720979282727,114.2807928480432,#395d33
  0.18600418481851266,114.2805513569496,#395d33
  0.16983087189536322,114.2803299888002,#395d33
  0.15365729606089359,114.2801287439375,#395d33
  0.13748348235306004,114.2799476226733,#395d33
  0.12130945581017563,114.2797866252877,#395d33
  0.10513524147089436,114.2796457520302,#395d33
  0.08896086437412633,114.2795250031187,#395d33
  0.07278634955907984,114.2794243787402,#395d33
  0.05661172206513013,114.2793438790505,#395d33
  0.04043700693186159,114.2792835041741,#395d33
  0.02426222919898266,114.2792432542046,#395d33
  0.00808741390631030,114.2792231292043,#395d33
 -0.00808741390631507,114.2792231292043,#395d33
 -0.02426222919898744,114.2792432542046,#395d33
 -0.04043700693186636,114.2792835041741,#395d33
 -0.05661172206513491,114.2793438790505,#395d33
 -0.07278634955908461,114.2794243787402,#395d33
 -0.08896086437413112,114.2795250031187,#395d33
 -0.10513524147089912,114.2796457520302,#395d33
 -0.12130945581018039,114.2797866252877,#395d33
 -0.13748348235306482,114.2799476226733,#395d33
 -0.15365729606089834,114.2801287439375,#395d33
 -0.16983087189536800,114.2803299888002,#395d33
 -0.18600418481851747,114.2805513569496,#395d33
 -0.20217720979283205,114.2807928480432,#395d33
 -0.21834992178119675,114.2810544617071,#395d33
 -0.23452229574702715,114.2813361975362,#395d33
 -0.25069430665422754,114.2816380550944,#395d33
 -0.26686592946727583,114.2819600339145,#395d33
 -0.28303713915123913,114.2823021334979,#395d33
 -0.29920791067185876,114.2826643533152,#395d33
 -0.31537821899551971,114.2830466928054,#395d33
 -0.33154803908932406,114.2834491513769,#395d33
 -0.34771734592116427,114.2838717284064,#395d33
 -0.36388611445969282,114.2843144232398,#395d33
 -0.38005431967439551,114.2847772351919,#395d33
 -0.39622193653566479,114.2852601635461,#395d33
 -0.41238894001476922,114.2857632075548,#395d33
 -0.42855530508392720,114.2862863664393,#395d33
 -0.44472100671637965,114.2868296393897,#395d33
 -0.46088601988636035,114.2873930255649,#395d33
 -0.47705031956916860,114.2879765240928,#395d33
 -0.49321388074124295,114.2885801340701,#395d33
 -0.50937667838013045,114.2892038545623,#395d33
 -0.52553868746456045,114.2898476846040,#395d33
 -0.54169988297451743,114.2905116231983,#395d33
 -0.55786023989121081,114.2911956693175,#395d33
 -0.57401973319714816,114.2918998219025,#395d33
 -0.59017833787620866,114.2926240798634,#395d33
 -0.60633602891361260,114.2933684420789,#395d33
 -0.62249278129599439,114.2941329073967,#395d33
 -0.63864857001147657,114.2949174746334,#395d33
 -0.65480337004963851,114.2957221425742,#395d33
 -0.67095715640159048,114.2965469099737,#395d33
 -0.68710990406004635,114.2973917755549,#395d33
 -0.70326158801929339,114.2982567380100,#395d33
 -0.71941218327526579,114.2991417959999,#395d33
 -0.73556166482561736,114.3000469481544,#395d33
 -0.75171000766969176,114.3009721930725,#395d33
 -0.76785718680859538,114.3019175293216,#395d33
 -0.78400317724527047,114.3028829554383,#395d33
 -0.80014795398446514,114.3038684699281,#395d33
 -0.81629149203280649,114.3048740712653,#395d33
 -0.83243376639887356,114.3058997578933,#395d33
 -0.84857475209316702,114.3069455282240,#395d33
 -0.86471442412818278,114.3080113806387,#395d33
 -0.88085275751848469,114.3090973134872,#395d33
 -0.89698972728067461,114.3102033250885,#395d33
 -0.91312530843346540,114.3113294137304,#395d33
 -0.92925947599775383,114.3124755776696,#395d33
 -0.94539220499659082,114.3136418151318,#395d33
 -0.96152347045525399,114.3148281243115,#395d33
 -0.97765324740132165,114.3160345033723,#395d33
 -0.99378151086464128,114.3172609504465,#395d33
 -1.00990823587740386,114.3185074636355,#395d33
 -1.02603339747421618,114.3197740410097,#395d33
 -1.04215697069207125,114.3210606806082,#395d33
 -1.05827893057042033,114.3223673804393,#395d33
 -1.07439925215124754,114.3236941384801,#395d33
 -1.09051791047903790,114.3250409526767,#395d33
 -1.10663488060085213,114.3264078209440,#395d33
 -1.12275013756639819,114.3277947411661,#395d33
 -1.13886365642800236,114.3292017111959,#395d33
 -1.15497541224068057,114.3306287288554,#395d33
 -1.17108538006221363,114.3320757919353,#395d33
 -1.18719353495311530,114.3335428981955,#395d33
 -1.20329985197670619,114.3350300453648,#395d33
 -1.21940430619918616,114.3365372311411,#395d33
 -1.23550687268960480,114.3380644531910,#395d33
 -1.25160752651993357,114.3396117091503,#395d33
 -1.26770624276513932,114.3411789966238,#395d33
 -1.28380299650315499,114.3427663131851,#395d33
 -1.29989776281495040,114.3443736563769,#395d33
 -1.31599051678460688,114.3460010237110,#395d33
 -1.33208123349928687,114.3476484126681,#395d33
 -1.34816988804930649,114.3493158206979,#395d33
 -1.36425645552820884,114.3510032452192,#395d33
 -1.38034091103273293,114.3527106836195,#395d33
 -1.39642322966288801,114.3544381332558,#395d33
 -1.41250338652202512,114.3561855914538,#395d33
 -1.42858135671680819,114.3579530555082,#395d33
 -1.44465711535729713,114.3597405226830,#395d33
 -1.46073063755696420,114.3615479902109,#395d33
 -1.47680189843277887,114.3633754552939,#395d33
 -1.49287087310516453,114.3652229151029,#395d33
 -1.50893753669812991,114.3670903667779,#395d33
 -1.52500186433922758,114.3689778074280,#395d33
 -1.54106383115963697,114.3708852341312,#395d33
 -1.55712341229418150,114.3728126439348,#395d33
 -1.57318058288141183,114.3747600338548,#395d33
 -1.58923531806356499,114.3767274008766,#395d33
 -1.60528759298669321,114.3787147419547,#395d33
 -1.62133738280062367,114.3807220540123,#395d33
 -1.63738466265904159,114.3827493339421,#395d33
 -1.65342940771950730,114.3847965786056,#395d33
 -1.66947159314353843,114.3868637848336,#395d33
 -1.68551119409656991,114.3889509494259,#395d33
 -1.70154818574808342,114.3910580691513,#395d33
 -1.71758254327156612,114.3931851407479,#395d33
 -1.73361424184459301,114.3953321609229,#395d33
 -1.74964325664884557,114.3974991263524,#395d33
 -1.76566956287019328,114.3996860336819,#395d33
 -1.78169313569865317,114.4018928795258,#395d33
 -1.79771395032851977,114.4041196604678,#395d33
 -1.81373198195832308,114.4063663730606,#395d33
 -1.82974720579091255,114.4086330138261,#395d33
 -1.84575959703347348,114.4109195792555,#395d33
 -1.86176913089760987,114.4132260658090,#395d33
 -1.87777578259930378,114.4155524699158,#395d33
 -1.89377952735904498,114.4178987879746,#395d33
 -1.90978034040178835,114.4202650163531,#395d33
 -1.92577819695704022,114.4226511513882,#395d33
 -1.94177307225887086,114.4250571893860,#395d33
 -1.95776494154600011,114.4274831266217,#395d33
 -1.97375378006175706,114.4299289593397,#395d33
 -1.98973956305420718,114.4323946837538,#395d33
 -2.00572226577611179,114.4348802960469,#395d33
 -2.02170186348501257,114.4373857923709,#395d33
 -2.03767833144324673,114.4399111688472,#395d33
 -2.05365164491803043,114.4424564215664,#395d33
 -2.06962177918141732,114.4450215465881,#395d33
 -2.08558870951042952,114.4476065399414,#395d33
 -2.10155241118701319,114.4502113976245,#395d33
 -2.11751285949812562,114.4528361156049,#395d33
 -2.13347002973574851,114.4554806898192,#395d33
 -2.14942389719697191,114.4581451161736,#395d33
 -2.16537443718396583,114.4608293905432,#395d33
 -2.18132162500405036,114.4635335087726,#395d33
 -2.19726543596976986,114.4662574666756,#395d33
 -2.21320584539886278,114.4690012600354,#395d33
 -2.22914282861433088,114.4717648846042,#395d33
 -2.24507636094451746,114.4745483361039,#395d33
 -2.26100641772307087,114.4773516102254,#395d33
 -2.27693297428902230,114.4801747026290,#395d33
 -2.29285600598685457,114.4830176089443,#395d33
 -2.30877548816647238,114.4858803247704,#395d33
 -2.32469139618327691,114.4887628456755,#395d33
 -2.34060370539823603,114.4916651671973,#395d33
 -2.35651239117785449,114.4945872848426,#395d33
 -2.37241742889424589,114.4975291940880,#395d33
 -2.38831879392520641,114.5004908903790,#395d33
 -2.40421646165418279,114.5034723691308,#395d33
 -2.42011040747034611,114.5064736257277,#395d33
 -2.43600060676866415,114.5094946555236,#395d33
 -2.45188703494986848,114.5125354538417,#395d33
 -2.46776966742052961,114.5155960159747,#395d33
 -2.48364847959312929,114.5186763371844,#395d33
 -2.49952344688602768,114.5217764127025,#395d33
 -2.51539454472353796,114.5248962377296,#395d33
 -2.53126174853599739,114.5280358074361,#395d33
 -2.54712503375973665,114.5311951169617,#395d33
 -2.56298437583715488,114.5343741614154,#395d33
 -2.57883975021678769,114.5375729358760,#395d33
 -2.59469113235327820,114.5407914353915,#395d33
 -2.61053849770745261,114.5440296549793,#395d33
 -2.62638182174638724,114.5472875896265,#395d33
 -2.64222107994338096,114.5505652342896,#395d33
 -2.65805624777802763,114.5538625838944,#395d33
 -2.67388730073628711,114.5571796333364,#395d33
 -2.68971421431045465,114.5605163774806,#395d33
 -2.70553696399923460,114.5638728111614,#395d33
 -2.72135552530781011,114.5672489291829,#395d33
 -2.73716987374781606,114.5706447263185,#395d33
 -2.75297998483740747,114.5740601973113,#395d33
 -2.76878583410133317,114.5774953368738,#395d33
 -2.78458739707090785,114.5809501396883,#395d33
 -2.80038464928407826,114.5844246004063,#395d33
 -2.81617756628550175,114.5879187136492,#395d33
 -2.83196612362651035,114.5914324740078,#395d33
 -2.84775029686518755,114.5949658760426,#395d33
 -2.86353006156643541,114.5985189142835,#395d33
 -2.87930539330194879,114.6020915832301,#395d33
 -2.89507626765028414,114.6056838773519,#395d33
 -2.91084266019693150,114.6092957910874,#395d33
 -2.92660454653428737,114.6129273188453,#395d33
 -2.94236190226172134,114.6165784550036,#395d33
 -2.95811470298565293,114.6202491939102,#395d33
 -2.97386292431951826,114.6239395298824,#395d33
 -2.98960654188384378,114.6276494572073,#395d33
 -3.00534553130631465,114.6313789701416,#395d33
 -3.02107986822174857,114.6351280629119,#395d33
 -3.03680952827216544,114.6388967297140,#395d33
 -3.05253448710685893,114.6426849647141,#395d33
 -3.06825472038236713,114.6464927620474,#395d33
 -3.08397020376254272,114.6503201158193,#395d33
 -3.09968091291862624,114.6541670201047,#395d33
 -3.11538682352921548,114.6580334689483,#395d33
 -3.13108791128033515,114.6619194563645,#395d33
 -3.14678415186551197,114.6658249763376,#395d33
 -3.16247552098574181,114.6697500228215,#395d33
 -3.17816199434956159,114.6736945897400,#395d33
 -3.19384354767312173,114.6776586709864,#395d33
 -3.20952015668015456,114.6816422604242,#395d33
 -3.22519179710204762,114.6856453518864,#395d33
 -3.24085844467791251,114.6896679391759,#395d33
 -3.25652007515455866,114.6937100160654,#395d33
 -3.27217666428657061,114.6977715762976,#395d33
 -3.28782818783632935,114.7018526135847,#395d33
 -3.30347462157408911,114.7059531216091,#395d33
 -3.31911594127793963,114.7100730940228,#395d33
 -3.33475212273393185,114.7142125244478,#395d33
 -3.35038314173603835,114.7183714064759,#395d33
 -3.36600897408623334,114.7225497336689,#395d33
 -3.38162959559451082,114.7267474995584,#395d33
 -3.39724498207896497,114.7309646976459,#395d33
 -3.41285510936574710,114.7352013214029,#395d33
 -3.42845995328919839,114.7394573642707,#395d33
 -3.44405948969180331,114.7437328196607,#395d33
 -3.45965369442427351,114.7480276809541,#395d33
 -3.47524254334556648,114.7523419415022,#395d33
 -3.49082601232296019,114.7566755946262,#395d33
 -3.50640407723201930,114.7610286336171,#395d33
 -3.52197671395671907,114.7654010517363,#395d33
 -3.53754389838940186,114.7697928422148,#395d33
 -3.55310560643086504,114.7742039982538,#395d33
 -3.56866181399037163,114.7786345130244,#395d33
 -3.58421249698573208,114.7830843796680,#395d33
 -3.59975763134326554,114.7875535912958,#395d33
 -3.61529719299792607,114.7920421409891,#395d33
 -3.63083115789326083,114.7965500217993,#395d33
 -3.64635950198149139,114.8010772267478,#395d33
 -3.66188220122353103,114.8056237488261,#395d33
 -3.67739923158906423,114.8101895809960,#395d33
 -3.69291056905650716,114.8147747161890,#395d33
 -3.70841618961313380,114.8193791473072,#395d33
 -3.72391606925503416,114.8240028672224,#395d33
 -3.73941018398719738,114.8286458687769,#395d33
 -3.75489850982352591,114.8333081447828,#395d33
 -3.77038102278691678,114.8379896880227,#395d33
 -3.78585769890922252,114.8426904912490,#395d33
 -3.80132851423137463,114.8474105471847,#395d33
 -3.81679344480334537,114.8521498485227,#395d33
 -3.83225246668422637,114.8569083879262,#395d33
 -3.84770555594224817,114.8616861580286,#395d33
 -3.86315268865485528,114.8664831514335,#395d33
 -3.87859384090868309,114.8712993607149,#395d33
 -3.89402898879962400,114.8761347784169,#395d33
 -3.90945810843289854,114.8809893970538,#395d33
 -3.92488117592302643,114.8858632091104,#395d33
 -3.94029816739389815,114.8907562070416,#395d33
 -3.95570905897883973,114.8956683832727,#395d33
 -3.97111382682059144,114.9005997301992,#395d33
 -3.98651244707137042,114.9055502401871,#395d33
 -4.00190489589294618,114.9105199055726,#395d33
 -4.01729114945660726,114.9155087186622,#395d33
 -4.03267118394323454,114.9205166717328,#395d33
 -4.04804497554336695,114.9255437570318,#395d33
 -4.06341250045717661,114.9305899667769,#395d33
 -4.07877373489453809,114.9356552931562,#395d33
 -4.09412865507509505,114.9407397283280,#395d33
 -4.10947723722823532,114.9458432644214,#395d33
 -4.12481945759315494,114.9509658935356,#395d33
 -4.14015529241893443,114.9561076077405,#395d33
 -4.15548471796450691,114.9612683990762,#395d33
 -4.17080771049872556,114.9664482595535,#395d33
 -4.18612424630043556,114.9716471811535,#395d33
 -4.20143430165844656,114.9768651558279,#395d33
 -4.21673785287159930,114.9821021754989,#395d33
 -4.23203487624883490,114.9873582320591,#395d33
 -4.24732534810916995,114.9926333173718,#395d33
 -4.26260924478176140,114.9979274232708,#395d33
 -4.27788654260597845,115.0032405415602,#395d33
 -4.29315721793137328,115.0085726640152,#395d33
 -4.30842124711774943,115.0139237823810,#395d33
 -4.32367860653523195,115.0192938883738,#395d33
 -4.33892927256424077,115.0246829736802,#395d33
 -4.35417322159555464,115.0300910299575,#395d33
 -4.36941043003038487,115.0355180488336,#395d33
 -4.38464087428034421,115.0409640219071,#395d33
 -4.39986453076751882,115.0464289407471,#395d33
 -4.41508137592453398,115.0519127968936,#395d33
 -4.43029138619452656,115.0574155818572,#395d33
 -4.44549453803121519,115.0629372871190,#395d33
 -4.46069080789896777,115.0684779041310,#395d33
 -4.47588017227277479,115.0740374243161,#395d33
 -4.49106260763831422,115.0796158390675,#395d33
 -4.50623809049202606,115.0852131397495,#395d33
 -4.52140659734108130,115.0908293176970,#395d33
 -4.53656810470344585,115.0964643642158,#395d33
 -4.55172258910795868,115.1021182705823,#395d33
 -4.56687002709429635,115.1077910280439,#395d33
 -4.58201039521304221,115.1134826278187,#395d33
 -4.59714367002576108,115.1191930610957,#395d33
 -4.61226982810496278,115.1249223190347,#395d33
 -4.62738884603417500,115.1306703927663,#395d33
 -4.64250070040801077,115.1364372733920,#395d33
 -4.65760536783214274,115.1422229519844,#395d33
 -4.67270282492336797,115.1480274195868,#395d33
 -4.68779304830967813,115.1538506672132,#395d33
 -4.70287601463023108,115.1596926858490,#395d33
 -4.71795170053541835,115.1655534664503,#395d33
 -4.73302008268693619,115.1714329999440,#395d33
 -4.74808113775775276,115.1773312772283,#395d33
 -4.76313484243218177,115.1832482891720,#395d33
 -4.77818117340594739,115.1891840266154,#395d33
 -4.79322010738615578,115.1951384803692,#395d33
 -4.80825162109136439,115.2011116412157,#395d33
 -4.82327569125165123,115.2071034999079,#395d33
 -4.83829229460858290,115.2131140471699,#395d33
 -4.85330140791529896,115.2191432736969,#395d33
 -4.86830300793651993,115.2251911701552,#395d33
 -4.88329707144863434,115.2312577271823,#395d33
 -4.89828357523964897,115.2373429353866,#395d33
 -4.91326249610932209,115.2434467853478,#395d33
 -4.92823381086911638,115.2495692676165,#395d33
 -4.94319749634227890,115.2557103727148,#395d33
 -4.95815352936385878,115.2618700911357,#395d33
 -4.97310188678078191,115.2680484133436,#395d33
 -4.98804254545181713,115.2742453297738,#395d33
 -5.00297548224768907,115.2804608308332,#395d33
 -5.01790067405104967,115.2866949068995,#395d33
 -5.03281809775654843,115.2929475483220,#395d33
 -5.04772773027085009,115.2992187454212,#395d33
 -5.06262954851271285,115.3055084884886,#395d33
 -5.07752352941295104,115.3118167677874,#395d33
 -5.09240964991455236,115.3181435735517,#395d33
 -5.10728788697264058,115.3244888959873,#395d33
 -5.12215821755455725,115.3308527252710,#395d33
 -5.13702061863986970,115.3372350515512,#395d33
 -5.15187506722045452,115.3436358649476,#395d33
 -5.16672154030045760,115.3500551555511,#395d33
 -5.18156001489641316,115.3564929134243,#395d33
 -5.19639046803720372,115.3629491286009,#395d33
 -5.21121287676414369,115.3694237910863,#395d33
 -5.22602721813098903,115.3759168908571,#395d33
 -5.24083346920401461,115.3824284178616,#395d33
 -5.25563160706198129,115.3889583620195,#395d33
 -5.27042160879624788,115.3955067132217,#395d33
 -5.28520345151073823,115.4020734613311,#395d33
 -5.29997711232201940,115.4086585961818,#395d33
 -5.31474256835931147,115.4152621075794,#395d33
 -5.32949979676457009,115.4218839853013,#395d33
 -5.34424877469244297,115.4285242190961,#395d33
 -5.35898947931039604,115.4351827986845,#395d33
 -5.37372188779866899,115.4418597137583,#395d33
 -5.38844597735035435,115.4485549539812,#395d33
 -5.40316172517141435,115.4552685089884,#395d33
 -5.41786910848075465,115.4620003683868,#395d33
 -5.43256810451019057,115.4687505217550,#395d33
 -5.44725869050456080,115.4755189586432,#395d33
 -5.46194084372169364,115.4823056685735,#395d33
 -5.47661454143247983,115.4891106410393,#395d33
 -5.49127976092089298,115.4959338655061,#395d33
 -5.50593647948406062,115.5027753314110,#395d33
 -5.52058467443223044,115.5096350281629,#395d33
 -5.53522432308888401,115.5165129451425,#395d33
 -5.54985540279070655,115.5234090717021,#395d33
 -5.56447789088765443,115.5303233971662,#395d33
 -5.57909176474297652,115.5372559108307,#395d33
 -5.59369700173328877,115.5442066019636,#395d33
 -5.60829357924853422,115.5511754598047,#395d33
 -5.62288147469210475,115.5581624735656,#395d33
 -5.63746066548080105,115.5651676324299,#395d33
 -5.65203112904490901,115.5721909255532,#395d33
 -5.66659284282821663,115.5792323420627,#395d33
 -5.68114578428808592,115.5862918710579,#395d33
 -5.69568993089541653,115.5933695016100,#395d33
 -5.71022526013477005,115.6004652227624,#395d33
 -5.72475174950432297,115.6075790235302,#395d33
 -5.73926937651594571,115.6147108929008,#395d33
 -5.75377811869522127,115.6218608198335,#395d33
 -5.76827795358151718,115.6290287932597,#395d33
 -5.78276885872794644,115.6362148020827,#395d33
 -5.79725081170149092,115.6434188351781,#395d33
 -5.81172379008295792,115.6506408813936,#395d33
 -5.82618777146705913,115.6578809295487,#395d33
 -5.84064273346242224,115.6651389684353,#395d33
 -5.85508865369167175,115.6724149868175,#395d33
 -5.86952550979139787,115.6797089734315,#395d33
 -5.88395327941221868,115.6870209169854,#395d33
 -5.89837194021885480,115.6943508061600,#395d33
 -5.91278146989009556,115.7016986296079,#395d33
 -5.92718184611886567,115.7090643759542,#395d33
 -5.94157304661228913,115.7164480337960,#395d33
 -5.95595504909166706,115.7238495917031,#395d33
 -5.97032783129253986,115.7312690382171,#395d33
 -5.98469137096474757,115.7387063618522,#395d33
 -5.99904564587241307,115.7461615510948,#395d33
 -6.01339063379399885,115.7536345944037,#395d33
 -6.02772631252237812,115.7611254802101,#395d33
 -6.04205265986479922,115.7686341969176,#395d33
 -6.05636965364296209,115.7761607329019,#395d33
 -6.07067727169307414,115.7837050765116,#395d33
 -6.08497549186582631,115.7912672160672,#395d33
 -6.09926429202646059,115.7988471398622,#395d33
 -6.11354365005482947,115.8064448361621,#395d33
 -6.12781354384537558,115.8140602932051,#395d33
 -6.14207395130718936,115.8216934992020,#395d33
 -6.15632485036407751,115.8293444423359,#395d33
 -6.17056621895454072,115.8370131107626,#395d33
 -6.18479803503182612,115.8446994926104,#395d33
 -6.19902027656400723,115.8524035759802,#395d33
 -6.21323292153394213,115.8601253489454,#395d33
 -6.22743594793935085,115.8678647995522,#395d33
 -6.24162933379287033,115.8756219158193,#395d33
 -6.25581305712203317,115.8833966857381,#395d33
 -6.26998709596933956,115.8911890972726,#395d33
 -6.28415142839227325,115.8989991383596,#395d33
 -6.29830603246337262,115.9068267969085,#395d33
 -6.31245088627019779,115.9146720608015,#395d33
 -6.32658596791544170,115.9225349178936,#395d33
 -6.34071125551689629,115.9304153560124,#395d33
 -6.35482672720752717,115.9383133629584,#395d33
 -6.36893236113548067,115.9462289265049,#395d33
 -6.38302813546416736,115.9541620343979,#395d33
 -6.39711402837221943,115.9621126743565,#395d33
 -6.41119001805360700,115.9700808340723,#395d33
 -6.42525608271760174,115.9780665012102,#395d33
 -6.43931220058884612,115.9860696634076,#395d33
 -6.45335834990737656,115.9940903082750,#395d33
 -6.46739450892868639,116.0021284233959,#395d33
 -6.48142065592370020,116.0101839963266,#395d33
 -6.49543676917887680,116.0182570145965,#395d33
 -6.50944282699618082,116.0263474657079,#395d33
 -6.52343880769315287,116.0344553371362,#395d33
 -6.53742468960292200,116.0425806163298,#395d33
 -6.55140045107428648,116.0507232907101,#395d33
 -6.56536607047166498,116.0588833476716,#395d33
 -6.57932152617522004,116.0670607745820,#395d33
 -6.59326679658081805,116.0752555587819,#395d33
 -6.60720186010010568,116.0834676875852,#395d33
 -6.62112669516051611,116.0916971482788,#395d33
 -6.63504128020534711,116.0999439281230,#395d33
 -6.64894559369373095,116.1082080143510,#395d33
 -6.66283961410073289,116.1164893941695,#395d33
 -6.67672331991732637,116.1247880547582,#395d33
 -6.69059668965046228,116.1331039832701,#395d33
 -6.70445970182308493,116.1414371668316,#395d33
 -6.71831233497419866,116.1497875925422,#395d33
 -6.73215456765883502,116.1581552474749,#395d33
 -6.74598637844817350,116.1665401186758,#395d33
 -6.75980774592948830,116.1749421931646,#395d33
 -6.77361864870623709,116.1833614579341,#395d33
 -6.78741906539806461,116.1917978999507,#395d33
 -6.80120897464087992,116.2002515061542,#395d33
 -6.81498835508681999,116.2087222634576,#395d33
 -6.82875718540435628,116.2172101587476,#395d33
 -6.84251544427826808,116.2257151788844,#395d33
 -6.85626311040970737,116.2342373107014,#395d33
 -6.87000016251621570,116.2427765410058,#395d33
 -6.88372657933179344,116.2513328565781,#395d33
 -6.89744233960686959,116.2599062441725,#395d33
 -6.91114742210840394,116.2684966905168,#395d33
 -6.92484180561986395,116.2771041823123,#395d33
 -6.93852546894128519,116.2857287062339,#395d33
 -6.95219839088928904,116.2943702489302,#395d33
 -6.96586055029715467,116.3030287970233,#395d33
 -6.97951192601478709,116.3117043371093,#395d33
 -6.99315249690882013,116.3203968557577,#395d33
 -7.00678224186258714,116.3291063395119,#395d33
 -7.02040113977618940,116.3378327748888,#395d33
 -7.03400916956651123,116.3465761483792,#395d33
 -7.04760631016729189,116.3553364464478,#395d33
 -7.06119254052908651,116.3641136555329,#395d33
 -7.07476783961938249,116.3729077620468,#395d33
 -7.08833218642255591,116.3817187523754,#395d33
 -7.10188555993995152,116.3905466128787,#395d33
 -7.11542793918989069,116.3993913298905,#395d33
 -7.12895930320774163,116.4082528897185,#395d33
 -7.14247963104589267,116.4171312786442,#395d33
 -7.15598890177384561,116.4260264829233,#395d33
 -7.16948709447819965,116.4349384887853,#395d33
 -7.18297418826270917,116.4438672824337,#395d33
 -7.19645016224830147,116.4528128500461,#395d33
 -7.20991499557314786,116.4617751777740,#395d33
 -7.22336866739262362,116.4707542517430,#395d33
 -7.23681115687942889,116.4797500580529,#395d33
 -7.25024244322354061,116.4887625827775,#395d33
 -7.26366250563228899,116.4977918119646,#395d33
 -7.27707132333037254,116.5068377316363,#395d33
 -7.29046887555992384,116.5159003277889,#395d33
 -7.30385514158047844,116.5249795863927,#395d33
 -7.31723010066908053,116.5340754933923,#395d33
 -7.33059373212025278,116.5431880347066,#395d33
 -7.34394601524606028,116.5523171962287,#395d33
 -7.35728692937612561,116.5614629638259,#395d33
 -7.37061645385770703,116.5706253233399,#395d33
 -7.38393456805565762,116.5798042605866,#395d33
 -7.39724125135249988,116.5889997613562,#395d33
 -7.41053648314847724,116.5982118114136,#395d33
 -7.42382024286153808,116.6074403964977,#395d33
 -7.43709250992738369,116.6166855023219,#395d33
 -7.45035326379953933,116.6259471145741,#395d33
 -7.46360248394932313,116.6352252189166,#395d33
 -7.47684014986591094,116.6445198009862,#395d33
 -7.49006624105639229,116.6538308463941,#395d33
 -7.50328073704574461,116.6631583407262,#395d33
 -7.51648361737690074,116.6725022695428,#395d33
 -7.52967486161080046,116.6818626183787,#395d33
 -7.54285444932636739,116.6912393727434,#395d33
 -7.55602236012057382,116.7006325181209,#395d33
 -7.56917857360849489,116.7100420399700,#395d33
-53.07043173318071894, 71.2087888803978,#395d33
-53.06102221133163965, 71.1956326669099,#395d33
-53.05162906595410277, 71.1824647561156,#395d33
-53.04225231158940801, 71.1692851684001,#395d33
-53.03289196275351713, 71.1560939241662,#395d33
-53.02354803393695448, 71.1428910438350,#395d33
-53.01422053960484959, 71.1296765478457,#395d33
-53.00490949419688747, 71.1164504566552,#395d33
-52.99561491212728725, 71.1032127907386,#395d33
-52.98633680778477384, 71.0899635705888,#395d33
-52.97707519553256361, 71.0767028167167,#395d33
-52.96783008970837159, 71.0634305496508,#395d33
-52.95860150462431193, 71.0501467899378,#395d33
-52.94938945456695478, 71.0368515581418,#395d33
-52.94019395379726234, 71.0235448748449,#395d33
-52.93101501655058883, 71.0102267606470,#395d33
-52.92185265703663788, 70.9968972361654,#395d33
-52.91270688943943412, 70.9835563220353,#395d33
-52.90357772791735158, 70.9702040389095,#395d33
-52.89446518660302132, 70.9568404074584,#395d33
-52.88536927960337408, 70.9434654483698,#395d33
-52.87629002099957631, 70.9300791823492,#395d33
-52.86722742484700888, 70.9166816301197,#395d33
-52.85818150517528125, 70.9032728124216,#395d33
-52.84915227598817467, 70.8898527500128,#395d33
-52.84013975126362794, 70.8764214636687,#395d33
-52.83114394495373034, 70.8629789741819,#395d33
-52.82216487098467894, 70.8495253023624,#395d33
-52.81320254325679286, 70.8360604690376,#395d33
-52.80425697564442089, 70.8225844950520,#395d33
-52.79532818199601252, 70.8090974012675,#395d33
-52.78641617613402559, 70.7955992085631,#395d33
-52.77752097185492630, 70.7820899378352,#395d33
-52.76864258292918208, 70.7685696099970,#395d33
-52.75978102310122608, 70.7550382459792,#395d33
-52.75093630608944295, 70.7414958667292,#395d33
-52.74210844558612621, 70.7279424932118,#395d33
-52.73329745525749246, 70.7143781464087,#395d33
-52.72450334874363165, 70.7008028473184,#395d33
-52.71572613965850707, 70.6872166169566,#395d33
-52.70696584158990561, 70.6736194763558,#395d33
-52.69822246809945909, 70.6600114465655,#395d33
-52.68949603272258031, 70.6463925486519,#395d33
-52.68078654896845592, 70.6327628036981,#395d33
-52.67209403032005355, 70.6191222328041,#395d33
-52.66341849023405075, 70.6054708570864,#395d33
-52.65475994214085631, 70.5918086976786,#395d33
-52.64611839944458183, 70.5781357757306,#395d33
-52.63749387552299197, 70.5644521124091,#395d33
-52.62888638372751871, 70.5507577288977,#395d33
-52.62029593738323285, 70.5370526463961,#395d33
-52.61172254978879437, 70.5233368861211,#395d33
-52.60316623421647364, 70.5096104693055,#395d33
-52.59462700391212309, 70.4958734171990,#395d33
-52.58610487209510609, 70.4821257510675,#395d33
-52.57759985195836094, 70.4683674921936,#395d33
-52.56911195666830849, 70.4545986618761,#395d33
-52.56064119936486634, 70.4408192814302,#395d33
-52.55218759316142041, 70.4270293721873,#395d33
-52.54375115114480366, 70.4132289554955,#395d33
-52.53533188637528895, 70.3994180527188,#395d33
-52.52692981188653221, 70.3855966852374,#395d33
-52.51854494068561507, 70.3717648744481,#395d33
-52.51017728575295251, 70.3579226417635,#395d33
-52.50182686004232124, 70.3440700086124,#395d33
-52.49349367648083131, 70.3302069964397,#395d33
-52.48517774796889057, 70.3163336267066,#395d33
-52.47687908738019757, 70.3024499208900,#395d33
-52.46859770756172026, 70.2885559004830,#395d33
-52.46033362133367461, 70.2746515869946,#395d33
-52.45208684148951050, 70.2607370019498,#395d33
-52.44385738079586901, 70.2468121668894,#395d33
-52.43564525199259663, 70.2328771033701,#395d33
-52.42745046779270979, 70.2189318329645,#395d33
-52.41927304088235928, 70.2049763772609,#395d33
-52.41111298392083029, 70.1910107578636,#395d33
-52.40297030954053525, 70.1770349963922,#395d33
-52.39484503034694285, 70.1630491144824,#395d33
-52.38673715891863480, 70.1490531337855,#395d33
-52.37864670780720644, 70.1350470759682,#395d33
-52.37057368953730929, 70.1210309627130,#395d33
-52.36251811660659428, 70.1070048157180,#395d33
-52.35448000148571168, 70.0929686566967,#395d33
-52.34645935661828986, 70.0789225073781,#395d33
-52.33845619442089969, 70.0648663895069,#395d33
-52.33047052728306170, 70.0508003248429,#395d33
-52.32250236756719630, 70.0367243351615,#395d33
-52.31455172760863803, 70.0226384422534,#395d33
-52.30661861971558579, 70.0085426679248,#395d33
-52.29870305616910997, 69.9944370339968,#395d33
-52.29080504922310979, 69.9803215623062,#395d33
-52.28292461110430622, 69.9661962747047,#395d33
-52.27506175401224198, 69.9520611930595,#395d33
-52.26721649011920334, 69.9379163392527,#395d33
-52.25938883157029125, 69.9237617351816,#395d33
-52.25157879048330045, 69.9095974027586,#395d33
-52.24378637894879773, 69.8954233639113,#395d33
-52.23601160903002949, 69.8812396405822,#395d33
-52.22825449276293597, 69.8670462547286,#395d33
-52.22051504215613704, 69.8528432283232,#395d33
-52.21279326919090380, 69.8386305833533,#395d33
-52.20508918582113722, 69.8244083418211,#395d33
-52.19740280397334686, 69.8101765257438,#395d33
-52.18973413554664376, 69.7959351571534,#395d33
-52.18208319241272619, 69.7816842580965,#395d33
-52.17444998641585130, 69.7674238506346,#395d33
-52.16683452937279242, 69.7531539568441,#395d33
-52.15923683307288172, 69.7388745988157,#395d33
-52.15165690927793207, 69.7245857986551,#395d33
-52.14409476972225832, 69.7102875784824,#395d33
-52.13655042611262758, 69.6959799604322,#395d33
-52.12902389012826632, 69.6816629666541,#395d33
-52.12151517342084617, 69.6673366193117,#395d33
-52.11402428761442707, 69.6530009405833,#395d33
-52.10655124430549279, 69.6386559526617,#395d33
-52.09909605506287278, 69.6243016777540,#395d33
-52.09165873142779191, 69.6099381380818,#395d33
-52.08423928491379229, 69.5955653558809,#395d33
-52.07683772700676172, 69.5811833534016,#395d33
-52.06945406916486263, 69.5667921529081,#395d33
-52.06208832281859600, 69.5523917766794,#395d33
-52.05474049937068060, 69.5379822470081,#395d33
-52.04741061019612403, 69.5235635862015,#395d33
-52.04009866664216588, 69.5091358165807,#395d33
-52.03280468002826353, 69.4946989604809,#395d33
-52.02552866164605661, 69.4802530402517,#395d33
-52.01827062275938829, 69.4657980782563,#395d33
-52.01103057460426982, 69.4513340968722,#395d33
-52.00380852838885204, 69.4368611184908,#395d33
-51.99660449529341832, 69.4223791655172,#395d33
-51.98941848647037034, 69.4078882603708,#395d33
-51.98225051304420674, 69.3933884254845,#395d33
-51.97510058611149475, 69.3788796833052,#395d33
-51.96796871674088436, 69.3643620562936,#395d33
-51.96085491597305861, 69.3498355669240,#395d33
-51.95375919482072646, 69.3353002376847,#395d33
-51.94668156426861572, 69.3207560910774,#395d33
-51.93962203527343746, 69.3062031496175,#395d33
-51.93258061876390030, 69.2916414358342,#395d33
-51.92555732564065352, 69.2770709722701,#395d33
-51.91855216677630125, 69.2624917814814,#395d33
-51.91156515301536700, 69.2479038860378,#395d33
-51.90459629517428652, 69.2333073085226,#395d33
-51.89764560404139360, 69.2187020715322,#395d33
-51.89071309037689161, 69.2040881976769,#395d33
-51.88379876491285358, 69.1894657095800,#395d33
-51.87690263835317950, 69.1748346298782,#395d33
-51.87002472137361764, 69.1601949812215,#395d33
-51.86316502462170774, 69.1455467862733,#395d33
-51.85632355871678811, 69.1308900677102,#395d33
-51.84950033424998139, 69.1162248482217,#395d33
-51.84269536178416615, 69.1015511505110,#395d33
-51.83590865185396268, 69.0868689972938,#395d33
-51.82914021496572587, 69.0721784112995,#395d33
-51.82239006159751682, 69.0574794152700,#395d33
-51.81565820219908858, 69.0427720319607,#395d33
-51.80894464719188619, 69.0280562841396,#395d33
-51.80224940696901115, 69.0133321945879,#395d33
-51.79557249189521428, 68.9985997860997,#395d33
-51.78891391230686736, 68.9838590814817,#395d33
-51.78227367851197016, 68.9691101035538,#395d33
-51.77565180079012919, 68.9543528751486,#395d33
-51.76904828939250081, 68.9395874191113,#395d33
-51.76246315454184810, 68.9248137583000,#395d33
-51.75589640643246980, 68.9100319155855,#395d33
-51.74934805523017900, 68.8952419138513,#395d33
-51.74281811107235285, 68.8804437759933,#395d33
-51.73630658406783311, 68.8656375249203,#395d33
-51.72981348429696880, 68.8508231835534,#395d33
-51.72333882181159481, 68.8360007748265,#395d33
-51.71688260663496806, 68.8211703216857,#395d33
-51.71044484876182423, 68.8063318470897,#395d33
-51.70402555815829970, 68.7914853740097,#395d33
-51.69762474476195280, 68.7766309254291,#395d33
-51.69124241848174961, 68.7617685243438,#395d33
-51.68487858919800715, 68.7468981937619,#395d33
-51.67853326676243597, 68.7320199567038,#395d33
-51.67220646099808334, 68.7171338362022,#395d33
-51.66589818169932613, 68.7022398553020,#395d33
-51.65960843863187790, 68.6873380370601,#395d33
-51.65333724153273920, 68.6724284045458,#395d33
-51.64708460011021174, 68.6575109808403,#395d33
-51.64085052404387000, 68.6425857890370,#395d33
-51.63463502298453989, 68.6276528522411,#395d33
-51.62843810655429877, 68.6127121935701,#395d33
-51.62225978434645413, 68.5977638361531,#395d33
-51.61610006592552224, 68.5828078031315,#395d33
-51.60995896082722112, 68.5678441176584,#395d33
-51.60383647855846334, 68.5528728028986,#395d33
-51.59773262859732768, 68.5378938820289,#395d33
-51.59164742039303064, 68.5229073782379,#395d33
-51.58558086336595494, 68.5079133147258,#395d33
-51.57953296690759970, 68.4929117147046,#395d33
-51.57350374038056628, 68.4779026013979,#395d33
-51.56749319311857960, 68.4628859980409,#395d33
-51.56150133442640993, 68.4478619278807,#395d33
-51.55552817357993689, 68.4328304141754,#395d33
-51.54957371982606418, 68.4177914801952,#395d33
-51.54363798238274796, 68.4027451492215,#395d33
-51.53772097043896849, 68.3876914445470,#395d33
-51.53182269315472297, 68.3726303894762,#395d33
-51.52594315966099714, 68.3575620073247,#395d33
-51.52008237905975818, 68.3424863214195,#395d33
-51.51424036042394761, 68.3274033550990,#395d33
-51.50841711279745994, 68.3123131317126,#395d33
-51.50261264519514981, 68.2972156746214,#395d33
-51.49682696660276093, 68.2821110071973,#395d33
-51.49106008597697581, 68.2669991528235,#395d33
-51.48531201224537313, 68.2518801348942,#395d33
-51.47958275430642061, 68.2367539768150,#395d33
-51.47387232102944665, 68.2216207020023,#395d33
-51.46818072125464028, 68.2064803338836,#395d33
-51.46250796379303694, 68.1913328958972,#395d33
-51.45685405742651142, 68.1761784114927,#395d33
-51.45121901090774230, 68.1610169041303,#395d33
-51.44560283296021908, 68.1458483972813,#395d33
-51.44000553227822081, 68.1306729144276,#395d33
-51.43442711752678775, 68.1154904790620,#395d33
-51.42886759734175683, 68.1003011146882,#395d33
-51.42332698032967642, 68.0851048448205,#395d33
-51.41780527506787024, 68.0699016929838,#395d33
-51.41230249010434505, 68.0546916827138,#395d33
-51.40681863395784035, 68.0394748375568,#395d33
-51.40135371511780704, 68.0242511810696,#395d33
-51.39590774204433643, 68.0090207368197,#395d33
-51.39048072316823124, 67.9937835283848,#395d33
-51.38507266689093456, 67.9785395793535,#395d33
-51.37968358158452986, 67.9632889133245,#395d33
-51.37431347559173389, 67.9480315539070,#395d33
-51.36896235722589665, 67.9327675247206,#395d33
-51.36363023477096590, 67.9174968493952,#395d33
-51.35831711648145870, 67.9022195515710,#395d33
-51.35302301058251118, 67.8869356548984,#395d33
-51.34774792526980036, 67.8716451830381,#395d33
-51.34249186870957260, 67.8563481596609,#395d33
-51.33725484903860092, 67.8410446084477,#395d33
-51.33203687436419216, 67.8257345530897,#395d33
-51.32683795276419403, 67.8104180172880,#395d33
-51.32165809228691700, 67.7950950247538,#395d33
-51.31649730095119821, 67.7797655992082,#395d33
-51.31135558674633756, 67.7644297643824,#395d33
-51.30623295763210479, 67.7490875440175,#395d33
-51.30112942153873234, 67.7337389618644,#395d33
-51.29604498636687993, 67.7183840416838,#395d33
-51.29097965998764153, 67.7030228072465,#395d33
-51.28593345024255257, 67.6876552823326,#395d33
-51.28090636494351173, 67.6722814907325,#395d33
-51.27589841187285913, 67.6569014562459,#395d33
-51.27090959878327681, 67.6415152026822,#395d33
-51.26593993339783140, 67.6261227538607,#395d33
-51.26098942340995990, 67.6107241336099,#395d33
-51.25605807648342704, 67.5953193657681,#395d33
-51.25114590025234662, 67.5799084741832,#395d33
-51.24625290232113883, 67.5644914827123,#395d33
-51.24137909026454452, 67.5490684152222,#395d33
-51.23652447162759671, 67.5336392955889,#395d33
-51.23168905392562777, 67.5182041476980,#395d33
-51.22687284464423385, 67.5027629954441,#395d33
-51.22207585123928197, 67.4873158627315,#395d33
-51.21729808113688875, 67.4718627734735,#395d33
-51.21253954173340617, 67.4564037515926,#395d33
-51.20780024039542155, 67.4409388210207,#395d33
-51.20308018445974341, 67.4254680056985,#395d33
-51.19837938123338006, 67.4099913295762,#395d33
-51.19369783799353968, 67.3945088166128,#395d33
-51.18903556198761606, 67.3790204907765,#395d33
-51.18439256043316021, 67.3635263760443,#395d33
-51.17976884051791586, 67.3480264964024,#395d33
-51.17516440939974132, 67.3325208758458,#395d33
-51.17057927420665919, 67.3170095383783,#395d33
-51.16601344203681379, 67.3014925080128,#395d33
-51.16146691995847107, 67.2859698087708,#395d33
-51.15693971500998316, 67.2704414646825,#395d33
-51.15243183419982387, 67.2549074997872,#395d33
-51.14794328450653893, 67.2393679381325,#395d33
-51.14347407287875313, 67.2238228037750,#395d33
-51.13902420623514899, 67.2082721207797,#395d33
-51.13459369146445965, 67.1927159132201,#395d33
-51.13018253542546887, 67.1771542051787,#395d33
-51.12579074494698972, 67.1615870207460,#395d33
-51.12141832682784326, 67.1460143840213,#395d33
-51.11706528783687986, 67.1304363191122,#395d33
-51.11273163471292946, 67.1148528501348,#395d33
-51.10841737416483710, 67.0992640012135,#395d33
-51.10412251287139895, 67.0836697964811,#395d33
-51.09984705748140499, 67.0680702600785,#395d33
-51.09559101461357500, 67.0524654161550,#395d33
-51.09135439085660124, 67.0368552888682,#395d33
-51.08713719276909870, 67.0212399023838,#395d33
-51.08293942687961930, 67.0056192808755,#395d33
-51.07876109968663059, 66.9899934485253,#395d33
-51.07460221765850861, 66.9743624295232,#395d33
-51.07046278723351662, 66.9587262480672,#395d33
-51.06634281481981219, 66.9430849283634,#395d33
-51.06224230679544007, 66.9274384946256,#395d33
-51.05816126950828959, 66.9117869710758,#395d33
-51.05409970927613728, 66.8961303819438,#395d33
-51.05005763238658290, 66.8804687514672,#395d33
-51.04603504509707790, 66.8648021038913,#395d33
-51.04203195363488987, 66.8491304634694,#395d33
-51.03804836419712387, 66.8334538544624,#395d33
-51.03408428295067978, 66.8177723011388,#395d33
-51.03013971603225940, 66.8020858277750,#395d33
-51.02621466954835938, 66.7863944586548,#395d33
-51.02230914957525698, 66.7706982180696,#395d33
-51.01842316215899586, 66.7549971303185,#395d33
-51.01455671331538611, 66.7392912197079,#395d33
-51.01070980902998286, 66.7235805105518,#395d33
-51.00688245525810061, 66.7078650271716,#395d33
-51.00307465792477757, 66.6921447938961,#395d33
-50.99928642292476866, 66.6764198350615,#395d33
-50.99551775612256677, 66.6606901750110,#395d33
-50.99176866335234592, 66.6449558380956,#395d33
-50.98803915041801105, 66.6292168486731,#395d33
-50.98432922309311266, 66.6134732311088,#395d33
-50.98063888712092506, 66.5977250097749,#395d33
-50.97696814821435396, 66.5819722090510,#395d33
-50.97331701205600751, 66.5662148533236,#395d33
-50.96968548429811108, 66.5504529669862,#395d33
-50.96607357056255694, 66.5346865744396,#395d33
-50.96248127644086878, 66.5189157000912,#395d33
-50.95890860749418039, 66.5031403683557,#395d33
-50.95535556925328535, 66.4873606036545,#395d33
-50.95182216721853763, 66.4715764304158,#395d33
-50.94830840685992257, 66.4557878730748,#395d33
-50.94481429361702141, 66.4399949560734,#395d33
-50.94133983289898282, 66.4241977038602,#395d33
-50.93788503008454427, 66.4083961408906,#395d33
-50.93444989052200356, 66.3925902916267,#395d33
-50.93103441952922594, 66.3767801805371,#395d33
-50.92763862239362993, 66.3609658320971,#395d33
-50.92426250437215174, 66.3451472707885,#395d33
-50.92090607069130925, 66.3293245210997,#395d33
-50.91756932654709544, 66.3134976075256,#395d33
-50.91425227710507073, 66.2976665545673,#395d33
-50.91095492750027063, 66.2818313867326,#395d33
-50.90767728283724836, 66.2659921285357,#395d33
-50.90441934819005354, 66.2501488044967,#395d33
-50.90118112860221800, 66.2343014391426,#395d33
-50.89796262908676283, 66.2184500570061,#395d33
-50.89476385462616292, 66.2025946826264,#395d33
-50.89158481017237534, 66.1867353405490,#395d33
-50.88842550064680381, 66.1708720553253,#395d33
-50.88528593094031294, 66.1550048515128,#395d33
-50.88216610591317846, 66.1391337536753,#395d33
-50.87906603039515119, 66.1232587863824,#395d33
-50.87598570918537888, 66.1073799742098,#395d33
-50.87292514705243462, 66.0914973417391,#395d33
-50.86988434873430975, 66.0756109135579,#395d33
-50.86686331893839252, 66.0597207142596,#395d33
-50.86386206234146812, 66.0438267684435,#395d33
-50.86088058358971864, 66.0279291007145,#395d33
-50.85791888729870180, 66.0120277356835,#395d33
-50.85497697805335804, 65.9961226979671,#395d33
-50.85205486040797496, 65.9802140121875,#395d33
-50.84915253888622289, 65.9643017029726,#395d33
-50.84627001798112644, 65.9483857949557,#395d33
-50.84340730215504323, 65.9324663127761,#395d33
-50.84056439583968512, 65.9165432810783,#395d33
-50.83774130343608277, 65.9006167245123,#395d33
-50.83493802931461403, 65.8846866677338,#395d33
-50.83215457781494706, 65.8687531354036,#395d33
-50.82939095324609013, 65.8528161521881,#395d33
-50.82664715988634185, 65.8368757427590,#395d33
-50.82392320198331959, 65.8209319317933,#395d33
-50.82121908375390262, 65.8049847439732,#395d33
-50.81853480938428191, 65.7890342039862,#395d33
-50.81587038302992454, 65.7730803365250,#395d33
-50.81322580881557371, 65.7571231662874,#395d33
-50.81060109083522036, 65.7411627179763,#395d33
-50.80799623315213864, 65.7251990162997,#395d33
-50.80541123979884333, 65.7092320859707,#395d33
-50.80284611477711820, 65.6932619517073,#395d33
-50.80030086205795925, 65.6772886382325,#395d33
-50.79777548558162437, 65.6613121702743,#395d33
-50.79526998925759074, 65.6453325725654,#395d33
-50.79278437696454773, 65.6293498698435,#395d33
-50.79031865255043243, 65.6133640868510,#395d33
-50.78787281983236568, 65.5973752483353,#395d33
-50.78544688259668760, 65.5813833790481,#395d33
-50.78304084459894341, 65.5653885037463,#395d33
-50.78065470956385496, 65.5493906471911,#395d33
-50.77828848118535632, 65.5333898341483,#395d33
-50.77594216312652975, 65.5173860893886,#395d33
-50.77361575901968394, 65.5013794376869,#395d33
-50.77130927246625447, 65.4853699038228,#395d33
-50.76902270703686781, 65.4693575125802,#395d33
-50.76675606627129866, 65.4533422887476,#395d33
-50.76450935367849127, 65.4373242571178,#395d33
-50.76228257273651678, 65.4213034424879,#395d33
-50.76007572689261593, 65.4052798696595,#395d33
-50.75788881956314924, 65.3892535634381,#395d33
-50.75572185413362547, 65.3732245486339,#395d33
-50.75357483395866609, 65.3571928500608,#395d33
-50.75144776236202659, 65.3411584925374,#395d33
-50.74934064263658229, 65.3251215008859,#395d33
-50.74725347804431408, 65.3090818999328,#395d33
-50.74518627181631558, 65.2930397145088,#395d33
-50.74313902715277891, 65.2769949694483,#395d33
-50.74111174722300177, 65.2609476895899,#395d33
-50.73910443516535906, 65.2448978997760,#395d33
-50.73711709408733839, 65.2288456248529,#395d33
-50.73514972706549742, 65.2127908896707,#395d33
-50.73320233714545680, 65.1967337190835,#395d33
-50.73127492734194277, 65.1806741379489,#395d33
-50.72936750063873035, 65.1646121711285,#395d33
-50.72748005998865040, 65.1485478434874,#395d33
-50.72561260831362517, 65.1324811798944,#395d33
-50.72376514850461149, 65.1164122052220,#395d33
-50.72193768342160780, 65.1003409443462,#395d33
-50.72013021589368265, 65.0842674221466,#395d33
-50.71834274871892490, 65.0681916635061,#395d33
-50.71657528466448639, 65.0521136933113,#395d33
-50.71482782646652510, 65.0360335364522,#395d33
-50.71310037683024063, 65.0199512178220,#395d33
-50.71139293842987428, 65.0038667623175,#395d33
-50.70970551390865921, 64.9877801948386,#395d33
-50.70803810587885607, 64.9716915402886,#395d33
-50.70639071692175293, 64.9556008235739,#395d33
-50.70476334958762266, 64.9395080696042,#395d33
-50.70315600639577269, 64.9234133032924,#395d33
-50.70156868983447396, 64.9073165495544,#395d33
-50.70000140236103192, 64.8912178333092,#395d33
-50.69845414640171555, 64.8751171794789,#395d33
-50.69692692435180703, 64.8590146129885,#395d33
-50.69541973857555917, 64.8429101587660,#395d33
-50.69393259140620955, 64.8268038417424,#395d33
-50.69246548514598771, 64.8106956868515,#395d33
-50.69101842206607245, 64.7945857190300,#395d33
-50.68959140440664157, 64.7784739632173,#395d33
-50.68818443437682220, 64.7623604443557,#395d33
-50.68679751415471202, 64.7462451873901,#395d33
-50.68543064588737224, 64.7301282172683,#395d33
-50.68408383169082754, 64.7140095589405,#395d33
-50.68275707365003768, 64.6978892373597,#395d33
-50.68145037381893303, 64.6817672774813,#395d33
-50.68016373422038612, 64.6656437042635,#395d33
-50.67889715684621166, 64.6495185426667,#395d33
-50.67765064365717365, 64.6333918176539,#395d33
-50.67642419658297115, 64.6172635541906,#395d33
-50.67521781752223120, 64.6011337772445,#395d33
-50.67403150834253012, 64.5850025117859,#395d33
-50.67286527088036507, 64.5688697827870,#395d33
-50.67171910694115411, 64.5527356152227,#395d33
-50.67059301829925744, 64.5366000340699,#395d33
-50.66948700669794192, 64.5204630643078,#395d33
-50.66840107384939529, 64.5043247309175,#395d33
-50.66733522143474033, 64.4881850588824,#395d33
-50.66628945110397808, 64.4720440731881,#395d33
-50.66526376447605884, 64.4559017988221,#395d33
-50.66425816313881825, 64.4397582607737,#395d33
-50.66327264864899860, 64.4236134840345,#395d33
-50.66230722253226304, 64.4074674935979,#395d33
-50.66136188628316717, 64.3913203144590,#395d33
-50.66043664136515190, 64.3751719716149,#395d33
-50.65953148921057902, 64.3590224900645,#395d33
-50.65864643122068856, 64.3428718948086,#395d33
-50.65778146876562005, 64.3267202108493,#395d33
-50.65693660318439839, 64.3105674631909,#395d33
-50.65611183578494803, 64.2944136768389,#395d33
-50.65530716784407161, 64.2782588768007,#395d33
-50.65452260060745004, 64.2621030880853,#395d33
-50.65375813528965665, 64.2459463357029,#395d33
-50.65301377307415009, 64.2297886446655,#395d33
-50.65228951511325306, 64.2136300399864,#395d33
-50.65158536252817356, 64.1974705466805,#395d33
-50.65090131640899784, 64.1813101897638,#395d33
-50.65023737781467617, 64.1651489942538,#395d33
-50.64959354777304412, 64.1489869851694,#395d33
-50.64896982728079422, 64.1328241875305,#395d33
-50.64836621730350430, 64.1166606263585,#395d33
-50.64778271877559490, 64.1004963266756,#395d33
-50.64721933260037190, 64.0843313135057,#395d33
-50.64667605965000519, 64.0681656118732,#395d33
-50.64615290076552157, 64.0519992468040,#395d33
-50.64564985675680475, 64.0358322433249,#395d33
-50.64516692840261669, 64.0196646264637,#395d33
-50.64470411645055492, 64.0034964212490,#395d33
-50.64426142161710231, 63.9873276527104,#395d33
-50.64383884458757734, 63.9711583458786,#395d33
-50.64343638601616249, 63.9549885257848,#395d33
-50.64305404652589004, 63.9388182174611,#395d33
-50.64269182670865632, 63.9226474459405,#395d33
-50.64234972712520744, 63.9064762362565,#395d33
-50.64202774830513221, 63.8903046134435,#395d33
-50.64172589074688346, 63.8741326025363,#395d33
-50.64144415491776385, 63.8579602285705,#395d33
-50.64118254125391871, 63.8417875165821,#395d33
-50.64094105016034320, 63.8256144916078,#395d33
-50.64071968201089646, 63.8094411786846,#395d33
-50.64051843714825196, 63.7932676028502,#395d33
-50.64033731588396847, 63.7770937891423,#395d33
-50.64017631849843326, 63.7609197625995,#395d33
-50.64003544524088340, 63.7447455482602,#395d33
-50.63991469632939868, 63.7285711711634,#395d33
-50.63981407195090156, 63.7123966563484,#395d33
-50.63973357226117855, 63.6962220288544,#395d33
-50.63967319738484463, 63.6800473137211,#395d33
-50.63963294741536458, 63.6638725359883,#395d33
-50.63961282241504591, 63.6476977206956,#395d33
-50.63961282241504591, 63.6315228928830,#395d33
-50.63963294741536458, 63.6153480775903,#395d33
-50.63967319738484463, 63.5991732998574,#395d33
-50.63973357226117855, 63.5829985847242,#395d33
-50.63981407195090156, 63.5668239572302,#395d33
-50.63991469632939868, 63.5506494424151,#395d33
-50.64003544524088340, 63.5344750653184,#395d33
-50.64017631849843326, 63.5183008509791,#395d33
-50.64033731588396847, 63.5021268244362,#395d33
-50.64051843714825196, 63.4859530107284,#395d33
-50.64071968201089646, 63.4697794348939,#395d33
-50.64094105016034320, 63.4536061219708,#395d33
-50.64118254125391871, 63.4374330969965,#395d33
-50.64144415491776385, 63.4212603850081,#395d33
-50.64172589074688346, 63.4050880110423,#395d33
-50.64202774830513221, 63.3889160001351,#395d33
-50.64234972712520744, 63.3727443773220,#395d33
-50.64269182670865632, 63.3565731676380,#395d33
-50.64305404652589004, 63.3404023961174,#395d33
-50.64343638601616249, 63.3242320877938,#395d33
-50.64383884458757734, 63.3080622677000,#395d33
-50.64426142161710231, 63.2918929608681,#395d33
-50.64470411645055492, 63.2757241923296,#395d33
-50.64516692840261669, 63.2595559871149,#395d33
-50.64564985675680475, 63.2433883702536,#395d33
-50.64615290076552157, 63.2272213667745,#395d33
-50.64667605965000519, 63.2110550017054,#395d33
-50.64721933260037190, 63.1948893000729,#395d33
-50.64778271877559490, 63.1787242869029,#395d33
-50.64836621730350430, 63.1625599872201,#395d33
-50.64896982728079422, 63.1463964260480,#395d33
-50.64959354777304412, 63.1302336284092,#395d33
-50.65023737781467617, 63.1140716193247,#395d33
-50.65090131640899784, 63.0979104238148,#395d33
-50.65158536252817356, 63.0817500668981,#395d33
-50.65228951511325306, 63.0655905735921,#395d33
-50.65301377307415009, 63.0494319689131,#395d33
-50.65375813528965665, 63.0332742778757,#395d33
-50.65452260060745004, 63.0171175254933,#395d33
-50.65530716784407161, 63.0009617367778,#395d33
-50.65611183578494803, 62.9848069367396,#395d33
-50.65693660318439839, 62.9686531503877,#395d33
-50.65778146876562005, 62.9525004027292,#395d33
-50.65864643122068856, 62.9363487187700,#395d33
-50.65953148921057902, 62.9201981235140,#395d33
-50.66043664136515190, 62.9040486419637,#395d33
-50.66136188628316717, 62.8879002991196,#395d33
-50.66230722253226304, 62.8717531199807,#395d33
-50.66327264864899860, 62.8556071295440,#395d33
-50.66425816313881825, 62.8394623528048,#395d33
-50.66526376447605884, 62.8233188147565,#395d33
-50.66628945110397808, 62.8071765403904,#395d33
-50.66733522143474033, 62.7910355546961,#395d33
-50.66840107384939529, 62.7748958826611,#395d33
-50.66948700669794192, 62.7587575492708,#395d33
-50.67059301829925744, 62.7426205795086,#395d33
-50.67171910694115411, 62.7264849983558,#395d33
-50.67286527088036507, 62.7103508307915,#395d33
-50.67403150834253012, 62.6942181017927,#395d33
-50.67521781752223120, 62.6780868363340,#395d33
-50.67642419658297115, 62.6619570593880,#395d33
-50.67765064365717365, 62.6458287959246,#395d33
-50.67889715684621166, 62.6297020709119,#395d33
-50.68016373422038612, 62.6135769093151,#395d33
-50.68145037381893303, 62.5974533360972,#395d33
-50.68275707365003768, 62.5813313762189,#395d33
-50.68408383169082754, 62.5652110546380,#395d33
-50.68543064588737224, 62.5490923963102,#395d33
-50.68679751415471202, 62.5329754261884,#395d33
-50.68818443437682220, 62.5168601692229,#395d33
-50.68959140440664157, 62.5007466503613,#395d33
-50.69101842206607245, 62.4846348945486,#395d33
-50.69246548514598771, 62.4685249267271,#395d33
-50.69393259140620955, 62.4524167718362,#395d33
-50.69541973857555917, 62.4363104548126,#395d33
-50.69692692435180703, 62.4202060005901,#395d33
-50.69845414640171555, 62.4041034340997,#395d33
-50.70000140236103192, 62.3880027802693,#395d33
-50.70156868983447396, 62.3719040640241,#395d33
-50.70315600639577269, 62.3558073102861,#395d33
-50.70476334958762266, 62.3397125439743,#395d33
-50.70639071692175293, 62.3236197900047,#395d33
-50.70803810587885607, 62.3075290732900,#395d33
-50.70970551390865921, 62.2914404187400,#395d33
-50.71139293842987428, 62.2753538512611,#395d33
-50.71310037683024063, 62.2592693957566,#395d33
-50.71482782646652510, 62.2431870771264,#395d33
-50.71657528466448639, 62.2271069202673,#395d33
-50.71834274871892490, 62.2110289500725,#395d33
-50.72013021589368265, 62.1949531914320,#395d33
-50.72193768342160780, 62.1788796692323,#395d33
-50.72376514850461149, 62.1628084083565,#395d33
-50.72561260831362517, 62.1467394336841,#395d33
-50.72748005998865040, 62.1306727700912,#395d33
-50.72936750063873035, 62.1146084424501,#395d33
-50.73127492734194277, 62.0985464756297,#395d33
-50.73320233714545680, 62.0824868944951,#395d33
-50.73514972706549742, 62.0664297239079,#395d33
-50.73711709408733839, 62.0503749887257,#395d33
-50.73910443516535906, 62.0343227138026,#395d33
-50.74111174722300177, 62.0182729239887,#395d33
-50.74313902715277891, 62.0022256441302,#395d33
-50.74518627181631558, 61.9861808990698,#395d33
-50.74725347804431408, 61.9701387136457,#395d33
-50.74934064263658229, 61.9540991126927,#395d33
-50.75144776236202659, 61.9380621210412,#395d33
-50.75357483395866609, 61.9220277635177,#395d33
-50.75572185413362547, 61.9059960649447,#395d33
-50.75788881956314924, 61.8899670501404,#395d33
-50.76007572689261593, 61.8739407439191,#395d33
-50.76228257273651678, 61.8579171710906,#395d33
-50.76450935367849127, 61.8418963564608,#395d33
-50.76675606627129866, 61.8258783248310,#395d33
-50.76902270703686781, 61.8098631009984,#395d33
-50.77130927246625447, 61.7938507097558,#395d33
-50.77361575901968394, 61.7778411758917,#395d33
-50.77594216312652975, 61.7618345241900,#395d33
-50.77828848118535632, 61.7458307794302,#395d33
-50.78065470956385496, 61.7298299663875,#395d33
-50.78304084459894341, 61.7138321098322,#395d33
-50.78544688259668760, 61.6978372345304,#395d33
-50.78787281983236568, 61.6818453652433,#395d33
-50.79031865255043243, 61.6658565267275,#395d33
-50.79278437696454773, 61.6498707437351,#395d33
-50.79526998925759074, 61.6338880410132,#395d33
-50.79777548558162437, 61.6179084433043,#395d33
-50.80030086205795925, 61.6019319753460,#395d33
-50.80284611477711820, 61.5859586618713,#395d33
-50.80541123979884333, 61.5699885276079,#395d33
-50.80799623315213864, 61.5540215972788,#395d33
-50.81060109083522036, 61.5380578956023,#395d33
-50.81322580881557371, 61.5220974472912,#395d33
-50.81587038302992454, 61.5061402770535,#395d33
-50.81853480938428191, 61.4901864095923,#395d33
-50.82121908375390262, 61.4742358696053,#395d33
-50.82392320198331959, 61.4582886817852,#395d33
-50.82664715988634185, 61.4423448708195,#395d33
-50.82939095324609013, 61.4264044613904,#395d33
-50.83215457781494706, 61.4104674781750,#395d33
-50.83493802931461403, 61.3945339458448,#395d33
-50.83774130343608277, 61.3786038890662,#395d33
-50.84056439583968512, 61.3626773325003,#395d33
-50.84340730215504323, 61.3467543008024,#395d33
-50.84627001798112644, 61.3308348186228,#395d33
-50.84915253888622289, 61.3149189106060,#395d33
-50.85205486040797496, 61.2990066013910,#395d33
-50.85497697805335804, 61.2830979156114,#395d33
-50.85791888729870180, 61.2671928778950,#395d33
-50.86088058358971864, 61.2512915128641,#395d33
-50.86386206234146812, 61.2353938451351,#395d33
-50.86686331893839252, 61.2194998993189,#395d33
-50.86988434873430975, 61.2036097000206,#395d33
-50.87292514705243462, 61.1877232718394,#395d33
-50.87598570918537888, 61.1718406393687,#395d33
-50.87906603039515119, 61.1559618271962,#395d33
-50.88216610591317846, 61.1400868599033,#395d33
-50.88528593094031294, 61.1242157620657,#395d33
-50.88842550064680381, 61.1083485582533,#395d33
-50.89158481017237534, 61.0924852730296,#395d33
-50.89476385462616292, 61.0766259309521,#395d33
-50.89796262908676283, 61.0607705565725,#395d33
-50.90118112860221800, 61.0449191744360,#395d33
-50.90441934819005354, 61.0290718090818,#395d33
-50.90767728283724836, 61.0132284850429,#395d33
-50.91095492750027063, 60.9973892268459,#395d33
-50.91425227710507073, 60.9815540590113,#395d33
-50.91756932654709544, 60.9657230060530,#395d33
-50.92090607069130925, 60.9498960924788,#395d33
-50.92426250437215174, 60.9340733427900,#395d33
-50.92763862239362993, 60.9182547814815,#395d33
-50.93103441952922594, 60.9024404330415,#395d33
-50.93444989052200356, 60.8866303219519,#395d33
-50.93788503008454427, 60.8708244726879,#395d33
-50.94133983289898282, 60.8550229097184,#395d33
-50.94481429361702141, 60.8392256575052,#395d33
-50.94830840685992257, 60.8234327405038,#395d33
-50.95182216721853763, 60.8076441831628,#395d33
-50.95535556925328535, 60.7918600099241,#395d33
-50.95890860749418039, 60.7760802452228,#395d33
-50.96248127644086878, 60.7603049134873,#395d33
-50.96607357056255694, 60.7445340391390,#395d33
-50.96968548429811108, 60.7287676465924,#395d33
-50.97331701205600751, 60.7130057602550,#395d33
-50.97696814821435396, 60.6972484045276,#395d33
-50.98063888712092506, 60.6814956038036,#395d33
-50.98432922309311266, 60.6657473824698,#395d33
-50.98803915041801105, 60.6500037649054,#395d33
-50.99176866335234592, 60.6342647754830,#395d33
-50.99551775612256677, 60.6185304385675,#395d33
-50.99928642292476866, 60.6028007785171,#395d33
-51.00307465792477757, 60.5870758196824,#395d33
-51.00688245525810061, 60.5713555864069,#395d33
-51.01070980902998286, 60.5556401030267,#395d33
-51.01455671331538611, 60.5399293938707,#395d33
-51.01842316215899586, 60.5242234832601,#395d33
-51.02230914957525698, 60.5085223955089,#395d33
-51.02621466954835938, 60.4928261549238,#395d33
-51.03013971603225940, 60.4771347858035,#395d33
-51.03408428295067978, 60.4614483124397,#395d33
-51.03804836419712387, 60.4457667591162,#395d33
-51.04203195363488987, 60.4300901501091,#395d33
-51.04603504509707790, 60.4144185096872,#395d33
-51.05005763238658290, 60.3987518621114,#395d33
-51.05409970927613728, 60.3830902316347,#395d33
-51.05816126950828959, 60.3674336425027,#395d33
-51.06224230679544007, 60.3517821189530,#395d33
-51.06634281481981219, 60.3361356852152,#395d33
-51.07046278723351662, 60.3204943655113,#395d33
-51.07460221765850861, 60.3048581840553,#395d33
-51.07876109968663059, 60.2892271650532,#395d33
-51.08293942687961930, 60.2736013327031,#395d33
-51.08713719276909870, 60.2579807111948,#395d33
-51.09135439085660124, 60.2423653247103,#395d33
-51.09559101461357500, 60.2267551974235,#395d33
-51.09984705748140499, 60.2111503535001,#395d33
-51.10412251287139895, 60.1955508170975,#395d33
-51.10841737416483710, 60.1799566123650,#395d33
-51.11273163471292946, 60.1643677634437,#395d33
-51.11706528783687986, 60.1487842944663,#395d33
-51.12141832682784326, 60.1332062295573,#395d33
-51.12579074494698972, 60.1176335928326,#395d33
-51.13018253542546887, 60.1020664083999,#395d33
-51.13459369146445965, 60.0865047003584,#395d33
-51.13902420623514899, 60.0709484927989,#395d33
-51.14347407287875313, 60.0553978098036,#395d33
-51.14794328450653893, 60.0398526754460,#395d33
-51.15243183419982387, 60.0243131137914,#395d33
-51.15693971500998316, 60.0087791488960,#395d33
-51.16146691995847107, 59.9932508048078,#395d33
-51.16601344203681379, 59.9777281055658,#395d33
-51.17057927420665919, 59.9622110752002,#395d33
-51.17516440939974132, 59.9466997377328,#395d33
-51.17976884051791586, 59.9311941171761,#395d33
-51.18439256043316021, 59.9156942375342,#395d33
-51.18903556198761606, 59.9002001228021,#395d33
-51.19369783799353968, 59.8847117969658,#395d33
-51.19837938123338006, 59.8692292840024,#395d33
-51.20308018445974341, 59.8537526078801,#395d33
-51.20780024039542155, 59.8382817925579,#395d33
-51.21253954173340617, 59.8228168619859,#395d33
-51.21729808113688875, 59.8073578401051,#395d33
-51.22207585123928197, 59.7919047508470,#395d33
-51.22687284464423385, 59.7764576181344,#395d33
-51.23168905392562777, 59.7610164658806,#395d33
-51.23652447162759671, 59.7455813179897,#395d33
-51.24137909026454452, 59.7301521983564,#395d33
-51.24625290232113883, 59.7147291308663,#395d33
-51.25114590025234662, 59.6993121393954,#395d33
-51.25605807648342704, 59.6839012478104,#395d33
-51.26098942340995990, 59.6684964799687,#395d33
-51.26593993339783140, 59.6530978597179,#395d33
-51.27090959878327681, 59.6377054108963,#395d33
-51.27589841187285913, 59.6223191573327,#395d33
-51.28090636494351173, 59.6069391228460,#395d33
-51.28593345024255257, 59.5915653312459,#395d33
-51.29097965998764153, 59.5761978063321,#395d33
-51.29604498636687993, 59.5608365718947,#395d33
-51.30112942153873234, 59.5454816517142,#395d33
-51.30623295763210479, 59.5301330695611,#395d33
-51.31135558674633756, 59.5147908491961,#395d33
-51.31649730095119821, 59.4994550143703,#395d33
-51.32165809228691700, 59.4841255888248,#395d33
-51.32683795276419403, 59.4688025962906,#395d33
-51.33203687436419216, 59.4534860604888,#395d33
-51.33725484903860092, 59.4381760051308,#395d33
-51.34249186870957260, 59.4228724539177,#395d33
-51.34774792526980036, 59.4075754305404,#395d33
-51.35302301058251118, 59.3922849586801,#395d33
-51.35831711648145870, 59.3770010620075,#395d33
-51.36363023477096590, 59.3617237641833,#395d33
-51.36896235722589665, 59.3464530888579,#395d33
-51.37431347559173389, 59.3311890596715,#395d33
-51.37968358158452986, 59.3159317002541,#395d33
-51.38507266689093456, 59.3006810342250,#395d33
-51.39048072316823124, 59.2854370851937,#395d33
-51.39590774204433643, 59.2701998767589,#395d33
-51.40135371511780704, 59.2549694325089,#395d33
-51.40681863395784035, 59.2397457760218,#395d33
-51.41230249010434505, 59.2245289308648,#395d33
-51.41780527506787024, 59.2093189205948,#395d33
-51.42332698032967642, 59.1941157687581,#395d33
-51.42886759734175683, 59.1789194988903,#395d33
-51.43442711752678775, 59.1637301345165,#395d33
-51.44000553227822081, 59.1485476991510,#395d33
-51.44560283296021908, 59.1333722162973,#395d33
-51.45121901090774230, 59.1182037094482,#395d33
-51.45685405742651142, 59.1030422020858,#395d33
-51.46250796379303694, 59.0878877176813,#395d33
-51.46818072125464028, 59.0727402796950,#395d33
-51.47387232102944665, 59.0575999115762,#395d33
-51.47958275430642061, 59.0424666367635,#395d33
-51.48531201224537313, 59.0273404786843,#395d33
-51.49106008597697581, 59.0122214607551,#395d33
-51.49682696660276093, 58.9971096063813,#395d33
-51.50261264519514981, 58.9820049389571,#395d33
-51.50841711279745994, 58.9669074818659,#395d33
-51.51424036042394761, 58.9518172584796,#395d33
-51.52008237905975818, 58.9367342921591,#395d33
-51.52594315966099714, 58.9216586062539,#395d33
-51.53182269315472297, 58.9065902241023,#395d33
-51.53772097043896849, 58.8915291690315,#395d33
-51.54363798238274796, 58.8764754643571,#395d33
-51.54957371982606418, 58.8614291333833,#395d33
-51.55552817357993689, 58.8463901994031,#395d33
-51.56150133442640993, 58.8313586856979,#395d33
-51.56749319311857960, 58.8163346155376,#395d33
-51.57350374038056628, 58.8013180121807,#395d33
-51.57953296690759970, 58.7863088988740,#395d33
-51.58558086336595494, 58.7713072988528,#395d33
-51.59164742039303064, 58.7563132353407,#395d33
-51.59773262859732768, 58.7413267315496,#395d33
-51.60383647855847045, 58.7263478106800,#395d33
-51.60995896082722112, 58.7113764959202,#395d33
-51.61610006592552224, 58.6964128104470,#395d33
-51.62225978434645413, 58.6814567774254,#395d33
-51.62843810655429877, 58.6665084200085,#395d33
-51.63463502298453989, 58.6515677613375,#395d33
-51.64085052404387000, 58.6366348245416,#395d33
-51.64708460011021174, 58.6217096327382,#395d33
-51.65333724153273920, 58.6067922090327,#395d33
-51.65960843863187790, 58.5918825765184,#395d33
-51.66589818169932613, 58.5769807582766,#395d33
-51.67220646099808334, 58.5620867773763,#395d33
-51.67853326676243597, 58.5472006568747,#395d33
-51.68487858919800715, 58.5323224198166,#395d33
-51.69124241848174961, 58.5174520892347,#395d33
-51.69762474476195990, 58.5025896881494,#395d33
-51.70402555815829970, 58.4877352395688,#395d33
-51.71044484876182423, 58.4728887664888,#395d33
-51.71688260663496806, 58.4580502918929,#395d33
-51.72333882181159481, 58.4432198387521,#395d33
-51.72981348429696880, 58.4283974300251,#395d33
-51.73630658406783311, 58.4135830886583,#395d33
-51.74281811107235285, 58.3987768375853,#395d33
-51.74934805523017900, 58.3839786997273,#395d33
-51.75589640643246980, 58.3691886979930,#395d33
-51.76246315454184810, 58.3544068552785,#395d33
-51.76904828939250081, 58.3396331944673,#395d33
-51.77565180079012919, 58.3248677384300,#395d33
-51.78227367851197016, 58.3101105100247,#395d33
-51.78891391230686736, 58.2953615320968,#395d33
-51.79557249189521428, 58.2806208274789,#395d33
-51.80224940696901115, 58.2658884189906,#395d33
-51.80894464719188619, 58.2511643294389,#395d33
-51.81565820219908858, 58.2364485816179,#395d33
-51.82239006159751682, 58.2217411983085,#395d33
-51.82914021496572587, 58.2070422022791,#395d33
-51.83590865185396268, 58.1923516162847,#395d33
-51.84269536178416615, 58.1776694630676,#395d33
-51.84950033424998139, 58.1629957653568,#395d33
-51.85632355871678811, 58.1483305458684,#395d33
-51.86316502462170774, 58.1336738273052,#395d33
-51.87002472137361764, 58.1190256323571,#395d33
-51.87690263835317950, 58.1043859837004,#395d33
-51.88379876491285358, 58.0897549039986,#395d33
-51.89071309037689161, 58.0751324159016,#395d33
-51.89764560404139360, 58.0605185420463,#395d33
-51.90459629517428652, 58.0459133050560,#395d33
-51.91156515301536700, 58.0313167275407,#395d33
-51.91855216677630125, 58.0167288320972,#395d33
-51.92555732564065352, 58.0021496413085,#395d33
-51.93258061876390030, 57.9875791777444,#395d33
-51.93962203527343746, 57.9730174639611,#395d33
-51.94668156426861572, 57.9584645225012,#395d33
-51.95375919482072646, 57.9439203758939,#395d33
-51.96085491597305861, 57.9293850466545,#395d33
-51.96796871674088436, 57.9148585572850,#395d33
-51.97510058611149475, 57.9003409302733,#395d33
-51.98225051304420674, 57.8858321880941,#395d33
-51.98941848647037034, 57.8713323532078,#395d33
-51.99660449529341832, 57.8568414480613,#395d33
-52.00380852838885204, 57.8423594950878,#395d33
-52.01103057460426982, 57.8278865167063,#395d33
-52.01827062275938829, 57.8134225353222,#395d33
-52.02552866164605661, 57.7989675733269,#395d33
-52.03280468002826353, 57.7845216530976,#395d33
-52.04009866664217299, 57.7700847969979,#395d33
-52.04741061019612403, 57.7556570273771,#395d33
-52.05474049937068060, 57.7412383665704,#395d33
-52.06208832281859600, 57.7268288368992,#395d33
-52.06945406916486263, 57.7124284606704,#395d33
-52.07683772700676172, 57.6980372601770,#395d33
-52.08423928491379229, 57.6836552576976,#395d33
-52.09165873142779191, 57.6692824754967,#395d33
-52.09909605506287278, 57.6549189358245,#395d33
-52.10655124430549279, 57.6405646609169,#395d33
-52.11402428761442707, 57.6262196729953,#395d33
-52.12151517342084617, 57.6118839942669,#395d33
-52.12902389012826632, 57.5975576469245,#395d33
-52.13655042611262758, 57.5832406531463,#395d33
-52.14409476972225832, 57.5689330350962,#395d33
-52.15165690927793207, 57.5546348149235,#395d33
-52.15923683307288172, 57.5403460147628,#395d33
-52.16683452937279242, 57.5260666567345,#395d33
-52.17444998641585130, 57.5117967629439,#395d33
-52.18208319241273330, 57.4975363554821,#395d33
-52.18973413554664376, 57.4832854564252,#395d33
-52.19740280397334686, 57.4690440878347,#395d33
-52.20508918582113722, 57.4548122717574,#395d33
-52.21279326919090380, 57.4405900302253,#395d33
-52.22051504215613704, 57.4263773852553,#395d33
-52.22825449276293597, 57.4121743588499,#395d33
-52.23601160903002238, 57.3979809729964,#395d33
-52.24378637894879773, 57.3837972496673,#395d33
-52.25157879048330045, 57.3696232108200,#395d33
-52.25938883157028414, 57.3554588783970,#395d33
-52.26721649011920334, 57.3413042743259,#395d33
-52.27506175401224198, 57.3271594205191,#395d33
-52.28292461110430622, 57.3130243388738,#395d33
-52.29080504922310979, 57.2988990512724,#395d33
-52.29870305616910997, 57.2847835795818,#395d33
-52.30661861971558579, 57.2706779456538,#395d33
-52.31455172760863803, 57.2565821713251,#395d33
-52.32250236756719630, 57.2424962784171,#395d33
-52.33047052728306170, 57.2284202887357,#395d33
-52.33845619442089969, 57.2143542240717,#395d33
-52.34645935661828986, 57.2002981062004,#395d33
-52.35448000148571168, 57.1862519568819,#395d33
-52.36251811660659428, 57.1722157978606,#395d33
-52.37057368953730929, 57.1581896508656,#395d33
-52.37864670780720644, 57.1441735376104,#395d33
-52.38673715891863480, 57.1301674797931,#395d33
-52.39484503034694285, 57.1161714990961,#395d33
-52.40297030954053525, 57.1021856171864,#395d33
-52.41111298392083029, 57.0882098557150,#395d33
-52.41927304088235928, 57.0742442363176,#395d33
-52.42745046779270979, 57.0602887806141,#395d33
-52.43564525199259663, 57.0463435102085,#395d33
-52.44385738079586901, 57.0324084466892,#395d33
-52.45208684148951050, 57.0184836116288,#395d33
-52.46033362133367461, 57.0045690265839,#395d33
-52.46859770756172026, 56.9906647130955,#395d33
-52.47687908738019757, 56.9767706926885,#395d33
-52.48517774796889057, 56.9628869868720,#395d33
-52.49349367648083131, 56.9490136171388,#395d33
-52.50182686004232835, 56.9351506049662,#395d33
-52.51017728575295251, 56.9212979718151,#395d33
-52.51854494068561507, 56.9074557391304,#395d33
-52.52692981188653221, 56.8936239283411,#395d33
-52.53533188637528184, 56.8798025608598,#395d33
-52.54375115114480366, 56.8659916580830,#395d33
-52.55218759316142041, 56.8521912413912,#395d33
-52.56064119936486634, 56.8384013321484,#395d33
-52.56911195666830849, 56.8246219517025,#395d33
-52.57759985195836094, 56.8108531213849,#395d33
-52.58610487209510609, 56.7970948625110,#395d33
-52.59462700391212309, 56.7833471963796,#395d33
-52.60316623421647364, 56.7696101442731,#395d33
-52.61172254978879437, 56.7558837274575,#395d33
-52.62029593738323285, 56.7421679671824,#395d33
-52.62888638372751871, 56.7284628846809,#395d33
-52.63749387552299197, 56.7147685011694,#395d33
-52.64611839944458183, 56.7010848378480,#395d33
-52.65475994214085631, 56.6874119159000,#395d33
-52.66341849023405075, 56.6737497564921,#395d33
-52.67209403032005355, 56.6600983807745,#395d33
-52.68078654896845592, 56.6464578098805,#395d33
-52.68949603272258031, 56.6328280649267,#395d33
-52.69822246809945909, 56.6192091670131,#395d33
-52.70696584158990561, 56.6056011372228,#395d33
-52.71572613965850707, 56.5920039966220,#395d33
-52.72450334874363165, 56.5784177662602,#395d33
-52.73329745525749246, 56.5648424671699,#395d33
-52.74210844558612621, 56.5512781203667,#395d33
-52.75093630608944295, 56.5377247468493,#395d33
-52.75978102310122608, 56.5241823675994,#395d33
-52.76864258292918208, 56.5106510035815,#395d33
-52.77752097185492630, 56.4971306757434,#395d33
-52.78641617613402559, 56.4836214050154,#395d33
-52.79532818199601252, 56.4701232123111,#395d33
-52.80425697564442089, 56.4566361185266,#395d33
-52.81320254325679286, 56.4431601445410,#395d33
-52.82216487098468605, 56.4296953112161,#395d33
-52.83114394495373034, 56.4162416393967,#395d33
-52.84013975126362794, 56.4027991499099,#395d33
-52.84915227598817467, 56.3893678635657,#395d33
-52.85818150517528125, 56.3759478011570,#395d33
-52.86722742484700888, 56.3625389834589,#395d33
-52.87629002099957631, 56.3491414312294,#395d33
-52.88536927960337408, 56.3357551652088,#395d33
-52.89446518660302132, 56.3223802061202,#395d33
-52.90357772791735158, 56.3090165746690,#395d33
-52.91270688943943412, 56.2956642915432,#395d33
-52.92185265703663788, 56.2823233774132,#395d33
-52.93101501655058883, 56.2689938529316,#395d33
-52.94019395379726234, 56.2556757387336,#395d33
-52.94938945456695478, 56.2423690554368,#395d33
-52.95860150462431193, 56.2290738236408,#395d33
-52.96783008970837159, 56.2157900639277,#395d33
-52.97707519553256361, 56.2025177968619,#395d33
-52.98633680778477384, 56.1892570429897,#395d33
-52.99561491212728725, 56.1760078228400,#395d33
-53.00490949419688747, 56.1627701569234,#395d33
-53.01422053960484959, 56.1495440657329,#395d33
-53.02354803393695448, 56.1363295697435,#395d33
-53.03289196275351003, 56.1231266894124,#395d33
-53.04225231158940801, 56.1099354451785,#395d33
-53.05162906595410277, 56.0967558574629,#395d33
-53.06102221133163965, 56.0835879466687,#395d33
-53.07043173318071894, 56.0704317331808,#395d33
 -7.56917857360852864, 10.5691785736085,#395d33
