x,y,fill
-89.0000000000000, 6.00000000000000000,#c8102e
-88.9811316067536, 5.99997033190467555,#c8102e
-88.9622634001036, 5.99988132791209949,#c8102e
-88.9433955666446, 5.99973298890246554,#c8102e
-88.9245282929676, 5.99952531634275310,#c8102e
-88.9056617656578, 5.99925831228670958,#c8102e
-88.8867961712932, 5.99893197937483880,#c8102e
-88.8679316964426, 5.99854632083436368,#c8102e
-88.8490685276637, 5.99810134047920318,#c8102e
-88.8302068515013, 5.99759704270993055,#c8102e
-88.8113468544853, 5.99703343251372889,#c8102e
-88.7924887231291, 5.99641051546434767,#c8102e
-88.7736326439277, 5.99572829772204052,#c8102e
-88.7547788033557, 5.99498678603350665,#c8102e
-88.7359273878657, 5.99418598773182687,#c8102e
-88.7170785838862, 5.99332591073638721,#c8102e
-88.6982325778198, 5.99240656355280343,#c8102e
-88.6793895560417, 5.99142795527283578,#c8102e
-88.6605497048972, 5.99039009557429836,#c8102e
-88.6417132107007, 5.98929299472096499,#c8102e
-88.6228802597331, 5.98813666356246621,#c8102e
-88.6040510382403, 5.98692111353418444,#c8102e
-88.5852257324313, 5.98564635665713585,#c8102e
-88.5664045284765, 5.98431240553785759,#c8102e
-88.5475876125056, 5.98291927336827811,#c8102e
-88.5287751706060, 5.98146697392559190,#c8102e
-88.5099673888208, 5.97995552157211741,#c8102e
-88.4911644531470, 5.97838493125515935,#c8102e
-88.4723665495336, 5.97675521850685776,#c8102e
-88.4535738638802, 5.97506639944403783,#c8102e
-88.4347865820342, 5.97331849076804744,#c8102e
-88.4160048897902, 5.97151150976459455,#c8102e
-88.3972289728870, 5.96964547430357229,#c8102e
-88.3784590170066, 5.96772040283888927,#c8102e
-88.3596952077718, 5.96573631440827779,#c8102e
-88.3409377307450, 5.96369322863311346,#c8102e
-88.3221867714256, 5.96159116571821723,#c8102e
-88.3034425152486, 5.95943014645165814,#c8102e
-88.2847051475830, 5.95721019220454284,#c8102e
-88.2659748537293, 5.95493132493081045,#c8102e
-88.2472518189182, 5.95259356716701049,#c8102e
-88.2285362283088, 5.95019694203208438,#c8102e
-88.2098282669863, 5.94774147322713276,#c8102e
-88.1911281199605, 5.94522718503518277,#c8102e
-88.1724359721641, 5.94265410232094737,#c8102e
-88.1537520084505, 5.94002225053058375,#c8102e
-88.1350764135922, 5.93733165569143218,#c8102e
-88.1164093722792, 5.93458234441176824,#c8102e
-88.0977510691164, 5.93177434388053548,#c8102e
-88.0791016886227, 5.92890768186707717,#c8102e
-88.0604614152287, 5.92598238672085920,#c8102e
-88.0418304332747, 5.92299848737119383,#c8102e
-88.0232089270094, 5.91995601332695198,#c8102e
-88.0045970805877, 5.91685499467626919,#c8102e
-87.9859950780689, 5.91369546208625074,#c8102e
-87.9674031034150, 5.91047744680266973,#c8102e
-87.9488213404888, 5.90720098064965171,#c8102e
-87.9302499730521, 5.90386609602936918,#c8102e
-87.9116891847641, 5.90047282592171296,#c8102e
-87.8931391591790, 5.89702120388396889,#c8102e
-87.8746000797450, 5.89351126405048831,#c8102e
-87.8560721298016, 5.88994304113234879,#c8102e
-87.8375554925786, 5.88631657041700862,#c8102e
-87.8190503511938, 5.88263188776796042,#c8102e
-87.8005568886512, 5.87888902962437676,#c8102e
-87.7820752878394, 5.87508803300074867,#c8102e
-87.7636057315299, 5.87122893548651792,#c8102e
-87.7451484023746, 5.86731177524571024,#c8102e
-87.7267034829050, 5.86333659101655336,#c8102e
-87.7082711555295, 5.85930342211109600,#c8102e
-87.6898516025321, 5.85521230841481710,#c8102e
-87.6714450060706, 5.85106329038623407,#c8102e
-87.6530515481746, 5.84685640905649961,#c8102e
-87.6346714107435, 5.84259170602900113,#c8102e
-87.6163047755454, 5.83826922347894239,#c8102e
-87.5979518242145, 5.83388900415293410,#c8102e
-87.5796127382499, 5.82945109136856221,#c8102e
-87.5612876990136, 5.82495552901396607,#c8102e
-87.5429768877285, 5.82040236154740498,#c8102e
-87.5246804854769, 5.81579163399681320,#c8102e
-87.5063986731986, 5.81112339195935945,#c8102e
-87.4881316316893, 5.80639768160099301,#c8102e
-87.4698795415981, 5.80161454965598988,#c8102e
-87.4516425834269, 5.79677404342648828,#c8102e
-87.4334209375275, 5.79187621078201964,#c8102e
-87.4152147841004, 5.78692110015904237,#c8102e
-87.3970243031929, 5.78190876056045155,#c8102e
-87.3788496746973, 5.77683924155510553,#c8102e
-87.3606910783492, 5.77171259327732855,#c8102e
-87.3425486937255, 5.76652886642641604,#c8102e
-87.3244227002430, 5.76128811226613724,#c8102e
-87.3063132771562, 5.75599038262422091,#c8102e
-87.2882206035557, 5.75063572989185179,#c8102e
-87.2701448583667, 5.74522420702314562,#c8102e
-87.2520862203467, 5.73975586753462697,#c8102e
-87.2340448680843, 5.73423076550470157,#c8102e
-87.2160209799970, 5.72864895557312082,#c8102e
-87.1980147343295, 5.72301049294044262,#c8102e
-87.1800263091522, 5.71731543336748071,#c8102e
-87.1620558823593, 5.71156383317475935,#c8102e
-87.1441036316668, 5.70575574924195195,#c8102e
-87.1261697346111, 5.69989123900732242,#c8102e
-87.1082543685470, 5.69397036046715233,#c8102e
-87.0903577106461, 5.68799317217517242,#c8102e
-87.0724799378951, 5.68195973324198000,#c8102e
-87.0546212270938, 5.67587010333445452,#c8102e
-87.0367817548534, 5.66972434267517045,#c8102e
-87.0189616975950, 5.66352251204179780,#c8102e
-87.0011612315477, 5.65726467276650524,#c8102e
-86.9833805327467, 5.65095088673534907,#c8102e
-86.9656197770319, 5.64458121638766652,#c8102e
-86.9478791400460, 5.63815572471545057,#c8102e
-86.9301587972325, 5.63167447526273612,#c8102e
-86.9124589238343, 5.62513753212496503,#c8102e
-86.8947796948920, 5.61854495994835457,#c8102e
-86.8771212852420, 5.61189682392925793,#c8102e
-86.8594838695146, 5.60519318981351944,#c8102e
-86.8418676221328, 5.59843412389582440,#c8102e
-86.8242727173100, 5.59161969301904360,#c8102e
-86.8066993290487, 5.58474996457357253,#c8102e
-86.7891476311385, 5.57782500649666257,#c8102e
-86.7716177971546, 5.57084488727175486,#c8102e
-86.7541100004559, 5.56380967592779374,#c8102e
-86.7366244141834, 5.55671944203855617,#c8102e
-86.7191612112584, 5.54957425572195007,#c8102e
-86.7017205643810, 5.54237418763933576,#c8102e
-86.6843026460280, 5.53511930899481186,#c8102e
-86.6669076284517, 5.52780969153452428,#c8102e
-86.6495356836776, 5.52044540754594770,#c8102e
-86.6321869835034, 5.51302652985717678,#c8102e
-86.6148616994965, 5.50555313183619965,#c8102e
-86.5975600029932, 5.49802528739017937,#c8102e
-86.5802820650961, 5.49044307096471673,#c8102e
-86.5630280566732, 5.48280655754311930,#c8102e
-86.5457981483555, 5.47511582264565710,#c8102e
-86.5285925105360, 5.46737094232881393,#c8102e
-86.5114113133676, 5.45957199318454123,#c8102e
-86.4942547267612, 5.45171905233949161,#c8102e
-86.4771229203847, 5.44381219745426659,#c8102e
-86.4600160636608, 5.43585150672264028,#c8102e
-86.4429343257654, 5.42783705887078760,#c8102e
-86.4258778756260, 5.41976893315651420,#c8102e
-86.4088468819202, 5.41164720936845800,#c8102e
-86.3918415130736, 5.40347196782531025,#c8102e
-86.3748619372586, 5.39524328937502062,#c8102e
-86.3579083223923, 5.38696125539399517,#c8102e
-86.3409808361352, 5.37862594778628988,#c8102e
-86.3240796458895, 5.37023744898280775,#c8102e
-86.3072049187972, 5.36179584194047365,#c8102e
-86.2903568217386, 5.35330121014142257,#c8102e
-86.2735355213307, 5.34475363759217004,#c8102e
-86.2567411839255, 5.33615320882278255,#c8102e
-86.2399739756083, 5.32750000888603825,#c8102e
-86.2232340621962, 5.31879412335659207,#c8102e
-86.2065216092363, 5.31003563833012393,#c8102e
-86.1898367820040, 5.30122464042249231,#c8102e
-86.1731797455019, 5.29236121676886917,#c8102e
-86.1565506644573, 5.28344545502288820,#c8102e
-86.1399497033214, 5.27447744335577351,#c8102e
-86.1233770262671, 5.26545727045546563,#c8102e
-86.1068327971877, 5.25638502552575027,#c8102e
-86.0903171796951, 5.24726079828536562,#c8102e
-86.0738303371182, 5.23808467896712937,#c8102e
-86.0573724325015, 5.22885675831703445,#c8102e
-86.0409436286032, 5.21957712759335912,#c8102e
-86.0245440878937, 5.21024587856575572,#c8102e
-86.0081739725540, 5.20086310351435621,#c8102e
-85.9918334444744, 5.19142889522885032,#c8102e
-85.9755226652521, 5.18194334700756443,#c8102e
-85.9592417961904, 5.17240655265654947,#c8102e
-85.9429909982968, 5.16281860648864566,#c8102e
-85.9267704322813, 5.15317960332255698,#c8102e
-85.9105802585551, 5.14348963848190088,#c8102e
-85.8944206372287, 5.13374880779428011,#c8102e
-85.8782917281105, 5.12395720759032436,#c8102e
-85.8621936907052, 5.11411493470274436,#c8102e
-85.8461266842121, 5.10422208646536912,#c8102e
-85.8300908675237, 5.09427876071218755,#c8102e
-85.8140863992241, 5.08428505577637768,#c8102e
-85.7981134375873, 5.07424107048933593,#c8102e
-85.7821721405757, 5.06414690417970270,#c8102e
-85.7662626658387, 5.05400265667237214,#c8102e
-85.7503851707109, 5.04380842828750886,#c8102e
-85.7345398122105, 5.03356431983956387,#c8102e
-85.7187267470382, 5.02327043263626472,#c8102e
-85.7029461315752, 5.01292686847761804,#c8102e
-85.6871981218816, 5.00253372965491039,#c8102e
-85.6714828736953, 4.99209111894968238,#c8102e
-85.6558005424301, 4.98159913963272594,#c8102e
-85.6401512831744, 4.97105789546305310,#c8102e
-85.6245352506894, 4.96046749068687998,#c8102e
-85.6089525994076, 4.94982803003658134,#c8102e
-85.5934034834318, 4.93913961872967100,#c8102e
-85.5778880565326, 4.92840236246775198,#c8102e
-85.5624064721479, 4.91761636743547026,#c8102e
-85.5469588833807, 4.90678174029946668,#c8102e
-85.5315454429978, 4.89589858820732715,#c8102e
-85.5161663034284, 4.88496701878651685,#c8102e
-85.5008216167624, 4.87398714014331524,#c8102e
-85.4855115347490, 4.86295906086175300,#c8102e
-85.4702362087952, 4.85188289000253015,#c8102e
-85.4549957899643, 4.84075873710194671,#c8102e
-85.4397904289743, 4.82958671217080937,#c8102e
-85.4246202761966, 4.81836692569335501,#c8102e
-85.4094854816544, 4.80709948862614578,#c8102e
-85.3943861950213, 4.79578451239698111,#c8102e
-85.3793225656194, 4.78442210890379460,#c8102e
-85.3642947424187, 4.77301239051354109,#c8102e
-85.3493028740347, 4.76155547006109003,#c8102e
-85.3343471087275, 4.75005146084811170,#c8102e
-85.3194275944000, 4.73850047664195717,#c8102e
-85.3045444785969, 4.72690263167452063,#c8102e
-85.2896979085027, 4.71525804064112997,#c8102e
-85.2748880309405, 4.70356681869939486,#c8102e
-85.2601149923707, 4.69182908146807875,#c8102e
-85.2453789388892, 4.68004494502594959,#c8102e
-85.2306800162261, 4.66821452591063846,#c8102e
-85.2160183697447, 4.65633794111747434,#c8102e
-85.2013941444391, 4.64441530809834280,#c8102e
-85.1868074849337, 4.63244674476051799,#c8102e
-85.1722585354813, 4.62043236946548852,#c8102e
-85.1577474399618, 4.60837230102779838,#c8102e
-85.1432743418808, 4.59626665871386830,#c8102e
-85.1288393843678, 4.58411556224081629,#c8102e
-85.1144427101756, 4.57191913177527010,#c8102e
-85.1000844616781, 4.55967748793218597,#c8102e
-85.0857647808693, 4.54739075177364604,#c8102e
-85.0714838093616, 4.53505904480767352,#c8102e
-85.0572416883849, 4.52268248898701763,#c8102e
-85.0430385587846, 4.51026120670796082,#c8102e
-85.0288745610208, 4.49779532080909572,#c8102e
-85.0147498351663, 4.48528495457012077,#c8102e
-85.0006645209058, 4.47273023171061812,#c8102e
-84.9866187575340, 4.46013127638882168,#c8102e
-84.9726126839546, 4.44748821320040211,#c8102e
-84.9586464386788, 4.43480116717722694,#c8102e
-84.9447201598239, 4.42207026378612866,#c8102e
-84.9308339851120, 4.40929562892765503,#c8102e
-84.9169880518685, 4.39647738893483986,#c8102e
-84.9031824970209, 4.38361567057193202,#c8102e
-84.8894174570973, 4.37071060103316533,#c8102e
-84.8756930682253, 4.35776230794148312,#c8102e
-84.8620094661304, 4.34477091934728232,#c8102e
-84.8483667861347, 4.33173656372714699,#c8102e
-84.8347651631557, 4.31865936998258082,#c8102e
-84.8212047317047, 4.30553946743872817,#c8102e
-84.8076856258858, 4.29237698584309335,#c8102e
-84.7942079793944, 4.27917205536426160,#c8102e
-84.7807719255159, 4.26592480659061302,#c8102e
-84.7673775971243, 4.25263537052903118,#c8102e
-84.7540251266810, 4.23930387860359481,#c8102e
-84.7407146462334, 4.22593046265429884,#c8102e
-84.7274462874138, 4.21251525493573542,#c8102e
-84.7142201814379, 4.19905838811579102,#c8102e
-84.7010364591033, 4.18555999527433809,#c8102e
-84.6878952507888, 4.17202020990190903,#c8102e
-84.6747966864525, 4.15843916589838347,#c8102e
-84.6617408956309, 4.14481699757166488,#c8102e
-84.6487280074376, 4.13115383963635363,#c8102e
-84.6357581505617, 4.11744982721240405,#c8102e
-84.6228314532669, 4.10370509582379484,#c8102e
-84.6099480433899, 4.08991978139719681,#c8102e
-84.5971080483396, 4.07609402026061929,#c8102e
-84.5843115950954, 4.06222794914205831,#c8102e
-84.5715588102060, 4.04832170516815637,#c8102e
-84.5588498197883, 4.03437542586283460,#c8102e
-84.5461847495263, 4.02038924914594276,#c8102e
-84.5335637246695, 4.00636331333189144,#c8102e
-84.5209868700317, 3.99229775712827761,#c8102e
-84.5084543099901, 3.97819271963452081,#c8102e
-84.4959661684836, 3.96404834034048825,#c8102e
-84.4835225690123, 3.94986475912511370,#c8102e
-84.4711236346352, 3.93564211625500793,#c8102e
-84.4587694879700, 3.92138055238307626,#c8102e
-84.4464602511915, 3.90708020854713389,#c8102e
-84.4341960460300, 3.89274122616850438,#c8102e
-84.4219769937708, 3.87836374705061537,#c8102e
-84.4098032152527, 3.86394791337761090,#c8102e
-84.3976748308664, 3.84949386771293023,#c8102e
-84.3855919605541, 3.83500175299790858,#c8102e
-84.3735547238077, 3.82047171255036400,#c8102e
-84.3615632396677, 3.80590389006316743,#c8102e
-84.3496176267224, 3.79129842960283359,#c8102e
-84.3377180031063, 3.77665547560809500,#c8102e
-84.3258644864991, 3.76197517288847116,#c8102e
-84.3140571941245, 3.74725766662283322,#c8102e
-84.3022962427492, 3.73250310235797711,#c8102e
-84.2905817486816, 3.71771162600717275,#c8102e
-84.2789138277705, 3.70288338384873228,#c8102e
-84.2672925954042, 3.68801852252455431,#c8102e
-84.2557181665094, 3.67311718903868289,#c8102e
-84.2441906555499, 3.65817953075584157,#c8102e
-84.2327101765253, 3.64320569539998917,#c8102e
-84.2212768429704, 3.62819583105285304,#c8102e
-84.2098907679536, 3.61315008615245947,#c8102e
-84.1985520640758, 3.59806860949167007,#c8102e
-84.1872608434697, 3.58295155021671707,#c8102e
-84.1760172177984, 3.56779905782572104,#c8102e
-84.1648212982540, 3.55261128216720667,#c8102e
-84.1536731955572, 3.53738837343863777,#c8102e
-84.1425730199555, 3.52213048218491220,#c8102e
-84.1315208812228, 3.50683775929689112,#c8102e
-84.1205168886576, 3.49151035600989079,#c8102e
-84.1095611510824, 3.47614842390220291,#c8102e
-84.0986537768426, 3.46075211489357848,#c8102e
-84.0877948738050, 3.44532158124374099,#c8102e
-84.0769845493575, 3.42985697555087299,#c8102e
-84.0662229104071, 3.41435845075010436,#c8102e
-84.0555100633798, 3.39882616011200422,#c8102e
-84.0448461142187, 3.38326025724106749,#c8102e
-84.0342311683836, 3.36766089607419206,#c8102e
-84.0236653308495, 3.35202823087915203,#c8102e
-84.0131487061058, 3.33636241625308694,#c8102e
-84.0026813981554, 3.32066360712095099,#c8102e
-83.9922635105131, 3.30493195873400492,#c8102e
-83.9818951462053, 3.28916762666825946,#c8102e
-83.9715764077686, 3.27337076682295258,#c8102e
-83.9613073972488, 3.25754153541899649,#c8102e
-83.9510882161997, 3.24168008899744109,#c8102e
-83.9409189656827, 3.22578658441792410,#c8102e
-83.9307997462651, 3.20986117885711186,#c8102e
-83.9207306580196, 3.19390402980715304,#c8102e
-83.9107118005232, 3.17791529507412296,#c8102e
-83.9007432728559, 3.16189513277645862,#c8102e
-83.8908251736001, 3.14584370134339242,#c8102e
-83.8809576008397, 3.12976115951338807,#c8102e
-83.8711406521584, 3.11364766633257517,#c8102e
-83.8613744246399, 3.09750338115317181,#c8102e
-83.8516590148659, 3.08132846363191071,#c8102e
-83.8419945189155, 3.06512307372845338,#c8102e
-83.8323810323646, 3.04888737170381674,#c8102e
-83.8228186502844, 3.03262151811878677,#c8102e
-83.8133074672408, 3.01632567383233097,#c8102e
-83.8038475772934, 3.00000000000000178,#c8102e
-83.7944390739944, 2.98364465807234591,#c8102e
-83.7850820503880, 2.96725980979331272,#c8102e
-83.7757765990092, 2.95084561719865146,#c8102e
-83.7665228118831, 2.93440224261430371,#c8102e
-83.7573207805236, 2.91792984865480198,#c8102e
-83.7481705959331, 2.90142859822166654,#c8102e
-83.7390723486011, 2.88489865450178762,#c8102e
-83.7300261285034, 2.86834018096581689,#c8102e
-83.7210320251014, 2.85175334136654168,#c8102e
-83.7120901273412, 2.83513829973727205,#c8102e
-83.7032005236523, 2.81849522039022471,#c8102e
-83.6943633019473, 2.80182426791488881,#c8102e
-83.6855785496208, 2.78512560717639879,#c8102e
-83.6768463535484, 2.76839940331390455,#c8102e
-83.6681668000859, 2.75164582173894523,#c8102e
-83.6595399750686, 2.73486502813380872,#c8102e
-83.6509659638103, 2.71805718844988720,#c8102e
-83.6424448511026, 2.70122246890604156,#c8102e
-83.6339767212138, 2.68436103598696185,#c8102e
-83.6255616578885, 2.66747305644151522,#c8102e
-83.6171997443461, 2.65055869728109972,#c8102e
-83.6088910632808, 2.63361812577798515,#c8102e
-83.6006356968601, 2.61665150946366687,#c8102e
-83.5924337267243, 2.59965901612721106,#c8102e
-83.5842852339858, 2.58264081381358945,#c8102e
-83.5761902992279, 2.56559707082201705,#c8102e
-83.5681490025044, 2.54852795570428814,#c8102e
-83.5601614233387, 2.53143363726311632,#c8102e
-83.5522276407227, 2.51431428455046113,#c8102e
-83.5443477331167, 2.49717006686584853,#c8102e
-83.5365217784478, 2.48000115375470553,#c8102e
-83.5287498541098, 2.46280771500668338,#c8102e
-83.5210320369621, 2.44558992065397662,#c8102e
-83.5133684033290, 2.42834794096964179,#c8102e
-83.5057590289990, 2.41108194646590901,#c8102e
-83.4982039892239, 2.39379210789249885,#c8102e
-83.4907033587183, 2.37647859623494062,#c8102e
-83.4832572116588, 2.35914158271287455,#c8102e
-83.4758656216828, 2.34178123877835542,#c8102e
-83.4685286618887, 2.32439773611415967,#c8102e
-83.4612464048341, 2.30699124663209432,#c8102e
-83.4540189225362, 2.28956194247129208,#c8102e
-83.4468462864699, 2.27210999599650298,#c8102e
-83.4397285675683, 2.25463557979639484,#c8102e
-83.4326658362209, 2.23713886668185191,#c8102e
-83.4256581622738, 2.21962002968425898,#c8102e
-83.4187056150284, 2.20207924205379246,#c8102e
-83.4118082632409, 2.18451667725770449,#c8102e
-83.4049661751218, 2.16693250897860779,#c8102e
-83.3981794183349, 2.14932691111276419,#c8102e
-83.3914480599971, 2.13170005776836291,#c8102e
-83.3847721666771, 2.11405212326378855,#c8102e
-83.3781518043954, 2.09638328212590697,#c8102e
-83.3715870386230, 2.07869370908834128,#c8102e
-83.3650779342814, 2.06098357908974084,#c8102e
-83.3586245557414, 2.04325306727204481,#c8102e
-83.3522269668230, 2.02550234897875514,#c8102e
-83.3458852307941, 2.00773159975320903,#c8102e
-83.3395994103705, 1.98994099533683366,#c8102e
-83.3333695677150, 1.97213071166741383,#c8102e
-83.3271957644368, 1.95430092487734530,#c8102e
-83.3210780615909, 1.93645181129189625,#c8102e
-83.3150165196774, 1.91858354742747150,#c8102e
-83.3090111986412, 1.90069630998985772,#c8102e
-83.3030621578711, 1.88279027587247416,#c8102e
-83.2971694561993, 1.86486562215462826,#c8102e
-83.2913331519009, 1.84692252609976704,#c8102e
-83.2855533026933, 1.82896116515372054,#c8102e
-83.2798299657354, 1.81098171694294341,#c8102e
-83.2741631976275, 1.79298435927276034,#c8102e
-83.2685530544103, 1.77496927012561523,#c8102e
-83.2629995915645, 1.75693662765930148,#c8102e
-83.2575028640104, 1.73888661020520763,#c8102e
-83.2520629261071, 1.72081939626654368,#c8102e
-83.2466798316521, 1.70273516451658180,#c8102e
-83.2413536338809, 1.68463409379689555,#c8102e
-83.2360843854661, 1.66651636311558438,#c8102e
-83.2308721385172, 1.64838215164549950,#c8102e
-83.2257169445802, 1.63023163872247689,#c8102e
-83.2206188546365, 1.61206500384356755,#c8102e
-83.2155779191031, 1.59388242666525959,#c8102e
-83.2105941878316, 1.57568408700169460,#c8102e
-83.2056677101079, 1.55747016482289546,#c8102e
-83.2007985346518, 1.53924084025299113,#c8102e
-83.1959867096163, 1.52099629356842803,#c8102e
-83.1912322825873, 1.50273670519619174,#c8102e
-83.1865353005831, 1.48446225571201684,#c8102e
-83.1818958100539, 1.46617312583860282,#c8102e
-83.1773138568812, 1.44786949644383545,#c8102e
-83.1727894863777, 1.42955154853899136,#c8102e
-83.1683227432866, 1.41121946327694259,#c8102e
-83.1639136717810, 1.39287342195037089,#c8102e
-83.1595623154640, 1.37451360598998029,#c8102e
-83.1552687173676, 1.35614019696269583,#c8102e
-83.1510329199528, 1.33775337656986615,#c8102e
-83.1468549651090, 1.31935332664546801,#c8102e
-83.1427348941534, 1.30094022915431573,#c8102e
-83.1386727478310, 1.28251426619025333,#c8102e
-83.1346685663139, 1.26407561997435880,#c8102e
-83.1307223892008, 1.24562447285313382,#c8102e
-83.1268342555168, 1.22716100729670630,#c8102e
-83.1230042037133, 1.20868540589703111,#c8102e
-83.1192322716669, 1.19019785136607870,#c8102e
-83.1155184966798, 1.17169852653402273,#c8102e
-83.1118629154786, 1.15318761434743888,#c8102e
-83.1082655642150, 1.13466529786749803,#c8102e
-83.1047264784642, 1.11613176026815375,#c8102e
-83.1012456932258, 1.09758718483432327,#c8102e
-83.0978232429223, 1.07903175496008097,#c8102e
-83.0944591613998, 1.06046565414685068,#c8102e
-83.0911534819268, 1.04188906600158160,#c8102e
-83.0879062371943, 1.02330217423493930,#c8102e
-83.0847174593156, 1.00470516265947984,#c8102e
-83.0815871798257, 0.98609821518783813,#c8102e
-83.0785154296810, 0.96748151583091369,#c8102e
-83.0755022392593, 0.94885524869604643,#c8102e
-83.0725476383589, 0.93021959798518983,#c8102e
-83.0696516561992, 0.91157474799309535,#c8102e
-83.0668143214194, 0.89292088310549445,#c8102e
-83.0640356620790, 0.87425818779727038,#c8102e
-83.0613157056573, 0.85558684663062834,#c8102e
-83.0586544790528, 0.83690704425327545,#c8102e
-83.0560520085834, 0.81821896539660033,#c8102e
-83.0535083199859, 0.79952279487383793,#c8102e
-83.0510234384157, 0.78081871757824706,#c8102e
-83.0485973884467, 0.76210691848127488,#c8102e
-83.0462301940711, 0.74338758263073168,#c8102e
-83.0439218786989, 0.72466089514896681,#c8102e
-83.0416724651578, 0.70592704123103278,#c8102e
-83.0394819756931, 0.68718620614284831,#c8102e
-83.0373504319675, 0.66843857521937133,#c8102e
-83.0352778550604, 0.64968433386277136,#c8102e
-83.0332642654683, 0.63092366754059148,#c8102e
-83.0313096831045, 0.61215676178390788,#c8102e
-83.0294141272984, 0.59338380218550080,#c8102e
-83.0275776167959, 0.57460497439802460,#c8102e
-83.0258001697590, 0.55582046413216357,#c8102e
-83.0240818037654, 0.53703045715480069,#c8102e
-83.0224225358087, 0.51823513928717280,#c8102e
-83.0208223822980, 0.49943469640303795,#c8102e
-83.0192813590578, 0.48062931442684254,#c8102e
-83.0177994813279, 0.46181917933187777,#c8102e
-83.0163767637630, 0.44300447713843460,#c8102e
-83.0150132204330, 0.42418539391196969,#c8102e
-83.0137088648224, 0.40536211576127079,#c8102e
-83.0124637098305, 0.38653482883661072,#c8102e
-83.0112777677711, 0.36770371932789864,#c8102e
-83.0101510503724, 0.34886897346285706,#c8102e
-83.0090835687769, 0.33003077750515930,#c8102e
-83.0080753335413, 0.31118931775260589,#c8102e
-83.0071263546364, 0.29234478053527407,#c8102e
-83.0062366414470, 0.27349735221367005,#c8102e
-83.0054062027719, 0.25464721917689115,#c8102e
-83.0046350468235, 0.23579456784078801,#c8102e
-83.0039231812281, 0.21693958464611562,#c8102e
-83.0032706130256, 0.19808245605668423,#c8102e
-83.0026773486694, 0.17922336855752069,#c8102e
-83.0021433940266, 0.16036250865302959,#c8102e
-83.0016687543777, 0.14150006286514336,#c8102e
-83.0012534344164, 0.12263621773146996,#c8102e
-83.0008974382502, 0.10377115980346659,#c8102e
-83.0006007693995, 0.08490507564457354,#c8102e
-83.0003634307982, 0.06603815182838792,#c8102e
-83.0001854247935, 0.04717057493681044,#c8102e
-83.0000667531457, 0.02830253155819504,#c8102e
-83.0000074170284, 0.00943420828550892,#c8102e
-83.0000074170284,-0.00943420828550745,#c8102e
-83.0000667531457,-0.02830253155819091,#c8102e
-83.0001854247935,-0.04717057493680629,#c8102e
-83.0003634307982,-0.06603815182838645,#c8102e
-83.0006007693995,-0.08490507564457207,#c8102e
-83.0008974382502,-0.10377115980346244,#c8102e
-83.0012534344164,-0.12263621773146849,#c8102e
-83.0016687543777,-0.14150006286513922,#c8102e
-83.0021433940266,-0.16036250865302809,#c8102e
-83.0026773486694,-0.17922336855751925,#c8102e
-83.0032706130256,-0.19808245605668012,#c8102e
-83.0039231812281,-0.21693958464611149,#c8102e
-83.0046350468235,-0.23579456784078651,#c8102e
-83.0054062027719,-0.25464721917688965,#c8102e
-83.0062366414470,-0.27349735221366589,#c8102e
-83.0071263546364,-0.29234478053526991,#c8102e
-83.0080753335413,-0.31118931775260444,#c8102e
-83.0090835687769,-0.33003077750515786,#c8102e
-83.0101510503724,-0.34886897346285295,#c8102e
-83.0112777677711,-0.36770371932789719,#c8102e
-83.0124637098305,-0.38653482883660661,#c8102e
-83.0137088648224,-0.40536211576126935,#c8102e
-83.0150132204330,-0.42418539391196819,#c8102e
-83.0163767637630,-0.44300447713843039,#c8102e
-83.0177994813279,-0.46181917933187361,#c8102e
-83.0192813590578,-0.48062931442684109,#c8102e
-83.0208223822980,-0.49943469640303645,#c8102e
-83.0224225358087,-0.51823513928716869,#c8102e
-83.0240818037654,-0.53703045715479658,#c8102e
-83.0258001697590,-0.55582046413216202,#c8102e
-83.0275776167959,-0.57460497439802316,#c8102e
-83.0294141272984,-0.59338380218549669,#c8102e
-83.0313096831045,-0.61215676178390377,#c8102e
-83.0332642654683,-0.63092366754058737,#c8102e
-83.0352778550604,-0.64968433386276991,#c8102e
-83.0373504319675,-0.66843857521936978,#c8102e
-83.0394819756931,-0.68718620614284420,#c8102e
-83.0416724651578,-0.70592704123102878,#c8102e
-83.0439218786989,-0.72466089514896537,#c8102e
-83.0462301940711,-0.74338758263073024,#c8102e
-83.0485973884467,-0.76210691848127088,#c8102e
-83.0510234384157,-0.78081871757824295,#c8102e
-83.0535083199859,-0.79952279487383637,#c8102e
-83.0560520085834,-0.81821896539659877,#c8102e
-83.0586544790528,-0.83690704425327134,#c8102e
-83.0613157056573,-0.85558684663062423,#c8102e
-83.0640356620790,-0.87425818779726638,#c8102e
-83.0668143214194,-0.89292088310549289,#c8102e
-83.0696516561992,-0.91157474799309379,#c8102e
-83.0725476383589,-0.93021959798518572,#c8102e
-83.0755022392593,-0.94885524869604221,#c8102e
-83.0785154296810,-0.96748151583091224,#c8102e
-83.0815871798257,-0.98609821518783658,#c8102e
-83.0847174593156,-1.00470516265947563,#c8102e
-83.0879062371943,-1.02330217423493508,#c8102e
-83.0911534819268,-1.04188906600158004,#c8102e
-83.0944591613998,-1.06046565414684935,#c8102e
-83.0978232429223,-1.07903175496007941,#c8102e
-83.1012456932258,-1.09758718483431905,#c8102e
-83.1047264784642,-1.11613176026814953,#c8102e
-83.1082655642150,-1.13466529786749670,#c8102e
-83.1118629154786,-1.15318761434743733,#c8102e
-83.1155184966798,-1.17169852653401874,#c8102e
-83.1192322716669,-1.19019785136607448,#c8102e
-83.1230042037133,-1.20868540589702977,#c8102e
-83.1268342555168,-1.22716100729670474,#c8102e
-83.1307223892007,-1.24562447285312983,#c8102e
-83.1346685663139,-1.26407561997435458,#c8102e
-83.1386727478310,-1.28251426619025199,#c8102e
-83.1427348941534,-1.30094022915431418,#c8102e
-83.1468549651090,-1.31935332664546645,#c8102e
-83.1510329199528,-1.33775337656986215,#c8102e
-83.1552687173676,-1.35614019696269184,#c8102e
-83.1595623154640,-1.37451360598997874,#c8102e
-83.1639136717810,-1.39287342195036956,#c8102e
-83.1683227432866,-1.41121946327693859,#c8102e
-83.1727894863777,-1.42955154853898736,#c8102e
-83.1773138568812,-1.44786949644383389,#c8102e
-83.1818958100539,-1.46617312583860127,#c8102e
-83.1865353005831,-1.48446225571201262,#c8102e
-83.1912322825873,-1.50273670519618774,#c8102e
-83.1959867096163,-1.52099629356842625,#c8102e
-83.2007985346518,-1.53924084025298935,#c8102e
-83.2056677101079,-1.55747016482289391,#c8102e
-83.2105941878316,-1.57568408700169060,#c8102e
-83.2155779191031,-1.59388242666525559,#c8102e
-83.2206188546365,-1.61206500384356577,#c8102e
-83.2257169445802,-1.63023163872247512,#c8102e
-83.2308721385172,-1.64838215164549551,#c8102e
-83.2360843854661,-1.66651636311558038,#c8102e
-83.2413536338809,-1.68463409379689422,#c8102e
-83.2466798316521,-1.70273516451658047,#c8102e
-83.2520629261071,-1.72081939626653968,#c8102e
-83.2575028640104,-1.73888661020520363,#c8102e
-83.2629995915645,-1.75693662765930014,#c8102e
-83.2685530544103,-1.77496927012561390,#c8102e
-83.2741631976275,-1.79298435927275901,#c8102e
-83.2798299657354,-1.81098171694293941,#c8102e
-83.2855533026933,-1.82896116515371654,#c8102e
-83.2913331519009,-1.84692252609976526,#c8102e
-83.2971694561993,-1.86486562215462670,#c8102e
-83.3030621578711,-1.88279027587247061,#c8102e
-83.3090111986412,-1.90069630998985373,#c8102e
-83.3150165196774,-1.91858354742747017,#c8102e
-83.3210780615909,-1.93645181129189492,#c8102e
-83.3271957644368,-1.95430092487734131,#c8102e
-83.3333695677150,-1.97213071166740983,#c8102e
-83.3395994103705,-1.98994099533683233,#c8102e
-83.3458852307941,-2.00773159975320770,#c8102e
-83.3522269668230,-2.02550234897875381,#c8102e
-83.3586245557414,-2.04325306727204081,#c8102e
-83.3650779342814,-2.06098357908973684,#c8102e
-83.3715870386230,-2.07869370908833995,#c8102e
-83.3781518043954,-2.09638328212590519,#c8102e
-83.3847721666771,-2.11405212326378456,#c8102e
-83.3914480599971,-2.13170005776835891,#c8102e
-83.3981794183349,-2.14932691111276286,#c8102e
-83.4049661751218,-2.16693250897860601,#c8102e
-83.4118082632409,-2.18451667725770093,#c8102e
-83.4187056150284,-2.20207924205378891,#c8102e
-83.4256581622738,-2.21962002968425764,#c8102e
-83.4326658362209,-2.23713886668185058,#c8102e
-83.4397285675683,-2.25463557979639351,#c8102e
-83.4468462864699,-2.27210999599649943,#c8102e
-83.4540189225362,-2.28956194247128852,#c8102e
-83.4612464048341,-2.30699124663209343,#c8102e
-83.4685286618887,-2.32439773611415790,#c8102e
-83.4758656216828,-2.34178123877835187,#c8102e
-83.4832572116588,-2.35914158271287100,#c8102e
-83.4907033587183,-2.37647859623493929,#c8102e
-83.4982039892239,-2.39379210789249752,#c8102e
-83.5057590289990,-2.41108194646590501,#c8102e
-83.5133684033290,-2.42834794096963824,#c8102e
-83.5210320369621,-2.44558992065397529,#c8102e
-83.5287498541098,-2.46280771500668205,#c8102e
-83.5365217784478,-2.48000115375470376,#c8102e
-83.5443477331167,-2.49717006686584497,#c8102e
-83.5522276407227,-2.51431428455045713,#c8102e
-83.5601614233387,-2.53143363726311499,#c8102e
-83.5681490025044,-2.54852795570428414,#c8102e
-83.5761902992279,-2.56559707082201349,#c8102e
-83.5842852339858,-2.58264081381358812,#c8102e
-83.5924337267243,-2.59965901612720973,#c8102e
-83.6006356968601,-2.61665150946366554,#c8102e
-83.6088910632808,-2.63361812577798160,#c8102e
-83.6171997443461,-2.65055869728109794,#c8102e
-83.6255616578885,-2.66747305644151389,#c8102e
-83.6339767212138,-2.68436103598696052,#c8102e
-83.6424448511026,-2.70122246890603757,#c8102e
-83.6509659638103,-2.71805718844988320,#c8102e
-83.6595399750686,-2.73486502813380472,#c8102e
-83.6681668000859,-2.75164582173894390,#c8102e
-83.6768463535484,-2.76839940331390055,#c8102e
-83.6855785496208,-2.78512560717639523,#c8102e
-83.6943633019473,-2.80182426791488792,#c8102e
-83.7032005236523,-2.81849522039022338,#c8102e
-83.7120901273412,-2.83513829973727072,#c8102e
-83.7210320251014,-2.85175334136653769,#c8102e
-83.7300261285034,-2.86834018096581556,#c8102e
-83.7390723486011,-2.88489865450178673,#c8102e
-83.7481705959331,-2.90142859822166521,#c8102e
-83.7573207805236,-2.91792984865479799,#c8102e
-83.7665228118831,-2.93440224261430016,#c8102e
-83.7757765990092,-2.95084561719864791,#c8102e
-83.7850820503880,-2.96725980979331139,#c8102e
-83.7944390739944,-2.98364465807234236,#c8102e
-83.8038475772934,-2.99999999999999822,#c8102e
-83.8133074672408,-3.01632567383233052,#c8102e
-83.8228186502844,-3.03262151811878500,#c8102e
-83.8323810323646,-3.04888737170381496,#c8102e
-83.8419945189155,-3.06512307372844983,#c8102e
-83.8516590148659,-3.08132846363190893,#c8102e
-83.8613744246399,-3.09750338115317092,#c8102e
-83.8711406521584,-3.11364766633257384,#c8102e
-83.8809576008396,-3.12976115951338407,#c8102e
-83.8908251736001,-3.14584370134338887,#c8102e
-83.9007432728559,-3.16189513277645506,#c8102e
-83.9107118005232,-3.17791529507412163,#c8102e
-83.9207306580196,-3.19390402980714994,#c8102e
-83.9307997462651,-3.20986117885710875,#c8102e
-83.9409189656827,-3.22578658441792232,#c8102e
-83.9510882161997,-3.24168008899744020,#c8102e
-83.9613073972488,-3.25754153541899516,#c8102e
-83.9715764077686,-3.27337076682294947,#c8102e
-83.9818951462053,-3.28916762666825813,#c8102e
-83.9922635105131,-3.30493195873400136,#c8102e
-84.0026813981554,-3.32066360712094966,#c8102e
-84.0131487061058,-3.33636241625308383,#c8102e
-84.0236653308495,-3.35202823087915114,#c8102e
-84.0342311683836,-3.36766089607418895,#c8102e
-84.0448461142187,-3.38326025724106572,#c8102e
-84.0555100633798,-3.39882616011200067,#c8102e
-84.0662229104071,-3.41435845075010125,#c8102e
-84.0769845493575,-3.42985697555087210,#c8102e
-84.0877948738050,-3.44532158124373966,#c8102e
-84.0986537768426,-3.46075211489357759,#c8102e
-84.1095611510824,-3.47614842390219980,#c8102e
-84.1205168886576,-3.49151035600988946,#c8102e
-84.1315208812228,-3.50683775929688801,#c8102e
-84.1425730199555,-3.52213048218491043,#c8102e
-84.1536731955572,-3.53738837343863466,#c8102e
-84.1648212982540,-3.55261128216720579,#c8102e
-84.1760172177984,-3.56779905782571749,#c8102e
-84.1872608434697,-3.58295155021671574,#c8102e
-84.1985520640758,-3.59806860949166873,#c8102e
-84.2098907679536,-3.61315008615245592,#c8102e
-84.2212768429704,-3.62819583105285215,#c8102e
-84.2327101765253,-3.64320569539998873,#c8102e
-84.2441906555499,-3.65817953075584112,#c8102e
-84.2557181665094,-3.67311718903867934,#c8102e
-84.2672925954042,-3.68801852252455298,#c8102e
-84.2789138277705,-3.70288338384872873,#c8102e
-84.2905817486816,-3.71771162600717098,#c8102e
-84.3022962427492,-3.73250310235797400,#c8102e
-84.3140571941245,-3.74725766662283188,#c8102e
-84.3258644864991,-3.76197517288846806,#c8102e
-84.3377180031063,-3.77665547560809367,#c8102e
-84.3496176267224,-3.79129842960283270,#c8102e
-84.3615632396677,-3.80590389006316476,#c8102e
-84.3735547238077,-3.82047171255036311,#c8102e
-84.3855919605541,-3.83500175299790813,#c8102e
-84.3976748308664,-3.84949386771292890,#c8102e
-84.4098032152527,-3.86394791337760823,#c8102e
-84.4219769937708,-3.87836374705061449,#c8102e
-84.4341960460300,-3.89274122616850171,#c8102e
-84.4464602511915,-3.90708020854713345,#c8102e
-84.4587694879700,-3.92138055238307359,#c8102e
-84.4711236346352,-3.93564211625500437,#c8102e
-84.4835225690123,-3.94986475912511015,#c8102e
-84.4959661684836,-3.96404834034048736,#c8102e
-84.5084543099901,-3.97819271963451992,#c8102e
-84.5209868700317,-3.99229775712827450,#c8102e
-84.5335637246695,-4.00636331333189055,#c8102e
-84.5461847495263,-4.02038924914594276,#c8102e
-84.5588498197883,-4.03437542586283371,#c8102e
-84.5715588102060,-4.04832170516815282,#c8102e
-84.5843115950954,-4.06222794914205743,#c8102e
-84.5971080483396,-4.07609402026061662,#c8102e
-84.6099480433899,-4.08991978139719592,#c8102e
-84.6228314532669,-4.10370509582379217,#c8102e
-84.6357581505617,-4.11744982721240049,#c8102e
-84.6487280074376,-4.13115383963635097,#c8102e
-84.6617408956309,-4.14481699757166488,#c8102e
-84.6747966864525,-4.15843916589838258,#c8102e
-84.6878952507888,-4.17202020990190636,#c8102e
-84.7010364591033,-4.18555999527433720,#c8102e
-84.7142201814379,-4.19905838811579013,#c8102e
-84.7274462874138,-4.21251525493573453,#c8102e
-84.7407146462334,-4.22593046265429706,#c8102e
-84.7540251266810,-4.23930387860359303,#c8102e
-84.7673775971243,-4.25263537052902763,#c8102e
-84.7807719255159,-4.26592480659061302,#c8102e
-84.7942079793944,-4.27917205536425893,#c8102e
-84.8076856258858,-4.29237698584309069,#c8102e
-84.8212047317047,-4.30553946743872462,#c8102e
-84.8347651631557,-4.31865936998257993,#c8102e
-84.8483667861347,-4.33173656372714611,#c8102e
-84.8620094661304,-4.34477091934727966,#c8102e
-84.8756930682253,-4.35776230794148223,#c8102e
-84.8894174570973,-4.37071060103316356,#c8102e
-84.9031824970209,-4.38361567057193113,#c8102e
-84.9169880518685,-4.39647738893483631,#c8102e
-84.9308339851120,-4.40929562892765503,#c8102e
-84.9447201598239,-4.42207026378612511,#c8102e
-84.9586464386788,-4.43480116717722517,#c8102e
-84.9726126839546,-4.44748821320039944,#c8102e
-84.9866187575340,-4.46013127638881901,#c8102e
-85.0006645209058,-4.47273023171061457,#c8102e
-85.0147498351663,-4.48528495457011989,#c8102e
-85.0288745610208,-4.49779532080909483,#c8102e
-85.0430385587846,-4.51026120670795816,#c8102e
-85.0572416883849,-4.52268248898701675,#c8102e
-85.0714838093616,-4.53505904480767086,#c8102e
-85.0857647808693,-4.54739075177364427,#c8102e
-85.1000844616781,-4.55967748793218508,#c8102e
-85.1144427101756,-4.57191913177527098,#c8102e
-85.1288393843678,-4.58411556224081451,#c8102e
-85.1432743418808,-4.59626665871386741,#c8102e
-85.1577474399618,-4.60837230102779394,#c8102e
-85.1722585354813,-4.62043236946548408,#c8102e
-85.1868074849337,-4.63244674476051532,#c8102e
-85.2013941444391,-4.64441530809834191,#c8102e
-85.2160183697447,-4.65633794111747346,#c8102e
-85.2306800162261,-4.66821452591063668,#c8102e
-85.2453789388892,-4.68004494502595136,#c8102e
-85.2601149923707,-4.69182908146807698,#c8102e
-85.2748880309405,-4.70356681869939397,#c8102e
-85.2896979085027,-4.71525804064112553,#c8102e
-85.3045444785969,-4.72690263167451796,#c8102e
-85.3194275944000,-4.73850047664195451,#c8102e
-85.3343471087275,-4.75005146084811081,#c8102e
-85.3493028740347,-4.76155547006108915,#c8102e
-85.3642947424187,-4.77301239051353932,#c8102e
-85.3793225656194,-4.78442210890379194,#c8102e
-85.3943861950213,-4.79578451239698023,#c8102e
-85.4094854816544,-4.80709948862614400,#c8102e
-85.4246202761966,-4.81836692569335057,#c8102e
-85.4397904289743,-4.82958671217080671,#c8102e
-85.4549957899642,-4.84075873710194404,#c8102e
-85.4702362087952,-4.85188289000252926,#c8102e
-85.4855115347490,-4.86295906086175300,#c8102e
-85.5008216167624,-4.87398714014331613,#c8102e
-85.5161663034284,-4.88496701878651507,#c8102e
-85.5315454429978,-4.89589858820732626,#c8102e
-85.5469588833807,-4.90678174029946312,#c8102e
-85.5624064721479,-4.91761636743546582,#c8102e
-85.5778880565326,-4.92840236246774932,#c8102e
-85.5934034834318,-4.93913961872967100,#c8102e
-85.6089525994076,-4.94982803003658134,#c8102e
-85.6245352506894,-4.96046749068687820,#c8102e
-85.6401512831744,-4.97105789546305399,#c8102e
-85.6558005424301,-4.98159913963272238,#c8102e
-85.6714828736953,-4.99209111894968061,#c8102e
-85.6871981218816,-5.00253372965490684,#c8102e
-85.7029461315752,-5.01292686847761626,#c8102e
-85.7187267470382,-5.02327043263626205,#c8102e
-85.7345398122105,-5.03356431983956298,#c8102e
-85.7503851707109,-5.04380842828750886,#c8102e
-85.7662626658387,-5.05400265667237125,#c8102e
-85.7821721405757,-5.06414690417970004,#c8102e
-85.7981134375873,-5.07424107048933593,#c8102e
-85.8140863992241,-5.08428505577637679,#c8102e
-85.8300908675237,-5.09427876071218488,#c8102e
-85.8461266842121,-5.10422208646536646,#c8102e
-85.8621936907052,-5.11411493470274259,#c8102e
-85.8782917281105,-5.12395720759032436,#c8102e
-85.8944206372287,-5.13374880779428011,#c8102e
-85.9105802585551,-5.14348963848190177,#c8102e
-85.9267704322813,-5.15317960332255520,#c8102e
-85.9429909982968,-5.16281860648864566,#c8102e
-85.9592417961904,-5.17240655265654592,#c8102e
-85.9755226652520,-5.18194334700756176,#c8102e
-85.9918334444744,-5.19142889522884765,#c8102e
-86.0081739725540,-5.20086310351435621,#c8102e
-86.0245440878937,-5.21024587856575572,#c8102e
-86.0409436286032,-5.21957712759335823,#c8102e
-86.0573724325015,-5.22885675831703534,#c8102e
-86.0738303371182,-5.23808467896712759,#c8102e
-86.0903171796951,-5.24726079828536474,#c8102e
-86.1068327971877,-5.25638502552574671,#c8102e
-86.1233770262671,-5.26545727045546386,#c8102e
-86.1399497033214,-5.27447744335577173,#c8102e
-86.1565506644573,-5.28344545502288732,#c8102e
-86.1731797455019,-5.29236121676886828,#c8102e
-86.1898367820040,-5.30122464042249142,#c8102e
-86.2065216092363,-5.31003563833012482,#c8102e
-86.2232340621962,-5.31879412335659119,#c8102e
-86.2399739756083,-5.32750000888603736,#c8102e
-86.2567411839255,-5.33615320882277988,#c8102e
-86.2735355213307,-5.34475363759216826,#c8102e
-86.2903568217386,-5.35330121014142168,#c8102e
-86.3072049187972,-5.36179584194047276,#c8102e
-86.3240796458895,-5.37023744898280775,#c8102e
-86.3409808361352,-5.37862594778629077,#c8102e
-86.3579083223923,-5.38696125539399340,#c8102e
-86.3748619372586,-5.39524328937501974,#c8102e
-86.3918415130736,-5.40347196782530759,#c8102e
-86.4088468819202,-5.41164720936845534,#c8102e
-86.4258778756260,-5.41976893315651331,#c8102e
-86.4429343257654,-5.42783705887078760,#c8102e
-86.4600160636608,-5.43585150672263939,#c8102e
-86.4771229203847,-5.44381219745426570,#c8102e
-86.4942547267612,-5.45171905233949161,#c8102e
-86.5114113133676,-5.45957199318453945,#c8102e
-86.5285925105360,-5.46737094232881304,#c8102e
-86.5457981483555,-5.47511582264565533,#c8102e
-86.5630280566732,-5.48280655754311752,#c8102e
-86.5802820650961,-5.49044307096471496,#c8102e
-86.5975600029932,-5.49802528739017760,#c8102e
-86.6148616994965,-5.50555313183619965,#c8102e
-86.6321869835034,-5.51302652985717678,#c8102e
-86.6495356836776,-5.52044540754594859,#c8102e
-86.6669076284517,-5.52780969153452340,#c8102e
-86.6843026460280,-5.53511930899481186,#c8102e
-86.7017205643810,-5.54237418763933398,#c8102e
-86.7191612112584,-5.54957425572194918,#c8102e
-86.7366244141834,-5.55671944203855439,#c8102e
-86.7541100004559,-5.56380967592779285,#c8102e
-86.7716177971546,-5.57084488727175398,#c8102e
-86.7891476311385,-5.57782500649666346,#c8102e
-86.8066993290487,-5.58474996457357076,#c8102e
-86.8242727173100,-5.59161969301904271,#c8102e
-86.8418676221328,-5.59843412389582173,#c8102e
-86.8594838695146,-5.60519318981351766,#c8102e
-86.8771212852420,-5.61189682392925615,#c8102e
-86.8947796948920,-5.61854495994835279,#c8102e
-86.9124589238343,-5.62513753212496415,#c8102e
-86.9301587972325,-5.63167447526273612,#c8102e
-86.9478791400460,-5.63815572471545057,#c8102e
-86.9656197770319,-5.64458121638766475,#c8102e
-86.9833805327467,-5.65095088673534818,#c8102e
-87.0011612315477,-5.65726467276650347,#c8102e
-87.0189616975950,-5.66352251204179602,#c8102e
-87.0367817548534,-5.66972434267516867,#c8102e
-87.0546212270938,-5.67587010333445363,#c8102e
-87.0724799378951,-5.68195973324197912,#c8102e
-87.0903577106461,-5.68799317217517242,#c8102e
-87.1082543685470,-5.69397036046715321,#c8102e
-87.1261697346111,-5.69989123900732153,#c8102e
-87.1441036316668,-5.70575574924195195,#c8102e
-87.1620558823593,-5.71156383317475758,#c8102e
-87.1800263091522,-5.71731543336747894,#c8102e
-87.1980147343295,-5.72301049294044173,#c8102e
-87.2160209799970,-5.72864895557312082,#c8102e
-87.2340448680843,-5.73423076550470157,#c8102e
-87.2520862203467,-5.73975586753462608,#c8102e
-87.2701448583667,-5.74522420702314385,#c8102e
-87.2882206035557,-5.75063572989185090,#c8102e
-87.3063132771562,-5.75599038262421914,#c8102e
-87.3244227002430,-5.76128811226613546,#c8102e
-87.3425486937255,-5.76652886642641604,#c8102e
-87.3606910783492,-5.77171259327732855,#c8102e
-87.3788496746973,-5.77683924155510553,#c8102e
-87.3970243031929,-5.78190876056045155,#c8102e
-87.4152147841004,-5.78692110015904237,#c8102e
-87.4334209375275,-5.79187621078201964,#c8102e
-87.4516425834269,-5.79677404342648739,#c8102e
-87.4698795415981,-5.80161454965598899,#c8102e
-87.4881316316892,-5.80639768160099212,#c8102e
-87.5063986731986,-5.81112339195935856,#c8102e
-87.5246804854769,-5.81579163399681320,#c8102e
-87.5429768877285,-5.82040236154740498,#c8102e
-87.5612876990136,-5.82495552901396607,#c8102e
-87.5796127382499,-5.82945109136856221,#c8102e
-87.5979518242145,-5.83388900415293321,#c8102e
-87.6163047755454,-5.83826922347894239,#c8102e
-87.6346714107435,-5.84259170602899935,#c8102e
-87.6530515481746,-5.84685640905649873,#c8102e
-87.6714450060706,-5.85106329038623230,#c8102e
-87.6898516025321,-5.85521230841481621,#c8102e
-87.7082711555295,-5.85930342211109600,#c8102e
-87.7267034829050,-5.86333659101655336,#c8102e
-87.7451484023746,-5.86731177524571024,#c8102e
-87.7636057315298,-5.87122893548651792,#c8102e
-87.7820752878394,-5.87508803300074689,#c8102e
-87.8005568886512,-5.87888902962437498,#c8102e
-87.8190503511938,-5.88263188776795953,#c8102e
-87.8375554925786,-5.88631657041700773,#c8102e
-87.8560721298016,-5.88994304113234790,#c8102e
-87.8746000797450,-5.89351126405048831,#c8102e
-87.8931391591790,-5.89702120388396889,#c8102e
-87.9116891847641,-5.90047282592171118,#c8102e
-87.9302499730521,-5.90386609602936918,#c8102e
-87.9488213404888,-5.90720098064965082,#c8102e
-87.9674031034150,-5.91047744680266796,#c8102e
-87.9859950780689,-5.91369546208624985,#c8102e
-88.0045970805877,-5.91685499467626919,#c8102e
-88.0232089270094,-5.91995601332695109,#c8102e
-88.0418304332747,-5.92299848737119383,#c8102e
-88.0604614152287,-5.92598238672085920,#c8102e
-88.0791016886227,-5.92890768186707717,#c8102e
-88.0977510691164,-5.93177434388053548,#c8102e
-88.1164093722792,-5.93458234441176735,#c8102e
-88.1350764135922,-5.93733165569143129,#c8102e
-88.1537520084505,-5.94002225053058286,#c8102e
-88.1724359721641,-5.94265410232094737,#c8102e
-88.1911281199605,-5.94522718503518277,#c8102e
-88.2098282669863,-5.94774147322713276,#c8102e
-88.2285362283088,-5.95019694203208438,#c8102e
-88.2472518189182,-5.95259356716701049,#c8102e
-88.2659748537293,-5.95493132493081045,#c8102e
-88.2847051475830,-5.95721019220454195,#c8102e
-88.3034425152486,-5.95943014645165725,#c8102e
-88.3221867714256,-5.96159116571821723,#c8102e
-88.3409377307450,-5.96369322863311346,#c8102e
-88.3596952077718,-5.96573631440827779,#c8102e
-88.3784590170066,-5.96772040283888927,#c8102e
-88.3972289728870,-5.96964547430357229,#c8102e
-88.4160048897902,-5.97151150976459366,#c8102e
-88.4347865820342,-5.97331849076804744,#c8102e
-88.4535738638802,-5.97506639944403695,#c8102e
-88.4723665495336,-5.97675521850685776,#c8102e
-88.4911644531469,-5.97838493125515935,#c8102e
-88.5099673888208,-5.97995552157211741,#c8102e
-88.5287751706060,-5.98146697392559190,#c8102e
-88.5475876125056,-5.98291927336827811,#c8102e
-88.5664045284765,-5.98431240553785670,#c8102e
-88.5852257324313,-5.98564635665713585,#c8102e
-88.6040510382403,-5.98692111353418355,#c8102e
-88.6228802597331,-5.98813666356246621,#c8102e
-88.6417132107007,-5.98929299472096499,#c8102e
-88.6605497048972,-5.99039009557429836,#c8102e
-88.6793895560417,-5.99142795527283578,#c8102e
-88.6982325778198,-5.99240656355280343,#c8102e
-88.7170785838862,-5.99332591073638632,#c8102e
-88.7359273878657,-5.99418598773182598,#c8102e
-88.7547788033557,-5.99498678603350577,#c8102e
-88.7736326439277,-5.99572829772204052,#c8102e
-88.7924887231291,-5.99641051546434767,#c8102e
-88.8113468544853,-5.99703343251372889,#c8102e
-88.8302068515013,-5.99759704270992966,#c8102e
-88.8490685276637,-5.99810134047920318,#c8102e
-88.8679316964426,-5.99854632083436368,#c8102e
-88.8867961712932,-5.99893197937483880,#c8102e
-88.9056617656578,-5.99925831228670958,#c8102e
-88.9245282929676,-5.99952531634275310,#c8102e
-88.9433955666446,-5.99973298890246554,#c8102e
-88.9622634001036,-5.99988132791209949,#c8102e
-88.9811316067536,-5.99997033190467466,#c8102e
-89.0000000000000,-6.00000000000000000,#c8102e
-89.0000000000000,-5.83340000000000014,#c8102e
-88.9950887993961,-5.83339793260400086,#c8102e
-88.9901776022733,-5.83339173041746761,#c8102e
-88.9852664121128,-5.83338139344479778,#c8102e
-88.9803552323957,-5.83336692169331794,#c8102e
-88.9754440666030,-5.83334831517328478,#c8102e
-88.9705329182159,-5.83332557389788864,#c8102e
-88.9656217907155,-5.83329869788324729,#c8102e
-88.9607106875827,-5.83326768714841215,#c8102e
-88.9557996122988,-5.83323254171536210,#c8102e
-88.9508885683448,-5.83319326160901053,#c8102e
-88.9459775592015,-5.83314984685720006,#c8102e
-88.9410665883501,-5.83310229749070164,#c8102e
-88.9361556592714,-5.83305061354321985,#c8102e
-88.9312447754465,-5.83299479505138940,#c8102e
-88.9263339403563,-5.83293484205477508,#c8102e
-88.9214231574815,-5.83287075459587268,#c8102e
-88.9165124303030,-5.83280253272010629,#c8102e
-88.9116017623016,-5.83273017647583458,#c8102e
-88.9066911569581,-5.83265368591434452,#c8102e
-88.9017806177532,-5.83257306108985230,#c8102e
-88.8968701481674,-5.83248830205950686,#c8102e
-88.8919597516815,-5.83239940888338637,#c8102e
-88.8870494317759,-5.83230638162449910,#c8102e
-88.8821391919313,-5.83220922034878519,#c8102e
-88.8772290356279,-5.83210792512511222,#c8102e
-88.8723189663462,-5.83200249602528054,#c8102e
-88.8674089875666,-5.83189293312402057,#c8102e
-88.8624991027693,-5.83177923649899022,#c8102e
-88.8575893154344,-5.83166140623078011,#c8102e
-88.8526796290421,-5.83153944240290922,#c8102e
-88.8477700470725,-5.83141334510182840,#c8102e
-88.8428605730055,-5.83128311441691594,#c8102e
-88.8379512103211,-5.83114875044048109,#c8102e
-88.8330419624989,-5.83101025326776412,#c8102e
-88.8281328330189,-5.83086762299693273,#c8102e
-88.8232238253607,-5.83072085972908472,#c8102e
-88.8183149430037,-5.83056996356824886,#c8102e
-88.8134061894275,-5.83041493462138227,#c8102e
-88.8084975681116,-5.83025577299837039,#c8102e
-88.8035890825351,-5.83009247881203052,#c8102e
-88.7986807361773,-5.82992505217810653,#c8102e
-88.7937725325173,-5.82975349321527325,#c8102e
-88.7888644750341,-5.82957780204513476,#c8102e
-88.7839565672066,-5.82939797879222166,#c8102e
-88.7790488125135,-5.82921402358399643,#c8102e
-88.7741412144337,-5.82902593655084900,#c8102e
-88.7692337764455,-5.82883371782609672,#c8102e
-88.7643265020275,-5.82863736754598794,#c8102e
-88.7594193946581,-5.82843688584969843,#c8102e
-88.7545124578154,-5.82823227287933143,#c8102e
-88.7496056949776,-5.82802352877991847,#c8102e
-88.7446991096226,-5.82781065369942297,#c8102e
-88.7397927052283,-5.82759364778873223,#c8102e
-88.7348864852724,-5.82737251120166189,#c8102e
-88.7299804532325,-5.82714724409495943,#c8102e
-88.7250746125861,-5.82691784662829271,#c8102e
-88.7201689668105,-5.82668431896426586,#c8102e
-88.7152635193828,-5.82644666126840516,#c8102e
-88.7103582737802,-5.82620487370916429,#c8102e
-88.7054532334795,-5.82595895645792616,#c8102e
-88.7005484019575,-5.82570890968900112,#c8102e
-88.6956437826909,-5.82545473357962518,#c8102e
-88.6907393791559,-5.82519642830996176,#c8102e
-88.6858351948291,-5.82493399406310086,#c8102e
-88.6809312331864,-5.82466743102505902,#c8102e
-88.6760274977040,-5.82439673938478020,#c8102e
-88.6711239918576,-5.82412191933413403,#c8102e
-88.6662207191229,-5.82384297106791760,#c8102e
-88.6613176829755,-5.82355989478385183,#c8102e
-88.6564148868906,-5.82327269068258602,#c8102e
-88.6515123343435,-5.82298135896769420,#c8102e
-88.6466100288090,-5.82268589984567431,#c8102e
-88.6417079737621,-5.82238631352595437,#c8102e
-88.6368061726774,-5.82208260022088364,#c8102e
-88.6319046290293,-5.82177476014573880,#c8102e
-88.6270033462922,-5.82146279351872042,#c8102e
-88.6221023279401,-5.82114670056095473,#c8102e
-88.6172015774469,-5.82082648149649362,#c8102e
-88.6123010982863,-5.82050213655231197,#c8102e
-88.6074008939320,-5.82017366595830943,#c8102e
-88.6025009678571,-5.81984106994731043,#c8102e
-88.5976013235349,-5.81950434875506417,#c8102e
-88.5927019644382,-5.81916350262024284,#c8102e
-88.5878028940398,-5.81881853178444253,#c8102e
-88.5829041158123,-5.81846943649218318,#c8102e
-88.5780056332279,-5.81811621699090775,#c8102e
-88.5731074497587,-5.81775887353098486,#c8102e
-88.5682095688767,-5.81739740636570080,#c8102e
-88.5633119940536,-5.81703181575127193,#c8102e
-88.5584147287607,-5.81666210194683320,#c8102e
-88.5535177764694,-5.81628826521443987,#c8102e
-88.5486211406507,-5.81591030581907553,#c8102e
-88.5437248247754,-5.81552822402864233,#c8102e
-88.5388288323140,-5.81514202011396364,#c8102e
-88.5339331667369,-5.81475169434878580,#c8102e
-88.5290378315142,-5.81435724700977818,#c8102e
-88.5241428301158,-5.81395867837653135,#c8102e
-88.5192481660113,-5.81355598873155355,#c8102e
-88.5143538426702,-5.81314917836027778,#c8102e
-88.5094598635615,-5.81273824755105650,#c8102e
-88.5045662321543,-5.81232319659516428,#c8102e
-88.4996729519172,-5.81190402578679244,#c8102e
-88.4947800263186,-5.81148073542305710,#c8102e
-88.4898874588266,-5.81105332580399025,#c8102e
-88.4849952529092,-5.81062179723254690,#c8102e
-88.4801034120342,-5.81018615001459882,#c8102e
-88.4752119396687,-5.80974638445894076,#c8102e
-88.4703208392801,-5.80930250087728250,#c8102e
-88.4654301143351,-5.80885449958425593,#c8102e
-88.4605397683005,-5.80840238089740879,#c8102e
-88.4556498046424,-5.80794614513721097,#c8102e
-88.4507602268271,-5.80748579262704645,#c8102e
-88.4458710383203,-5.80702132369322044,#c8102e
-88.4409822425875,-5.80655273866495403,#c8102e
-88.4360938430940,-5.80608003787438864,#c8102e
-88.4312058433047,-5.80560322165657716,#c8102e
-88.4263182466843,-5.80512229034949723,#c8102e
-88.4214310566972,-5.80463724429403616,#c8102e
-88.4165442768075,-5.80414808383400338,#c8102e
-88.4116579104791,-5.80365480931612154,#c8102e
-88.4067719611754,-5.80315742109003008,#c8102e
-88.4018864323596,-5.80265591950828430,#c8102e
-88.3970013274948,-5.80215030492635631,#c8102e
-88.3921166500435,-5.80164057770263053,#c8102e
-88.3872324034681,-5.80112673819840996,#c8102e
-88.3823485912305,-5.80060878677791081,#c8102e
-88.3774652167926,-5.80008672380826340,#c8102e
-88.3725822836156,-5.79956054965951395,#c8102e
-88.3676997951607,-5.79903026470462013,#c8102e
-88.3628177548886,-5.79849586931945638,#c8102e
-88.3579361662598,-5.79795736388280858,#c8102e
-88.3530550327345,-5.79741474877637675,#c8102e
-88.3481743577725,-5.79686802438477411,#c8102e
-88.3432941448331,-5.79631719109552623,#c8102e
-88.3384143973757,-5.79576224929907013,#c8102e
-88.3335351188590,-5.79520319938875783,#c8102e
-88.3286563127415,-5.79464004176084924,#c8102e
-88.3237779824814,-5.79407277681452015,#c8102e
-88.3189001315366,-5.79350140495185340,#c8102e
-88.3140227633644,-5.79292592657784589,#c8102e
-88.3091458814221,-5.79234634210040600,#c8102e
-88.3042694891664,-5.79176265193034734,#c8102e
-88.2993935900539,-5.79117485648140118,#c8102e
-88.2945181875405,-5.79058295617020313,#c8102e
-88.2896432850821,-5.78998695141630026,#c8102e
-88.2847688861340,-5.78938684264214753,#c8102e
-88.2798949941513,-5.78878263027311046,#c8102e
-88.2750216125887,-5.78817431473746513,#c8102e
-88.2701487449005,-5.78756189646639108,#c8102e
-88.2652763945406,-5.78694537589398017,#c8102e
-88.2604045649626,-5.78632475345722952,#c8102e
-88.2555332596198,-5.78570002959604501,#c8102e
-88.2506624819650,-5.78507120475323866,#c8102e
-88.2457922354506,-5.78443827937453037,#c8102e
-88.2409225235288,-5.78380125390854793,#c8102e
-88.2360533496512,-5.78316012880681907,#c8102e
-88.2311847172693,-5.78251490452378736,#c8102e
-88.2263166298339,-5.78186558151679186,#c8102e
-88.2214490907957,-5.78121216024608398,#c8102e
-88.2165821036048,-5.78055464117481588,#c8102e
-88.2117156717109,-5.77989302476904676,#c8102e
-88.2068497985636,-5.77922731149773927,#c8102e
-88.2019844876117,-5.77855750183275951,#c8102e
-88.1971197423039,-5.77788359624887882,#c8102e
-88.1922555660884,-5.77720559522376842,#c8102e
-88.1873919624129,-5.77652349923800568,#c8102e
-88.1825289347249,-5.77583730877506873,#c8102e
-88.1776664864714,-5.77514702432134008,#c8102e
-88.1728046210988,-5.77445264636610034,#c8102e
-88.1679433420533,-5.77375417540153535,#c8102e
-88.1630826527808,-5.77305161192273086,#c8102e
-88.1582225567265,-5.77234495642767254,#c8102e
-88.1533630573354,-5.77163420941724770,#c8102e
-88.1485041580518,-5.77091937139524269,#c8102e
-88.1436458623198,-5.77020044286834555,#c8102e
-88.1387881735832,-5.76947742434614064,#c8102e
-88.1339310952850,-5.76875031634111402,#c8102e
-88.1290746308680,-5.76801911936864986,#c8102e
-88.1242187837746,-5.76728383394703137,#c8102e
-88.1193635574466,-5.76654446059743719,#c8102e
-88.1145089553256,-5.76580099984394412,#c8102e
-88.1096549808524,-5.76505345221352972,#c8102e
-88.1048016374678,-5.76430181823606347,#c8102e
-88.0999489286117,-5.76354609844431476,#c8102e
-88.0950968577238,-5.76278629337394843,#c8102e
-88.0902454282434,-5.76202240356352302,#c8102e
-88.0853946436092,-5.76125442955449518,#c8102e
-88.0805445072595,-5.76048237189121348,#c8102e
-88.0756950226322,-5.75970623112092461,#c8102e
-88.0708461931647,-5.75892600779376629,#c8102e
-88.0659980222938,-5.75814170246277079,#c8102e
-88.0611505134560,-5.75735331568386677,#c8102e
-88.0563036700872,-5.75656084801587120,#c8102e
-88.0514574956231,-5.75576430002049655,#c8102e
-88.0466119934986,-5.75496367226234451,#c8102e
-88.0417671671483,-5.75415896530891491,#c8102e
-88.0369230200062,-5.75335017973059148,#c8102e
-88.0320795555060,-5.75253731610065433,#c8102e
-88.0272367770807,-5.75172037499526922,#c8102e
-88.0223946881631,-5.75089935699349741,#c8102e
-88.0175532921851,-5.75007426267728761,#c8102e
-88.0127125925786,-5.74924509263147598,#c8102e
-88.0078725927746,-5.74841184744379152,#c8102e
-88.0030332962037,-5.74757452770484711,#c8102e
-87.9981947062962,-5.74673313400814845,#c8102e
-87.9933568264817,-5.74588766695008513,#c8102e
-87.9885196601894,-5.74503812712993511,#c8102e
-87.9836832108479,-5.74418451514986650,#c8102e
-87.9788474818853,-5.74332683161492685,#c8102e
-87.9740124767293,-5.74246507713305832,#c8102e
-87.9691781988069,-5.74159925231507895,#c8102e
-87.9643446515449,-5.74072935777470139,#c8102e
-87.9595118383692,-5.73985539412851509,#c8102e
-87.9546797627055,-5.73897736199599873,#c8102e
-87.9498484279787,-5.73809526199951403,#c8102e
-87.9450178376135,-5.73720909476430396,#c8102e
-87.9401879950337,-5.73631886091849719,#c8102e
-87.9353589036628,-5.73542456109310095,#c8102e
-87.9305305669238,-5.73452619592200996,#c8102e
-87.9257029882391,-5.73362376604199486,#c8102e
-87.9208761710304,-5.73271727209271020,#c8102e
-87.9160501187192,-5.73180671471669445,#c8102e
-87.9112248347262,-5.73089209455935755,#c8102e
-87.9064003224715,-5.72997341226899959,#c8102e
-87.9015765853750,-5.72905066849679123,#c8102e
-87.8967536268557,-5.72812386389678796,#c8102e
-87.8919314503321,-5.72719299912591939,#c8102e
-87.8871100592224,-5.72625807484399463,#c8102e
-87.8822894569440,-5.72531909171370490,#c8102e
-87.8774696469138,-5.72437605040060760,#c8102e
-87.8726506325481,-5.72342895157314846,#c8102e
-87.8678324172627,-5.72247779590264027,#c8102e
-87.8630150044728,-5.72152258406327796,#c8102e
-87.8581983975932,-5.72056331673212437,#c8102e
-87.8533826000378,-5.71959999458912538,#c8102e
-87.8485676152202,-5.71863261831709302,#c8102e
-87.8437534465532,-5.71766118860171879,#c8102e
-87.8389400974493,-5.71668570613156479,#c8102e
-87.8341275713202,-5.71570617159806549,#c8102e
-87.8293158715770,-5.71472258569552860,#c8102e
-87.8245050016305,-5.71373494912113156,#c8102e
-87.8196949648905,-5.71274326257492682,#c8102e
-87.8148857647666,-5.71174752675983299,#c8102e
-87.8100774046674,-5.71074774238164107,#c8102e
-87.8052698880014,-5.70974391014901350,#c8102e
-87.8004632181760,-5.70873603077347802,#c8102e
-87.7956573985984,-5.70772410496943383,#c8102e
-87.7908524326749,-5.70670813345414718,#c8102e
-87.7860483238114,-5.70568811694775313,#c8102e
-87.7812450754131,-5.70466405617325201,#c8102e
-87.7764426908845,-5.70363595185651118,#c8102e
-87.7716411736298,-5.70260380472626771,#c8102e
-87.7668405270523,-5.70156761551411861,#c8102e
-87.7620407545547,-5.70052738495452971,#c8102e
-87.7572418595392,-5.69948311378482941,#c8102e
-87.7524438454073,-5.69843480274521230,#c8102e
-87.7476467155599,-5.69738245257873288,#c8102e
-87.7428504733973,-5.69632606403131447,#c8102e
-87.7380551223190,-5.69526563785173767,#c8102e
-87.7332606657242,-5.69420117479164567,#c8102e
-87.7284671070112,-5.69313267560554781,#c8102e
-87.7236744495777,-5.69206014105080538,#c8102e
-87.7188826968209,-5.69098357188765114,#c8102e
-87.7140918521372,-5.68990296887916536,#c8102e
-87.7093019189223,-5.68881833279129800,#c8102e
-87.7045129005715,-5.68772966439285366,#c8102e
-87.6997248004794,-5.68663696445549327,#c8102e
-87.6949376220397,-5.68554023375373951,#c8102e
-87.6901513686456,-5.68443947306496700,#c8102e
-87.6853660436899,-5.68333468316941204,#c8102e
-87.6805816505642,-5.68222586485016290,#c8102e
-87.6757981926600,-5.68111301889316422,#c8102e
-87.6710156733677,-5.67999614608721881,#c8102e
-87.6662340960773,-5.67887524722397874,#c8102e
-87.6614534641780,-5.67775032309795424,#c8102e
-87.6566737810584,-5.67662137450650306,#c8102e
-87.6518950501064,-5.67548840224984374,#c8102e
-87.6471172747093,-5.67435140713103792,#c8102e
-87.6423404582535,-5.67321038995600446,#c8102e
-87.6375646041250,-5.67206535153351332,#c8102e
-87.6327897157090,-5.67091629267518105,#c8102e
-87.6280157963898,-5.66976321419547791,#c8102e
-87.6232428495515,-5.66860611691171723,#c8102e
-87.6184708785771,-5.66744500164407050,#c8102e
-87.6136998868489,-5.66627986921554694,#c8102e
-87.6089298777489,-5.66511072045201214,#c8102e
-87.6041608546580,-5.66393755618217121,#c8102e
-87.5993928209565,-5.66276037723757941,#c8102e
-87.5946257800242,-5.66157918445263864,#c8102e
-87.5898597352399,-5.66039397866459115,#c8102e
-87.5850946899819,-5.65920476071353029,#c8102e
-87.5803306476278,-5.65801153144238711,#c8102e
-87.5755676115542,-5.65681429169693928,#c8102e
-87.5708055851375,-5.65561304232580664,#c8102e
-87.5660445717528,-5.65440778418044854,#c8102e
-87.5612845747750,-5.65319851811517271,#c8102e
-87.5565255975779,-5.65198524498711929,#c8102e
-87.5517676435348,-5.65076796565627326,#c8102e
-87.5470107160181,-5.64954668098545909,#c8102e
-87.5422548183997,-5.64832139184033988,#c8102e
-87.5374999540506,-5.64709209908941556,#c8102e
-87.5327461263412,-5.64585880360402648,#c8102e
-87.5279933386409,-5.64462150625834980,#c8102e
-87.5232415943186,-5.64338020792939687,#c8102e
-87.5184908967424,-5.64213490949701768,#c8102e
-87.5137412492797,-5.64088561184389548,#c8102e
-87.5089926552972,-5.63963231585554947,#c8102e
-87.5042451181606,-5.63837502242033217,#c8102e
-87.4994986412350,-5.63711373242943115,#c8102e
-87.4947532278849,-5.63584844677686547,#c8102e
-87.4900088814739,-5.63457916635948486,#c8102e
-87.4852656053648,-5.63330589207697496,#c8102e
-87.4805234029197,-5.63202862483184763,#c8102e
-87.4757822775000,-5.63074736552944799,#c8102e
-87.4710422324661,-5.62946211507794825,#c8102e
-87.4663032711780,-5.62817287438835212,#c8102e
-87.4615653969947,-5.62687964437449306,#c8102e
-87.4568286132744,-5.62558242595302449,#c8102e
-87.4520929233747,-5.62428122004343756,#c8102e
-87.4473583306522,-5.62297602756803983,#c8102e
-87.4426248384629,-5.62166684945197392,#c8102e
-87.4378924501620,-5.62035368662319890,#c8102e
-87.4331611691038,-5.61903654001250441,#c8102e
-87.4284309986419,-5.61771541055349921,#c8102e
-87.4237019421292,-5.61639029918262001,#c8102e
-87.4189740029176,-5.61506120683912346,#c8102e
-87.4142471843584,-5.61372813446508534,#c8102e
-87.4095214898021,-5.61239108300540845,#c8102e
-87.4047969225982,-5.61105005340781027,#c8102e
-87.4000734860956,-5.60970504662283176,#c8102e
-87.3953511836423,-5.60835606360383299,#c8102e
-87.3906300185856,-5.60700310530698776,#c8102e
-87.3859099942719,-5.60564617269129428,#c8102e
-87.3811911140467,-5.60428526671856275,#c8102e
-87.3764733812550,-5.60292038835342243,#c8102e
-87.3717567992407,-5.60155153856331545,#c8102e
-87.3670413713469,-5.60017871831850478,#c8102e
-87.3623271009161,-5.59880192859205916,#c8102e
-87.3576139912898,-5.59742117035986819,#c8102e
-87.3529020458086,-5.59603644460063254,#c8102e
-87.3481912678125,-5.59464775229586220,#c8102e
-87.3434816606406,-5.59325509442988356,#c8102e
-87.3387732276310,-5.59185847198982700,#c8102e
-87.3340659721212,-5.59045788596564197,#c8102e
-87.3293598974477,-5.58905333735007925,#c8102e
-87.3246550069463,-5.58764482713870159,#c8102e
-87.3199513039519,-5.58623235632988280,#c8102e
-87.3152487917984,-5.58481592592479892,#c8102e
-87.3105474738192,-5.58339553692743529,#c8102e
-87.3058473533465,-5.58197119034458211,#c8102e
-87.3011484337119,-5.58054288718583713,#c8102e
-87.2964507182460,-5.57911062846359673,#c8102e
-87.2917542102787,-5.57767441519306839,#c8102e
-87.2870589131388,-5.57623424839226001,#c8102e
-87.2823648301545,-5.57479012908197902,#c8102e
-87.2776719646530,-5.57334205828583773,#c8102e
-87.2729803199607,-5.57189003703024621,#c8102e
-87.2682898994030,-5.57043406634441940,#c8102e
-87.2636007063047,-5.56897414726036644,#c8102e
-87.2589127439894,-5.56751028081289867,#c8102e
-87.2542260157800,-5.56604246803962344,#c8102e
-87.2495405249986,-5.56457070998094672,#c8102e
-87.2448562749663,-5.56309500768007137,#c8102e
-87.2401732690034,-5.56161536218299268,#c8102e
-87.2354915104292,-5.56013177453850460,#c8102e
-87.2308110025623,-5.55864424579819261,#c8102e
-87.2261317487202,-5.55715277701643817,#c8102e
-87.2214537522197,-5.55565736925041609,#c8102e
-87.2167770163765,-5.55415802356008736,#c8102e
-87.2121015445057,-5.55265474100821166,#c8102e
-87.2074273399212,-5.55114752266033218,#c8102e
-87.2027544059362,-5.54963636958479078,#c8102e
-87.1980827458629,-5.54812128285270756,#c8102e
-87.1934123630128,-5.54660226353800123,#c8102e
-87.1887432606961,-5.54507931271736698,#c8102e
-87.1840754422224,-5.54355243147029864,#c8102e
-87.1794089109004,-5.54202162087906736,#c8102e
-87.1747436700377,-5.54048688202873141,#c8102e
-87.1700797229411,-5.53894821600713705,#c8102e
-87.1654170729165,-5.53740562390490698,#c8102e
-87.1607557232688,-5.53585910681545634,#c8102e
-87.1560956773021,-5.53430866583497316,#c8102e
-87.1514369383195,-5.53275430206243080,#c8102e
-87.1467795096231,-5.53119601659958793,#c8102e
-87.1421233945142,-5.52963381055097081,#c8102e
-87.1374685962931,-5.52806768502389900,#c8102e
-87.1328151182591,-5.52649764112845787,#c8102e
-87.1281629637109,-5.52492367997751987,#c8102e
-87.1235121359457,-5.52334580268672504,#c8102e
-87.1188626382603,-5.52176401037449693,#c8102e
-87.1142144739502,-5.52017830416203292,#c8102e
-87.1095676463102,-5.51858868517329881,#c8102e
-87.1049221586339,-5.51699515453504041,#c8102e
-87.1002780142141,-5.51539771337677109,#c8102e
-87.0956352163427,-5.51379636283078245,#c8102e
-87.0909937683106,-5.51219110403212920,#c8102e
-87.0863536734076,-5.51058193811864161,#c8102e
-87.0817149349228,-5.50896886623091930,#c8102e
-87.0770775561440,-5.50735188951232768,#c8102e
-87.0724415403585,-5.50573100910900326,#c8102e
-87.0678068908522,-5.50410622616984480,#c8102e
-87.0631736109102,-5.50247754184652393,#c8102e
-87.0585417038167,-5.50084495729347012,#c8102e
-87.0539111728548,-5.49920847366788301,#c8102e
-87.0492820213067,-5.49756809212972541,#c8102e
-87.0446542524537,-5.49592381384171880,#c8102e
-87.0400278695759,-5.49427563996935309,#c8102e
-87.0354028759525,-5.49262357168087245,#c8102e
-87.0307792748619,-5.49096761014728862,#c8102e
-87.0261570695813,-5.48930775654236491,#c8102e
-87.0215362633870,-5.48764401204263219,#c8102e
-87.0169168595543,-5.48597637782737113,#c8102e
-87.0122988613574,-5.48430485507862464,#c8102e
-87.0076822720697,-5.48262944498119253,#c8102e
-87.0030670949635,-5.48095014872262443,#c8102e
-86.9984533333101,-5.47926696749323128,#c8102e
-86.9938409903797,-5.47757990248607030,#c8102e
-86.9892300694417,-5.47588895489695915,#c8102e
-86.9846205737643,-5.47419412592446530,#c8102e
-86.9800125066149,-5.47249541676990070,#c8102e
-86.9754058712596,-5.47079282863733951,#c8102e
-86.9708006709637,-5.46908636273359416,#c8102e
-86.9661969089915,-5.46737602026823399,#c8102e
-86.9615945886061,-5.46566180245356925,#c8102e
-86.9569937130697,-5.46394371050466443,#c8102e
-86.9523942856436,-5.46222174563932139,#c8102e
-86.9477963095878,-5.46049590907809446,#c8102e
-86.9431997881615,-5.45876620204428153,#c8102e
-86.9386047246226,-5.45703262576391879,#c8102e
-86.9340111222284,-5.45529518146579129,#c8102e
-86.9294189842347,-5.45355387038141881,#c8102e
-86.9248283138965,-5.45180869374507093,#c8102e
-86.9202391144678,-5.45005965279374838,#c8102e
-86.9156513892015,-5.44830674876719545,#c8102e
-86.9110651413493,-5.44654998290789560,#c8102e
-86.9064803741621,-5.44478935646106610,#c8102e
-86.9018970908897,-5.44302487067466423,#c8102e
-86.8973152947807,-5.44125652679938021,#c8102e
-86.8927349890828,-5.43948432608864074,#c8102e
-86.8881561770425,-5.43770826979860278,#c8102e
-86.8835788619053,-5.43592835918816064,#c8102e
-86.8790030469158,-5.43414459551894069,#c8102e
-86.8744287353174,-5.43235698005529510,#c8102e
-86.8698559303523,-5.43056551406431254,#c8102e
-86.8652846352618,-5.42877019881580480,#c8102e
-86.8607148532861,-5.42697103558231930,#c8102e
-86.8561465876644,-5.42516802563912304,#c8102e
-86.8515798416347,-5.42336117026421771,#c8102e
-86.8470146184340,-5.42155047073832108,#c8102e
-86.8424509212981,-5.41973592834488649,#c8102e
-86.8378887534618,-5.41791754437008422,#c8102e
-86.8333281181590,-5.41609532010280770,#c8102e
-86.8287690186222,-5.41426925683467708,#c8102e
-86.8242114580830,-5.41243935586002589,#c8102e
-86.8196554397718,-5.41060561847591526,#c8102e
-86.8151009669180,-5.40876804598212502,#c8102e
-86.8105480427499,-5.40692663968114573,#c8102e
-86.8059966704946,-5.40508140087819644,#c8102e
-86.8014468533783,-5.40323233088120158,#c8102e
-86.7968985946259,-5.40137943100081230,#c8102e
-86.7923518974612,-5.39952270255038336,#c8102e
-86.7878067651071,-5.39766214684599355,#c8102e
-86.7832632007851,-5.39579776520642529,#c8102e
-86.7787212077159,-5.39392955895317971,#c8102e
-86.7741807891188,-5.39205752941046867,#c8102e
-86.7696419482121,-5.39018167790520675,#c8102e
-86.7651046882131,-5.38830200576702811,#c8102e
-86.7605690123378,-5.38641851432826346,#c8102e
-86.7560349238012,-5.38453120492396220,#c8102e
-86.7515024258170,-5.38264007889186935,#c8102e
-86.7469715215980,-5.38074513757244421,#c8102e
-86.7424422143557,-5.37884638230884704,#c8102e
-86.7379145073007,-5.37694381444693725,#c8102e
-86.7333884036421,-5.37503743533528411,#c8102e
-86.7288639065881,-5.37312724632515160,#c8102e
-86.7243410193458,-5.37121324877051087,#c8102e
-86.7198197451210,-5.36929544402802428,#c8102e
-86.7153000871186,-5.36737383345706132,#c8102e
-86.7107820485420,-5.36544841841968534,#c8102e
-86.7062656325937,-5.36351920028065265,#c8102e
-86.7017508424751,-5.36158618040742407,#c8102e
-86.6972376813862,-5.35964936017014448,#c8102e
-86.6927261525260,-5.35770874094166327,#c8102e
-86.6882162590925,-5.35576432409751213,#c8102e
-86.6837080042822,-5.35381611101592281,#c8102e
-86.6792013912907,-5.35186410307781557,#c8102e
-86.6746964233123,-5.34990830166679743,#c8102e
-86.6701931035402,-5.34794870816916834,#c8102e
-86.6656914351664,-5.34598532397391324,#c8102e
-86.6611914213818,-5.34401815047270734,#c8102e
-86.6566930653759,-5.34204718905990550,#c8102e
-86.6521963703375,-5.34007244113255375,#c8102e
-86.6477013394536,-5.33809390809038309,#c8102e
-86.6432079759105,-5.33611159133579793,#c8102e
-86.6387162828932,-5.33412549227389654,#c8102e
-86.6342262635853,-5.33213561231244881,#c8102e
-86.6297379211696,-5.33014195286191050,#c8102e
-86.6252512588273,-5.32814451533541167,#c8102e
-86.6207662797388,-5.32614330114876644,#c8102e
-86.6162829870829,-5.32413831172045793,#c8102e
-86.6118013840376,-5.32212954847165154,#c8102e
-86.6073214737794,-5.32011701282618787,#c8102e
-86.6028432594837,-5.31810070621057474,#c8102e
-86.5983667443249,-5.31608063005400222,#c8102e
-86.5938919314758,-5.31405678578832141,#c8102e
-86.5894188241084,-5.31202917484806569,#c8102e
-86.5849474253931,-5.30999779867042854,#c8102e
-86.5804777384995,-5.30796265869527861,#c8102e
-86.5760097665956,-5.30592375636515268,#c8102e
-86.5715435128484,-5.30388109312524669,#c8102e
-86.5670789804237,-5.30183467042343359,#c8102e
-86.5626161724860,-5.29978448971023930,#c8102e
-86.5581550921986,-5.29773055243886404,#c8102e
-86.5536957427235,-5.29567286006516280,#c8102e
-86.5492381272216,-5.29361141404765689,#c8102e
-86.5447822488525,-5.29154621584752949,#c8102e
-86.5403281107747,-5.28947726692861497,#c8102e
-86.5358757161451,-5.28740456875741760,#c8102e
-86.5314250681199,-5.28532812280308928,#c8102e
-86.5269761698536,-5.28324793053744646,#c8102e
-86.5225290244997,-5.28116399343495324,#c8102e
-86.5180836352104,-5.27907631297273383,#c8102e
-86.5136400051367,-5.27698489063056808,#c8102e
-86.5091981374282,-5.27488972789087640,#c8102e
-86.5047580352334,-5.27279082623874640,#c8102e
-86.5003197016994,-5.27068818716190002,#c8102e
-86.4958831399724,-5.26858181215072197,#c8102e
-86.4914483531969,-5.26647170269823484,#c8102e
-86.4870153445163,-5.26435786030011421,#c8102e
-86.4825841170730,-5.26224028645468245,#c8102e
-86.4781546740077,-5.26011898266289890,#c8102e
-86.4737270184601,-5.25799395042837681,#c8102e
-86.4693011535686,-5.25586519125736462,#c8102e
-86.4648770824704,-5.25373270665875758,#c8102e
-86.4604548083012,-5.25159649814408613,#c8102e
-86.4560343341956,-5.24945656722752663,#c8102e
-86.4516156632869,-5.24731291542588796,#c8102e
-86.4471987987072,-5.24516554425862047,#c8102e
-86.4427837435871,-5.24301445524781240,#c8102e
-86.4383705010561,-5.24085964991817921,#c8102e
-86.4339590742424,-5.23870112979708136,#c8102e
-86.4295494662729,-5.23653889641450032,#c8102e
-86.4251416802731,-5.23437295130306079,#c8102e
-86.4207357193673,-5.23220329599801381,#c8102e
-86.4163315866786,-5.23002993203723676,#c8102e
-86.4119292853287,-5.22785286096124402,#c8102e
-86.4075288184379,-5.22567208431316654,#c8102e
-86.4031301891254,-5.22348760363877407,#c8102e
-86.3987334005089,-5.22129942048645024,#c8102e
-86.3943384557051,-5.21910753640721303,#c8102e
-86.3899453578290,-5.21691195295469612,#c8102e
-86.3855541099946,-5.21471267168515862,#c8102e
-86.3811647153144,-5.21250969415748511,#c8102e
-86.3767771768997,-5.21030302193316963,#c8102e
-86.3723914978605,-5.20809265657633524,#c8102e
-86.3680076813054,-5.20587859965371447,#c8102e
-86.3636257303416,-5.20366085273466439,#c8102e
-86.3592456480752,-5.20143941739115157,#c8102e
-86.3548674376109,-5.19921429519775735,#c8102e
-86.3504911020519,-5.19698548773168412,#c8102e
-86.3461166445003,-5.19475299657273393,#c8102e
-86.3417440680567,-5.19251682330333164,#c8102e
-86.3373733758205,-5.19027696950850093,#c8102e
-86.3330045708897,-5.18803343677588735,#c8102e
-86.3286376563609,-5.18578622669572997,#c8102e
-86.3242726353295,-5.18353534086088441,#c8102e
-86.3199095108896,-5.18128078086681132,#c8102e
-86.3155482861336,-5.17902254831156750,#c8102e
-86.3111889641529,-5.17676064479582454,#c8102e
-86.3068315480375,-5.17449507192284397,#c8102e
-86.3024760408759,-5.17222583129849944,#c8102e
-86.2981224457554,-5.16995292453125366,#c8102e
-86.2937707657619,-5.16767635323217966,#c8102e
-86.2894210039799,-5.16539611901493512,#c8102e
-86.2850731634925,-5.16311222349578447,#c8102e
-86.2807272473817,-5.16082466829358388,#c8102e
-86.2763832587277,-5.15853345502978033,#c8102e
-86.2720412006098,-5.15623858532842050,#c8102e
-86.2677010761056,-5.15394006081613298,#c8102e
-86.2633628882914,-5.15163788312214699,#c8102e
-86.2590266402422,-5.14933205387827808,#c8102e
-86.2546923350317,-5.14702257471892377,#c8102e
-86.2503599757320,-5.14470944728107948,#c8102e
-86.2460295654139,-5.14239267320431548,#c8102e
-86.2417011071469,-5.14007225413079816,#c8102e
-86.2373746039991,-5.13774819170526520,#c8102e
-86.2330500590371,-5.13542048757504865,#c8102e
-86.2287274753263,-5.13308914339005185,#c8102e
-86.2244068559306,-5.13075416080276447,#c8102e
-86.2200882039124,-5.12841554146825640,#c8102e
-86.2157715223329,-5.12607328704416876,#c8102e
-86.2114568142519,-5.12372739919072462,#c8102e
-86.2071440827276,-5.12137787957071744,#c8102e
-86.2028333308169,-5.11902472984952173,#c8102e
-86.1985245615754,-5.11666795169508326,#c8102e
-86.1942177780572,-5.11430754677791199,#c8102e
-86.1899129833149,-5.11194351677109982,#c8102e
-86.1856101804000,-5.10957586335029834,#c8102e
-86.1813093723623,-5.10720458819373757,#c8102e
-86.1770105622501,-5.10482969298220279,#c8102e
-86.1727137531107,-5.10245117939905679,#c8102e
-86.1684189479897,-5.10006904913021764,#c8102e
-86.1641261499311,-5.09768330386417290,#c8102e
-86.1598353619779,-5.09529394529197344,#c8102e
-86.1555465871715,-5.09290097510722450,#c8102e
-86.1512598285516,-5.09050439500609908,#c8102e
-86.1469750891570,-5.08810420668732011,#c8102e
-86.1426923720246,-5.08570041185217825,#c8102e
-86.1384116801900,-5.08329301220451235,#c8102e
-86.1341330166876,-5.08088200945072277,#c8102e
-86.1298563845501,-5.07846740529975627,#c8102e
-86.1255817868087,-5.07604920146311756,#c8102e
-86.1213092264935,-5.07362739965486575,#c8102e
-86.1170387066328,-5.07120200159160195,#c8102e
-86.1127702302537,-5.06877300899248429,#c8102e
-86.1085038003817,-5.06634042357921111,#c8102e
-86.1042394200409,-5.06390424707603426,#c8102e
-86.0999770922539,-5.06146448120975023,#c8102e
-86.0957168200420,-5.05902112770969303,#c8102e
-86.0914586064249,-5.05657418830774841,#c8102e
-86.0872024544208,-5.05412366473833519,#c8102e
-86.0829483670467,-5.05166955873842394,#c8102e
-86.0786963473178,-5.04921187204751032,#c8102e
-86.0744463982480,-5.04675060640764173,#c8102e
-86.0701985228498,-5.04428576356339153,#c8102e
-86.0659527241340,-5.04181734526187597,#c8102e
-86.0617090051103,-5.03934535325274435,#c8102e
-86.0574673687865,-5.03686978928817286,#c8102e
-86.0532278181693,-5.03439065512288053,#c8102e
-86.0489903562636,-5.03190795251410528,#c8102e
-86.0447549860730,-5.02942168322162075,#c8102e
-86.0405217105997,-5.02693184900773371,#c8102e
-86.0362905328442,-5.02443845163726444,#c8102e
-86.0320614558056,-5.02194149287757252,#c8102e
-86.0278344824816,-5.01944097449852933,#c8102e
-86.0236096158683,-5.01693689827254286,#c8102e
-86.0193868589604,-5.01442926597452932,#c8102e
-86.0151662147509,-5.01191807938193801,#c8102e
-86.0109476862316,-5.00940334027472556,#c8102e
-86.0067312763925,-5.00688505043537546,#c8102e
-86.0025169882224,-5.00436321164888831,#c8102e
-85.9983048247084,-5.00183782570277291,#c8102e
-85.9940947888361,-4.99930889438705961,#c8102e
-85.9898868835896,-4.99677641949428519,#c8102e
-85.9856811119516,-4.99424040281950621,#c8102e
-85.9814774769032,-4.99170084616028031,#c8102e
-85.9772759814239,-4.98915775131668138,#c8102e
-85.9730766284919,-4.98661112009129326,#c8102e
-85.9688794210837,-4.98406095428919471,#c8102e
-85.9646843621743,-4.98150725571798425,#c8102e
-85.9604914547373,-4.97895002618775262,#c8102e
-85.9563007017446,-4.97638926751110233,#c8102e
-85.9521121061667,-4.97382498150312813,#c8102e
-85.9479256709726,-4.97125716998143385,#c8102e
-85.9437413991296,-4.96868583476612091,#c8102e
-85.9395592936036,-4.96611097767978205,#c8102e
-85.9353793573589,-4.96353260054751289,#c8102e
-85.9312015933583,-4.96095070519689862,#c8102e
-85.9270260045632,-4.95836529345802646,#c8102e
-85.9228525939331,-4.95577636716346426,#c8102e
-85.9186813644263,-4.95318392814828368,#c8102e
-85.9145123189994,-4.95058797825003527,#c8102e
-85.9103454606075,-4.94798851930876538,#c8102e
-85.9061807922041,-4.94538555316700812,#c8102e
-85.9020183167411,-4.94277908166977475,#c8102e
-85.8978580371690,-4.94016910666457232,#c8102e
-85.8936999564366,-4.93755563000138231,#c8102e
-85.8895440774914,-4.93493865353267314,#c8102e
-85.8853904032788,-4.93231817911339654,#c8102e
-85.8812389367433,-4.92969420860097340,#c8102e
-85.8770896808274,-4.92706674385531418,#c8102e
-85.8729426384720,-4.92443578673879845,#c8102e
-85.8687978126168,-4.92180133911628559,#c8102e
-85.8646552061996,-4.91916340285510412,#c8102e
-85.8605148221568,-4.91652197982506323,#c8102e
-85.8563766634231,-4.91387707189843503,#c8102e
-85.8522407329317,-4.91122868094996612,#c8102e
-85.8481070336142,-4.90857680885687486,#c8102e
-85.8439755684006,-4.90592145749883901,#c8102e
-85.8398463402193,-4.90326262875801167,#c8102e
-85.8357193519973,-4.90060032451900174,#c8102e
-85.8315946066598,-4.89793454666888817,#c8102e
-85.8274721071304,-4.89526529709721281,#c8102e
-85.8233518563312,-4.89259257769597067,#c8102e
-85.8192338571828,-4.88991639035962500,#c8102e
-85.8151181126040,-4.88723673698508865,#c8102e
-85.8110046255121,-4.88455361947174183,#c8102e
-85.8068933988228,-4.88186703972140723,#c8102e
-85.8027844354501,-4.87917699963837670,#c8102e
-85.7986777383067,-4.87648350112937745,#c8102e
-85.7945733103034,-4.87378654610360229,#c8102e
-85.7904711543494,-4.87108613647269184,#c8102e
-85.7863712733523,-4.86838227415072655,#c8102e
-85.7822736702184,-4.86567496105424624,#c8102e
-85.7781783478519,-4.86296419910222433,#c8102e
-85.7740853091558,-4.86024999021609183,#c8102e
-85.7699945570312,-4.85753233631970893,#c8102e
-85.7659060943776,-4.85481123933939251,#c8102e
-85.7618199240931,-4.85208670120388685,#c8102e
-85.7577360490740,-4.84935872384438138,#c8102e
-85.7536544722149,-4.84662730919450890,#c8102e
-85.7495751964091,-4.84389245919032607,#c8102e
-85.7454982245478,-4.84115417577033647,#c8102e
-85.7414235595210,-4.83841246087546661,#c8102e
-85.7373512042167,-4.83566731644908199,#c8102e
-85.7332811615216,-4.83291874443698344,#c8102e
-85.7292134343205,-4.83016674678738767,#c8102e
-85.7251480254968,-4.82741132545095475,#c8102e
-85.7210849379319,-4.82465248238075617,#c8102e
-85.7170241745059,-4.82189021953230501,#c8102e
-85.7129657380971,-4.81912453886352310,#c8102e
-85.7089096315822,-4.81635544233476853,#c8102e
-85.7048558578362,-4.81358293190880726,#c8102e
-85.7008044197325,-4.81080700955083529,#c8102e
-85.6967553201428,-4.80802767722846625,#c8102e
-85.6927085619371,-4.80524493691172250,#c8102e
-85.6886641479838,-4.80245879057305203,#c8102e
-85.6846220811498,-4.79966924018730889,#c8102e
-85.6805823642999,-4.79687628773176566,#c8102e
-85.6765450002977,-4.79407993518610720,#c8102e
-85.6725099920049,-4.79128018453242088,#c8102e
-85.6684773422816,-4.78847703775521261,#c8102e
-85.6644470539861,-4.78567049684138279,#c8102e
-85.6604191299752,-4.78286056378025393,#c8102e
-85.6563935731039,-4.78004724056353592,#c8102e
-85.6523703862256,-4.77723052918535718,#c8102e
-85.6483495721920,-4.77441043164223533,#c8102e
-85.6443311338530,-4.77158694993309407,#c8102e
-85.6403150740571,-4.76876008605925872,#c8102e
-85.6363013956508,-4.76592984202444292,#c8102e
-85.6322901014791,-4.76309621983476728,#c8102e
-85.6282811943852,-4.76025922149873448,#c8102e
-85.6242746772108,-4.75741884902725420,#c8102e
-85.6202705527957,-4.75457510443361375,#c8102e
-85.6162688239780,-4.75172798973350030,#c8102e
-85.6122694935943,-4.74887750694498845,#c8102e
-85.6082725644793,-4.74602365808853577,#c8102e
-85.6042780394661,-4.74316644518699171,#c8102e
-85.6002859213861,-4.74030587026558337,#c8102e
-85.5962962130689,-4.73744193535192792,#c8102e
-85.5923089173425,-4.73457464247601578,#c8102e
-85.5883240370332,-4.73170399367022654,#c8102e
-85.5843415749655,-4.72882999096931744,#c8102e
-85.5803615339622,-4.72595263641041186,#c8102e
-85.5763839168444,-4.72307193203302589,#c8102e
-85.5724087264315,-4.72018787987903377,#c8102e
-85.5684359655412,-4.71730048199269625,#c8102e
-85.5644656369893,-4.71440974042063488,#c8102e
-85.5604977435903,-4.71151565721185062,#c8102e
-85.5565322881564,-4.70861823441770344,#c8102e
-85.5525692734986,-4.70571747409192742,#c8102e
-85.5486087024258,-4.70281337829062362,#c8102e
-85.5446505777454,-4.69990594907224857,#c8102e
-85.5406949022629,-4.69699518849763287,#c8102e
-85.5367416787821,-4.69408109862995548,#c8102e
-85.5327909101052,-4.69116368153476682,#c8102e
-85.5288425990325,-4.68824293927997271,#c8102e
-85.5248967483626,-4.68531887393582913,#c8102e
-85.5209533608924,-4.68239148757495993,#c8102e
-85.5170124394171,-4.67946078227232753,#c8102e
-85.5130739867299,-4.67652676010526225,#c8102e
-85.5091380056226,-4.67358942315343207,#c8102e
-85.5052044988850,-4.67064877349886753,#c8102e
-85.5012734693052,-4.66770481322593245,#c8102e
-85.4973449196696,-4.66475754442135049,#c8102e
-85.4934188527629,-4.66180696917418658,#c8102e
-85.4894952713677,-4.65885308957584332,#c8102e
-85.4855741782653,-4.65589590772007522,#c8102e
-85.4816555762350,-4.65293542570296648,#c8102e
-85.4777394680543,-4.64997164562294962,#c8102e
-85.4738258564990,-4.64700456958079400,#c8102e
-85.4699147443431,-4.64403419967959774,#c8102e
-85.4660061343589,-4.64106053802480378,#c8102e
-85.4621000293169,-4.63808358672417853,#c8102e
-85.4581964319857,-4.63510334788783052,#c8102e
-85.4542953451323,-4.63211982362818642,#c8102e
-85.4503967715218,-4.62913301606001415,#c8102e
-85.4465007139175,-4.62614292730039711,#c8102e
-85.4426071750812,-4.62314955946875372,#c8102e
-85.4387161577725,-4.62015291468682587,#c8102e
-85.4348276647494,-4.61715299507866916,#c8102e
-85.4309416987682,-4.61414980277067244,#c8102e
-85.4270582625833,-4.61114333989153291,#c8102e
-85.4231773589474,-4.60813360857227838,#c8102e
-85.4192989906112,-4.60512061094624059,#c8102e
-85.4154231603238,-4.60210434914907740,#c8102e
-85.4115498708324,-4.59908482531875151,#c8102e
-85.4076791248825,-4.59606204159554288,#c8102e
-85.4038109252178,-4.59303600012204516,#c8102e
-85.3999452745800,-4.59000670304315062,#c8102e
-85.3960821757092,-4.58697415250607143,#c8102e
-85.3922216313435,-4.58393835066031485,#c8102e
-85.3883636442195,-4.58089929965769915,#c8102e
-85.3845082170716,-4.57785700165235010,#c8102e
-85.3806553526327,-4.57481145880068052,#c8102e
-85.3768050536338,-4.57176267326142050,#c8102e
-85.3729573228039,-4.56871064719558095,#c8102e
-85.3691121628704,-4.56565538276648741,#c8102e
-85.3652695765588,-4.56259688213974446,#c8102e
-85.3614295665928,-4.55953514748326683,#c8102e
-85.3575921356943,-4.55647018096724388,#c8102e
-85.3537572865831,-4.55340198476416891,#c8102e
-85.3499250219776,-4.55033056104882494,#c8102e
-85.3460953445941,-4.54725591199826962,#c8102e
-85.3422682571472,-4.54417803979186452,#c8102e
-85.3384437623494,-4.54109694661123786,#c8102e
-85.3346218629117,-4.53801263464031468,#c8102e
-85.3308025615431,-4.53492510606529819,#c8102e
-85.3269858609508,-4.53183436307466536,#c8102e
-85.3231717638400,-4.52874040785918019,#c8102e
-85.3193602729143,-4.52564324261187512,#c8102e
-85.3155513908753,-4.52254286952806872,#c8102e
-85.3117451204228,-4.51943929080533913,#c8102e
-85.3079414642547,-4.51633250864355240,#c8102e
-85.3041404250672,-4.51322252524482881,#c8102e
-85.3003420055543,-4.51010934281357212,#c8102e
-85.2965462084086,-4.50699296355644918,#c8102e
-85.2927530363205,-4.50387338968238549,#c8102e
-85.2889624919787,-4.50075062340258292,#c8102e
-85.2851745780699,-4.49762466693049401,#c8102e
-85.2813892972791,-4.49449552248184414,#c8102e
-85.2776066522893,-4.49136319227460756,#c8102e
-85.2738266457818,-4.48822767852902693,#c8102e
-85.2700492804358,-4.48508898346759111,#c8102e
-85.2662745589288,-4.48194710931505114,#c8102e
-85.2625024839364,-4.47880205829841405,#c8102e
-85.2587330581322,-4.47565383264692684,#c8102e
-85.2549662841881,-4.47250243459210051,#c8102e
-85.2512021647741,-4.46934786636768244,#c8102e
-85.2474407025581,-4.46619013020967426,#c8102e
-85.2436819002064,-4.46302922835632732,#c8102e
-85.2399257603832,-4.45986516304812319,#c8102e
-85.2361722857510,-4.45669793652779944,#c8102e
-85.2324214789702,-4.45352755104032383,#c8102e
-85.2286733426996,-4.45035400883291388,#c8102e
-85.2249278795957,-4.44717731215501200,#c8102e
-85.2211850923135,-4.44399746325831035,#c8102e
-85.2174449835059,-4.44081446439672067,#c8102e
-85.2137075558239,-4.43762831782639999,#c8102e
-85.2099728119166,-4.43443902580573468,#c8102e
-85.2062407544314,-4.43124659059532888,#c8102e
-85.2025113860135,-4.42805101445803295,#c8102e
-85.1987847093063,-4.42485229965890614,#c8102e
-85.1950607269515,-4.42165044846524324,#c8102e
-85.1913394415885,-4.41844546314656395,#c8102e
-85.1876208558551,-4.41523734597459594,#c8102e
-85.1839049723870,-4.41202609922330424,#c8102e
-85.1801917938182,-4.40881172516885567,#c8102e
-85.1764813227806,-4.40559422608964635,#c8102e
-85.1727735619042,-4.40237360426628310,#c8102e
-85.1690685138171,-4.39914986198158342,#c8102e
-85.1653661811455,-4.39592300152057991,#c8102e
-85.1616665665138,-4.39269302517051408,#c8102e
-85.1579696725441,-4.38945993522083810,#c8102e
-85.1542755018569,-4.38622373396320508,#c8102e
-85.1505840570708,-4.38298442369148411,#c8102e
-85.1468953408021,-4.37974200670173541,#c8102e
-85.1432093556657,-4.37649648529223256,#c8102e
-85.1395261042741,-4.37324786176344293,#c8102e
-85.1358455892380,-4.36999613841803303,#c8102e
-85.1321678131663,-4.36674131756086847,#c8102e
-85.1284927786658,-4.36348340149900871,#c8102e
-85.1248204883415,-4.36022239254171318,#c8102e
-85.1211509447963,-4.35695829300042181,#c8102e
-85.1174841506312,-4.35369110518877722,#c8102e
-85.1138201084453,-4.35042083142260427,#c8102e
-85.1101588208357,-4.34714747401991541,#c8102e
-85.1065002903976,-4.34387103530091334,#c8102e
-85.1028445197242,-4.34059151758797590,#c8102e
-85.0991915114068,-4.33730892320567740,#c8102e
-85.0955412680347,-4.33402325448075665,#c8102e
-85.0918937921952,-4.33073451374214446,#c8102e
-85.0882490864736,-4.32744270332094416,#c8102e
-85.0846071534535,-4.32414782555043242,#c8102e
-85.0809679957162,-4.32084988276606552,#c8102e
-85.0773316158413,-4.31754887730546688,#c8102e
-85.0736980164062,-4.31424481150843508,#c8102e
-85.0700671999865,-4.31093768771693409,#c8102e
-85.0664391691558,-4.30762750827510033,#c8102e
-85.0628139264857,-4.30431427552923207,#c8102e
-85.0591914745457,-4.30099799182779385,#c8102e
-85.0555718159036,-4.29767865952141026,#c8102e
-85.0519549531249,-4.29435628096286948,#c8102e
-85.0483408887735,-4.29103085850711796,#c8102e
-85.0447296254109,-4.28770239451125690,#c8102e
-85.0411211655969,-4.28437089133455107,#c8102e
-85.0375155118892,-4.28103635133841287,#c8102e
-85.0339126668435,-4.27769877688640765,#c8102e
-85.0303126330136,-4.27435817034425192,#c8102e
-85.0267154129513,-4.27101453407981513,#c8102e
-85.0231210092062,-4.26766787046310991,#c8102e
-85.0195294243263,-4.26431818186629386,#c8102e
-85.0159406608571,-4.26096547066367570,#c8102e
-85.0123547213425,-4.25760973923169939,#c8102e
-85.0087716083243,-4.25425098994895290,#c8102e
-85.0051913243422,-4.25088922519616297,#c8102e
-85.0016138719339,-4.24752444735619239,#c8102e
-84.9980392536352,-4.24415665881404269,#c8102e
-84.9944674719799,-4.24078586195684260,#c8102e
-84.9908985294997,-4.23741205917386665,#c8102e
-84.9873324287242,-4.23403525285650151,#c8102e
-84.9837691721812,-4.23065544539827965,#c8102e
-84.9802087623964,-4.22727263919485097,#c8102e
-84.9766512018934,-4.22388683664399611,#c8102e
-84.9730964931939,-4.22049804014561403,#c8102e
-84.9695446388175,-4.21710625210172996,#c8102e
-84.9659956412819,-4.21371147491649278,#c8102e
-84.9624495031024,-4.21031371099615903,#c8102e
-84.9589062267929,-4.20691296274911419,#c8102e
-84.9553658148646,-4.20350923258585230,#c8102e
-84.9518282698273,-4.20010252291898478,#c8102e
-84.9482935941882,-4.19669283616322986,#c8102e
-84.9447617904529,-4.19328017473542047,#c8102e
-84.9412328611247,-4.18986454105449990,#c8102e
-84.9377068087049,-4.18644593754150929,#c8102e
-84.9341836356930,-4.18302436661960453,#c8102e
-84.9306633445861,-4.17959983071403940,#c8102e
-84.9271459378795,-4.17617233225217266,#c8102e
-84.9236314180664,-4.17274187366345828,#c8102e
-84.9201197876379,-4.16930845737945344,#c8102e
-84.9166110490830,-4.16587208583380786,#c8102e
-84.9131052048890,-4.16243276146226826,#c8102e
-84.9096022575406,-4.15899048670267479,#c8102e
-84.9061022095210,-4.15554526399495749,#c8102e
-84.9026050633109,-4.15209709578113539,#c8102e
-84.8991108213891,-4.14864598450531741,#c8102e
-84.8956194862325,-4.14519193261369701,#c8102e
-84.8921310603157,-4.14173494255455221,#c8102e
-84.8886455461115,-4.13827501677824205,#c8102e
-84.8851629460903,-4.13481215773721189,#c8102e
-84.8816832627206,-4.13134636788598009,#c8102e
-84.8782064984690,-4.12787764968114601,#c8102e
-84.8747326557998,-4.12440600558138382,#c8102e
-84.8712617371754,-4.12093143804743978,#c8102e
-84.8677937450558,-4.11745394954213495,#c8102e
-84.8643286818994,-4.11397354253035807,#c8102e
-84.8608665501621,-4.11049021947907089,#c8102e
-84.8574073522980,-4.10700398285729840,#c8102e
-84.8539510907591,-4.10351483513613058,#c8102e
-84.8504977679951,-4.10002277878872423,#c8102e
-84.8470473864538,-4.09652781629029406,#c8102e
-84.8435999485810,-4.09302995011811621,#c8102e
-84.8401554568201,-4.08952918275152388,#c8102e
-84.8367139136127,-4.08602551667191261,#c8102e
-84.8332753213982,-4.08251895436272072,#c8102e
-84.8298396826140,-4.07900949830945247,#c8102e
-84.8264069996951,-4.07549715099965582,#c8102e
-84.8229772750749,-4.07198191492292860,#c8102e
-84.8195505111843,-4.06846379257091684,#c8102e
-84.8161267104522,-4.06494278643731199,#c8102e
-84.8127058753056,-4.06141889901785547,#c8102e
-84.8092880081690,-4.05789213281031813,#c8102e
-84.8058731114652,-4.05436249031452611,#c8102e
-84.8024611876147,-4.05082997403233236,#c8102e
-84.7990522390358,-4.04729458646763440,#c8102e
-84.7956462681450,-4.04375633012636193,#c8102e
-84.7922432773564,-4.04021520751647678,#c8102e
-84.7888432690820,-4.03667122114797650,#c8102e
-84.7854462457319,-4.03312437353288100,#c8102e
-84.7820522097140,-4.02957466718525037,#c8102e
-84.7786611634338,-4.02602210462115995,#c8102e
-84.7752731092952,-4.02246668835871457,#c8102e
-84.7718880496995,-4.01890842091804057,#c8102e
-84.7685059870461,-4.01534730482128666,#c8102e
-84.7651269237324,-4.01178334259261682,#c8102e
-84.7617508621533,-4.00821653675821565,#c8102e
-84.7583778047020,-4.00464688984628658,#c8102e
-84.7550077537693,-4.00107440438704032,#c8102e
-84.7516407117439,-3.99749908291270284,#c8102e
-84.7482766810124,-3.99392092795750919,#c8102e
-84.7449156639593,-3.99033994205770393,#c8102e
-84.7415576629669,-3.98675612775153887,#c8102e
-84.7382026804155,-3.98316948757926603,#c8102e
-84.7348507186831,-3.97958002408314870,#c8102e
-84.7315017801455,-3.97598773980744413,#c8102e
-84.7281558671766,-3.97239263729841241,#c8102e
-84.7248129821481,-3.96879471910430981,#c8102e
-84.7214731274293,-3.96519398777538790,#c8102e
-84.7181363053876,-3.96159044586389486,#c8102e
-84.7148025183882,-3.95798409592406664,#c8102e
-84.7114717687941,-3.95437494051213667,#c8102e
-84.7081440589663,-3.95076298218632038,#c8102e
-84.7048193912634,-3.94714822350682226,#c8102e
-84.7014977680420,-3.94353066703583099,#c8102e
-84.6981791916565,-3.93991031533752034,#c8102e
-84.6948636644592,-3.93628717097804293,#c8102e
-84.6915511888001,-3.93266123652553068,#c8102e
-84.6882417670273,-3.92903251455009972,#c8102e
-84.6849354014863,-3.92540100762382993,#c8102e
-84.6816320945210,-3.92176671832078672,#c8102e
-84.6783318484726,-3.91812964921700191,#c8102e
-84.6750346656804,-3.91448980289047777,#c8102e
-84.6717405484815,-3.91084718192118741,#c8102e
-84.6684494992109,-3.90720178889106640,#c8102e
-84.6651615202012,-3.90355362638402426,#c8102e
-84.6618766137831,-3.89990269698592007,#c8102e
-84.6585947822849,-3.89624900328458601,#c8102e
-84.6553160280328,-3.89259254786980868,#c8102e
-84.6520403533509,-3.88893333333333180,#c8102e
-85.0000000000000,-4.00000000000000000,#c8102e
-85.4167000000000,-4.00000000000000000,#c8102e
-85.4167000000000,-3.83340000000000014,#c8102e
-85.0000000000000,-3.83340000000000014,#c8102e
-85.0000000000000,-3.41670000000000007,#c8102e
-84.8334000000000,-3.41670000000000007,#c8102e
-84.8334000000000,-4.00000000000000000,#c8102e
-85.0000000000000,-4.00000000000000000,#c8102e
-84.6520403533509,-3.88893333333333180,#c8102e
-84.6463635894256,-3.88257718075513081,#c8102e
-84.6406961173612,-3.87621274168622465,#c8102e
-84.6350379492539,-3.86984002971008545,#c8102e
-84.6293890971797,-3.86345905842783655,#c8102e
-84.6237495731947,-3.85706984145823073,#c8102e
-84.6181193893354,-3.85067239243761827,#c8102e
-84.6124985576180,-3.84426672501992295,#c8102e
-84.6068870900389,-3.83785285287660516,#c8102e
-84.6012849985746,-3.83143078969663620,#c8102e
-84.5956922951815,-3.82500054918646892,#c8102e
-84.5901089917960,-3.81856214507001379,#c8102e
-84.5845351003344,-3.81211559108860065,#c8102e
-84.5789706326928,-3.80566090100095256,#c8102e
-84.5734156007475,-3.79919808858315777,#c8102e
-84.5678700163543,-3.79272716762864359,#c8102e
-84.5623338913490,-3.78624815194813902,#c8102e
-84.5568072375474,-3.77976105536964857,#c8102e
-84.5512900667448,-3.77326589173843008,#c8102e
-84.5457823907164,-3.76676267491695205,#c8102e
-84.5402842212170,-3.76025141878487323,#c8102e
-84.5347955699813,-3.75373213723900756,#c8102e
-84.5293164487235,-3.74720484419330591,#c8102e
-84.5238468691377,-3.74066955357880859,#c8102e
-84.5183868428974,-3.73412627934362940,#c8102e
-84.5129363816558,-3.72757503545291780,#c8102e
-84.5074954970457,-3.72101583588883988,#c8102e
-84.5020642006795,-3.71444869465053484,#c8102e
-84.4966425041490,-3.70787362575409363,#c8102e
-84.4912304190257,-3.70129064323252521,#c8102e
-84.4858279568604,-3.69469976113573262,#c8102e
-84.4804351291834,-3.68810099353047693,#c8102e
-84.4750519475046,-3.68149435450034446,#c8102e
-84.4696784233131,-3.67487985814573070,#c8102e
-84.4643145680776,-3.66825751858379157,#c8102e
-84.4589603932459,-3.66162734994842864,#c8102e
-84.4536159102453,-3.65498936639024707,#c8102e
-84.4482811304826,-3.64834358207653953,#c8102e
-84.4429560653435,-3.64169001119124092,#c8102e
-84.4376407261932,-3.63502866793490709,#c8102e
-84.4323351243760,-3.62835956652467972,#c8102e
-84.4270392712158,-3.62168272119426504,#c8102e
-84.4217531780151,-3.61499814619389070,#c8102e
-84.4164768560561,-3.60830585579028140,#c8102e
-84.4112103165998,-3.60160586426663532,#c8102e
-84.4059535708865,-3.59489818592258059,#c8102e
-84.4007066301355,-3.58818283507415314,#c8102e
-84.3954695055453,-3.58145982605376156,#c8102e
-84.3902422082934,-3.57472917321016670,#c8102e
-84.3850247495361,-3.56799089090843502,#c8102e
-84.3798171404090,-3.56124499352991997,#c8102e
-84.3746193920267,-3.55449149547222598,#c8102e
-84.3694315154824,-3.54773041114918497,#c8102e
-84.3642535218487,-3.54096175499081323,#c8102e
-84.3590854221767,-3.53418554144328967,#c8102e
-84.3539272274965,-3.52740178496892298,#c8102e
-84.3487789488173,-3.52061050004612364,#c8102e
-84.3436405971268,-3.51381170116936437,#c8102e
-84.3385121833918,-3.50700540284915885,#c8102e
-84.3333937185576,-3.50019161961202263,#c8102e
-84.3282852135485,-3.49337036600045225,#c8102e
-84.3231866792674,-3.48654165657288306,#c8102e
-84.3180981265960,-3.47970550590366257,#c8102e
-84.3130195663947,-3.47286192858302556,#c8102e
-84.3079510095026,-3.46601093921705239,#c8102e
-84.3028924667373,-3.45915255242764452,#c8102e
-84.2978439488951,-3.45228678285248725,#c8102e
-84.2928054667511,-3.44541364514503323,#c8102e
-84.2877770310586,-3.43853315397445192,#c8102e
-84.2827586525499,-3.43164532402560774,#c8102e
-84.2777503419354,-3.42475016999902948,#c8102e
-84.2727521099042,-3.41784770661088100,#c8102e
-84.2677639671241,-3.41093794859292121,#c8102e
-84.2627859242411,-3.40402091069247792,#c8102e
-84.2578179918796,-3.39709660767242250,#c8102e
-84.2528601806427,-3.39016505431112503,#c8102e
-84.2479125011116,-3.38322626540243299,#c8102e
-84.2429749638461,-3.37628025575563306,#c8102e
-84.2380475793843,-3.36932704019543117,#c8102e
-84.2331303582425,-3.36236663356190357,#c8102e
-84.2282233109154,-3.35539905071048006,#c8102e
-84.2233264478761,-3.34842430651190082,#c8102e
-84.2184397795757,-3.34144241585219870,#c8102e
-84.2135633164439,-3.33445339363265214,#c8102e
-84.2086970688882,-3.32745725476976295,#c8102e
-84.2038410472947,-3.32045401419521813,#c8102e
-84.1989952620274,-3.31344368685586987,#c8102e
-84.1941597234286,-3.30642628771368852,#c8102e
-84.1893344418186,-3.29940183174573898,#c8102e
-84.1845194274959,-3.29237033394414613,#c8102e
-84.1797146907371,-3.28533180931607083,#c8102e
-84.1749202417968,-3.27828627288366281,#c8102e
-84.1701360909077,-3.27123373968403941,#c8102e
-84.1653622482804,-3.26417422476925490,#c8102e
-84.1605987241038,-3.25710774320626095,#c8102e
-84.1558455285444,-3.25003431007687693,#c8102e
-84.1511026717469,-3.24295394047775831,#c8102e
-84.1463701638339,-3.23586664952037273,#c8102e
-84.1416480149058,-3.22877245233095023,#c8102e
-84.1369362350410,-3.22167136405046506,#c8102e
-84.1322348342957,-3.21456339983459660,#c8102e
-84.1275438227041,-3.20744857485370582,#c8102e
-84.1228632102780,-3.20032690429278910,#c8102e
-84.1181930070072,-3.19319840335145289,#c8102e
-84.1135332228591,-3.18606308724389109,#c8102e
-84.1088838677790,-3.17892097119883221,#c8102e
-84.1042449516900,-3.17177207045952336,#c8102e
-84.0996164844927,-3.16461640028368851,#c8102e
-84.0949984760656,-3.15745397594350541,#c8102e
-84.0903909362648,-3.15028481272556160,#c8102e
-84.0857938749241,-3.14310892593082825,#c8102e
-84.0812073018547,-3.13592633087462636,#c8102e
-84.0766312268459,-3.12873704288659793,#c8102e
-84.0720656596641,-3.12154107731066555,#c8102e
-84.0675106100535,-3.11433844950500527,#c8102e
-84.0629660877359,-3.10712917484200757,#c8102e
-84.0584321024106,-3.09991326870825912,#c8102e
-84.0539086637542,-3.09269074650449127,#c8102e
-84.0493957814212,-3.08546162364555965,#c8102e
-84.0448934650431,-3.07822591556040326,#c8102e
-84.0404017242293,-3.07098363769202409,#c8102e
-84.0359205685663,-3.06373480549743782,#c8102e
-84.0314500076181,-3.05647943444765069,#c8102e
-84.0269900509261,-3.04921754002763068,#c8102e
-84.0225407080092,-3.04194913773625997,#c8102e
-84.0181019883634,-3.03467424308631584,#c8102e
-84.0136739014623,-3.02739287160442672,#c8102e
-84.0092564567564,-3.02010503883105219,#c8102e
-84.0048496636740,-3.01281076032043638,#c8102e
-84.0004535316204,-3.00551005164058083,#c8102e
-83.9960680699779,-2.99820292837321034,#c8102e
-83.9916932881066,-2.99088940611374587,#c8102e
-83.9873291953433,-2.98356950047125880,#c8102e
-83.9829758010022,-2.97624322706844513,#c8102e
-83.9786331143747,-2.96891060154159714,#c8102e
-83.9743011447293,-2.96157163954055891,#c8102e
-83.9699799013116,-2.95422635672869882,#c8102e
-83.9656693933442,-2.94687476878287535,#c8102e
-83.9613696300271,-2.93951689139340910,#c8102e
-83.9570806205371,-2.93215274026403749,#c8102e
-83.9528023740282,-2.92478233111189079,#c8102e
-83.9485348996312,-2.91740567966745301,#c8102e
-83.9442782064542,-2.91002280167453842,#c8102e
-83.9400323035821,-2.90263371289024130,#c8102e
-83.9357972000768,-2.89523842908491646,#c8102e
-83.9315729049773,-2.88783696604213658,#c8102e
-83.9273594272993,-2.88042933955867131,#c8102e
-83.9231567760355,-2.87301556544443493,#c8102e
-83.9189649601557,-2.86559565952246809,#c8102e
-83.9147839886062,-2.85816963762889342,#c8102e
-83.9106138703104,-2.85073751561289512,#c8102e
-83.9064546141685,-2.84329930933666919,#c8102e
-83.9023062290575,-2.83585503467539723,#c8102e
-83.8981687238312,-2.82840470751721984,#c8102e
-83.8940421073201,-2.82094834376318815,#c8102e
-83.8899263883317,-2.81348595932723855,#c8102e
-83.8858215756500,-2.80601757013615627,#c8102e
-83.8817276780357,-2.79854319212954827,#c8102e
-83.8776447042265,-2.79106284125979620,#c8102e
-83.8735726629365,-2.78357653349203371,#c8102e
-83.8695115628564,-2.77608428480410296,#c8102e
-83.8654614126540,-2.76858611118653419,#c8102e
-83.8614222209733,-2.76108202864249686,#c8102e
-83.8573939964350,-2.75357205318776987,#c8102e
-83.8533767476364,-2.74605620085071722,#c8102e
-83.8493704831516,-2.73853448767223906,#c8102e
-83.8453752115310,-2.73100692970574599,#c8102e
-83.8413909413015,-2.72347354301712041,#c8102e
-83.8374176809668,-2.71593434368469300,#c8102e
-83.8334554390069,-2.70838934779919160,#c8102e
-83.8295042238782,-2.70083857146371997,#c8102e
-83.8255640440137,-2.69328203079371420,#c8102e
-83.8216349078230,-2.68571974191692142,#c8102e
-83.8177168236918,-2.67815172097335008,#c8102e
-83.8138097999824,-2.67057798411524194,#c8102e
-83.8099138450335,-2.66299854750704590,#c8102e
-83.8060289671601,-2.65541342732536689,#c8102e
-83.8021551746536,-2.64782263975894505,#c8102e
-83.7982924757819,-2.64022620100861438,#c8102e
-83.7944408787888,-2.63262412728726769,#c8102e
-83.7906003918949,-2.62501643481983304,#c8102e
-83.7867710232967,-2.61740313984322182,#c8102e
-83.7829527811672,-2.60978425860630336,#c8102e
-83.7791456736556,-2.60215980736987662,#c8102e
-83.7753497088873,-2.59452980240662123,#c8102e
-83.7715648949639,-2.58689426000107225,#c8102e
-83.7677912399633,-2.57925319644958195,#c8102e
-83.7640287519395,-2.57160662806029183,#c8102e
-83.7602774389226,-2.56395457115308556,#c8102e
-83.7565373089191,-2.55629704205956365,#c8102e
-83.7528083699113,-2.54863405712300350,#c8102e
-83.7490906298579,-2.54096563269833320,#c8102e
-83.7453840966936,-2.53329178515208309,#c8102e
-83.7416887783290,-2.52561253086235826,#c8102e
-83.7380046826511,-2.51792788621881103,#c8102e
-83.7343318175227,-2.51023786762259027,#c8102e
-83.7306701907828,-2.50254249148631658,#c8102e
-83.7270198102461,-2.49484177423404363,#c8102e
-83.7233806837038,-2.48713573230123020,#c8102e
-83.7197528189226,-2.47942438213469352,#c8102e
-83.7161362236454,-2.47170774019258221,#c8102e
-83.7125309055911,-2.46398582294433632,#c8102e
-83.7089368724544,-2.45625864687066198,#c8102e
-83.7053541319058,-2.44852622846348211,#c8102e
-83.7017826915922,-2.44078858422590761,#c8102e
-83.6982225591357,-2.43304573067221153,#c8102e
-83.6946737421348,-2.42529768432777626,#c8102e
-83.6911362481635,-2.41754446172907000,#c8102e
-83.6876100847720,-2.40978607942360812,#c8102e
-83.6840952594859,-2.40202255396991715,#c8102e
-83.6805917798070,-2.39425390193750598,#c8102e
-83.6770996532125,-2.38648013990681829,#c8102e
-83.6736188871557,-2.37870128446920548,#c8102e
-83.6701494890654,-2.37091735222689470,#c8102e
-83.6666914663464,-2.36312835979294178,#c8102e
-83.6632448263790,-2.35533432379120589,#c8102e
-83.6598095765192,-2.34753526085630781,#c8102e
-83.6563857240988,-2.33973118763360288,#c8102e
-83.6529732764254,-2.33192212077913430,#c8102e
-83.6495722407819,-2.32410807695960520,#c8102e
-83.6461826244272,-2.31628907285233732,#c8102e
-83.6428044345956,-2.30846512514524749,#c8102e
-83.6394376784972,-2.30063625053679610,#c8102e
-83.6360823633174,-2.29280246573595869,#c8102e
-83.6327384962174,-2.28496378746219753,#c8102e
-83.6294060843341,-2.27712023244541184,#c8102e
-83.6260851347796,-2.26927181742591211,#c8102e
-83.6227756546419,-2.26141855915437873,#c8102e
-83.6194776509842,-2.25356047439183493,#c8102e
-83.6161911308454,-2.24569757990960017,#c8102e
-83.6129161012398,-2.23782989248925901,#c8102e
-83.6096525691573,-2.22995742892262472,#c8102e
-83.6064005415631,-2.22208020601171130,#c8102e
-83.6031600253980,-2.21419824056868242,#c8102e
-83.5999310275780,-2.20631154941582430,#c8102e
-83.5967135549949,-2.19842014938551689,#c8102e
-83.5935076145155,-2.19052405732018141,#c8102e
-83.5903132129823,-2.18262329007225642,#c8102e
-83.5871303572129,-2.17471786450415694,#c8102e
-83.5839590540004,-2.16680779748824603,#c8102e
-83.5807993101133,-2.15889310590678640,#c8102e
-83.5776511322954,-2.15097380665191329,#c8102e
-83.5745145272657,-2.14304991662559363,#c8102e
-83.5713895017186,-2.13512145273959897,#c8102e
-83.5682760623238,-2.12718843191545570,#c8102e
-83.5651742157261,-2.11925087108441890,#c8102e
-83.5620839685459,-2.11130878718743054,#c8102e
-83.5590053273786,-2.10336219717509332,#c8102e
-83.5559382987947,-2.09541111800761959,#c8102e
-83.5528828893403,-2.08745556665480603,#c8102e
-83.5498391055363,-2.07949556009599101,#c8102e
-83.5468069538791,-2.07153111532002931,#c8102e
-83.5437864408402,-2.06356224932524057,#c8102e
-83.5407775728660,-2.05558897911938043,#c8102e
-83.5377803563784,-2.04761132171961213,#c8102e
-83.5347947977743,-2.03962929415245409,#c8102e
-83.5318209034256,-2.03164291345375592,#c8102e
-83.5288586796795,-2.02365219666865404,#c8102e
-83.5259081328582,-2.01565716085154678,#c8102e
-83.5229692692590,-2.00765782306604468,#c8102e
-83.5200420951541,-1.99965420038494002,#c8102e
-83.5171266167911,-1.99164630989016977,#c8102e
-83.5142228403923,-1.98363416867278564,#c8102e
-83.5113307721552,-1.97561779383290448,#c8102e
-83.5084504182522,-1.96759720247967973,#c8102e
-83.5055817848309,-1.95957241173126984,#c8102e
-83.5027248780137,-1.95154343871479030,#c8102e
-83.4998797038980,-1.94351030056628371,#c8102e
-83.4970462685563,-1.93547301443068087,#c8102e
-83.4942245780357,-1.92743159746177151,#c8102e
-83.4914146383587,-1.91938606682215629,#c8102e
-83.4886164555223,-1.91133643968321576,#c8102e
-83.4858300354988,-1.90328273322507324,#c8102e
-83.4830553842350,-1.89522496463656442,#c8102e
-83.4802925076529,-1.88716315111518762,#c8102e
-83.4775414116491,-1.87909730986707468,#c8102e
-83.4748021020954,-1.87102745810696014,#c8102e
-83.4720745848380,-1.86295361305813145,#c8102e
-83.4693588656984,-1.85487579195240104,#c8102e
-83.4666549504726,-1.84679401203006788,#c8102e
-83.4639628449314,-1.83870829053987661,#c8102e
-83.4612825548207,-1.83061864473899250,#c8102e
-83.4586140858608,-1.82252509189294853,#c8102e
-83.4559574437470,-1.81442764927561706,#c8102e
-83.4533126341494,-1.80632633416917887,#c8102e
-83.4506796627126,-1.79822116386407282,#c8102e
-83.4480585350562,-1.79011215565896764,#c8102e
-83.4454492567744,-1.78199932686072193,#c8102e
-83.4428518334361,-1.77388269478435445,#c8102e
-83.4402662705849,-1.76576227675299546,#c8102e
-83.4376925737391,-1.75763809009785654,#c8102e
-83.4351307483917,-1.74951015215819017,#c8102e
-83.4325808000104,-1.74137848028126374,#c8102e
-83.4300427340373,-1.73324309182230496,#c8102e
-83.4275165558896,-1.72510400414447473,#c8102e
-83.4250022709587,-1.71696123461883676,#c8102e
-83.4224998846107,-1.70881480062430358,#c8102e
-83.4200094021866,-1.70066471954761411,#c8102e
-83.4175308290016,-1.69251100878328598,#c8102e
-83.4150641703458,-1.68435368573359234,#c8102e
-83.4126094314836,-1.67619276780850845,#c8102e
-83.4101666176541,-1.66802827242568452,#c8102e
-83.4077357340710,-1.65986021701040287,#c8102e
-83.4053167859225,-1.65168861899555219,#c8102e
-83.4029097783712,-1.64351349582157402,#c8102e
-83.4005147165544,-1.63533486493643387,#c8102e
-83.3981316055839,-1.62715274379559127,#c8102e
-83.3957604505457,-1.61896714986194734,#c8102e
-83.3934012565006,-1.61077810060581728,#c8102e
-83.3910540284839,-1.60258561350489104,#c8102e
-83.3887187715050,-1.59438970604419383,#c8102e
-83.3863954905482,-1.58619039571605791,#c8102e
-83.3840841905718,-1.57798770002007038,#c8102e
-83.3817848765090,-1.56978163646304458,#c8102e
-83.3794975532670,-1.56157222255898831,#c8102e
-83.3772222257276,-1.55335947582905320,#c8102e
-83.3749588987470,-1.54514341380150588,#c8102e
-83.3727075771558,-1.53692405401168708,#c8102e
-83.3704682657588,-1.52870141400198278,#c8102e
-83.3682409693355,-1.52047551132177228,#c8102e
-83.3660256926395,-1.51224636352740083,#c8102e
-83.3638224403988,-1.50401398818213794,#c8102e
-83.3616312173157,-1.49577840285614760,#c8102e
-83.3594520280669,-1.48753962512643900,#c8102e
-83.3572848773034,-1.47929767257683320,#c8102e
-83.3551297696505,-1.47105256279793628,#c8102e
-83.3529867097078,-1.46280431338708361,#c8102e
-83.3508557020492,-1.45455294194831519,#c8102e
-83.3487367512229,-1.44629846609233126,#c8102e
-83.3466298617512,-1.43804090343646518,#c8102e
-83.3445350381308,-1.42978027160463084,#c8102e
-83.3424522848327,-1.42151658822729554,#c8102e
-83.3403816063021,-1.41324987094143650,#c8102e
-83.3383230069583,-1.40498013739051375,#c8102e
-83.3362764911949,-1.39670740522441728,#c8102e
-83.3342420633799,-1.38843169209943706,#c8102e
-83.3322197278552,-1.38015301567823268,#c8102e
-83.3302094889370,-1.37187139362978128,#c8102e
-83.3282113509158,-1.36358684362934812,#c8102e
-83.3262253180560,-1.35529938335844857,#c8102e
-83.3242513945966,-1.34700903050480636,#c8102e
-83.3222895847503,-1.33871580276232627,#c8102e
-83.3203398927043,-1.33041971783104129,#c8102e
-83.3184023226196,-1.32212079341708288,#c8102e
-83.3164768786316,-1.31381904723265008,#c8102e
-83.3145635648498,-1.30551449699595667,#c8102e
-83.3126623853576,-1.29720716043120077,#c8102e
-83.3107733442128,-1.28889705526853593,#c8102e
-83.3088964454469,-1.28058419924401568,#c8102e
-83.3070316930660,-1.27226861009956793,#c8102e
-83.3051790910498,-1.26395030558295418,#c8102e
-83.3033386433523,-1.25562930344772816,#c8102e
-83.3015103539015,-1.24730562145320856,#c8102e
-83.2996942265996,-1.23897927736442659,#c8102e
-83.2978902653226,-1.23065028895209472,#c8102e
-83.2960984739208,-1.22231867399257688,#c8102e
-83.2943188562181,-1.21398445026783475,#c8102e
-83.2925514160130,-1.20564763556540111,#c8102e
-83.2907961570775,-1.19730824767833810,#c8102e
-83.2890530831578,-1.18896630440519746,#c8102e
-83.2873221979743,-1.18062182354999212,#c8102e
-83.2856035052210,-1.17227482292214380,#c8102e
-83.2838970085661,-1.16392532033645146,#c8102e
-83.2822027116518,-1.15557333361306180,#c8102e
-83.2805206180941,-1.14721888057741617,#c8102e
-83.2788507314831,-1.13886197906021924,#c8102e
-83.2771930553829,-1.13050264689740931,#c8102e
-83.2755475933313,-1.12214090193010452,#c8102e
-83.2739143488402,-1.11377676200457465,#c8102e
-83.2722933253954,-1.10541024497220230,#c8102e
-83.2706845264566,-1.09704136868943980,#c8102e
-83.2690879554575,-1.08867015101778275,#c8102e
-83.2675036158055,-1.08029660982371634,#c8102e
-83.2659315108821,-1.07192076297868466,#c8102e
-83.2643716440426,-1.06354262835906055,#c8102e
-83.2628240186161,-1.05516222384609204,#c8102e
-83.2612886379058,-1.04677956732587107,#c8102e
-83.2597655051885,-1.03839467668930441,#c8102e
-83.2582546237151,-1.03000756983205899,#c8102e
-83.2567559967102,-1.02161826465453420,#c8102e
-83.2552696273722,-1.01322677906182190,#c8102e
-83.2537955188735,-1.00483313096366422,#c8102e
-83.2523336743603,-0.99643733827442682,#c8102e
-83.2508840969525,-0.98803941891304459,#c8102e
-83.2494467897439,-0.97963939080299156,#c8102e
-83.2480217558021,-0.97123727187224973,#c8102e
-83.2466089981685,-0.96283308005325641,#c8102e
-83.2452085198585,-0.95442683328287514,#c8102e
-83.2438203238608,-0.94601854950235253,#c8102e
-83.2424444131385,-0.93760824665729092,#c8102e
-83.2410807906280,-0.92919594269759387,#c8102e
-83.2397294592396,-0.92078165557743852,#c8102e
-83.2383904218575,-0.91236540325523241,#c8102e
-83.2370636813396,-0.90394720369358428,#c8102e
-83.2357492405175,-0.89552707485925176,#c8102e
-83.2344471021966,-0.88710503472310998,#c8102e
-83.2331572691560,-0.87868110126012089,#c8102e
-83.2318797441485,-0.87025529244927957,#c8102e
-83.2306145299008,-0.86182762627358633,#c8102e
-83.2293616291132,-0.85339812072000543,#c8102e
-83.2281210444596,-0.84496679377942441,#c8102e
-83.2268927785879,-0.83653366344662616,#c8102e
-83.2256768341195,-0.82809874772023406,#c8102e
-83.2244732136496,-0.81966206460268287,#c8102e
-83.2232819197470,-0.81122363210018655,#c8102e
-83.2221029549543,-0.80278346822268509,#c8102e
-83.2209363217876,-0.79434159098381407,#c8102e
-83.2197820227371,-0.78589801840087314,#c8102e
-83.2186400602661,-0.77745276849477285,#c8102e
-83.2175104368120,-0.76900585929000609,#c8102e
-83.2163931547858,-0.76055730881460704,#c8102e
-83.2152882165719,-0.75210713510011051,#c8102e
-83.2141956245287,-0.74365535618152334,#c8102e
-83.2131153809881,-0.73520199009727061,#c8102e
-83.2120474882555,-0.72674705488916458,#c8102e
-83.2109919486101,-0.71829056860237450,#c8102e
-83.2099487643048,-0.70983254928537232,#c8102e
-83.2089179375661,-0.70137301498990179,#c8102e
-83.2078994705939,-0.69291198377094776,#c8102e
-83.2068933655620,-0.68444947368668219,#c8102e
-83.2058996246176,-0.67598550279843606,#c8102e
-83.2049182498818,-0.66752008917065797,#c8102e
-83.2039492434489,-0.65905325087087308,#c8102e
-83.2029926073872,-0.65058500596965518,#c8102e
-83.2020483437384,-0.64211537254057227,#c8102e
-83.2011164545177,-0.63364436866015561,#c8102e
-83.2001969417142,-0.62517201240786968,#c8102e
-83.1992898072902,-0.61669832186605689,#c8102e
-83.1983950531819,-0.60822331511991057,#c8102e
-83.1975126812989,-0.59974701025743282,#c8102e
-83.1966426935244,-0.59126942536939375,#c8102e
-83.1957850917153,-0.58279057854930338,#c8102e
-83.1949398777019,-0.57431048789335681,#c8102e
-83.1941070532881,-0.56582917150040446,#c8102e
-83.1932866202514,-0.55734664747191998,#c8102e
-83.1924785803428,-0.54886293391194707,#c8102e
-83.1916829352869,-0.54037804892706809,#c8102e
-83.1908996867818,-0.53189201062637326,#c8102e
-83.1901288364992,-0.52340483712140662,#c8102e
-83.1893703860843,-0.51491654652613750,#c8102e
-83.1886243371559,-0.50642715695691964,#c8102e
-83.1878906913062,-0.49793668653244949,#c8102e
-83.1871694501010,-0.48944515337373823,#c8102e
-83.1864606150797,-0.48095257560405741,#c8102e
-83.1857641877550,-0.47245897134890802,#c8102e
-83.1850801696135,-0.46396435873598962,#c8102e
-83.1844085621148,-0.45546875589514624,#c8102e
-83.1837493666926,-0.44697218095833519,#c8102e
-83.1831025847535,-0.43847465205959635,#c8102e
-83.1824682176781,-0.42997618733499787,#c8102e
-83.1818462668204,-0.42147680492260764,#c8102e
-83.1812367335075,-0.41297652296245241,#c8102e
-83.1806396190406,-0.40447535959647585,#c8102e
-83.1800549246941,-0.39597333296851100,#c8102e
-83.1794826517157,-0.38747046122422540,#c8102e
-83.1789228013269,-0.37896676251109002,#c8102e
-83.1783753747226,-0.37046225497834900,#c8102e
-83.1778403730711,-0.36195695677696471,#c8102e
-83.1773177975143,-0.35345088605958963,#c8102e
-83.1768076491675,-0.34494406098052516,#c8102e
-83.1763099291195,-0.33643649969568001,#c8102e
-83.1758246384325,-0.32792822036254182,#c8102e
-83.1753517781424,-0.31941924114012316,#c8102e
-83.1748913492582,-0.31090958018893028,#c8102e
-83.1744433527628,-0.30239925567093218,#c8102e
-83.1740077896122,-0.29388828574950643,#c8102e
-83.1735846607361,-0.28537668858940785,#c8102e
-83.1731739670375,-0.27686448235673788,#c8102e
-83.1727757093930,-0.26835168521889025,#c8102e
-83.1723898886526,-0.25983831534452212,#c8102e
-83.1720165056396,-0.25132439090351333,#c8102e
-83.1716555611511,-0.24280993006692445,#c8102e
-83.1713070559573,-0.23429495100696887,#c8102e
-83.1709709908022,-0.22577947189695816,#c8102e
-83.1706473664028,-0.21726351091127105,#c8102e
-83.1703361834500,-0.20874708622532265,#c8102e
-83.1700374426078,-0.20023021601550989,#c8102e
-83.1697511445140,-0.19171291845918048,#c8102e
-83.1694772897795,-0.18319521173460213,#c8102e
-83.1692158789887,-0.17467711402090796,#c8102e
-83.1689669126997,-0.16615864349806822,#c8102e
-83.1687303914438,-0.15763981834684879,#c8102e
-83.1685063157257,-0.14912065674876984,#c8102e
-83.1682946860238,-0.14060117688607737,#c8102e
-83.1680955027897,-0.13208139694168897,#c8102e
-83.1679087664485,-0.12356133509916253,#c8102e
-83.1677344773987,-0.11504100954266551,#c8102e
-83.1675726360124,-0.10652043845692032,#c8102e
-83.1674232426350,-0.09799964002717604,#c8102e
-83.1672862975852,-0.08947863243916697,#c8102e
-83.1671618011555,-0.08095743387907123,#c8102e
-83.1670497536114,-0.07243606253348225,#c8102e
-83.1669501551922,-0.06391453658935453,#c8102e
-83.1668630061103,-0.05539287423397245,#c8102e
-83.1667883065519,-0.04687109365491936,#c8102e
-83.1667260566763,-0.03834921304002313,#c8102e
-83.1666762566164,-0.02982725057732514,#c8102e
-83.1666389064785,-0.02130522445504923,#c8102e
-83.1666140063422,-0.01278315286154733,#c8102e
-83.1666015562608,-0.00426105398527103,#c8102e
-83.1666015562608, 0.00426105398526987,#c8102e
-83.1666140063422, 0.01278315286154876,#c8102e
-83.1666389064785, 0.02130522445505066,#c8102e
-83.1666762566164, 0.02982725057732656,#c8102e
-83.1667260566763, 0.03834921304002456,#c8102e
-83.1667883065519, 0.04687109365492079,#c8102e
-83.1668630061103, 0.05539287423397388,#c8102e
-83.1669501551922, 0.06391453658935596,#c8102e
-83.1670497536114, 0.07243606253348368,#c8102e
-83.1671618011555, 0.08095743387907266,#c8102e
-83.1672862975852, 0.08947863243916580,#c8102e
-83.1674232426350, 0.09799964002717487,#c8102e
-83.1675726360124, 0.10652043845692173,#c8102e
-83.1677344773987, 0.11504100954266692,#c8102e
-83.1679087664485, 0.12356133509916398,#c8102e
-83.1680955027897, 0.13208139694169038,#c8102e
-83.1682946860238, 0.14060117688607882,#c8102e
-83.1685063157257, 0.14912065674877126,#c8102e
-83.1687303914438, 0.15763981834684762,#c8102e
-83.1689669126997, 0.16615864349806705,#c8102e
-83.1692158789887, 0.17467711402090941,#c8102e
-83.1694772897795, 0.18319521173460354,#c8102e
-83.1697511445140, 0.19171291845918190,#c8102e
-83.1700374426078, 0.20023021601551130,#c8102e
-83.1703361834500, 0.20874708622532409,#c8102e
-83.1706473664028, 0.21726351091127249,#c8102e
-83.1709709908022, 0.22577947189695957,#c8102e
-83.1713070559573, 0.23429495100697029,#c8102e
-83.1716555611511, 0.24280993006692586,#c8102e
-83.1720165056396, 0.25132439090351211,#c8102e
-83.1723898886526, 0.25983831534452095,#c8102e
-83.1727757093930, 0.26835168521889169,#c8102e
-83.1731739670375, 0.27686448235673938,#c8102e
-83.1735846607361, 0.28537668858940923,#c8102e
-83.1740077896122, 0.29388828574950782,#c8102e
-83.1744433527628, 0.30239925567093362,#c8102e
-83.1748913492582, 0.31090958018893172,#c8102e
-83.1753517781424, 0.31941924114012454,#c8102e
-83.1758246384325, 0.32792822036254321,#c8102e
-83.1763099291195, 0.33643649969568140,#c8102e
-83.1768076491675, 0.34494406098052399,#c8102e
-83.1773177975143, 0.35345088605958846,#c8102e
-83.1778403730711, 0.36195695677696610,#c8102e
-83.1783753747226, 0.37046225497835045,#c8102e
-83.1789228013269, 0.37896676251109146,#c8102e
-83.1794826517157, 0.38747046122422674,#c8102e
-83.1800549246941, 0.39597333296851250,#c8102e
-83.1806396190406, 0.40447535959647735,#c8102e
-83.1812367335075, 0.41297652296245119,#c8102e
-83.1818462668204, 0.42147680492260908,#c8102e
-83.1824682176781, 0.42997618733499926,#c8102e
-83.1831025847535, 0.43847465205959785,#c8102e
-83.1837493666926, 0.44697218095833663,#c8102e
-83.1844085621148, 0.45546875589514768,#c8102e
-83.1850801696135, 0.46396435873599101,#c8102e
-83.1857641877550, 0.47245897134890935,#c8102e
-83.1864606150797, 0.48095257560405880,#c8102e
-83.1871694501010, 0.48944515337373962,#c8102e
-83.1878906913062, 0.49793668653245093,#c8102e
-83.1886243371559, 0.50642715695691853,#c8102e
-83.1893703860843, 0.51491654652613639,#c8102e
-83.1901288364992, 0.52340483712140795,#c8102e
-83.1908996867818, 0.53189201062637470,#c8102e
-83.1916829352869, 0.54037804892706953,#c8102e
-83.1924785803428, 0.54886293391194851,#c8102e
-83.1932866202514, 0.55734664747192142,#c8102e
-83.1941070532881, 0.56582917150040590,#c8102e
-83.1949398777019, 0.57431048789335826,#c8102e
-83.1957850917153, 0.58279057854930483,#c8102e
-83.1966426935244, 0.59126942536939520,#c8102e
-83.1975126812989, 0.59974701025743171,#c8102e
-83.1983950531819, 0.60822331511990946,#c8102e
-83.1992898072902, 0.61669832186605833,#c8102e
-83.2001969417142, 0.62517201240787112,#c8102e
-83.2011164545177, 0.63364436866015705,#c8102e
-83.2020483437384, 0.64211537254057360,#c8102e
-83.2029926073872, 0.65058500596965663,#c8102e
-83.2039492434489, 0.65905325087087452,#c8102e
-83.2049182498818, 0.66752008917065930,#c8102e
-83.2058996246176, 0.67598550279843739,#c8102e
-83.2068933655620, 0.68444947368668363,#c8102e
-83.2078994705939, 0.69291198377094920,#c8102e
-83.2089179375661, 0.70137301498990323,#c8102e
-83.2099487643048, 0.70983254928537376,#c8102e
-83.2109919486101, 0.71829056860237595,#c8102e
-83.2120474882555, 0.72674705488916591,#c8102e
-83.2131153809881, 0.73520199009727194,#c8102e
-83.2141956245287, 0.74365535618152478,#c8102e
-83.2152882165719, 0.75210713510011196,#c8102e
-83.2163931547858, 0.76055730881460593,#c8102e
-83.2175104368120, 0.76900585929000476,#c8102e
-83.2186400602661, 0.77745276849477418,#c8102e
-83.2197820227371, 0.78589801840087437,#c8102e
-83.2209363217876, 0.79434159098381540,#c8102e
-83.2221029549543, 0.80278346822268654,#c8102e
-83.2232819197470, 0.81122363210018789,#c8102e
-83.2244732136496, 0.81966206460268431,#c8102e
-83.2256768341195, 0.82809874772023551,#c8102e
-83.2268927785879, 0.83653366344662750,#c8102e
-83.2281210444596, 0.84496679377942585,#c8102e
-83.2293616291132, 0.85339812072000432,#c8102e
-83.2306145299008, 0.86182762627358511,#c8102e
-83.2318797441485, 0.87025529244928090,#c8102e
-83.2331572691560, 0.87868110126012233,#c8102e
-83.2344471021966, 0.88710503472311142,#c8102e
-83.2357492405175, 0.89552707485925320,#c8102e
-83.2370636813396, 0.90394720369358561,#c8102e
-83.2383904218575, 0.91236540325523385,#c8102e
-83.2397294592396, 0.92078165557743996,#c8102e
-83.2410807906280, 0.92919594269759531,#c8102e
-83.2424444131385, 0.93760824665729225,#c8102e
-83.2438203238608, 0.94601854950235387,#c8102e
-83.2452085198585, 0.95442683328287392,#c8102e
-83.2466089981685, 0.96283308005325785,#c8102e
-83.2480217558021, 0.97123727187225128,#c8102e
-83.2494467897439, 0.97963939080299300,#c8102e
-83.2508840969525, 0.98803941891304603,#c8102e
-83.2523336743603, 0.99643733827442826,#c8102e
-83.2537955188735, 1.00483313096366578,#c8102e
-83.2552696273722, 1.01322677906182079,#c8102e
-83.2567559967102, 1.02161826465453309,#c8102e
-83.2582546237151, 1.03000756983206032,#c8102e
-83.2597655051885, 1.03839467668930574,#c8102e
-83.2612886379058, 1.04677956732587241,#c8102e
-83.2628240186161, 1.05516222384609337,#c8102e
-83.2643716440426, 1.06354262835906210,#c8102e
-83.2659315108821, 1.07192076297868621,#c8102e
-83.2675036158055, 1.08029660982371767,#c8102e
-83.2690879554575, 1.08867015101778408,#c8102e
-83.2706845264566, 1.09704136868944113,#c8102e
-83.2722933253954, 1.10541024497220097,#c8102e
-83.2739143488402, 1.11377676200457354,#c8102e
-83.2755475933313, 1.12214090193010563,#c8102e
-83.2771930553829, 1.13050264689741087,#c8102e
-83.2788507314831, 1.13886197906022080,#c8102e
-83.2805206180941, 1.14721888057741772,#c8102e
-83.2822027116518, 1.15557333361306336,#c8102e
-83.2838970085661, 1.16392532033645257,#c8102e
-83.2856035052210, 1.17227482292214513,#c8102e
-83.2873221979743, 1.18062182354999368,#c8102e
-83.2890530831578, 1.18896630440519879,#c8102e
-83.2907961570775, 1.19730824767833699,#c8102e
-83.2925514160130, 1.20564763556540000,#c8102e
-83.2943188562181, 1.21398445026783608,#c8102e
-83.2960984739208, 1.22231867399257821,#c8102e
-83.2978902653226, 1.23065028895209605,#c8102e
-83.2996942265996, 1.23897927736442814,#c8102e
-83.3015103539015, 1.24730562145321011,#c8102e
-83.3033386433523, 1.25562930344772949,#c8102e
-83.3051790910498, 1.26395030558295307,#c8102e
-83.3070316930660, 1.27226861009956682,#c8102e
-83.3088964454469, 1.28058419924401701,#c8102e
-83.3107733442128, 1.28889705526853726,#c8102e
-83.3126623853576, 1.29720716043120232,#c8102e
-83.3145635648498, 1.30551449699595801,#c8102e
-83.3164768786316, 1.31381904723265164,#c8102e
-83.3184023226196, 1.32212079341708444,#c8102e
-83.3203398927043, 1.33041971783104263,#c8102e
-83.3222895847503, 1.33871580276232738,#c8102e
-83.3242513945966, 1.34700903050480769,#c8102e
-83.3262253180560, 1.35529938335844746,#c8102e
-83.3282113509158, 1.36358684362934701,#c8102e
-83.3302094889370, 1.37187139362978261,#c8102e
-83.3322197278552, 1.38015301567823423,#c8102e
-83.3342420633799, 1.38843169209943840,#c8102e
-83.3362764911949, 1.39670740522441861,#c8102e
-83.3383230069583, 1.40498013739051486,#c8102e
-83.3403816063021, 1.41324987094143784,#c8102e
-83.3424522848327, 1.42151658822729710,#c8102e
-83.3445350381308, 1.42978027160463217,#c8102e
-83.3466298617512, 1.43804090343646651,#c8102e
-83.3487367512229, 1.44629846609233259,#c8102e
-83.3508557020492, 1.45455294194831408,#c8102e
-83.3529867097078, 1.46280431338708516,#c8102e
-83.3551297696505, 1.47105256279793761,#c8102e
-83.3572848773034, 1.47929767257683453,#c8102e
-83.3594520280669, 1.48753962512644033,#c8102e
-83.3616312173157, 1.49577840285614894,#c8102e
-83.3638224403988, 1.50401398818213927,#c8102e
-83.3660256926395, 1.51224636352739972,#c8102e
-83.3682409693355, 1.52047551132177095,#c8102e
-83.3704682657588, 1.52870141400198412,#c8102e
-83.3727075771558, 1.53692405401168841,#c8102e
-83.3749588987470, 1.54514341380150499,#c8102e
-83.3772222257276, 1.55335947582905454,#c8102e
-83.3794975532670, 1.56157222255898942,#c8102e
-83.3817848765090, 1.56978163646304592,#c8102e
-83.3840841905718, 1.57798770002007172,#c8102e
-83.3863954905482, 1.58619039571605902,#c8102e
-83.3887187715050, 1.59438970604419539,#c8102e
-83.3910540284839, 1.60258561350489259,#c8102e
-83.3934012565006, 1.61077810060581639,#c8102e
-83.3957604505457, 1.61896714986194867,#c8102e
-83.3981316055839, 1.62715274379559260,#c8102e
-83.4005147165544, 1.63533486493643543,#c8102e
-83.4029097783712, 1.64351349582157535,#c8102e
-83.4053167859225, 1.65168861899555330,#c8102e
-83.4077357340710, 1.65986021701040420,#c8102e
-83.4101666176541, 1.66802827242568585,#c8102e
-83.4126094314836, 1.67619276780850757,#c8102e
-83.4150641703458, 1.68435368573359390,#c8102e
-83.4175308290016, 1.69251100878328731,#c8102e
-83.4200094021866, 1.70066471954761300,#c8102e
-83.4224998846107, 1.70881480062430535,#c8102e
-83.4250022709587, 1.71696123461883787,#c8102e
-83.4275165558896, 1.72510400414447629,#c8102e
-83.4300427340373, 1.73324309182230629,#c8102e
-83.4325808000104, 1.74137848028126485,#c8102e
-83.4351307483917, 1.74951015215819150,#c8102e
-83.4376925737391, 1.75763809009785787,#c8102e
-83.4402662705849, 1.76576227675299458,#c8102e
-83.4428518334361, 1.77388269478435623,#c8102e
-83.4454492567744, 1.78199932686072304,#c8102e
-83.4480585350562, 1.79011215565896653,#c8102e
-83.4506796627126, 1.79822116386407416,#c8102e
-83.4533126341494, 1.80632633416918020,#c8102e
-83.4559574437470, 1.81442764927561839,#c8102e
-83.4586140858608, 1.82252509189295031,#c8102e
-83.4612825548207, 1.83061864473899405,#c8102e
-83.4639628449314, 1.83870829053987817,#c8102e
-83.4666549504726, 1.84679401203006921,#c8102e
-83.4693588656984, 1.85487579195240015,#c8102e
-83.4720745848380, 1.86295361305813278,#c8102e
-83.4748021020954, 1.87102745810696125,#c8102e
-83.4775414116491, 1.87909730986707602,#c8102e
-83.4802925076529, 1.88716315111518917,#c8102e
-83.4830553842350, 1.89522496463656576,#c8102e
-83.4858300354988, 1.90328273322507457,#c8102e
-83.4886164555223, 1.91133643968321709,#c8102e
-83.4914146383587, 1.91938606682215496,#c8102e
-83.4942245780357, 1.92743159746177306,#c8102e
-83.4970462685563, 1.93547301443068198,#c8102e
-83.4998797038980, 1.94351030056628260,#c8102e
-83.5027248780137, 1.95154343871479163,#c8102e
-83.5055817848309, 1.95957241173127117,#c8102e
-83.5084504182522, 1.96759720247968106,#c8102e
-83.5113307721552, 1.97561779383290581,#c8102e
-83.5142228403923, 1.98363416867278697,#c8102e
-83.5171266167911, 1.99164630989017111,#c8102e
-83.5200420951541, 1.99965420038494135,#c8102e
-83.5229692692590, 2.00765782306604335,#c8102e
-83.5259081328582, 2.01565716085154856,#c8102e
-83.5288586796795, 2.02365219666865537,#c8102e
-83.5318209034256, 2.03164291345375458,#c8102e
-83.5347947977743, 2.03962929415245542,#c8102e
-83.5377803563784, 2.04761132171961346,#c8102e
-83.5407775728660, 2.05558897911938177,#c8102e
-83.5437864408402, 2.06356224932524146,#c8102e
-83.5468069538791, 2.07153111532003065,#c8102e
-83.5498391055363, 2.07949556009599235,#c8102e
-83.5528828893403, 2.08745556665480736,#c8102e
-83.5559382987947, 2.09541111800761826,#c8102e
-83.5590053273786, 2.10336219717509465,#c8102e
-83.5620839685459, 2.11130878718743187,#c8102e
-83.5651742157261, 2.11925087108441801,#c8102e
-83.5682760623238, 2.12718843191545703,#c8102e
-83.5713895017186, 2.13512145273960030,#c8102e
-83.5745145272657, 2.14304991662559496,#c8102e
-83.5776511322954, 2.15097380665191462,#c8102e
-83.5807993101133, 2.15889310590678551,#c8102e
-83.5839590540004, 2.16680779748824737,#c8102e
-83.5871303572129, 2.17471786450416049,#c8102e
-83.5903132129823, 2.18262329007225553,#c8102e
-83.5935076145155, 2.19052405732018274,#c8102e
-83.5967135549949, 2.19842014938551822,#c8102e
-83.5999310275780, 2.20631154941582563,#c8102e
-83.6031600253980, 2.21419824056868375,#c8102e
-83.6064005415631, 2.22208020601171219,#c8102e
-83.6096525691573, 2.22995742892262605,#c8102e
-83.6129161012398, 2.23782989248926034,#c8102e
-83.6161911308454, 2.24569757990959884,#c8102e
-83.6194776509842, 2.25356047439183627,#c8102e
-83.6227756546419, 2.26141855915438006,#c8102e
-83.6260851347796, 2.26927181742591122,#c8102e
-83.6294060843341, 2.27712023244541317,#c8102e
-83.6327384962174, 2.28496378746219886,#c8102e
-83.6360823633174, 2.29280246573596003,#c8102e
-83.6394376784972, 2.30063625053679743,#c8102e
-83.6428044345956, 2.30846512514524882,#c8102e
-83.6461826244272, 2.31628907285233865,#c8102e
-83.6495722407819, 2.32410807695960653,#c8102e
-83.6529732764254, 2.33192212077913341,#c8102e
-83.6563857240988, 2.33973118763360421,#c8102e
-83.6598095765192, 2.34753526085630915,#c8102e
-83.6632448263790, 2.35533432379120500,#c8102e
-83.6666914663464, 2.36312835979294311,#c8102e
-83.6701494890654, 2.37091735222689604,#c8102e
-83.6736188871557, 2.37870128446920681,#c8102e
-83.6770996532125, 2.38648013990681962,#c8102e
-83.6805917798070, 2.39425390193750465,#c8102e
-83.6840952594859, 2.40202255396991848,#c8102e
-83.6876100847720, 2.40978607942360989,#c8102e
-83.6911362481635, 2.41754446172906867,#c8102e
-83.6946737421348, 2.42529768432777759,#c8102e
-83.6982225591357, 2.43304573067221286,#c8102e
-83.7017826915922, 2.44078858422590894,#c8102e
-83.7053541319058, 2.44852622846348345,#c8102e
-83.7089368724544, 2.45625864687066331,#c8102e
-83.7125309055911, 2.46398582294433766,#c8102e
-83.7161362236454, 2.47170774019258355,#c8102e
-83.7197528189226, 2.47942438213469263,#c8102e
-83.7233806837038, 2.48713573230123153,#c8102e
-83.7270198102461, 2.49484177423404496,#c8102e
-83.7306701907827, 2.50254249148631569,#c8102e
-83.7343318175227, 2.51023786762259160,#c8102e
-83.7380046826511, 2.51792788621881236,#c8102e
-83.7416887783290, 2.52561253086235959,#c8102e
-83.7453840966936, 2.53329178515208442,#c8102e
-83.7490906298579, 2.54096563269833409,#c8102e
-83.7528083699113, 2.54863405712300484,#c8102e
-83.7565373089191, 2.55629704205956498,#c8102e
-83.7602774389226, 2.56395457115308467,#c8102e
-83.7640287519395, 2.57160662806029316,#c8102e
-83.7677912399633, 2.57925319644958329,#c8102e
-83.7715648949639, 2.58689426000107137,#c8102e
-83.7753497088873, 2.59452980240662257,#c8102e
-83.7791456736556, 2.60215980736987795,#c8102e
-83.7829527811672, 2.60978425860630470,#c8102e
-83.7867710232967, 2.61740313984322315,#c8102e
-83.7906003918949, 2.62501643481983171,#c8102e
-83.7944408787888, 2.63262412728726902,#c8102e
-83.7982924757819, 2.64022620100861571,#c8102e
-83.8021551746536, 2.64782263975894416,#c8102e
-83.8060289671601, 2.65541342732536823,#c8102e
-83.8099138450335, 2.66299854750704723,#c8102e
-83.8138097999824, 2.67057798411524328,#c8102e
-83.8177168236918, 2.67815172097335141,#c8102e
-83.8216349078230, 2.68571974191692275,#c8102e
-83.8255640440137, 2.69328203079371553,#c8102e
-83.8295042238782, 2.70083857146372130,#c8102e
-83.8334554390069, 2.70838934779919072,#c8102e
-83.8374176809668, 2.71593434368469433,#c8102e
-83.8413909413015, 2.72347354301712175,#c8102e
-83.8453752115310, 2.73100692970574510,#c8102e
-83.8493704831516, 2.73853448767224039,#c8102e
-83.8533767476364, 2.74605620085071855,#c8102e
-83.8573939964350, 2.75357205318777076,#c8102e
-83.8614222209733, 2.76108202864249819,#c8102e
-83.8654614126540, 2.76858611118653553,#c8102e
-83.8695115628564, 2.77608428480410385,#c8102e
-83.8735726629365, 2.78357653349203460,#c8102e
-83.8776447042265, 2.79106284125979531,#c8102e
-83.8817276780357, 2.79854319212954916,#c8102e
-83.8858215756500, 2.80601757013615760,#c8102e
-83.8899263883317, 2.81348595932723766,#c8102e
-83.8940421073201, 2.82094834376318948,#c8102e
-83.8981687238312, 2.82840470751722117,#c8102e
-83.9023062290575, 2.83585503467539857,#c8102e
-83.9064546141685, 2.84329930933667008,#c8102e
-83.9106138703104, 2.85073751561289601,#c8102e
-83.9147839886062, 2.85816963762889431,#c8102e
-83.9189649601557, 2.86559565952246897,#c8102e
-83.9231567760355, 2.87301556544443404,#c8102e
-83.9273594272993, 2.88042933955867220,#c8102e
-83.9315729049773, 2.88783696604213791,#c8102e
-83.9357972000768, 2.89523842908491558,#c8102e
-83.9400323035821, 2.90263371289024263,#c8102e
-83.9442782064542, 2.91002280167453975,#c8102e
-83.9485348996312, 2.91740567966745434,#c8102e
-83.9528023740282, 2.92478233111189212,#c8102e
-83.9570806205371, 2.93215274026403616,#c8102e
-83.9613696300271, 2.93951689139341044,#c8102e
-83.9656693933442, 2.94687476878287669,#c8102e
-83.9699799013116, 2.95422635672869793,#c8102e
-83.9743011447293, 2.96157163954056024,#c8102e
-83.9786331143747, 2.96891060154159847,#c8102e
-83.9829758010022, 2.97624322706844646,#c8102e
-83.9873291953433, 2.98356950047126013,#c8102e
-83.9916932881066, 2.99088940611374676,#c8102e
-83.9960680699779, 2.99820292837321167,#c8102e
-84.0004535316204, 3.00551005164058216,#c8102e
-84.0048496636740, 3.01281076032043504,#c8102e
-84.0092564567564, 3.02010503883105352,#c8102e
-84.0136739014623, 3.02739287160442760,#c8102e
-84.0181019883634, 3.03467424308631450,#c8102e
-84.0225407080092, 3.04194913773626130,#c8102e
-84.0269900509261, 3.04921754002763201,#c8102e
-84.0314500076181, 3.05647943444765202,#c8102e
-84.0359205685663, 3.06373480549743915,#c8102e
-84.0404017242293, 3.07098363769202543,#c8102e
-84.0448934650431, 3.07822591556040415,#c8102e
-84.0493957814212, 3.08546162364556098,#c8102e
-84.0539086637542, 3.09269074650449083,#c8102e
-84.0584321024106, 3.09991326870826045,#c8102e
-84.0629660877359, 3.10712917484200890,#c8102e
-84.0675106100535, 3.11433844950500394,#c8102e
-84.0720656596641, 3.12154107731066688,#c8102e
-84.0766312268459, 3.12873704288659926,#c8102e
-84.0812073018547, 3.13592633087462769,#c8102e
-84.0857938749241, 3.14310892593082958,#c8102e
-84.0903909362648, 3.15028481272556027,#c8102e
-84.0949984760656, 3.15745397594350674,#c8102e
-84.0996164844927, 3.16461640028368985,#c8102e
-84.1042449516900, 3.17177207045952292,#c8102e
-84.1088838677790, 3.17892097119883354,#c8102e
-84.1135332228591, 3.18606308724389242,#c8102e
-84.1181930070072, 3.19319840335145422,#c8102e
-84.1228632102780, 3.20032690429278954,#c8102e
-84.1275438227041, 3.20744857485370716,#c8102e
-84.1322348342957, 3.21456339983459793,#c8102e
-84.1369362350410, 3.22167136405046639,#c8102e
-84.1416480149058, 3.22877245233094889,#c8102e
-84.1463701638339, 3.23586664952037362,#c8102e
-84.1511026717469, 3.24295394047775964,#c8102e
-84.1558455285444, 3.25003431007687560,#c8102e
-84.1605987241038, 3.25710774320626228,#c8102e
-84.1653622482804, 3.26417422476925623,#c8102e
-84.1701360909077, 3.27123373968404074,#c8102e
-84.1749202417968, 3.27828627288366414,#c8102e
-84.1797146907371, 3.28533180931607216,#c8102e
-84.1845194274959, 3.29237033394414746,#c8102e
-84.1893344418186, 3.29940183174574031,#c8102e
-84.1941597234286, 3.30642628771368763,#c8102e
-84.1989952620274, 3.31344368685587121,#c8102e
-84.2038410472947, 3.32045401419521946,#c8102e
-84.2086970688882, 3.32745725476976162,#c8102e
-84.2135633164439, 3.33445339363265303,#c8102e
-84.2184397795757, 3.34144241585220003,#c8102e
-84.2233264478761, 3.34842430651190215,#c8102e
-84.2282233109154, 3.35539905071048050,#c8102e
-84.2331303582425, 3.36236663356190313,#c8102e
-84.2380475793843, 3.36932704019543161,#c8102e
-84.2429749638461, 3.37628025575563662,#c8102e
-84.2479125011116, 3.38322626540243210,#c8102e
-84.2528601806427, 3.39016505431112636,#c8102e
-84.2578179918796, 3.39709660767242383,#c8102e
-84.2627859242411, 3.40402091069247925,#c8102e
-84.2677639671241, 3.41093794859292254,#c8102e
-84.2727521099042, 3.41784770661088233,#c8102e
-84.2777503419354, 3.42475016999903037,#c8102e
-84.2827586525499, 3.43164532402560907,#c8102e
-84.2877770310586, 3.43853315397445103,#c8102e
-84.2928054667511, 3.44541364514503456,#c8102e
-84.2978439488951, 3.45228678285248858,#c8102e
-84.3028924667373, 3.45915255242764319,#c8102e
-84.3079510095026, 3.46601093921705372,#c8102e
-84.3130195663947, 3.47286192858302689,#c8102e
-84.3180981265960, 3.47970550590366390,#c8102e
-84.3231866792674, 3.48654165657288440,#c8102e
-84.3282852135485, 3.49337036600045359,#c8102e
-84.3333937185576, 3.50019161961202396,#c8102e
-84.3385121833918, 3.50700540284916018,#c8102e
-84.3436405971268, 3.51381170116936392,#c8102e
-84.3487789488173, 3.52061050004612452,#c8102e
-84.3539272274965, 3.52740178496892431,#c8102e
-84.3590854221767, 3.53418554144328922,#c8102e
-84.3642535218487, 3.54096175499081367,#c8102e
-84.3694315154824, 3.54773041114918630,#c8102e
-84.3746193920267, 3.55449149547222731,#c8102e
-84.3798171404090, 3.56124499352992130,#c8102e
-84.3850247495361, 3.56799089090843369,#c8102e
-84.3902422082934, 3.57472917321016714,#c8102e
-84.3954695055453, 3.58145982605376467,#c8102e
-84.4007066301355, 3.58818283507415225,#c8102e
-84.4059535708865, 3.59489818592258192,#c8102e
-84.4112103165998, 3.60160586426663665,#c8102e
-84.4164768560561, 3.60830585579028273,#c8102e
-84.4217531780151, 3.61499814619389204,#c8102e
-84.4270392712158, 3.62168272119426637,#c8102e
-84.4323351243760, 3.62835956652468106,#c8102e
-84.4376407261932, 3.63502866793490798,#c8102e
-84.4429560653435, 3.64169001119124047,#c8102e
-84.4482811304826, 3.64834358207654086,#c8102e
-84.4536159102453, 3.65498936639024841,#c8102e
-84.4589603932459, 3.66162734994842776,#c8102e
-84.4643145680776, 3.66825751858379290,#c8102e
-84.4696784233131, 3.67487985814573115,#c8102e
-84.4750519475046, 3.68149435450034535,#c8102e
-84.4804351291834, 3.68810099353047782,#c8102e
-84.4858279568604, 3.69469976113573395,#c8102e
-84.4912304190257, 3.70129064323252566,#c8102e
-84.4966425041490, 3.70787362575409452,#c8102e
-84.5020642006795, 3.71444869465053440,#c8102e
-84.5074954970457, 3.72101583588884077,#c8102e
-84.5129363816558, 3.72757503545291913,#c8102e
-84.5183868428974, 3.73412627934362806,#c8102e
-84.5238468691377, 3.74066955357880948,#c8102e
-84.5293164487235, 3.74720484419330724,#c8102e
-84.5347955699813, 3.75373213723900889,#c8102e
-84.5402842212170, 3.76025141878487412,#c8102e
-84.5457823907164, 3.76676267491695116,#c8102e
-84.5512900667448, 3.77326589173843097,#c8102e
-84.5568072375474, 3.77976105536965168,#c8102e
-84.5623338913490, 3.78624815194813857,#c8102e
-84.5678700163543, 3.79272716762864492,#c8102e
-84.5734156007475, 3.79919808858315911,#c8102e
-84.5789706326928, 3.80566090100095211,#c8102e
-84.5845351003344, 3.81211559108860198,#c8102e
-84.5901089917960, 3.81856214507001512,#c8102e
-84.5956922951815, 3.82500054918646981,#c8102e
-84.6012849985746, 3.83143078969663708,#c8102e
-84.6068870900389, 3.83785285287660383,#c8102e
-84.6124985576180, 3.84426672501992428,#c8102e
-84.6181193893354, 3.85067239243761961,#c8102e
-84.6237495731947, 3.85706984145822984,#c8102e
-84.6293890971797, 3.86345905842783788,#c8102e
-84.6350379492539, 3.86984002971008678,#c8102e
-84.6406961173612, 3.87621274168622598,#c8102e
-84.6463635894256, 3.88257718075513214,#c8102e
-84.6520403533509, 3.88893333333333269,#c8102e
-85.0000000000000, 4.00000000000000000,#c8102e
-85.4167000000000, 4.00000000000000000,#c8102e
-85.4167000000000, 3.83340000000000014,#c8102e
-85.0000000000000, 3.83340000000000014,#c8102e
-85.0000000000000, 3.41670000000000007,#c8102e
-84.8334000000000, 3.41670000000000007,#c8102e
-84.8334000000000, 4.00000000000000000,#c8102e
-85.0000000000000, 4.00000000000000000,#c8102e
-84.6520403533509, 3.88893333333333269,#c8102e
-84.6553160280328, 3.89259254786981002,#c8102e
-84.6585947822849, 3.89624900328458734,#c8102e
-84.6618766137831, 3.89990269698592096,#c8102e
-84.6651615202012, 3.90355362638402559,#c8102e
-84.6684494992109, 3.90720178889106950,#c8102e
-84.6717405484815, 3.91084718192118830,#c8102e
-84.6750346656804, 3.91448980289047910,#c8102e
-84.6783318484726, 3.91812964921700235,#c8102e
-84.6816320945210, 3.92176671832078805,#c8102e
-84.6849354014863, 3.92540100762383037,#c8102e
-84.6882417670273, 3.92903251455010105,#c8102e
-84.6915511888001, 3.93266123652553379,#c8102e
-84.6948636644592, 3.93628717097804426,#c8102e
-84.6981791916565, 3.93991031533752123,#c8102e
-84.7014977680420, 3.94353066703583233,#c8102e
-84.7048193912634, 3.94714822350682359,#c8102e
-84.7081440589663, 3.95076298218632171,#c8102e
-84.7114717687941, 3.95437494051213800,#c8102e
-84.7148025183882, 3.95798409592406975,#c8102e
-84.7181363053876, 3.96159044586389619,#c8102e
-84.7214731274293, 3.96519398777538923,#c8102e
-84.7248129821481, 3.96879471910431025,#c8102e
-84.7281558671766, 3.97239263729841330,#c8102e
-84.7315017801455, 3.97598773980744546,#c8102e
-84.7348507186831, 3.97958002408315004,#c8102e
-84.7382026804155, 3.98316948757926959,#c8102e
-84.7415576629669, 3.98675612775154020,#c8102e
-84.7449156639593, 3.99033994205770526,#c8102e
-84.7482766810124, 3.99392092795751008,#c8102e
-84.7516407117439, 3.99749908291270328,#c8102e
-84.7550077537693, 4.00107440438704121,#c8102e
-84.7583778047020, 4.00464688984628747,#c8102e
-84.7617508621533, 4.00821653675821743,#c8102e
-84.7651269237324, 4.01178334259261860,#c8102e
-84.7685059870461, 4.01534730482128666,#c8102e
-84.7718880496995, 4.01890842091804235,#c8102e
-84.7752731092952, 4.02246668835871635,#c8102e
-84.7786611634338, 4.02602210462116172,#c8102e
-84.7820522097140, 4.02957466718525126,#c8102e
-84.7854462457319, 4.03312437353288278,#c8102e
-84.7888432690820, 4.03667122114797650,#c8102e
-84.7922432773564, 4.04021520751647856,#c8102e
-84.7956462681450, 4.04375633012636282,#c8102e
-84.7990522390358, 4.04729458646763618,#c8102e
-84.8024611876147, 4.05082997403233325,#c8102e
-84.8058731114652, 4.05436249031452611,#c8102e
-84.8092880081690, 4.05789213281031991,#c8102e
-84.8127058753056, 4.06141889901785635,#c8102e
-84.8161267104522, 4.06494278643731466,#c8102e
-84.8195505111843, 4.06846379257091773,#c8102e
-84.8229772750749, 4.07198191492292949,#c8102e
-84.8264069996951, 4.07549715099965670,#c8102e
-84.8298396826140, 4.07900949830945425,#c8102e
-84.8332753213982, 4.08251895436272250,#c8102e
-84.8367139136127, 4.08602551667191349,#c8102e
-84.8401554568201, 4.08952918275152655,#c8102e
-84.8435999485810, 4.09302995011811710,#c8102e
-84.8470473864538, 4.09652781629029494,#c8102e
-84.8504977679951, 4.10002277878872512,#c8102e
-84.8539510907591, 4.10351483513613235,#c8102e
-84.8574073522980, 4.10700398285729928,#c8102e
-84.8608665501621, 4.11049021947907178,#c8102e
-84.8643286818994, 4.11397354253036074,#c8102e
-84.8677937450558, 4.11745394954213673,#c8102e
-84.8712617371754, 4.12093143804744066,#c8102e
-84.8747326557998, 4.12440600558138470,#c8102e
-84.8782064984690, 4.12787764968114779,#c8102e
-84.8816832627206, 4.13134636788598186,#c8102e
-84.8851629460903, 4.13481215773721278,#c8102e
-84.8886455461115, 4.13827501677824472,#c8102e
-84.8921310603157, 4.14173494255455310,#c8102e
-84.8956194862325, 4.14519193261369789,#c8102e
-84.8991108213891, 4.14864598450531830,#c8102e
-84.9026050633109, 4.15209709578113628,#c8102e
-84.9061022095210, 4.15554526399495838,#c8102e
-84.9096022575406, 4.15899048670267568,#c8102e
-84.9131052048890, 4.16243276146226826,#c8102e
-84.9166110490830, 4.16587208583380963,#c8102e
-84.9201197876379, 4.16930845737945432,#c8102e
-84.9236314180664, 4.17274187366345917,#c8102e
-84.9271459378795, 4.17617233225217266,#c8102e
-84.9306633445861, 4.17959983071404029,#c8102e
-84.9341836356930, 4.18302436661960453,#c8102e
-84.9377068087049, 4.18644593754150929,#c8102e
-84.9412328611247, 4.18986454105450079,#c8102e
-84.9447617904529, 4.19328017473542314,#c8102e
-84.9482935941882, 4.19669283616323163,#c8102e
-84.9518282698273, 4.20010252291898478,#c8102e
-84.9553658148646, 4.20350923258585407,#c8102e
-84.9589062267929, 4.20691296274911508,#c8102e
-84.9624495031024, 4.21031371099615903,#c8102e
-84.9659956412819, 4.21371147491649367,#c8102e
-84.9695446388175, 4.21710625210173351,#c8102e
-84.9730964931939, 4.22049804014561580,#c8102e
-84.9766512018934, 4.22388683664399700,#c8102e
-84.9802087623964, 4.22727263919485274,#c8102e
-84.9837691721812, 4.23065544539828053,#c8102e
-84.9873324287242, 4.23403525285650240,#c8102e
-84.9908985294997, 4.23741205917386665,#c8102e
-84.9944674719799, 4.24078586195684526,#c8102e
-84.9980392536352, 4.24415665881404269,#c8102e
-85.0016138719339, 4.24752444735619417,#c8102e
-85.0051913243422, 4.25088922519616474,#c8102e
-85.0087716083243, 4.25425098994895468,#c8102e
-85.0123547213425, 4.25760973923170027,#c8102e
-85.0159406608571, 4.26096547066367659,#c8102e
-85.0195294243263, 4.26431818186629652,#c8102e
-85.0231210092062, 4.26766787046310991,#c8102e
-85.0267154129513, 4.27101453407981602,#c8102e
-85.0303126330136, 4.27435817034425369,#c8102e
-85.0339126668435, 4.27769877688640765,#c8102e
-85.0375155118892, 4.28103635133841376,#c8102e
-85.0411211655969, 4.28437089133455284,#c8102e
-85.0447296254109, 4.28770239451126045,#c8102e
-85.0483408887735, 4.29103085850711885,#c8102e
-85.0519549531249, 4.29435628096287125,#c8102e
-85.0555718159036, 4.29767865952141115,#c8102e
-85.0591914745457, 4.30099799182779474,#c8102e
-85.0628139264857, 4.30431427552923385,#c8102e
-85.0664391691558, 4.30762750827510121,#c8102e
-85.0700671999865, 4.31093768771693497,#c8102e
-85.0736980164062, 4.31424481150843597,#c8102e
-85.0773316158413, 4.31754887730546777,#c8102e
-85.0809679957162, 4.32084988276606552,#c8102e
-85.0846071534535, 4.32414782555043331,#c8102e
-85.0882490864736, 4.32744270332094505,#c8102e
-85.0918937921952, 4.33073451374214624,#c8102e
-85.0955412680347, 4.33402325448075754,#c8102e
-85.0991915114068, 4.33730892320567829,#c8102e
-85.1028445197243, 4.34059151758797857,#c8102e
-85.1065002903976, 4.34387103530091334,#c8102e
-85.1101588208357, 4.34714747401991630,#c8102e
-85.1138201084453, 4.35042083142260516,#c8102e
-85.1174841506312, 4.35369110518877811,#c8102e
-85.1211509447963, 4.35695829300042270,#c8102e
-85.1248204883415, 4.36022239254171406,#c8102e
-85.1284927786658, 4.36348340149901137,#c8102e
-85.1321678131663, 4.36674131756086936,#c8102e
-85.1358455892380, 4.36999613841803303,#c8102e
-85.1395261042741, 4.37324786176344293,#c8102e
-85.1432093556657, 4.37649648529223434,#c8102e
-85.1468953408021, 4.37974200670173719,#c8102e
-85.1505840570708, 4.38298442369148411,#c8102e
-85.1542755018569, 4.38622373396320775,#c8102e
-85.1579696725441, 4.38945993522083810,#c8102e
-85.1616665665138, 4.39269302517051496,#c8102e
-85.1653661811455, 4.39592300152058080,#c8102e
-85.1690685138171, 4.39914986198158431,#c8102e
-85.1727735619042, 4.40237360426628310,#c8102e
-85.1764813227806, 4.40559422608964812,#c8102e
-85.1801917938182, 4.40881172516885833,#c8102e
-85.1839049723870, 4.41202609922330513,#c8102e
-85.1876208558551, 4.41523734597459860,#c8102e
-85.1913394415885, 4.41844546314656395,#c8102e
-85.1950607269515, 4.42165044846524591,#c8102e
-85.1987847093063, 4.42485229965890703,#c8102e
-85.2025113860135, 4.42805101445803295,#c8102e
-85.2062407544314, 4.43124659059533066,#c8102e
-85.2099728119166, 4.43443902580573468,#c8102e
-85.2137075558239, 4.43762831782640266,#c8102e
-85.2174449835059, 4.44081446439672156,#c8102e
-85.2211850923135, 4.44399746325830947,#c8102e
-85.2249278795957, 4.44717731215501288,#c8102e
-85.2286733426996, 4.45035400883291299,#c8102e
-85.2324214789702, 4.45352755104032472,#c8102e
-85.2361722857510, 4.45669793652780122,#c8102e
-85.2399257603832, 4.45986516304812497,#c8102e
-85.2436819002064, 4.46302922835632820,#c8102e
-85.2474407025581, 4.46619013020967692,#c8102e
-85.2512021647741, 4.46934786636768333,#c8102e
-85.2549662841881, 4.47250243459209962,#c8102e
-85.2587330581322, 4.47565383264692862,#c8102e
-85.2625024839364, 4.47880205829841493,#c8102e
-85.2662745589288, 4.48194710931505380,#c8102e
-85.2700492804358, 4.48508898346759199,#c8102e
-85.2738266457818, 4.48822767852902604,#c8102e
-85.2776066522893, 4.49136319227460845,#c8102e
-85.2813892972791, 4.49449552248184325,#c8102e
-85.2851745780699, 4.49762466693049490,#c8102e
-85.2889624919787, 4.50075062340258381,#c8102e
-85.2927530363205, 4.50387338968238815,#c8102e
-85.2965462084086, 4.50699296355645007,#c8102e
-85.3003420055543, 4.51010934281357478,#c8102e
-85.3041404250672, 4.51322252524483059,#c8102e
-85.3079414642547, 4.51633250864355151,#c8102e
-85.3117451204228, 4.51943929080534001,#c8102e
-85.3155513908753, 4.52254286952806872,#c8102e
-85.3193602729143, 4.52564324261187778,#c8102e
-85.3231717638400, 4.52874040785918108,#c8102e
-85.3269858609508, 4.53183436307466803,#c8102e
-85.3308025615431, 4.53492510606529908,#c8102e
-85.3346218629117, 4.53801263464031734,#c8102e
-85.3384437623494, 4.54109694661123964,#c8102e
-85.3422682571471, 4.54417803979186363,#c8102e
-85.3460953445941, 4.54725591199827228,#c8102e
-85.3499250219776, 4.55033056104882583,#c8102e
-85.3537572865831, 4.55340198476417157,#c8102e
-85.3575921356943, 4.55647018096724388,#c8102e
-85.3614295665928, 4.55953514748326594,#c8102e
-85.3652695765588, 4.56259688213974623,#c8102e
-85.3691121628704, 4.56565538276648653,#c8102e
-85.3729573228039, 4.56871064719558184,#c8102e
-85.3768050536338, 4.57176267326142138,#c8102e
-85.3806553526327, 4.57481145880068318,#c8102e
-85.3845082170716, 4.57785700165235099,#c8102e
-85.3883636442195, 4.58089929965770182,#c8102e
-85.3922216313435, 4.58393835066031574,#c8102e
-85.3960821757092, 4.58697415250607055,#c8102e
-85.3999452745800, 4.59000670304315150,#c8102e
-85.4038109252178, 4.59303600012204605,#c8102e
-85.4076791248825, 4.59606204159554466,#c8102e
-85.4115498708324, 4.59908482531875151,#c8102e
-85.4154231603238, 4.60210434914907651,#c8102e
-85.4192989906112, 4.60512061094624059,#c8102e
-85.4231773589474, 4.60813360857227838,#c8102e
-85.4270582625833, 4.61114333989153380,#c8102e
-85.4309416987682, 4.61414980277067244,#c8102e
-85.4348276647494, 4.61715299507867094,#c8102e
-85.4387161577725, 4.62015291468682587,#c8102e
-85.4426071750812, 4.62314955946875639,#c8102e
-85.4465007139175, 4.62614292730039800,#c8102e
-85.4503967715218, 4.62913301606001326,#c8102e
-85.4542953451323, 4.63211982362818731,#c8102e
-85.4581964319857, 4.63510334788783140,#c8102e
-85.4621000293169, 4.63808358672418120,#c8102e
-85.4660061343589, 4.64106053802480556,#c8102e
-85.4699147443431, 4.64403419967960041,#c8102e
-85.4738258564990, 4.64700456958079489,#c8102e
-85.4777394680543, 4.64997164562295140,#c8102e
-85.4816555762350, 4.65293542570296736,#c8102e
-85.4855741782653, 4.65589590772007522,#c8102e
-85.4894952713677, 4.65885308957584510,#c8102e
-85.4934188527629, 4.66180696917418835,#c8102e
-85.4973449196696, 4.66475754442135226,#c8102e
-85.5012734693052, 4.66770481322593334,#c8102e
-85.5052044988850, 4.67064877349886665,#c8102e
-85.5091380056226, 4.67358942315343295,#c8102e
-85.5130739867299, 4.67652676010526136,#c8102e
-85.5170124394171, 4.67946078227232931,#c8102e
-85.5209533608924, 4.68239148757496082,#c8102e
-85.5248967483626, 4.68531887393583180,#c8102e
-85.5288425990325, 4.68824293927997360,#c8102e
-85.5327909101052, 4.69116368153476859,#c8102e
-85.5367416787821, 4.69408109862995637,#c8102e
-85.5406949022629, 4.69699518849763198,#c8102e
-85.5446505777454, 4.69990594907224946,#c8102e
-85.5486087024258, 4.70281337829062451,#c8102e
-85.5525692734986, 4.70571747409193009,#c8102e
-85.5565322881564, 4.70861823441770344,#c8102e
-85.5604977435903, 4.71151565721184973,#c8102e
-85.5644656369893, 4.71440974042063576,#c8102e
-85.5684359655412, 4.71730048199269536,#c8102e
-85.5724087264315, 4.72018787987903465,#c8102e
-85.5763839168444, 4.72307193203302678,#c8102e
-85.5803615339622, 4.72595263641041452,#c8102e
-85.5843415749655, 4.72882999096931744,#c8102e
-85.5883240370332, 4.73170399367022920,#c8102e
-85.5923089173425, 4.73457464247601667,#c8102e
-85.5962962130689, 4.73744193535192704,#c8102e
-85.6002859213861, 4.74030587026558337,#c8102e
-85.6042780394661, 4.74316644518699349,#c8102e
-85.6082725644793, 4.74602365808853843,#c8102e
-85.6122694935943, 4.74887750694499022,#c8102e
-85.6162688239780, 4.75172798973350208,#c8102e
-85.6202705527957, 4.75457510443361464,#c8102e
-85.6242746772108, 4.75741884902725332,#c8102e
-85.6282811943852, 4.76025922149873626,#c8102e
-85.6322901014791, 4.76309621983476816,#c8102e
-85.6363013956508, 4.76592984202444558,#c8102e
-85.6403150740571, 4.76876008605925961,#c8102e
-85.6443311338530, 4.77158694993309584,#c8102e
-85.6483495721920, 4.77441043164223622,#c8102e
-85.6523703862256, 4.77723052918535629,#c8102e
-85.6563935731039, 4.78004724056353680,#c8102e
-85.6604191299752, 4.78286056378025304,#c8102e
-85.6644470539861, 4.78567049684138546,#c8102e
-85.6684773422816, 4.78847703775521261,#c8102e
-85.6725099920049, 4.79128018453242355,#c8102e
-85.6765450002977, 4.79407993518610898,#c8102e
-85.6805823642999, 4.79687628773176833,#c8102e
-85.6846220811498, 4.79966924018730978,#c8102e
-85.6886641479838, 4.80245879057305114,#c8102e
-85.6927085619371, 4.80524493691172427,#c8102e
-85.6967553201428, 4.80802767722846625,#c8102e
-85.7008044197325, 4.81080700955083707,#c8102e
-85.7048558578362, 4.81358293190880815,#c8102e
-85.7089096315822, 4.81635544233476764,#c8102e
-85.7129657380971, 4.81912453886352488,#c8102e
-85.7170241745059, 4.82189021953230412,#c8102e
-85.7210849379319, 4.82465248238075706,#c8102e
-85.7251480254968, 4.82741132545095475,#c8102e
-85.7292134343205, 4.83016674678739033,#c8102e
-85.7332811615216, 4.83291874443698433,#c8102e
-85.7373512042167, 4.83566731644908465,#c8102e
-85.7414235595210, 4.83841246087546661,#c8102e
-85.7454982245478, 4.84115417577033558,#c8102e
-85.7495751964091, 4.84389245919032696,#c8102e
-85.7536544722149, 4.84662730919451068,#c8102e
-85.7577360490740, 4.84935872384438404,#c8102e
-85.7618199240931, 4.85208670120388685,#c8102e
-85.7659060943776, 4.85481123933939251,#c8102e
-85.7699945570312, 4.85753233631970982,#c8102e
-85.7740853091558, 4.86024999021609094,#c8102e
-85.7781783478519, 4.86296419910222522,#c8102e
-85.7822736702184, 4.86567496105424713,#c8102e
-85.7863712733524, 4.86838227415072922,#c8102e
-85.7904711543494, 4.87108613647269273,#c8102e
-85.7945733103034, 4.87378654610360496,#c8102e
-85.7986777383067, 4.87648350112937834,#c8102e
-85.8027844354501, 4.87917699963837581,#c8102e
-85.8068933988228, 4.88186703972140901,#c8102e
-85.8110046255121, 4.88455361947174271,#c8102e
-85.8151181126040, 4.88723673698509131,#c8102e
-85.8192338571828, 4.88991639035962589,#c8102e
-85.8233518563312, 4.89259257769597244,#c8102e
-85.8274721071304, 4.89526529709721370,#c8102e
-85.8315946066598, 4.89793454666889083,#c8102e
-85.8357193519973, 4.90060032451900263,#c8102e
-85.8398463402194, 4.90326262875801344,#c8102e
-85.8439755684006, 4.90592145749884079,#c8102e
-85.8481070336142, 4.90857680885687575,#c8102e
-85.8522407329317, 4.91122868094996790,#c8102e
-85.8563766634231, 4.91387707189843592,#c8102e
-85.8605148221568, 4.91652197982506323,#c8102e
-85.8646552061996, 4.91916340285510501,#c8102e
-85.8687978126168, 4.92180133911628470,#c8102e
-85.8729426384720, 4.92443578673879845,#c8102e
-85.8770896808274, 4.92706674385531596,#c8102e
-85.8812389367433, 4.92969420860097518,#c8102e
-85.8853904032788, 4.93231817911339743,#c8102e
-85.8895440774914, 4.93493865353267491,#c8102e
-85.8936999564366, 4.93755563000138231,#c8102e
-85.8978580371690, 4.94016910666457143,#c8102e
-85.9020183167411, 4.94277908166977475,#c8102e
-85.9061807922041, 4.94538555316700812,#c8102e
-85.9103454606075, 4.94798851930876715,#c8102e
-85.9145123189994, 4.95058797825003616,#c8102e
-85.9186813644263, 4.95318392814828368,#c8102e
-85.9228525939331, 4.95577636716346515,#c8102e
-85.9270260045632, 4.95836529345802557,#c8102e
-85.9312015933583, 4.96095070519689951,#c8102e
-85.9353793573589, 4.96353260054751377,#c8102e
-85.9395592936036, 4.96611097767978382,#c8102e
-85.9437413991296, 4.96868583476612269,#c8102e
-85.9479256709726, 4.97125716998143652,#c8102e
-85.9521121061667, 4.97382498150312902,#c8102e
-85.9563007017446, 4.97638926751110144,#c8102e
-85.9604914547373, 4.97895002618775262,#c8102e
-85.9646843621743, 4.98150725571798514,#c8102e
-85.9688794210837, 4.98406095428919738,#c8102e
-85.9730766284919, 4.98661112009129415,#c8102e
-85.9772759814239, 4.98915775131668404,#c8102e
-85.9814774769032, 4.99170084616028120,#c8102e
-85.9856811119516, 4.99424040281950532,#c8102e
-85.9898868835896, 4.99677641949428608,#c8102e
-85.9940947888361, 4.99930889438706050,#c8102e
-85.9983048247084, 5.00183782570277469,#c8102e
-86.0025169882224, 5.00436321164888920,#c8102e
-86.0067312763925, 5.00688505043537724,#c8102e
-86.0109476862316, 5.00940334027472645,#c8102e
-86.0151662147509, 5.01191807938193712,#c8102e
-86.0193868589604, 5.01442926597453020,#c8102e
-86.0236096158683, 5.01693689827254374,#c8102e
-86.0278344824816, 5.01944097449853199,#c8102e
-86.0320614558056, 5.02194149287757252,#c8102e
-86.0362905328442, 5.02443845163726621,#c8102e
-86.0405217105997, 5.02693184900773460,#c8102e
-86.0447549860730, 5.02942168322162342,#c8102e
-86.0489903562636, 5.03190795251410528,#c8102e
-86.0532278181693, 5.03439065512287964,#c8102e
-86.0574673687865, 5.03686978928817286,#c8102e
-86.0617090051103, 5.03934535325274435,#c8102e
-86.0659527241340, 5.04181734526187775,#c8102e
-86.0701985228498, 5.04428576356339242,#c8102e
-86.0744463982480, 5.04675060640764084,#c8102e
-86.0786963473178, 5.04921187204751121,#c8102e
-86.0829483670467, 5.05166955873842305,#c8102e
-86.0872024544208, 5.05412366473833607,#c8102e
-86.0914586064249, 5.05657418830774841,#c8102e
-86.0957168200420, 5.05902112770969481,#c8102e
-86.0999770922539, 5.06146448120975112,#c8102e
-86.1042394200409, 5.06390424707603604,#c8102e
-86.1085038003817, 5.06634042357921199,#c8102e
-86.1127702302537, 5.06877300899248429,#c8102e
-86.1170387066328, 5.07120200159160284,#c8102e
-86.1213092264935, 5.07362739965486664,#c8102e
-86.1255817868087, 5.07604920146311933,#c8102e
-86.1298563845501, 5.07846740529975627,#c8102e
-86.1341330166876, 5.08088200945072188,#c8102e
-86.1384116801900, 5.08329301220451324,#c8102e
-86.1426923720246, 5.08570041185217825,#c8102e
-86.1469750891570, 5.08810420668732100,#c8102e
-86.1512598285516, 5.09050439500609908,#c8102e
-86.1555465871715, 5.09290097510722628,#c8102e
-86.1598353619779, 5.09529394529197432,#c8102e
-86.1641261499311, 5.09768330386417556,#c8102e
-86.1684189479897, 5.10006904913021852,#c8102e
-86.1727137531107, 5.10245117939905679,#c8102e
-86.1770105622501, 5.10482969298220368,#c8102e
-86.1813093723623, 5.10720458819373846,#c8102e
-86.1856101804000, 5.10957586335030012,#c8102e
-86.1899129833149, 5.11194351677109982,#c8102e
-86.1942177780572, 5.11430754677791377,#c8102e
-86.1985245615754, 5.11666795169508326,#c8102e
-86.2028333308169, 5.11902472984952350,#c8102e
-86.2071440827276, 5.12137787957071922,#c8102e
-86.2114568142519, 5.12372739919072551,#c8102e
-86.2157715223329, 5.12607328704417053,#c8102e
-86.2200882039124, 5.12841554146825729,#c8102e
-86.2244068559306, 5.13075416080276625,#c8102e
-86.2287274753263, 5.13308914339005185,#c8102e
-86.2330500590371, 5.13542048757504777,#c8102e
-86.2373746039991, 5.13774819170526609,#c8102e
-86.2417011071469, 5.14007225413079727,#c8102e
-86.2460295654139, 5.14239267320431637,#c8102e
-86.2503599757320, 5.14470944728108037,#c8102e
-86.2546923350317, 5.14702257471892555,#c8102e
-86.2590266402422, 5.14933205387827897,#c8102e
-86.2633628882914, 5.15163788312214876,#c8102e
-86.2677010761056, 5.15394006081613387,#c8102e
-86.2720412006098, 5.15623858532841961,#c8102e
-86.2763832587277, 5.15853345502978122,#c8102e
-86.2807272473817, 5.16082466829358477,#c8102e
-86.2850731634925, 5.16311222349578625,#c8102e
-86.2894210039799, 5.16539611901493600,#c8102e
-86.2937707657619, 5.16767635323217966,#c8102e
-86.2981224457554, 5.16995292453125455,#c8102e
-86.3024760408759, 5.17222583129849856,#c8102e
-86.3068315480375, 5.17449507192284486,#c8102e
-86.3111889641529, 5.17676064479582543,#c8102e
-86.3155482861336, 5.17902254831157016,#c8102e
-86.3199095108896, 5.18128078086681221,#c8102e
-86.3242726353296, 5.18353534086088619,#c8102e
-86.3286376563609, 5.18578622669573086,#c8102e
-86.3330045708897, 5.18803343677588646,#c8102e
-86.3373733758205, 5.19027696950850181,#c8102e
-86.3417440680567, 5.19251682330333164,#c8102e
-86.3461166445003, 5.19475299657273570,#c8102e
-86.3504911020519, 5.19698548773168412,#c8102e
-86.3548674376109, 5.19921429519775913,#c8102e
-86.3592456480752, 5.20143941739115157,#c8102e
-86.3636257303416, 5.20366085273466439,#c8102e
-86.3680076813054, 5.20587859965371447,#c8102e
-86.3723914978605, 5.20809265657633613,#c8102e
-86.3767771768998, 5.21030302193317141,#c8102e
-86.3811647153144, 5.21250969415748600,#c8102e
-86.3855541099946, 5.21471267168516128,#c8102e
-86.3899453578290, 5.21691195295469612,#c8102e
-86.3943384557051, 5.21910753640721303,#c8102e
-86.3987334005089, 5.22129942048645024,#c8102e
-86.4031301891254, 5.22348760363877496,#c8102e
-86.4075288184379, 5.22567208431316832,#c8102e
-86.4119292853287, 5.22785286096124491,#c8102e
-86.4163315866786, 5.23002993203723854,#c8102e
-86.4207357193673, 5.23220329599801470,#c8102e
-86.4251416802731, 5.23437295130306168,#c8102e
-86.4295494662729, 5.23653889641450121,#c8102e
-86.4339590742424, 5.23870112979708047,#c8102e
-86.4383705010561, 5.24085964991818010,#c8102e
-86.4427837435871, 5.24301445524781329,#c8102e
-86.4471987987072, 5.24516554425862225,#c8102e
-86.4516156632869, 5.24731291542588885,#c8102e
-86.4560343341956, 5.24945656722752663,#c8102e
-86.4604548083012, 5.25159649814408613,#c8102e
-86.4648770824704, 5.25373270665875669,#c8102e
-86.4693011535686, 5.25586519125736462,#c8102e
-86.4737270184601, 5.25799395042837769,#c8102e
-86.4781546740077, 5.26011898266290068,#c8102e
-86.4825841170730, 5.26224028645468245,#c8102e
-86.4870153445163, 5.26435786030011599,#c8102e
-86.4914483531969, 5.26647170269823572,#c8102e
-86.4958831399724, 5.26858181215072197,#c8102e
-86.5003197016994, 5.27068818716190002,#c8102e
-86.5047580352334, 5.27279082623874640,#c8102e
-86.5091981374282, 5.27488972789087907,#c8102e
-86.5136400051367, 5.27698489063056808,#c8102e
-86.5180836352104, 5.27907631297273561,#c8102e
-86.5225290244997, 5.28116399343495413,#c8102e
-86.5269761698536, 5.28324793053744557,#c8102e
-86.5314250681199, 5.28532812280308928,#c8102e
-86.5358757161451, 5.28740456875741849,#c8102e
-86.5403281107747, 5.28947726692861675,#c8102e
-86.5447822488525, 5.29154621584752949,#c8102e
-86.5492381272216, 5.29361141404765867,#c8102e
-86.5536957427235, 5.29567286006516369,#c8102e
-86.5581550921986, 5.29773055243886315,#c8102e
-86.5626161724860, 5.29978448971024019,#c8102e
-86.5670789804237, 5.30183467042343359,#c8102e
-86.5715435128484, 5.30388109312524758,#c8102e
-86.5760097665956, 5.30592375636515268,#c8102e
-86.5804777384995, 5.30796265869528039,#c8102e
-86.5849474253931, 5.30999779867042943,#c8102e
-86.5894188241084, 5.31202917484806569,#c8102e
-86.5938919314758, 5.31405678578832230,#c8102e
-86.5983667443249, 5.31608063005400222,#c8102e
-86.6028432594837, 5.31810070621057651,#c8102e
-86.6073214737794, 5.32011701282618876,#c8102e
-86.6118013840376, 5.32212954847165332,#c8102e
-86.6162829870829, 5.32413831172045882,#c8102e
-86.6207662797388, 5.32614330114876555,#c8102e
-86.6252512588273, 5.32814451533541256,#c8102e
-86.6297379211696, 5.33014195286191050,#c8102e
-86.6342262635853, 5.33213561231244970,#c8102e
-86.6387162828932, 5.33412549227389654,#c8102e
-86.6432079759105, 5.33611159133579971,#c8102e
-86.6477013394536, 5.33809390809038398,#c8102e
-86.6521963703375, 5.34007244113255641,#c8102e
-86.6566930653759, 5.34204718905990639,#c8102e
-86.6611914213818, 5.34401815047270734,#c8102e
-86.6656914351664, 5.34598532397391413,#c8102e
-86.6701931035402, 5.34794870816916834,#c8102e
-86.6746964233123, 5.34990830166679832,#c8102e
-86.6792013912907, 5.35186410307781557,#c8102e
-86.6837080042822, 5.35381611101592370,#c8102e
-86.6882162590925, 5.35576432409751302,#c8102e
-86.6927261525260, 5.35770874094166238,#c8102e
-86.6972376813862, 5.35964936017014537,#c8102e
-86.7017508424751, 5.36158618040742407,#c8102e
-86.7062656325937, 5.36351920028065443,#c8102e
-86.7107820485420, 5.36544841841968534,#c8102e
-86.7153000871186, 5.36737383345706220,#c8102e
-86.7198197451210, 5.36929544402802517,#c8102e
-86.7243410193458, 5.37121324877051087,#c8102e
-86.7288639065881, 5.37312724632515248,#c8102e
-86.7333884036421, 5.37503743533528411,#c8102e
-86.7379145073007, 5.37694381444693814,#c8102e
-86.7424422143557, 5.37884638230884704,#c8102e
-86.7469715215980, 5.38074513757244510,#c8102e
-86.7515024258170, 5.38264007889187024,#c8102e
-86.7560349238012, 5.38453120492396131,#c8102e
-86.7605690123378, 5.38641851432826435,#c8102e
-86.7651046882131, 5.38830200576702811,#c8102e
-86.7696419482121, 5.39018167790520852,#c8102e
-86.7741807891188, 5.39205752941046956,#c8102e
-86.7787212077159, 5.39392955895318238,#c8102e
-86.7832632007851, 5.39579776520642618,#c8102e
-86.7878067651071, 5.39766214684599266,#c8102e
-86.7923518974612, 5.39952270255038425,#c8102e
-86.7968985946259, 5.40137943100081230,#c8102e
-86.8014468533783, 5.40323233088120336,#c8102e
-86.8059966704946, 5.40508140087819644,#c8102e
-86.8105480427499, 5.40692663968114751,#c8102e
-86.8151009669180, 5.40876804598212502,#c8102e
-86.8196554397718, 5.41060561847591703,#c8102e
-86.8242114580830, 5.41243935586002678,#c8102e
-86.8287690186222, 5.41426925683467708,#c8102e
-86.8333281181590, 5.41609532010280859,#c8102e
-86.8378887534618, 5.41791754437008422,#c8102e
-86.8424509212981, 5.41973592834488738,#c8102e
-86.8470146184340, 5.42155047073832197,#c8102e
-86.8515798416347, 5.42336117026421682,#c8102e
-86.8561465876644, 5.42516802563912304,#c8102e
-86.8607148532861, 5.42697103558231930,#c8102e
-86.8652846352618, 5.42877019881580569,#c8102e
-86.8698559303523, 5.43056551406431254,#c8102e
-86.8744287353174, 5.43235698005529599,#c8102e
-86.8790030469158, 5.43414459551894069,#c8102e
-86.8835788619053, 5.43592835918816153,#c8102e
-86.8881561770425, 5.43770826979860278,#c8102e
-86.8927349890828, 5.43948432608863985,#c8102e
-86.8973152947807, 5.44125652679938110,#c8102e
-86.9018970908897, 5.44302487067466423,#c8102e
-86.9064803741621, 5.44478935646106699,#c8102e
-86.9110651413493, 5.44654998290789649,#c8102e
-86.9156513892015, 5.44830674876719634,#c8102e
-86.9202391144678, 5.45005965279374838,#c8102e
-86.9248283138965, 5.45180869374507093,#c8102e
-86.9294189842347, 5.45355387038142059,#c8102e
-86.9340111222284, 5.45529518146579129,#c8102e
-86.9386047246226, 5.45703262576391968,#c8102e
-86.9431997881615, 5.45876620204428242,#c8102e
-86.9477963095878, 5.46049590907809534,#c8102e
-86.9523942856436, 5.46222174563932139,#c8102e
-86.9569937130697, 5.46394371050466354,#c8102e
-86.9615945886061, 5.46566180245357014,#c8102e
-86.9661969089915, 5.46737602026823399,#c8102e
-86.9708006709637, 5.46908636273359505,#c8102e
-86.9754058712596, 5.47079282863734040,#c8102e
-86.9800125066149, 5.47249541676990248,#c8102e
-86.9846205737643, 5.47419412592446530,#c8102e
-86.9892300694417, 5.47588895489696004,#c8102e
-86.9938409903797, 5.47757990248607118,#c8102e
-86.9984533333101, 5.47926696749323128,#c8102e
-87.0030670949635, 5.48095014872262531,#c8102e
-87.0076822720697, 5.48262944498119253,#c8102e
-87.0122988613574, 5.48430485507862553,#c8102e
-87.0169168595543, 5.48597637782737202,#c8102e
-87.0215362633870, 5.48764401204263130,#c8102e
-87.0261570695813, 5.48930775654236491,#c8102e
-87.0307792748619, 5.49096761014728862,#c8102e
-87.0354028759525, 5.49262357168087334,#c8102e
-87.0400278695759, 5.49427563996935309,#c8102e
-87.0446542524537, 5.49592381384172057,#c8102e
-87.0492820213067, 5.49756809212972630,#c8102e
-87.0539111728548, 5.49920847366788390,#c8102e
-87.0585417038167, 5.50084495729347012,#c8102e
-87.0631736109102, 5.50247754184652393,#c8102e
-87.0678068908522, 5.50410622616984568,#c8102e
-87.0724415403585, 5.50573100910900326,#c8102e
-87.0770775561440, 5.50735188951232857,#c8102e
-87.0817149349228, 5.50896886623092019,#c8102e
-87.0863536734076, 5.51058193811864250,#c8102e
-87.0909937683106, 5.51219110403212920,#c8102e
-87.0956352163427, 5.51379636283078156,#c8102e
-87.1002780142141, 5.51539771337677198,#c8102e
-87.1049221586339, 5.51699515453504041,#c8102e
-87.1095676463102, 5.51858868517329970,#c8102e
-87.1142144739502, 5.52017830416203292,#c8102e
-87.1188626382603, 5.52176401037449871,#c8102e
-87.1235121359457, 5.52334580268672592,#c8102e
-87.1281629637109, 5.52492367997751899,#c8102e
-87.1328151182591, 5.52649764112845876,#c8102e
-87.1374685962931, 5.52806768502389900,#c8102e
-87.1421233945142, 5.52963381055097258,#c8102e
-87.1467795096231, 5.53119601659958793,#c8102e
-87.1514369383195, 5.53275430206243257,#c8102e
-87.1560956773021, 5.53430866583497316,#c8102e
-87.1607557232688, 5.53585910681545634,#c8102e
-87.1654170729165, 5.53740562390490787,#c8102e
-87.1700797229411, 5.53894821600713705,#c8102e
-87.1747436700377, 5.54048688202873141,#c8102e
-87.1794089109004, 5.54202162087906824,#c8102e
-87.1840754422224, 5.54355243147029864,#c8102e
-87.1887432606961, 5.54507931271736787,#c8102e
-87.1934123630128, 5.54660226353800034,#c8102e
-87.1980827458629, 5.54812128285270845,#c8102e
-87.2027544059362, 5.54963636958479078,#c8102e
-87.2074273399212, 5.55114752266033396,#c8102e
-87.2121015445057, 5.55265474100821166,#c8102e
-87.2167770163765, 5.55415802356008825,#c8102e
-87.2214537522197, 5.55565736925041609,#c8102e
-87.2261317487202, 5.55715277701643906,#c8102e
-87.2308110025623, 5.55864424579819261,#c8102e
-87.2354915104292, 5.56013177453850371,#c8102e
-87.2401732690034, 5.56161536218299268,#c8102e
-87.2448562749663, 5.56309500768007226,#c8102e
-87.2495405249986, 5.56457070998094849,#c8102e
-87.2542260157800, 5.56604246803962432,#c8102e
-87.2589127439894, 5.56751028081289867,#c8102e
-87.2636007063047, 5.56897414726036644,#c8102e
-87.2682898994030, 5.57043406634441940,#c8102e
-87.2729803199607, 5.57189003703024710,#c8102e
-87.2776719646530, 5.57334205828583773,#c8102e
-87.2823648301545, 5.57479012908197991,#c8102e
-87.2870589131388, 5.57623424839226089,#c8102e
-87.2917542102787, 5.57767441519306928,#c8102e
-87.2964507182460, 5.57911062846359762,#c8102e
-87.3011484337119, 5.58054288718583624,#c8102e
-87.3058473533465, 5.58197119034458300,#c8102e
-87.3105474738192, 5.58339553692743529,#c8102e
-87.3152487917984, 5.58481592592479981,#c8102e
-87.3199513039519, 5.58623235632988369,#c8102e
-87.3246550069463, 5.58764482713870336,#c8102e
-87.3293598974477, 5.58905333735007925,#c8102e
-87.3340659721212, 5.59045788596564197,#c8102e
-87.3387732276310, 5.59185847198982788,#c8102e
-87.3434816606406, 5.59325509442988356,#c8102e
-87.3481912678125, 5.59464775229586397,#c8102e
-87.3529020458086, 5.59603644460063343,#c8102e
-87.3576139912898, 5.59742117035986997,#c8102e
-87.3623271009161, 5.59880192859206005,#c8102e
-87.3670413713469, 5.60017871831850389,#c8102e
-87.3717567992407, 5.60155153856331633,#c8102e
-87.3764733812550, 5.60292038835342243,#c8102e
-87.3811911140467, 5.60428526671856275,#c8102e
-87.3859099942719, 5.60564617269129517,#c8102e
-87.3906300185856, 5.60700310530698864,#c8102e
-87.3953511836423, 5.60835606360383299,#c8102e
-87.4000734860956, 5.60970504662283265,#c8102e
-87.4047969225982, 5.61105005340781116,#c8102e
-87.4095214898021, 5.61239108300540845,#c8102e
-87.4142471843584, 5.61372813446508623,#c8102e
-87.4189740029176, 5.61506120683912346,#c8102e
-87.4237019421292, 5.61639029918262089,#c8102e
-87.4284309986419, 5.61771541055350010,#c8102e
-87.4331611691038, 5.61903654001250441,#c8102e
-87.4378924501620, 5.62035368662319890,#c8102e
-87.4426248384629, 5.62166684945197392,#c8102e
-87.4473583306522, 5.62297602756804071,#c8102e
-87.4520929233747, 5.62428122004343845,#c8102e
-87.4568286132744, 5.62558242595302538,#c8102e
-87.4615653969947, 5.62687964437449306,#c8102e
-87.4663032711780, 5.62817287438835301,#c8102e
-87.4710422324661, 5.62946211507794825,#c8102e
-87.4757822775000, 5.63074736552944799,#c8102e
-87.4805234029197, 5.63202862483184852,#c8102e
-87.4852656053648, 5.63330589207697496,#c8102e
-87.4900088814739, 5.63457916635948663,#c8102e
-87.4947532278849, 5.63584844677686636,#c8102e
-87.4994986412350, 5.63711373242943203,#c8102e
-87.5042451181606, 5.63837502242033306,#c8102e
-87.5089926552972, 5.63963231585554947,#c8102e
-87.5137412492797, 5.64088561184389636,#c8102e
-87.5184908967424, 5.64213490949701768,#c8102e
-87.5232415943186, 5.64338020792939776,#c8102e
-87.5279933386409, 5.64462150625835068,#c8102e
-87.5327461263412, 5.64585880360402825,#c8102e
-87.5374999540506, 5.64709209908941645,#c8102e
-87.5422548183997, 5.64832139184033988,#c8102e
-87.5470107160181, 5.64954668098545909,#c8102e
-87.5517676435348, 5.65076796565627415,#c8102e
-87.5565255975779, 5.65198524498711929,#c8102e
-87.5612845747750, 5.65319851811517360,#c8102e
-87.5660445717528, 5.65440778418045031,#c8102e
-87.5708055851375, 5.65561304232580664,#c8102e
-87.5755676115542, 5.65681429169693928,#c8102e
-87.5803306476278, 5.65801153144238711,#c8102e
-87.5850946899819, 5.65920476071353029,#c8102e
-87.5898597352399, 5.66039397866459204,#c8102e
-87.5946257800242, 5.66157918445263864,#c8102e
-87.5993928209565, 5.66276037723758030,#c8102e
-87.6041608546580, 5.66393755618217121,#c8102e
-87.6089298777489, 5.66511072045201214,#c8102e
-87.6136998868489, 5.66627986921554783,#c8102e
-87.6184708785771, 5.66744500164407050,#c8102e
-87.6232428495515, 5.66860611691171812,#c8102e
-87.6280157963899, 5.66976321419547791,#c8102e
-87.6327897157090, 5.67091629267518194,#c8102e
-87.6375646041250, 5.67206535153351421,#c8102e
-87.6423404582535, 5.67321038995600535,#c8102e
-87.6471172747093, 5.67435140713103792,#c8102e
-87.6518950501064, 5.67548840224984286,#c8102e
-87.6566737810584, 5.67662137450650395,#c8102e
-87.6614534641780, 5.67775032309795424,#c8102e
-87.6662340960773, 5.67887524722397963,#c8102e
-87.6710156733677, 5.67999614608721881,#c8102e
-87.6757981926600, 5.68111301889316511,#c8102e
-87.6805816505642, 5.68222586485016290,#c8102e
-87.6853660436899, 5.68333468316941204,#c8102e
-87.6901513686456, 5.68443947306496788,#c8102e
-87.6949376220397, 5.68554023375373951,#c8102e
-87.6997248004794, 5.68663696445549416,#c8102e
-87.7045129005715, 5.68772966439285454,#c8102e
-87.7093019189223, 5.68881833279129889,#c8102e
-87.7140918521372, 5.68990296887916625,#c8102e
-87.7188826968209, 5.69098357188765025,#c8102e
-87.7236744495777, 5.69206014105080627,#c8102e
-87.7284671070112, 5.69313267560554781,#c8102e
-87.7332606657242, 5.69420117479164745,#c8102e
-87.7380551223190, 5.69526563785173767,#c8102e
-87.7428504733973, 5.69632606403131447,#c8102e
-87.7476467155599, 5.69738245257873377,#c8102e
-87.7524438454073, 5.69843480274521141,#c8102e
-87.7572418595392, 5.69948311378482941,#c8102e
-87.7620407545547, 5.70052738495452971,#c8102e
-87.7668405270523, 5.70156761551411861,#c8102e
-87.7716411736298, 5.70260380472626860,#c8102e
-87.7764426908846, 5.70363595185651295,#c8102e
-87.7812450754131, 5.70466405617325201,#c8102e
-87.7860483238114, 5.70568811694775313,#c8102e
-87.7908524326749, 5.70670813345414718,#c8102e
-87.7956573985984, 5.70772410496943472,#c8102e
-87.8004632181760, 5.70873603077347802,#c8102e
-87.8052698880014, 5.70974391014901350,#c8102e
-87.8100774046674, 5.71074774238164196,#c8102e
-87.8148857647666, 5.71174752675983299,#c8102e
-87.8196949648905, 5.71274326257492593,#c8102e
-87.8245050016305, 5.71373494912113156,#c8102e
-87.8293158715770, 5.71472258569552860,#c8102e
-87.8341275713202, 5.71570617159806549,#c8102e
-87.8389400974493, 5.71668570613156479,#c8102e
-87.8437534465532, 5.71766118860171879,#c8102e
-87.8485676152202, 5.71863261831709391,#c8102e
-87.8533826000378, 5.71959999458912538,#c8102e
-87.8581983975932, 5.72056331673212526,#c8102e
-87.8630150044728, 5.72152258406327707,#c8102e
-87.8678324172627, 5.72247779590264116,#c8102e
-87.8726506325481, 5.72342895157314846,#c8102e
-87.8774696469138, 5.72437605040060848,#c8102e
-87.8822894569440, 5.72531909171370490,#c8102e
-87.8871100592224, 5.72625807484399640,#c8102e
-87.8919314503321, 5.72719299912591939,#c8102e
-87.8967536268557, 5.72812386389678796,#c8102e
-87.9015765853750, 5.72905066849679212,#c8102e
-87.9064003224715, 5.72997341226899959,#c8102e
-87.9112248347262, 5.73089209455935844,#c8102e
-87.9160501187192, 5.73180671471669445,#c8102e
-87.9208761710304, 5.73271727209271109,#c8102e
-87.9257029882391, 5.73362376604199486,#c8102e
-87.9305305669238, 5.73452619592200996,#c8102e
-87.9353589036628, 5.73542456109310184,#c8102e
-87.9401879950337, 5.73631886091849719,#c8102e
-87.9450178376135, 5.73720909476430396,#c8102e
-87.9498484279787, 5.73809526199951403,#c8102e
-87.9546797627055, 5.73897736199599962,#c8102e
-87.9595118383692, 5.73985539412851509,#c8102e
-87.9643446515449, 5.74072935777470050,#c8102e
-87.9691781988069, 5.74159925231507984,#c8102e
-87.9740124767293, 5.74246507713305832,#c8102e
-87.9788474818853, 5.74332683161492774,#c8102e
-87.9836832108479, 5.74418451514986650,#c8102e
-87.9885196601894, 5.74503812712993600,#c8102e
-87.9933568264817, 5.74588766695008513,#c8102e
-87.9981947062962, 5.74673313400814845,#c8102e
-88.0030332962037, 5.74757452770484800,#c8102e
-88.0078725927746, 5.74841184744379152,#c8102e
-88.0127125925786, 5.74924509263147687,#c8102e
-88.0175532921851, 5.75007426267728849,#c8102e
-88.0223946881631, 5.75089935699349830,#c8102e
-88.0272367770807, 5.75172037499527011,#c8102e
-88.0320795555060, 5.75253731610065344,#c8102e
-88.0369230200062, 5.75335017973059148,#c8102e
-88.0417671671483, 5.75415896530891491,#c8102e
-88.0466119934986, 5.75496367226234540,#c8102e
-88.0514574956231, 5.75576430002049655,#c8102e
-88.0563036700872, 5.75656084801587120,#c8102e
-88.0611505134560, 5.75735331568386677,#c8102e
-88.0659980222938, 5.75814170246277168,#c8102e
-88.0708461931647, 5.75892600779376629,#c8102e
-88.0756950226322, 5.75970623112092373,#c8102e
-88.0805445072595, 5.76048237189121437,#c8102e
-88.0853946436092, 5.76125442955449518,#c8102e
-88.0902454282434, 5.76202240356352391,#c8102e
-88.0950968577238, 5.76278629337394843,#c8102e
-88.0999489286117, 5.76354609844431565,#c8102e
-88.1048016374678, 5.76430181823606436,#c8102e
-88.1096549808524, 5.76505345221352972,#c8102e
-88.1145089553256, 5.76580099984394501,#c8102e
-88.1193635574466, 5.76654446059743719,#c8102e
-88.1242187837746, 5.76728383394703226,#c8102e
-88.1290746308680, 5.76801911936865075,#c8102e
-88.1339310952850, 5.76875031634111402,#c8102e
-88.1387881735832, 5.76947742434614064,#c8102e
-88.1436458623198, 5.77020044286834555,#c8102e
-88.1485041580518, 5.77091937139524269,#c8102e
-88.1533630573354, 5.77163420941724770,#c8102e
-88.1582225567265, 5.77234495642767254,#c8102e
-88.1630826527808, 5.77305161192273086,#c8102e
-88.1679433420534, 5.77375417540153535,#c8102e
-88.1728046210988, 5.77445264636610034,#c8102e
-88.1776664864714, 5.77514702432134008,#c8102e
-88.1825289347249, 5.77583730877506873,#c8102e
-88.1873919624129, 5.77652349923800568,#c8102e
-88.1922555660884, 5.77720559522376842,#c8102e
-88.1971197423039, 5.77788359624887882,#c8102e
-88.2019844876117, 5.77855750183276040,#c8102e
-88.2068497985636, 5.77922731149774016,#c8102e
-88.2117156717109, 5.77989302476904676,#c8102e
-88.2165821036048, 5.78055464117481588,#c8102e
-88.2214490907957, 5.78121216024608398,#c8102e
-88.2263166298340, 5.78186558151679186,#c8102e
-88.2311847172693, 5.78251490452378736,#c8102e
-88.2360533496512, 5.78316012880681996,#c8102e
-88.2409225235288, 5.78380125390854793,#c8102e
-88.2457922354506, 5.78443827937453126,#c8102e
-88.2506624819650, 5.78507120475323866,#c8102e
-88.2555332596198, 5.78570002959604501,#c8102e
-88.2604045649626, 5.78632475345722952,#c8102e
-88.2652763945406, 5.78694537589398017,#c8102e
-88.2701487449005, 5.78756189646639196,#c8102e
-88.2750216125887, 5.78817431473746513,#c8102e
-88.2798949941513, 5.78878263027311135,#c8102e
-88.2847688861340, 5.78938684264214753,#c8102e
-88.2896432850821, 5.78998695141629938,#c8102e
-88.2945181875405, 5.79058295617020313,#c8102e
-88.2993935900539, 5.79117485648140207,#c8102e
-88.3042694891664, 5.79176265193034823,#c8102e
-88.3091458814221, 5.79234634210040600,#c8102e
-88.3140227633644, 5.79292592657784677,#c8102e
-88.3189001315366, 5.79350140495185340,#c8102e
-88.3237779824814, 5.79407277681452015,#c8102e
-88.3286563127415, 5.79464004176084924,#c8102e
-88.3335351188590, 5.79520319938875783,#c8102e
-88.3384143973757, 5.79576224929907102,#c8102e
-88.3432941448331, 5.79631719109552623,#c8102e
-88.3481743577725, 5.79686802438477411,#c8102e
-88.3530550327345, 5.79741474877637675,#c8102e
-88.3579361662598, 5.79795736388280858,#c8102e
-88.3628177548886, 5.79849586931945638,#c8102e
-88.3676997951607, 5.79903026470462013,#c8102e
-88.3725822836156, 5.79956054965951395,#c8102e
-88.3774652167926, 5.80008672380826340,#c8102e
-88.3823485912305, 5.80060878677791081,#c8102e
-88.3872324034681, 5.80112673819840996,#c8102e
-88.3921166500435, 5.80164057770263053,#c8102e
-88.3970013274948, 5.80215030492635631,#c8102e
-88.4018864323596, 5.80265591950828430,#c8102e
-88.4067719611754, 5.80315742109003008,#c8102e
-88.4116579104791, 5.80365480931612154,#c8102e
-88.4165442768075, 5.80414808383400427,#c8102e
-88.4214310566972, 5.80463724429403616,#c8102e
-88.4263182466843, 5.80512229034949723,#c8102e
-88.4312058433047, 5.80560322165657716,#c8102e
-88.4360938430940, 5.80608003787438864,#c8102e
-88.4409822425875, 5.80655273866495492,#c8102e
-88.4458710383203, 5.80702132369322044,#c8102e
-88.4507602268271, 5.80748579262704645,#c8102e
-88.4556498046424, 5.80794614513721097,#c8102e
-88.4605397683005, 5.80840238089740879,#c8102e
-88.4654301143351, 5.80885449958425593,#c8102e
-88.4703208392801, 5.80930250087728250,#c8102e
-88.4752119396687, 5.80974638445894076,#c8102e
-88.4801034120342, 5.81018615001459970,#c8102e
-88.4849952529092, 5.81062179723254690,#c8102e
-88.4898874588266, 5.81105332580399114,#c8102e
-88.4947800263186, 5.81148073542305710,#c8102e
-88.4996729519172, 5.81190402578679333,#c8102e
-88.5045662321543, 5.81232319659516428,#c8102e
-88.5094598635615, 5.81273824755105739,#c8102e
-88.5143538426702, 5.81314917836027778,#c8102e
-88.5192481660113, 5.81355598873155355,#c8102e
-88.5241428301158, 5.81395867837653135,#c8102e
-88.5290378315142, 5.81435724700977907,#c8102e
-88.5339331667369, 5.81475169434878580,#c8102e
-88.5388288323140, 5.81514202011396364,#c8102e
-88.5437248247754, 5.81552822402864233,#c8102e
-88.5486211406507, 5.81591030581907553,#c8102e
-88.5535177764694, 5.81628826521443987,#c8102e
-88.5584147287607, 5.81666210194683320,#c8102e
-88.5633119940536, 5.81703181575127193,#c8102e
-88.5682095688767, 5.81739740636570080,#c8102e
-88.5731074497587, 5.81775887353098398,#c8102e
-88.5780056332279, 5.81811621699090775,#c8102e
-88.5829041158123, 5.81846943649218318,#c8102e
-88.5878028940398, 5.81881853178444253,#c8102e
-88.5927019644382, 5.81916350262024284,#c8102e
-88.5976013235349, 5.81950434875506506,#c8102e
-88.6025009678571, 5.81984106994731043,#c8102e
-88.6074008939320, 5.82017366595830943,#c8102e
-88.6123010982864, 5.82050213655231197,#c8102e
-88.6172015774469, 5.82082648149649362,#c8102e
-88.6221023279401, 5.82114670056095562,#c8102e
-88.6270033462922, 5.82146279351872042,#c8102e
-88.6319046290293, 5.82177476014573880,#c8102e
-88.6368061726774, 5.82208260022088364,#c8102e
-88.6417079737621, 5.82238631352595437,#c8102e
-88.6466100288090, 5.82268589984567431,#c8102e
-88.6515123343435, 5.82298135896769420,#c8102e
-88.6564148868906, 5.82327269068258602,#c8102e
-88.6613176829755, 5.82355989478385183,#c8102e
-88.6662207191229, 5.82384297106791760,#c8102e
-88.6711239918576, 5.82412191933413492,#c8102e
-88.6760274977040, 5.82439673938478020,#c8102e
-88.6809312331864, 5.82466743102505902,#c8102e
-88.6858351948291, 5.82493399406310086,#c8102e
-88.6907393791559, 5.82519642830996176,#c8102e
-88.6956437826909, 5.82545473357962518,#c8102e
-88.7005484019575, 5.82570890968900112,#c8102e
-88.7054532334795, 5.82595895645792616,#c8102e
-88.7103582737802, 5.82620487370916429,#c8102e
-88.7152635193828, 5.82644666126840516,#c8102e
-88.7201689668105, 5.82668431896426586,#c8102e
-88.7250746125861, 5.82691784662829271,#c8102e
-88.7299804532325, 5.82714724409495943,#c8102e
-88.7348864852724, 5.82737251120166277,#c8102e
-88.7397927052283, 5.82759364778873223,#c8102e
-88.7446991096226, 5.82781065369942297,#c8102e
-88.7496056949776, 5.82802352877991936,#c8102e
-88.7545124578154, 5.82823227287933143,#c8102e
-88.7594193946581, 5.82843688584969843,#c8102e
-88.7643265020275, 5.82863736754598794,#c8102e
-88.7692337764455, 5.82883371782609672,#c8102e
-88.7741412144337, 5.82902593655084900,#c8102e
-88.7790488125136, 5.82921402358399643,#c8102e
-88.7839565672066, 5.82939797879222166,#c8102e
-88.7888644750341, 5.82957780204513476,#c8102e
-88.7937725325173, 5.82975349321527325,#c8102e
-88.7986807361773, 5.82992505217810653,#c8102e
-88.8035890825351, 5.83009247881203052,#c8102e
-88.8084975681116, 5.83025577299837039,#c8102e
-88.8134061894276, 5.83041493462138227,#c8102e
-88.8183149430037, 5.83056996356824886,#c8102e
-88.8232238253607, 5.83072085972908472,#c8102e
-88.8281328330189, 5.83086762299693273,#c8102e
-88.8330419624989, 5.83101025326776412,#c8102e
-88.8379512103211, 5.83114875044048109,#c8102e
-88.8428605730055, 5.83128311441691594,#c8102e
-88.8477700470725, 5.83141334510182840,#c8102e
-88.8526796290421, 5.83153944240290922,#c8102e
-88.8575893154344, 5.83166140623078011,#c8102e
-88.8624991027693, 5.83177923649899022,#c8102e
-88.8674089875666, 5.83189293312402057,#c8102e
-88.8723189663462, 5.83200249602528054,#c8102e
-88.8772290356279, 5.83210792512511222,#c8102e
-88.8821391919313, 5.83220922034878519,#c8102e
-88.8870494317759, 5.83230638162449910,#c8102e
-88.8919597516815, 5.83239940888338637,#c8102e
-88.8968701481674, 5.83248830205950686,#c8102e
-88.9017806177531, 5.83257306108985230,#c8102e
-88.9066911569581, 5.83265368591434452,#c8102e
-88.9116017623016, 5.83273017647583458,#c8102e
-88.9165124303030, 5.83280253272010629,#c8102e
-88.9214231574815, 5.83287075459587268,#c8102e
-88.9263339403563, 5.83293484205477508,#c8102e
-88.9312447754465, 5.83299479505138940,#c8102e
-88.9361556592714, 5.83305061354321985,#c8102e
-88.9410665883501, 5.83310229749070164,#c8102e
-88.9459775592015, 5.83314984685720006,#c8102e
-88.9508885683448, 5.83319326160901053,#c8102e
-88.9557996122988, 5.83323254171536210,#c8102e
-88.9607106875828, 5.83326768714841215,#c8102e
-88.9656217907155, 5.83329869788324729,#c8102e
-88.9705329182159, 5.83332557389788864,#c8102e
-88.9754440666030, 5.83334831517328478,#c8102e
-88.9803552323957, 5.83336692169331794,#c8102e
-88.9852664121128, 5.83338139344479778,#c8102e
-88.9901776022733, 5.83339173041746761,#c8102e
-88.9950887993961, 5.83339793260400086,#c8102e
-89.0000000000000, 5.83340000000000014,#c8102e
-89.0000000000000, 5.83340000000000014,#c8102e
-89.0000000000000, 6.00000000000000000,#c8102e
