x,y,fill
-20.0000000000000,23.0000000000000,#c8102e
-19.9968552677923,22.9999950553174,#c8102e
-19.9937105666839,22.9999802213187,#c8102e
-19.9905659277741,22.9999554981504,#c8102e
-19.9874213821613,22.9999208860571,#c8102e
-19.9842769609430,22.9998763853811,#c8102e
-19.9811326952155,22.9998219965625,#c8102e
-19.9779886160738,22.9997577201391,#c8102e
-19.9748447546106,22.9996835567465,#c8102e
-19.9717011419169,22.9995995071183,#c8102e
-19.9685578090809,22.9995055720856,#c8102e
-19.9654147871882,22.9994017525774,#c8102e
-19.9622721073213,22.9992880496203,#c8102e
-19.9591298005593,22.9991644643389,#c8102e
-19.9559878979776,22.9990309979553,#c8102e
-19.9528464306477,22.9988876517894,#c8102e
-19.9497054296366,22.9987344272588,#c8102e
-19.9465649260069,22.9985713258788,#c8102e
-19.9434249508162,22.9983983492624,#c8102e
-19.9402855351168,22.9982154991202,#c8102e
-19.9371467099555,22.9980227772604,#c8102e
-19.9340085063734,22.9978201855890,#c8102e
-19.9308709554052,22.9976077261095,#c8102e
-19.9277340880794,22.9973854009230,#c8102e
-19.9245979354176,22.9971532122280,#c8102e
-19.9214625284343,22.9969111623209,#c8102e
-19.9183278981368,22.9966592535954,#c8102e
-19.9151940755245,22.9963974885425,#c8102e
-19.9120610915889,22.9961258697511,#c8102e
-19.9089289773134,22.9958443999073,#c8102e
-19.9057977636724,22.9955530817947,#c8102e
-19.9026674816317,22.9952519182941,#c8102e
-19.8995381621478,22.9949409123839,#c8102e
-19.8964098361678,22.9946200671398,#c8102e
-19.8932825346286,22.9942893857347,#c8102e
-19.8901562884575,22.9939488714389,#c8102e
-19.8870311285709,22.9935985276197,#c8102e
-19.8839070858748,22.9932383577419,#c8102e
-19.8807841912638,22.9928683653674,#c8102e
-19.8776624756215,22.9924885541551,#c8102e
-19.8745419698197,22.9920989278612,#c8102e
-19.8714227047181,22.9916994903387,#c8102e
-19.8683047111644,22.9912902455379,#c8102e
-19.8651880199934,22.9908711975059,#c8102e
-19.8620726620273,22.9904423503868,#c8102e
-19.8589586680751,22.9900037084218,#c8102e
-19.8558460689320,22.9895552759486,#c8102e
-19.8527348953799,22.9890970574020,#c8102e
-19.8496251781861,22.9886290573134,#c8102e
-19.8465169481038,22.9881512803112,#c8102e
-19.8434102358714,22.9876637311201,#c8102e
-19.8403050722125,22.9871664145619,#c8102e
-19.8372014878349,22.9866593355545,#c8102e
-19.8340995134313,22.9861424991127,#c8102e
-19.8309991796782,22.9856159103477,#c8102e
-19.8279005172358,22.9850795744671,#c8102e
-19.8248035567481,22.9845334967749,#c8102e
-19.8217083288420,22.9839776826716,#c8102e
-19.8186148641273,22.9834121376536,#c8102e
-19.8155231931965,22.9828368673140,#c8102e
-19.8124333466242,22.9822518773417,#c8102e
-19.8093453549669,22.9816571735221,#c8102e
-19.8062592487631,22.9810527617362,#c8102e
-19.8031750585323,22.9804386479613,#c8102e
-19.8000928147752,22.9798148382707,#c8102e
-19.7970125479732,22.9791813388335,#c8102e
-19.7939342885883,22.9785381559144,#c8102e
-19.7908580670624,22.9778852958743,#c8102e
-19.7877839138175,22.9772227651694,#c8102e
-19.7847118592549,22.9765505703519,#c8102e
-19.7816419337554,22.9758687180691,#c8102e
-19.7785741676784,22.9751772150644,#c8102e
-19.7755085913624,22.9744760681761,#c8102e
-19.7724452351239,22.9737652843382,#c8102e
-19.7693841292576,22.9730448705798,#c8102e
-19.7663253040357,22.9723148340255,#c8102e
-19.7632687897083,22.9715751818948,#c8102e
-19.7602146165023,22.9708259215023,#c8102e
-19.7571628146214,22.9700670602579,#c8102e
-19.7541134142461,22.9692986056661,#c8102e
-19.7510664455331,22.9685205653266,#c8102e
-19.7480219386149,22.9677329469335,#c8102e
-19.7449799235997,22.9669357582760,#c8102e
-19.7419404305711,22.9661290072377,#c8102e
-19.7389034895879,22.9653127017970,#c8102e
-19.7358691306834,22.9644868500265,#c8102e
-19.7328373838655,22.9636514600934,#c8102e
-19.7298082791162,22.9628065402592,#c8102e
-19.7267818463915,22.9619520988796,#c8102e
-19.7237581156209,22.9610881444044,#c8102e
-19.7207371167072,22.9602146853777,#c8102e
-19.7177188795260,22.9593317304374,#c8102e
-19.7147034339260,22.9584392883153,#c8102e
-19.7116908097278,22.9575373678372,#c8102e
-19.7086810367245,22.9566259779224,#c8102e
-19.7056741446807,22.9557051275841,#c8102e
-19.7026701633328,22.9547748259289,#c8102e
-19.6996691223883,22.9538350821567,#c8102e
-19.6966710515254,22.9528859055612,#c8102e
-19.6936759803932,22.9519273055291,#c8102e
-19.6906839386111,22.9509592915403,#c8102e
-19.6876949557685,22.9499818731679,#c8102e
-19.6847090614245,22.9489950600779,#c8102e
-19.6817262851077,22.9479988620292,#c8102e
-19.6787466563159,22.9469932888737,#c8102e
-19.6757702045156,22.9459783505557,#c8102e
-19.6727969591422,22.9449540571125,#c8102e
-19.6698269495992,22.9439204186736,#c8102e
-19.6668602052579,22.9428774454611,#c8102e
-19.6638967554578,22.9418251477892,#c8102e
-19.6609366295053,22.9407635360646,#c8102e
-19.6579798566743,22.9396926207859,#c8102e
-19.6550264662054,22.9386124125438,#c8102e
-19.6520764873057,22.9375229220208,#c8102e
-19.6491299491487,22.9364241599914,#c8102e
-19.6461868808737,22.9353161373215,#c8102e
-19.6432473115858,22.9341988649689,#c8102e
-19.6403112703555,22.9330723539826,#c8102e
-19.6373787862183,22.9319366155032,#c8102e
-19.6344498881748,22.9307916607623,#c8102e
-19.6315246051897,22.9296375010828,#c8102e
-19.6286029661924,22.9284741478786,#c8102e
-19.6256850000760,22.9273016126546,#c8102e
-19.6227707356972,22.9261199070064,#c8102e
-19.6198602018764,22.9249290426203,#c8102e
-19.6169534273968,22.9237290312732,#c8102e
-19.6140504410047,22.9225198848325,#c8102e
-19.6111512714086,22.9213016152558,#c8102e
-19.6082559472796,22.9200742345910,#c8102e
-19.6053644972506,22.9188377549762,#c8102e
-19.6024769499161,22.9175921886394,#c8102e
-19.5995933338322,22.9163375478984,#c8102e
-19.5967136775160,22.9150738451608,#c8102e
-19.5938380094455,22.9138010929239,#c8102e
-19.5909663580593,22.9125193037743,#c8102e
-19.5880987517560,22.9112284903881,#c8102e
-19.5852352188946,22.9099286655308,#c8102e
-19.5823757877935,22.9086198420566,#c8102e
-19.5795204867308,22.9073020329090,#c8102e
-19.5766693439435,22.9059752511204,#c8102e
-19.5738223876276,22.9046395098118,#c8102e
-19.5709796459377,22.9032948221928,#c8102e
-19.5681411469867,22.9019412015614,#c8102e
-19.5653069188456,22.9005786613042,#c8102e
-19.5624769895431,22.8992072148958,#c8102e
-19.5596513870654,22.8978268758990,#c8102e
-19.5568301393559,22.8964376579644,#c8102e
-19.5540132743149,22.8950395748305,#c8102e
-19.5512008197995,22.8936326403234,#c8102e
-19.5483928036231,22.8922168683569,#c8102e
-19.5455892535551,22.8907922729320,#c8102e
-19.5427901973209,22.8893588681371,#c8102e
-19.5399956626014,22.8879166681477,#c8102e
-19.5372056770327,22.8864656872261,#c8102e
-19.5344202682060,22.8850059397217,#c8102e
-19.5316394636673,22.8835374400704,#c8102e
-19.5288632909170,22.8820602027948,#c8102e
-19.5260917774096,22.8805742425038,#c8102e
-19.5233249505536,22.8790795738926,#c8102e
-19.5205628377112,22.8775762117426,#c8102e
-19.5178054661980,22.8760641709210,#c8102e
-19.5150528632825,22.8745434663809,#c8102e
-19.5123050561864,22.8730141131612,#c8102e
-19.5095620720836,22.8714761263862,#c8102e
-19.5068239381005,22.8699295212656,#c8102e
-19.5040906813156,22.8683743130943,#c8102e
-19.5013623287590,22.8668105172524,#c8102e
-19.4986389074124,22.8652381492048,#c8102e
-19.4959204442087,22.8636572245013,#c8102e
-19.4932069660317,22.8620677587761,#c8102e
-19.4904984997161,22.8604697677481,#c8102e
-19.4877950720469,22.8588632672204,#c8102e
-19.4850967097592,22.8572482730803,#c8102e
-19.4824034395381,22.8556248012990,#c8102e
-19.4797152880184,22.8539928679317,#c8102e
-19.4770322817842,22.8523524891171,#c8102e
-19.4743544473687,22.8507036810776,#c8102e
-19.4716818112539,22.8490464601187,#c8102e
-19.4690143998707,22.8473808426294,#c8102e
-19.4663522395979,22.8457068450816,#c8102e
-19.4636953567626,22.8440244840300,#c8102e
-19.4610437776398,22.8423337761121,#c8102e
-19.4583975284518,22.8406347380479,#c8102e
-19.4557566353684,22.8389273866399,#c8102e
-19.4531211245064,22.8372117387727,#c8102e
-19.4504910219292,22.8354878114129,#c8102e
-19.4478663536469,22.8337556216091,#c8102e
-19.4452471456159,22.8320151864916,#c8102e
-19.4426334237384,22.8302665232721,#c8102e
-19.4400252138624,22.8285096492438,#c8102e
-19.4374225417816,22.8267445817811,#c8102e
-19.4348254332346,22.8249713383394,#c8102e
-19.4322339139053,22.8231899364549,#c8102e
-19.4296480094221,22.8214003937446,#c8102e
-19.4270677453580,22.8196027279059,#c8102e
-19.4244931472301,22.8177969567166,#c8102e
-19.4219242404996,22.8159830980346,#c8102e
-19.4193610505714,22.8141611697978,#c8102e
-19.4168036027937,22.8123311900239,#c8102e
-19.4142519224582,22.8104931768103,#c8102e
-19.4117060347992,22.8086471483338,#c8102e
-19.4091659649940,22.8067931228503,#c8102e
-19.4066317381624,22.8049311186951,#c8102e
-19.4041033793661,22.8030611542822,#c8102e
-19.4015809136091,22.8011832481044,#c8102e
-19.3990643658369,22.7992974187328,#c8102e
-19.3965537609366,22.7974036848173,#c8102e
-19.3940491237365,22.7955020650856,#c8102e
-19.3915504790058,22.7935925783435,#c8102e
-19.3890578514546,22.7916752434747,#c8102e
-19.3865712657333,22.7897500794403,#c8102e
-19.3840907464328,22.7878171052791,#c8102e
-19.3816163180838,22.7858763401069,#c8102e
-19.3791480051568,22.7839278031166,#c8102e
-19.3766858320618,22.7819715135780,#c8102e
-19.3742298231482,22.7800074908377,#c8102e
-19.3717800027044,22.7780357543184,#c8102e
-19.3693363949574,22.7760563235196,#c8102e
-19.3668990240732,22.7740692180164,#c8102e
-19.3644679141556,22.7720744574601,#c8102e
-19.3620430892469,22.7700720615776,#c8102e
-19.3596245733270,22.7680620501713,#c8102e
-19.3572123903135,22.7660444431190,#c8102e
-19.3548065640613,22.7640192603735,#c8102e
-19.3524071183626,22.7619865219625,#c8102e
-19.3500140769464,22.7599462479887,#c8102e
-19.3476274634782,22.7578984586289,#c8102e
-19.3452473015603,22.7558431741346,#c8102e
-19.3428736147308,22.7537804148312,#c8102e
-19.3405064264641,22.7517102011180,#c8102e
-19.3381457601701,22.7496325534682,#c8102e
-19.3357916391944,22.7475474924284,#c8102e
-19.3334440868176,22.7454550386184,#c8102e
-19.3311031262557,22.7433552127315,#c8102e
-19.3287687806591,22.7412480355334,#c8102e
-19.3264410731131,22.7391335278629,#c8102e
-19.3241200266373,22.7370117106310,#c8102e
-19.3218056641853,22.7348826048213,#c8102e
-19.3194980086447,22.7327462314891,#c8102e
-19.3171970828368,22.7306026117620,#c8102e
-19.3149029095162,22.7284517668389,#c8102e
-19.3126155113709,22.7262937179902,#c8102e
-19.3103349110217,22.7241284865579,#c8102e
-19.3080611310225,22.7219560939545,#c8102e
-19.3057941938593,22.7197765616638,#c8102e
-19.3035341219508,22.7175899112398,#c8102e
-19.3012809376476,22.7153961643072,#c8102e
-19.2990346632324,22.7131953425607,#c8102e
-19.2967953209193,22.7109874677651,#c8102e
-19.2945629328540,22.7087725617548,#c8102e
-19.2923375211135,22.7065506464339,#c8102e
-19.2901191077056,22.7043217437757,#c8102e
-19.2879077145690,22.7020858758226,#c8102e
-19.2857033635730,22.6998430646860,#c8102e
-19.2835060765172,22.6975933325457,#c8102e
-19.2813158751315,22.6953367016503,#c8102e
-19.2791327810754,22.6930731943164,#c8102e
-19.2769568159385,22.6908028329286,#c8102e
-19.2747880012396,22.6885256399394,#c8102e
-19.2726263584270,22.6862416378687,#c8102e
-19.2704719088778,22.6839508493040,#c8102e
-19.2683246738983,22.6816532968995,#c8102e
-19.2661846747233,22.6793490033768,#c8102e
-19.2640519325159,22.6770379915237,#c8102e
-19.2619264683677,22.6747202841947,#c8102e
-19.2598083032981,22.6723959043105,#c8102e
-19.2576974582544,22.6700648748577,#c8102e
-19.2555939541116,22.6677272188886,#c8102e
-19.2534978116719,22.6653829595214,#c8102e
-19.2514090516650,22.6630321199391,#c8102e
-19.2493276947473,22.6606747233901,#c8102e
-19.2472537615020,22.6583107931875,#c8102e
-19.2451872724392,22.6559403527092,#c8102e
-19.2431282479950,22.6535634253972,#c8102e
-19.2410767085319,22.6511800347579,#c8102e
-19.2390326743383,22.6487902043614,#c8102e
-19.2369961656285,22.6463939578418,#c8102e
-19.2349672025421,22.6439913188963,#c8102e
-19.2329458051444,22.6415823112855,#c8102e
-19.2309319934257,22.6391669588330,#c8102e
-19.2289257873013,22.6367452854251,#c8102e
-19.2269272066113,22.6343173150105,#c8102e
-19.2249362711204,22.6318830716005,#c8102e
-19.2229530005177,22.6294425792680,#c8102e
-19.2209774144165,22.6269958621481,#c8102e
-19.2190095323541,22.6245429444371,#c8102e
-19.2170493737915,22.6220838503930,#c8102e
-19.2150969581136,22.6196186043345,#c8102e
-19.2131523046284,22.6171472306415,#c8102e
-19.2112154325674,22.6146697537541,#c8102e
-19.2092863610849,22.6121861981731,#c8102e
-19.2073651092583,22.6096965884593,#c8102e
-19.2054516960876,22.6072009492333,#c8102e
-19.2035461404951,22.6046993051755,#c8102e
-19.2016484613256,22.6021916810254,#c8102e
-19.1997586773460,22.5996781015819,#c8102e
-19.1978768072450,22.5971585917028,#c8102e
-19.1960028696331,22.5946331763043,#c8102e
-19.1941368830423,22.5921018803612,#c8102e
-19.1922788659262,22.5895647289064,#c8102e
-19.1904288366593,22.5870217470308,#c8102e
-19.1885868135371,22.5844729598828,#c8102e
-19.1867528147763,22.5819183926683,#c8102e
-19.1849268585137,22.5793580706504,#c8102e
-19.1831089628071,22.5767920191489,#c8102e
-19.1812991456342,22.5742202635406,#c8102e
-19.1794974248929,22.5716428292585,#c8102e
-19.1777038184012,22.5690597417917,#c8102e
-19.1759183438966,22.5664710266853,#c8102e
-19.1741410190365,22.5638767095402,#c8102e
-19.1723718613973,22.5612768160124,#c8102e
-19.1706108884749,22.5586713718132,#c8102e
-19.1688581176843,22.5560604027088,#c8102e
-19.1671135663592,22.5534439345202,#c8102e
-19.1653772517522,22.5508219931223,#c8102e
-19.1636491910342,22.5481946044447,#c8102e
-19.1619294012948,22.5455617944705,#c8102e
-19.1602178995415,22.5429235892365,#c8102e
-19.1585147027000,22.5402800148329,#c8102e
-19.1568198276138,22.5376310974030,#c8102e
-19.1551332910442,22.5349768631429,#c8102e
-19.1534551096699,22.5323173383012,#c8102e
-19.1517853000872,22.5296525491790,#c8102e
-19.1501238788093,22.5269825221294,#c8102e
-19.1484708622667,22.5243072835572,#c8102e
-19.1468262668066,22.5216268599189,#c8102e
-19.1451901086931,22.5189412777221,#c8102e
-19.1435624041067,22.5162505635255,#c8102e
-19.1419431691443,22.5135547439387,#c8102e
-19.1403324198193,22.5108538456214,#c8102e
-19.1387301720608,22.5081478952840,#c8102e
-19.1371364417141,22.5054369196865,#c8102e
-19.1355512445401,22.5027209456387,#c8102e
-19.1339745962156,22.5000000000000,#c8102e
-19.1324065123324,22.4972741096787,#c8102e
-19.1308470083980,22.4945433016322,#c8102e
-19.1292960998349,22.4918076028664,#c8102e
-19.1277538019805,22.4890670404357,#c8102e
-19.1262201300873,22.4863216414425,#c8102e
-19.1246950993222,22.4835714330369,#c8102e
-19.1231787247668,22.4808164424170,#c8102e
-19.1216710214172,22.4780566968276,#c8102e
-19.1201720041836,22.4752922235611,#c8102e
-19.1186816878902,22.4725230499562,#c8102e
-19.1172000872754,22.4697492033984,#c8102e
-19.1157272169912,22.4669707113191,#c8102e
-19.1142630916035,22.4641876011961,#c8102e
-19.1128077255914,22.4613999005523,#c8102e
-19.1113611333476,22.4586076369565,#c8102e
-19.1099233291781,22.4558108380223,#c8102e
-19.1084943273017,22.4530095314083,#c8102e
-19.1070741418504,22.4502037448177,#c8102e
-19.1056627868690,22.4473935059978,#c8102e
-19.1042602763147,22.4445788427403,#c8102e
-19.1028666240577,22.4417597828802,#c8102e
-19.1014818438801,22.4389363542963,#c8102e
-19.1001059494767,22.4361085849106,#c8102e
-19.0987389544541,22.4332765026879,#c8102e
-19.0973808723310,22.4304401356356,#c8102e
-19.0960317165380,22.4275995118037,#c8102e
-19.0946915004174,22.4247546592840,#c8102e
-19.0933602372231,22.4219056062105,#c8102e
-19.0920379401205,22.4190523807584,#c8102e
-19.0907246221861,22.4161950111443,#c8102e
-19.0894202964080,22.4133335256258,#c8102e
-19.0881249756850,22.4104679525011,#c8102e
-19.0868386728270,22.4075983201090,#c8102e
-19.0855614005548,22.4047246568283,#c8102e
-19.0842931714998,22.4018469910777,#c8102e
-19.0830339982040,22.3989653513154,#c8102e
-19.0817838931197,22.3960797660392,#c8102e
-19.0805428686098,22.3931902637855,#c8102e
-19.0793109369471,22.3902968731297,#c8102e
-19.0780881103148,22.3873996226857,#c8102e
-19.0768744008057,22.3844985411053,#c8102e
-19.0756698204227,22.3815936570786,#c8102e
-19.0744743810783,22.3786849993328,#c8102e
-19.0732880945947,22.3757725966327,#c8102e
-19.0721109727035,22.3728564777803,#c8102e
-19.0709430270456,22.3699366716140,#c8102e
-19.0697842691714,22.3670132070090,#c8102e
-19.0686347105401,22.3640861128763,#c8102e
-19.0674943625203,22.3611554181631,#c8102e
-19.0663632363892,22.3582211518521,#c8102e
-19.0652413433329,22.3552833429614,#c8102e
-19.0641286944462,22.3523420205440,#c8102e
-19.0630253007326,22.3493972136877,#c8102e
-19.0619311731038,22.3464489515147,#c8102e
-19.0608463223802,22.3434972631816,#c8102e
-19.0597707592902,22.3405421778787,#c8102e
-19.0587044944705,22.3375837248298,#c8102e
-19.0576475384657,22.3346219332922,#c8102e
-19.0565999017284,22.3316568325561,#c8102e
-19.0555615946192,22.3286884519446,#c8102e
-19.0545326274061,22.3257168208129,#c8102e
-19.0535130102651,22.3227419685486,#c8102e
-19.0525027532796,22.3197639245712,#c8102e
-19.0515018664402,22.3167827183316,#c8102e
-19.0505103596452,22.3137983793121,#c8102e
-19.0495282426999,22.3108109370258,#c8102e
-19.0485555253168,22.3078204210166,#c8102e
-19.0475922171156,22.3048268608590,#c8102e
-19.0466383276226,22.3018302861572,#c8102e
-19.0456938662713,22.2988307265455,#c8102e
-19.0447588424017,22.2958282116876,#c8102e
-19.0438332652607,22.2928227712766,#c8102e
-19.0429171440017,22.2898144350342,#c8102e
-19.0420104876845,22.2868032327111,#c8102e
-19.0411133052753,22.2837891940861,#c8102e
-19.0402256056468,22.2807723489661,#c8102e
-19.0393473975777,22.2777527271859,#c8102e
-19.0384786897529,22.2747303586076,#c8102e
-19.0376194907634,22.2717052731204,#c8102e
-19.0367698091061,22.2686775006406,#c8102e
-19.0359296531838,22.2656470711109,#c8102e
-19.0350990313053,22.2626140145003,#c8102e
-19.0342779516846,22.2595783608038,#c8102e
-19.0334664224420,22.2565401400422,#c8102e
-19.0326644516027,22.2534993822614,#c8102e
-19.0318720470979,22.2504561175327,#c8102e
-19.0310892167638,22.2474103759520,#c8102e
-19.0303159683423,22.2443621876398,#c8102e
-19.0295523094802,22.2413115827406,#c8102e
-19.0287982477296,22.2382585914232,#c8102e
-19.0280537905478,22.2352032438795,#c8102e
-19.0273189452968,22.2321455703251,#c8102e
-19.0265937192440,22.2290856009983,#c8102e
-19.0258781195613,22.2260233661605,#c8102e
-19.0251721533255,22.2229588960950,#c8102e
-19.0244758275182,22.2198922211076,#c8102e
-19.0237891490256,22.2168233715257,#c8102e
-19.0231121246385,22.2137523776984,#c8102e
-19.0224447610523,22.2106792699957,#c8102e
-19.0217870648668,22.2076040788089,#c8102e
-19.0211390425861,22.2045268345495,#c8102e
-19.0205007006189,22.2014475676495,#c8102e
-19.0198720452778,22.1983663085610,#c8102e
-19.0192530827800,22.1952830877557,#c8102e
-19.0186438192464,22.1921979357246,#c8102e
-19.0180442607025,22.1891108829779,#c8102e
-19.0174544130774,22.1860219600447,#c8102e
-19.0168742822043,22.1829311974724,#c8102e
-19.0163038738204,22.1798386258267,#c8102e
-19.0157431935666,22.1767442756911,#c8102e
-19.0151922469878,22.1736481776669,#c8102e
-19.0146510395324,22.1705503623725,#c8102e
-19.0141195765526,22.1674508604432,#c8102e
-19.0135978633043,22.1643497025313,#c8102e
-19.0130859049468,22.1612469193052,#c8102e
-19.0125837065432,22.1581425414493,#c8102e
-19.0120912730598,22.1550365996642,#c8102e
-19.0116086093665,22.1519291246655,#c8102e
-19.0111357202366,22.1488201471842,#c8102e
-19.0106726103465,22.1457096979662,#c8102e
-19.0102192842762,22.1425978077718,#c8102e
-19.0097757465088,22.1394845073755,#c8102e
-19.0093420014306,22.1363698275661,#c8102e
-19.0089180533310,22.1332537991456,#c8102e
-19.0085039064026,22.1301364529297,#c8102e
-19.0080995647411,22.1270178197469,#c8102e
-19.0077050323452,22.1238979304385,#c8102e
-19.0073203131165,22.1207768158582,#c8102e
-19.0069454108596,22.1176545068718,#c8102e
-19.0065803292822,22.1145310343571,#c8102e
-19.0062250719946,22.1114064292032,#c8102e
-19.0058796425101,22.1082807223105,#c8102e
-19.0055440442447,22.1051539445901,#c8102e
-19.0052182805174,22.1020261269640,#c8102e
-19.0049023545497,22.0988973003642,#c8102e
-19.0045962694660,22.0957674957330,#c8102e
-19.0043000282932,22.0926367440220,#c8102e
-19.0040136339609,22.0895050761925,#c8102e
-19.0037370893014,22.0863725232145,#c8102e
-19.0034703970497,22.0832391160672,#c8102e
-19.0032135598430,22.0801048857378,#c8102e
-19.0029665802213,22.0769698632220,#c8102e
-19.0027294606272,22.0738340795231,#c8102e
-19.0025022034055,22.0706975656520,#c8102e
-19.0022848108037,22.0675603526269,#c8102e
-19.0020772849718,22.0644224714728,#c8102e
-19.0018796279619,22.0612839532213,#c8102e
-19.0016918417287,22.0581448289105,#c8102e
-19.0015139281295,22.0550051295842,#c8102e
-19.0013458889235,22.0518648862921,#c8102e
-19.0011877257727,22.0487241300892,#c8102e
-19.0010394402412,22.0455828920356,#c8102e
-19.0009010337953,22.0424412031961,#c8102e
-19.0007725078039,22.0392990946401,#c8102e
-19.0006538635380,22.0361565974410,#c8102e
-19.0005451021709,22.0330137426761,#c8102e
-19.0004462247782,22.0298705614263,#c8102e
-19.0003572323378,22.0267270847755,#c8102e
-19.0002781257296,22.0235833438109,#c8102e
-19.0002089057361,22.0204393696219,#c8102e
-19.0001495730417,22.0172951933006,#c8102e
-19.0001001282332,22.0141508459408,#c8102e
-19.0000605717997,22.0110063586381,#c8102e
-19.0000309041323,22.0078617624895,#c8102e
-19.0000111255243,22.0047170885930,#c8102e
-19.0000012361714,22.0015723680476,#c8102e
-19.0000012361714,21.9984276319524,#c8102e
-19.0000111255243,21.9952829114070,#c8102e
-19.0000309041323,21.9921382375105,#c8102e
-19.0000605717997,21.9889936413619,#c8102e
-19.0001001282332,21.9858491540592,#c8102e
-19.0001495730417,21.9827048066994,#c8102e
-19.0002089057361,21.9795606303781,#c8102e
-19.0002781257296,21.9764166561891,#c8102e
-19.0003572323378,21.9732729152245,#c8102e
-19.0004462247782,21.9701294385737,#c8102e
-19.0005451021709,21.9669862573239,#c8102e
-19.0006538635380,21.9638434025590,#c8102e
-19.0007725078039,21.9607009053599,#c8102e
-19.0009010337953,21.9575587968039,#c8102e
-19.0010394402412,21.9544171079644,#c8102e
-19.0011877257727,21.9512758699108,#c8102e
-19.0013458889235,21.9481351137079,#c8102e
-19.0015139281295,21.9449948704158,#c8102e
-19.0016918417287,21.9418551710895,#c8102e
-19.0018796279619,21.9387160467787,#c8102e
-19.0020772849718,21.9355775285272,#c8102e
-19.0022848108037,21.9324396473731,#c8102e
-19.0025022034055,21.9293024343480,#c8102e
-19.0027294606272,21.9261659204769,#c8102e
-19.0029665802213,21.9230301367780,#c8102e
-19.0032135598430,21.9198951142622,#c8102e
-19.0034703970497,21.9167608839328,#c8102e
-19.0037370893014,21.9136274767855,#c8102e
-19.0040136339609,21.9104949238075,#c8102e
-19.0043000282932,21.9073632559780,#c8102e
-19.0045962694660,21.9042325042670,#c8102e
-19.0049023545497,21.9011026996358,#c8102e
-19.0052182805174,21.8979738730360,#c8102e
-19.0055440442447,21.8948460554099,#c8102e
-19.0058796425101,21.8917192776895,#c8102e
-19.0062250719946,21.8885935707968,#c8102e
-19.0065803292822,21.8854689656429,#c8102e
-19.0069454108596,21.8823454931282,#c8102e
-19.0073203131165,21.8792231841418,#c8102e
-19.0077050323452,21.8761020695615,#c8102e
-19.0080995647411,21.8729821802531,#c8102e
-19.0085039064026,21.8698635470703,#c8102e
-19.0089180533310,21.8667462008544,#c8102e
-19.0093420014306,21.8636301724339,#c8102e
-19.0097757465088,21.8605154926245,#c8102e
-19.0102192842762,21.8574021922282,#c8102e
-19.0106726103465,21.8542903020338,#c8102e
-19.0111357202366,21.8511798528158,#c8102e
-19.0116086093665,21.8480708753345,#c8102e
-19.0120912730598,21.8449634003358,#c8102e
-19.0125837065432,21.8418574585507,#c8102e
-19.0130859049468,21.8387530806948,#c8102e
-19.0135978633043,21.8356502974687,#c8102e
-19.0141195765526,21.8325491395568,#c8102e
-19.0146510395324,21.8294496376275,#c8102e
-19.0151922469878,21.8263518223331,#c8102e
-19.0157431935666,21.8232557243089,#c8102e
-19.0163038738204,21.8201613741733,#c8102e
-19.0168742822043,21.8170688025276,#c8102e
-19.0174544130774,21.8139780399553,#c8102e
-19.0180442607025,21.8108891170221,#c8102e
-19.0186438192464,21.8078020642754,#c8102e
-19.0192530827800,21.8047169122443,#c8102e
-19.0198720452778,21.8016336914390,#c8102e
-19.0205007006189,21.7985524323505,#c8102e
-19.0211390425861,21.7954731654505,#c8102e
-19.0217870648668,21.7923959211911,#c8102e
-19.0224447610523,21.7893207300043,#c8102e
-19.0231121246385,21.7862476223016,#c8102e
-19.0237891490256,21.7831766284743,#c8102e
-19.0244758275182,21.7801077788924,#c8102e
-19.0251721533255,21.7770411039050,#c8102e
-19.0258781195613,21.7739766338396,#c8102e
-19.0265937192440,21.7709143990017,#c8102e
-19.0273189452968,21.7678544296749,#c8102e
-19.0280537905478,21.7647967561205,#c8102e
-19.0287982477296,21.7617414085768,#c8102e
-19.0295523094802,21.7586884172594,#c8102e
-19.0303159683423,21.7556378123602,#c8102e
-19.0310892167638,21.7525896240480,#c8102e
-19.0318720470979,21.7495438824673,#c8102e
-19.0326644516027,21.7465006177386,#c8102e
-19.0334664224420,21.7434598599578,#c8102e
-19.0342779516846,21.7404216391962,#c8102e
-19.0350990313053,21.7373859854997,#c8102e
-19.0359296531838,21.7343529288891,#c8102e
-19.0367698091061,21.7313224993594,#c8102e
-19.0376194907634,21.7282947268796,#c8102e
-19.0384786897529,21.7252696413924,#c8102e
-19.0393473975777,21.7222472728141,#c8102e
-19.0402256056468,21.7192276510339,#c8102e
-19.0411133052753,21.7162108059139,#c8102e
-19.0420104876845,21.7131967672889,#c8102e
-19.0429171440017,21.7101855649658,#c8102e
-19.0438332652607,21.7071772287234,#c8102e
-19.0447588424017,21.7041717883124,#c8102e
-19.0456938662713,21.7011692734545,#c8102e
-19.0466383276226,21.6981697138428,#c8102e
-19.0475922171155,21.6951731391410,#c8102e
-19.0485555253168,21.6921795789834,#c8102e
-19.0495282426999,21.6891890629742,#c8102e
-19.0505103596452,21.6862016206879,#c8102e
-19.0515018664402,21.6832172816684,#c8102e
-19.0525027532796,21.6802360754288,#c8102e
-19.0535130102651,21.6772580314514,#c8102e
-19.0545326274061,21.6742831791871,#c8102e
-19.0555615946192,21.6713115480554,#c8102e
-19.0565999017284,21.6683431674439,#c8102e
-19.0576475384657,21.6653780667078,#c8102e
-19.0587044944705,21.6624162751702,#c8102e
-19.0597707592902,21.6594578221213,#c8102e
-19.0608463223802,21.6565027368184,#c8102e
-19.0619311731038,21.6535510484853,#c8102e
-19.0630253007326,21.6506027863123,#c8102e
-19.0641286944462,21.6476579794560,#c8102e
-19.0652413433329,21.6447166570386,#c8102e
-19.0663632363892,21.6417788481479,#c8102e
-19.0674943625203,21.6388445818369,#c8102e
-19.0686347105401,21.6359138871237,#c8102e
-19.0697842691714,21.6329867929910,#c8102e
-19.0709430270456,21.6300633283860,#c8102e
-19.0721109727035,21.6271435222197,#c8102e
-19.0732880945947,21.6242274033673,#c8102e
-19.0744743810783,21.6213150006672,#c8102e
-19.0756698204227,21.6184063429215,#c8102e
-19.0768744008057,21.6155014588947,#c8102e
-19.0780881103148,21.6126003773143,#c8102e
-19.0793109369471,21.6097031268703,#c8102e
-19.0805428686098,21.6068097362145,#c8102e
-19.0817838931197,21.6039202339608,#c8102e
-19.0830339982040,21.6010346486846,#c8102e
-19.0842931714998,21.5981530089223,#c8102e
-19.0855614005548,21.5952753431717,#c8102e
-19.0868386728270,21.5924016798910,#c8102e
-19.0881249756850,21.5895320474989,#c8102e
-19.0894202964080,21.5866664743742,#c8102e
-19.0907246221861,21.5838049888557,#c8102e
-19.0920379401205,21.5809476192416,#c8102e
-19.0933602372231,21.5780943937895,#c8102e
-19.0946915004174,21.5752453407160,#c8102e
-19.0960317165380,21.5724004881963,#c8102e
-19.0973808723310,21.5695598643644,#c8102e
-19.0987389544541,21.5667234973121,#c8102e
-19.1001059494767,21.5638914150894,#c8102e
-19.1014818438801,21.5610636457037,#c8102e
-19.1028666240577,21.5582402171198,#c8102e
-19.1042602763147,21.5554211572597,#c8102e
-19.1056627868690,21.5526064940022,#c8102e
-19.1070741418504,21.5497962551823,#c8102e
-19.1084943273017,21.5469904685917,#c8102e
-19.1099233291781,21.5441891619777,#c8102e
-19.1113611333476,21.5413923630435,#c8102e
-19.1128077255914,21.5386000994477,#c8102e
-19.1142630916035,21.5358123988039,#c8102e
-19.1157272169912,21.5330292886809,#c8102e
-19.1172000872754,21.5302507966016,#c8102e
-19.1186816878902,21.5274769500438,#c8102e
-19.1201720041836,21.5247077764389,#c8102e
-19.1216710214172,21.5219433031724,#c8102e
-19.1231787247668,21.5191835575830,#c8102e
-19.1246950993222,21.5164285669631,#c8102e
-19.1262201300873,21.5136783585575,#c8102e
-19.1277538019805,21.5109329595643,#c8102e
-19.1292960998349,21.5081923971336,#c8102e
-19.1308470083980,21.5054566983678,#c8102e
-19.1324065123324,21.5027258903213,#c8102e
-19.1339745962156,21.5000000000000,#c8102e
-19.1355512445401,21.4972790543613,#c8102e
-19.1371364417141,21.4945630803135,#c8102e
-19.1387301720608,21.4918521047160,#c8102e
-19.1403324198193,21.4891461543786,#c8102e
-19.1419431691443,21.4864452560613,#c8102e
-19.1435624041067,21.4837494364745,#c8102e
-19.1451901086931,21.4810587222779,#c8102e
-19.1468262668066,21.4783731400811,#c8102e
-19.1484708622667,21.4756927164428,#c8102e
-19.1501238788093,21.4730174778706,#c8102e
-19.1517853000872,21.4703474508210,#c8102e
-19.1534551096699,21.4676826616988,#c8102e
-19.1551332910442,21.4650231368571,#c8102e
-19.1568198276138,21.4623689025970,#c8102e
-19.1585147027000,21.4597199851671,#c8102e
-19.1602178995415,21.4570764107635,#c8102e
-19.1619294012948,21.4544382055295,#c8102e
-19.1636491910342,21.4518053955553,#c8102e
-19.1653772517522,21.4491780068777,#c8102e
-19.1671135663592,21.4465560654798,#c8102e
-19.1688581176843,21.4439395972912,#c8102e
-19.1706108884749,21.4413286281868,#c8102e
-19.1723718613973,21.4387231839876,#c8102e
-19.1741410190365,21.4361232904598,#c8102e
-19.1759183438966,21.4335289733147,#c8102e
-19.1777038184012,21.4309402582083,#c8102e
-19.1794974248929,21.4283571707415,#c8102e
-19.1812991456342,21.4257797364594,#c8102e
-19.1831089628071,21.4232079808511,#c8102e
-19.1849268585137,21.4206419293496,#c8102e
-19.1867528147763,21.4180816073317,#c8102e
-19.1885868135371,21.4155270401172,#c8102e
-19.1904288366593,21.4129782529692,#c8102e
-19.1922788659262,21.4104352710936,#c8102e
-19.1941368830423,21.4078981196388,#c8102e
-19.1960028696331,21.4053668236957,#c8102e
-19.1978768072450,21.4028414082972,#c8102e
-19.1997586773460,21.4003218984181,#c8102e
-19.2016484613256,21.3978083189746,#c8102e
-19.2035461404951,21.3953006948245,#c8102e
-19.2054516960876,21.3927990507667,#c8102e
-19.2073651092583,21.3903034115407,#c8102e
-19.2092863610849,21.3878138018269,#c8102e
-19.2112154325674,21.3853302462459,#c8102e
-19.2131523046284,21.3828527693585,#c8102e
-19.2150969581136,21.3803813956655,#c8102e
-19.2170493737915,21.3779161496070,#c8102e
-19.2190095323541,21.3754570555629,#c8102e
-19.2209774144165,21.3730041378519,#c8102e
-19.2229530005177,21.3705574207320,#c8102e
-19.2249362711204,21.3681169283995,#c8102e
-19.2269272066113,21.3656826849895,#c8102e
-19.2289257873013,21.3632547145749,#c8102e
-19.2309319934257,21.3608330411670,#c8102e
-19.2329458051444,21.3584176887145,#c8102e
-19.2349672025421,21.3560086811037,#c8102e
-19.2369961656285,21.3536060421582,#c8102e
-19.2390326743383,21.3512097956386,#c8102e
-19.2410767085319,21.3488199652421,#c8102e
-19.2431282479950,21.3464365746028,#c8102e
-19.2451872724392,21.3440596472908,#c8102e
-19.2472537615020,21.3416892068125,#c8102e
-19.2493276947473,21.3393252766099,#c8102e
-19.2514090516650,21.3369678800609,#c8102e
-19.2534978116719,21.3346170404786,#c8102e
-19.2555939541116,21.3322727811114,#c8102e
-19.2576974582544,21.3299351251423,#c8102e
-19.2598083032981,21.3276040956895,#c8102e
-19.2619264683677,21.3252797158053,#c8102e
-19.2640519325159,21.3229620084763,#c8102e
-19.2661846747233,21.3206509966232,#c8102e
-19.2683246738983,21.3183467031005,#c8102e
-19.2704719088778,21.3160491506960,#c8102e
-19.2726263584270,21.3137583621313,#c8102e
-19.2747880012396,21.3114743600606,#c8102e
-19.2769568159385,21.3091971670714,#c8102e
-19.2791327810754,21.3069268056836,#c8102e
-19.2813158751315,21.3046632983497,#c8102e
-19.2835060765172,21.3024066674543,#c8102e
-19.2857033635730,21.3001569353140,#c8102e
-19.2879077145690,21.2979141241774,#c8102e
-19.2901191077056,21.2956782562243,#c8102e
-19.2923375211135,21.2934493535661,#c8102e
-19.2945629328540,21.2912274382452,#c8102e
-19.2967953209193,21.2890125322349,#c8102e
-19.2990346632324,21.2868046574393,#c8102e
-19.3012809376476,21.2846038356928,#c8102e
-19.3035341219508,21.2824100887602,#c8102e
-19.3057941938593,21.2802234383362,#c8102e
-19.3080611310225,21.2780439060455,#c8102e
-19.3103349110217,21.2758715134421,#c8102e
-19.3126155113709,21.2737062820098,#c8102e
-19.3149029095162,21.2715482331611,#c8102e
-19.3171970828368,21.2693973882380,#c8102e
-19.3194980086447,21.2672537685109,#c8102e
-19.3218056641853,21.2651173951787,#c8102e
-19.3241200266373,21.2629882893690,#c8102e
-19.3264410731131,21.2608664721371,#c8102e
-19.3287687806591,21.2587519644666,#c8102e
-19.3311031262557,21.2566447872685,#c8102e
-19.3334440868176,21.2545449613816,#c8102e
-19.3357916391944,21.2524525075716,#c8102e
-19.3381457601701,21.2503674465318,#c8102e
-19.3405064264641,21.2482897988820,#c8102e
-19.3428736147308,21.2462195851688,#c8102e
-19.3452473015603,21.2441568258654,#c8102e
-19.3476274634782,21.2421015413711,#c8102e
-19.3500140769464,21.2400537520113,#c8102e
-19.3524071183626,21.2380134780375,#c8102e
-19.3548065640613,21.2359807396265,#c8102e
-19.3572123903135,21.2339555568810,#c8102e
-19.3596245733270,21.2319379498287,#c8102e
-19.3620430892469,21.2299279384224,#c8102e
-19.3644679141556,21.2279255425399,#c8102e
-19.3668990240732,21.2259307819836,#c8102e
-19.3693363949574,21.2239436764804,#c8102e
-19.3717800027044,21.2219642456816,#c8102e
-19.3742298231482,21.2199925091623,#c8102e
-19.3766858320618,21.2180284864220,#c8102e
-19.3791480051568,21.2160721968834,#c8102e
-19.3816163180838,21.2141236598931,#c8102e
-19.3840907464328,21.2121828947209,#c8102e
-19.3865712657333,21.2102499205597,#c8102e
-19.3890578514546,21.2083247565253,#c8102e
-19.3915504790058,21.2064074216565,#c8102e
-19.3940491237365,21.2044979349144,#c8102e
-19.3965537609366,21.2025963151827,#c8102e
-19.3990643658369,21.2007025812672,#c8102e
-19.4015809136091,21.1988167518956,#c8102e
-19.4041033793661,21.1969388457178,#c8102e
-19.4066317381624,21.1950688813049,#c8102e
-19.4091659649940,21.1932068771497,#c8102e
-19.4117060347992,21.1913528516662,#c8102e
-19.4142519224582,21.1895068231897,#c8102e
-19.4168036027937,21.1876688099761,#c8102e
-19.4193610505714,21.1858388302022,#c8102e
-19.4219242404996,21.1840169019654,#c8102e
-19.4244931472301,21.1822030432834,#c8102e
-19.4270677453580,21.1803972720941,#c8102e
-19.4296480094221,21.1785996062554,#c8102e
-19.4322339139053,21.1768100635451,#c8102e
-19.4348254332346,21.1750286616606,#c8102e
-19.4374225417816,21.1732554182189,#c8102e
-19.4400252138624,21.1714903507562,#c8102e
-19.4426334237384,21.1697334767279,#c8102e
-19.4452471456159,21.1679848135084,#c8102e
-19.4478663536469,21.1662443783909,#c8102e
-19.4504910219292,21.1645121885871,#c8102e
-19.4531211245064,21.1627882612273,#c8102e
-19.4557566353684,21.1610726133601,#c8102e
-19.4583975284518,21.1593652619521,#c8102e
-19.4610437776398,21.1576662238879,#c8102e
-19.4636953567626,21.1559755159700,#c8102e
-19.4663522395979,21.1542931549184,#c8102e
-19.4690143998707,21.1526191573706,#c8102e
-19.4716818112539,21.1509535398813,#c8102e
-19.4743544473687,21.1492963189224,#c8102e
-19.4770322817842,21.1476475108829,#c8102e
-19.4797152880184,21.1460071320683,#c8102e
-19.4824034395381,21.1443751987010,#c8102e
-19.4850967097592,21.1427517269197,#c8102e
-19.4877950720469,21.1411367327796,#c8102e
-19.4904984997161,21.1395302322519,#c8102e
-19.4932069660317,21.1379322412239,#c8102e
-19.4959204442087,21.1363427754987,#c8102e
-19.4986389074124,21.1347618507952,#c8102e
-19.5013623287590,21.1331894827476,#c8102e
-19.5040906813156,21.1316256869057,#c8102e
-19.5068239381005,21.1300704787344,#c8102e
-19.5095620720836,21.1285238736138,#c8102e
-19.5123050561864,21.1269858868388,#c8102e
-19.5150528632825,21.1254565336191,#c8102e
-19.5178054661980,21.1239358290790,#c8102e
-19.5205628377112,21.1224237882574,#c8102e
-19.5233249505536,21.1209204261074,#c8102e
-19.5260917774096,21.1194257574962,#c8102e
-19.5288632909170,21.1179397972052,#c8102e
-19.5316394636673,21.1164625599296,#c8102e
-19.5344202682060,21.1149940602783,#c8102e
-19.5372056770327,21.1135343127739,#c8102e
-19.5399956626014,21.1120833318523,#c8102e
-19.5427901973209,21.1106411318629,#c8102e
-19.5455892535551,21.1092077270680,#c8102e
-19.5483928036231,21.1077831316431,#c8102e
-19.5512008197995,21.1063673596766,#c8102e
-19.5540132743149,21.1049604251695,#c8102e
-19.5568301393559,21.1035623420356,#c8102e
-19.5596513870654,21.1021731241010,#c8102e
-19.5624769895431,21.1007927851042,#c8102e
-19.5653069188456,21.0994213386958,#c8102e
-19.5681411469867,21.0980587984386,#c8102e
-19.5709796459377,21.0967051778072,#c8102e
-19.5738223876276,21.0953604901882,#c8102e
-19.5766693439435,21.0940247488796,#c8102e
-19.5795204867308,21.0926979670910,#c8102e
-19.5823757877935,21.0913801579434,#c8102e
-19.5852352188946,21.0900713344692,#c8102e
-19.5880987517560,21.0887715096119,#c8102e
-19.5909663580593,21.0874806962257,#c8102e
-19.5938380094455,21.0861989070761,#c8102e
-19.5967136775160,21.0849261548392,#c8102e
-19.5995933338322,21.0836624521016,#c8102e
-19.6024769499161,21.0824078113606,#c8102e
-19.6053644972506,21.0811622450238,#c8102e
-19.6082559472796,21.0799257654090,#c8102e
-19.6111512714086,21.0786983847442,#c8102e
-19.6140504410047,21.0774801151675,#c8102e
-19.6169534273968,21.0762709687268,#c8102e
-19.6198602018764,21.0750709573797,#c8102e
-19.6227707356972,21.0738800929936,#c8102e
-19.6256850000760,21.0726983873454,#c8102e
-19.6286029661924,21.0715258521214,#c8102e
-19.6315246051897,21.0703624989172,#c8102e
-19.6344498881748,21.0692083392377,#c8102e
-19.6373787862183,21.0680633844968,#c8102e
-19.6403112703555,21.0669276460174,#c8102e
-19.6432473115858,21.0658011350311,#c8102e
-19.6461868808737,21.0646838626785,#c8102e
-19.6491299491487,21.0635758400086,#c8102e
-19.6520764873057,21.0624770779792,#c8102e
-19.6550264662054,21.0613875874562,#c8102e
-19.6579798566743,21.0603073792141,#c8102e
-19.6609366295053,21.0592364639354,#c8102e
-19.6638967554578,21.0581748522108,#c8102e
-19.6668602052579,21.0571225545389,#c8102e
-19.6698269495992,21.0560795813264,#c8102e
-19.6727969591422,21.0550459428875,#c8102e
-19.6757702045156,21.0540216494443,#c8102e
-19.6787466563159,21.0530067111263,#c8102e
-19.6817262851077,21.0520011379708,#c8102e
-19.6847090614245,21.0510049399221,#c8102e
-19.6876949557685,21.0500181268321,#c8102e
-19.6906839386111,21.0490407084597,#c8102e
-19.6936759803932,21.0480726944709,#c8102e
-19.6966710515254,21.0471140944388,#c8102e
-19.6996691223883,21.0461649178433,#c8102e
-19.7026701633328,21.0452251740711,#c8102e
-19.7056741446807,21.0442948724159,#c8102e
-19.7086810367245,21.0433740220776,#c8102e
-19.7116908097278,21.0424626321628,#c8102e
-19.7147034339260,21.0415607116847,#c8102e
-19.7177188795260,21.0406682695626,#c8102e
-19.7207371167072,21.0397853146223,#c8102e
-19.7237581156209,21.0389118555956,#c8102e
-19.7267818463915,21.0380479011204,#c8102e
-19.7298082791162,21.0371934597408,#c8102e
-19.7328373838655,21.0363485399066,#c8102e
-19.7358691306834,21.0355131499735,#c8102e
-19.7389034895879,21.0346872982030,#c8102e
-19.7419404305711,21.0338709927623,#c8102e
-19.7449799235997,21.0330642417240,#c8102e
-19.7480219386149,21.0322670530665,#c8102e
-19.7510664455331,21.0314794346734,#c8102e
-19.7541134142461,21.0307013943339,#c8102e
-19.7571628146214,21.0299329397421,#c8102e
-19.7602146165023,21.0291740784977,#c8102e
-19.7632687897083,21.0284248181052,#c8102e
-19.7663253040357,21.0276851659745,#c8102e
-19.7693841292576,21.0269551294202,#c8102e
-19.7724452351239,21.0262347156618,#c8102e
-19.7755085913624,21.0255239318239,#c8102e
-19.7785741676784,21.0248227849356,#c8102e
-19.7816419337554,21.0241312819309,#c8102e
-19.7847118592549,21.0234494296481,#c8102e
-19.7877839138175,21.0227772348306,#c8102e
-19.7908580670624,21.0221147041257,#c8102e
-19.7939342885883,21.0214618440856,#c8102e
-19.7970125479732,21.0208186611665,#c8102e
-19.8000928147752,21.0201851617293,#c8102e
-19.8031750585323,21.0195613520387,#c8102e
-19.8062592487631,21.0189472382638,#c8102e
-19.8093453549669,21.0183428264779,#c8102e
-19.8124333466242,21.0177481226583,#c8102e
-19.8155231931965,21.0171631326860,#c8102e
-19.8186148641273,21.0165878623464,#c8102e
-19.8217083288420,21.0160223173284,#c8102e
-19.8248035567481,21.0154665032251,#c8102e
-19.8279005172358,21.0149204255329,#c8102e
-19.8309991796782,21.0143840896523,#c8102e
-19.8340995134313,21.0138575008873,#c8102e
-19.8372014878349,21.0133406644455,#c8102e
-19.8403050722125,21.0128335854381,#c8102e
-19.8434102358714,21.0123362688799,#c8102e
-19.8465169481038,21.0118487196888,#c8102e
-19.8496251781861,21.0113709426866,#c8102e
-19.8527348953799,21.0109029425980,#c8102e
-19.8558460689320,21.0104447240514,#c8102e
-19.8589586680751,21.0099962915782,#c8102e
-19.8620726620273,21.0095576496132,#c8102e
-19.8651880199934,21.0091288024941,#c8102e
-19.8683047111644,21.0087097544621,#c8102e
-19.8714227047181,21.0083005096613,#c8102e
-19.8745419698197,21.0079010721388,#c8102e
-19.8776624756215,21.0075114458449,#c8102e
-19.8807841912638,21.0071316346326,#c8102e
-19.8839070858748,21.0067616422581,#c8102e
-19.8870311285709,21.0064014723803,#c8102e
-19.8901562884575,21.0060511285611,#c8102e
-19.8932825346286,21.0057106142653,#c8102e
-19.8964098361678,21.0053799328602,#c8102e
-19.8995381621478,21.0050590876161,#c8102e
-19.9026674816317,21.0047480817059,#c8102e
-19.9057977636724,21.0044469182053,#c8102e
-19.9089289773134,21.0041556000927,#c8102e
-19.9120610915889,21.0038741302489,#c8102e
-19.9151940755245,21.0036025114575,#c8102e
-19.9183278981368,21.0033407464046,#c8102e
-19.9214625284343,21.0030888376791,#c8102e
-19.9245979354176,21.0028467877720,#c8102e
-19.9277340880794,21.0026145990770,#c8102e
-19.9308709554052,21.0023922738905,#c8102e
-19.9340085063734,21.0021798144110,#c8102e
-19.9371467099555,21.0019772227396,#c8102e
-19.9402855351168,21.0017845008798,#c8102e
-19.9434249508162,21.0016016507376,#c8102e
-19.9465649260069,21.0014286741212,#c8102e
-19.9497054296366,21.0012655727412,#c8102e
-19.9528464306477,21.0011123482106,#c8102e
-19.9559878979776,21.0009690020447,#c8102e
-19.9591298005593,21.0008355356611,#c8102e
-19.9622721073213,21.0007119503797,#c8102e
-19.9654147871882,21.0005982474226,#c8102e
-19.9685578090809,21.0004944279144,#c8102e
-19.9717011419169,21.0004004928817,#c8102e
-19.9748447546106,21.0003164432535,#c8102e
-19.9779886160738,21.0002422798609,#c8102e
-19.9811326952155,21.0001780034375,#c8102e
-19.9842769609430,21.0001236146189,#c8102e
-19.9874213821613,21.0000791139429,#c8102e
-19.9905659277741,21.0000445018496,#c8102e
-19.9937105666839,21.0000197786813,#c8102e
-19.9968552677923,21.0000049446826,#c8102e
-20.0000000000000,21.0000000000000,#c8102e
-20.0000000000000,21.1666000000000,#c8102e
-20.0000000000000,21.1666000000000,#c8102e
-19.9973791801781,21.1666041208984,#c8102e
-19.9947583862744,21.1666164835530,#c8102e
-19.9921376442069,21.1666370878414,#c8102e
-19.9895169798932,21.1666659335600,#c8102e
-19.9868964192499,21.1667030204234,#c8102e
-19.9842759881926,21.1667483480648,#c8102e
-19.9816557126359,21.1668019160361,#c8102e
-19.9790356184925,21.1668637238074,#c8102e
-19.9764157316735,21.1669337707676,#c8102e
-19.9737960780880,21.1670120562238,#c8102e
-19.9711766836426,21.1670985794020,#c8102e
-19.9685575742416,21.1671933394464,#c8102e
-19.9659387757861,21.1672963354199,#c8102e
-19.9633203141745,21.1674075663040,#c8102e
-19.9607022153018,21.1675270309987,#c8102e
-19.9580845050592,21.1676547283225,#c8102e
-19.9554672093342,21.1677906570126,#c8102e
-19.9528503540102,21.1679348157247,#c8102e
-19.9502339649663,21.1680872030333,#c8102e
-19.9476180680769,21.1682478174312,#c8102e
-19.9450026892116,21.1684166573301,#c8102e
-19.9423878542347,21.1685937210603,#c8102e
-19.9397735890054,21.1687790068708,#c8102e
-19.9371599193770,21.1689725129291,#c8102e
-19.9345468711972,21.1691742373217,#c8102e
-19.9319344703072,21.1693841780536,#c8102e
-19.9293227425421,21.1696023330487,#c8102e
-19.9267117137302,21.1698287001494,#c8102e
-19.9241014096930,21.1700632771172,#c8102e
-19.9214918562446,21.1703060616323,#c8102e
-19.9188830791919,21.1705570512937,#c8102e
-19.9162751043340,21.1708162436192,#c8102e
-19.9136679574622,21.1710836360457,#c8102e
-19.9110616643595,21.1713592259287,#c8102e
-19.9084562508005,21.1716430105429,#c8102e
-19.9058517425510,21.1719349870817,#c8102e
-19.9032481653680,21.1722351526579,#c8102e
-19.9006455449993,21.1725435043028,#c8102e
-19.8980439071830,21.1728600389671,#c8102e
-19.8954432776477,21.1731847535205,#c8102e
-19.8928436821121,21.1735176447517,#c8102e
-19.8902451462844,21.1738587093688,#c8102e
-19.8876476958625,21.1742079439986,#c8102e
-19.8850513565336,21.1745653451876,#c8102e
-19.8824561539738,21.1749309094013,#c8102e
-19.8798621138480,21.1753046330245,#c8102e
-19.8772692618096,21.1756865123612,#c8102e
-19.8746776235003,21.1760765436350,#c8102e
-19.8720872245497,21.1764747229887,#c8102e
-19.8694980905753,21.1768810464845,#c8102e
-19.8669102471819,21.1772955101041,#c8102e
-19.8643237199616,21.1777181097489,#c8102e
-19.8617385344936,21.1781488412395,#c8102e
-19.8591547163438,21.1785877003162,#c8102e
-19.8565722910643,21.1790346826391,#c8102e
-19.8539912841939,21.1794897837878,#c8102e
-19.8514117212569,21.1799529992615,#c8102e
-19.8488336277637,21.1804243244795,#c8102e
-19.8462570292100,21.1809037547805,#c8102e
-19.8436819510766,21.1813912854234,#c8102e
-19.8411084188294,21.1818869115867,#c8102e
-19.8385364579192,21.1823906283691,#c8102e
-19.8359660937808,21.1829024307890,#c8102e
-19.8333973518336,21.1834223137852,#c8102e
-19.8308302574809,21.1839502722162,#c8102e
-19.8282648361095,21.1844863008609,#c8102e
-19.8257011130898,21.1850303944184,#c8102e
-19.8231391137755,21.1855825475078,#c8102e
-19.8205788635030,21.1861427546688,#c8102e
-19.8180203875917,21.1867110103612,#c8102e
-19.8154637113432,21.1872873089654,#c8102e
-19.8129088600414,21.1878716447821,#c8102e
-19.8103558589523,21.1884640120326,#c8102e
-19.8078047333233,21.1890644048588,#c8102e
-19.8052555083834,21.1896728173232,#c8102e
-19.8027082093429,21.1902892434089,#c8102e
-19.8001628613930,21.1909136770200,#c8102e
-19.7976194897055,21.1915461119811,#c8102e
-19.7950781194327,21.1921865420378,#c8102e
-19.7925387757073,21.1928349608568,#c8102e
-19.7900014836416,21.1934913620256,#c8102e
-19.7874662683280,21.1941557390528,#c8102e
-19.7849331548380,21.1948280853681,#c8102e
-19.7824021682226,21.1955083943224,#c8102e
-19.7798733335115,21.1961966591879,#c8102e
-19.7773466757135,21.1968928731582,#c8102e
-19.7748222198155,21.1975970293480,#c8102e
-19.7722999907827,21.1983091207938,#c8102e
-19.7697800135585,21.1990291404534,#c8102e
-19.7672623130638,21.1997570812062,#c8102e
-19.7647469141970,21.2004929358535,#c8102e
-19.7622338418339,21.2012366971180,#c8102e
-19.7597231208271,21.2019883576445,#c8102e
-19.7572147760062,21.2027479099994,#c8102e
-19.7547088321769,21.2035153466714,#c8102e
-19.7522053141216,21.2042906600709,#c8102e
-19.7497042465984,21.2050738425306,#c8102e
-19.7472056543412,21.2058648863053,#c8102e
-19.7447095620597,21.2066637835720,#c8102e
-19.7422159944385,21.2074705264303,#c8102e
-19.7397249761375,21.2082851069019,#c8102e
-19.7372365317912,21.2091075169311,#c8102e
-19.7347506860087,21.2099377483849,#c8102e
-19.7322674633736,21.2107757930527,#c8102e
-19.7297868884433,21.2116216426468,#c8102e
-19.7273089857491,21.2124752888024,#c8102e
-19.7248337797959,21.2133367230774,#c8102e
-19.7223612950620,21.2142059369527,#c8102e
-19.7198915559985,21.2150829218325,#c8102e
-19.7174245870297,21.2159676690438,#c8102e
-19.7149604125524,21.2168601698370,#c8102e
-19.7124990569356,21.2177604153860,#c8102e
-19.7100405445206,21.2186683967878,#c8102e
-19.7075848996205,21.2195841050632,#c8102e
-19.7051321465201,21.2205075311562,#c8102e
-19.7026823094756,21.2214386659349,#c8102e
-19.7002354127142,21.2223775001909,#c8102e
-19.6977914804344,21.2233240246397,#c8102e
-19.6953505368049,21.2242782299207,#c8102e
-19.6929126059651,21.2252401065976,#c8102e
-19.6904777120248,21.2262096451580,#c8102e
-19.6880458790633,21.2271868360136,#c8102e
-19.6856171311301,21.2281716695008,#c8102e
-19.6831914922438,21.2291641358802,#c8102e
-19.6807689863925,21.2301642253369,#c8102e
-19.6783496375333,21.2311719279806,#c8102e
-19.6759334695919,21.2321872338459,#c8102e
-19.6735205064628,21.2332101328919,#c8102e
-19.6711107720086,21.2342406150028,#c8102e
-19.6687042900601,21.2352786699880,#c8102e
-19.6663010844158,21.2363242875815,#c8102e
-19.6639011788419,21.2373774574430,#c8102e
-19.6615045970719,21.2384381691573,#c8102e
-19.6591113628066,21.2395064122345,#c8102e
-19.6567214997135,21.2405821761105,#c8102e
-19.6543350314268,21.2416654501467,#c8102e
-19.6519519815471,21.2427562236300,#c8102e
-19.6495723736414,21.2438544857736,#c8102e
-19.6471962312425,21.2449602257162,#c8102e
-19.6448235778488,21.2460734325228,#c8102e
-19.6424544369245,21.2471940951846,#c8102e
-19.6400888318987,21.2483222026187,#c8102e
-19.6377267861659,21.2494577436691,#c8102e
-19.6353683230852,21.2506007071058,#c8102e
-19.6330134659803,21.2517510816258,#c8102e
-19.6306622381392,21.2529088558525,#c8102e
-19.6283146628141,21.2540740183363,#c8102e
-19.6259707632209,21.2552465575545,#c8102e
-19.6236305625395,21.2564264619114,#c8102e
-19.6212940839128,21.2576137197384,#c8102e
-19.6189613504473,21.2588083192945,#c8102e
-19.6166323852120,21.2600102487657,#c8102e
-19.6143072112391,21.2612194962658,#c8102e
-19.6119858515229,21.2624360498359,#c8102e
-19.6096683290204,21.2636598974453,#c8102e
-19.6073546666502,21.2648910269908,#c8102e
-19.6050448872931,21.2661294262973,#c8102e
-19.6027390137913,21.2673750831179,#c8102e
-19.6004370689485,21.2686279851337,#c8102e
-19.5981390755294,21.2698881199545,#c8102e
-19.5958450562596,21.2711554751182,#c8102e
-19.5935550338257,21.2724300380915,#c8102e
-19.5912690308745,21.2737117962698,#c8102e
-19.5889870700130,21.2750007369773,#c8102e
-19.5867091738084,21.2762968474672,#c8102e
-19.5844353647878,21.2776001149219,#c8102e
-19.5821656654375,21.2789105264527,#c8102e
-19.5799000982035,21.2802280691006,#c8102e
-19.5776386854908,21.2815527298360,#c8102e
-19.5753814496634,21.2828844955587,#c8102e
-19.5731284130439,21.2842233530985,#c8102e
-19.5708795979133,21.2855692892149,#c8102e
-19.5686350265111,21.2869222905974,#c8102e
-19.5663947210346,21.2882823438657,#c8102e
-19.5641587036389,21.2896494355698,#c8102e
-19.5619269964371,21.2910235521900,#c8102e
-19.5596996214990,21.2924046801371,#c8102e
-19.5574766008522,21.2937928057527,#c8102e
-19.5552579564809,21.2951879153090,#c8102e
-19.5530437103260,21.2965899950094,#c8102e
-19.5508338842850,21.2979990309882,#c8102e
-19.5486285002117,21.2994150093109,#c8102e
-19.5464275799160,21.3008379159743,#c8102e
-19.5442311451636,21.3022677369068,#c8102e
-19.5420392176758,21.3037044579685,#c8102e
-19.5398518191293,21.3051480649509,#c8102e
-19.5376689711563,21.3065985435779,#c8102e
-19.5354906953435,21.3080558795050,#c8102e
-19.5333170132329,21.3095200583202,#c8102e
-19.5311479463208,21.3109910655436,#c8102e
-19.5289835160577,21.3124688866279,#c8102e
-19.5268237438487,21.3139535069584,#c8102e
-19.5246686510524,21.3154449118532,#c8102e
-19.5225182589813,21.3169430865632,#c8102e
-19.5203725889016,21.3184480162724,#c8102e
-19.5182316620324,21.3199596860980,#c8102e
-19.5160954995462,21.3214780810906,#c8102e
-19.5139641225683,21.3230031862341,#c8102e
-19.5118375521766,21.3245349864463,#c8102e
-19.5097158094016,21.3260734665786,#c8102e
-19.5075989152260,21.3276186114165,#c8102e
-19.5054868905845,21.3291704056795,#c8102e
-19.5033797563637,21.3307288340212,#c8102e
-19.5012775334018,21.3322938810298,#c8102e
-19.4991802424885,21.3338655312281,#c8102e
-19.4970879043645,21.3354437690733,#c8102e
-19.4950005397220,21.3370285789577,#c8102e
-19.4929181692034,21.3386199452085,#c8102e
-19.4908408134022,21.3402178520882,#c8102e
-19.4887684928622,21.3418222837944,#c8102e
-19.4867012280771,21.3434332244604,#c8102e
-19.4846390394910,21.3450506581549,#c8102e
-19.4825819474976,21.3466745688827,#c8102e
-19.4805299724403,21.3483049405841,#c8102e
-19.4784831346117,21.3499417571359,#c8102e
-19.4764414542538,21.3515850023510,#c8102e
-19.4744049515575,21.3532346599788,#c8102e
-19.4723736466626,21.3548907137051,#c8102e
-19.4703475596573,21.3565531471528,#c8102e
-19.4683267105784,21.3582219438812,#c8102e
-19.4663111194107,21.3598970873872,#c8102e
-19.4643008060872,21.3615785611046,#c8102e
-19.4622957904887,21.3632663484047,#c8102e
-19.4602960924434,21.3649604325964,#c8102e
-19.4583017317271,21.3666607969262,#c8102e
-19.4563127280627,21.3683674245786,#c8102e
-19.4543291011203,21.3700802986762,#c8102e
-19.4523508705167,21.3717994022797,#c8102e
-19.4503780558152,21.3735247183883,#c8102e
-19.4484106765258,21.3752562299396,#c8102e
-19.4464487521046,21.3769939198102,#c8102e
-19.4444923019538,21.3787377708154,#c8102e
-19.4425413454215,21.3804877657096,#c8102e
-19.4405959018013,21.3822438871865,#c8102e
-19.4386559903325,21.3840061178791,#c8102e
-19.4367216301995,21.3857744403601,#c8102e
-19.4347928405321,21.3875488371419,#c8102e
-19.4328696404045,21.3893292906770,#c8102e
-19.4309520488362,21.3911157833576,#c8102e
-19.4290400847908,21.3929082975165,#c8102e
-19.4271337671765,21.3947068154269,#c8102e
-19.4252331148455,21.3965113193027,#c8102e
-19.4233381465941,21.3983217912983,#c8102e
-19.4214488811623,21.4001382135094,#c8102e
-19.4195653372338,21.4019605679728,#c8102e
-19.4176875334355,21.4037888366664,#c8102e
-19.4158154883379,21.4056230015099,#c8102e
-19.4139492204542,21.4074630443646,#c8102e
-19.4120887482406,21.4093089470335,#c8102e
-19.4102340900960,21.4111606912620,#c8102e
-19.4083852643618,21.4130182587373,#c8102e
-19.4065422893218,21.4148816310894,#c8102e
-19.4047051832017,21.4167507898907,#c8102e
-19.4028739641694,21.4186257166564,#c8102e
-19.4010486503346,21.4205063928446,#c8102e
-19.3992292597482,21.4223927998567,#c8102e
-19.3974158104031,21.4242849190373,#c8102e
-19.3956083202331,21.4261827316745,#c8102e
-19.3938068071130,21.4280862190002,#c8102e
-19.3920112888588,21.4299953621901,#c8102e
-19.3902217832269,21.4319101423639,#c8102e
-19.3884383079144,21.4338305405858,#c8102e
-19.3866608805587,21.4357565378642,#c8102e
-19.3848895187376,21.4376881151521,#c8102e
-19.3831242399686,21.4396252533477,#c8102e
-19.3813650617092,21.4415679332936,#c8102e
-19.3796120013566,21.4435161357782,#c8102e
-19.3778650762474,21.4454698415349,#c8102e
-19.3761243036576,21.4474290312428,#c8102e
-19.3743897008024,21.4493936855267,#c8102e
-19.3726612848358,21.4513637849575,#c8102e
-19.3709390728508,21.4533393100522,#c8102e
-19.3692230818790,21.4553202412740,#c8102e
-19.3675133288905,21.4573065590328,#c8102e
-19.3658098307936,21.4592982436852,#c8102e
-19.3641126044348,21.4612952755347,#c8102e
-19.3624216665986,21.4632976348319,#c8102e
-19.3607370340073,21.4653053017747,#c8102e
-19.3590587233210,21.4673182565086,#c8102e
-19.3573867511369,21.4693364791268,#c8102e
-19.3557211339898,21.4713599496702,#c8102e
-19.3540618883517,21.4733886481282,#c8102e
-19.3524090306315,21.4754225544380,#c8102e
-19.3507625771747,21.4774616484858,#c8102e
-19.3491225442639,21.4795059101061,#c8102e
-19.3474889481179,21.4815553190825,#c8102e
-19.3458618048919,21.4836098551476,#c8102e
-19.3442411306773,21.4856694979834,#c8102e
-19.3426269415016,21.4877342272213,#c8102e
-19.3410192533282,21.4898040224425,#c8102e
-19.3394180820559,21.4918788631780,#c8102e
-19.3378234435194,21.4939587289089,#c8102e
-19.3362353534886,21.4960435990668,#c8102e
-19.3346538276687,21.4981334530334,#c8102e
-19.3330788817001,21.5002282701416,#c8102e
-19.3315105311579,21.5023280296749,#c8102e
-19.3299487915522,21.5044327108680,#c8102e
-19.3283936783275,21.5065422929070,#c8102e
-19.3268452068629,21.5086567549294,#c8102e
-19.3253033924718,21.5107760760245,#c8102e
-19.3237682504018,21.5129002352337,#c8102e
-19.3222397958345,21.5150292115502,#c8102e
-19.3207180438853,21.5171629839200,#c8102e
-19.3192030096034,21.5193015312413,#c8102e
-19.3176947079715,21.5214448323652,#c8102e
-19.3161931539058,21.5235928660960,#c8102e
-19.3146983622556,21.5257456111908,#c8102e
-19.3132103478035,21.5279030463604,#c8102e
-19.3117291252650,21.5300651502692,#c8102e
-19.3102547092885,21.5322319015353,#c8102e
-19.3087871144550,21.5344032787309,#c8102e
-19.3073263552781,21.5365792603824,#c8102e
-19.3058724462038,21.5387598249709,#c8102e
-19.3044254016103,21.5409449509318,#c8102e
-19.3029852358079,21.5431346166558,#c8102e
-19.3015519630391,21.5453288004883,#c8102e
-19.3001255974779,21.5475274807303,#c8102e
-19.2987061532301,21.5497306356383,#c8102e
-19.2972936443333,21.5519382434243,#c8102e
-19.2958880847562,21.5541502822567,#c8102e
-19.2944894883989,21.5563667302598,#c8102e
-19.2930978690927,21.5585875655142,#c8102e
-19.2917132405997,21.5608127660573,#c8102e
-19.2903356166131,21.5630423098834,#c8102e
-19.2889650107566,21.5652761749436,#c8102e
-19.2876014365848,21.5675143391464,#c8102e
-19.2862449075825,21.5697567803578,#c8102e
-19.2848954371649,21.5720034764015,#c8102e
-19.2835530386774,21.5742544050591,#c8102e
-19.2822177253954,21.5765095440703,#c8102e
-19.2808895105245,21.5787688711333,#c8102e
-19.2795684071997,21.5810323639047,#c8102e
-19.2782544284861,21.5833000000000,#c8102e
-19.2769475873778,21.5855717569938,#c8102e
-19.2756478967989,21.5878476124197,#c8102e
-19.2743553696024,21.5901275437711,#c8102e
-19.2730700185706,21.5924115285009,#c8102e
-19.2717918564147,21.5946995440218,#c8102e
-19.2705208957751,21.5969915677070,#c8102e
-19.2692571492207,21.5992875768897,#c8102e
-19.2680006292491,21.6015875488638,#c8102e
-19.2667513482866,21.6038914608842,#c8102e
-19.2655093186877,21.6061992901665,#c8102e
-19.2642745527353,21.6085110138878,#c8102e
-19.2630470626405,21.6108266091866,#c8102e
-19.2618268605423,21.6131460531632,#c8102e
-19.2606139585079,21.6154693228797,#c8102e
-19.2594083685319,21.6177963953605,#c8102e
-19.2582101025370,21.6201272475922,#c8102e
-19.2570191723733,21.6224618565243,#c8102e
-19.2558355898182,21.6248001990690,#c8102e
-19.2546593665766,21.6271422521014,#c8102e
-19.2534905142807,21.6294879924603,#c8102e
-19.2523290444897,21.6318373969477,#c8102e
-19.2511749686897,21.6341904423294,#c8102e
-19.2500282982939,21.6365471053355,#c8102e
-19.2488890446420,21.6389073626599,#c8102e
-19.2477572190006,21.6412711909613,#c8102e
-19.2466328325628,21.6436385668628,#c8102e
-19.2455158964479,21.6460094669527,#c8102e
-19.2444064217017,21.6483838677842,#c8102e
-19.2433044192964,21.6507617458759,#c8102e
-19.2422099001299,21.6531430777123,#c8102e
-19.2411228750264,21.6555278397435,#c8102e
-19.2400433547358,21.6579160083856,#c8102e
-19.2389713499340,21.6603075600212,#c8102e
-19.2379068712224,21.6627024709993,#c8102e
-19.2368499291280,21.6651007176359,#c8102e
-19.2358005341032,21.6675022762137,#c8102e
-19.2347586965260,21.6699071229830,#c8102e
-19.2337244266994,21.6723152341612,#c8102e
-19.2326977348517,21.6747265859337,#c8102e
-19.2316786311363,21.6771411544537,#c8102e
-19.2306671256315,21.6795589158428,#c8102e
-19.2296632283403,21.6819798461907,#c8102e
-19.2286669491907,21.6844039215561,#c8102e
-19.2276782980352,21.6868311179663,#c8102e
-19.2266972846511,21.6892614114179,#c8102e
-19.2257239187398,21.6916947778769,#c8102e
-19.2247582099274,21.6941311932787,#c8102e
-19.2238001677642,21.6965706335289,#c8102e
-19.2228498017244,21.6990130745029,#c8102e
-19.2219071212067,21.7014584920464,#c8102e
-19.2209721355336,21.7039068619760,#c8102e
-19.2200448539515,21.7063581600787,#c8102e
-19.2191252856305,21.7088123621127,#c8102e
-19.2182134396647,21.7112694438076,#c8102e
-19.2173093250717,21.7137293808644,#c8102e
-19.2164129507925,21.7161921489559,#c8102e
-19.2155243256917,21.7186577237268,#c8102e
-19.2146434585573,21.7211260807943,#c8102e
-19.2137703581005,21.7235971957477,#c8102e
-19.2129050329556,21.7260710441494,#c8102e
-19.2120474916803,21.7285476015345,#c8102e
-19.2111977427550,21.7310268434116,#c8102e
-19.2103557945832,21.7335087452623,#c8102e
-19.2095216554913,21.7359932825424,#c8102e
-19.2086953337283,21.7384804306813,#c8102e
-19.2078768374661,21.7409701650827,#c8102e
-19.2070661747990,21.7434624611247,#c8102e
-19.2062633537441,21.7459572941601,#c8102e
-19.2054683822406,21.7484546395166,#c8102e
-19.2046812681505,21.7509544724970,#c8102e
-19.2039020192576,21.7534567683796,#c8102e
-19.2031306432683,21.7559615024181,#c8102e
-19.2023671478110,21.7584686498425,#c8102e
-19.2016115404363,21.7609781858586,#c8102e
-19.2008638286165,21.7634900856486,#c8102e
-19.2001240197461,21.7660043243716,#c8102e
-19.1993921211412,21.7685208771632,#c8102e
-19.1986681400400,21.7710397191364,#c8102e
-19.1979520836022,21.7735608253814,#c8102e
-19.1972439589090,21.7760841709661,#c8102e
-19.1965437729634,21.7786097309362,#c8102e
-19.1958515326898,21.7811374803155,#c8102e
-19.1951672449340,21.7836673941061,#c8102e
-19.1944909164631,21.7861994472889,#c8102e
-19.1938225539657,21.7887336148233,#c8102e
-19.1931621640514,21.7912698716483,#c8102e
-19.1925097532510,21.7938081926816,#c8102e
-19.1918653280165,21.7963485528210,#c8102e
-19.1912288947208,21.7988909269440,#c8102e
-19.1906004596579,21.8014352899079,#c8102e
-19.1899800290425,21.8039816165508,#c8102e
-19.1893676090104,21.8065298816911,#c8102e
-19.1887632056179,21.8090800601280,#c8102e
-19.1881668248424,21.8116321266419,#c8102e
-19.1875784725814,21.8141860559944,#c8102e
-19.1869981546536,21.8167418229289,#c8102e
-19.1864258767979,21.8192994021705,#c8102e
-19.1858616446737,21.8218587684262,#c8102e
-19.1853054638610,21.8244198963856,#c8102e
-19.1847573398600,21.8269827607207,#c8102e
-19.1842172780913,21.8295473360865,#c8102e
-19.1836852838958,21.8321135971209,#c8102e
-19.1831613625345,21.8346815184453,#c8102e
-19.1826455191888,21.8372510746644,#c8102e
-19.1821377589600,21.8398222403671,#c8102e
-19.1816380868695,21.8423949901262,#c8102e
-19.1811465078587,21.8449692984988,#c8102e
-19.1806630267891,21.8475451400265,#c8102e
-19.1801876484419,21.8501224892360,#c8102e
-19.1797203775184,21.8527013206390,#c8102e
-19.1792612186396,21.8552816087324,#c8102e
-19.1788101763463,21.8578633279988,#c8102e
-19.1783672550989,21.8604464529066,#c8102e
-19.1779324592778,21.8630309579104,#c8102e
-19.1775057931827,21.8656168174511,#c8102e
-19.1770872610331,21.8682040059561,#c8102e
-19.1766768669681,21.8707924978399,#c8102e
-19.1762746150461,21.8733822675038,#c8102e
-19.1758805092452,21.8759732893366,#c8102e
-19.1754945534628,21.8785655377150,#c8102e
-19.1751167515158,21.8811589870030,#c8102e
-19.1747471071404,21.8837536115532,#c8102e
-19.1743856239922,21.8863493857064,#c8102e
-19.1740323056460,21.8889462837920,#c8102e
-19.1736871555959,21.8915442801284,#c8102e
-19.1733501772553,21.8941433490230,#c8102e
-19.1730213739565,21.8967434647726,#c8102e
-19.1727007489513,21.8993446016638,#c8102e
-19.1723883054104,21.9019467339730,#c8102e
-19.1720840464238,21.9045498359668,#c8102e
-19.1717879750003,21.9071538819020,#c8102e
-19.1715000940679,21.9097588460265,#c8102e
-19.1712204064736,21.9123647025786,#c8102e
-19.1709489149832,21.9149714257882,#c8102e
-19.1706856222817,21.9175789898764,#c8102e
-19.1704305309730,21.9201873690561,#c8102e
-19.1701836435795,21.9227965375320,#c8102e
-19.1699449625430,21.9254064695012,#c8102e
-19.1697144902238,21.9280171391530,#c8102e
-19.1694922289012,21.9306285206696,#c8102e
-19.1692781807731,21.9332405882261,#c8102e
-19.1690723479564,21.9358533159908,#c8102e
-19.1688747324867,21.9384666781255,#c8102e
-19.1686853363181,21.9410806487856,#c8102e
-19.1685041613238,21.9436952021208,#c8102e
-19.1683312092955,21.9463103122746,#c8102e
-19.1681664819434,21.9489259533854,#c8102e
-19.1680099808967,21.9515420995860,#c8102e
-19.1678617077031,21.9541587250045,#c8102e
-19.1677216638289,21.9567758037642,#c8102e
-19.1675898506590,21.9593933099836,#c8102e
-19.1674662694970,21.9620112177775,#c8102e
-19.1673509215650,21.9646295012563,#c8102e
-19.1672438080038,21.9672481345269,#c8102e
-19.1671449298726,21.9698670916927,#c8102e
-19.1670542881493,21.9724863468537,#c8102e
-19.1669718837302,21.9751058741074,#c8102e
-19.1668977174303,21.9777256475481,#c8102e
-19.1668317899831,21.9803456412680,#c8102e
-19.1667741020404,21.9829658293571,#c8102e
-19.1667246541730,21.9855861859033,#c8102e
-19.1666834468696,21.9882066849930,#c8102e
-19.1666504805379,21.9908273007110,#c8102e
-19.1666257555038,21.9934480071413,#c8102e
-19.1666092720119,21.9960687783666,#c8102e
-19.1666010302252,21.9986895884691,#c8102e
-19.1666010302252,22.0013104115309,#c8102e
-19.1666092720119,22.0039312216334,#c8102e
-19.1666257555038,22.0065519928587,#c8102e
-19.1666504805379,22.0091726992890,#c8102e
-19.1666834468696,22.0117933150070,#c8102e
-19.1667246541730,22.0144138140967,#c8102e
-19.1667741020404,22.0170341706429,#c8102e
-19.1668317899831,22.0196543587320,#c8102e
-19.1668977174303,22.0222743524519,#c8102e
-19.1669718837302,22.0248941258926,#c8102e
-19.1670542881493,22.0275136531463,#c8102e
-19.1671449298726,22.0301329083073,#c8102e
-19.1672438080038,22.0327518654731,#c8102e
-19.1673509215650,22.0353704987437,#c8102e
-19.1674662694970,22.0379887822225,#c8102e
-19.1675898506590,22.0406066900164,#c8102e
-19.1677216638289,22.0432241962358,#c8102e
-19.1678617077031,22.0458412749955,#c8102e
-19.1680099808967,22.0484579004140,#c8102e
-19.1681664819434,22.0510740466146,#c8102e
-19.1683312092955,22.0536896877254,#c8102e
-19.1685041613238,22.0563047978792,#c8102e
-19.1686853363181,22.0589193512144,#c8102e
-19.1688747324867,22.0615333218745,#c8102e
-19.1690723479564,22.0641466840092,#c8102e
-19.1692781807731,22.0667594117739,#c8102e
-19.1694922289012,22.0693714793304,#c8102e
-19.1697144902238,22.0719828608470,#c8102e
-19.1699449625430,22.0745935304988,#c8102e
-19.1701836435795,22.0772034624680,#c8102e
-19.1704305309730,22.0798126309439,#c8102e
-19.1706856222817,22.0824210101236,#c8102e
-19.1709489149832,22.0850285742118,#c8102e
-19.1712204064736,22.0876352974214,#c8102e
-19.1715000940679,22.0902411539735,#c8102e
-19.1717879750003,22.0928461180980,#c8102e
-19.1720840464238,22.0954501640332,#c8102e
-19.1723883054104,22.0980532660270,#c8102e
-19.1727007489513,22.1006553983362,#c8102e
-19.1730213739565,22.1032565352274,#c8102e
-19.1733501772553,22.1058566509770,#c8102e
-19.1736871555959,22.1084557198716,#c8102e
-19.1740323056460,22.1110537162080,#c8102e
-19.1743856239922,22.1136506142936,#c8102e
-19.1747471071404,22.1162463884468,#c8102e
-19.1751167515158,22.1188410129970,#c8102e
-19.1754945534628,22.1214344622850,#c8102e
-19.1758805092452,22.1240267106634,#c8102e
-19.1762746150461,22.1266177324962,#c8102e
-19.1766768669681,22.1292075021601,#c8102e
-19.1770872610331,22.1317959940439,#c8102e
-19.1775057931827,22.1343831825489,#c8102e
-19.1779324592778,22.1369690420896,#c8102e
-19.1783672550989,22.1395535470934,#c8102e
-19.1788101763463,22.1421366720012,#c8102e
-19.1792612186396,22.1447183912676,#c8102e
-19.1797203775184,22.1472986793610,#c8102e
-19.1801876484419,22.1498775107640,#c8102e
-19.1806630267891,22.1524548599735,#c8102e
-19.1811465078587,22.1550307015012,#c8102e
-19.1816380868695,22.1576050098738,#c8102e
-19.1821377589600,22.1601777596329,#c8102e
-19.1826455191888,22.1627489253356,#c8102e
-19.1831613625345,22.1653184815547,#c8102e
-19.1836852838958,22.1678864028791,#c8102e
-19.1842172780913,22.1704526639135,#c8102e
-19.1847573398600,22.1730172392793,#c8102e
-19.1853054638610,22.1755801036144,#c8102e
-19.1858616446737,22.1781412315738,#c8102e
-19.1864258767979,22.1807005978295,#c8102e
-19.1869981546536,22.1832581770711,#c8102e
-19.1875784725814,22.1858139440056,#c8102e
-19.1881668248424,22.1883678733581,#c8102e
-19.1887632056179,22.1909199398720,#c8102e
-19.1893676090104,22.1934701183089,#c8102e
-19.1899800290425,22.1960183834492,#c8102e
-19.1906004596579,22.1985647100921,#c8102e
-19.1912288947208,22.2011090730560,#c8102e
-19.1918653280165,22.2036514471790,#c8102e
-19.1925097532510,22.2061918073184,#c8102e
-19.1931621640514,22.2087301283517,#c8102e
-19.1938225539657,22.2112663851767,#c8102e
-19.1944909164631,22.2138005527111,#c8102e
-19.1951672449340,22.2163326058939,#c8102e
-19.1958515326898,22.2188625196845,#c8102e
-19.1965437729634,22.2213902690638,#c8102e
-19.1972439589090,22.2239158290339,#c8102e
-19.1979520836022,22.2264391746186,#c8102e
-19.1986681400400,22.2289602808636,#c8102e
-19.1993921211412,22.2314791228368,#c8102e
-19.2001240197461,22.2339956756284,#c8102e
-19.2008638286165,22.2365099143514,#c8102e
-19.2016115404363,22.2390218141414,#c8102e
-19.2023671478110,22.2415313501575,#c8102e
-19.2031306432683,22.2440384975819,#c8102e
-19.2039020192576,22.2465432316204,#c8102e
-19.2046812681505,22.2490455275030,#c8102e
-19.2054683822406,22.2515453604834,#c8102e
-19.2062633537441,22.2540427058399,#c8102e
-19.2070661747990,22.2565375388753,#c8102e
-19.2078768374661,22.2590298349173,#c8102e
-19.2086953337283,22.2615195693187,#c8102e
-19.2095216554913,22.2640067174576,#c8102e
-19.2103557945832,22.2664912547377,#c8102e
-19.2111977427550,22.2689731565884,#c8102e
-19.2120474916803,22.2714523984655,#c8102e
-19.2129050329556,22.2739289558506,#c8102e
-19.2137703581005,22.2764028042523,#c8102e
-19.2146434585573,22.2788739192057,#c8102e
-19.2155243256917,22.2813422762732,#c8102e
-19.2164129507925,22.2838078510441,#c8102e
-19.2173093250717,22.2862706191356,#c8102e
-19.2182134396647,22.2887305561924,#c8102e
-19.2191252856305,22.2911876378873,#c8102e
-19.2200448539515,22.2936418399213,#c8102e
-19.2209721355336,22.2960931380240,#c8102e
-19.2219071212067,22.2985415079536,#c8102e
-19.2228498017244,22.3009869254971,#c8102e
-19.2238001677642,22.3034293664711,#c8102e
-19.2247582099274,22.3058688067213,#c8102e
-19.2257239187398,22.3083052221231,#c8102e
-19.2266972846511,22.3107385885821,#c8102e
-19.2276782980352,22.3131688820337,#c8102e
-19.2286669491907,22.3155960784439,#c8102e
-19.2296632283403,22.3180201538093,#c8102e
-19.2306671256315,22.3204410841572,#c8102e
-19.2316786311363,22.3228588455463,#c8102e
-19.2326977348517,22.3252734140663,#c8102e
-19.2337244266994,22.3276847658388,#c8102e
-19.2347586965260,22.3300928770170,#c8102e
-19.2358005341032,22.3324977237863,#c8102e
-19.2368499291280,22.3348992823641,#c8102e
-19.2379068712224,22.3372975290007,#c8102e
-19.2389713499340,22.3396924399788,#c8102e
-19.2400433547358,22.3420839916144,#c8102e
-19.2411228750264,22.3444721602565,#c8102e
-19.2422099001299,22.3468569222877,#c8102e
-19.2433044192964,22.3492382541241,#c8102e
-19.2444064217017,22.3516161322158,#c8102e
-19.2455158964479,22.3539905330473,#c8102e
-19.2466328325628,22.3563614331372,#c8102e
-19.2477572190006,22.3587288090387,#c8102e
-19.2488890446420,22.3610926373401,#c8102e
-19.2500282982939,22.3634528946645,#c8102e
-19.2511749686897,22.3658095576706,#c8102e
-19.2523290444897,22.3681626030523,#c8102e
-19.2534905142807,22.3705120075397,#c8102e
-19.2546593665766,22.3728577478986,#c8102e
-19.2558355898182,22.3751998009310,#c8102e
-19.2570191723733,22.3775381434757,#c8102e
-19.2582101025370,22.3798727524078,#c8102e
-19.2594083685319,22.3822036046395,#c8102e
-19.2606139585079,22.3845306771203,#c8102e
-19.2618268605423,22.3868539468368,#c8102e
-19.2630470626405,22.3891733908134,#c8102e
-19.2642745527353,22.3914889861122,#c8102e
-19.2655093186877,22.3938007098335,#c8102e
-19.2667513482866,22.3961085391158,#c8102e
-19.2680006292491,22.3984124511362,#c8102e
-19.2692571492207,22.4007124231103,#c8102e
-19.2705208957751,22.4030084322930,#c8102e
-19.2717918564147,22.4053004559781,#c8102e
-19.2730700185706,22.4075884714991,#c8102e
-19.2743553696024,22.4098724562289,#c8102e
-19.2756478967989,22.4121523875803,#c8102e
-19.2769475873778,22.4144282430062,#c8102e
-19.2782544284860,22.4167000000000,#c8102e
-19.2795684071997,22.4189676360953,#c8102e
-19.2808895105245,22.4212311288667,#c8102e
-19.2822177253954,22.4234904559297,#c8102e
-19.2835530386774,22.4257455949409,#c8102e
-19.2848954371649,22.4279965235985,#c8102e
-19.2862449075825,22.4302432196422,#c8102e
-19.2876014365848,22.4324856608536,#c8102e
-19.2889650107566,22.4347238250564,#c8102e
-19.2903356166131,22.4369576901166,#c8102e
-19.2917132405997,22.4391872339427,#c8102e
-19.2930978690927,22.4414124344858,#c8102e
-19.2944894883989,22.4436332697402,#c8102e
-19.2958880847562,22.4458497177433,#c8102e
-19.2972936443333,22.4480617565757,#c8102e
-19.2987061532301,22.4502693643617,#c8102e
-19.3001255974779,22.4524725192697,#c8102e
-19.3015519630391,22.4546711995117,#c8102e
-19.3029852358079,22.4568653833442,#c8102e
-19.3044254016103,22.4590550490682,#c8102e
-19.3058724462038,22.4612401750291,#c8102e
-19.3073263552781,22.4634207396176,#c8102e
-19.3087871144550,22.4655967212691,#c8102e
-19.3102547092885,22.4677680984647,#c8102e
-19.3117291252650,22.4699348497308,#c8102e
-19.3132103478035,22.4720969536396,#c8102e
-19.3146983622556,22.4742543888092,#c8102e
-19.3161931539058,22.4764071339040,#c8102e
-19.3176947079715,22.4785551676348,#c8102e
-19.3192030096034,22.4806984687587,#c8102e
-19.3207180438853,22.4828370160800,#c8102e
-19.3222397958345,22.4849707884498,#c8102e
-19.3237682504018,22.4870997647663,#c8102e
-19.3253033924718,22.4892239239755,#c8102e
-19.3268452068629,22.4913432450706,#c8102e
-19.3283936783275,22.4934577070930,#c8102e
-19.3299487915522,22.4955672891320,#c8102e
-19.3315105311579,22.4976719703251,#c8102e
-19.3330788817001,22.4997717298584,#c8102e
-19.3346538276687,22.5018665469666,#c8102e
-19.3362353534886,22.5039564009332,#c8102e
-19.3378234435194,22.5060412710911,#c8102e
-19.3394180820559,22.5081211368220,#c8102e
-19.3410192533282,22.5101959775575,#c8102e
-19.3426269415016,22.5122657727787,#c8102e
-19.3442411306773,22.5143305020166,#c8102e
-19.3458618048919,22.5163901448524,#c8102e
-19.3474889481179,22.5184446809175,#c8102e
-19.3491225442639,22.5204940898939,#c8102e
-19.3507625771747,22.5225383515142,#c8102e
-19.3524090306315,22.5245774455620,#c8102e
-19.3540618883517,22.5266113518718,#c8102e
-19.3557211339898,22.5286400503298,#c8102e
-19.3573867511369,22.5306635208732,#c8102e
-19.3590587233210,22.5326817434914,#c8102e
-19.3607370340073,22.5346946982253,#c8102e
-19.3624216665986,22.5367023651681,#c8102e
-19.3641126044348,22.5387047244653,#c8102e
-19.3658098307936,22.5407017563148,#c8102e
-19.3675133288905,22.5426934409672,#c8102e
-19.3692230818790,22.5446797587260,#c8102e
-19.3709390728508,22.5466606899478,#c8102e
-19.3726612848358,22.5486362150425,#c8102e
-19.3743897008024,22.5506063144733,#c8102e
-19.3761243036576,22.5525709687572,#c8102e
-19.3778650762474,22.5545301584651,#c8102e
-19.3796120013566,22.5564838642218,#c8102e
-19.3813650617092,22.5584320667064,#c8102e
-19.3831242399686,22.5603747466523,#c8102e
-19.3848895187376,22.5623118848479,#c8102e
-19.3866608805587,22.5642434621358,#c8102e
-19.3884383079144,22.5661694594142,#c8102e
-19.3902217832269,22.5680898576361,#c8102e
-19.3920112888588,22.5700046378099,#c8102e
-19.3938068071130,22.5719137809998,#c8102e
-19.3956083202331,22.5738172683255,#c8102e
-19.3974158104031,22.5757150809627,#c8102e
-19.3992292597482,22.5776072001433,#c8102e
-19.4010486503346,22.5794936071554,#c8102e
-19.4028739641694,22.5813742833436,#c8102e
-19.4047051832017,22.5832492101093,#c8102e
-19.4065422893218,22.5851183689106,#c8102e
-19.4083852643618,22.5869817412627,#c8102e
-19.4102340900960,22.5888393087380,#c8102e
-19.4120887482406,22.5906910529665,#c8102e
-19.4139492204542,22.5925369556354,#c8102e
-19.4158154883379,22.5943769984901,#c8102e
-19.4176875334355,22.5962111633336,#c8102e
-19.4195653372338,22.5980394320272,#c8102e
-19.4214488811623,22.5998617864906,#c8102e
-19.4233381465941,22.6016782087017,#c8102e
-19.4252331148455,22.6034886806973,#c8102e
-19.4271337671765,22.6052931845731,#c8102e
-19.4290400847908,22.6070917024835,#c8102e
-19.4309520488362,22.6088842166424,#c8102e
-19.4328696404045,22.6106707093230,#c8102e
-19.4347928405321,22.6124511628581,#c8102e
-19.4367216301995,22.6142255596399,#c8102e
-19.4386559903325,22.6159938821209,#c8102e
-19.4405959018013,22.6177561128135,#c8102e
-19.4425413454215,22.6195122342904,#c8102e
-19.4444923019538,22.6212622291846,#c8102e
-19.4464487521046,22.6230060801898,#c8102e
-19.4484106765258,22.6247437700604,#c8102e
-19.4503780558152,22.6264752816117,#c8102e
-19.4523508705167,22.6282005977203,#c8102e
-19.4543291011203,22.6299197013238,#c8102e
-19.4563127280627,22.6316325754214,#c8102e
-19.4583017317271,22.6333392030738,#c8102e
-19.4602960924434,22.6350395674036,#c8102e
-19.4622957904887,22.6367336515953,#c8102e
-19.4643008060872,22.6384214388954,#c8102e
-19.4663111194107,22.6401029126128,#c8102e
-19.4683267105784,22.6417780561188,#c8102e
-19.4703475596573,22.6434468528472,#c8102e
-19.4723736466626,22.6451092862949,#c8102e
-19.4744049515575,22.6467653400212,#c8102e
-19.4764414542538,22.6484149976490,#c8102e
-19.4784831346117,22.6500582428641,#c8102e
-19.4805299724403,22.6516950594159,#c8102e
-19.4825819474976,22.6533254311173,#c8102e
-19.4846390394910,22.6549493418451,#c8102e
-19.4867012280771,22.6565667755396,#c8102e
-19.4887684928622,22.6581777162056,#c8102e
-19.4908408134022,22.6597821479118,#c8102e
-19.4929181692034,22.6613800547915,#c8102e
-19.4950005397220,22.6629714210423,#c8102e
-19.4970879043645,22.6645562309267,#c8102e
-19.4991802424885,22.6661344687719,#c8102e
-19.5012775334018,22.6677061189702,#c8102e
-19.5033797563637,22.6692711659788,#c8102e
-19.5054868905845,22.6708295943205,#c8102e
-19.5075989152260,22.6723813885835,#c8102e
-19.5097158094016,22.6739265334214,#c8102e
-19.5118375521766,22.6754650135537,#c8102e
-19.5139641225683,22.6769968137659,#c8102e
-19.5160954995462,22.6785219189094,#c8102e
-19.5182316620324,22.6800403139020,#c8102e
-19.5203725889016,22.6815519837276,#c8102e
-19.5225182589813,22.6830569134368,#c8102e
-19.5246686510524,22.6845550881468,#c8102e
-19.5268237438487,22.6860464930416,#c8102e
-19.5289835160577,22.6875311133721,#c8102e
-19.5311479463208,22.6890089344564,#c8102e
-19.5333170132329,22.6904799416798,#c8102e
-19.5354906953435,22.6919441204950,#c8102e
-19.5376689711563,22.6934014564221,#c8102e
-19.5398518191293,22.6948519350491,#c8102e
-19.5420392176758,22.6962955420315,#c8102e
-19.5442311451636,22.6977322630932,#c8102e
-19.5464275799160,22.6991620840257,#c8102e
-19.5486285002117,22.7005849906891,#c8102e
-19.5508338842850,22.7020009690118,#c8102e
-19.5530437103260,22.7034100049906,#c8102e
-19.5552579564809,22.7048120846910,#c8102e
-19.5574766008522,22.7062071942473,#c8102e
-19.5596996214990,22.7075953198629,#c8102e
-19.5619269964371,22.7089764478100,#c8102e
-19.5641587036389,22.7103505644302,#c8102e
-19.5663947210346,22.7117176561343,#c8102e
-19.5686350265111,22.7130777094026,#c8102e
-19.5708795979133,22.7144307107851,#c8102e
-19.5731284130439,22.7157766469015,#c8102e
-19.5753814496634,22.7171155044413,#c8102e
-19.5776386854908,22.7184472701640,#c8102e
-19.5799000982035,22.7197719308994,#c8102e
-19.5821656654375,22.7210894735473,#c8102e
-19.5844353647878,22.7223998850781,#c8102e
-19.5867091738084,22.7237031525328,#c8102e
-19.5889870700130,22.7249992630227,#c8102e
-19.5912690308745,22.7262882037302,#c8102e
-19.5935550338257,22.7275699619085,#c8102e
-19.5958450562596,22.7288445248818,#c8102e
-19.5981390755294,22.7301118800455,#c8102e
-19.6004370689485,22.7313720148663,#c8102e
-19.6027390137913,22.7326249168821,#c8102e
-19.6050448872931,22.7338705737027,#c8102e
-19.6073546666502,22.7351089730092,#c8102e
-19.6096683290204,22.7363401025547,#c8102e
-19.6119858515229,22.7375639501641,#c8102e
-19.6143072112391,22.7387805037342,#c8102e
-19.6166323852120,22.7399897512343,#c8102e
-19.6189613504473,22.7411916807055,#c8102e
-19.6212940839128,22.7423862802616,#c8102e
-19.6236305625395,22.7435735380886,#c8102e
-19.6259707632209,22.7447534424455,#c8102e
-19.6283146628141,22.7459259816637,#c8102e
-19.6306622381392,22.7470911441475,#c8102e
-19.6330134659803,22.7482489183742,#c8102e
-19.6353683230852,22.7493992928942,#c8102e
-19.6377267861659,22.7505422563309,#c8102e
-19.6400888318987,22.7516777973813,#c8102e
-19.6424544369245,22.7528059048154,#c8102e
-19.6448235778488,22.7539265674772,#c8102e
-19.6471962312425,22.7550397742838,#c8102e
-19.6495723736414,22.7561455142264,#c8102e
-19.6519519815471,22.7572437763700,#c8102e
-19.6543350314268,22.7583345498533,#c8102e
-19.6567214997135,22.7594178238895,#c8102e
-19.6591113628066,22.7604935877655,#c8102e
-19.6615045970719,22.7615618308427,#c8102e
-19.6639011788419,22.7626225425570,#c8102e
-19.6663010844158,22.7636757124185,#c8102e
-19.6687042900601,22.7647213300120,#c8102e
-19.6711107720086,22.7657593849972,#c8102e
-19.6735205064628,22.7667898671081,#c8102e
-19.6759334695919,22.7678127661541,#c8102e
-19.6783496375333,22.7688280720194,#c8102e
-19.6807689863925,22.7698357746631,#c8102e
-19.6831914922438,22.7708358641198,#c8102e
-19.6856171311301,22.7718283304992,#c8102e
-19.6880458790633,22.7728131639864,#c8102e
-19.6904777120248,22.7737903548420,#c8102e
-19.6929126059651,22.7747598934024,#c8102e
-19.6953505368049,22.7757217700793,#c8102e
-19.6977914804344,22.7766759753603,#c8102e
-19.7002354127142,22.7776224998091,#c8102e
-19.7026823094756,22.7785613340651,#c8102e
-19.7051321465201,22.7794924688438,#c8102e
-19.7075848996205,22.7804158949368,#c8102e
-19.7100405445206,22.7813316032122,#c8102e
-19.7124990569356,22.7822395846140,#c8102e
-19.7149604125524,22.7831398301630,#c8102e
-19.7174245870297,22.7840323309562,#c8102e
-19.7198915559985,22.7849170781675,#c8102e
-19.7223612950620,22.7857940630473,#c8102e
-19.7248337797959,22.7866632769226,#c8102e
-19.7273089857491,22.7875247111976,#c8102e
-19.7297868884433,22.7883783573532,#c8102e
-19.7322674633736,22.7892242069473,#c8102e
-19.7347506860087,22.7900622516151,#c8102e
-19.7372365317912,22.7908924830689,#c8102e
-19.7397249761375,22.7917148930981,#c8102e
-19.7422159944385,22.7925294735697,#c8102e
-19.7447095620597,22.7933362164280,#c8102e
-19.7472056543412,22.7941351136947,#c8102e
-19.7497042465984,22.7949261574694,#c8102e
-19.7522053141216,22.7957093399291,#c8102e
-19.7547088321769,22.7964846533286,#c8102e
-19.7572147760062,22.7972520900006,#c8102e
-19.7597231208271,22.7980116423555,#c8102e
-19.7622338418339,22.7987633028820,#c8102e
-19.7647469141970,22.7995070641465,#c8102e
-19.7672623130638,22.8002429187938,#c8102e
-19.7697800135585,22.8009708595466,#c8102e
-19.7722999907827,22.8016908792062,#c8102e
-19.7748222198155,22.8024029706520,#c8102e
-19.7773466757135,22.8031071268418,#c8102e
-19.7798733335115,22.8038033408121,#c8102e
-19.7824021682226,22.8044916056776,#c8102e
-19.7849331548380,22.8051719146319,#c8102e
-19.7874662683280,22.8058442609472,#c8102e
-19.7900014836416,22.8065086379744,#c8102e
-19.7925387757073,22.8071650391432,#c8102e
-19.7950781194327,22.8078134579622,#c8102e
-19.7976194897055,22.8084538880189,#c8102e
-19.8001628613930,22.8090863229800,#c8102e
-19.8027082093429,22.8097107565911,#c8102e
-19.8052555083834,22.8103271826768,#c8102e
-19.8078047333233,22.8109355951412,#c8102e
-19.8103558589523,22.8115359879674,#c8102e
-19.8129088600414,22.8121283552179,#c8102e
-19.8154637113432,22.8127126910346,#c8102e
-19.8180203875917,22.8132889896388,#c8102e
-19.8205788635030,22.8138572453312,#c8102e
-19.8231391137755,22.8144174524922,#c8102e
-19.8257011130898,22.8149696055816,#c8102e
-19.8282648361095,22.8155136991391,#c8102e
-19.8308302574809,22.8160497277838,#c8102e
-19.8333973518336,22.8165776862148,#c8102e
-19.8359660937808,22.8170975692110,#c8102e
-19.8385364579192,22.8176093716309,#c8102e
-19.8411084188294,22.8181130884133,#c8102e
-19.8436819510766,22.8186087145766,#c8102e
-19.8462570292100,22.8190962452195,#c8102e
-19.8488336277637,22.8195756755205,#c8102e
-19.8514117212569,22.8200470007385,#c8102e
-19.8539912841939,22.8205102162122,#c8102e
-19.8565722910643,22.8209653173609,#c8102e
-19.8591547163438,22.8214122996838,#c8102e
-19.8617385344936,22.8218511587605,#c8102e
-19.8643237199616,22.8222818902511,#c8102e
-19.8669102471819,22.8227044898959,#c8102e
-19.8694980905753,22.8231189535155,#c8102e
-19.8720872245497,22.8235252770113,#c8102e
-19.8746776235003,22.8239234563650,#c8102e
-19.8772692618096,22.8243134876388,#c8102e
-19.8798621138480,22.8246953669755,#c8102e
-19.8824561539738,22.8250690905987,#c8102e
-19.8850513565336,22.8254346548124,#c8102e
-19.8876476958625,22.8257920560014,#c8102e
-19.8902451462844,22.8261412906312,#c8102e
-19.8928436821121,22.8264823552483,#c8102e
-19.8954432776477,22.8268152464795,#c8102e
-19.8980439071830,22.8271399610329,#c8102e
-19.9006455449993,22.8274564956972,#c8102e
-19.9032481653680,22.8277648473421,#c8102e
-19.9058517425510,22.8280650129183,#c8102e
-19.9084562508005,22.8283569894571,#c8102e
-19.9110616643595,22.8286407740713,#c8102e
-19.9136679574622,22.8289163639543,#c8102e
-19.9162751043340,22.8291837563808,#c8102e
-19.9188830791919,22.8294429487063,#c8102e
-19.9214918562446,22.8296939383677,#c8102e
-19.9241014096930,22.8299367228828,#c8102e
-19.9267117137302,22.8301712998506,#c8102e
-19.9293227425421,22.8303976669513,#c8102e
-19.9319344703072,22.8306158219464,#c8102e
-19.9345468711972,22.8308257626783,#c8102e
-19.9371599193770,22.8310274870709,#c8102e
-19.9397735890054,22.8312209931292,#c8102e
-19.9423878542347,22.8314062789397,#c8102e
-19.9450026892116,22.8315833426699,#c8102e
-19.9476180680769,22.8317521825688,#c8102e
-19.9502339649663,22.8319127969667,#c8102e
-19.9528503540102,22.8320651842753,#c8102e
-19.9554672093342,22.8322093429874,#c8102e
-19.9580845050592,22.8323452716775,#c8102e
-19.9607022153018,22.8324729690013,#c8102e
-19.9633203141745,22.8325924336960,#c8102e
-19.9659387757861,22.8327036645801,#c8102e
-19.9685575742416,22.8328066605536,#c8102e
-19.9711766836426,22.8329014205980,#c8102e
-19.9737960780880,22.8329879437762,#c8102e
-19.9764157316735,22.8330662292324,#c8102e
-19.9790356184925,22.8331362761926,#c8102e
-19.9816557126359,22.8331980839639,#c8102e
-19.9842759881926,22.8332516519352,#c8102e
-19.9868964192499,22.8332969795766,#c8102e
-19.9895169798932,22.8333340664400,#c8102e
-19.9921376442069,22.8333629121586,#c8102e
-19.9947583862744,22.8333835164470,#c8102e
-19.9973791801781,22.8333958791016,#c8102e
-20.0000000000000,22.8334000000000,#c8102e
-20.0000000000000,22.8334000000000,#c8102e
-20.0000000000000,23.0000000000000,#c8102e
-20.0000000000000,23.0000000000000,#c8102e
-20.0031447322077,22.9999950553174,#c8102e
-20.0062894333161,22.9999802213187,#c8102e
-20.0094340722259,22.9999554981504,#c8102e
-20.0125786178387,22.9999208860571,#c8102e
-20.0157230390570,22.9998763853811,#c8102e
-20.0188673047845,22.9998219965625,#c8102e
-20.0220113839262,22.9997577201391,#c8102e
-20.0251552453894,22.9996835567465,#c8102e
-20.0282988580831,22.9995995071183,#c8102e
-20.0314421909191,22.9995055720856,#c8102e
-20.0345852128118,22.9994017525774,#c8102e
-20.0377278926787,22.9992880496203,#c8102e
-20.0408701994407,22.9991644643389,#c8102e
-20.0440121020224,22.9990309979553,#c8102e
-20.0471535693523,22.9988876517894,#c8102e
-20.0502945703634,22.9987344272588,#c8102e
-20.0534350739931,22.9985713258788,#c8102e
-20.0565750491838,22.9983983492624,#c8102e
-20.0597144648832,22.9982154991202,#c8102e
-20.0628532900445,22.9980227772604,#c8102e
-20.0659914936266,22.9978201855890,#c8102e
-20.0691290445948,22.9976077261095,#c8102e
-20.0722659119206,22.9973854009230,#c8102e
-20.0754020645824,22.9971532122280,#c8102e
-20.0785374715657,22.9969111623209,#c8102e
-20.0816721018632,22.9966592535954,#c8102e
-20.0848059244755,22.9963974885425,#c8102e
-20.0879389084111,22.9961258697511,#c8102e
-20.0910710226866,22.9958443999073,#c8102e
-20.0942022363276,22.9955530817947,#c8102e
-20.0973325183683,22.9952519182941,#c8102e
-20.1004618378522,22.9949409123839,#c8102e
-20.1035901638322,22.9946200671398,#c8102e
-20.1067174653714,22.9942893857347,#c8102e
-20.1098437115425,22.9939488714389,#c8102e
-20.1129688714291,22.9935985276197,#c8102e
-20.1160929141252,22.9932383577419,#c8102e
-20.1192158087362,22.9928683653674,#c8102e
-20.1223375243785,22.9924885541551,#c8102e
-20.1254580301803,22.9920989278612,#c8102e
-20.1285772952819,22.9916994903387,#c8102e
-20.1316952888356,22.9912902455379,#c8102e
-20.1348119800066,22.9908711975059,#c8102e
-20.1379273379727,22.9904423503868,#c8102e
-20.1410413319249,22.9900037084218,#c8102e
-20.1441539310680,22.9895552759486,#c8102e
-20.1472651046201,22.9890970574020,#c8102e
-20.1503748218139,22.9886290573134,#c8102e
-20.1534830518962,22.9881512803112,#c8102e
-20.1565897641286,22.9876637311201,#c8102e
-20.1596949277875,22.9871664145619,#c8102e
-20.1627985121651,22.9866593355545,#c8102e
-20.1659004865687,22.9861424991127,#c8102e
-20.1690008203218,22.9856159103477,#c8102e
-20.1720994827642,22.9850795744671,#c8102e
-20.1751964432519,22.9845334967749,#c8102e
-20.1782916711580,22.9839776826716,#c8102e
-20.1813851358727,22.9834121376536,#c8102e
-20.1844768068035,22.9828368673140,#c8102e
-20.1875666533758,22.9822518773417,#c8102e
-20.1906546450331,22.9816571735221,#c8102e
-20.1937407512369,22.9810527617362,#c8102e
-20.1968249414677,22.9804386479613,#c8102e
-20.1999071852248,22.9798148382707,#c8102e
-20.2029874520268,22.9791813388335,#c8102e
-20.2060657114117,22.9785381559144,#c8102e
-20.2091419329376,22.9778852958743,#c8102e
-20.2122160861825,22.9772227651694,#c8102e
-20.2152881407451,22.9765505703519,#c8102e
-20.2183580662446,22.9758687180691,#c8102e
-20.2214258323216,22.9751772150644,#c8102e
-20.2244914086376,22.9744760681761,#c8102e
-20.2275547648761,22.9737652843382,#c8102e
-20.2306158707424,22.9730448705798,#c8102e
-20.2336746959643,22.9723148340255,#c8102e
-20.2367312102917,22.9715751818948,#c8102e
-20.2397853834977,22.9708259215023,#c8102e
-20.2428371853786,22.9700670602579,#c8102e
-20.2458865857539,22.9692986056661,#c8102e
-20.2489335544669,22.9685205653266,#c8102e
-20.2519780613851,22.9677329469335,#c8102e
-20.2550200764003,22.9669357582760,#c8102e
-20.2580595694289,22.9661290072377,#c8102e
-20.2610965104121,22.9653127017970,#c8102e
-20.2641308693166,22.9644868500265,#c8102e
-20.2671626161345,22.9636514600934,#c8102e
-20.2701917208838,22.9628065402592,#c8102e
-20.2732181536085,22.9619520988796,#c8102e
-20.2762418843791,22.9610881444044,#c8102e
-20.2792628832928,22.9602146853777,#c8102e
-20.2822811204740,22.9593317304374,#c8102e
-20.2852965660740,22.9584392883153,#c8102e
-20.2883091902722,22.9575373678372,#c8102e
-20.2913189632755,22.9566259779224,#c8102e
-20.2943258553193,22.9557051275841,#c8102e
-20.2973298366672,22.9547748259289,#c8102e
-20.3003308776117,22.9538350821567,#c8102e
-20.3033289484746,22.9528859055612,#c8102e
-20.3063240196068,22.9519273055291,#c8102e
-20.3093160613889,22.9509592915403,#c8102e
-20.3123050442315,22.9499818731679,#c8102e
-20.3152909385755,22.9489950600779,#c8102e
-20.3182737148923,22.9479988620292,#c8102e
-20.3212533436841,22.9469932888737,#c8102e
-20.3242297954844,22.9459783505557,#c8102e
-20.3272030408578,22.9449540571125,#c8102e
-20.3301730504008,22.9439204186736,#c8102e
-20.3331397947421,22.9428774454611,#c8102e
-20.3361032445422,22.9418251477892,#c8102e
-20.3390633704947,22.9407635360646,#c8102e
-20.3420201433257,22.9396926207859,#c8102e
-20.3449735337946,22.9386124125438,#c8102e
-20.3479235126943,22.9375229220208,#c8102e
-20.3508700508513,22.9364241599914,#c8102e
-20.3538131191263,22.9353161373215,#c8102e
-20.3567526884142,22.9341988649689,#c8102e
-20.3596887296445,22.9330723539826,#c8102e
-20.3626212137817,22.9319366155032,#c8102e
-20.3655501118252,22.9307916607623,#c8102e
-20.3684753948103,22.9296375010828,#c8102e
-20.3713970338076,22.9284741478786,#c8102e
-20.3743149999240,22.9273016126546,#c8102e
-20.3772292643028,22.9261199070064,#c8102e
-20.3801397981236,22.9249290426203,#c8102e
-20.3830465726032,22.9237290312732,#c8102e
-20.3859495589953,22.9225198848325,#c8102e
-20.3888487285914,22.9213016152558,#c8102e
-20.3917440527204,22.9200742345910,#c8102e
-20.3946355027494,22.9188377549762,#c8102e
-20.3975230500839,22.9175921886394,#c8102e
-20.4004066661678,22.9163375478984,#c8102e
-20.4032863224840,22.9150738451608,#c8102e
-20.4061619905545,22.9138010929239,#c8102e
-20.4090336419407,22.9125193037743,#c8102e
-20.4119012482440,22.9112284903881,#c8102e
-20.4147647811054,22.9099286655308,#c8102e
-20.4176242122065,22.9086198420566,#c8102e
-20.4204795132692,22.9073020329090,#c8102e
-20.4233306560565,22.9059752511204,#c8102e
-20.4261776123724,22.9046395098118,#c8102e
-20.4290203540623,22.9032948221928,#c8102e
-20.4318588530133,22.9019412015614,#c8102e
-20.4346930811544,22.9005786613042,#c8102e
-20.4375230104569,22.8992072148958,#c8102e
-20.4403486129346,22.8978268758990,#c8102e
-20.4431698606441,22.8964376579644,#c8102e
-20.4459867256851,22.8950395748305,#c8102e
-20.4487991802005,22.8936326403234,#c8102e
-20.4516071963769,22.8922168683569,#c8102e
-20.4544107464449,22.8907922729320,#c8102e
-20.4572098026791,22.8893588681371,#c8102e
-20.4600043373986,22.8879166681477,#c8102e
-20.4627943229673,22.8864656872261,#c8102e
-20.4655797317940,22.8850059397217,#c8102e
-20.4683605363327,22.8835374400704,#c8102e
-20.4711367090830,22.8820602027948,#c8102e
-20.4739082225904,22.8805742425038,#c8102e
-20.4766750494464,22.8790795738926,#c8102e
-20.4794371622888,22.8775762117426,#c8102e
-20.4821945338020,22.8760641709210,#c8102e
-20.4849471367175,22.8745434663809,#c8102e
-20.4876949438136,22.8730141131612,#c8102e
-20.4904379279164,22.8714761263862,#c8102e
-20.4931760618995,22.8699295212656,#c8102e
-20.4959093186844,22.8683743130943,#c8102e
-20.4986376712410,22.8668105172524,#c8102e
-20.5013610925876,22.8652381492048,#c8102e
-20.5040795557913,22.8636572245013,#c8102e
-20.5067930339683,22.8620677587761,#c8102e
-20.5095015002839,22.8604697677481,#c8102e
-20.5122049279531,22.8588632672204,#c8102e
-20.5149032902408,22.8572482730803,#c8102e
-20.5175965604619,22.8556248012990,#c8102e
-20.5202847119816,22.8539928679317,#c8102e
-20.5229677182158,22.8523524891171,#c8102e
-20.5256455526313,22.8507036810776,#c8102e
-20.5283181887461,22.8490464601187,#c8102e
-20.5309856001293,22.8473808426294,#c8102e
-20.5336477604021,22.8457068450816,#c8102e
-20.5363046432374,22.8440244840300,#c8102e
-20.5389562223602,22.8423337761121,#c8102e
-20.5416024715482,22.8406347380479,#c8102e
-20.5442433646316,22.8389273866399,#c8102e
-20.5468788754936,22.8372117387727,#c8102e
-20.5495089780708,22.8354878114129,#c8102e
-20.5521336463531,22.8337556216091,#c8102e
-20.5547528543841,22.8320151864916,#c8102e
-20.5573665762616,22.8302665232721,#c8102e
-20.5599747861376,22.8285096492438,#c8102e
-20.5625774582184,22.8267445817811,#c8102e
-20.5651745667654,22.8249713383394,#c8102e
-20.5677660860947,22.8231899364549,#c8102e
-20.5703519905779,22.8214003937446,#c8102e
-20.5729322546420,22.8196027279059,#c8102e
-20.5755068527699,22.8177969567166,#c8102e
-20.5780757595004,22.8159830980346,#c8102e
-20.5806389494286,22.8141611697978,#c8102e
-20.5831963972063,22.8123311900239,#c8102e
-20.5857480775418,22.8104931768103,#c8102e
-20.5882939652008,22.8086471483338,#c8102e
-20.5908340350060,22.8067931228503,#c8102e
-20.5933682618376,22.8049311186951,#c8102e
-20.5958966206339,22.8030611542822,#c8102e
-20.5984190863909,22.8011832481044,#c8102e
-20.6009356341631,22.7992974187328,#c8102e
-20.6034462390634,22.7974036848173,#c8102e
-20.6059508762635,22.7955020650856,#c8102e
-20.6084495209942,22.7935925783435,#c8102e
-20.6109421485454,22.7916752434747,#c8102e
-20.6134287342667,22.7897500794403,#c8102e
-20.6159092535672,22.7878171052791,#c8102e
-20.6183836819162,22.7858763401069,#c8102e
-20.6208519948432,22.7839278031166,#c8102e
-20.6233141679382,22.7819715135780,#c8102e
-20.6257701768518,22.7800074908377,#c8102e
-20.6282199972956,22.7780357543184,#c8102e
-20.6306636050426,22.7760563235196,#c8102e
-20.6331009759268,22.7740692180164,#c8102e
-20.6355320858444,22.7720744574601,#c8102e
-20.6379569107531,22.7700720615776,#c8102e
-20.6403754266730,22.7680620501713,#c8102e
-20.6427876096865,22.7660444431190,#c8102e
-20.6451934359387,22.7640192603735,#c8102e
-20.6475928816374,22.7619865219625,#c8102e
-20.6499859230536,22.7599462479887,#c8102e
-20.6523725365218,22.7578984586289,#c8102e
-20.6547526984397,22.7558431741346,#c8102e
-20.6571263852692,22.7537804148312,#c8102e
-20.6594935735359,22.7517102011180,#c8102e
-20.6618542398299,22.7496325534682,#c8102e
-20.6642083608056,22.7475474924284,#c8102e
-20.6665559131824,22.7454550386184,#c8102e
-20.6688968737443,22.7433552127315,#c8102e
-20.6712312193409,22.7412480355334,#c8102e
-20.6735589268869,22.7391335278629,#c8102e
-20.6758799733627,22.7370117106310,#c8102e
-20.6781943358147,22.7348826048213,#c8102e
-20.6805019913553,22.7327462314891,#c8102e
-20.6828029171632,22.7306026117620,#c8102e
-20.6850970904838,22.7284517668389,#c8102e
-20.6873844886291,22.7262937179902,#c8102e
-20.6896650889783,22.7241284865579,#c8102e
-20.6919388689775,22.7219560939545,#c8102e
-20.6942058061407,22.7197765616638,#c8102e
-20.6964658780492,22.7175899112398,#c8102e
-20.6987190623524,22.7153961643072,#c8102e
-20.7009653367676,22.7131953425607,#c8102e
-20.7032046790807,22.7109874677651,#c8102e
-20.7054370671460,22.7087725617548,#c8102e
-20.7076624788865,22.7065506464339,#c8102e
-20.7098808922944,22.7043217437757,#c8102e
-20.7120922854310,22.7020858758226,#c8102e
-20.7142966364270,22.6998430646860,#c8102e
-20.7164939234828,22.6975933325457,#c8102e
-20.7186841248685,22.6953367016503,#c8102e
-20.7208672189246,22.6930731943164,#c8102e
-20.7230431840615,22.6908028329286,#c8102e
-20.7252119987604,22.6885256399394,#c8102e
-20.7273736415730,22.6862416378687,#c8102e
-20.7295280911222,22.6839508493040,#c8102e
-20.7316753261017,22.6816532968995,#c8102e
-20.7338153252767,22.6793490033768,#c8102e
-20.7359480674841,22.6770379915237,#c8102e
-20.7380735316323,22.6747202841947,#c8102e
-20.7401916967019,22.6723959043105,#c8102e
-20.7423025417456,22.6700648748577,#c8102e
-20.7444060458884,22.6677272188886,#c8102e
-20.7465021883281,22.6653829595214,#c8102e
-20.7485909483350,22.6630321199391,#c8102e
-20.7506723052527,22.6606747233901,#c8102e
-20.7527462384980,22.6583107931875,#c8102e
-20.7548127275608,22.6559403527092,#c8102e
-20.7568717520050,22.6535634253972,#c8102e
-20.7589232914681,22.6511800347579,#c8102e
-20.7609673256617,22.6487902043614,#c8102e
-20.7630038343715,22.6463939578418,#c8102e
-20.7650327974579,22.6439913188963,#c8102e
-20.7670541948556,22.6415823112855,#c8102e
-20.7690680065743,22.6391669588330,#c8102e
-20.7710742126987,22.6367452854251,#c8102e
-20.7730727933887,22.6343173150105,#c8102e
-20.7750637288796,22.6318830716005,#c8102e
-20.7770469994823,22.6294425792680,#c8102e
-20.7790225855835,22.6269958621481,#c8102e
-20.7809904676459,22.6245429444371,#c8102e
-20.7829506262085,22.6220838503930,#c8102e
-20.7849030418864,22.6196186043345,#c8102e
-20.7868476953716,22.6171472306415,#c8102e
-20.7887845674326,22.6146697537541,#c8102e
-20.7907136389151,22.6121861981731,#c8102e
-20.7926348907417,22.6096965884593,#c8102e
-20.7945483039124,22.6072009492333,#c8102e
-20.7964538595049,22.6046993051755,#c8102e
-20.7983515386744,22.6021916810254,#c8102e
-20.8002413226540,22.5996781015819,#c8102e
-20.8021231927550,22.5971585917028,#c8102e
-20.8039971303669,22.5946331763043,#c8102e
-20.8058631169577,22.5921018803612,#c8102e
-20.8077211340738,22.5895647289064,#c8102e
-20.8095711633407,22.5870217470308,#c8102e
-20.8114131864629,22.5844729598828,#c8102e
-20.8132471852237,22.5819183926683,#c8102e
-20.8150731414863,22.5793580706504,#c8102e
-20.8168910371929,22.5767920191489,#c8102e
-20.8187008543658,22.5742202635406,#c8102e
-20.8205025751071,22.5716428292585,#c8102e
-20.8222961815988,22.5690597417917,#c8102e
-20.8240816561034,22.5664710266853,#c8102e
-20.8258589809635,22.5638767095402,#c8102e
-20.8276281386027,22.5612768160124,#c8102e
-20.8293891115251,22.5586713718132,#c8102e
-20.8311418823157,22.5560604027088,#c8102e
-20.8328864336408,22.5534439345202,#c8102e
-20.8346227482478,22.5508219931223,#c8102e
-20.8363508089658,22.5481946044447,#c8102e
-20.8380705987052,22.5455617944705,#c8102e
-20.8397821004585,22.5429235892365,#c8102e
-20.8414852973000,22.5402800148329,#c8102e
-20.8431801723862,22.5376310974030,#c8102e
-20.8448667089558,22.5349768631429,#c8102e
-20.8465448903301,22.5323173383012,#c8102e
-20.8482146999128,22.5296525491790,#c8102e
-20.8498761211907,22.5269825221294,#c8102e
-20.8515291377333,22.5243072835572,#c8102e
-20.8531737331934,22.5216268599189,#c8102e
-20.8548098913069,22.5189412777221,#c8102e
-20.8564375958933,22.5162505635255,#c8102e
-20.8580568308557,22.5135547439387,#c8102e
-20.8596675801807,22.5108538456214,#c8102e
-20.8612698279392,22.5081478952840,#c8102e
-20.8628635582859,22.5054369196865,#c8102e
-20.8644487554599,22.5027209456387,#c8102e
-20.8660254037844,22.5000000000000,#c8102e
-20.8675934876676,22.4972741096787,#c8102e
-20.8691529916020,22.4945433016322,#c8102e
-20.8707039001651,22.4918076028664,#c8102e
-20.8722461980195,22.4890670404357,#c8102e
-20.8737798699127,22.4863216414425,#c8102e
-20.8753049006778,22.4835714330369,#c8102e
-20.8768212752332,22.4808164424170,#c8102e
-20.8783289785828,22.4780566968276,#c8102e
-20.8798279958164,22.4752922235611,#c8102e
-20.8813183121098,22.4725230499562,#c8102e
-20.8827999127246,22.4697492033984,#c8102e
-20.8842727830088,22.4669707113191,#c8102e
-20.8857369083965,22.4641876011961,#c8102e
-20.8871922744086,22.4613999005523,#c8102e
-20.8886388666524,22.4586076369565,#c8102e
-20.8900766708219,22.4558108380223,#c8102e
-20.8915056726983,22.4530095314083,#c8102e
-20.8929258581496,22.4502037448177,#c8102e
-20.8943372131310,22.4473935059978,#c8102e
-20.8957397236853,22.4445788427403,#c8102e
-20.8971333759423,22.4417597828802,#c8102e
-20.8985181561199,22.4389363542963,#c8102e
-20.8998940505233,22.4361085849106,#c8102e
-20.9012610455459,22.4332765026879,#c8102e
-20.9026191276690,22.4304401356356,#c8102e
-20.9039682834620,22.4275995118037,#c8102e
-20.9053084995826,22.4247546592840,#c8102e
-20.9066397627769,22.4219056062105,#c8102e
-20.9079620598795,22.4190523807584,#c8102e
-20.9092753778139,22.4161950111443,#c8102e
-20.9105797035920,22.4133335256258,#c8102e
-20.9118750243150,22.4104679525011,#c8102e
-20.9131613271730,22.4075983201090,#c8102e
-20.9144385994452,22.4047246568283,#c8102e
-20.9157068285002,22.4018469910777,#c8102e
-20.9169660017960,22.3989653513154,#c8102e
-20.9182161068803,22.3960797660392,#c8102e
-20.9194571313902,22.3931902637855,#c8102e
-20.9206890630529,22.3902968731297,#c8102e
-20.9219118896852,22.3873996226857,#c8102e
-20.9231255991943,22.3844985411053,#c8102e
-20.9243301795773,22.3815936570786,#c8102e
-20.9255256189217,22.3786849993328,#c8102e
-20.9267119054053,22.3757725966327,#c8102e
-20.9278890272965,22.3728564777803,#c8102e
-20.9290569729544,22.3699366716140,#c8102e
-20.9302157308286,22.3670132070090,#c8102e
-20.9313652894599,22.3640861128763,#c8102e
-20.9325056374797,22.3611554181631,#c8102e
-20.9336367636108,22.3582211518521,#c8102e
-20.9347586566671,22.3552833429614,#c8102e
-20.9358713055538,22.3523420205440,#c8102e
-20.9369746992674,22.3493972136877,#c8102e
-20.9380688268962,22.3464489515147,#c8102e
-20.9391536776198,22.3434972631816,#c8102e
-20.9402292407098,22.3405421778787,#c8102e
-20.9412955055295,22.3375837248298,#c8102e
-20.9423524615343,22.3346219332922,#c8102e
-20.9434000982716,22.3316568325561,#c8102e
-20.9444384053808,22.3286884519446,#c8102e
-20.9454673725939,22.3257168208129,#c8102e
-20.9464869897349,22.3227419685486,#c8102e
-20.9474972467204,22.3197639245712,#c8102e
-20.9484981335598,22.3167827183316,#c8102e
-20.9494896403548,22.3137983793121,#c8102e
-20.9504717573001,22.3108109370258,#c8102e
-20.9514444746832,22.3078204210166,#c8102e
-20.9524077828844,22.3048268608590,#c8102e
-20.9533616723774,22.3018302861572,#c8102e
-20.9543061337287,22.2988307265455,#c8102e
-20.9552411575983,22.2958282116876,#c8102e
-20.9561667347393,22.2928227712766,#c8102e
-20.9570828559983,22.2898144350342,#c8102e
-20.9579895123155,22.2868032327111,#c8102e
-20.9588866947247,22.2837891940861,#c8102e
-20.9597743943532,22.2807723489661,#c8102e
-20.9606526024223,22.2777527271859,#c8102e
-20.9615213102471,22.2747303586076,#c8102e
-20.9623805092366,22.2717052731204,#c8102e
-20.9632301908939,22.2686775006406,#c8102e
-20.9640703468162,22.2656470711109,#c8102e
-20.9649009686947,22.2626140145003,#c8102e
-20.9657220483154,22.2595783608038,#c8102e
-20.9665335775580,22.2565401400422,#c8102e
-20.9673355483973,22.2534993822614,#c8102e
-20.9681279529021,22.2504561175327,#c8102e
-20.9689107832362,22.2474103759520,#c8102e
-20.9696840316577,22.2443621876398,#c8102e
-20.9704476905198,22.2413115827406,#c8102e
-20.9712017522704,22.2382585914232,#c8102e
-20.9719462094522,22.2352032438795,#c8102e
-20.9726810547032,22.2321455703251,#c8102e
-20.9734062807560,22.2290856009983,#c8102e
-20.9741218804387,22.2260233661605,#c8102e
-20.9748278466745,22.2229588960950,#c8102e
-20.9755241724818,22.2198922211076,#c8102e
-20.9762108509744,22.2168233715257,#c8102e
-20.9768878753615,22.2137523776984,#c8102e
-20.9775552389477,22.2106792699957,#c8102e
-20.9782129351332,22.2076040788089,#c8102e
-20.9788609574139,22.2045268345495,#c8102e
-20.9794992993811,22.2014475676495,#c8102e
-20.9801279547222,22.1983663085610,#c8102e
-20.9807469172200,22.1952830877557,#c8102e
-20.9813561807536,22.1921979357246,#c8102e
-20.9819557392975,22.1891108829779,#c8102e
-20.9825455869226,22.1860219600447,#c8102e
-20.9831257177957,22.1829311974724,#c8102e
-20.9836961261796,22.1798386258267,#c8102e
-20.9842568064334,22.1767442756911,#c8102e
-20.9848077530122,22.1736481776669,#c8102e
-20.9853489604676,22.1705503623725,#c8102e
-20.9858804234474,22.1674508604432,#c8102e
-20.9864021366957,22.1643497025313,#c8102e
-20.9869140950532,22.1612469193052,#c8102e
-20.9874162934568,22.1581425414493,#c8102e
-20.9879087269402,22.1550365996642,#c8102e
-20.9883913906335,22.1519291246655,#c8102e
-20.9888642797634,22.1488201471842,#c8102e
-20.9893273896535,22.1457096979662,#c8102e
-20.9897807157238,22.1425978077718,#c8102e
-20.9902242534912,22.1394845073755,#c8102e
-20.9906579985694,22.1363698275661,#c8102e
-20.9910819466690,22.1332537991456,#c8102e
-20.9914960935974,22.1301364529297,#c8102e
-20.9919004352589,22.1270178197469,#c8102e
-20.9922949676548,22.1238979304385,#c8102e
-20.9926796868835,22.1207768158582,#c8102e
-20.9930545891404,22.1176545068718,#c8102e
-20.9934196707178,22.1145310343571,#c8102e
-20.9937749280054,22.1114064292032,#c8102e
-20.9941203574899,22.1082807223105,#c8102e
-20.9944559557553,22.1051539445901,#c8102e
-20.9947817194826,22.1020261269640,#c8102e
-20.9950976454503,22.0988973003642,#c8102e
-20.9954037305340,22.0957674957330,#c8102e
-20.9956999717068,22.0926367440220,#c8102e
-20.9959863660391,22.0895050761925,#c8102e
-20.9962629106986,22.0863725232145,#c8102e
-20.9965296029503,22.0832391160672,#c8102e
-20.9967864401570,22.0801048857378,#c8102e
-20.9970334197787,22.0769698632220,#c8102e
-20.9972705393728,22.0738340795231,#c8102e
-20.9974977965945,22.0706975656520,#c8102e
-20.9977151891963,22.0675603526269,#c8102e
-20.9979227150282,22.0644224714728,#c8102e
-20.9981203720381,22.0612839532213,#c8102e
-20.9983081582713,22.0581448289105,#c8102e
-20.9984860718705,22.0550051295842,#c8102e
-20.9986541110765,22.0518648862921,#c8102e
-20.9988122742273,22.0487241300892,#c8102e
-20.9989605597588,22.0455828920356,#c8102e
-20.9990989662047,22.0424412031961,#c8102e
-20.9992274921961,22.0392990946401,#c8102e
-20.9993461364620,22.0361565974410,#c8102e
-20.9994548978291,22.0330137426761,#c8102e
-20.9995537752218,22.0298705614263,#c8102e
-20.9996427676622,22.0267270847755,#c8102e
-20.9997218742704,22.0235833438109,#c8102e
-20.9997910942639,22.0204393696219,#c8102e
-20.9998504269583,22.0172951933006,#c8102e
-20.9998998717668,22.0141508459408,#c8102e
-20.9999394282003,22.0110063586381,#c8102e
-20.9999690958677,22.0078617624895,#c8102e
-20.9999888744757,22.0047170885930,#c8102e
-20.9999987638286,22.0015723680476,#c8102e
-20.9999987638286,21.9984276319524,#c8102e
-20.9999888744757,21.9952829114070,#c8102e
-20.9999690958677,21.9921382375105,#c8102e
-20.9999394282003,21.9889936413619,#c8102e
-20.9998998717668,21.9858491540592,#c8102e
-20.9998504269583,21.9827048066994,#c8102e
-20.9997910942639,21.9795606303781,#c8102e
-20.9997218742704,21.9764166561891,#c8102e
-20.9996427676622,21.9732729152245,#c8102e
-20.9995537752218,21.9701294385737,#c8102e
-20.9994548978291,21.9669862573239,#c8102e
-20.9993461364620,21.9638434025590,#c8102e
-20.9992274921961,21.9607009053599,#c8102e
-20.9990989662047,21.9575587968039,#c8102e
-20.9989605597588,21.9544171079644,#c8102e
-20.9988122742273,21.9512758699108,#c8102e
-20.9986541110765,21.9481351137079,#c8102e
-20.9984860718705,21.9449948704158,#c8102e
-20.9983081582713,21.9418551710895,#c8102e
-20.9981203720381,21.9387160467787,#c8102e
-20.9979227150282,21.9355775285272,#c8102e
-20.9977151891963,21.9324396473731,#c8102e
-20.9974977965945,21.9293024343480,#c8102e
-20.9972705393728,21.9261659204769,#c8102e
-20.9970334197787,21.9230301367780,#c8102e
-20.9967864401570,21.9198951142622,#c8102e
-20.9965296029503,21.9167608839328,#c8102e
-20.9962629106986,21.9136274767855,#c8102e
-20.9959863660391,21.9104949238075,#c8102e
-20.9956999717068,21.9073632559780,#c8102e
-20.9954037305340,21.9042325042670,#c8102e
-20.9950976454503,21.9011026996358,#c8102e
-20.9947817194826,21.8979738730360,#c8102e
-20.9944559557553,21.8948460554099,#c8102e
-20.9941203574899,21.8917192776895,#c8102e
-20.9937749280054,21.8885935707968,#c8102e
-20.9934196707178,21.8854689656429,#c8102e
-20.9930545891404,21.8823454931282,#c8102e
-20.9926796868835,21.8792231841418,#c8102e
-20.9922949676548,21.8761020695615,#c8102e
-20.9919004352589,21.8729821802531,#c8102e
-20.9914960935974,21.8698635470703,#c8102e
-20.9910819466690,21.8667462008544,#c8102e
-20.9906579985694,21.8636301724339,#c8102e
-20.9902242534912,21.8605154926245,#c8102e
-20.9897807157238,21.8574021922282,#c8102e
-20.9893273896535,21.8542903020338,#c8102e
-20.9888642797634,21.8511798528158,#c8102e
-20.9883913906335,21.8480708753345,#c8102e
-20.9879087269402,21.8449634003358,#c8102e
-20.9874162934568,21.8418574585507,#c8102e
-20.9869140950532,21.8387530806948,#c8102e
-20.9864021366957,21.8356502974687,#c8102e
-20.9858804234474,21.8325491395568,#c8102e
-20.9853489604676,21.8294496376275,#c8102e
-20.9848077530122,21.8263518223331,#c8102e
-20.9842568064334,21.8232557243089,#c8102e
-20.9836961261796,21.8201613741733,#c8102e
-20.9831257177957,21.8170688025276,#c8102e
-20.9825455869226,21.8139780399553,#c8102e
-20.9819557392975,21.8108891170221,#c8102e
-20.9813561807536,21.8078020642754,#c8102e
-20.9807469172200,21.8047169122443,#c8102e
-20.9801279547222,21.8016336914390,#c8102e
-20.9794992993811,21.7985524323505,#c8102e
-20.9788609574139,21.7954731654505,#c8102e
-20.9782129351332,21.7923959211911,#c8102e
-20.9775552389477,21.7893207300043,#c8102e
-20.9768878753615,21.7862476223016,#c8102e
-20.9762108509744,21.7831766284743,#c8102e
-20.9755241724818,21.7801077788924,#c8102e
-20.9748278466745,21.7770411039050,#c8102e
-20.9741218804387,21.7739766338396,#c8102e
-20.9734062807560,21.7709143990017,#c8102e
-20.9726810547032,21.7678544296749,#c8102e
-20.9719462094522,21.7647967561205,#c8102e
-20.9712017522704,21.7617414085768,#c8102e
-20.9704476905198,21.7586884172594,#c8102e
-20.9696840316577,21.7556378123602,#c8102e
-20.9689107832362,21.7525896240480,#c8102e
-20.9681279529021,21.7495438824673,#c8102e
-20.9673355483973,21.7465006177386,#c8102e
-20.9665335775580,21.7434598599578,#c8102e
-20.9657220483154,21.7404216391962,#c8102e
-20.9649009686947,21.7373859854997,#c8102e
-20.9640703468162,21.7343529288891,#c8102e
-20.9632301908939,21.7313224993594,#c8102e
-20.9623805092366,21.7282947268796,#c8102e
-20.9615213102471,21.7252696413924,#c8102e
-20.9606526024223,21.7222472728141,#c8102e
-20.9597743943532,21.7192276510339,#c8102e
-20.9588866947247,21.7162108059139,#c8102e
-20.9579895123155,21.7131967672889,#c8102e
-20.9570828559983,21.7101855649658,#c8102e
-20.9561667347393,21.7071772287234,#c8102e
-20.9552411575983,21.7041717883124,#c8102e
-20.9543061337287,21.7011692734545,#c8102e
-20.9533616723774,21.6981697138428,#c8102e
-20.9524077828845,21.6951731391410,#c8102e
-20.9514444746832,21.6921795789834,#c8102e
-20.9504717573001,21.6891890629742,#c8102e
-20.9494896403548,21.6862016206879,#c8102e
-20.9484981335598,21.6832172816684,#c8102e
-20.9474972467204,21.6802360754288,#c8102e
-20.9464869897349,21.6772580314514,#c8102e
-20.9454673725939,21.6742831791871,#c8102e
-20.9444384053808,21.6713115480554,#c8102e
-20.9434000982716,21.6683431674439,#c8102e
-20.9423524615343,21.6653780667078,#c8102e
-20.9412955055295,21.6624162751702,#c8102e
-20.9402292407098,21.6594578221213,#c8102e
-20.9391536776198,21.6565027368184,#c8102e
-20.9380688268962,21.6535510484853,#c8102e
-20.9369746992674,21.6506027863123,#c8102e
-20.9358713055538,21.6476579794560,#c8102e
-20.9347586566671,21.6447166570386,#c8102e
-20.9336367636108,21.6417788481479,#c8102e
-20.9325056374797,21.6388445818369,#c8102e
-20.9313652894599,21.6359138871237,#c8102e
-20.9302157308286,21.6329867929910,#c8102e
-20.9290569729544,21.6300633283860,#c8102e
-20.9278890272965,21.6271435222197,#c8102e
-20.9267119054053,21.6242274033673,#c8102e
-20.9255256189217,21.6213150006672,#c8102e
-20.9243301795773,21.6184063429215,#c8102e
-20.9231255991943,21.6155014588947,#c8102e
-20.9219118896852,21.6126003773143,#c8102e
-20.9206890630529,21.6097031268703,#c8102e
-20.9194571313902,21.6068097362145,#c8102e
-20.9182161068803,21.6039202339608,#c8102e
-20.9169660017960,21.6010346486846,#c8102e
-20.9157068285002,21.5981530089223,#c8102e
-20.9144385994452,21.5952753431717,#c8102e
-20.9131613271730,21.5924016798910,#c8102e
-20.9118750243150,21.5895320474989,#c8102e
-20.9105797035920,21.5866664743742,#c8102e
-20.9092753778139,21.5838049888557,#c8102e
-20.9079620598795,21.5809476192416,#c8102e
-20.9066397627769,21.5780943937895,#c8102e
-20.9053084995826,21.5752453407160,#c8102e
-20.9039682834620,21.5724004881963,#c8102e
-20.9026191276690,21.5695598643644,#c8102e
-20.9012610455459,21.5667234973121,#c8102e
-20.8998940505233,21.5638914150894,#c8102e
-20.8985181561199,21.5610636457037,#c8102e
-20.8971333759423,21.5582402171198,#c8102e
-20.8957397236853,21.5554211572597,#c8102e
-20.8943372131310,21.5526064940022,#c8102e
-20.8929258581496,21.5497962551823,#c8102e
-20.8915056726983,21.5469904685917,#c8102e
-20.8900766708219,21.5441891619777,#c8102e
-20.8886388666524,21.5413923630435,#c8102e
-20.8871922744086,21.5386000994477,#c8102e
-20.8857369083965,21.5358123988039,#c8102e
-20.8842727830088,21.5330292886809,#c8102e
-20.8827999127246,21.5302507966016,#c8102e
-20.8813183121098,21.5274769500438,#c8102e
-20.8798279958164,21.5247077764389,#c8102e
-20.8783289785828,21.5219433031724,#c8102e
-20.8768212752332,21.5191835575830,#c8102e
-20.8753049006778,21.5164285669631,#c8102e
-20.8737798699127,21.5136783585575,#c8102e
-20.8722461980195,21.5109329595643,#c8102e
-20.8707039001651,21.5081923971336,#c8102e
-20.8691529916020,21.5054566983678,#c8102e
-20.8675934876676,21.5027258903213,#c8102e
-20.8660254037844,21.5000000000000,#c8102e
-20.8644487554599,21.4972790543613,#c8102e
-20.8628635582859,21.4945630803135,#c8102e
-20.8612698279392,21.4918521047160,#c8102e
-20.8596675801807,21.4891461543786,#c8102e
-20.8580568308557,21.4864452560613,#c8102e
-20.8564375958933,21.4837494364745,#c8102e
-20.8548098913069,21.4810587222779,#c8102e
-20.8531737331934,21.4783731400811,#c8102e
-20.8515291377333,21.4756927164428,#c8102e
-20.8498761211907,21.4730174778706,#c8102e
-20.8482146999128,21.4703474508210,#c8102e
-20.8465448903301,21.4676826616988,#c8102e
-20.8448667089558,21.4650231368571,#c8102e
-20.8431801723862,21.4623689025970,#c8102e
-20.8414852973000,21.4597199851671,#c8102e
-20.8397821004585,21.4570764107635,#c8102e
-20.8380705987052,21.4544382055295,#c8102e
-20.8363508089658,21.4518053955553,#c8102e
-20.8346227482478,21.4491780068777,#c8102e
-20.8328864336408,21.4465560654798,#c8102e
-20.8311418823157,21.4439395972912,#c8102e
-20.8293891115251,21.4413286281868,#c8102e
-20.8276281386027,21.4387231839876,#c8102e
-20.8258589809635,21.4361232904598,#c8102e
-20.8240816561034,21.4335289733147,#c8102e
-20.8222961815988,21.4309402582083,#c8102e
-20.8205025751071,21.4283571707415,#c8102e
-20.8187008543658,21.4257797364594,#c8102e
-20.8168910371929,21.4232079808511,#c8102e
-20.8150731414863,21.4206419293496,#c8102e
-20.8132471852237,21.4180816073317,#c8102e
-20.8114131864629,21.4155270401172,#c8102e
-20.8095711633407,21.4129782529692,#c8102e
-20.8077211340738,21.4104352710936,#c8102e
-20.8058631169577,21.4078981196388,#c8102e
-20.8039971303669,21.4053668236957,#c8102e
-20.8021231927550,21.4028414082972,#c8102e
-20.8002413226540,21.4003218984181,#c8102e
-20.7983515386744,21.3978083189746,#c8102e
-20.7964538595049,21.3953006948245,#c8102e
-20.7945483039124,21.3927990507667,#c8102e
-20.7926348907417,21.3903034115407,#c8102e
-20.7907136389151,21.3878138018269,#c8102e
-20.7887845674326,21.3853302462459,#c8102e
-20.7868476953716,21.3828527693585,#c8102e
-20.7849030418864,21.3803813956655,#c8102e
-20.7829506262085,21.3779161496070,#c8102e
-20.7809904676459,21.3754570555629,#c8102e
-20.7790225855835,21.3730041378519,#c8102e
-20.7770469994823,21.3705574207320,#c8102e
-20.7750637288796,21.3681169283995,#c8102e
-20.7730727933887,21.3656826849895,#c8102e
-20.7710742126987,21.3632547145749,#c8102e
-20.7690680065743,21.3608330411670,#c8102e
-20.7670541948556,21.3584176887145,#c8102e
-20.7650327974579,21.3560086811037,#c8102e
-20.7630038343715,21.3536060421582,#c8102e
-20.7609673256617,21.3512097956386,#c8102e
-20.7589232914681,21.3488199652421,#c8102e
-20.7568717520050,21.3464365746028,#c8102e
-20.7548127275608,21.3440596472908,#c8102e
-20.7527462384980,21.3416892068125,#c8102e
-20.7506723052527,21.3393252766099,#c8102e
-20.7485909483350,21.3369678800609,#c8102e
-20.7465021883281,21.3346170404786,#c8102e
-20.7444060458884,21.3322727811114,#c8102e
-20.7423025417456,21.3299351251423,#c8102e
-20.7401916967019,21.3276040956895,#c8102e
-20.7380735316323,21.3252797158053,#c8102e
-20.7359480674841,21.3229620084763,#c8102e
-20.7338153252767,21.3206509966232,#c8102e
-20.7316753261017,21.3183467031005,#c8102e
-20.7295280911222,21.3160491506960,#c8102e
-20.7273736415730,21.3137583621313,#c8102e
-20.7252119987604,21.3114743600606,#c8102e
-20.7230431840615,21.3091971670714,#c8102e
-20.7208672189246,21.3069268056836,#c8102e
-20.7186841248685,21.3046632983497,#c8102e
-20.7164939234828,21.3024066674543,#c8102e
-20.7142966364270,21.3001569353140,#c8102e
-20.7120922854310,21.2979141241774,#c8102e
-20.7098808922944,21.2956782562243,#c8102e
-20.7076624788865,21.2934493535661,#c8102e
-20.7054370671460,21.2912274382452,#c8102e
-20.7032046790807,21.2890125322349,#c8102e
-20.7009653367676,21.2868046574393,#c8102e
-20.6987190623524,21.2846038356928,#c8102e
-20.6964658780492,21.2824100887602,#c8102e
-20.6942058061407,21.2802234383362,#c8102e
-20.6919388689775,21.2780439060455,#c8102e
-20.6896650889783,21.2758715134421,#c8102e
-20.6873844886291,21.2737062820098,#c8102e
-20.6850970904838,21.2715482331611,#c8102e
-20.6828029171632,21.2693973882380,#c8102e
-20.6805019913553,21.2672537685109,#c8102e
-20.6781943358147,21.2651173951787,#c8102e
-20.6758799733627,21.2629882893690,#c8102e
-20.6735589268869,21.2608664721371,#c8102e
-20.6712312193409,21.2587519644666,#c8102e
-20.6688968737443,21.2566447872685,#c8102e
-20.6665559131824,21.2545449613816,#c8102e
-20.6642083608056,21.2524525075716,#c8102e
-20.6618542398299,21.2503674465318,#c8102e
-20.6594935735359,21.2482897988820,#c8102e
-20.6571263852692,21.2462195851688,#c8102e
-20.6547526984397,21.2441568258654,#c8102e
-20.6523725365218,21.2421015413711,#c8102e
-20.6499859230536,21.2400537520113,#c8102e
-20.6475928816374,21.2380134780375,#c8102e
-20.6451934359387,21.2359807396265,#c8102e
-20.6427876096865,21.2339555568810,#c8102e
-20.6403754266730,21.2319379498287,#c8102e
-20.6379569107531,21.2299279384224,#c8102e
-20.6355320858444,21.2279255425399,#c8102e
-20.6331009759268,21.2259307819836,#c8102e
-20.6306636050426,21.2239436764804,#c8102e
-20.6282199972956,21.2219642456816,#c8102e
-20.6257701768518,21.2199925091623,#c8102e
-20.6233141679382,21.2180284864220,#c8102e
-20.6208519948432,21.2160721968834,#c8102e
-20.6183836819162,21.2141236598931,#c8102e
-20.6159092535672,21.2121828947209,#c8102e
-20.6134287342667,21.2102499205597,#c8102e
-20.6109421485454,21.2083247565253,#c8102e
-20.6084495209942,21.2064074216565,#c8102e
-20.6059508762635,21.2044979349144,#c8102e
-20.6034462390634,21.2025963151827,#c8102e
-20.6009356341631,21.2007025812672,#c8102e
-20.5984190863909,21.1988167518956,#c8102e
-20.5958966206339,21.1969388457178,#c8102e
-20.5933682618376,21.1950688813049,#c8102e
-20.5908340350060,21.1932068771497,#c8102e
-20.5882939652008,21.1913528516662,#c8102e
-20.5857480775418,21.1895068231897,#c8102e
-20.5831963972063,21.1876688099761,#c8102e
-20.5806389494286,21.1858388302022,#c8102e
-20.5780757595004,21.1840169019654,#c8102e
-20.5755068527699,21.1822030432834,#c8102e
-20.5729322546420,21.1803972720941,#c8102e
-20.5703519905779,21.1785996062554,#c8102e
-20.5677660860947,21.1768100635451,#c8102e
-20.5651745667654,21.1750286616606,#c8102e
-20.5625774582184,21.1732554182189,#c8102e
-20.5599747861376,21.1714903507562,#c8102e
-20.5573665762616,21.1697334767279,#c8102e
-20.5547528543841,21.1679848135084,#c8102e
-20.5521336463531,21.1662443783909,#c8102e
-20.5495089780708,21.1645121885871,#c8102e
-20.5468788754936,21.1627882612273,#c8102e
-20.5442433646316,21.1610726133601,#c8102e
-20.5416024715482,21.1593652619521,#c8102e
-20.5389562223602,21.1576662238879,#c8102e
-20.5363046432374,21.1559755159700,#c8102e
-20.5336477604021,21.1542931549184,#c8102e
-20.5309856001293,21.1526191573706,#c8102e
-20.5283181887461,21.1509535398813,#c8102e
-20.5256455526313,21.1492963189224,#c8102e
-20.5229677182158,21.1476475108829,#c8102e
-20.5202847119816,21.1460071320683,#c8102e
-20.5175965604619,21.1443751987010,#c8102e
-20.5149032902408,21.1427517269197,#c8102e
-20.5122049279531,21.1411367327796,#c8102e
-20.5095015002839,21.1395302322519,#c8102e
-20.5067930339683,21.1379322412239,#c8102e
-20.5040795557913,21.1363427754987,#c8102e
-20.5013610925876,21.1347618507952,#c8102e
-20.4986376712410,21.1331894827476,#c8102e
-20.4959093186844,21.1316256869057,#c8102e
-20.4931760618995,21.1300704787344,#c8102e
-20.4904379279164,21.1285238736138,#c8102e
-20.4876949438136,21.1269858868388,#c8102e
-20.4849471367175,21.1254565336191,#c8102e
-20.4821945338020,21.1239358290790,#c8102e
-20.4794371622888,21.1224237882574,#c8102e
-20.4766750494464,21.1209204261074,#c8102e
-20.4739082225904,21.1194257574962,#c8102e
-20.4711367090830,21.1179397972052,#c8102e
-20.4683605363327,21.1164625599296,#c8102e
-20.4655797317940,21.1149940602783,#c8102e
-20.4627943229673,21.1135343127739,#c8102e
-20.4600043373986,21.1120833318523,#c8102e
-20.4572098026791,21.1106411318629,#c8102e
-20.4544107464449,21.1092077270680,#c8102e
-20.4516071963769,21.1077831316431,#c8102e
-20.4487991802005,21.1063673596766,#c8102e
-20.4459867256851,21.1049604251695,#c8102e
-20.4431698606441,21.1035623420356,#c8102e
-20.4403486129346,21.1021731241010,#c8102e
-20.4375230104569,21.1007927851042,#c8102e
-20.4346930811544,21.0994213386958,#c8102e
-20.4318588530133,21.0980587984386,#c8102e
-20.4290203540623,21.0967051778072,#c8102e
-20.4261776123724,21.0953604901882,#c8102e
-20.4233306560565,21.0940247488796,#c8102e
-20.4204795132692,21.0926979670910,#c8102e
-20.4176242122065,21.0913801579434,#c8102e
-20.4147647811054,21.0900713344692,#c8102e
-20.4119012482440,21.0887715096119,#c8102e
-20.4090336419407,21.0874806962257,#c8102e
-20.4061619905545,21.0861989070761,#c8102e
-20.4032863224840,21.0849261548392,#c8102e
-20.4004066661678,21.0836624521016,#c8102e
-20.3975230500839,21.0824078113606,#c8102e
-20.3946355027494,21.0811622450238,#c8102e
-20.3917440527204,21.0799257654090,#c8102e
-20.3888487285914,21.0786983847442,#c8102e
-20.3859495589953,21.0774801151675,#c8102e
-20.3830465726032,21.0762709687268,#c8102e
-20.3801397981236,21.0750709573797,#c8102e
-20.3772292643028,21.0738800929936,#c8102e
-20.3743149999240,21.0726983873454,#c8102e
-20.3713970338076,21.0715258521214,#c8102e
-20.3684753948103,21.0703624989172,#c8102e
-20.3655501118252,21.0692083392377,#c8102e
-20.3626212137817,21.0680633844968,#c8102e
-20.3596887296445,21.0669276460174,#c8102e
-20.3567526884142,21.0658011350311,#c8102e
-20.3538131191263,21.0646838626785,#c8102e
-20.3508700508513,21.0635758400086,#c8102e
-20.3479235126943,21.0624770779792,#c8102e
-20.3449735337946,21.0613875874562,#c8102e
-20.3420201433257,21.0603073792141,#c8102e
-20.3390633704947,21.0592364639354,#c8102e
-20.3361032445422,21.0581748522108,#c8102e
-20.3331397947421,21.0571225545389,#c8102e
-20.3301730504008,21.0560795813264,#c8102e
-20.3272030408578,21.0550459428875,#c8102e
-20.3242297954844,21.0540216494443,#c8102e
-20.3212533436841,21.0530067111263,#c8102e
-20.3182737148923,21.0520011379708,#c8102e
-20.3152909385755,21.0510049399221,#c8102e
-20.3123050442315,21.0500181268321,#c8102e
-20.3093160613889,21.0490407084597,#c8102e
-20.3063240196068,21.0480726944709,#c8102e
-20.3033289484746,21.0471140944388,#c8102e
-20.3003308776117,21.0461649178433,#c8102e
-20.2973298366672,21.0452251740711,#c8102e
-20.2943258553193,21.0442948724159,#c8102e
-20.2913189632755,21.0433740220776,#c8102e
-20.2883091902722,21.0424626321628,#c8102e
-20.2852965660740,21.0415607116847,#c8102e
-20.2822811204740,21.0406682695626,#c8102e
-20.2792628832928,21.0397853146223,#c8102e
-20.2762418843791,21.0389118555956,#c8102e
-20.2732181536085,21.0380479011204,#c8102e
-20.2701917208838,21.0371934597408,#c8102e
-20.2671626161345,21.0363485399066,#c8102e
-20.2641308693166,21.0355131499735,#c8102e
-20.2610965104121,21.0346872982030,#c8102e
-20.2580595694289,21.0338709927623,#c8102e
-20.2550200764003,21.0330642417240,#c8102e
-20.2519780613851,21.0322670530665,#c8102e
-20.2489335544669,21.0314794346734,#c8102e
-20.2458865857539,21.0307013943339,#c8102e
-20.2428371853786,21.0299329397421,#c8102e
-20.2397853834977,21.0291740784977,#c8102e
-20.2367312102917,21.0284248181052,#c8102e
-20.2336746959643,21.0276851659745,#c8102e
-20.2306158707424,21.0269551294202,#c8102e
-20.2275547648761,21.0262347156618,#c8102e
-20.2244914086376,21.0255239318239,#c8102e
-20.2214258323216,21.0248227849356,#c8102e
-20.2183580662446,21.0241312819309,#c8102e
-20.2152881407451,21.0234494296481,#c8102e
-20.2122160861825,21.0227772348306,#c8102e
-20.2091419329376,21.0221147041257,#c8102e
-20.2060657114117,21.0214618440856,#c8102e
-20.2029874520268,21.0208186611665,#c8102e
-20.1999071852248,21.0201851617293,#c8102e
-20.1968249414677,21.0195613520387,#c8102e
-20.1937407512369,21.0189472382638,#c8102e
-20.1906546450331,21.0183428264779,#c8102e
-20.1875666533758,21.0177481226583,#c8102e
-20.1844768068035,21.0171631326860,#c8102e
-20.1813851358727,21.0165878623464,#c8102e
-20.1782916711580,21.0160223173284,#c8102e
-20.1751964432519,21.0154665032251,#c8102e
-20.1720994827642,21.0149204255329,#c8102e
-20.1690008203218,21.0143840896523,#c8102e
-20.1659004865687,21.0138575008873,#c8102e
-20.1627985121651,21.0133406644455,#c8102e
-20.1596949277875,21.0128335854381,#c8102e
-20.1565897641286,21.0123362688799,#c8102e
-20.1534830518962,21.0118487196888,#c8102e
-20.1503748218139,21.0113709426866,#c8102e
-20.1472651046201,21.0109029425980,#c8102e
-20.1441539310680,21.0104447240514,#c8102e
-20.1410413319249,21.0099962915782,#c8102e
-20.1379273379727,21.0095576496132,#c8102e
-20.1348119800066,21.0091288024941,#c8102e
-20.1316952888356,21.0087097544621,#c8102e
-20.1285772952819,21.0083005096613,#c8102e
-20.1254580301803,21.0079010721388,#c8102e
-20.1223375243785,21.0075114458449,#c8102e
-20.1192158087362,21.0071316346326,#c8102e
-20.1160929141252,21.0067616422581,#c8102e
-20.1129688714291,21.0064014723803,#c8102e
-20.1098437115425,21.0060511285611,#c8102e
-20.1067174653714,21.0057106142653,#c8102e
-20.1035901638322,21.0053799328602,#c8102e
-20.1004618378522,21.0050590876161,#c8102e
-20.0973325183683,21.0047480817059,#c8102e
-20.0942022363276,21.0044469182053,#c8102e
-20.0910710226866,21.0041556000927,#c8102e
-20.0879389084111,21.0038741302489,#c8102e
-20.0848059244755,21.0036025114575,#c8102e
-20.0816721018632,21.0033407464046,#c8102e
-20.0785374715657,21.0030888376791,#c8102e
-20.0754020645824,21.0028467877720,#c8102e
-20.0722659119206,21.0026145990770,#c8102e
-20.0691290445948,21.0023922738905,#c8102e
-20.0659914936266,21.0021798144110,#c8102e
-20.0628532900445,21.0019772227396,#c8102e
-20.0597144648832,21.0017845008798,#c8102e
-20.0565750491838,21.0016016507376,#c8102e
-20.0534350739931,21.0014286741212,#c8102e
-20.0502945703634,21.0012655727412,#c8102e
-20.0471535693523,21.0011123482106,#c8102e
-20.0440121020224,21.0009690020447,#c8102e
-20.0408701994407,21.0008355356611,#c8102e
-20.0377278926787,21.0007119503797,#c8102e
-20.0345852128118,21.0005982474226,#c8102e
-20.0314421909191,21.0004944279144,#c8102e
-20.0282988580831,21.0004004928817,#c8102e
-20.0251552453894,21.0003164432535,#c8102e
-20.0220113839262,21.0002422798609,#c8102e
-20.0188673047845,21.0001780034375,#c8102e
-20.0157230390570,21.0001236146189,#c8102e
-20.0125786178387,21.0000791139429,#c8102e
-20.0094340722259,21.0000445018496,#c8102e
-20.0062894333161,21.0000197786813,#c8102e
-20.0031447322077,21.0000049446826,#c8102e
-20.0000000000000,21.0000000000000,#c8102e
-20.0000000000000,21.1666000000000,#c8102e
-20.0000000000000,21.1666000000000,#c8102e
-20.0026208198219,21.1666041208984,#c8102e
-20.0052416137256,21.1666164835530,#c8102e
-20.0078623557931,21.1666370878414,#c8102e
-20.0104830201068,21.1666659335600,#c8102e
-20.0131035807501,21.1667030204234,#c8102e
-20.0157240118074,21.1667483480648,#c8102e
-20.0183442873641,21.1668019160361,#c8102e
-20.0209643815075,21.1668637238074,#c8102e
-20.0235842683265,21.1669337707676,#c8102e
-20.0262039219120,21.1670120562238,#c8102e
-20.0288233163574,21.1670985794020,#c8102e
-20.0314424257584,21.1671933394464,#c8102e
-20.0340612242139,21.1672963354199,#c8102e
-20.0366796858255,21.1674075663040,#c8102e
-20.0392977846982,21.1675270309987,#c8102e
-20.0419154949408,21.1676547283225,#c8102e
-20.0445327906658,21.1677906570126,#c8102e
-20.0471496459898,21.1679348157247,#c8102e
-20.0497660350337,21.1680872030333,#c8102e
-20.0523819319231,21.1682478174312,#c8102e
-20.0549973107884,21.1684166573301,#c8102e
-20.0576121457653,21.1685937210603,#c8102e
-20.0602264109946,21.1687790068708,#c8102e
-20.0628400806230,21.1689725129291,#c8102e
-20.0654531288028,21.1691742373217,#c8102e
-20.0680655296928,21.1693841780536,#c8102e
-20.0706772574579,21.1696023330487,#c8102e
-20.0732882862698,21.1698287001494,#c8102e
-20.0758985903070,21.1700632771172,#c8102e
-20.0785081437554,21.1703060616323,#c8102e
-20.0811169208081,21.1705570512937,#c8102e
-20.0837248956660,21.1708162436192,#c8102e
-20.0863320425378,21.1710836360457,#c8102e
-20.0889383356405,21.1713592259287,#c8102e
-20.0915437491995,21.1716430105429,#c8102e
-20.0941482574490,21.1719349870817,#c8102e
-20.0967518346320,21.1722351526579,#c8102e
-20.0993544550007,21.1725435043028,#c8102e
-20.1019560928170,21.1728600389671,#c8102e
-20.1045567223523,21.1731847535205,#c8102e
-20.1071563178879,21.1735176447517,#c8102e
-20.1097548537156,21.1738587093688,#c8102e
-20.1123523041375,21.1742079439986,#c8102e
-20.1149486434664,21.1745653451876,#c8102e
-20.1175438460262,21.1749309094013,#c8102e
-20.1201378861520,21.1753046330245,#c8102e
-20.1227307381904,21.1756865123612,#c8102e
-20.1253223764997,21.1760765436350,#c8102e
-20.1279127754503,21.1764747229887,#c8102e
-20.1305019094247,21.1768810464845,#c8102e
-20.1330897528181,21.1772955101041,#c8102e
-20.1356762800384,21.1777181097489,#c8102e
-20.1382614655064,21.1781488412395,#c8102e
-20.1408452836562,21.1785877003162,#c8102e
-20.1434277089357,21.1790346826391,#c8102e
-20.1460087158061,21.1794897837878,#c8102e
-20.1485882787431,21.1799529992615,#c8102e
-20.1511663722363,21.1804243244795,#c8102e
-20.1537429707900,21.1809037547805,#c8102e
-20.1563180489234,21.1813912854234,#c8102e
-20.1588915811706,21.1818869115867,#c8102e
-20.1614635420808,21.1823906283691,#c8102e
-20.1640339062192,21.1829024307890,#c8102e
-20.1666026481664,21.1834223137852,#c8102e
-20.1691697425191,21.1839502722162,#c8102e
-20.1717351638905,21.1844863008609,#c8102e
-20.1742988869102,21.1850303944184,#c8102e
-20.1768608862245,21.1855825475078,#c8102e
-20.1794211364970,21.1861427546688,#c8102e
-20.1819796124083,21.1867110103612,#c8102e
-20.1845362886568,21.1872873089654,#c8102e
-20.1870911399586,21.1878716447821,#c8102e
-20.1896441410477,21.1884640120326,#c8102e
-20.1921952666767,21.1890644048588,#c8102e
-20.1947444916166,21.1896728173232,#c8102e
-20.1972917906571,21.1902892434089,#c8102e
-20.1998371386070,21.1909136770200,#c8102e
-20.2023805102945,21.1915461119811,#c8102e
-20.2049218805673,21.1921865420378,#c8102e
-20.2074612242927,21.1928349608568,#c8102e
-20.2099985163584,21.1934913620256,#c8102e
-20.2125337316720,21.1941557390528,#c8102e
-20.2150668451620,21.1948280853681,#c8102e
-20.2175978317774,21.1955083943224,#c8102e
-20.2201266664885,21.1961966591879,#c8102e
-20.2226533242865,21.1968928731582,#c8102e
-20.2251777801845,21.1975970293480,#c8102e
-20.2277000092173,21.1983091207938,#c8102e
-20.2302199864415,21.1990291404534,#c8102e
-20.2327376869362,21.1997570812062,#c8102e
-20.2352530858030,21.2004929358535,#c8102e
-20.2377661581661,21.2012366971180,#c8102e
-20.2402768791729,21.2019883576445,#c8102e
-20.2427852239938,21.2027479099994,#c8102e
-20.2452911678231,21.2035153466714,#c8102e
-20.2477946858784,21.2042906600709,#c8102e
-20.2502957534016,21.2050738425306,#c8102e
-20.2527943456588,21.2058648863053,#c8102e
-20.2552904379403,21.2066637835720,#c8102e
-20.2577840055615,21.2074705264303,#c8102e
-20.2602750238625,21.2082851069019,#c8102e
-20.2627634682088,21.2091075169311,#c8102e
-20.2652493139913,21.2099377483849,#c8102e
-20.2677325366264,21.2107757930527,#c8102e
-20.2702131115567,21.2116216426468,#c8102e
-20.2726910142509,21.2124752888024,#c8102e
-20.2751662202041,21.2133367230774,#c8102e
-20.2776387049380,21.2142059369527,#c8102e
-20.2801084440015,21.2150829218325,#c8102e
-20.2825754129703,21.2159676690438,#c8102e
-20.2850395874476,21.2168601698370,#c8102e
-20.2875009430644,21.2177604153860,#c8102e
-20.2899594554794,21.2186683967878,#c8102e
-20.2924151003795,21.2195841050632,#c8102e
-20.2948678534799,21.2205075311562,#c8102e
-20.2973176905244,21.2214386659349,#c8102e
-20.2997645872858,21.2223775001909,#c8102e
-20.3022085195656,21.2233240246397,#c8102e
-20.3046494631951,21.2242782299207,#c8102e
-20.3070873940349,21.2252401065976,#c8102e
-20.3095222879752,21.2262096451580,#c8102e
-20.3119541209367,21.2271868360136,#c8102e
-20.3143828688699,21.2281716695008,#c8102e
-20.3168085077562,21.2291641358802,#c8102e
-20.3192310136075,21.2301642253369,#c8102e
-20.3216503624667,21.2311719279806,#c8102e
-20.3240665304081,21.2321872338459,#c8102e
-20.3264794935372,21.2332101328919,#c8102e
-20.3288892279914,21.2342406150028,#c8102e
-20.3312957099399,21.2352786699880,#c8102e
-20.3336989155842,21.2363242875815,#c8102e
-20.3360988211581,21.2373774574430,#c8102e
-20.3384954029281,21.2384381691573,#c8102e
-20.3408886371934,21.2395064122345,#c8102e
-20.3432785002865,21.2405821761105,#c8102e
-20.3456649685732,21.2416654501467,#c8102e
-20.3480480184529,21.2427562236300,#c8102e
-20.3504276263586,21.2438544857736,#c8102e
-20.3528037687575,21.2449602257162,#c8102e
-20.3551764221512,21.2460734325228,#c8102e
-20.3575455630755,21.2471940951846,#c8102e
-20.3599111681013,21.2483222026187,#c8102e
-20.3622732138341,21.2494577436691,#c8102e
-20.3646316769148,21.2506007071058,#c8102e
-20.3669865340197,21.2517510816258,#c8102e
-20.3693377618608,21.2529088558525,#c8102e
-20.3716853371859,21.2540740183363,#c8102e
-20.3740292367791,21.2552465575545,#c8102e
-20.3763694374605,21.2564264619114,#c8102e
-20.3787059160872,21.2576137197384,#c8102e
-20.3810386495527,21.2588083192945,#c8102e
-20.3833676147880,21.2600102487657,#c8102e
-20.3856927887609,21.2612194962658,#c8102e
-20.3880141484771,21.2624360498359,#c8102e
-20.3903316709796,21.2636598974453,#c8102e
-20.3926453333498,21.2648910269908,#c8102e
-20.3949551127069,21.2661294262973,#c8102e
-20.3972609862087,21.2673750831179,#c8102e
-20.3995629310515,21.2686279851337,#c8102e
-20.4018609244706,21.2698881199545,#c8102e
-20.4041549437404,21.2711554751182,#c8102e
-20.4064449661743,21.2724300380915,#c8102e
-20.4087309691255,21.2737117962698,#c8102e
-20.4110129299870,21.2750007369773,#c8102e
-20.4132908261916,21.2762968474672,#c8102e
-20.4155646352122,21.2776001149219,#c8102e
-20.4178343345625,21.2789105264527,#c8102e
-20.4200999017965,21.2802280691006,#c8102e
-20.4223613145092,21.2815527298360,#c8102e
-20.4246185503366,21.2828844955587,#c8102e
-20.4268715869561,21.2842233530985,#c8102e
-20.4291204020867,21.2855692892149,#c8102e
-20.4313649734889,21.2869222905974,#c8102e
-20.4336052789654,21.2882823438657,#c8102e
-20.4358412963611,21.2896494355698,#c8102e
-20.4380730035629,21.2910235521900,#c8102e
-20.4403003785010,21.2924046801371,#c8102e
-20.4425233991478,21.2937928057527,#c8102e
-20.4447420435191,21.2951879153090,#c8102e
-20.4469562896740,21.2965899950094,#c8102e
-20.4491661157150,21.2979990309882,#c8102e
-20.4513714997883,21.2994150093109,#c8102e
-20.4535724200840,21.3008379159743,#c8102e
-20.4557688548364,21.3022677369068,#c8102e
-20.4579607823242,21.3037044579685,#c8102e
-20.4601481808707,21.3051480649509,#c8102e
-20.4623310288437,21.3065985435779,#c8102e
-20.4645093046565,21.3080558795050,#c8102e
-20.4666829867671,21.3095200583202,#c8102e
-20.4688520536792,21.3109910655436,#c8102e
-20.4710164839423,21.3124688866279,#c8102e
-20.4731762561513,21.3139535069584,#c8102e
-20.4753313489476,21.3154449118532,#c8102e
-20.4774817410187,21.3169430865632,#c8102e
-20.4796274110984,21.3184480162724,#c8102e
-20.4817683379676,21.3199596860980,#c8102e
-20.4839045004538,21.3214780810906,#c8102e
-20.4860358774317,21.3230031862341,#c8102e
-20.4881624478234,21.3245349864463,#c8102e
-20.4902841905984,21.3260734665786,#c8102e
-20.4924010847740,21.3276186114165,#c8102e
-20.4945131094155,21.3291704056795,#c8102e
-20.4966202436363,21.3307288340212,#c8102e
-20.4987224665982,21.3322938810298,#c8102e
-20.5008197575115,21.3338655312281,#c8102e
-20.5029120956355,21.3354437690733,#c8102e
-20.5049994602780,21.3370285789577,#c8102e
-20.5070818307966,21.3386199452085,#c8102e
-20.5091591865978,21.3402178520882,#c8102e
-20.5112315071378,21.3418222837944,#c8102e
-20.5132987719229,21.3434332244604,#c8102e
-20.5153609605090,21.3450506581549,#c8102e
-20.5174180525024,21.3466745688827,#c8102e
-20.5194700275597,21.3483049405841,#c8102e
-20.5215168653883,21.3499417571359,#c8102e
-20.5235585457462,21.3515850023510,#c8102e
-20.5255950484425,21.3532346599788,#c8102e
-20.5276263533374,21.3548907137051,#c8102e
-20.5296524403427,21.3565531471528,#c8102e
-20.5316732894216,21.3582219438812,#c8102e
-20.5336888805893,21.3598970873872,#c8102e
-20.5356991939128,21.3615785611046,#c8102e
-20.5377042095113,21.3632663484047,#c8102e
-20.5397039075566,21.3649604325964,#c8102e
-20.5416982682729,21.3666607969262,#c8102e
-20.5436872719373,21.3683674245786,#c8102e
-20.5456708988797,21.3700802986762,#c8102e
-20.5476491294833,21.3717994022797,#c8102e
-20.5496219441848,21.3735247183883,#c8102e
-20.5515893234742,21.3752562299396,#c8102e
-20.5535512478954,21.3769939198102,#c8102e
-20.5555076980462,21.3787377708154,#c8102e
-20.5574586545785,21.3804877657096,#c8102e
-20.5594040981987,21.3822438871865,#c8102e
-20.5613440096675,21.3840061178791,#c8102e
-20.5632783698005,21.3857744403601,#c8102e
-20.5652071594679,21.3875488371419,#c8102e
-20.5671303595955,21.3893292906770,#c8102e
-20.5690479511638,21.3911157833576,#c8102e
-20.5709599152092,21.3929082975165,#c8102e
-20.5728662328235,21.3947068154269,#c8102e
-20.5747668851545,21.3965113193027,#c8102e
-20.5766618534059,21.3983217912983,#c8102e
-20.5785511188377,21.4001382135094,#c8102e
-20.5804346627662,21.4019605679728,#c8102e
-20.5823124665645,21.4037888366664,#c8102e
-20.5841845116621,21.4056230015099,#c8102e
-20.5860507795458,21.4074630443646,#c8102e
-20.5879112517594,21.4093089470335,#c8102e
-20.5897659099040,21.4111606912620,#c8102e
-20.5916147356382,21.4130182587373,#c8102e
-20.5934577106782,21.4148816310894,#c8102e
-20.5952948167983,21.4167507898907,#c8102e
-20.5971260358306,21.4186257166564,#c8102e
-20.5989513496654,21.4205063928446,#c8102e
-20.6007707402518,21.4223927998567,#c8102e
-20.6025841895969,21.4242849190373,#c8102e
-20.6043916797669,21.4261827316745,#c8102e
-20.6061931928870,21.4280862190002,#c8102e
-20.6079887111412,21.4299953621901,#c8102e
-20.6097782167731,21.4319101423639,#c8102e
-20.6115616920856,21.4338305405858,#c8102e
-20.6133391194413,21.4357565378642,#c8102e
-20.6151104812624,21.4376881151521,#c8102e
-20.6168757600314,21.4396252533477,#c8102e
-20.6186349382908,21.4415679332936,#c8102e
-20.6203879986434,21.4435161357782,#c8102e
-20.6221349237526,21.4454698415349,#c8102e
-20.6238756963424,21.4474290312428,#c8102e
-20.6256102991976,21.4493936855267,#c8102e
-20.6273387151642,21.4513637849575,#c8102e
-20.6290609271492,21.4533393100522,#c8102e
-20.6307769181210,21.4553202412740,#c8102e
-20.6324866711095,21.4573065590328,#c8102e
-20.6341901692064,21.4592982436852,#c8102e
-20.6358873955652,21.4612952755347,#c8102e
-20.6375783334014,21.4632976348319,#c8102e
-20.6392629659927,21.4653053017747,#c8102e
-20.6409412766790,21.4673182565086,#c8102e
-20.6426132488631,21.4693364791268,#c8102e
-20.6442788660102,21.4713599496702,#c8102e
-20.6459381116483,21.4733886481282,#c8102e
-20.6475909693685,21.4754225544380,#c8102e
-20.6492374228253,21.4774616484858,#c8102e
-20.6508774557361,21.4795059101061,#c8102e
-20.6525110518821,21.4815553190825,#c8102e
-20.6541381951081,21.4836098551476,#c8102e
-20.6557588693227,21.4856694979834,#c8102e
-20.6573730584984,21.4877342272213,#c8102e
-20.6589807466718,21.4898040224425,#c8102e
-20.6605819179441,21.4918788631780,#c8102e
-20.6621765564806,21.4939587289089,#c8102e
-20.6637646465114,21.4960435990668,#c8102e
-20.6653461723313,21.4981334530334,#c8102e
-20.6669211182999,21.5002282701416,#c8102e
-20.6684894688421,21.5023280296749,#c8102e
-20.6700512084478,21.5044327108680,#c8102e
-20.6716063216725,21.5065422929070,#c8102e
-20.6731547931371,21.5086567549294,#c8102e
-20.6746966075282,21.5107760760245,#c8102e
-20.6762317495982,21.5129002352337,#c8102e
-20.6777602041655,21.5150292115502,#c8102e
-20.6792819561147,21.5171629839200,#c8102e
-20.6807969903966,21.5193015312413,#c8102e
-20.6823052920285,21.5214448323652,#c8102e
-20.6838068460942,21.5235928660960,#c8102e
-20.6853016377444,21.5257456111908,#c8102e
-20.6867896521965,21.5279030463604,#c8102e
-20.6882708747350,21.5300651502692,#c8102e
-20.6897452907115,21.5322319015353,#c8102e
-20.6912128855450,21.5344032787309,#c8102e
-20.6926736447219,21.5365792603824,#c8102e
-20.6941275537962,21.5387598249709,#c8102e
-20.6955745983897,21.5409449509318,#c8102e
-20.6970147641921,21.5431346166558,#c8102e
-20.6984480369609,21.5453288004883,#c8102e
-20.6998744025221,21.5475274807303,#c8102e
-20.7012938467699,21.5497306356383,#c8102e
-20.7027063556667,21.5519382434243,#c8102e
-20.7041119152438,21.5541502822567,#c8102e
-20.7055105116011,21.5563667302598,#c8102e
-20.7069021309073,21.5585875655142,#c8102e
-20.7082867594003,21.5608127660573,#c8102e
-20.7096643833869,21.5630423098834,#c8102e
-20.7110349892434,21.5652761749436,#c8102e
-20.7123985634152,21.5675143391464,#c8102e
-20.7137550924175,21.5697567803578,#c8102e
-20.7151045628351,21.5720034764015,#c8102e
-20.7164469613226,21.5742544050591,#c8102e
-20.7177822746046,21.5765095440703,#c8102e
-20.7191104894755,21.5787688711333,#c8102e
-20.7204315928003,21.5810323639047,#c8102e
-20.7217455715139,21.5833000000000,#c8102e
-20.7230524126222,21.5855717569938,#c8102e
-20.7243521032011,21.5878476124197,#c8102e
-20.7256446303976,21.5901275437711,#c8102e
-20.7269299814294,21.5924115285009,#c8102e
-20.7282081435853,21.5946995440218,#c8102e
-20.7294791042249,21.5969915677070,#c8102e
-20.7307428507793,21.5992875768897,#c8102e
-20.7319993707509,21.6015875488638,#c8102e
-20.7332486517134,21.6038914608842,#c8102e
-20.7344906813123,21.6061992901665,#c8102e
-20.7357254472647,21.6085110138878,#c8102e
-20.7369529373595,21.6108266091866,#c8102e
-20.7381731394577,21.6131460531632,#c8102e
-20.7393860414921,21.6154693228797,#c8102e
-20.7405916314681,21.6177963953605,#c8102e
-20.7417898974630,21.6201272475922,#c8102e
-20.7429808276267,21.6224618565243,#c8102e
-20.7441644101818,21.6248001990690,#c8102e
-20.7453406334234,21.6271422521014,#c8102e
-20.7465094857193,21.6294879924603,#c8102e
-20.7476709555103,21.6318373969477,#c8102e
-20.7488250313103,21.6341904423294,#c8102e
-20.7499717017061,21.6365471053355,#c8102e
-20.7511109553580,21.6389073626599,#c8102e
-20.7522427809994,21.6412711909613,#c8102e
-20.7533671674372,21.6436385668628,#c8102e
-20.7544841035521,21.6460094669527,#c8102e
-20.7555935782983,21.6483838677842,#c8102e
-20.7566955807036,21.6507617458759,#c8102e
-20.7577900998701,21.6531430777123,#c8102e
-20.7588771249736,21.6555278397435,#c8102e
-20.7599566452642,21.6579160083856,#c8102e
-20.7610286500660,21.6603075600212,#c8102e
-20.7620931287776,21.6627024709993,#c8102e
-20.7631500708720,21.6651007176359,#c8102e
-20.7641994658968,21.6675022762137,#c8102e
-20.7652413034740,21.6699071229830,#c8102e
-20.7662755733006,21.6723152341612,#c8102e
-20.7673022651483,21.6747265859337,#c8102e
-20.7683213688637,21.6771411544537,#c8102e
-20.7693328743685,21.6795589158428,#c8102e
-20.7703367716597,21.6819798461907,#c8102e
-20.7713330508093,21.6844039215561,#c8102e
-20.7723217019648,21.6868311179663,#c8102e
-20.7733027153489,21.6892614114179,#c8102e
-20.7742760812602,21.6916947778769,#c8102e
-20.7752417900726,21.6941311932787,#c8102e
-20.7761998322358,21.6965706335289,#c8102e
-20.7771501982756,21.6990130745029,#c8102e
-20.7780928787933,21.7014584920464,#c8102e
-20.7790278644664,21.7039068619760,#c8102e
-20.7799551460485,21.7063581600787,#c8102e
-20.7808747143695,21.7088123621127,#c8102e
-20.7817865603353,21.7112694438076,#c8102e
-20.7826906749283,21.7137293808644,#c8102e
-20.7835870492075,21.7161921489559,#c8102e
-20.7844756743083,21.7186577237268,#c8102e
-20.7853565414427,21.7211260807943,#c8102e
-20.7862296418995,21.7235971957477,#c8102e
-20.7870949670444,21.7260710441494,#c8102e
-20.7879525083197,21.7285476015345,#c8102e
-20.7888022572450,21.7310268434116,#c8102e
-20.7896442054168,21.7335087452623,#c8102e
-20.7904783445087,21.7359932825424,#c8102e
-20.7913046662717,21.7384804306813,#c8102e
-20.7921231625339,21.7409701650827,#c8102e
-20.7929338252010,21.7434624611247,#c8102e
-20.7937366462559,21.7459572941601,#c8102e
-20.7945316177594,21.7484546395166,#c8102e
-20.7953187318495,21.7509544724970,#c8102e
-20.7960979807424,21.7534567683796,#c8102e
-20.7968693567317,21.7559615024181,#c8102e
-20.7976328521890,21.7584686498425,#c8102e
-20.7983884595637,21.7609781858586,#c8102e
-20.7991361713835,21.7634900856486,#c8102e
-20.7998759802539,21.7660043243716,#c8102e
-20.8006078788588,21.7685208771632,#c8102e
-20.8013318599600,21.7710397191364,#c8102e
-20.8020479163978,21.7735608253814,#c8102e
-20.8027560410910,21.7760841709661,#c8102e
-20.8034562270366,21.7786097309362,#c8102e
-20.8041484673102,21.7811374803155,#c8102e
-20.8048327550660,21.7836673941061,#c8102e
-20.8055090835369,21.7861994472889,#c8102e
-20.8061774460343,21.7887336148233,#c8102e
-20.8068378359486,21.7912698716483,#c8102e
-20.8074902467490,21.7938081926816,#c8102e
-20.8081346719835,21.7963485528210,#c8102e
-20.8087711052792,21.7988909269440,#c8102e
-20.8093995403421,21.8014352899079,#c8102e
-20.8100199709575,21.8039816165508,#c8102e
-20.8106323909896,21.8065298816911,#c8102e
-20.8112367943821,21.8090800601280,#c8102e
-20.8118331751576,21.8116321266419,#c8102e
-20.8124215274186,21.8141860559944,#c8102e
-20.8130018453464,21.8167418229289,#c8102e
-20.8135741232021,21.8192994021705,#c8102e
-20.8141383553263,21.8218587684262,#c8102e
-20.8146945361390,21.8244198963856,#c8102e
-20.8152426601400,21.8269827607207,#c8102e
-20.8157827219087,21.8295473360865,#c8102e
-20.8163147161042,21.8321135971209,#c8102e
-20.8168386374655,21.8346815184453,#c8102e
-20.8173544808112,21.8372510746644,#c8102e
-20.8178622410400,21.8398222403671,#c8102e
-20.8183619131305,21.8423949901262,#c8102e
-20.8188534921413,21.8449692984988,#c8102e
-20.8193369732109,21.8475451400265,#c8102e
-20.8198123515581,21.8501224892360,#c8102e
-20.8202796224816,21.8527013206390,#c8102e
-20.8207387813604,21.8552816087324,#c8102e
-20.8211898236537,21.8578633279988,#c8102e
-20.8216327449011,21.8604464529066,#c8102e
-20.8220675407222,21.8630309579104,#c8102e
-20.8224942068173,21.8656168174511,#c8102e
-20.8229127389669,21.8682040059561,#c8102e
-20.8233231330319,21.8707924978399,#c8102e
-20.8237253849539,21.8733822675038,#c8102e
-20.8241194907548,21.8759732893366,#c8102e
-20.8245054465372,21.8785655377150,#c8102e
-20.8248832484842,21.8811589870030,#c8102e
-20.8252528928596,21.8837536115532,#c8102e
-20.8256143760078,21.8863493857064,#c8102e
-20.8259676943540,21.8889462837920,#c8102e
-20.8263128444041,21.8915442801284,#c8102e
-20.8266498227447,21.8941433490230,#c8102e
-20.8269786260435,21.8967434647726,#c8102e
-20.8272992510487,21.8993446016638,#c8102e
-20.8276116945896,21.9019467339730,#c8102e
-20.8279159535762,21.9045498359668,#c8102e
-20.8282120249997,21.9071538819020,#c8102e
-20.8284999059321,21.9097588460265,#c8102e
-20.8287795935264,21.9123647025786,#c8102e
-20.8290510850168,21.9149714257882,#c8102e
-20.8293143777183,21.9175789898764,#c8102e
-20.8295694690270,21.9201873690561,#c8102e
-20.8298163564205,21.9227965375320,#c8102e
-20.8300550374570,21.9254064695012,#c8102e
-20.8302855097762,21.9280171391530,#c8102e
-20.8305077710988,21.9306285206696,#c8102e
-20.8307218192269,21.9332405882261,#c8102e
-20.8309276520436,21.9358533159908,#c8102e
-20.8311252675133,21.9384666781255,#c8102e
-20.8313146636819,21.9410806487856,#c8102e
-20.8314958386762,21.9436952021208,#c8102e
-20.8316687907045,21.9463103122746,#c8102e
-20.8318335180566,21.9489259533854,#c8102e
-20.8319900191033,21.9515420995860,#c8102e
-20.8321382922969,21.9541587250045,#c8102e
-20.8322783361711,21.9567758037642,#c8102e
-20.8324101493410,21.9593933099836,#c8102e
-20.8325337305030,21.9620112177775,#c8102e
-20.8326490784350,21.9646295012563,#c8102e
-20.8327561919962,21.9672481345269,#c8102e
-20.8328550701274,21.9698670916927,#c8102e
-20.8329457118507,21.9724863468537,#c8102e
-20.8330281162698,21.9751058741074,#c8102e
-20.8331022825697,21.9777256475481,#c8102e
-20.8331682100169,21.9803456412680,#c8102e
-20.8332258979596,21.9829658293571,#c8102e
-20.8332753458270,21.9855861859033,#c8102e
-20.8333165531304,21.9882066849930,#c8102e
-20.8333495194621,21.9908273007110,#c8102e
-20.8333742444962,21.9934480071413,#c8102e
-20.8333907279881,21.9960687783666,#c8102e
-20.8333989697748,21.9986895884691,#c8102e
-20.8333989697748,22.0013104115309,#c8102e
-20.8333907279881,22.0039312216334,#c8102e
-20.8333742444962,22.0065519928587,#c8102e
-20.8333495194621,22.0091726992890,#c8102e
-20.8333165531304,22.0117933150070,#c8102e
-20.8332753458270,22.0144138140967,#c8102e
-20.8332258979596,22.0170341706429,#c8102e
-20.8331682100169,22.0196543587320,#c8102e
-20.8331022825697,22.0222743524519,#c8102e
-20.8330281162698,22.0248941258926,#c8102e
-20.8329457118507,22.0275136531463,#c8102e
-20.8328550701274,22.0301329083073,#c8102e
-20.8327561919962,22.0327518654731,#c8102e
-20.8326490784350,22.0353704987437,#c8102e
-20.8325337305030,22.0379887822225,#c8102e
-20.8324101493410,22.0406066900164,#c8102e
-20.8322783361711,22.0432241962358,#c8102e
-20.8321382922969,22.0458412749955,#c8102e
-20.8319900191033,22.0484579004140,#c8102e
-20.8318335180566,22.0510740466146,#c8102e
-20.8316687907045,22.0536896877254,#c8102e
-20.8314958386762,22.0563047978792,#c8102e
-20.8313146636819,22.0589193512144,#c8102e
-20.8311252675133,22.0615333218745,#c8102e
-20.8309276520436,22.0641466840092,#c8102e
-20.8307218192269,22.0667594117739,#c8102e
-20.8305077710988,22.0693714793304,#c8102e
-20.8302855097762,22.0719828608470,#c8102e
-20.8300550374570,22.0745935304988,#c8102e
-20.8298163564205,22.0772034624680,#c8102e
-20.8295694690270,22.0798126309439,#c8102e
-20.8293143777183,22.0824210101236,#c8102e
-20.8290510850168,22.0850285742118,#c8102e
-20.8287795935264,22.0876352974214,#c8102e
-20.8284999059321,22.0902411539735,#c8102e
-20.8282120249997,22.0928461180980,#c8102e
-20.8279159535762,22.0954501640332,#c8102e
-20.8276116945896,22.0980532660270,#c8102e
-20.8272992510487,22.1006553983362,#c8102e
-20.8269786260435,22.1032565352274,#c8102e
-20.8266498227447,22.1058566509770,#c8102e
-20.8263128444041,22.1084557198716,#c8102e
-20.8259676943540,22.1110537162080,#c8102e
-20.8256143760078,22.1136506142936,#c8102e
-20.8252528928596,22.1162463884468,#c8102e
-20.8248832484842,22.1188410129970,#c8102e
-20.8245054465372,22.1214344622850,#c8102e
-20.8241194907548,22.1240267106634,#c8102e
-20.8237253849539,22.1266177324962,#c8102e
-20.8233231330319,22.1292075021601,#c8102e
-20.8229127389669,22.1317959940439,#c8102e
-20.8224942068173,22.1343831825489,#c8102e
-20.8220675407222,22.1369690420896,#c8102e
-20.8216327449011,22.1395535470934,#c8102e
-20.8211898236537,22.1421366720012,#c8102e
-20.8207387813604,22.1447183912676,#c8102e
-20.8202796224816,22.1472986793610,#c8102e
-20.8198123515581,22.1498775107640,#c8102e
-20.8193369732109,22.1524548599735,#c8102e
-20.8188534921413,22.1550307015012,#c8102e
-20.8183619131305,22.1576050098738,#c8102e
-20.8178622410400,22.1601777596329,#c8102e
-20.8173544808112,22.1627489253356,#c8102e
-20.8168386374655,22.1653184815547,#c8102e
-20.8163147161042,22.1678864028791,#c8102e
-20.8157827219087,22.1704526639135,#c8102e
-20.8152426601400,22.1730172392793,#c8102e
-20.8146945361390,22.1755801036144,#c8102e
-20.8141383553263,22.1781412315738,#c8102e
-20.8135741232021,22.1807005978295,#c8102e
-20.8130018453464,22.1832581770711,#c8102e
-20.8124215274186,22.1858139440056,#c8102e
-20.8118331751576,22.1883678733581,#c8102e
-20.8112367943821,22.1909199398720,#c8102e
-20.8106323909896,22.1934701183089,#c8102e
-20.8100199709575,22.1960183834492,#c8102e
-20.8093995403421,22.1985647100921,#c8102e
-20.8087711052792,22.2011090730560,#c8102e
-20.8081346719835,22.2036514471790,#c8102e
-20.8074902467490,22.2061918073184,#c8102e
-20.8068378359486,22.2087301283517,#c8102e
-20.8061774460343,22.2112663851767,#c8102e
-20.8055090835369,22.2138005527111,#c8102e
-20.8048327550660,22.2163326058939,#c8102e
-20.8041484673102,22.2188625196845,#c8102e
-20.8034562270366,22.2213902690638,#c8102e
-20.8027560410910,22.2239158290339,#c8102e
-20.8020479163978,22.2264391746186,#c8102e
-20.8013318599600,22.2289602808636,#c8102e
-20.8006078788588,22.2314791228368,#c8102e
-20.7998759802539,22.2339956756284,#c8102e
-20.7991361713835,22.2365099143514,#c8102e
-20.7983884595637,22.2390218141414,#c8102e
-20.7976328521890,22.2415313501575,#c8102e
-20.7968693567317,22.2440384975819,#c8102e
-20.7960979807424,22.2465432316204,#c8102e
-20.7953187318495,22.2490455275030,#c8102e
-20.7945316177594,22.2515453604834,#c8102e
-20.7937366462559,22.2540427058399,#c8102e
-20.7929338252010,22.2565375388753,#c8102e
-20.7921231625339,22.2590298349173,#c8102e
-20.7913046662717,22.2615195693187,#c8102e
-20.7904783445087,22.2640067174576,#c8102e
-20.7896442054168,22.2664912547377,#c8102e
-20.7888022572450,22.2689731565884,#c8102e
-20.7879525083197,22.2714523984655,#c8102e
-20.7870949670444,22.2739289558506,#c8102e
-20.7862296418995,22.2764028042523,#c8102e
-20.7853565414427,22.2788739192057,#c8102e
-20.7844756743083,22.2813422762732,#c8102e
-20.7835870492075,22.2838078510441,#c8102e
-20.7826906749283,22.2862706191356,#c8102e
-20.7817865603353,22.2887305561924,#c8102e
-20.7808747143695,22.2911876378873,#c8102e
-20.7799551460485,22.2936418399213,#c8102e
-20.7790278644664,22.2960931380240,#c8102e
-20.7780928787933,22.2985415079536,#c8102e
-20.7771501982756,22.3009869254971,#c8102e
-20.7761998322358,22.3034293664711,#c8102e
-20.7752417900726,22.3058688067213,#c8102e
-20.7742760812602,22.3083052221231,#c8102e
-20.7733027153489,22.3107385885821,#c8102e
-20.7723217019648,22.3131688820337,#c8102e
-20.7713330508093,22.3155960784439,#c8102e
-20.7703367716597,22.3180201538093,#c8102e
-20.7693328743685,22.3204410841572,#c8102e
-20.7683213688637,22.3228588455463,#c8102e
-20.7673022651483,22.3252734140663,#c8102e
-20.7662755733006,22.3276847658388,#c8102e
-20.7652413034740,22.3300928770170,#c8102e
-20.7641994658968,22.3324977237863,#c8102e
-20.7631500708720,22.3348992823641,#c8102e
-20.7620931287776,22.3372975290007,#c8102e
-20.7610286500660,22.3396924399788,#c8102e
-20.7599566452642,22.3420839916144,#c8102e
-20.7588771249736,22.3444721602565,#c8102e
-20.7577900998701,22.3468569222877,#c8102e
-20.7566955807036,22.3492382541241,#c8102e
-20.7555935782983,22.3516161322158,#c8102e
-20.7544841035521,22.3539905330473,#c8102e
-20.7533671674372,22.3563614331372,#c8102e
-20.7522427809994,22.3587288090387,#c8102e
-20.7511109553580,22.3610926373401,#c8102e
-20.7499717017061,22.3634528946645,#c8102e
-20.7488250313103,22.3658095576706,#c8102e
-20.7476709555103,22.3681626030523,#c8102e
-20.7465094857193,22.3705120075397,#c8102e
-20.7453406334234,22.3728577478986,#c8102e
-20.7441644101818,22.3751998009310,#c8102e
-20.7429808276267,22.3775381434757,#c8102e
-20.7417898974630,22.3798727524078,#c8102e
-20.7405916314681,22.3822036046395,#c8102e
-20.7393860414921,22.3845306771203,#c8102e
-20.7381731394577,22.3868539468368,#c8102e
-20.7369529373595,22.3891733908134,#c8102e
-20.7357254472647,22.3914889861122,#c8102e
-20.7344906813123,22.3938007098335,#c8102e
-20.7332486517134,22.3961085391158,#c8102e
-20.7319993707509,22.3984124511362,#c8102e
-20.7307428507793,22.4007124231103,#c8102e
-20.7294791042249,22.4030084322930,#c8102e
-20.7282081435853,22.4053004559781,#c8102e
-20.7269299814294,22.4075884714991,#c8102e
-20.7256446303976,22.4098724562289,#c8102e
-20.7243521032011,22.4121523875803,#c8102e
-20.7230524126222,22.4144282430062,#c8102e
-20.7217455715140,22.4167000000000,#c8102e
-20.7204315928003,22.4189676360953,#c8102e
-20.7191104894755,22.4212311288667,#c8102e
-20.7177822746046,22.4234904559297,#c8102e
-20.7164469613226,22.4257455949409,#c8102e
-20.7151045628351,22.4279965235985,#c8102e
-20.7137550924175,22.4302432196422,#c8102e
-20.7123985634152,22.4324856608536,#c8102e
-20.7110349892434,22.4347238250564,#c8102e
-20.7096643833869,22.4369576901166,#c8102e
-20.7082867594003,22.4391872339427,#c8102e
-20.7069021309073,22.4414124344858,#c8102e
-20.7055105116011,22.4436332697402,#c8102e
-20.7041119152438,22.4458497177433,#c8102e
-20.7027063556667,22.4480617565757,#c8102e
-20.7012938467699,22.4502693643617,#c8102e
-20.6998744025221,22.4524725192697,#c8102e
-20.6984480369609,22.4546711995117,#c8102e
-20.6970147641921,22.4568653833442,#c8102e
-20.6955745983897,22.4590550490682,#c8102e
-20.6941275537962,22.4612401750291,#c8102e
-20.6926736447219,22.4634207396176,#c8102e
-20.6912128855450,22.4655967212691,#c8102e
-20.6897452907115,22.4677680984647,#c8102e
-20.6882708747350,22.4699348497308,#c8102e
-20.6867896521965,22.4720969536396,#c8102e
-20.6853016377444,22.4742543888092,#c8102e
-20.6838068460942,22.4764071339040,#c8102e
-20.6823052920285,22.4785551676348,#c8102e
-20.6807969903966,22.4806984687587,#c8102e
-20.6792819561147,22.4828370160800,#c8102e
-20.6777602041655,22.4849707884498,#c8102e
-20.6762317495982,22.4870997647663,#c8102e
-20.6746966075282,22.4892239239755,#c8102e
-20.6731547931371,22.4913432450706,#c8102e
-20.6716063216725,22.4934577070930,#c8102e
-20.6700512084478,22.4955672891320,#c8102e
-20.6684894688421,22.4976719703251,#c8102e
-20.6669211182999,22.4997717298584,#c8102e
-20.6653461723313,22.5018665469666,#c8102e
-20.6637646465114,22.5039564009332,#c8102e
-20.6621765564806,22.5060412710911,#c8102e
-20.6605819179441,22.5081211368220,#c8102e
-20.6589807466718,22.5101959775575,#c8102e
-20.6573730584984,22.5122657727787,#c8102e
-20.6557588693227,22.5143305020166,#c8102e
-20.6541381951081,22.5163901448524,#c8102e
-20.6525110518821,22.5184446809175,#c8102e
-20.6508774557361,22.5204940898939,#c8102e
-20.6492374228253,22.5225383515142,#c8102e
-20.6475909693685,22.5245774455620,#c8102e
-20.6459381116483,22.5266113518718,#c8102e
-20.6442788660102,22.5286400503298,#c8102e
-20.6426132488631,22.5306635208732,#c8102e
-20.6409412766790,22.5326817434914,#c8102e
-20.6392629659927,22.5346946982253,#c8102e
-20.6375783334014,22.5367023651681,#c8102e
-20.6358873955652,22.5387047244653,#c8102e
-20.6341901692064,22.5407017563148,#c8102e
-20.6324866711095,22.5426934409672,#c8102e
-20.6307769181210,22.5446797587260,#c8102e
-20.6290609271492,22.5466606899478,#c8102e
-20.6273387151642,22.5486362150425,#c8102e
-20.6256102991976,22.5506063144733,#c8102e
-20.6238756963424,22.5525709687572,#c8102e
-20.6221349237526,22.5545301584651,#c8102e
-20.6203879986434,22.5564838642218,#c8102e
-20.6186349382908,22.5584320667064,#c8102e
-20.6168757600314,22.5603747466523,#c8102e
-20.6151104812624,22.5623118848479,#c8102e
-20.6133391194413,22.5642434621358,#c8102e
-20.6115616920856,22.5661694594142,#c8102e
-20.6097782167731,22.5680898576361,#c8102e
-20.6079887111412,22.5700046378099,#c8102e
-20.6061931928870,22.5719137809998,#c8102e
-20.6043916797669,22.5738172683255,#c8102e
-20.6025841895969,22.5757150809627,#c8102e
-20.6007707402518,22.5776072001433,#c8102e
-20.5989513496654,22.5794936071554,#c8102e
-20.5971260358306,22.5813742833436,#c8102e
-20.5952948167983,22.5832492101093,#c8102e
-20.5934577106782,22.5851183689106,#c8102e
-20.5916147356382,22.5869817412627,#c8102e
-20.5897659099040,22.5888393087380,#c8102e
-20.5879112517594,22.5906910529665,#c8102e
-20.5860507795458,22.5925369556354,#c8102e
-20.5841845116621,22.5943769984901,#c8102e
-20.5823124665645,22.5962111633336,#c8102e
-20.5804346627662,22.5980394320272,#c8102e
-20.5785511188377,22.5998617864906,#c8102e
-20.5766618534059,22.6016782087017,#c8102e
-20.5747668851545,22.6034886806973,#c8102e
-20.5728662328235,22.6052931845731,#c8102e
-20.5709599152092,22.6070917024835,#c8102e
-20.5690479511638,22.6088842166424,#c8102e
-20.5671303595955,22.6106707093230,#c8102e
-20.5652071594679,22.6124511628581,#c8102e
-20.5632783698005,22.6142255596399,#c8102e
-20.5613440096675,22.6159938821209,#c8102e
-20.5594040981987,22.6177561128135,#c8102e
-20.5574586545785,22.6195122342904,#c8102e
-20.5555076980462,22.6212622291846,#c8102e
-20.5535512478954,22.6230060801898,#c8102e
-20.5515893234742,22.6247437700604,#c8102e
-20.5496219441848,22.6264752816117,#c8102e
-20.5476491294833,22.6282005977203,#c8102e
-20.5456708988797,22.6299197013238,#c8102e
-20.5436872719373,22.6316325754214,#c8102e
-20.5416982682729,22.6333392030738,#c8102e
-20.5397039075566,22.6350395674036,#c8102e
-20.5377042095113,22.6367336515953,#c8102e
-20.5356991939128,22.6384214388954,#c8102e
-20.5336888805893,22.6401029126128,#c8102e
-20.5316732894216,22.6417780561188,#c8102e
-20.5296524403427,22.6434468528472,#c8102e
-20.5276263533374,22.6451092862949,#c8102e
-20.5255950484425,22.6467653400212,#c8102e
-20.5235585457462,22.6484149976490,#c8102e
-20.5215168653883,22.6500582428641,#c8102e
-20.5194700275597,22.6516950594159,#c8102e
-20.5174180525024,22.6533254311173,#c8102e
-20.5153609605090,22.6549493418451,#c8102e
-20.5132987719229,22.6565667755396,#c8102e
-20.5112315071378,22.6581777162056,#c8102e
-20.5091591865978,22.6597821479118,#c8102e
-20.5070818307966,22.6613800547915,#c8102e
-20.5049994602780,22.6629714210423,#c8102e
-20.5029120956355,22.6645562309267,#c8102e
-20.5008197575115,22.6661344687719,#c8102e
-20.4987224665982,22.6677061189702,#c8102e
-20.4966202436363,22.6692711659788,#c8102e
-20.4945131094155,22.6708295943205,#c8102e
-20.4924010847740,22.6723813885835,#c8102e
-20.4902841905984,22.6739265334214,#c8102e
-20.4881624478234,22.6754650135537,#c8102e
-20.4860358774317,22.6769968137659,#c8102e
-20.4839045004538,22.6785219189094,#c8102e
-20.4817683379676,22.6800403139020,#c8102e
-20.4796274110984,22.6815519837276,#c8102e
-20.4774817410187,22.6830569134368,#c8102e
-20.4753313489476,22.6845550881468,#c8102e
-20.4731762561513,22.6860464930416,#c8102e
-20.4710164839423,22.6875311133721,#c8102e
-20.4688520536792,22.6890089344564,#c8102e
-20.4666829867671,22.6904799416798,#c8102e
-20.4645093046565,22.6919441204950,#c8102e
-20.4623310288437,22.6934014564221,#c8102e
-20.4601481808707,22.6948519350491,#c8102e
-20.4579607823242,22.6962955420315,#c8102e
-20.4557688548364,22.6977322630932,#c8102e
-20.4535724200840,22.6991620840257,#c8102e
-20.4513714997883,22.7005849906891,#c8102e
-20.4491661157150,22.7020009690118,#c8102e
-20.4469562896740,22.7034100049906,#c8102e
-20.4447420435191,22.7048120846910,#c8102e
-20.4425233991478,22.7062071942473,#c8102e
-20.4403003785010,22.7075953198629,#c8102e
-20.4380730035629,22.7089764478100,#c8102e
-20.4358412963611,22.7103505644302,#c8102e
-20.4336052789654,22.7117176561343,#c8102e
-20.4313649734889,22.7130777094026,#c8102e
-20.4291204020867,22.7144307107851,#c8102e
-20.4268715869561,22.7157766469015,#c8102e
-20.4246185503366,22.7171155044413,#c8102e
-20.4223613145092,22.7184472701640,#c8102e
-20.4200999017965,22.7197719308994,#c8102e
-20.4178343345625,22.7210894735473,#c8102e
-20.4155646352122,22.7223998850781,#c8102e
-20.4132908261916,22.7237031525328,#c8102e
-20.4110129299870,22.7249992630227,#c8102e
-20.4087309691255,22.7262882037302,#c8102e
-20.4064449661743,22.7275699619085,#c8102e
-20.4041549437404,22.7288445248818,#c8102e
-20.4018609244706,22.7301118800455,#c8102e
-20.3995629310515,22.7313720148663,#c8102e
-20.3972609862087,22.7326249168821,#c8102e
-20.3949551127069,22.7338705737027,#c8102e
-20.3926453333498,22.7351089730092,#c8102e
-20.3903316709796,22.7363401025547,#c8102e
-20.3880141484771,22.7375639501641,#c8102e
-20.3856927887609,22.7387805037342,#c8102e
-20.3833676147880,22.7399897512343,#c8102e
-20.3810386495527,22.7411916807055,#c8102e
-20.3787059160872,22.7423862802616,#c8102e
-20.3763694374605,22.7435735380886,#c8102e
-20.3740292367791,22.7447534424455,#c8102e
-20.3716853371859,22.7459259816637,#c8102e
-20.3693377618608,22.7470911441475,#c8102e
-20.3669865340197,22.7482489183742,#c8102e
-20.3646316769148,22.7493992928942,#c8102e
-20.3622732138341,22.7505422563309,#c8102e
-20.3599111681013,22.7516777973813,#c8102e
-20.3575455630755,22.7528059048154,#c8102e
-20.3551764221512,22.7539265674772,#c8102e
-20.3528037687575,22.7550397742838,#c8102e
-20.3504276263586,22.7561455142264,#c8102e
-20.3480480184529,22.7572437763700,#c8102e
-20.3456649685732,22.7583345498533,#c8102e
-20.3432785002865,22.7594178238895,#c8102e
-20.3408886371934,22.7604935877655,#c8102e
-20.3384954029281,22.7615618308427,#c8102e
-20.3360988211581,22.7626225425570,#c8102e
-20.3336989155842,22.7636757124185,#c8102e
-20.3312957099399,22.7647213300120,#c8102e
-20.3288892279914,22.7657593849972,#c8102e
-20.3264794935372,22.7667898671081,#c8102e
-20.3240665304081,22.7678127661541,#c8102e
-20.3216503624667,22.7688280720194,#c8102e
-20.3192310136075,22.7698357746631,#c8102e
-20.3168085077562,22.7708358641198,#c8102e
-20.3143828688699,22.7718283304992,#c8102e
-20.3119541209367,22.7728131639864,#c8102e
-20.3095222879752,22.7737903548420,#c8102e
-20.3070873940349,22.7747598934024,#c8102e
-20.3046494631951,22.7757217700793,#c8102e
-20.3022085195656,22.7766759753603,#c8102e
-20.2997645872858,22.7776224998091,#c8102e
-20.2973176905244,22.7785613340651,#c8102e
-20.2948678534799,22.7794924688438,#c8102e
-20.2924151003795,22.7804158949368,#c8102e
-20.2899594554794,22.7813316032122,#c8102e
-20.2875009430644,22.7822395846140,#c8102e
-20.2850395874476,22.7831398301630,#c8102e
-20.2825754129703,22.7840323309562,#c8102e
-20.2801084440015,22.7849170781675,#c8102e
-20.2776387049380,22.7857940630473,#c8102e
-20.2751662202041,22.7866632769226,#c8102e
-20.2726910142509,22.7875247111976,#c8102e
-20.2702131115567,22.7883783573532,#c8102e
-20.2677325366264,22.7892242069473,#c8102e
-20.2652493139913,22.7900622516151,#c8102e
-20.2627634682088,22.7908924830689,#c8102e
-20.2602750238625,22.7917148930981,#c8102e
-20.2577840055615,22.7925294735697,#c8102e
-20.2552904379403,22.7933362164280,#c8102e
-20.2527943456588,22.7941351136947,#c8102e
-20.2502957534016,22.7949261574694,#c8102e
-20.2477946858784,22.7957093399291,#c8102e
-20.2452911678231,22.7964846533286,#c8102e
-20.2427852239938,22.7972520900006,#c8102e
-20.2402768791729,22.7980116423555,#c8102e
-20.2377661581661,22.7987633028820,#c8102e
-20.2352530858030,22.7995070641465,#c8102e
-20.2327376869362,22.8002429187938,#c8102e
-20.2302199864415,22.8009708595466,#c8102e
-20.2277000092173,22.8016908792062,#c8102e
-20.2251777801845,22.8024029706520,#c8102e
-20.2226533242865,22.8031071268418,#c8102e
-20.2201266664885,22.8038033408121,#c8102e
-20.2175978317774,22.8044916056776,#c8102e
-20.2150668451620,22.8051719146319,#c8102e
-20.2125337316720,22.8058442609472,#c8102e
-20.2099985163584,22.8065086379744,#c8102e
-20.2074612242927,22.8071650391432,#c8102e
-20.2049218805673,22.8078134579622,#c8102e
-20.2023805102945,22.8084538880189,#c8102e
-20.1998371386070,22.8090863229800,#c8102e
-20.1972917906571,22.8097107565911,#c8102e
-20.1947444916166,22.8103271826768,#c8102e
-20.1921952666767,22.8109355951412,#c8102e
-20.1896441410477,22.8115359879674,#c8102e
-20.1870911399586,22.8121283552179,#c8102e
-20.1845362886568,22.8127126910346,#c8102e
-20.1819796124083,22.8132889896388,#c8102e
-20.1794211364970,22.8138572453312,#c8102e
-20.1768608862245,22.8144174524922,#c8102e
-20.1742988869102,22.8149696055816,#c8102e
-20.1717351638905,22.8155136991391,#c8102e
-20.1691697425191,22.8160497277838,#c8102e
-20.1666026481664,22.8165776862148,#c8102e
-20.1640339062192,22.8170975692110,#c8102e
-20.1614635420808,22.8176093716309,#c8102e
-20.1588915811706,22.8181130884133,#c8102e
-20.1563180489234,22.8186087145766,#c8102e
-20.1537429707900,22.8190962452195,#c8102e
-20.1511663722363,22.8195756755205,#c8102e
-20.1485882787431,22.8200470007385,#c8102e
-20.1460087158061,22.8205102162122,#c8102e
-20.1434277089357,22.8209653173609,#c8102e
-20.1408452836562,22.8214122996838,#c8102e
-20.1382614655064,22.8218511587605,#c8102e
-20.1356762800384,22.8222818902511,#c8102e
-20.1330897528181,22.8227044898959,#c8102e
-20.1305019094247,22.8231189535155,#c8102e
-20.1279127754503,22.8235252770113,#c8102e
-20.1253223764997,22.8239234563650,#c8102e
-20.1227307381904,22.8243134876388,#c8102e
-20.1201378861520,22.8246953669755,#c8102e
-20.1175438460262,22.8250690905987,#c8102e
-20.1149486434664,22.8254346548124,#c8102e
-20.1123523041375,22.8257920560014,#c8102e
-20.1097548537156,22.8261412906312,#c8102e
-20.1071563178879,22.8264823552483,#c8102e
-20.1045567223523,22.8268152464795,#c8102e
-20.1019560928170,22.8271399610329,#c8102e
-20.0993544550007,22.8274564956972,#c8102e
-20.0967518346320,22.8277648473421,#c8102e
-20.0941482574490,22.8280650129183,#c8102e
-20.0915437491995,22.8283569894571,#c8102e
-20.0889383356405,22.8286407740713,#c8102e
-20.0863320425378,22.8289163639543,#c8102e
-20.0837248956660,22.8291837563808,#c8102e
-20.0811169208081,22.8294429487063,#c8102e
-20.0785081437554,22.8296939383677,#c8102e
-20.0758985903070,22.8299367228828,#c8102e
-20.0732882862698,22.8301712998506,#c8102e
-20.0706772574579,22.8303976669513,#c8102e
-20.0680655296928,22.8306158219464,#c8102e
-20.0654531288028,22.8308257626783,#c8102e
-20.0628400806230,22.8310274870709,#c8102e
-20.0602264109946,22.8312209931292,#c8102e
-20.0576121457653,22.8314062789397,#c8102e
-20.0549973107884,22.8315833426699,#c8102e
-20.0523819319231,22.8317521825688,#c8102e
-20.0497660350337,22.8319127969667,#c8102e
-20.0471496459898,22.8320651842753,#c8102e
-20.0445327906658,22.8322093429874,#c8102e
-20.0419154949408,22.8323452716775,#c8102e
-20.0392977846982,22.8324729690013,#c8102e
-20.0366796858255,22.8325924336960,#c8102e
-20.0340612242139,22.8327036645801,#c8102e
-20.0314424257584,22.8328066605536,#c8102e
-20.0288233163574,22.8329014205980,#c8102e
-20.0262039219120,22.8329879437762,#c8102e
-20.0235842683265,22.8330662292324,#c8102e
-20.0209643815075,22.8331362761926,#c8102e
-20.0183442873641,22.8331980839639,#c8102e
-20.0157240118074,22.8332516519352,#c8102e
-20.0131035807501,22.8332969795766,#c8102e
-20.0104830201068,22.8333340664400,#c8102e
-20.0078623557931,22.8333629121586,#c8102e
-20.0052416137256,22.8333835164470,#c8102e
-20.0026208198219,22.8333958791016,#c8102e
-20.0000000000000,22.8334000000000,#c8102e
-20.0000000000000,22.8334000000000,#c8102e
-20.0000000000000,23.0000000000000,#c8102e
