x,y,fill
-9.18485099360515e-16, 15.0000000000000000,#0033a0
 4.71709831160442e-02, 14.9999258297616898,#0033a0
 9.43414997410148e-02, 14.9997033197802487,#0033a0
 1.41511083388450e-01, 14.9993324722561638,#0033a0
 1.88679267581114e-01, 14.9988132908568819,#0033a0
 2.35845585855613e-01, 14.9981457807167757,#0033a0
 2.83009571767004e-01, 14.9973299484370983,#0033a0
 3.30170758893414e-01, 14.9963658020859096,#0033a0
 3.77328680840638e-01, 14.9952533511980075,#0033a0
 4.24482871246771e-01, 14.9939926067748246,#0033a0
 4.71632863786809e-01, 14.9925835812843236,#0033a0
 5.18778192177259e-01, 14.9910262886608692,#0033a0
 5.65918390180757e-01, 14.9893207443051004,#0033a0
 6.13052991610673e-01, 14.9874669650837671,#0033a0
 6.60181530335724e-01, 14.9854649693295663,#0033a0
 7.07303540284584e-01, 14.9833147768409685,#0033a0
 7.54418555450491e-01, 14.9810164088820095,#0033a0
 8.01526109895859e-01, 14.9785698881820881,#0033a0
 8.48625737756883e-01, 14.9759752389357477,#0033a0
 8.95716973248146e-01, 14.9732324868024129,#0033a0
 9.42799350667230e-01, 14.9703416589061664,#0033a0
 9.89872404399308e-01, 14.9673027838354606,#0033a0
 1.03693566892177e+00, 14.9641158916428392,#0033a0
 1.08398867880880e+00, 14.9607810138446435,#0033a0
 1.13103096873602e+00, 14.9572981834206971,#0033a0
 1.17806207348504e+00, 14.9536674348139798,#0033a0
 1.22508152794810e+00, 14.9498888039302926,#0033a0
 1.27208886713264e+00, 14.9459623281378970,#0033a0
 1.31908362616592e+00, 14.9418880462671435,#0033a0
 1.36606534029961e+00, 14.9376659986100950,#0033a0
 1.41303354491439e+00, 14.9332962269201186,#0033a0
 1.45998777552454e+00, 14.9287787744114873,#0033a0
 1.50692756778252e+00, 14.9241136857589325,#0033a0
 1.55385245748359e+00, 14.9193010070972232,#0033a0
 1.60076198057038e+00, 14.9143407860206931,#0033a0
 1.64765567313750e+00, 14.9092330715827828,#0033a0
 1.69453307143609e+00, 14.9039779142955435,#0033a0
 1.74139371187845e+00, 14.8985753661291458,#0033a0
 1.78823713104260e+00, 14.8930254805113584,#0033a0
 1.83506286567686e+00, 14.8873283123270248,#0033a0
 1.88187045270444e+00, 14.8814839179175280,#0033a0
 1.92865942922803e+00, 14.8754923550802118,#0033a0
 1.97542933253435e+00, 14.8693536830678301,#0033a0
 2.02217970009876e+00, 14.8630679625879552,#0033a0
 2.06891006958980e+00, 14.8566352558023684,#0033a0
 2.11561997887379e+00, 14.8500556263264585,#0033a0
 2.16230896601937e+00, 14.8433291392285795,#0033a0
 2.20897656930212e+00, 14.8364558610294210,#0033a0
 2.25562232720905e+00, 14.8294358597013396,#0033a0
 2.30224577844324e+00, 14.8222692046676947,#0033a0
 2.34884646192836e+00, 14.8149559668021489,#0033a0
 2.39542391681324e+00, 14.8074962184279855,#0033a0
 2.44197768247641e+00, 14.7998900333173804,#0033a0
 2.48850729853070e+00, 14.7921374866906721,#0033a0
 2.53501230482773e+00, 14.7842386552156277,#0033a0
 2.58149224146253e+00, 14.7761936170066743,#0033a0
 2.62794664877803e+00, 14.7680024516241293,#0033a0
 2.67437506736964e+00, 14.7596652400734225,#0033a0
 2.72077703808976e+00, 14.7511820648042811,#0033a0
 2.76715210205239e+00, 14.7425530097099209,#0033a0
 2.81349980063756e+00, 14.7337781601262225,#0033a0
 2.85981967549597e+00, 14.7248576028308733,#0033a0
 2.90611126855346e+00, 14.7157914260425216,#0033a0
 2.95237412201558e+00, 14.7065797194199011,#0033a0
 2.99860777837207e+00, 14.6972225740609410,#0033a0
 3.04481178040142e+00, 14.6877200825018708,#0033a0
 3.09098567117539e+00, 14.6780723387162944,#0033a0
 3.13712899406351e+00, 14.6682794381142756,#0033a0
 3.18324129273762e+00, 14.6583414775413843,#0033a0
 3.22932211117635e+00, 14.6482585552777405,#0033a0
 3.27537099366968e+00, 14.6380307710370410,#0033a0
 3.32138748482338e+00, 14.6276582259655843,#0033a0
 3.36737112956359e+00, 14.6171410226412490,#0033a0
 3.41332147314124e+00, 14.6064792650725011,#0033a0
 3.45923806113660e+00, 14.5956730586973578,#0033a0
 3.50512043946379e+00, 14.5847225103823348,#0033a0
 3.55096815437519e+00, 14.5736277284214051,#0033a0
 3.59678075246604e+00, 14.5623888225349152,#0033a0
 3.64255778067881e+00, 14.5510059038685124,#0033a0
 3.68829878630775e+00, 14.5394790849920330,#0033a0
 3.73400331700337e+00, 14.5278084798983969,#0033a0
 3.77967092077688e+00, 14.5159942040024834,#0033a0
 3.82530114600465e+00, 14.5040363741399752,#0033a0
 3.87089354143275e+00, 14.4919351085662189,#0033a0
 3.91644765618132e+00, 14.4796905269550500,#0033a0
 3.96196303974909e+00, 14.4673027503976055,#0033a0
 4.00743924201782e+00, 14.4547719014011289,#0033a0
 4.05287581325673e+00, 14.4420981038877656,#0033a0
 4.09827230412699e+00, 14.4292814831933214,#0033a0
 4.14362826568611e+00, 14.4163221660660401,#0033a0
 4.18894324939245e+00, 14.4032202806653427,#0033a0
 4.23421680710957e+00, 14.3899759565605532,#0033a0
 4.27944849111074e+00, 14.3765893247296308,#0033a0
 4.32463785408333e+00, 14.3630605175578641,#0033a0
 4.36978444913321e+00, 14.3493896688365687,#0033a0
 4.41488782978922e+00, 14.3355769137617539,#0033a0
 4.45994755000758e+00, 14.3216223889328038,#0033a0
 4.50496316417625e+00, 14.3075262323511083,#0033a0
 4.54993422711940e+00, 14.2932885834187005,#0033a0
 4.59486029410175e+00, 14.2789095829368975,#0033a0
 4.63974092083303e+00, 14.2643893731048799,#0033a0
 4.68457566347234e+00, 14.2497280975183056,#0033a0
 4.72936407863254e+00, 14.2349259011678804,#0033a0
 4.77410572338463e+00, 14.2199829304379328,#0033a0
 4.81880015526215e+00, 14.2048993331049491,#0033a0
 4.86344693226556e+00, 14.1896752583361359,#0033a0
 4.90804561286657e+00, 14.1743108566879243,#0033a0
 4.95259575601255e+00, 14.1588062801044945,#0033a0
 4.99709692113086e+00, 14.1431616819162631,#0033a0
 5.04154866813324e+00, 14.1273772168383740,#0033a0
 5.08595055742012e+00, 14.1114530409691650,#0033a0
 5.13030214988503e+00, 14.0953893117886260,#0033a0
 5.17460300691886e+00, 14.0791861881568394,#0033a0
 5.21885269041426e+00, 14.0628438303124117,#0033a0
 5.26305076276996e+00, 14.0463623998708851,#0033a0
 5.30719678689508e+00, 14.0297420598231444,#0033a0
 5.35129032621347e+00, 14.0129829745337986,#0033a0
 5.39533094466803e+00, 13.9960853097395610,#0033a0
 5.43931820672500e+00, 13.9790492325476094,#0033a0
 5.48325167737828e+00, 13.9618749114339309,#0033a0
 5.52713092215375e+00, 13.9445625162416569,#0033a0
 5.57095550711352e+00, 13.9271122181793867,#0033a0
 5.61472499886028e+00, 13.9095241898194839,#0033a0
 5.65843896454155e+00, 13.8917986050963904,#0033a0
 5.70209697185395e+00, 13.8739356393048752,#0033a0
 5.74569858904751e+00, 13.8559354690983394,#0033a0
 5.78924338492993e+00, 13.8377982724870314,#0033a0
 5.83273092887081e+00, 13.8195242288363112,#0033a0
 5.87616079080596e+00, 13.8011135188648701,#0033a0
 5.91953254124161e+00, 13.7825663246429428,#0033a0
 5.96284575125869e+00, 13.7638828295905000,#0033a0
 6.00609999251706e+00, 13.7450632184754475,#0033a0
 6.04929483725972e+00, 13.7261076774117932,#0033a0
 6.09242985831709e+00, 13.7070163938577991,#0033a0
 6.13550462911119e+00, 13.6877895566141436,#0033a0
 6.17851872365989e+00, 13.6684273558220362,#0033a0
 6.22147171658110e+00, 13.6489299829613540,#0033a0
 6.26436318309700e+00, 13.6292976308487290,#0033a0
 6.30719269903821e+00, 13.6095304936356669,#0033a0
 6.34995984084802e+00, 13.5896287668065998,#0033a0
 6.39266418558653e+00, 13.5695926471769699,#0033a0
 6.43530531093490e+00, 13.5494223328912859,#0033a0
 6.47788279519946e+00, 13.5291180234211446,#0033a0
 6.52039621731593e+00, 13.5086799195632761,#0033a0
 6.56284515685357e+00, 13.4881082234375516,#0033a0
 6.60522919401929e+00, 13.4674031384849879,#0033a0
 6.64754790966189e+00, 13.4465648694657247,#0033a0
 6.68980088527614e+00, 13.4255936224570203,#0033a0
 6.73198770300693e+00, 13.4044896048511841,#0033a0
 6.77410794565342e+00, 13.3832530253535573,#0033a0
 6.81616119667316e+00, 13.3618840939804251,#0033a0
 6.85814704018618e+00, 13.3403830220569581,#0033a0
 6.90006506097916e+00, 13.3187500222150952,#0033a0
 6.94191484450949e+00, 13.2969853083914789,#0033a0
 6.98369597690936e+00, 13.2750890958253116,#0033a0
 7.02540804498990e+00, 13.2530616010562294,#0033a0
 7.06705063624527e+00, 13.2309030419221720,#0033a0
 7.10862333885665e+00, 13.2086136375572192,#0033a0
 7.15012574169641e+00, 13.1861936083894342,#0033a0
 7.19155743433215e+00, 13.1636431761386632,#0033a0
 7.23291800703071e+00, 13.1409625638143748,#0033a0
 7.27420705076232e+00, 13.1181519957134132,#0033a0
 7.31542415720451e+00, 13.0952116974178239,#0033a0
 7.35656891874631e+00, 13.0721418957925870,#0033a0
 7.39764092849211e+00, 13.0489428189833969,#0033a0
 7.43863978026584e+00, 13.0256146964143902,#0033a0
 7.47956506861487e+00, 13.0021577587858914,#0033a0
 7.52041638881409e+00, 12.9785722380721253,#0033a0
 7.56119333686987e+00, 12.9548583675189128,#0033a0
 7.60189550952408e+00, 12.9310163816413723,#0033a0
 7.64252250425810e+00, 12.9070465162216159,#0033a0
 7.68307391929671e+00, 12.8829490083063920,#0033a0
 7.72354935361219e+00, 12.8587240962047531,#0033a0
 7.76394840692817e+00, 12.8343720194857003,#0033a0
 7.80427067972368e+00, 12.8098930189758118,#0033a0
 7.84451577323703e+00, 12.7852873367568627,#0033a0
 7.88468328946981e+00, 12.7605552161634233,#0033a0
 7.92477283119077e+00, 12.7356969017804698,#0033a0
 7.96478400193980e+00, 12.7107126394409438,#0033a0
 8.00471640603184e+00, 12.6856026762233398,#0033a0
 8.04456964856073e+00, 12.6603672604492559,#0033a0
 8.08434333540324e+00, 12.6350066416809295,#0033a0
 8.12403707322285e+00, 12.6095210707187739,#0033a0
 8.16365046947369e+00, 12.5839107995989092,#0033a0
 8.20318313240441e+00, 12.5581760815906627,#0033a0
 8.24263467106209e+00, 12.5323171711940464,#0033a0
 8.28200469529605e+00, 12.5063343241372760,#0033a0
 8.32129281576176e+00, 12.4802277973742051,#0033a0
 8.36049864392463e+00, 12.4539978490818140,#0033a0
 8.39962179206393e+00, 12.4276447386576336,#0033a0
 8.43866187327655e+00, 12.4011687267171986,#0033a0
 8.47761850148089e+00, 12.3745700750914533,#0033a0
 8.51649129142062e+00, 12.3478490468241784,#0033a0
 8.55527985866852e+00, 12.3210059061693809,#0033a0
 8.59398381963029e+00, 12.2940409185886761,#0033a0
 8.63260279154835e+00, 12.2669543507486676,#0033a0
 8.67113639250556e+00, 12.2397464705183197,#0033a0
 8.70958424142908e+00, 12.2124175469662930,#0033a0
 8.74794595809410e+00, 12.1849678503582872,#0033a0
 8.78622116312759e+00, 12.1573976521543834,#0033a0
 8.82440947801208e+00, 12.1297072250063245,#0033a0
 8.86251052508937e+00, 12.1018968427548668,#0033a0
 8.90052392756430e+00, 12.0739667804270230,#0033a0
 8.93844930950846e+00, 12.0459173142333871,#0033a0
 8.97628629586390e+00, 12.0177487215653631,#0033a0
 9.01403451244684e+00, 11.9894612809924510,#0033a0
 9.05169358595139e+00, 11.9610552722594861,#0033a0
 9.08926314395322e+00, 11.9325309762838536,#0033a0
 9.12674281491325e+00, 11.9038886751527233,#0033a0
 9.16413222818134e+00, 11.8751286521202797,#0033a0
 9.20143101399992e+00, 11.8462511916048925,#0033a0
 9.23863880350769e+00, 11.8172565791863011,#0033a0
 9.27575522874323e+00, 11.7881451016028258,#0033a0
 9.31277992264865e+00, 11.7589170467484863,#0033a0
 9.34971251907325e+00, 11.7295727036701987,#0033a0
 9.38655265277709e+00, 11.7001123625648749,#0033a0
 9.42329995943463e+00, 11.6705363147765961,#0033a0
 9.45995407563836e+00, 11.6408448527936859,#0033a0
 9.49651463890232e+00, 11.6110382702458583,#0033a0
 9.53298128766576e+00, 11.5811168619012950,#0033a0
 9.56935366129667e+00, 11.5510809236637222,#0033a0
 9.60563140009539e+00, 11.5209307525694946,#0033a0
 9.64181414529809e+00, 11.4906666467846694,#0033a0
 9.67790153908040e+00, 11.4602889056020416,#0033a0
 9.71389322456091e+00, 11.4297978294381757,#0033a0
 9.74978884580470e+00, 11.3991937198304658,#0033a0
 9.78558804782686e+00, 11.3684768794341160,#0033a0
 9.82129047659602e+00, 11.3376476120191825,#0033a0
 9.85689577903783e+00, 11.3067062224675432,#0033a0
 9.89240360303844e+00, 11.2756530167699012,#0033a0
 9.92781359744802e+00, 11.2444883020227380,#0033a0
 9.96312541208421e+00, 11.2132123864253028,#0033a0
 9.99833869773558e+00, 11.1818255792765449,#0033a0
 1.00334531061651e+01, 11.1503281909720542,#0033a0
 1.00684682901135e+01, 11.1187205330010048,#0033a0
 1.01033839033030e+01, 11.0870029179430674,#0033a0
 1.01381996004402e+01, 11.0551756594653217,#0033a0
 1.01729150372200e+01, 11.0232390723191376,#0033a0
 1.02075298703288e+01, 10.9911934723371001,#0033a0
 1.02420437574478e+01, 10.9590391764298314,#0033a0
 1.02764563572567e+01, 10.9267765025829124,#0033a0
 1.03107673294367e+01, 10.8944057698537069,#0033a0
 1.03449763346739e+01, 10.8619272983682063,#0033a0
 1.03790830346632e+01, 10.8293414093178679,#0033a0
 1.04130870921108e+01, 10.7966484249564516,#0033a0
 1.04469881707383e+01, 10.7638486685968200,#0033a0
 1.04807859352855e+01, 10.7309424646077325,#0033a0
 1.05144800515140e+01, 10.6979301384106549,#0033a0
 1.05480701862103e+01, 10.6648120164765334,#0033a0
 1.05815560071893e+01, 10.6315884263225779,#0033a0
 1.06149371832976e+01, 10.5982596965089861,#0033a0
 1.06482133844164e+01, 10.5648261566357480,#0033a0
 1.06813842814654e+01, 10.5312881373393399,#0033a0
 1.07144495464053e+01, 10.4976459702894793,#0033a0
 1.07474088522417e+01, 10.4638999881858439,#0033a0
 1.07802618730281e+01, 10.4300505247547726,#0033a0
 1.08130082838688e+01, 10.3960979147459582,#0033a0
 1.08456477609226e+01, 10.3620424939291631,#0033a0
 1.08781799814060e+01, 10.3278845990908845,#0033a0
 1.09106046235957e+01, 10.2936245680310083,#0033a0
 1.09429213668328e+01, 10.2592627395594871,#0033a0
 1.09751298915252e+01, 10.2247994534929916,#0033a0
 1.10072298791509e+01, 10.1902350506515500,#0033a0
 1.10392210122615e+01, 10.1555698728551462,#0033a0
 1.10711029744851e+01, 10.1208042629203909,#0033a0
 1.11028754505292e+01, 10.0859385646570878,#0033a0
 1.11345381261841e+01, 10.0509731228648587,#0033a0
 1.11660906883263e+01, 10.0159082833297290,#0033a0
 1.11975328249208e+01,  9.9807443928206947,#0033a0
 1.12288642250249e+01,  9.9454817990863020,#0033a0
 1.12600845787909e+01,  9.9101208508512215,#0033a0
 1.12911935774693e+01,  9.8746618978127838,#0033a0
 1.13221909134120e+01,  9.8391052906375194,#0033a0
 1.13530762800749e+01,  9.8034513809576911,#0033a0
 1.13838493720213e+01,  9.7677005213678356,#0033a0
 1.14145098849250e+01,  9.7318530654212623,#0033a0
 1.14450575155729e+01,  9.6959093676265375,#0033a0
 1.14754919618683e+01,  9.6598697834440266,#0033a0
 1.15058129228340e+01,  9.6237346692823262,#0033a0
 1.15360200986148e+01,  9.5875043824947728,#0033a0
 1.15661131904809e+01,  9.5511792813759104,#0033a0
 1.15960919008308e+01,  9.5147597251579192,#0033a0
 1.16259559331940e+01,  9.4782460740070853,#0033a0
 1.16557049922343e+01,  9.4416386890202375,#0033a0
 1.16853387837524e+01,  9.4049379322211788,#0033a0
 1.17148570146888e+01,  9.3681441665570837,#0033a0
 1.17442593931269e+01,  9.3312577558949421,#0033a0
 1.17735456282961e+01,  9.2942790650179319,#0033a0
 1.18027154305738e+01,  9.2572084596218307,#0033a0
 1.18317685114895e+01,  9.2200463063113851,#0033a0
 1.18607045837264e+01,  9.1827929725967081,#0033a0
 1.18895233611253e+01,  9.1454488268896039,#0033a0
 1.19182245586867e+01,  9.1080142384999743,#0033a0
 1.19468078925739e+01,  9.0704895776321326,#0033a0
 1.19752730801161e+01,  9.0328752153811482,#0033a0
 1.20036198398105e+01,  8.9951715237291747,#0033a0
 1.20318478913257e+01,  8.9573788755417922,#0033a0
 1.20599569555041e+01,  8.9194976445643022,#0033a0
 1.20879467543650e+01,  8.8815282054180180,#0033a0
 1.21158170111071e+01,  8.8434709335965938,#0033a0
 1.21435674501112e+01,  8.8053262054622792,#0033a0
 1.21711977969430e+01,  8.7670943982422287,#0033a0
 1.21987077783560e+01,  8.7287758900247265,#0033a0
 1.22260971222939e+01,  8.6903710597555079,#0033a0
 1.22533655578936e+01,  8.6518802872339471,#0033a0
 1.22805128154874e+01,  8.6133039531093516,#0033a0
 1.23075386266063e+01,  8.5746424388771825,#0033a0
 1.23344427239821e+01,  8.5358961268752616,#0033a0
 1.23612248415505e+01,  8.4970654002800092,#0033a0
 1.23878847144531e+01,  8.4581506431026678,#0033a0
 1.24144220790410e+01,  8.4191522401854808,#0033a0
 1.24408366728762e+01,  8.3800705771978805,#0033a0
 1.24671282347354e+01,  8.3409060406327171,#0033a0
 1.24932965046116e+01,  8.3016590178023772,#0033a0
 1.25193412237173e+01,  8.2623298968350127,#0033a0
 1.25452621344866e+01,  8.2229190666706486,#0033a0
 1.25710589805784e+01,  8.1834269170573819,#0033a0
 1.25967315068781e+01,  8.1438538385474910,#0033a0
 1.26222794595008e+01,  8.1042002224936027,#0033a0
 1.26477025857933e+01,  8.0644664610448089,#0033a0
 1.26730006343373e+01,  8.0246529471427799,#0033a0
 1.26981733549509e+01,  7.9847600745178831,#0033a0
 1.27232204986920e+01,  7.9447882376853070,#0033a0
 1.27481418178603e+01,  7.9047378319411461,#0033a0
 1.27729370659997e+01,  7.8646092533584815,#0033a0
 1.27976059979009e+01,  7.8244028987834700,#0033a0
 1.28221483696039e+01,  7.7841191658314379,#0033a0
 1.28465639384002e+01,  7.7437584528829300,#0033a0
 1.28708524628353e+01,  7.7033211590797759,#0033a0
 1.28950137027112e+01,  7.6628076843211339,#0033a0
 1.29190474190885e+01,  7.6222184292595410,#0033a0
 1.29429533742890e+01,  7.5815537952969665,#0033a0
 1.29667313318980e+01,  7.5408141845808272,#0033a0
 1.29903810567666e+01,  7.5000000000000053,#0033a0
 1.30139023150140e+01,  7.4591116451808652,#0033a0
 1.30372948740300e+01,  7.4181495244832814,#0033a0
 1.30605585024769e+01,  7.3771140429966282,#0033a0
 1.30836929702923e+01,  7.3360056065357595,#0033a0
 1.31066980486909e+01,  7.2948246216370043,#0033a0
 1.31295735101672e+01,  7.2535714955541666,#0033a0
 1.31523191284973e+01,  7.2122466362544699,#0033a0
 1.31749346787415e+01,  7.1708504524145420,#0033a0
 1.31974199372464e+01,  7.1293833534163538,#0033a0
 1.32197746816471e+01,  7.0878457493431801,#0033a0
 1.32419986908693e+01,  7.0462380509755622,#0033a0
 1.32640917451317e+01,  7.0045606697872218,#0033a0
 1.32860536259479e+01,  6.9628140179409970,#0033a0
 1.33078841161291e+01,  6.9209985082847609,#0033a0
 1.33295829997853e+01,  6.8791145543473631,#0033a0
 1.33511500623286e+01,  6.8371625703345211,#0033a0
 1.33725850904743e+01,  6.7951429711247178,#0033a0
 1.33938878722435e+01,  6.7530561722651035,#0033a0
 1.34150581969654e+01,  6.7109025899674046,#0033a0
 1.34360958552788e+01,  6.6686826411037883,#0033a0
 1.34570006391347e+01,  6.6263967432027489,#0033a0
 1.34777723417980e+01,  6.5840453144449631,#0033a0
 1.34984107578498e+01,  6.5416287736591672,#0033a0
 1.35189156831892e+01,  6.4991475403180274,#0033a0
 1.35392869150355e+01,  6.4566020345339741,#0033a0
 1.35595242519302e+01,  6.4139926770550426,#0033a0
 1.35796274937389e+01,  6.3713198892607199,#0033a0
 1.35995964416533e+01,  6.3285840931577901,#0033a0
 1.36194308981932e+01,  6.2857857113761524,#0033a0
 1.36391306672083e+01,  6.2429251671646222,#0033a0
 1.36586955538805e+01,  6.2000028843867634,#0033a0
 1.36781253647255e+01,  6.1570192875167082,#0033a0
 1.36974199075948e+01,  6.1139748016349413,#0033a0
 1.37165789916775e+01,  6.0708698524241047,#0033a0
 1.37356024275025e+01,  6.0277048661647719,#0033a0
 1.37544900269402e+01,  5.9844802697312476,#0033a0
 1.37732416032041e+01,  5.9411964905873518,#0033a0
 1.37918569708531e+01,  5.8978539567821864,#0033a0
 1.38103359457929e+01,  5.8544530969458881,#0033a0
 1.38286783452784e+01,  5.8109943402853990,#0033a0
 1.38468839879147e+01,  5.7674781165802367,#0033a0
 1.38649526936596e+01,  5.7239048561782306,#0033a0
 1.38828842838252e+01,  5.6802749899912577,#0033a0
 1.39006785810793e+01,  5.6365889494909878,#0033a0
 1.39183354094476e+01,  5.5928471667046304,#0033a0
 1.39358545943154e+01,  5.5490500742106468,#0033a0
 1.39532359624291e+01,  5.5051981051344816,#0033a0
 1.39704793418978e+01,  5.4612916931442621,#0033a0
 1.39875845621956e+01,  5.4173312724465186,#0033a0
 1.40045514541627e+01,  5.3733172777819105,#0033a0
 1.40213798500073e+01,  5.3292501444209073,#0033a0
 1.40380695833072e+01,  5.2851303081594709,#0033a0
 1.40546204890116e+01,  5.2409582053147670,#0033a0
 1.40710324034425e+01,  5.1967342727208532,#0033a0
 1.40873051642965e+01,  5.1524589477243525,#0033a0
 1.41034386106464e+01,  5.1081326681801116,#0033a0
 1.41194325829425e+01,  5.0637558724468885,#0033a0
 1.41352869230148e+01,  5.0193289993830232,#0033a0
 1.41510014740737e+01,  4.9748524883420835,#0033a0
 1.41665760807124e+01,  4.9303267791685350,#0033a0
 1.41820105889079e+01,  4.8857523121933628,#0033a0
 1.41973048460228e+01,  4.8411295282297413,#0033a0
 1.42124587008064e+01,  4.7964588685686786,#0033a0
 1.42274720033969e+01,  4.7517407749746443,#0033a0
 1.42423446053222e+01,  4.7069756896811858,#0033a0
 1.42570763595017e+01,  4.6621640553865706,#0033a0
 1.42716671202477e+01,  4.6173063152494169,#0033a0
 1.42861167432668e+01,  4.5724029128843018,#0033a0
 1.43004250856614e+01,  4.5274542923573584,#0033a0
 1.43145920059312e+01,  4.4824608981819010,#0033a0
 1.43286173639743e+01,  4.4374231753140378,#0033a0
 1.43425010210888e+01,  4.3923415691482539,#0033a0
 1.43562428399741e+01,  4.3472165255130193,#0033a0
 1.43698426847323e+01,  4.3020484906663592,#0033a0
 1.43833004208697e+01,  4.2568379112914547,#0033a0
 1.43966159152978e+01,  4.2115852344922393,#0033a0
 1.44097890363348e+01,  4.1662909077889614,#0033a0
 1.44228196537069e+01,  4.1209553791137488,#0033a0
 1.44357076385495e+01,  4.0755790968061927,#0033a0
 1.44484528634087e+01,  4.0301625096089193,#0033a0
 1.44610552022423e+01,  3.9847060666631489,#0033a0
 1.44735145304211e+01,  3.9392102175042365,#0033a0
 1.44858307247303e+01,  3.8936754120572385,#0033a0
 1.44980036633706e+01,  3.8481021006324778,#0033a0
 1.45100332259594e+01,  3.8024907339210703,#0033a0
 1.45219192935318e+01,  3.7568417629904798,#0033a0
 1.45336617485422e+01,  3.7111556392800420,#0033a0
 1.45452604748653e+01,  3.6654328145965072,#0033a0
 1.45567153577970e+01,  3.6196737411095885,#0033a0
 1.45680262840556e+01,  3.5738788713474783,#0033a0
 1.45791931417835e+01,  3.5280486581923567,#0033a0
 1.45902158205474e+01,  3.4821835548759275,#0033a0
 1.46010942113400e+01,  3.4362840149749503,#0033a0
 1.46118282065810e+01,  3.3903504924067400,#0033a0
 1.46224177001180e+01,  3.3443834414246654,#0033a0
 1.46328625872276e+01,  3.2983833166136698,#0033a0
 1.46431627646164e+01,  3.2523505728857893,#0033a0
 1.46533181304224e+01,  3.2062856654756335,#0033a0
 1.46633285842153e+01,  3.1601890499358971,#0033a0
 1.46731940269981e+01,  3.1140611821328346,#0033a0
 1.46829143612079e+01,  3.0679025182417661,#0033a0
 1.46924894907167e+01,  3.0217135147425780,#0033a0
 1.47019193208326e+01,  2.9754946284151966,#0033a0
 1.47112037583006e+01,  2.9292463163350568,#0033a0
 1.47203427113034e+01,  2.8829690358685971,#0033a0
 1.47293360894626e+01,  2.8366632446687450,#0033a0
 1.47381838038394e+01,  2.7903294006703843,#0033a0
 1.47468857669356e+01,  2.7439679620858080,#0033a0
 1.47554418926942e+01,  2.6975793874002028,#0033a0
 1.47638520965005e+01,  2.6511641353671265,#0033a0
 1.47721162951831e+01,  2.6047226650039543,#0033a0
 1.47802344070142e+01,  2.5582554355873484,#0033a0
 1.47882063517109e+01,  2.5117629066486997,#0033a0
 1.47960320504357e+01,  2.4652455379695950,#0033a0
 1.48037114257974e+01,  2.4187037895772843,#0033a0
 1.48112444018518e+01,  2.3721381217401158,#0033a0
 1.48186309041027e+01,  2.3255489949629746,#0033a0
 1.48258708595021e+01,  2.2789368699827381,#0033a0
 1.48329641964515e+01,  2.2323022077637362,#0033a0
 1.48399108448024e+01,  2.1856454694931760,#0033a0
 1.48467107358568e+01,  2.1389671165765707,#0033a0
 1.48533638023680e+01,  2.0922676106331886,#0033a0
 1.48598699785415e+01,  2.0455474134915006,#0033a0
 1.48662292000353e+01,  1.9988069871845946,#0033a0
 1.48724414039608e+01,  1.9520467939456179,#0033a0
 1.48785065288832e+01,  1.9052672962031871,#0033a0
 1.48844245148222e+01,  1.8584689565768291,#0033a0
 1.48901953032528e+01,  1.8116522378724169,#0033a0
 1.48958188371055e+01,  1.7648176030775820,#0033a0
 1.49012950607672e+01,  1.7179655153571209,#0033a0
 1.49066239200814e+01,  1.6710964380484281,#0033a0
 1.49118053623491e+01,  1.6242108346569286,#0033a0
 1.49168393363292e+01,  1.5773091688514786,#0033a0
 1.49217257922388e+01,  1.5303919044597698,#0033a0
 1.49264646817540e+01,  1.4834595054637520,#0033a0
 1.49310559580102e+01,  1.4365124359950614,#0033a0
 1.49354995756026e+01,  1.3895511603304089,#0033a0
 1.49397954905866e+01,  1.3425761428870018,#0033a0
 1.49439436604783e+01,  1.2955878482179322,#0033a0
 1.49479440442550e+01,  1.2485867410075948,#0033a0
 1.49517966023555e+01,  1.2015732860671064,#0033a0
 1.49555012966804e+01,  1.1545479483296943,#0033a0
 1.49590580905925e+01,  1.1075111928460863,#0033a0
 1.49624669489175e+01,  1.0604634847799241,#0033a0
 1.49657278379439e+01,  1.0134052894031771,#0033a0
 1.49688407254236e+01,  0.9663370720915269,#0033a0
 1.49718055805722e+01,  0.9192592983197466,#0033a0
 1.49746223740690e+01,  0.8721724336571426,#0033a0
 1.49772910780578e+01,  0.8250769437628983,#0033a0
 1.49798116661468e+01,  0.7779732943815147,#0033a0
 1.49821841134090e+01,  0.7308619513381851,#0033a0
 1.49844083963824e+01,  0.6837433805341750,#0033a0
 1.49864844930702e+01,  0.6366180479422279,#0033a0
 1.49884123829412e+01,  0.5894864196019700,#0033a0
 1.49901920469297e+01,  0.5423489616152890,#0033a0
 1.49918234674360e+01,  0.4952061401417106,#0033a0
 1.49933066283265e+01,  0.4480584213938018,#0033a0
 1.49946415149334e+01,  0.4009062716325739,#0033a0
 1.49958281140558e+01,  0.3537501571628583,#0033a0
 1.49968664139589e+01,  0.3065905443286749,#0033a0
 1.49977564043745e+01,  0.2594278995086665,#0033a0
 1.49984980765012e+01,  0.2122626891114338,#0033a0
 1.49990914230044e+01,  0.1650953795709698,#0033a0
 1.49995364380162e+01,  0.1179264373420261,#0033a0
 1.49998331171357e+01,  0.0707563288954876,#0033a0
 1.49999814574290e+01,  0.0235855207137723,#0033a0
 1.49999814574290e+01, -0.0235855207137686,#0033a0
 1.49998331171357e+01, -0.0707563288954773,#0033a0
 1.49995364380162e+01, -0.1179264373420157,#0033a0
 1.49990914230044e+01, -0.1650953795709661,#0033a0
 1.49984980765012e+01, -0.2122626891114302,#0033a0
 1.49977564043745e+01, -0.2594278995086561,#0033a0
 1.49968664139589e+01, -0.3065905443286712,#0033a0
 1.49958281140558e+01, -0.3537501571628481,#0033a0
 1.49946415149334e+01, -0.4009062716325703,#0033a0
 1.49933066283265e+01, -0.4480584213937981,#0033a0
 1.49918234674360e+01, -0.4952061401417003,#0033a0
 1.49901920469297e+01, -0.5423489616152787,#0033a0
 1.49884123829412e+01, -0.5894864196019663,#0033a0
 1.49864844930702e+01, -0.6366180479422241,#0033a0
 1.49844083963824e+01, -0.6837433805341647,#0033a0
 1.49821841134090e+01, -0.7308619513381749,#0033a0
 1.49798116661468e+01, -0.7779732943815111,#0033a0
 1.49772910780578e+01, -0.8250769437628946,#0033a0
 1.49746223740690e+01, -0.8721724336571324,#0033a0
 1.49718055805722e+01, -0.9192592983197430,#0033a0
 1.49688407254236e+01, -0.9663370720915164,#0033a0
 1.49657278379439e+01, -1.0134052894031733,#0033a0
 1.49624669489175e+01, -1.0604634847799206,#0033a0
 1.49590580905925e+01, -1.1075111928460761,#0033a0
 1.49555012966804e+01, -1.1545479483296841,#0033a0
 1.49517966023555e+01, -1.2015732860671027,#0033a0
 1.49479440442551e+01, -1.2485867410075910,#0033a0
 1.49439436604783e+01, -1.2955878482179217,#0033a0
 1.49397954905866e+01, -1.3425761428869916,#0033a0
 1.49354995756026e+01, -1.3895511603304052,#0033a0
 1.49310559580102e+01, -1.4365124359950578,#0033a0
 1.49264646817540e+01, -1.4834595054637416,#0033a0
 1.49217257922388e+01, -1.5303919044597594,#0033a0
 1.49168393363292e+01, -1.5773091688514684,#0033a0
 1.49118053623491e+01, -1.6242108346569248,#0033a0
 1.49066239200814e+01, -1.6710964380484246,#0033a0
 1.49012950607672e+01, -1.7179655153571107,#0033a0
 1.48958188371055e+01, -1.7648176030775717,#0033a0
 1.48901953032528e+01, -1.8116522378724136,#0033a0
 1.48844245148222e+01, -1.8584689565768255,#0033a0
 1.48785065288832e+01, -1.9052672962031771,#0033a0
 1.48724414039608e+01, -1.9520467939456074,#0033a0
 1.48662292000353e+01, -1.9988069871845910,#0033a0
 1.48598699785415e+01, -2.0455474134914970,#0033a0
 1.48533638023680e+01, -2.0922676106331783,#0033a0
 1.48467107358568e+01, -2.1389671165765605,#0033a0
 1.48399108448024e+01, -2.1856454694931657,#0033a0
 1.48329641964515e+01, -2.2323022077637322,#0033a0
 1.48258708595021e+01, -2.2789368699827346,#0033a0
 1.48186309041027e+01, -2.3255489949629640,#0033a0
 1.48112444018518e+01, -2.3721381217401056,#0033a0
 1.48037114257974e+01, -2.4187037895772803,#0033a0
 1.47960320504357e+01, -2.4652455379695914,#0033a0
 1.47882063517109e+01, -2.5117629066486891,#0033a0
 1.47802344070142e+01, -2.5582554355873377,#0033a0
 1.47721162951831e+01, -2.6047226650039503,#0033a0
 1.47638520965005e+01, -2.6511641353671229,#0033a0
 1.47554418926942e+01, -2.6975793874001988,#0033a0
 1.47468857669356e+01, -2.7439679620857977,#0033a0
 1.47381838038394e+01, -2.7903294006703740,#0033a0
 1.47293360894626e+01, -2.8366632446687419,#0033a0
 1.47203427113034e+01, -2.8829690358685935,#0033a0
 1.47112037583006e+01, -2.9292463163350471,#0033a0
 1.47019193208326e+01, -2.9754946284151864,#0033a0
 1.46924894907167e+01, -3.0217135147425740,#0033a0
 1.46829143612079e+01, -3.0679025182417621,#0033a0
 1.46731940269981e+01, -3.1140611821328243,#0033a0
 1.46633285842153e+01, -3.1601890499358869,#0033a0
 1.46533181304224e+01, -3.2062856654756300,#0033a0
 1.46431627646164e+01, -3.2523505728857858,#0033a0
 1.46328625872276e+01, -3.2983833166136662,#0033a0
 1.46224177001180e+01, -3.3443834414246552,#0033a0
 1.46118282065810e+01, -3.3903504924067298,#0033a0
 1.46010942113400e+01, -3.4362840149749467,#0033a0
 1.45902158205474e+01, -3.4821835548759239,#0033a0
 1.45791931417835e+01, -3.5280486581923465,#0033a0
 1.45680262840556e+01, -3.5738788713474681,#0033a0
 1.45567153577970e+01, -3.6196737411095850,#0033a0
 1.45452604748653e+01, -3.6654328145965032,#0033a0
 1.45336617485422e+01, -3.7111556392800313,#0033a0
 1.45219192935318e+01, -3.7568417629904696,#0033a0
 1.45100332259594e+01, -3.8024907339210658,#0033a0
 1.44980036633706e+01, -3.8481021006324738,#0033a0
 1.44858307247303e+01, -3.8936754120572346,#0033a0
 1.44735145304211e+01, -3.9392102175042263,#0033a0
 1.44610552022423e+01, -3.9847060666631391,#0033a0
 1.44484528634087e+01, -4.0301625096089149,#0033a0
 1.44357076385495e+01, -4.0755790968061882,#0033a0
 1.44228196537069e+01, -4.1209553791137390,#0033a0
 1.44097890363348e+01, -4.1662909077889516,#0033a0
 1.43966159152978e+01, -4.2115852344922358,#0033a0
 1.43833004208697e+01, -4.2568379112914512,#0033a0
 1.43698426847323e+01, -4.3020484906663485,#0033a0
 1.43562428399741e+01, -4.3472165255130095,#0033a0
 1.43425010210888e+01, -4.3923415691482504,#0033a0
 1.43286173639743e+01, -4.4374231753140343,#0033a0
 1.43145920059312e+01, -4.4824608981818974,#0033a0
 1.43004250856614e+01, -4.5274542923573486,#0033a0
 1.42861167432668e+01, -4.5724029128842920,#0033a0
 1.42716671202477e+01, -4.6173063152494134,#0033a0
 1.42570763595017e+01, -4.6621640553865671,#0033a0
 1.42423446053222e+01, -4.7069756896811761,#0033a0
 1.42274720033969e+01, -4.7517407749746345,#0033a0
 1.42124587008064e+01, -4.7964588685686751,#0033a0
 1.41973048460228e+01, -4.8411295282297377,#0033a0
 1.41820105889080e+01, -4.8857523121933530,#0033a0
 1.41665760807124e+01, -4.9303267791685244,#0033a0
 1.41510014740737e+01, -4.9748524883420808,#0033a0
 1.41352869230148e+01, -5.0193289993830197,#0033a0
 1.41194325829425e+01, -5.0637558724468850,#0033a0
 1.41034386106464e+01, -5.1081326681801018,#0033a0
 1.40873051642965e+01, -5.1524589477243428,#0033a0
 1.40710324034425e+01, -5.1967342727208496,#0033a0
 1.40546204890116e+01, -5.2409582053147634,#0033a0
 1.40380695833072e+01, -5.2851303081594612,#0033a0
 1.40213798500073e+01, -5.3292501444208966,#0033a0
 1.40045514541627e+01, -5.3733172777819078,#0033a0
 1.39875845621956e+01, -5.4173312724465159,#0033a0
 1.39704793418978e+01, -5.4612916931442514,#0033a0
 1.39532359624291e+01, -5.5051981051344727,#0033a0
 1.39358545943154e+01, -5.5490500742106441,#0033a0
 1.39183354094476e+01, -5.5928471667046269,#0033a0
 1.39006785810793e+01, -5.6365889494909842,#0033a0
 1.38828842838252e+01, -5.6802749899912488,#0033a0
 1.38649526936596e+01, -5.7239048561782209,#0033a0
 1.38468839879147e+01, -5.7674781165802331,#0033a0
 1.38286783452784e+01, -5.8109943402853954,#0033a0
 1.38103359457929e+01, -5.8544530969458792,#0033a0
 1.37918569708531e+01, -5.8978539567821775,#0033a0
 1.37732416032041e+01, -5.9411964905873482,#0033a0
 1.37544900269402e+01, -5.9844802697312440,#0033a0
 1.37356024275025e+01, -6.0277048661647621,#0033a0
 1.37165789916775e+01, -6.0708698524240949,#0033a0
 1.36974199075948e+01, -6.1139748016349387,#0033a0
 1.36781253647255e+01, -6.1570192875167056,#0033a0
 1.36586955538805e+01, -6.2000028843867590,#0033a0
 1.36391306672083e+01, -6.2429251671646115,#0033a0
 1.36194308981932e+01, -6.2857857113761426,#0033a0
 1.35995964416533e+01, -6.3285840931577875,#0033a0
 1.35796274937390e+01, -6.3713198892607110,#0033a0
 1.35595242519302e+01, -6.4139926770550337,#0033a0
 1.35392869150355e+01, -6.4566020345339705,#0033a0
 1.35189156831892e+01, -6.4991475403180239,#0033a0
 1.34984107578498e+01, -6.5416287736591645,#0033a0
 1.34777723417980e+01, -6.5840453144449542,#0033a0
 1.34570006391347e+01, -6.6263967432027453,#0033a0
 1.34360958552788e+01, -6.6686826411037847,#0033a0
 1.34150581969654e+01, -6.7109025899674011,#0033a0
 1.33938878722435e+01, -6.7530561722650946,#0033a0
 1.33725850904743e+01, -6.7951429711247089,#0033a0
 1.33511500623286e+01, -6.8371625703345122,#0033a0
 1.33295829997853e+01, -6.8791145543473595,#0033a0
 1.33078841161291e+01, -6.9209985082847520,#0033a0
 1.32860536259479e+01, -6.9628140179409872,#0033a0
 1.32640917451317e+01, -7.0045606697872191,#0033a0
 1.32419986908693e+01, -7.0462380509755587,#0033a0
 1.32197746816471e+01, -7.0878457493431775,#0033a0
 1.31974199372464e+01, -7.1293833534163449,#0033a0
 1.31749346787415e+01, -7.1708504524145384,#0033a0
 1.31523191284973e+01, -7.2122466362544664,#0033a0
 1.31295735101672e+01, -7.2535714955541630,#0033a0
 1.31066980486909e+01, -7.2948246216369954,#0033a0
 1.30836929702923e+01, -7.3360056065357506,#0033a0
 1.30605585024769e+01, -7.3771140429966202,#0033a0
 1.30372948740300e+01, -7.4181495244832778,#0033a0
 1.30139023150140e+01, -7.4591116451808555,#0033a0
 1.29903810567666e+01, -7.4999999999999956,#0033a0
 1.29667313318980e+01, -7.5408141845808254,#0033a0
 1.29429533742890e+01, -7.5815537952969629,#0033a0
 1.29190474190885e+01, -7.6222184292595383,#0033a0
 1.28950137027112e+01, -7.6628076843211250,#0033a0
 1.28708524628353e+01, -7.7033211590797732,#0033a0
 1.28465639384002e+01, -7.7437584528829264,#0033a0
 1.28221483696039e+01, -7.7841191658314344,#0033a0
 1.27976059979009e+01, -7.8244028987834602,#0033a0
 1.27729370659997e+01, -7.8646092533584717,#0033a0
 1.27481418178603e+01, -7.9047378319411381,#0033a0
 1.27232204986920e+01, -7.9447882376853043,#0033a0
 1.26981733549509e+01, -7.9847600745178751,#0033a0
 1.26730006343373e+01, -8.0246529471427710,#0033a0
 1.26477025857933e+01, -8.0644664610448071,#0033a0
 1.26222794595008e+01, -8.1042002224935992,#0033a0
 1.25967315068781e+01, -8.1438538385474875,#0033a0
 1.25710589805784e+01, -8.1834269170573730,#0033a0
 1.25452621344866e+01, -8.2229190666706451,#0033a0
 1.25193412237173e+01, -8.2623298968350039,#0033a0
 1.24932965046116e+01, -8.3016590178023737,#0033a0
 1.24671282347354e+01, -8.3409060406327082,#0033a0
 1.24408366728762e+01, -8.3800705771978770,#0033a0
 1.24144220790410e+01, -8.4191522401854719,#0033a0
 1.23878847144531e+01, -8.4581506431026643,#0033a0
 1.23612248415505e+01, -8.4970654002800021,#0033a0
 1.23344427239821e+01, -8.5358961268752527,#0033a0
 1.23075386266063e+01, -8.5746424388771789,#0033a0
 1.22805128154874e+01, -8.6133039531093498,#0033a0
 1.22533655578936e+01, -8.6518802872339453,#0033a0
 1.22260971222939e+01, -8.6903710597554991,#0033a0
 1.21987077783560e+01, -8.7287758900247230,#0033a0
 1.21711977969430e+01, -8.7670943982422198,#0033a0
 1.21435674501112e+01, -8.8053262054622774,#0033a0
 1.21158170111071e+01, -8.8434709335965866,#0033a0
 1.20879467543650e+01, -8.8815282054180145,#0033a0
 1.20599569555041e+01, -8.9194976445642933,#0033a0
 1.20318478913257e+01, -8.9573788755417887,#0033a0
 1.20036198398105e+01, -8.9951715237291712,#0033a0
 1.19752730801161e+01, -9.0328752153811394,#0033a0
 1.19468078925739e+01, -9.0704895776321290,#0033a0
 1.19182245586867e+01, -9.1080142384999725,#0033a0
 1.18895233611253e+01, -9.1454488268896021,#0033a0
 1.18607045837264e+01, -9.1827929725966992,#0033a0
 1.18317685114895e+01, -9.2200463063113816,#0033a0
 1.18027154305739e+01, -9.2572084596218218,#0033a0
 1.17735456282961e+01, -9.2942790650179283,#0033a0
 1.17442593931270e+01, -9.3312577558949350,#0033a0
 1.17148570146888e+01, -9.3681441665570802,#0033a0
 1.16853387837524e+01, -9.4049379322211699,#0033a0
 1.16557049922343e+01, -9.4416386890202340,#0033a0
 1.16259559331940e+01, -9.4782460740070817,#0033a0
 1.15960919008308e+01, -9.5147597251579121,#0033a0
 1.15661131904809e+01, -9.5511792813759069,#0033a0
 1.15360200986148e+01, -9.5875043824947710,#0033a0
 1.15058129228340e+01, -9.6237346692823227,#0033a0
 1.14754919618684e+01, -9.6598697834440213,#0033a0
 1.14450575155729e+01, -9.6959093676265375,#0033a0
 1.14145098849250e+01, -9.7318530654212552,#0033a0
 1.13838493720213e+01, -9.7677005213678338,#0033a0
 1.13530762800749e+01, -9.8034513809576840,#0033a0
 1.13221909134120e+01, -9.8391052906375105,#0033a0
 1.12911935774693e+01, -9.8746618978127767,#0033a0
 1.12600845787909e+01, -9.9101208508512197,#0033a0
 1.12288642250249e+01, -9.9454817990862985,#0033a0
 1.11975328249208e+01, -9.9807443928206858,#0033a0
 1.11660906883263e+01,-10.0159082833297255,#0033a0
 1.11345381261841e+01,-10.0509731228648569,#0033a0
 1.11028754505292e+01,-10.0859385646570860,#0033a0
 1.10711029744851e+01,-10.1208042629203838,#0033a0
 1.10392210122616e+01,-10.1555698728551427,#0033a0
 1.10072298791509e+01,-10.1902350506515411,#0033a0
 1.09751298915252e+01,-10.2247994534929898,#0033a0
 1.09429213668328e+01,-10.2592627395594800,#0033a0
 1.09106046235957e+01,-10.2936245680310012,#0033a0
 1.08781799814060e+01,-10.3278845990908756,#0033a0
 1.08456477609226e+01,-10.3620424939291613,#0033a0
 1.08130082838688e+01,-10.3960979147459547,#0033a0
 1.07802618730281e+01,-10.4300505247547655,#0033a0
 1.07474088522417e+01,-10.4638999881858439,#0033a0
 1.07144495464053e+01,-10.4976459702894758,#0033a0
 1.06813842814654e+01,-10.5312881373393363,#0033a0
 1.06482133844164e+01,-10.5648261566357409,#0033a0
 1.06149371832976e+01,-10.5982596965089826,#0033a0
 1.05815560071893e+01,-10.6315884263225691,#0033a0
 1.05480701862103e+01,-10.6648120164765317,#0033a0
 1.05144800515140e+01,-10.6979301384106478,#0033a0
 1.04807859352855e+01,-10.7309424646077272,#0033a0
 1.04469881707383e+01,-10.7638486685968111,#0033a0
 1.04130870921108e+01,-10.7966484249564481,#0033a0
 1.03790830346632e+01,-10.8293414093178662,#0033a0
 1.03449763346739e+01,-10.8619272983681991,#0033a0
 1.03107673294367e+01,-10.8944057698537051,#0033a0
 1.02764563572567e+01,-10.9267765025829089,#0033a0
 1.02420437574478e+01,-10.9590391764298296,#0033a0
 1.02075298703288e+01,-10.9911934723370912,#0033a0
 1.01729150372200e+01,-11.0232390723191358,#0033a0
 1.01381996004402e+01,-11.0551756594653128,#0033a0
 1.01033839033030e+01,-11.0870029179430638,#0033a0
 1.00684682901135e+01,-11.1187205330009995,#0033a0
 1.00334531061651e+01,-11.1503281909720489,#0033a0
 9.99833869773559e+00,-11.1818255792765360,#0033a0
 9.96312541208421e+00,-11.2132123864252993,#0033a0
 9.92781359744802e+00,-11.2444883020227380,#0033a0
 9.89240360303844e+00,-11.2756530167698958,#0033a0
 9.85689577903783e+00,-11.3067062224675414,#0033a0
 9.82129047659603e+00,-11.3376476120191771,#0033a0
 9.78558804782687e+00,-11.3684768794341124,#0033a0
 9.74978884580470e+00,-11.3991937198304623,#0033a0
 9.71389322456091e+00,-11.4297978294381792,#0033a0
 9.67790153908041e+00,-11.4602889056020345,#0033a0
 9.64181414529809e+00,-11.4906666467846676,#0033a0
 9.60563140009540e+00,-11.5209307525694857,#0033a0
 9.56935366129669e+00,-11.5510809236637098,#0033a0
 9.53298128766577e+00,-11.5811168619012879,#0033a0
 9.49651463890232e+00,-11.6110382702458566,#0033a0
 9.45995407563836e+00,-11.6408448527936823,#0033a0
 9.42329995943463e+00,-11.6705363147765926,#0033a0
 9.38655265277709e+00,-11.7001123625648784,#0033a0
 9.34971251907326e+00,-11.7295727036701916,#0033a0
 9.31277992264866e+00,-11.7589170467484845,#0033a0
 9.27575522874324e+00,-11.7881451016028134,#0033a0
 9.23863880350770e+00,-11.8172565791862958,#0033a0
 9.20143101399993e+00,-11.8462511916048854,#0033a0
 9.16413222818135e+00,-11.8751286521202779,#0033a0
 9.12674281491326e+00,-11.9038886751527215,#0033a0
 9.08926314395322e+00,-11.9325309762838501,#0033a0
 9.05169358595140e+00,-11.9610552722594790,#0033a0
 9.01403451244685e+00,-11.9894612809924492,#0033a0
 8.97628629586391e+00,-12.0177487215653613,#0033a0
 8.93844930950848e+00,-12.0459173142333764,#0033a0
 8.90052392756431e+00,-12.0739667804270177,#0033a0
 8.86251052508937e+00,-12.1018968427548597,#0033a0
 8.82440947801208e+00,-12.1297072250063227,#0033a0
 8.78622116312759e+00,-12.1573976521543816,#0033a0
 8.74794595809410e+00,-12.1849678503582890,#0033a0
 8.70958424142909e+00,-12.2124175469662877,#0033a0
 8.67113639250556e+00,-12.2397464705183161,#0033a0
 8.63260279154836e+00,-12.2669543507486569,#0033a0
 8.59398381963031e+00,-12.2940409185886654,#0033a0
 8.55527985866853e+00,-12.3210059061693737,#0033a0
 8.51649129142062e+00,-12.3478490468241766,#0033a0
 8.47761850148089e+00,-12.3745700750914516,#0033a0
 8.43866187327656e+00,-12.4011687267171968,#0033a0
 8.39962179206393e+00,-12.4276447386576336,#0033a0
 8.36049864392464e+00,-12.4539978490818068,#0033a0
 8.32129281576176e+00,-12.4802277973742015,#0033a0
 8.28200469529607e+00,-12.5063343241372653,#0033a0
 8.24263467106210e+00,-12.5323171711940411,#0033a0
 8.20318313240442e+00,-12.5581760815906556,#0033a0
 8.16365046947369e+00,-12.5839107995989075,#0033a0
 8.12403707322285e+00,-12.6095210707187722,#0033a0
 8.08434333540325e+00,-12.6350066416809277,#0033a0
 8.04456964856074e+00,-12.6603672604492505,#0033a0
 8.00471640603184e+00,-12.6856026762233380,#0033a0
 7.96478400193981e+00,-12.7107126394409420,#0033a0
 7.92477283119078e+00,-12.7356969017804609,#0033a0
 7.88468328946982e+00,-12.7605552161634161,#0033a0
 7.84451577323704e+00,-12.7852873367568574,#0033a0
 7.80427067972369e+00,-12.8098930189758100,#0033a0
 7.76394840692818e+00,-12.8343720194856985,#0033a0
 7.72354935361219e+00,-12.8587240962047531,#0033a0
 7.68307391929672e+00,-12.8829490083063867,#0033a0
 7.64252250425810e+00,-12.9070465162216141,#0033a0
 7.60189550952410e+00,-12.9310163816413652,#0033a0
 7.56119333686988e+00,-12.9548583675189040,#0033a0
 7.52041638881410e+00,-12.9785722380721200,#0033a0
 7.47956506861488e+00,-13.0021577587858896,#0033a0
 7.43863978026584e+00,-13.0256146964143884,#0033a0
 7.39764092849212e+00,-13.0489428189833951,#0033a0
 7.35656891874630e+00,-13.0721418957925888,#0033a0
 7.31542415720452e+00,-13.0952116974178185,#0033a0
 7.27420705076232e+00,-13.1181519957134114,#0033a0
 7.23291800703073e+00,-13.1409625638143659,#0033a0
 7.19155743433216e+00,-13.1636431761386596,#0033a0
 7.15012574169642e+00,-13.1861936083894289,#0033a0
 7.10862333885665e+00,-13.2086136375572174,#0033a0
 7.06705063624527e+00,-13.2309030419221703,#0033a0
 7.02540804498991e+00,-13.2530616010562277,#0033a0
 6.98369597690935e+00,-13.2750890958253134,#0033a0
 6.94191484450949e+00,-13.2969853083914771,#0033a0
 6.90006506097917e+00,-13.3187500222150934,#0033a0
 6.85814704018620e+00,-13.3403830220569493,#0033a0
 6.81616119667317e+00,-13.3618840939804215,#0033a0
 6.77410794565343e+00,-13.3832530253535538,#0033a0
 6.73198770300694e+00,-13.4044896048511823,#0033a0
 6.68980088527614e+00,-13.4255936224570185,#0033a0
 6.64754790966189e+00,-13.4465648694657265,#0033a0
 6.60522919401930e+00,-13.4674031384849826,#0033a0
 6.56284515685357e+00,-13.4881082234375498,#0033a0
 6.52039621731595e+00,-13.5086799195632690,#0033a0
 6.47788279519947e+00,-13.5291180234211375,#0033a0
 6.43530531093490e+00,-13.5494223328912824,#0033a0
 6.39266418558653e+00,-13.5695926471769681,#0033a0
 6.34995984084802e+00,-13.5896287668065980,#0033a0
 6.30719269903821e+00,-13.6095304936356651,#0033a0
 6.26436318309700e+00,-13.6292976308487290,#0033a0
 6.22147171658111e+00,-13.6489299829613486,#0033a0
 6.17851872365989e+00,-13.6684273558220344,#0033a0
 6.13550462911120e+00,-13.6877895566141365,#0033a0
 6.09242985831710e+00,-13.7070163938577938,#0033a0
 6.04929483725973e+00,-13.7261076774117878,#0033a0
 6.00609999251706e+00,-13.7450632184754440,#0033a0
 5.96284575125870e+00,-13.7638828295904982,#0033a0
 5.91953254124161e+00,-13.7825663246429428,#0033a0
 5.87616079080596e+00,-13.8011135188648719,#0033a0
 5.83273092887082e+00,-13.8195242288363094,#0033a0
 5.78924338492993e+00,-13.8377982724870296,#0033a0
 5.74569858904753e+00,-13.8559354690983341,#0033a0
 5.70209697185396e+00,-13.8739356393048716,#0033a0
 5.65843896454155e+00,-13.8917986050963869,#0033a0
 5.61472499886029e+00,-13.9095241898194821,#0033a0
 5.57095550711352e+00,-13.9271122181793849,#0033a0
 5.52713092215375e+00,-13.9445625162416587,#0033a0
 5.48325167737829e+00,-13.9618749114339273,#0033a0
 5.43931820672501e+00,-13.9790492325476059,#0033a0
 5.39533094466805e+00,-13.9960853097395557,#0033a0
 5.35129032621349e+00,-14.0129829745337933,#0033a0
 5.30719678689509e+00,-14.0297420598231408,#0033a0
 5.26305076276996e+00,-14.0463623998708833,#0033a0
 5.21885269041426e+00,-14.0628438303124099,#0033a0
 5.17460300691886e+00,-14.0791861881568394,#0033a0
 5.13030214988503e+00,-14.0953893117886260,#0033a0
 5.08595055742014e+00,-14.1114530409691632,#0033a0
 5.04154866813324e+00,-14.1273772168383722,#0033a0
 4.99709692113088e+00,-14.1431616819162578,#0033a0
 4.95259575601256e+00,-14.1588062801044909,#0033a0
 4.90804561286658e+00,-14.1743108566879208,#0033a0
 4.86344693226557e+00,-14.1896752583361341,#0033a0
 4.81880015526216e+00,-14.2048993331049473,#0033a0
 4.77410572338463e+00,-14.2199829304379328,#0033a0
 4.72936407863253e+00,-14.2349259011678821,#0033a0
 4.68457566347235e+00,-14.2497280975183038,#0033a0
 4.63974092083304e+00,-14.2643893731048799,#0033a0
 4.59486029410176e+00,-14.2789095829368922,#0033a0
 4.54993422711941e+00,-14.2932885834186987,#0033a0
 4.50496316417626e+00,-14.3075262323511048,#0033a0
 4.45994755000759e+00,-14.3216223889328020,#0033a0
 4.41488782978923e+00,-14.3355769137617521,#0033a0
 4.36978444913321e+00,-14.3493896688365670,#0033a0
 4.32463785408333e+00,-14.3630605175578605,#0033a0
 4.27944849111075e+00,-14.3765893247296290,#0033a0
 4.23421680710959e+00,-14.3899759565605478,#0033a0
 4.18894324939246e+00,-14.4032202806653391,#0033a0
 4.14362826568613e+00,-14.4163221660660383,#0033a0
 4.09827230412699e+00,-14.4292814831933196,#0033a0
 4.05287581325673e+00,-14.4420981038877656,#0033a0
 4.00743924201782e+00,-14.4547719014011289,#0033a0
 3.96196303974909e+00,-14.4673027503976055,#0033a0
 3.91644765618133e+00,-14.4796905269550482,#0033a0
 3.87089354143276e+00,-14.4919351085662171,#0033a0
 3.82530114600467e+00,-14.5040363741399716,#0033a0
 3.77967092077689e+00,-14.5159942040024799,#0033a0
 3.73400331700338e+00,-14.5278084798983951,#0033a0
 3.68829878630776e+00,-14.5394790849920312,#0033a0
 3.64255778067881e+00,-14.5510059038685124,#0033a0
 3.59678075246604e+00,-14.5623888225349152,#0033a0
 3.55096815437519e+00,-14.5736277284214051,#0033a0
 3.50512043946379e+00,-14.5847225103823330,#0033a0
 3.45923806113661e+00,-14.5956730586973578,#0033a0
 3.41332147314125e+00,-14.6064792650724975,#0033a0
 3.36737112956360e+00,-14.6171410226412473,#0033a0
 3.32138748482339e+00,-14.6276582259655807,#0033a0
 3.27537099366969e+00,-14.6380307710370392,#0033a0
 3.22932211117636e+00,-14.6482585552777405,#0033a0
 3.18324129273762e+00,-14.6583414775413843,#0033a0
 3.13712899406352e+00,-14.6682794381142738,#0033a0
 3.09098567117539e+00,-14.6780723387162944,#0033a0
 3.04481178040143e+00,-14.6877200825018672,#0033a0
 2.99860777837208e+00,-14.6972225740609392,#0033a0
 2.95237412201559e+00,-14.7065797194198993,#0033a0
 2.90611126855347e+00,-14.7157914260425198,#0033a0
 2.85981967549597e+00,-14.7248576028308715,#0033a0
 2.81349980063756e+00,-14.7337781601262225,#0033a0
 2.76715210205238e+00,-14.7425530097099209,#0033a0
 2.72077703808977e+00,-14.7511820648042793,#0033a0
 2.67437506736964e+00,-14.7596652400734225,#0033a0
 2.62794664877805e+00,-14.7680024516241275,#0033a0
 2.58149224146255e+00,-14.7761936170066708,#0033a0
 2.53501230482774e+00,-14.7842386552156260,#0033a0
 2.48850729853071e+00,-14.7921374866906721,#0033a0
 2.44197768247642e+00,-14.7998900333173786,#0033a0
 2.39542391681324e+00,-14.8074962184279855,#0033a0
 2.34884646192836e+00,-14.8149559668021489,#0033a0
 2.30224577844325e+00,-14.8222692046676929,#0033a0
 2.25562232720905e+00,-14.8294358597013396,#0033a0
 2.20897656930213e+00,-14.8364558610294193,#0033a0
 2.16230896601938e+00,-14.8433291392285778,#0033a0
 2.11561997887380e+00,-14.8500556263264567,#0033a0
 2.06891006958981e+00,-14.8566352558023667,#0033a0
 2.02217970009876e+00,-14.8630679625879552,#0033a0
 1.97542933253435e+00,-14.8693536830678301,#0033a0
 1.92865942922804e+00,-14.8754923550802101,#0033a0
 1.88187045270445e+00,-14.8814839179175262,#0033a0
 1.83506286567686e+00,-14.8873283123270248,#0033a0
 1.78823713104261e+00,-14.8930254805113567,#0033a0
 1.74139371187846e+00,-14.8985753661291440,#0033a0
 1.69453307143610e+00,-14.9039779142955435,#0033a0
 1.64765567313750e+00,-14.9092330715827828,#0033a0
 1.60076198057038e+00,-14.9143407860206931,#0033a0
 1.55385245748359e+00,-14.9193010070972232,#0033a0
 1.50692756778253e+00,-14.9241136857589325,#0033a0
 1.45998777552454e+00,-14.9287787744114855,#0033a0
 1.41303354491441e+00,-14.9332962269201168,#0033a0
 1.36606534029962e+00,-14.9376659986100933,#0033a0
 1.31908362616593e+00,-14.9418880462671435,#0033a0
 1.27208886713264e+00,-14.9459623281378970,#0033a0
 1.22508152794810e+00,-14.9498888039302926,#0033a0
 1.17806207348504e+00,-14.9536674348139798,#0033a0
 1.13103096873602e+00,-14.9572981834206971,#0033a0
 1.08398867880881e+00,-14.9607810138446418,#0033a0
 1.03693566892177e+00,-14.9641158916428392,#0033a0
 9.89872404399321e-01,-14.9673027838354589,#0033a0
 9.42799350667240e-01,-14.9703416589061664,#0033a0
 8.95716973248156e-01,-14.9732324868024129,#0033a0
 8.48625737756890e-01,-14.9759752389357459,#0033a0
 8.01526109895863e-01,-14.9785698881820881,#0033a0
 7.54418555450491e-01,-14.9810164088820095,#0033a0
 7.07303540284594e-01,-14.9833147768409667,#0033a0
 6.60181530335731e-01,-14.9854649693295663,#0033a0
 6.13052991610676e-01,-14.9874669650837653,#0033a0
 5.65918390180771e-01,-14.9893207443051004,#0033a0
 5.18778192177270e-01,-14.9910262886608692,#0033a0
 4.71632863786816e-01,-14.9925835812843236,#0033a0
 4.24482871246775e-01,-14.9939926067748228,#0033a0
 3.77328680840638e-01,-14.9952533511980075,#0033a0
 3.30170758893411e-01,-14.9963658020859096,#0033a0
 2.83009571767014e-01,-14.9973299484370983,#0033a0
 2.35845585855620e-01,-14.9981457807167757,#0033a0
 1.88679267581131e-01,-14.9988132908568819,#0033a0
 1.41511083388463e-01,-14.9993324722561638,#0033a0
 9.43414997410252e-02,-14.9997033197802487,#0033a0
 4.71709831160512e-02,-14.9999258297616880,#0033a0
 2.75545529808154e-15,-15.0000000000000000,#0033a0
 0.00000000000000e+00,-15.0000000000000000,#0033a0
 0.00000000000000e+00,-15.1666000000000007,#0033a0
 2.72485137457085e-15,-14.8333999999999993,#0033a0
 4.66470707302423e-02,-14.8333266535458002,#0033a0
 9.32936801505682e-02,-14.8331066149085551,#0033a0
 1.39939366955616e-01,-14.8327398862643047,#0033a0
 1.86583669849183e-01,-14.8322264712397640,#0033a0
 2.33226127548717e-01,-14.8315663749122795,#0033a0
 2.79866278789922e-01,-14.8307596038097884,#0033a0
 3.26503662331302e-01,-14.8298061659107407,#0033a0
 3.73137816958768e-01,-14.8287060706440350,#0033a0
 4.19768281490128e-01,-14.8274593288889101,#0033a0
 4.66394594779690e-01,-14.8260659529748580,#0033a0
 5.13016295722807e-01,-14.8245259566814749,#0033a0
 5.59632923260483e-01,-14.8228393552383508,#0033a0
 6.06244016383854e-01,-14.8210061653249010,#0033a0
 6.52849114138802e-01,-14.8190264050702112,#0033a0
 6.99447755630500e-01,-14.8169000940528512,#0033a0
 7.46039480027955e-01,-14.8146272533006922,#0033a0
 7.92623826568620e-01,-14.8122079052906788,#0033a0
 8.39200334562870e-01,-14.8096420739486323,#0033a0
 8.85768543398613e-01,-14.8069297846489931,#0033a0
 9.32327992545816e-01,-14.8040710642145807,#0033a0
 9.78878221561113e-01,-14.8010659409163274,#0033a0
 1.02541877009228e+00,-14.7979144444729922,#0033a0
 1.07194917788284e+00,-14.7946166060508730,#0033a0
 1.11846898477659e+00,-14.7911724582635031,#0033a0
 1.16497773072220e+00,-14.7875820351713116,#0033a0
 1.21147495577769e+00,-14.7838453722813075,#0033a0
 1.25796020011502e+00,-14.7799625065467115,#0033a0
 1.30443300402464e+00,-14.7759334763666033,#0033a0
 1.35089290792002e+00,-14.7717583215855317,#0033a0
 1.39733945234221e+00,-14.7674370834931263,#0033a0
 1.44377217796438e+00,-14.7629698048236868,#0033a0
 1.49019062559636e+00,-14.7583565297557691,#0033a0
 1.53659433618914e+00,-14.7535973039117287,#0033a0
 1.58298285083952e+00,-14.7486921743572896,#0033a0
 1.62935571079452e+00,-14.7436411896010693,#0033a0
 1.67571245745602e+00,-14.7384443995941012,#0033a0
 1.72205263238519e+00,-14.7331018557293376,#0033a0
 1.76837577730715e+00,-14.7276136108411446,#0033a0
 1.81468143411541e+00,-14.7219797192047785,#0033a0
 1.86096914487641e+00,-14.7162002365358546,#0033a0
 1.90723845183408e+00,-14.7102752199897857,#0033a0
 1.95348889741434e+00,-14.7042047281612227,#0033a0
 1.99972002422967e+00,-14.6979888210834790,#0033a0
 2.04593137508356e+00,-14.6916275602279214,#0033a0
 2.09212249297511e+00,-14.6851210085033905,#0033a0
 2.13829292110345e+00,-14.6784692302555460,#0033a0
 2.18444220287240e+00,-14.6716722912662529,#0033a0
 2.23056988189485e+00,-14.6647302587529236,#0033a0
 2.27667550199734e+00,-14.6576432013678488,#0033a0
 2.32275860722454e+00,-14.6504111891975324,#0033a0
 2.36881874184383e+00,-14.6430342937619784,#0033a0
 2.41485545034971e+00,-14.6355125880140005,#0033a0
 2.46086827746836e+00,-14.6278461463384932,#0033a0
 2.50685676816212e+00,-14.6200350445516971,#0033a0
 2.55282046763402e+00,-14.6120793599004521,#0033a0
 2.59875892133227e+00,-14.6039791710614235,#0033a0
 2.64467167495472e+00,-14.5957345581403395,#0033a0
 2.69055827445339e+00,-14.5873456026711850,#0033a0
 2.73641826603892e+00,-14.5788123876154092,#0033a0
 2.78225119618514e+00,-14.5701349973610856,#0033a0
 2.82805661163346e+00,-14.5613135177220947,#0033a0
 2.87383405939740e+00,-14.5523480359372730,#0033a0
 2.91958308676706e+00,-14.5432386406695429,#0033a0
 2.96530324131362e+00,-14.5339854220050384,#0033a0
 3.01099407089376e+00,-14.5245884714522138,#0033a0
 3.05665512365421e+00,-14.5150478819409514,#0033a0
 3.10228594803612e+00,-14.5053637478216171,#0033a0
 3.14788609277961e+00,-14.4955361648641574,#0033a0
 3.19345510692822e+00,-14.4855652302571212,#0033a0
 3.23899253983333e+00,-14.4754510426067213,#0033a0
 3.28449794115862e+00,-14.4651937019358563,#0033a0
 3.32997086088457e+00,-14.4547933096831116,#0033a0
 3.37541084931288e+00,-14.4442499687017616,#0033a0
 3.42081745707091e+00,-14.4335637832587569,#0033a0
 3.46619023511615e+00,-14.4227348590336870,#0033a0
 3.51152873474060e+00,-14.4117633031177377,#0033a0
 3.55683250757532e+00,-14.4006492240126267,#0033a0
 3.60210110559474e+00,-14.3893927316295454,#0033a0
 3.64733408112117e+00,-14.3779939372880534,#0033a0
 3.69253098682920e+00,-14.3664529537149903,#0033a0
 3.73769137575011e+00,-14.3547698950433613,#0033a0
 3.78281480127637e+00,-14.3429448768111918,#0033a0
 3.82790081716591e+00,-14.3309780159604081,#0033a0
 3.87294897754668e+00,-14.3188694308356670,#0033a0
 3.91795883692095e+00,-14.3066192411831885,#0033a0
 3.96292995016981e+00,-14.2942275681495676,#0033a0
 4.00786187255750e+00,-14.2816945342805841,#0033a0
 4.05275415973582e+00,-14.2690202635199856,#0033a0
 4.09760636774857e+00,-14.2562048812082640,#0033a0
 4.14241805303586e+00,-14.2432485140814187,#0033a0
 4.18718877243861e+00,-14.2301512902696867,#0033a0
 4.23191808320281e+00,-14.2169133392962976,#0033a0
 4.27660554298398e+00,-14.2035347920761836,#0033a0
 4.32125070985150e+00,-14.1900157809146883,#0033a0
 4.36585314229304e+00,-14.1763564395062378,#0033a0
 4.41041239921884e+00,-14.1625569029330531,#0033a0
 4.45492803996615e+00,-14.1486173076637911,#0033a0
 4.49939962430352e+00,-14.1345377915521979,#0033a0
 4.54382671243526e+00,-14.1203184938357449,#0033a0
 4.58820886500565e+00,-14.1059595551342607,#0033a0
 4.63254564310338e+00,-14.0914611174485334,#0033a0
 4.67683660826585e+00,-14.0768233241589105,#0033a0
 4.72108132248357e+00,-14.0620463200238675,#0033a0
 4.76527934820438e+00,-14.0471302511785954,#0033a0
 4.80943024833787e+00,-14.0320752651335479,#0033a0
 4.85353358625968e+00,-14.0168815107729738,#0033a0
 4.89758892581577e+00,-14.0015491383534663,#0033a0
 4.94159583132684e+00,-13.9860782995024451,#0033a0
 4.98555386759251e+00,-13.9704691472166864,#0033a0
 5.02946259989572e+00,-13.9547218358607967,#0033a0
 5.07332159400697e+00,-13.9388365211656939,#0033a0
 5.11713041618868e+00,-13.9228133602270443,#0033a0
 5.16088863319939e+00,-13.9066525115037400,#0033a0
 5.20459581229813e+00,-13.8903541348163166,#0033a0
 5.24825152124864e+00,-13.8739183913453719,#0033a0
 5.29185532832366e+00,-13.8573454436299741,#0033a0
 5.33540680230926e+00,-13.8406354555660513,#0033a0
 5.37890551250898e+00,-13.8237885924047763,#0033a0
 5.42235102874821e+00,-13.8068050207509341,#0033a0
 5.46574292137836e+00,-13.7896849085612665,#0033a0
 5.50908076128118e+00,-13.7724284251428060,#0033a0
 5.55236411987295e+00,-13.7550357411512199,#0033a0
 5.59559256910871e+00,-13.7375070285891159,#0033a0
 5.63876568148656e+00,-13.7198424608043297,#0033a0
 5.68188303005183e+00,-13.7020422124882195,#0033a0
 5.72494418840131e+00,-13.6841064596739397,#0033a0
 5.76794873068749e+00,-13.6660353797346996,#0033a0
 5.81089623162274e+00,-13.6478291513820125,#0033a0
 5.85378626648355e+00,-13.6294879546639063,#0033a0
 5.89661841111472e+00,-13.6110119709631796,#0033a0
 5.93939224193351e+00,-13.5924013829955772,#0033a0
 5.98210733593389e+00,-13.5736563748079995,#0033a0
 6.02476327069071e+00,-13.5547771317766834,#0033a0
 6.06735962436386e+00,-13.5357638406053464,#0033a0
 6.10989597570244e+00,-13.5166166893233690,#0033a0
 6.15237190404895e+00,-13.4973358672839243,#0033a0
 6.19478698934340e+00,-13.4779215651621023,#0033a0
 6.23714081212756e+00,-13.4583739749530178,#0033a0
 6.27943295354900e+00,-13.4386932899699314,#0033a0
 6.32166299536529e+00,-13.4188797048423218,#0033a0
 6.36383051994812e+00,-13.3989334155139694,#0033a0
 6.40593511028744e+00,-13.3788546192410127,#0033a0
 6.44797634999561e+00,-13.3586435145899909,#0033a0
 6.48995382331145e+00,-13.3383003014359023,#0033a0
 6.53186711510439e+00,-13.3178251809602095,#0033a0
 6.57371581087858e+00,-13.2972183556488606,#0033a0
 6.61549949677701e+00,-13.2764800292902621,#0033a0
 6.65721775958554e+00,-13.2556104069733021,#0033a0
 6.69887018673704e+00,-13.2346096950852932,#0033a0
 6.74045636631544e+00,-13.2134781013099509,#0033a0
 6.78197588705985e+00,-13.1922158346253084,#0033a0
 6.82342833836856e+00,-13.1708231053016913,#0033a0
 6.86481331030314e+00,-13.1493001248996091,#0033a0
 6.90613039359248e+00,-13.1276471062676787,#0033a0
 6.94737917963689e+00,-13.1058642635404965,#0033a0
 6.98855926051204e+00,-13.0839518121365543,#0033a0
 7.02967022897308e+00,-13.0619099687560816,#0033a0
 7.07071167845864e+00,-13.0397389513789168,#0033a0
 7.11168320309483e+00,-13.0174389792623515,#0033a0
 7.15258439769929e+00,-12.9950102729389396,#0033a0
 7.19341485778519e+00,-12.9724530542143537,#0033a0
 7.23417417956517e+00,-12.9497675461651642,#0033a0
 7.27486195995543e+00,-12.9269539731366514,#0033a0
 7.31547779657966e+00,-12.9040125607405525,#0033a0
 7.35602128777302e+00,-12.8809435358528788,#0033a0
 7.39649203258613e+00,-12.8577471266116401,#0033a0
 7.43688963078900e+00,-12.8344235624145977,#0033a0
 7.47721368287503e+00,-12.8109730739169994,#0033a0
 7.51746379006497e+00,-12.7873958930292737,#0033a0
 7.55763955431081e+00,-12.7636922529147778,#0033a0
 7.59774057829973e+00,-12.7398623879874631,#0033a0
 7.63776646545807e+00,-12.7159065339095729,#0033a0
 7.67771681995523e+00,-12.6918249275892769,#0033a0
 7.71759124670756e+00,-12.6676178071783845,#0033a0
 7.75738935138229e+00,-12.6432854120699432,#0033a0
 7.79711074040144e+00,-12.6188279828958940,#0033a0
 7.83675502094568e+00,-12.5942457615246930,#0033a0
 7.87632180095826e+00,-12.5695389910588844,#0033a0
 7.91581068914885e+00,-12.5447079158327508,#0033a0
 7.95522129499739e+00,-12.5197527814098688,#0033a0
 7.99455322875803e+00,-12.4946738345806576,#0033a0
 8.03380610146292e+00,-12.4694713233599881,#0033a0
 8.07297952492607e+00,-12.4441454969846959,#0033a0
 8.11207311174718e+00,-12.4186966059111210,#0033a0
 8.15108647531549e+00,-12.3931249018126515,#0033a0
 8.19001922981363e+00,-12.3674306375771899,#0033a0
 8.22887099022137e+00,-12.3416140673046986,#0033a0
 8.26764137231945e+00,-12.3156754463046720,#0033a0
 8.30632999269340e+00,-12.2896150310936090,#0033a0
 8.34493646873736e+00,-12.2634330793924562,#0033a0
 8.38346041865778e+00,-12.2371298501241021,#0033a0
 8.42190146147724e+00,-12.2107056034107817,#0033a0
 8.46025921703825e+00,-12.1841606005715182,#0033a0
 8.49853330600694e+00,-12.1574951041195494,#0033a0
 8.53672334987689e+00,-12.1307093777596826,#0033a0
 8.57482897097280e+00,-12.1038036863857581,#0033a0
 8.61284979245428e+00,-12.0767782960779826,#0033a0
 8.65078543831953e+00,-12.0496334741003093,#0033a0
 8.68863553340912e+00,-12.0223694888977857,#0033a0
 8.72639970340962e+00,-11.9949866100939193,#0033a0
 8.76407757485738e+00,-11.9674851084879954,#0033a0
 8.80166877514216e+00,-11.9398652560524070,#0033a0
 8.83917293251086e+00,-11.9121273259299656,#0033a0
 8.87658967607118e+00,-11.8842715924311744,#0033a0
 8.91391863579527e+00,-11.8562983310315602,#0033a0
 8.95115944252342e+00,-11.8282078183689254,#0033a0
 8.98831172796771e+00,-11.8000003322405895,#0033a0
 9.02537512471562e+00,-11.7716761516006923,#0033a0
 9.06234926623368e+00,-11.7432355565573943,#0033a0
 9.09923378687111e+00,-11.7146788283701273,#0033a0
 9.13602832186340e+00,-11.6860062494468071,#0033a0
 9.17273250733599e+00,-11.6572181033410196,#0033a0
 9.20934598030777e+00,-11.6283146747492641,#0033a0
 9.24586837869475e+00,-11.5992962495080931,#0033a0
 9.28229934131357e+00,-11.5701631145913240,#0033a0
 9.31863850788518e+00,-11.5409155581071410,#0033a0
 9.35488551903827e+00,-11.5115538692953212,#0033a0
 9.39104001631291e+00,-11.4820783385243246,#0033a0
 9.42710164216409e+00,-11.4524892572884376,#0033a0
 9.46307003996521e+00,-11.4227869182048938,#0033a0
 9.49894485401166e+00,-11.3929716150109552,#0033a0
 9.53472572952431e+00,-11.3630436425610455,#0033a0
 9.57041231265302e+00,-11.3330032968238150,#0033a0
 9.60600425048012e+00,-11.3028508748792174,#0033a0
 9.64150119102396e+00,-11.2725866749155443,#0033a0
 9.67690278324234e+00,-11.2422109962265289,#0033a0
 9.71220867703596e+00,-11.2117241392083553,#0033a0
 9.74741852325198e+00,-11.1811264053566681,#0033a0
 9.78253197368736e+00,-11.1504180972636409,#0033a0
 9.81754868109237e+00,-11.1195995186149368,#0033a0
 9.85246829917400e+00,-11.0886709741867353,#0033a0
 9.88729048259940e+00,-11.0576327698427086,#0033a0
 9.92201488699928e+00,-11.0264852125309893,#0033a0
 9.95664116897135e+00,-10.9952286102811367,#0033a0
 9.99116898608364e+00,-10.9638632722011078,#0033a0
 1.00255979968780e+01,-10.9323895084741896,#0033a0
 1.00599278608733e+01,-10.9008076303559118,#0033a0
 1.00941582385690e+01,-10.8691179501710042,#0033a0
 1.01282887914484e+01,-10.8373207813102805,#0033a0
 1.01623191819821e+01,-10.8054164382275548,#0033a0
 1.01962490736310e+01,-10.7734052364365294,#0033a0
 1.02300781308501e+01,-10.7412874925076611,#0033a0
 1.02638060190915e+01,-10.7090635240650425,#0033a0
 1.02974324048078e+01,-10.6767336497832659,#0033a0
 1.03309569554553e+01,-10.6442981893842674,#0033a0
 1.03643793394976e+01,-10.6117574636341523,#0033a0
 1.03976992264085e+01,-10.5791117943400383,#0033a0
 1.04309162866754e+01,-10.5463615043468657,#0033a0
 1.04640301918028e+01,-10.5135069175342171,#0033a0
 1.04970406143151e+01,-10.4805483588130883,#0033a0
 1.05299472277602e+01,-10.4474861541227124,#0033a0
 1.05627497067126e+01,-10.4143206304272855,#0033a0
 1.05954477267766e+01,-10.3810521157127926,#0033a0
 1.06280409645895e+01,-10.3476809389837250,#0033a0
 1.06605290978250e+01,-10.3142074302598274,#0033a0
 1.06929118051959e+01,-10.2806319205728425,#0033a0
 1.07251887664580e+01,-10.2469547419632541,#0033a0
 1.07573596624125e+01,-10.2131762274769784,#0033a0
 1.07894241749097e+01,-10.1792967111620740,#0033a0
 1.08213819868519e+01,-10.1453165280654432,#0033a0
 1.08532327821966e+01,-10.1112360142295277,#0033a0
 1.08849762459598e+01,-10.0770555066889749,#0033a0
 1.09166120642187e+01,-10.0427753434672979,#0033a0
 1.09481399241151e+01,-10.0083958635735524,#0033a0
 1.09795595138586e+01, -9.9739174069989609,#0033a0
 1.10108705227293e+01, -9.9393403147135704,#0033a0
 1.10420726410813e+01, -9.9046649286628767,#0033a0
 1.10731655603453e+01, -9.8698915917644285,#0033a0
 1.11041489730322e+01, -9.8350206479044466,#0033a0
 1.11350225727358e+01, -9.8000524419344313,#0033a0
 1.11657860541356e+01, -9.7649873196677390,#0033a0
 1.11964391130004e+01, -9.7298256278761688,#0033a0
 1.12269814461908e+01, -9.6945677142865190,#0033a0
 1.12574127516628e+01, -9.6592139275771736,#0033a0
 1.12877327284698e+01, -9.6237646173746469,#0033a0
 1.13179410767666e+01, -9.5882201342500970,#0033a0
 1.13480374978119e+01, -9.5525808297159074,#0033a0
 1.13780216939710e+01, -9.5168470562221597,#0033a0
 1.14078933687195e+01, -9.4810191671531943,#0033a0
 1.14376522266453e+01, -9.4450975168240916,#0033a0
 1.14672979734522e+01, -9.4090824604771619,#0033a0
 1.14968303159627e+01, -9.3729743542784423,#0033a0
 1.15262489621206e+01, -9.3367735553141831,#0033a0
 1.15555536209942e+01, -9.3004804215873040,#0033a0
 1.15847440027790e+01, -9.2640953120138523,#0033a0
 1.16138198188006e+01, -9.2276185864194673,#0033a0
 1.16427807815178e+01, -9.1910506055357946,#0033a0
 1.16716266045249e+01, -9.1543917309969629,#0033a0
 1.17003570025552e+01, -9.1176423253359502,#0033a0
 1.17289716914832e+01, -9.0808027519810643,#0033a0
 1.17574703883277e+01, -9.0438733752522822,#0033a0
 1.17858528112548e+01, -9.0068545603576986,#0033a0
 1.18141186795804e+01, -8.9697466733898956,#0033a0
 1.18422677137729e+01, -8.9325500813223115,#0033a0
 1.18702996354563e+01, -8.8952651520056190,#0033a0
 1.18982141674127e+01, -8.8578922541641045,#0033a0
 1.19260110335850e+01, -8.8204317573920044,#0033a0
 1.19536899590799e+01, -8.7828840321498376,#0033a0
 1.19812506701704e+01, -8.7452494497607773,#0033a0
 1.20086928942986e+01, -8.7075283824069416,#0033a0
 1.20360163600783e+01, -8.6697212031257482,#0033a0
 1.20632207972977e+01, -8.6318282858061828,#0033a0
 1.20903059369223e+01, -8.5938500051851534,#0033a0
 1.21172715110972e+01, -8.5557867368437321,#0033a0
 1.21441172531501e+01, -8.5176388572034814,#0033a0
 1.21708428975935e+01, -8.4794067435227163,#0033a0
 1.21974481801278e+01, -8.4410907738927641,#0033a0
 1.22239328376436e+01, -8.4026913272342316,#0033a0
 1.22502966082246e+01, -8.3642087832932717,#0033a0
 1.22765392311498e+01, -8.3256435226378169,#0033a0
 1.23026604468962e+01, -8.2869959266537983,#0033a0
 1.23286599971416e+01, -8.2482663775414196,#0033a0
 1.23545376247670e+01, -8.2094552583113156,#0033a0
 1.23802930738592e+01, -8.1705629527808288,#0033a0
 1.24059260897129e+01, -8.1315898455701561,#0033a0
 1.24314364188341e+01, -8.0925363220985940,#0033a0
 1.24568238089417e+01, -8.0534027685806873,#0033a0
 1.24820880089706e+01, -8.0141895720224365,#0033a0
 1.25072287690738e+01, -7.9748971202174683,#0033a0
 1.25322458406252e+01, -7.9355258017431769,#0033a0
 1.25571389762219e+01, -7.8960760059569006,#0033a0
 1.25819079296866e+01, -7.8565481229920788,#0033a0
 1.26065524560699e+01, -7.8169425437543829,#0033a0
 1.26310723116533e+01, -7.7772596599178430,#0033a0
 1.26554672539509e+01, -7.7374998639209780,#0033a0
 1.26797370417122e+01, -7.6976635489629333,#0033a0
 1.27038814349244e+01, -7.6577511089995731,#0033a0
 1.27279001948148e+01, -7.6177629387395935,#0033a0
 1.27517930838531e+01, -7.5776994336406034,#0033a0
 1.27755598657538e+01, -7.5375609899052280,#0033a0
 1.27992003054785e+01, -7.4973480044771978,#0033a0
 1.28227141692384e+01, -7.4570608750374143,#0033a0
 1.28461012244961e+01, -7.4167000000000014,#0033a0
 1.28693612399686e+01, -7.3762657785083858,#0033a0
 1.28924939856291e+01, -7.3357586104313501,#0033a0
 1.29154992327094e+01, -7.2951788963590749,#0033a0
 1.29383767537022e+01, -7.2545270375991651,#0033a0
 1.29611263223635e+01, -7.2138034361726859,#0033a0
 1.29837477137143e+01, -7.1730084948102082,#0033a0
 1.30062407040435e+01, -7.1321426169477995,#0033a0
 1.30286050709096e+01, -7.0912062067230544,#0033a0
 1.30508405931434e+01, -7.0501996689710724,#0033a0
 1.30729470508496e+01, -7.0091234092204715,#0033a0
 1.30949242254094e+01, -6.9679778336893898,#0033a0
 1.31167718994824e+01, -6.9267633492814493,#0033a0
 1.31384898570091e+01, -6.8854803635817285,#0033a0
 1.31600778832126e+01, -6.8441292848527411,#0033a0
 1.31815357646011e+01, -6.8027105220304085,#0033a0
 1.32028632889697e+01, -6.7612244847200023,#0033a0
 1.32240602454027e+01, -6.7196715831920892,#0033a0
 1.32451264242758e+01, -6.6780522283784753,#0033a0
 1.32660616172578e+01, -6.6363668318681626,#0033a0
 1.32868656173129e+01, -6.5946158059032589,#0033a0
 1.33075382187027e+01, -6.5527995633749070,#0033a0
 1.33280792169884e+01, -6.5109185178191904,#0033a0
 1.33484884090326e+01, -6.4689730834130561,#0033a0
 1.33687655930012e+01, -6.4269636749702252,#0033a0
 1.33889105683658e+01, -6.3848907079370791,#0033a0
 1.34089231359055e+01, -6.3427545983885478,#0033a0
 1.34288030977085e+01, -6.3005557630239934,#0033a0
 1.34485502571747e+01, -6.2582946191631148,#0033a0
 1.34681644190173e+01, -6.2159715847417978,#0033a0
 1.34876453892645e+01, -6.1735870783079765,#0033a0
 1.35069929752621e+01, -6.1311415190175031,#0033a0
 1.35262069856746e+01, -6.0886353266300191,#0033a0
 1.35452872304877e+01, -6.0460689215047791,#0033a0
 1.35642335210099e+01, -6.0034427245965105,#0033a0
 1.35830456698744e+01, -5.9607571574512317,#0033a0
 1.36017234910410e+01, -5.9180126422020951,#0033a0
 1.36202667997979e+01, -5.8752096015652251,#0033a0
 1.36386754127635e+01, -5.8323484588355221,#0033a0
 1.36569491478883e+01, -5.7894296378824723,#0033a0
 1.36750878244568e+01, -5.7464535631459581,#0033a0
 1.36930912630889e+01, -5.7034206596320818,#0033a0
 1.37109592857420e+01, -5.6603313529089405,#0033a0
 1.37286917157128e+01, -5.6171860691024182,#0033a0
 1.37462883776388e+01, -5.5739852348919703,#0033a0
 1.37637490975000e+01, -5.5307292775064267,#0033a0
 1.37810737026212e+01, -5.4874186247197443,#0033a0
 1.37982620216730e+01, -5.4440537048467847,#0033a0
 1.38153138846738e+01, -5.4006349467390695,#0033a0
 1.38322291229915e+01, -5.3571627797805430,#0033a0
 1.38490075693451e+01, -5.3136376338833431,#0033a0
 1.38656490578065e+01, -5.2700599394835352,#0033a0
 1.38821534238019e+01, -5.2264301275368430,#0033a0
 1.38985205041136e+01, -5.1827486295143999,#0033a0
 1.39147501368816e+01, -5.1390158773984966,#0033a0
 1.39308421616051e+01, -5.0952323036782907,#0033a0
 1.39467964191441e+01, -5.0513983413455215,#0033a0
 1.39626127517213e+01, -5.0075144238902407,#0033a0
 1.39782910029232e+01, -4.9635809852965389,#0033a0
 1.39938310177017e+01, -4.9195984600382276,#0033a0
 1.40092326423760e+01, -4.8755672830745658,#0033a0
 1.40244957246338e+01, -4.8314878898459321,#0033a0
 1.40396201135330e+01, -4.7873607162695322,#0033a0
 1.40546056595028e+01, -4.7431861987351054,#0033a0
 1.40694522143459e+01, -4.6989647741005882,#0033a0
 1.40841596312391e+01, -4.6546968796877897,#0033a0
 1.40987277647355e+01, -4.6103829532780729,#0033a0
 1.41131564707654e+01, -4.5660234331080432,#0033a0
 1.41274456066382e+01, -4.5216187578651965,#0033a0
 1.41415950310434e+01, -4.4771693666835723,#0033a0
 1.41556046040520e+01, -4.4326756991394234,#0033a0
 1.41694741871184e+01, -4.3881381952468796,#0033a0
 1.41832036430812e+01, -4.3435572954535768,#0033a0
 1.41967928361648e+01, -4.2989334406363175,#0033a0
 1.42102416319806e+01, -4.2542670720966873,#0033a0
 1.42235498975286e+01, -4.2095586315567077,#0033a0
 1.42367175011986e+01, -4.1648085611544756,#0033a0
 1.42497443127713e+01, -4.1200173034397816,#0033a0
 1.42626302034197e+01, -4.0751853013697223,#0033a0
 1.42753750457107e+01, -4.0303129983043275,#0033a0
 1.42879787136058e+01, -3.9854008380021915,#0033a0
 1.43004410824627e+01, -3.9404492646160727,#0033a0
 1.43127620290365e+01, -3.8954587226884851,#0033a0
 1.43249414314810e+01, -3.8504296571473184,#0033a0
 1.43369791693494e+01, -3.8053625133014486,#0033a0
 1.43488751235964e+01, -3.7602577368363157,#0033a0
 1.43606291765783e+01, -3.7151157738095284,#0033a0
 1.43722412120551e+01, -3.6699370706464345,#0033a0
 1.43837111151911e+01, -3.6247220741357178,#0033a0
 1.43950387725564e+01, -3.5794712314249941,#0033a0
 1.44062240721274e+01, -3.5341849900163749,#0033a0
 1.44172669032888e+01, -3.4888637977620296,#0033a0
 1.44281671568339e+01, -3.4435081028597683,#0033a0
 1.44389247249661e+01, -3.3981183538486248,#0033a0
 1.44495395013000e+01, -3.3526949996044055,#0033a0
 1.44600113808620e+01, -3.3072384893352385,#0033a0
 1.44703402600921e+01, -3.2617492725771435,#0033a0
 1.44805260368441e+01, -3.2162277991896007,#0033a0
 1.44905686103872e+01, -3.1706745193510804,#0033a0
 1.45004678814066e+01, -3.1250898835546050,#0033a0
 1.45102237520049e+01, -3.0794743426032753,#0033a0
 1.45198361257028e+01, -3.0338283476058234,#0033a0
 1.45293049074399e+01, -2.9881523499721663,#0033a0
 1.45386300035759e+01, -2.9424468014089280,#0033a0
 1.45478113218917e+01, -2.8967121539149590,#0033a0
 1.45568487715898e+01, -2.8509488597768793,#0033a0
 1.45657422632956e+01, -2.8051573715646207,#0033a0
 1.45744917090581e+01, -2.7593381421269347,#0033a0
 1.45830970223508e+01, -2.7134916245869043,#0033a0
 1.45915581180726e+01, -2.6676182723374740,#0033a0
 1.45998749125487e+01, -2.6217185390369786,#0033a0
 1.46080473235313e+01, -2.5757928786046396,#0033a0
 1.46160752702003e+01, -2.5298417452160877,#0033a0
 1.46239586731646e+01, -2.4838655932988507,#0033a0
 1.46316974544622e+01, -2.4378648775278760,#0033a0
 1.46392915375615e+01, -2.3918400528210420,#0033a0
 1.46467408473619e+01, -2.3457915743346520,#0033a0
 1.46540453101944e+01, -2.2997198974589153,#0033a0
 1.46612048538226e+01, -2.2536254778134595,#0033a0
 1.46682194074429e+01, -2.2075087712428365,#0033a0
 1.46750889016861e+01, -2.1613702338120016,#0033a0
 1.46818132686172e+01, -2.1152103218017899,#0033a0
 1.46883924417363e+01, -2.0690294917044190,#0033a0
 1.46948263559798e+01, -2.0228282002189846,#0033a0
 1.47011149477202e+01, -1.9766069042469274,#0033a0
 1.47072581547674e+01, -1.9303660608875246,#0033a0
 1.47132559163690e+01, -1.8841061274333533,#0033a0
 1.47191081732109e+01, -1.8378275613657789,#0033a0
 1.47248148674180e+01, -1.7915308203504439,#0033a0
 1.47303759425547e+01, -1.7452163622327301,#0033a0
 1.47357913436256e+01, -1.6988846450332173,#0033a0
 1.47410610170757e+01, -1.6525361269431664,#0033a0
 1.47461849107913e+01, -1.6061712663200018,#0033a0
 1.47511629741003e+01, -1.5597905216827648,#0033a0
 1.47559951577730e+01, -1.5133943517075661,#0033a0
 1.47606814140220e+01, -1.4669832152230642,#0033a0
 1.47652216965032e+01, -1.4205575712059393,#0033a0
 1.47696159603162e+01, -1.3741178787763355,#0033a0
 1.47738641620045e+01, -1.3276645971933332,#0033a0
 1.47779662595559e+01, -1.2811981858503878,#0033a0
 1.47819222124035e+01, -1.2347191042708001,#0033a0
 1.47857319814254e+01, -1.1882278121031840,#0033a0
 1.47893955289452e+01, -1.1417247691169088,#0033a0
 1.47929128187330e+01, -1.0952104351975389,#0033a0
 1.47962838160049e+01, -1.0486852703422982,#0033a0
 1.47995084874238e+01, -1.0021497346555353,#0033a0
 1.48025868010999e+01, -0.9556042883441599,#0033a0
 1.48055187265906e+01, -0.9090493917130716,#0033a0
 1.48083042349010e+01, -0.8624855051606537,#0033a0
 1.48109432984842e+01, -0.8159130891741680,#0033a0
 1.48134358912415e+01, -0.7693326043252471,#0033a0
 1.48157819885228e+01, -0.7227445112653187,#0033a0
 1.48179815671266e+01, -0.6761492707210385,#0033a0
 1.48200346053005e+01, -0.6295473434897458,#0033a0
 1.48219410827413e+01, -0.5829391904349205,#0033a0
 1.48237009805951e+01, -0.5363252724816115,#0033a0
 1.48253142814577e+01, -0.4897060506118663,#0033a0
 1.48267809693745e+01, -0.4430819858601843,#0033a0
 1.48281010298409e+01, -0.3964535393089711,#0033a0
 1.48292744498024e+01, -0.3498211720839660,#0033a0
 1.48303012176545e+01, -0.3031853453496607,#0033a0
 1.48311813232433e+01, -0.2565465203047865,#0033a0
 1.48319147578649e+01, -0.2099051581776992,#0033a0
 1.48325015142662e+01, -0.1632617202218646,#0033a0
 1.48329415866446e+01, -0.1166166677112770,#0033a0
 1.48332349706481e+01, -0.0699704619358847,#0033a0
 1.48333816633751e+01, -0.0233235641970410,#0033a0
 1.48333816633751e+01,  0.0233235641970447,#0033a0
 1.48332349706481e+01,  0.0699704619358818,#0033a0
 1.48329415866446e+01,  0.1166166677112741,#0033a0
 1.48325015142662e+01,  0.1632617202218682,#0033a0
 1.48319147578649e+01,  0.2099051581777029,#0033a0
 1.48311813232433e+01,  0.2565465203047836,#0033a0
 1.48303012176545e+01,  0.3031853453496644,#0033a0
 1.48292744498024e+01,  0.3498211720839630,#0033a0
 1.48281010298409e+01,  0.3964535393089748,#0033a0
 1.48267809693745e+01,  0.4430819858601879,#0033a0
 1.48253142814577e+01,  0.4897060506118633,#0033a0
 1.48237009805951e+01,  0.5363252724816086,#0033a0
 1.48219410827413e+01,  0.5829391904349241,#0033a0
 1.48200346053005e+01,  0.6295473434897495,#0033a0
 1.48179815671266e+01,  0.6761492707210356,#0033a0
 1.48157819885228e+01,  0.7227445112653158,#0033a0
 1.48134358912415e+01,  0.7693326043252506,#0033a0
 1.48109432984842e+01,  0.8159130891741717,#0033a0
 1.48083042349010e+01,  0.8624855051606507,#0033a0
 1.48055187265906e+01,  0.9090493917130752,#0033a0
 1.48025868010999e+01,  0.9556042883441570,#0033a0
 1.47995084874238e+01,  1.0021497346555390,#0033a0
 1.47962838160049e+01,  1.0486852703423017,#0033a0
 1.47929128187330e+01,  1.0952104351975360,#0033a0
 1.47893955289452e+01,  1.1417247691169059,#0033a0
 1.47857319814254e+01,  1.1882278121031877,#0033a0
 1.47819222124035e+01,  1.2347191042708039,#0033a0
 1.47779662595559e+01,  1.2811981858503849,#0033a0
 1.47738641620045e+01,  1.3276645971933301,#0033a0
 1.47696159603162e+01,  1.3741178787763391,#0033a0
 1.47652216965032e+01,  1.4205575712059428,#0033a0
 1.47606814140220e+01,  1.4669832152230613,#0033a0
 1.47559951577730e+01,  1.5133943517075632,#0033a0
 1.47511629741003e+01,  1.5597905216827619,#0033a0
 1.47461849107913e+01,  1.6061712663200054,#0033a0
 1.47410610170757e+01,  1.6525361269431702,#0033a0
 1.47357913436256e+01,  1.6988846450332145,#0033a0
 1.47303759425547e+01,  1.7452163622327272,#0033a0
 1.47248148674180e+01,  1.7915308203504472,#0033a0
 1.47191081732109e+01,  1.8378275613657824,#0033a0
 1.47132559163690e+01,  1.8841061274333504,#0033a0
 1.47072581547674e+01,  1.9303660608875217,#0033a0
 1.47011149477202e+01,  1.9766069042469310,#0033a0
 1.46948263559798e+01,  2.0228282002189886,#0033a0
 1.46883924417363e+01,  2.0690294917044159,#0033a0
 1.46818132686172e+01,  2.1152103218017873,#0033a0
 1.46750889016861e+01,  2.1613702338119984,#0033a0
 1.46682194074429e+01,  2.2075087712428401,#0033a0
 1.46612048538226e+01,  2.2536254778134635,#0033a0
 1.46540453101944e+01,  2.2997198974589126,#0033a0
 1.46467408473619e+01,  2.3457915743346489,#0033a0
 1.46392915375615e+01,  2.3918400528210455,#0033a0
 1.46316974544622e+01,  2.4378648775278795,#0033a0
 1.46239586731646e+01,  2.4838655932988480,#0033a0
 1.46160752702003e+01,  2.5298417452160846,#0033a0
 1.46080473235313e+01,  2.5757928786046436,#0033a0
 1.45998749125487e+01,  2.6217185390369822,#0033a0
 1.45915581180726e+01,  2.6676182723374775,#0033a0
 1.45830970223508e+01,  2.7134916245869016,#0033a0
 1.45744917090581e+01,  2.7593381421269321,#0033a0
 1.45657422632956e+01,  2.8051573715646243,#0033a0
 1.45568487715898e+01,  2.8509488597768828,#0033a0
 1.45478113218917e+01,  2.8967121539149558,#0033a0
 1.45386300035759e+01,  2.9424468014089253,#0033a0
 1.45293049074399e+01,  2.9881523499721703,#0033a0
 1.45198361257028e+01,  3.0338283476058270,#0033a0
 1.45102237520049e+01,  3.0794743426032727,#0033a0
 1.45004678814066e+01,  3.1250898835546024,#0033a0
 1.44905686103872e+01,  3.1706745193510839,#0033a0
 1.44805260368441e+01,  3.2162277991896042,#0033a0
 1.44703402600921e+01,  3.2617492725771475,#0033a0
 1.44600113808620e+01,  3.3072384893352358,#0033a0
 1.44495395013000e+01,  3.3526949996044029,#0033a0
 1.44389247249661e+01,  3.3981183538486284,#0033a0
 1.44281671568339e+01,  3.4435081028597718,#0033a0
 1.44172669032888e+01,  3.4888637977620265,#0033a0
 1.44062240721274e+01,  3.5341849900163722,#0033a0
 1.43950387725564e+01,  3.5794712314249981,#0033a0
 1.43837111151911e+01,  3.6247220741357218,#0033a0
 1.43722412120551e+01,  3.6699370706464314,#0033a0
 1.43606291765783e+01,  3.7151157738095262,#0033a0
 1.43488751235964e+01,  3.7602577368363197,#0033a0
 1.43369791693494e+01,  3.8053625133014530,#0033a0
 1.43249414314810e+01,  3.8504296571473229,#0033a0
 1.43127620290365e+01,  3.8954587226884825,#0033a0
 1.43004410824627e+01,  3.9404492646160700,#0033a0
 1.42879787136058e+01,  3.9854008380021955,#0033a0
 1.42753750457107e+01,  4.0303129983043311,#0033a0
 1.42626302034197e+01,  4.0751853013697197,#0033a0
 1.42497443127713e+01,  4.1200173034397789,#0033a0
 1.42367175011986e+01,  4.1648085611544783,#0033a0
 1.42235498975286e+01,  4.2095586315567104,#0033a0
 1.42102416319806e+01,  4.2542670720966855,#0033a0
 1.41967928361648e+01,  4.2989334406363149,#0033a0
 1.41832036430812e+01,  4.3435572954535804,#0033a0
 1.41694741871184e+01,  4.3881381952468832,#0033a0
 1.41556046040520e+01,  4.4326756991394269,#0033a0
 1.41415950310434e+01,  4.4771693666835697,#0033a0
 1.41274456066382e+01,  4.5216187578651930,#0033a0
 1.41131564707654e+01,  4.5660234331080467,#0033a0
 1.40987277647355e+01,  4.6103829532780773,#0033a0
 1.40841596312391e+01,  4.6546968796877870,#0033a0
 1.40694522143459e+01,  4.6989647741005856,#0033a0
 1.40546056595028e+01,  4.7431861987351089,#0033a0
 1.40396201135330e+01,  4.7873607162695357,#0033a0
 1.40244957246338e+01,  4.8314878898459286,#0033a0
 1.40092326423760e+01,  4.8755672830745631,#0033a0
 1.39938310177017e+01,  4.9195984600382312,#0033a0
 1.39782910029232e+01,  4.9635809852965416,#0033a0
 1.39626127517213e+01,  5.0075144238902443,#0033a0
 1.39467964191441e+01,  5.0513983413455179,#0033a0
 1.39308421616051e+01,  5.0952323036782872,#0033a0
 1.39147501368816e+01,  5.1390158773985002,#0033a0
 1.38985205041136e+01,  5.1827486295144043,#0033a0
 1.38821534238019e+01,  5.2264301275368394,#0033a0
 1.38656490578065e+01,  5.2700599394835317,#0033a0
 1.38490075693451e+01,  5.3136376338833458,#0033a0
 1.38322291229915e+01,  5.3571627797805457,#0033a0
 1.38153138846738e+01,  5.4006349467390669,#0033a0
 1.37982620216730e+01,  5.4440537048467821,#0033a0
 1.37810737026212e+01,  5.4874186247197470,#0033a0
 1.37637490975000e+01,  5.5307292775064303,#0033a0
 1.37462883776388e+01,  5.5739852348919738,#0033a0
 1.37286917157128e+01,  5.6171860691024156,#0033a0
 1.37109592857420e+01,  5.6603313529089379,#0033a0
 1.36930912630889e+01,  5.7034206596320853,#0033a0
 1.36750878244568e+01,  5.7464535631459626,#0033a0
 1.36569491478883e+01,  5.7894296378824697,#0033a0
 1.36386754127635e+01,  5.8323484588355194,#0033a0
 1.36202667997979e+01,  5.8752096015652278,#0033a0
 1.36017234910410e+01,  5.9180126422020987,#0033a0
 1.35830456698744e+01,  5.9607571574512290,#0033a0
 1.35642335210099e+01,  6.0034427245965079,#0033a0
 1.35452872304877e+01,  6.0460689215047827,#0033a0
 1.35262069856746e+01,  6.0886353266300226,#0033a0
 1.35069929752621e+01,  6.1311415190175076,#0033a0
 1.34876453892645e+01,  6.1735870783079729,#0033a0
 1.34681644190173e+01,  6.2159715847417942,#0033a0
 1.34485502571747e+01,  6.2582946191631175,#0033a0
 1.34288030977085e+01,  6.3005557630239917,#0033a0
 1.34089231359055e+01,  6.3427545983885452,#0033a0
 1.33889105683658e+01,  6.3848907079370827,#0033a0
 1.33687655930012e+01,  6.4269636749702279,#0033a0
 1.33484884090326e+01,  6.4689730834130597,#0033a0
 1.33280792169884e+01,  6.5109185178191886,#0033a0
 1.33075382187027e+01,  6.5527995633749097,#0033a0
 1.32868656173129e+01,  6.5946158059032616,#0033a0
 1.32660616172578e+01,  6.6363668318681661,#0033a0
 1.32451264242758e+01,  6.6780522283784718,#0033a0
 1.32240602454027e+01,  6.7196715831920857,#0033a0
 1.32028632889697e+01,  6.7612244847199996,#0033a0
 1.31815357646011e+01,  6.8027105220304112,#0033a0
 1.31600778832126e+01,  6.8441292848527384,#0033a0
 1.31384898570091e+01,  6.8854803635817259,#0033a0
 1.31167718994824e+01,  6.9267633492814520,#0033a0
 1.30949242254094e+01,  6.9679778336893925,#0033a0
 1.30729470508496e+01,  7.0091234092204751,#0033a0
 1.30508405931434e+01,  7.0501996689710698,#0033a0
 1.30286050709096e+01,  7.0912062067230570,#0033a0
 1.30062407040435e+01,  7.1321426169478030,#0033a0
 1.29837477137143e+01,  7.1730084948102117,#0033a0
 1.29611263223635e+01,  7.2138034361726833,#0033a0
 1.29383767537022e+01,  7.2545270375991633,#0033a0
 1.29154992327094e+01,  7.2951788963590731,#0033a0
 1.28924939856291e+01,  7.3357586104313537,#0033a0
 1.28693612399686e+01,  7.3762657785083832,#0033a0
 1.28461012244961e+01,  7.4166999999999987,#0033a0
 1.28227141692384e+01,  7.4570608750374161,#0033a0
 1.27992003054785e+01,  7.4973480044772014,#0033a0
 1.27755598657538e+01,  7.5375609899052316,#0033a0
 1.27517930838531e+01,  7.5776994336405998,#0033a0
 1.27279001948148e+01,  7.6177629387395962,#0033a0
 1.27038814349244e+01,  7.6577511089995767,#0033a0
 1.26797370417122e+01,  7.6976635489629368,#0033a0
 1.26554672539509e+01,  7.7374998639209744,#0033a0
 1.26310723116533e+01,  7.7772596599178394,#0033a0
 1.26065524560699e+01,  7.8169425437543811,#0033a0
 1.25819079296866e+01,  7.8565481229920824,#0033a0
 1.25571389762219e+01,  7.8960760059568980,#0033a0
 1.25322458406252e+01,  7.9355258017431751,#0033a0
 1.25072287690738e+01,  7.9748971202174719,#0033a0
 1.24820880089706e+01,  8.0141895720224401,#0033a0
 1.24568238089417e+01,  8.0534027685806908,#0033a0
 1.24314364188341e+01,  8.0925363220985922,#0033a0
 1.24059260897129e+01,  8.1315898455701596,#0033a0
 1.23802930738592e+01,  8.1705629527808252,#0033a0
 1.23545376247670e+01,  8.2094552583113192,#0033a0
 1.23286599971416e+01,  8.2482663775414160,#0033a0
 1.23026604468962e+01,  8.2869959266538018,#0033a0
 1.22765392311498e+01,  8.3256435226378134,#0033a0
 1.22502966082246e+01,  8.3642087832932734,#0033a0
 1.22239328376436e+01,  8.4026913272342281,#0033a0
 1.21974481801278e+01,  8.4410907738927605,#0033a0
 1.21708428975935e+01,  8.4794067435227198,#0033a0
 1.21441172531501e+01,  8.5176388572034849,#0033a0
 1.21172715110972e+01,  8.5557867368437339,#0033a0
 1.20903059369223e+01,  8.5938500051851499,#0033a0
 1.20632207972977e+01,  8.6318282858061846,#0033a0
 1.20360163600783e+01,  8.6697212031257447,#0033a0
 1.20086928942986e+01,  8.7075283824069452,#0033a0
 1.19812506701704e+01,  8.7452494497607756,#0033a0
 1.19536899590799e+01,  8.7828840321498411,#0033a0
 1.19260110335850e+01,  8.8204317573920026,#0033a0
 1.18982141674127e+01,  8.8578922541641081,#0033a0
 1.18702996354563e+01,  8.8952651520056225,#0033a0
 1.18422677137729e+01,  8.9325500813223080,#0033a0
 1.18141186795804e+01,  8.9697466733898992,#0033a0
 1.17858528112548e+01,  9.0068545603577004,#0033a0
 1.17574703883277e+01,  9.0438733752522840,#0033a0
 1.17289716914832e+01,  9.0808027519810608,#0033a0
 1.17003570025552e+01,  9.1176423253359538,#0033a0
 1.16716266045249e+01,  9.1543917309969594,#0033a0
 1.16427807815178e+01,  9.1910506055357981,#0033a0
 1.16138198188006e+01,  9.2276185864194638,#0033a0
 1.15847440027790e+01,  9.2640953120138558,#0033a0
 1.15555536209942e+01,  9.3004804215873040,#0033a0
 1.15262489621206e+01,  9.3367735553141848,#0033a0
 1.14968303159627e+01,  9.3729743542784458,#0033a0
 1.14672979734522e+01,  9.4090824604771583,#0033a0
 1.14376522266453e+01,  9.4450975168240952,#0033a0
 1.14078933687195e+01,  9.4810191671531960,#0033a0
 1.13780216939710e+01,  9.5168470562221632,#0033a0
 1.13480374978119e+01,  9.5525808297159038,#0033a0
 1.13179410767666e+01,  9.5882201342500988,#0033a0
 1.12877327284698e+01,  9.6237646173746434,#0033a0
 1.12574127516627e+01,  9.6592139275771753,#0033a0
 1.12269814461908e+01,  9.6945677142865154,#0033a0
 1.11964391130004e+01,  9.7298256278761670,#0033a0
 1.11657860541356e+01,  9.7649873196677390,#0033a0
 1.11350225727358e+01,  9.8000524419344330,#0033a0
 1.11041489730322e+01,  9.8350206479044502,#0033a0
 1.10731655603453e+01,  9.8698915917644268,#0033a0
 1.10420726410813e+01,  9.9046649286628803,#0033a0
 1.10108705227293e+01,  9.9393403147135722,#0033a0
 1.09795595138586e+01,  9.9739174069989627,#0033a0
 1.09481399241151e+01, 10.0083958635735506,#0033a0
 1.09166120642187e+01, 10.0427753434673015,#0033a0
 1.08849762459598e+01, 10.0770555066889749,#0033a0
 1.08532327821966e+01, 10.1112360142295294,#0033a0
 1.08213819868519e+01, 10.1453165280654396,#0033a0
 1.07894241749097e+01, 10.1792967111620722,#0033a0
 1.07573596624125e+01, 10.2131762274769766,#0033a0
 1.07251887664580e+01, 10.2469547419632558,#0033a0
 1.06929118051959e+01, 10.2806319205728460,#0033a0
 1.06605290978250e+01, 10.3142074302598239,#0033a0
 1.06280409645895e+01, 10.3476809389837268,#0033a0
 1.05954477267766e+01, 10.3810521157127962,#0033a0
 1.05627497067126e+01, 10.4143206304272891,#0033a0
 1.05299472277602e+01, 10.4474861541227106,#0033a0
 1.04970406143151e+01, 10.4805483588130919,#0033a0
 1.04640301918028e+01, 10.5135069175342153,#0033a0
 1.04309162866754e+01, 10.5463615043468675,#0033a0
 1.03976992264085e+01, 10.5791117943400366,#0033a0
 1.03643793394976e+01, 10.6117574636341505,#0033a0
 1.03309569554553e+01, 10.6442981893842656,#0033a0
 1.02974324048078e+01, 10.6767336497832677,#0033a0
 1.02638060190915e+01, 10.7090635240650442,#0033a0
 1.02300781308502e+01, 10.7412874925076576,#0033a0
 1.01962490736310e+01, 10.7734052364365311,#0033a0
 1.01623191819821e+01, 10.8054164382275566,#0033a0
 1.01282887914484e+01, 10.8373207813102823,#0033a0
 1.00941582385690e+01, 10.8691179501710042,#0033a0
 1.00599278608733e+01, 10.9008076303559136,#0033a0
 1.00255979968780e+01, 10.9323895084741878,#0033a0
 9.99116898608364e+00, 10.9638632722011113,#0033a0
 9.95664116897135e+00, 10.9952286102811350,#0033a0
 9.92201488699929e+00, 11.0264852125309876,#0033a0
 9.88729048259940e+00, 11.0576327698427086,#0033a0
 9.85246829917400e+00, 11.0886709741867389,#0033a0
 9.81754868109236e+00, 11.1195995186149386,#0033a0
 9.78253197368736e+00, 11.1504180972636391,#0033a0
 9.74741852325198e+00, 11.1811264053566699,#0033a0
 9.71220867703597e+00, 11.2117241392083518,#0033a0
 9.67690278324233e+00, 11.2422109962265324,#0033a0
 9.64150119102396e+00, 11.2725866749155426,#0033a0
 9.60600425048012e+00, 11.3028508748792138,#0033a0
 9.57041231265302e+00, 11.3330032968238186,#0033a0
 9.53472572952431e+00, 11.3630436425610473,#0033a0
 9.49894485401167e+00, 11.3929716150109535,#0033a0
 9.46307003996521e+00, 11.4227869182048920,#0033a0
 9.42710164216409e+00, 11.4524892572884394,#0033a0
 9.39104001631291e+00, 11.4820783385243264,#0033a0
 9.35488551903827e+00, 11.5115538692953248,#0033a0
 9.31863850788518e+00, 11.5409155581071392,#0033a0
 9.28229934131358e+00, 11.5701631145913204,#0033a0
 9.24586837869474e+00, 11.5992962495080949,#0033a0
 9.20934598030777e+00, 11.6283146747492658,#0033a0
 9.17273250733599e+00, 11.6572181033410178,#0033a0
 9.13602832186340e+00, 11.6860062494468053,#0033a0
 9.09923378687110e+00, 11.7146788283701291,#0033a0
 9.06234926623368e+00, 11.7432355565573960,#0033a0
 9.02537512471562e+00, 11.7716761516006905,#0033a0
 8.98831172796771e+00, 11.8000003322405878,#0033a0
 8.95115944252343e+00, 11.8282078183689201,#0033a0
 8.91391863579527e+00, 11.8562983310315619,#0033a0
 8.87658967607117e+00, 11.8842715924311779,#0033a0
 8.83917293251086e+00, 11.9121273259299638,#0033a0
 8.80166877514216e+00, 11.9398652560524141,#0033a0
 8.76407757485738e+00, 11.9674851084879972,#0033a0
 8.72639970340962e+00, 11.9949866100939193,#0033a0
 8.68863553340912e+00, 12.0223694888977839,#0033a0
 8.65078543831953e+00, 12.0496334741003075,#0033a0
 8.61284979245428e+00, 12.0767782960779844,#0033a0
 8.57482897097280e+00, 12.1038036863857617,#0033a0
 8.53672334987689e+00, 12.1307093777596808,#0033a0
 8.49853330600694e+00, 12.1574951041195476,#0033a0
 8.46025921703825e+00, 12.1841606005715217,#0033a0
 8.42190146147724e+00, 12.2107056034107835,#0033a0
 8.38346041865777e+00, 12.2371298501241039,#0033a0
 8.34493646873737e+00, 12.2634330793924544,#0033a0
 8.30632999269341e+00, 12.2896150310936072,#0033a0
 8.26764137231944e+00, 12.3156754463046738,#0033a0
 8.22887099022136e+00, 12.3416140673047021,#0033a0
 8.19001922981363e+00, 12.3674306375771881,#0033a0
 8.15108647531549e+00, 12.3931249018126497,#0033a0
 8.11207311174718e+00, 12.4186966059111246,#0033a0
 8.07297952492607e+00, 12.4441454969846959,#0033a0
 8.03380610146293e+00, 12.4694713233599863,#0033a0
 7.99455322875803e+00, 12.4946738345806558,#0033a0
 7.95522129499739e+00, 12.5197527814098635,#0033a0
 7.91581068914884e+00, 12.5447079158327526,#0033a0
 7.87632180095826e+00, 12.5695389910588862,#0033a0
 7.83675502094568e+00, 12.5942457615246912,#0033a0
 7.79711074040143e+00, 12.6188279828959011,#0033a0
 7.75738935138229e+00, 12.6432854120699449,#0033a0
 7.71759124670755e+00, 12.6676178071783863,#0033a0
 7.67771681995523e+00, 12.6918249275892752,#0033a0
 7.63776646545807e+00, 12.7159065339095712,#0033a0
 7.59774057829973e+00, 12.7398623879874648,#0033a0
 7.55763955431080e+00, 12.7636922529147796,#0033a0
 7.51746379006498e+00, 12.7873958930292719,#0033a0
 7.47721368287504e+00, 12.8109730739169976,#0033a0
 7.43688963078900e+00, 12.8344235624145995,#0033a0
 7.39649203258612e+00, 12.8577471266116419,#0033a0
 7.35602128777302e+00, 12.8809435358528805,#0033a0
 7.31547779657966e+00, 12.9040125607405507,#0033a0
 7.27486195995543e+00, 12.9269539731366496,#0033a0
 7.23417417956517e+00, 12.9497675461651660,#0033a0
 7.19341485778518e+00, 12.9724530542143555,#0033a0
 7.15258439769930e+00, 12.9950102729389396,#0033a0
 7.11168320309483e+00, 13.0174389792623497,#0033a0
 7.07071167845864e+00, 13.0397389513789186,#0033a0
 7.02967022897308e+00, 13.0619099687560833,#0033a0
 6.98855926051204e+00, 13.0839518121365526,#0033a0
 6.94737917963689e+00, 13.1058642635404947,#0033a0
 6.90613039359248e+00, 13.1276471062676769,#0033a0
 6.86481331030313e+00, 13.1493001248996109,#0033a0
 6.82342833836855e+00, 13.1708231053016913,#0033a0
 6.78197588705985e+00, 13.1922158346253084,#0033a0
 6.74045636631544e+00, 13.2134781013099492,#0033a0
 6.69887018673704e+00, 13.2346096950852949,#0033a0
 6.65721775958554e+00, 13.2556104069733038,#0033a0
 6.61549949677701e+00, 13.2764800292902603,#0033a0
 6.57371581087858e+00, 13.2972183556488588,#0033a0
 6.53186711510439e+00, 13.3178251809602113,#0033a0
 6.48995382331144e+00, 13.3383003014359041,#0033a0
 6.44797634999562e+00, 13.3586435145899909,#0033a0
 6.40593511028745e+00, 13.3788546192410127,#0033a0
 6.36383051994811e+00, 13.3989334155139730,#0033a0
 6.32166299536528e+00, 13.4188797048423236,#0033a0
 6.27943295354900e+00, 13.4386932899699332,#0033a0
 6.23714081212757e+00, 13.4583739749530178,#0033a0
 6.19478698934341e+00, 13.4779215651621023,#0033a0
 6.15237190404895e+00, 13.4973358672839261,#0033a0
 6.10989597570244e+00, 13.5166166893233708,#0033a0
 6.06735962436386e+00, 13.5357638406053447,#0033a0
 6.02476327069071e+00, 13.5547771317766834,#0033a0
 5.98210733593389e+00, 13.5736563748080012,#0033a0
 5.93939224193350e+00, 13.5924013829955790,#0033a0
 5.89661841111472e+00, 13.6110119709631778,#0033a0
 5.85378626648356e+00, 13.6294879546639045,#0033a0
 5.81089623162274e+00, 13.6478291513820107,#0033a0
 5.76794873068749e+00, 13.6660353797347014,#0033a0
 5.72494418840131e+00, 13.6841064596739415,#0033a0
 5.68188303005183e+00, 13.7020422124882177,#0033a0
 5.63876568148656e+00, 13.7198424608043297,#0033a0
 5.59559256910871e+00, 13.7375070285891177,#0033a0
 5.55236411987294e+00, 13.7550357411512216,#0033a0
 5.50908076128118e+00, 13.7724284251428042,#0033a0
 5.46574292137836e+00, 13.7896849085612647,#0033a0
 5.42235102874821e+00, 13.8068050207509359,#0033a0
 5.37890551250898e+00, 13.8237885924047781,#0033a0
 5.33540680230926e+00, 13.8406354555660496,#0033a0
 5.29185532832367e+00, 13.8573454436299741,#0033a0
 5.24825152124863e+00, 13.8739183913453736,#0033a0
 5.20459581229813e+00, 13.8903541348163184,#0033a0
 5.16088863319939e+00, 13.9066525115037400,#0033a0
 5.11713041618868e+00, 13.9228133602270425,#0033a0
 5.07332159400697e+00, 13.9388365211656939,#0033a0
 5.02946259989572e+00, 13.9547218358607985,#0033a0
 4.98555386759251e+00, 13.9704691472166882,#0033a0
 4.94159583132684e+00, 13.9860782995024433,#0033a0
 4.89758892581577e+00, 14.0015491383534663,#0033a0
 4.85353358625967e+00, 14.0168815107729756,#0033a0
 4.80943024833787e+00, 14.0320752651335479,#0033a0
 4.76527934820438e+00, 14.0471302511785954,#0033a0
 4.72108132248357e+00, 14.0620463200238657,#0033a0
 4.67683660826586e+00, 14.0768233241589087,#0033a0
 4.63254564310338e+00, 14.0914611174485334,#0033a0
 4.58820886500565e+00, 14.1059595551342607,#0033a0
 4.54382671243526e+00, 14.1203184938357431,#0033a0
 4.49939962430353e+00, 14.1345377915521961,#0033a0
 4.45492803996614e+00, 14.1486173076637929,#0033a0
 4.41041239921883e+00, 14.1625569029330549,#0033a0
 4.36585314229304e+00, 14.1763564395062378,#0033a0
 4.32125070985150e+00, 14.1900157809146883,#0033a0
 4.27660554298398e+00, 14.2035347920761854,#0033a0
 4.23191808320281e+00, 14.2169133392962994,#0033a0
 4.18718877243862e+00, 14.2301512902696849,#0033a0
 4.14241805303587e+00, 14.2432485140814169,#0033a0
 4.09760636774856e+00, 14.2562048812082658,#0033a0
 4.05275415973582e+00, 14.2690202635199874,#0033a0
 4.00786187255749e+00, 14.2816945342805841,#0033a0
 3.96292995016981e+00, 14.2942275681495676,#0033a0
 3.91795883692095e+00, 14.3066192411831885,#0033a0
 3.87294897754667e+00, 14.3188694308356670,#0033a0
 3.82790081716591e+00, 14.3309780159604099,#0033a0
 3.78281480127637e+00, 14.3429448768111918,#0033a0
 3.73769137575012e+00, 14.3547698950433613,#0033a0
 3.69253098682919e+00, 14.3664529537149903,#0033a0
 3.64733408112116e+00, 14.3779939372880534,#0033a0
 3.60210110559474e+00, 14.3893927316295436,#0033a0
 3.55683250757532e+00, 14.4006492240126249,#0033a0
 3.51152873474060e+00, 14.4117633031177377,#0033a0
 3.46619023511614e+00, 14.4227348590336870,#0033a0
 3.42081745707091e+00, 14.4335637832587569,#0033a0
 3.37541084931288e+00, 14.4442499687017616,#0033a0
 3.32997086088457e+00, 14.4547933096831116,#0033a0
 3.28449794115862e+00, 14.4651937019358581,#0033a0
 3.23899253983332e+00, 14.4754510426067231,#0033a0
 3.19345510692823e+00, 14.4855652302571194,#0033a0
 3.14788609277961e+00, 14.4955361648641574,#0033a0
 3.10228594803612e+00, 14.5053637478216171,#0033a0
 3.05665512365420e+00, 14.5150478819409514,#0033a0
 3.01099407089377e+00, 14.5245884714522138,#0033a0
 2.96530324131362e+00, 14.5339854220050366,#0033a0
 2.91958308676706e+00, 14.5432386406695429,#0033a0
 2.87383405939740e+00, 14.5523480359372748,#0033a0
 2.82805661163346e+00, 14.5613135177220965,#0033a0
 2.78225119618515e+00, 14.5701349973610839,#0033a0
 2.73641826603892e+00, 14.5788123876154092,#0033a0
 2.69055827445339e+00, 14.5873456026711867,#0033a0
 2.64467167495472e+00, 14.5957345581403395,#0033a0
 2.59875892133228e+00, 14.6039791710614235,#0033a0
 2.55282046763403e+00, 14.6120793599004504,#0033a0
 2.50685676816212e+00, 14.6200350445516971,#0033a0
 2.46086827746835e+00, 14.6278461463384932,#0033a0
 2.41485545034972e+00, 14.6355125880140005,#0033a0
 2.36881874184384e+00, 14.6430342937619784,#0033a0
 2.32275860722455e+00, 14.6504111891975324,#0033a0
 2.27667550199734e+00, 14.6576432013678488,#0033a0
 2.23056988189485e+00, 14.6647302587529236,#0033a0
 2.18444220287240e+00, 14.6716722912662512,#0033a0
 2.13829292110345e+00, 14.6784692302555460,#0033a0
 2.09212249297510e+00, 14.6851210085033905,#0033a0
 2.04593137508356e+00, 14.6916275602279232,#0033a0
 1.99972002422967e+00, 14.6979888210834773,#0033a0
 1.95348889741434e+00, 14.7042047281612227,#0033a0
 1.90723845183408e+00, 14.7102752199897857,#0033a0
 1.86096914487640e+00, 14.7162002365358564,#0033a0
 1.81468143411541e+00, 14.7219797192047785,#0033a0
 1.76837577730716e+00, 14.7276136108411428,#0033a0
 1.72205263238519e+00, 14.7331018557293376,#0033a0
 1.67571245745601e+00, 14.7384443995941012,#0033a0
 1.62935571079452e+00, 14.7436411896010693,#0033a0
 1.58298285083952e+00, 14.7486921743572896,#0033a0
 1.53659433618914e+00, 14.7535973039117287,#0033a0
 1.49019062559635e+00, 14.7583565297557691,#0033a0
 1.44377217796438e+00, 14.7629698048236886,#0033a0
 1.39733945234222e+00, 14.7674370834931263,#0033a0
 1.35089290792002e+00, 14.7717583215855317,#0033a0
 1.30443300402464e+00, 14.7759334763666033,#0033a0
 1.25796020011502e+00, 14.7799625065467115,#0033a0
 1.21147495577769e+00, 14.7838453722813075,#0033a0
 1.16497773072221e+00, 14.7875820351713116,#0033a0
 1.11846898477660e+00, 14.7911724582635031,#0033a0
 1.07194917788284e+00, 14.7946166060508748,#0033a0
 1.02541877009228e+00, 14.7979144444729922,#0033a0
 9.78878221561116e-01, 14.8010659409163274,#0033a0
 9.32327992545819e-01, 14.8040710642145807,#0033a0
 8.85768543398610e-01, 14.8069297846489931,#0033a0
 8.39200334562866e-01, 14.8096420739486341,#0033a0
 7.92623826568622e-01, 14.8122079052906788,#0033a0
 7.46039480027958e-01, 14.8146272533006922,#0033a0
 6.99447755630496e-01, 14.8169000940528530,#0033a0
 6.52849114138798e-01, 14.8190264050702112,#0033a0
 6.06244016383850e-01, 14.8210061653249028,#0033a0
 5.59632923260486e-01, 14.8228393552383508,#0033a0
 5.13016295722810e-01, 14.8245259566814749,#0033a0
 4.66394594779687e-01, 14.8260659529748580,#0033a0
 4.19768281490124e-01, 14.8274593288889118,#0033a0
 3.73137816958771e-01, 14.8287060706440332,#0033a0
 3.26503662331304e-01, 14.8298061659107407,#0033a0
 2.79866278789918e-01, 14.8307596038097884,#0033a0
 2.33226127548713e-01, 14.8315663749122795,#0033a0
 1.86583669849186e-01, 14.8322264712397640,#0033a0
 1.39939366955619e-01, 14.8327398862643047,#0033a0
 9.32936801505645e-02, 14.8331066149085551,#0033a0
 4.66470707302387e-02, 14.8333266535458019,#0033a0
-9.08283791523617e-16, 14.8333999999999993,#0033a0
