x,y,fill
-89.0000000000000, 3.19790000000000,#c8102e
-89.7121794331341, 3.58395147321233,#c8102e
-89.7152163702726, 3.58549496232140,#c8102e
-89.7182564560785, 3.58703224046988,#c8102e
-89.7212996778496, 3.58856330123464,#c8102e
-89.7243460228704, 3.59008813821851,#c8102e
-89.7273954784126, 3.59160674505033,#c8102e
-89.7304480317347, 3.59311911538495,#c8102e
-89.7335036700823, 3.59462524290331,#c8102e
-89.7365623806883, 3.59612512131242,#c8102e
-89.7396241507725, 3.59761874434540,#c8102e
-89.7426889675421, 3.59910610576150,#c8102e
-89.7457568181915, 3.60058719934614,#c8102e
-89.7488276899023, 3.60206201891094,#c8102e
-89.7519015698438, 3.60353055829370,#c8102e
-89.7549784451724, 3.60499281135850,#c8102e
-89.7580583030321, 3.60644877199567,#c8102e
-89.7611411305546, 3.60789843412181,#c8102e
-89.7642269148589, 3.60934179167988,#c8102e
-89.7673156430519, 3.61077883863914,#c8102e
-89.7704073022280, 3.61220956899525,#c8102e
-89.7735018794696, 3.61363397677024,#c8102e
-89.7765993618466, 3.61505205601257,#c8102e
-89.7796997364169, 3.61646380079714,#c8102e
-89.7828029902265, 3.61786920522531,#c8102e
-89.7859091103090, 3.61926826342493,#c8102e
-89.7890180836864, 3.62066096955039,#c8102e
-89.7921298973686, 3.62204731778259,#c8102e
-89.7952445383535, 3.62342730232901,#c8102e
-89.7983619936274, 3.62480091742373,#c8102e
-89.8014822501647, 3.62616815732741,#c8102e
-89.8046052949283, 3.62752901632739,#c8102e
-89.8077311148693, 3.62888348873763,#c8102e
-89.8108596969271, 3.63023156889880,#c8102e
-89.8139910280297, 3.63157325117828,#c8102e
-89.8171250950936, 3.63290852997016,#c8102e
-89.8202618850239, 3.63423739969531,#c8102e
-89.8234013847142, 3.63555985480137,#c8102e
-89.8265435810470, 3.63687588976278,#c8102e
-89.8296884608933, 3.63818549908080,#c8102e
-89.8328360111129, 3.63948867728354,#c8102e
-89.8359862185546, 3.64078541892600,#c8102e
-89.8391390700561, 3.64207571859004,#c8102e
-89.8422945524438, 3.64335957088446,#c8102e
-89.8454526525334, 3.64463697044500,#c8102e
-89.8486133571296, 3.64590791193434,#c8102e
-89.8517766530259, 3.64717239004218,#c8102e
-89.8549425270055, 3.64843039948518,#c8102e
-89.8581109658404, 3.64968193500706,#c8102e
-89.8612819562922, 3.65092699137859,#c8102e
-89.8644554851115, 3.65216556339759,#c8102e
-89.8676315390385, 3.65339764588899,#c8102e
-89.8708101048030, 3.65462323370483,#c8102e
-89.8739911691239, 3.65584232172428,#c8102e
-89.8771747187101, 3.65705490485369,#c8102e
-89.8803607402598, 3.65826097802656,#c8102e
-89.8835492204609, 3.65946053620362,#c8102e
-89.8867401459912, 3.66065357437279,#c8102e
-89.8899335035183, 3.66184008754925,#c8102e
-89.8931292796993, 3.66302007077545,#c8102e
-89.8963274611815, 3.66419351912110,#c8102e
-89.8995280346021, 3.66536042768325,#c8102e
-89.9027309865883, 3.66652079158624,#c8102e
-89.9059363037573, 3.66767460598177,#c8102e
-89.9091439727165, 3.66882186604890,#c8102e
-89.9123539800634, 3.66996256699409,#c8102e
-89.9155663123857, 3.67109670405120,#c8102e
-89.9187809562615, 3.67222427248150,#c8102e
-89.9219978982591, 3.67334526757373,#c8102e
-89.9252171249375, 3.67445968464407,#c8102e
-89.9284386228457, 3.67556751903620,#c8102e
-89.9316623785236, 3.67666876612131,#c8102e
-89.9348883785015, 3.67776342129809,#c8102e
-89.9381166093003, 3.67885147999280,#c8102e
-89.9413470574316, 3.67993293765925,#c8102e
-89.9445797093977, 3.68100778977882,#c8102e
-89.9478145516919, 3.68207603186050,#c8102e
-89.9510515707981, 3.68313765944091,#c8102e
-89.9542907531911, 3.68419266808429,#c8102e
-89.9575320853370, 3.68524105338254,#c8102e
-89.9607755536925, 3.68628281095523,#c8102e
-89.9640211447055, 3.68731793644963,#c8102e
-89.9672688448153, 3.68834642554072,#c8102e
-89.9705186404519, 3.68936827393121,#c8102e
-89.9737705180370, 3.69038347735154,#c8102e
-89.9770244639834, 3.69139203155995,#c8102e
-89.9802804646952, 3.69239393234241,#c8102e
-89.9835385065681, 3.69338917551275,#c8102e
-89.9867985759890, 3.69437775691256,#c8102e
-89.9900606593366, 3.69535967241131,#c8102e
-89.9933247429810, 3.69633491790629,#c8102e
-89.9965908132841, 3.69730348932268,#c8102e
-89.9998588565993, 3.69826538261354,#c8102e
-90.0031288592720, 3.69922059375982,#c8102e
-90.0064008076392, 3.70016911877042,#c8102e
-90.0096746880298, 3.70111095368213,#c8102e
-90.0129504867648, 3.70204609455974,#c8102e
-90.0162281901570, 3.70297453749598,#c8102e
-90.0195077845114, 3.70389627861159,#c8102e
-90.0227892561249, 3.70481131405528,#c8102e
-90.0260725912866, 3.70571964000380,#c8102e
-90.0293577762780, 3.70662125266193,#c8102e
-90.0326447973728, 3.70751614826250,#c8102e
-90.0359336408368, 3.70840432306640,#c8102e
-90.0392242929285, 3.70928577336262,#c8102e
-90.0425167398987, 3.71016049546821,#c8102e
-90.0458109679906, 3.71102848572838,#c8102e
-90.0491069634401, 3.71188974051642,#c8102e
-90.0524047124757, 3.71274425623380,#c8102e
-90.0557042013186, 3.71359202931013,#c8102e
-90.0590054161826, 3.71443305620318,#c8102e
-90.0623083432745, 3.71526733339894,#c8102e
-90.0656129687936, 3.71609485741158,#c8102e
-90.0689192789325, 3.71691562478348,#c8102e
-90.0722272598765, 3.71772963208527,#c8102e
-90.0755368978040, 3.71853687591582,#c8102e
-90.0788481788865, 3.71933735290225,#c8102e
-90.0821610892886, 3.72013105969996,#c8102e
-90.0854756151682, 3.72091799299265,#c8102e
-90.0887917426762, 3.72169814949229,#c8102e
-90.0921094579570, 3.72247152593920,#c8102e
-90.0954287471484, 3.72323811910200,#c8102e
-90.0987495963815, 3.72399792577768,#c8102e
-90.1020719917809, 3.72475094279155,#c8102e
-90.1053959194648, 3.72549716699733,#c8102e
-90.1087213655450, 3.72623659527710,#c8102e
-90.1120483161269, 3.72696922454133,#c8102e
-90.1153767573096, 3.72769505172891,#c8102e
-90.1187066751861, 3.72841407380714,#c8102e
-90.1220380558431, 3.72912628777177,#c8102e
-90.1253708853613, 3.72983169064697,#c8102e
-90.1287051498151, 3.73053027948540,#c8102e
-90.1320408352732, 3.73122205136817,#c8102e
-90.1353779277982, 3.73190700340488,#c8102e
-90.1387164134470, 3.73258513273361,#c8102e
-90.1420562782703, 3.73325643652098,#c8102e
-90.1453975083135, 3.73392091196209,#c8102e
-90.1487400896160, 3.73457855628061,#c8102e
-90.1520840082115, 3.73522936672872,#c8102e
-90.1554292501285, 3.73587334058716,#c8102e
-90.1587758013895, 3.73651047516525,#c8102e
-90.1621236480119, 3.73714076780088,#c8102e
-90.1654727760073, 3.73776421586051,#c8102e
-90.1688231713825, 3.73838081673922,#c8102e
-90.1721748201384, 3.73899056786070,#c8102e
-90.1755277082711, 3.73959346667725,#c8102e
-90.1788818217713, 3.74018951066979,#c8102e
-90.1822371466246, 3.74077869734790,#c8102e
-90.1855936688117, 3.74136102424981,#c8102e
-90.1889513743082, 3.74193648894240,#c8102e
-90.1923102490846, 3.74250508902125,#c8102e
-90.1956702791067, 3.74306682211057,#c8102e
-90.1990314503355, 3.74362168586332,#c8102e
-90.2023937487271, 3.74416967796112,#c8102e
-90.2057571602329, 3.74471079611433,#c8102e
-90.2091216707998, 3.74524503806200,#c8102e
-90.2124872663699, 3.74577240157195,#c8102e
-90.2158539328809, 3.74629288444071,#c8102e
-90.2192216562661, 3.74680648449356,#c8102e
-90.2225904224541, 3.74731319958456,#c8102e
-90.2259602173695, 3.74781302759651,#c8102e
-90.2293310269323, 3.74830596644101,#c8102e
-90.2327028370585, 3.74879201405843,#c8102e
-90.2360756336597, 3.74927116841794,#c8102e
-90.2394494026435, 3.74974342751750,#c8102e
-90.2428241299134, 3.75020878938389,#c8102e
-90.2461998013690, 3.75066725207272,#c8102e
-90.2495764029059, 3.75111881366841,#c8102e
-90.2529539204156, 3.75156347228421,#c8102e
-90.2563323397861, 3.75200122606223,#c8102e
-90.2597116469015, 3.75243207317342,#c8102e
-90.2630918276421, 3.75285601181759,#c8102e
-90.2664728678847, 3.75327304022341,#c8102e
-90.2698547535024, 3.75368315664843,#c8102e
-90.2732374703648, 3.75408635937908,#c8102e
-90.2766210043381, 3.75448264673067,#c8102e
-90.2800053412849, 3.75487201704741,#c8102e
-90.2833904670647, 3.75525446870241,#c8102e
-90.2867763675334, 3.75563000009769,#c8102e
-90.2901630285441, 3.75599860966419,#c8102e
-90.2935504359461, 3.75636029586175,#c8102e
-90.2969385755863, 3.75671505717915,#c8102e
-90.3003274333079, 3.75706289213412,#c8102e
-90.3037169949515, 3.75740379927331,#c8102e
-90.3071072463546, 3.75773777717232,#c8102e
-90.3104981733518, 3.75806482443570,#c8102e
-90.3138897617751, 3.75838493969696,#c8102e
-90.3172819974534, 3.75869812161859,#c8102e
-90.3206748662131, 3.75900436889203,#c8102e
-90.3240683538780, 3.75930368023769,#c8102e
-90.3274624462691, 3.75959605440497,#c8102e
-90.3308571292051, 3.75988149017227,#c8102e
-90.3342523885021, 3.76015998634696,#c8102e
-90.3376482099739, 3.76043154176540,#c8102e
-90.3410445794317, 3.76069615529297,#c8102e
-90.3444414826848, 3.76095382582404,#c8102e
-90.3478389055399, 3.76120455228200,#c8102e
-90.3512368338018, 3.76144833361926,#c8102e
-90.3546352532730, 3.76168516881722,#c8102e
-90.3580341497540, 3.76191505688634,#c8102e
-90.3614335090435, 3.76213799686607,#c8102e
-90.3648333169379, 3.76235398782492,#c8102e
-90.3682335592320, 3.76256302886042,#c8102e
-90.3716342217188, 3.76276511909915,#c8102e
-90.3750352901892, 3.76296025769671,#c8102e
-90.3784367504330, 3.76314844383777,#c8102e
-90.3818385882377, 3.76332967673605,#c8102e
-90.3852407893897, 3.76350395563429,#c8102e
-90.3886433396738, 3.76367127980432,#c8102e
-90.3920462248731, 3.76383164854701,#c8102e
-90.3954494307695, 3.76398506119231,#c8102e
-90.3988529431436, 3.76413151709921,#c8102e
-90.4022567477746, 3.76427101565579,#c8102e
-90.4056608304405, 3.76440355627918,#c8102e
-90.4090651769182, 3.76452913841559,#c8102e
-90.4124697729835, 3.76464776154032,#c8102e
-90.4158746044110, 3.76475942515771,#c8102e
-90.4192796569745, 3.76486412880122,#c8102e
-90.4226849164468, 3.76496187203335,#c8102e
-90.4260903685999, 3.76505265444573,#c8102e
-90.4294959992048, 3.76513647565903,#c8102e
-90.4329017940321, 3.76521333532303,#c8102e
-90.4363077388513, 3.76528323311658,#c8102e
-90.4397138194316, 3.76534616874764,#c8102e
-90.4431200215415, 3.76540214195325,#c8102e
-90.4465263309490, 3.76545115249953,#c8102e
-90.4499327334217, 3.76549320018171,#c8102e
-90.4533392147266, 3.76552828482409,#c8102e
-90.4567457606308, 3.76555640628010,#c8102e
-90.4601523569006, 3.76557756443222,#c8102e
-90.4635589893026, 3.76559175919206,#c8102e
-90.4669656436028, 3.76559899050030,#c8102e
-90.4703723055675, 3.76559925832673,#c8102e
-90.4737789609627, 3.76559256267023,#c8102e
-90.4771855955545, 3.76557890355878,#c8102e
-90.4805921951091, 3.76555828104945,#c8102e
-90.4839987453928, 3.76553069522841,#c8102e
-90.4874052321723, 3.76549614621091,#c8102e
-90.4908116412142, 3.76545463414131,#c8102e
-90.4942179582859, 3.76540615919306,#c8102e
-90.4976241691547, 3.76535072156870,#c8102e
-90.5010302595887, 3.76528832149987,#c8102e
-90.5044362153564, 3.76521895924727,#c8102e
-90.5078420222267, 3.76514263510074,#c8102e
-90.5112476659694, 3.76505934937917,#c8102e
-90.5146531323547, 3.76496910243055,#c8102e
-90.5180584071537, 3.76487189463196,#c8102e
-90.5214634761384, 3.76476772638955,#c8102e
-90.5248683250815, 3.76465659813857,#c8102e
-90.5282729397566, 3.76453851034334,#c8102e
-90.5316773059383, 3.76441346349726,#c8102e
-90.5350814094025, 3.76428145812281,#c8102e
-90.5384852359257, 3.76414249477154,#c8102e
-90.5418887712860, 3.76399657402408,#c8102e
-90.5452920012625, 3.76384369649011,#c8102e
-90.5486949116356, 3.76368386280841,#c8102e
-90.5520974881871, 3.76351707364681,#c8102e
-90.5554997167001, 3.76334332970217,#c8102e
-90.5589015829593, 3.76316263170047,#c8102e
-90.5623030727508, 3.76297498039669,#c8102e
-90.5657041718622, 3.76278037657490,#c8102e
-90.5691048660829, 3.76257882104819,#c8102e
-90.5725051412040, 3.76237031465872,#c8102e
-90.5759049830181, 3.76215485827769,#c8102e
-90.5793043773199, 3.76193245280533,#c8102e
-90.5827033099058, 3.76170309917089,#c8102e
-90.5861017665742, 3.76146679833270,#c8102e
-90.5894997331255, 3.76122355127805,#c8102e
-90.5928971953621, 3.76097335902332,#c8102e
-90.5962941390885, 3.76071622261386,#c8102e
-90.5996905501113, 3.76045214312407,#c8102e
-90.6030864142396, 3.76018112165732,#c8102e
-90.6064817172845, 3.75990315934602,#c8102e
-90.6098764450596, 3.75961825735156,#c8102e
-90.6132705833808, 3.75932641686435,#c8102e
-90.6166641180665, 3.75902763910377,#c8102e
-90.6200570349376, 3.75872192531818,#c8102e
-90.6234493198178, 3.75840927678494,#c8102e
-90.6268409585330, 3.75808969481037,#c8102e
-90.6302319369122, 3.75776318072978,#c8102e
-90.6336222407871, 3.75742973590741,#c8102e
-90.6370118559919, 3.75708936173650,#c8102e
-90.6404007683641, 3.75674205963921,#c8102e
-90.6437889637439, 3.75638783106666,#c8102e
-90.6471764279745, 3.75602667749890,#c8102e
-90.6505631469023, 3.75565860044494,#c8102e
-90.6539491063766, 3.75528360144269,#c8102e
-90.6573342922500, 3.75490168205899,#c8102e
-90.6607186903784, 3.75451284388961,#c8102e
-90.6641022866208, 3.75411708855920,#c8102e
-90.6674850668397, 3.75371441772135,#c8102e
-90.6708670169010, 3.75330483305850,#c8102e
-90.6742481226740, 3.75288833628202,#c8102e
-90.6776283700317, 3.75246492913213,#c8102e
-90.6810077448503, 3.75203461337794,#c8102e
-90.6843862330101, 3.75159739081741,#c8102e
-90.6877638203948, 3.75115326327738,#c8102e
-90.6911404928920, 3.75070223261353,#c8102e
-90.6945162363932, 3.75024430071038,#c8102e
-90.6978910367934, 3.74977946948128,#c8102e
-90.7012648799921, 3.74930774086843,#c8102e
-90.7046377518923, 3.74882911684283,#c8102e
-90.7080096384014, 3.74834359940428,#c8102e
-90.7113805254307, 3.74785119058142,#c8102e
-90.7147503988958, 3.74735189243165,#c8102e
-90.7181192447165, 3.74684570704116,#c8102e
-90.7214870488169, 3.74633263652493,#c8102e
-90.7248537971254, 3.74581268302671,#c8102e
-90.7282194755749, 3.74528584871899,#c8102e
-90.7315840701028, 3.74475213580303,#c8102e
-90.7349475666507, 3.74421154650881,#c8102e
-90.7383099511653, 3.74366408309505,#c8102e
-90.7416712095976, 3.74310974784920,#c8102e
-90.7450313279033, 3.74254854308742,#c8102e
-90.7483902920431, 3.74198047115456,#c8102e
-90.7517480879823, 3.74140553442418,#c8102e
-90.7551047016912, 3.74082373529850,#c8102e
-90.7584601191449, 3.74023507620845,#c8102e
-90.7618143263237, 3.73963955961358,#c8102e
-90.7651673092129, 3.73903718800212,#c8102e
-90.7685190538027, 3.73842796389094,#c8102e
-90.7718695460888, 3.73781188982552,#c8102e
-90.7752187720720, 3.73718896838000,#c8102e
-90.7785667177581, 3.73655920215708,#c8102e
-90.7819133691588, 3.73592259378811,#c8102e
-90.7852587122909, 3.73527914593299,#c8102e
-90.7886027331765, 3.73462886128022,#c8102e
-90.7919454178436, 3.73397174254685,#c8102e
-90.7952867523255, 3.73330779247850,#c8102e
-90.7986267226613, 3.73263701384932,#c8102e
-90.8019653148957, 3.73195940946200,#c8102e
-90.8053025150792, 3.73127498214774,#c8102e
-90.8086383092681, 3.73058373476626,#c8102e
-90.8119726835246, 3.72988567020577,#c8102e
-90.8153056239169, 3.72918079138296,#c8102e
-90.8186371165190, 3.72846910124300,#c8102e
-90.8219671474111, 3.72775060275952,#c8102e
-90.8252957026795, 3.72702529893458,#c8102e
-90.8286227684166, 3.72629319279870,#c8102e
-90.8319483307211, 3.72555428741081,#c8102e
-90.8352723756979, 3.72480858585823,#c8102e
-90.8385948894583, 3.72405609125671,#c8102e
-90.8419158581199, 3.72329680675037,#c8102e
-90.8452352678070, 3.72253073551168,#c8102e
-90.8485531046501, 3.72175788074150,#c8102e
-90.8518693547864, 3.72097824566900,#c8102e
-90.8551840043599, 3.72019183355172,#c8102e
-90.8584970395211, 3.71939864767547,#c8102e
-90.8618084464272, 3.71859869135441,#c8102e
-90.8651182112423, 3.71779196793094,#c8102e
-90.8684263201373, 3.71697848077578,#c8102e
-90.8717327592902, 3.71615823328788,#c8102e
-90.8750375148858, 3.71533122889444,#c8102e
-90.8783405731159, 3.71449747105091,#c8102e
-90.8816419201796, 3.71365696324094,#c8102e
-90.8849415422828, 3.71280970897639,#c8102e
-90.8882394256391, 3.71195571179731,#c8102e
-90.8915355564689, 3.71109497527191,#c8102e
-90.8948299210001, 3.71022750299659,#c8102e
-90.8981225054681, 3.70935329859586,#c8102e
-90.9014132961156, 3.70847236572237,#c8102e
-90.9047022791928, 3.70758470805689,#c8102e
-90.9079894409576, 3.70669032930829,#c8102e
-90.9112747676751, 3.70578923321351,#c8102e
-90.9145582456186, 3.70488142353756,#c8102e
-90.9178398610688, 3.70396690407350,#c8102e
-90.9211196003143, 3.70304567864244,#c8102e
-90.9243974496515, 3.70211775109349,#c8102e
-90.9276733953846, 3.70118312530378,#c8102e
-90.9309474238260, 3.70024180517841,#c8102e
-90.9342195212958, 3.69929379465046,#c8102e
-90.9374896741225, 3.69833909768096,#c8102e
-90.9407578686424, 3.69737771825890,#c8102e
-90.9440240912002, 3.69640966040115,#c8102e
-90.9472883281489, 3.69543492815251,#c8102e
-90.9505505658494, 3.69445352558567,#c8102e
-90.9538107906715, 3.69346545680119,#c8102e
-90.9570689889930, 3.69247072592746,#c8102e
-90.9603251472003, 3.69146933712073,#c8102e
-90.9635792516883, 3.69046129456507,#c8102e
-90.9668312888607, 3.68944660247233,#c8102e
-90.9700812451294, 3.68842526508217,#c8102e
-90.9733291069154, 3.68739728666199,#c8102e
-90.9765748606482, 3.68636267150695,#c8102e
-90.9798184927663, 3.68532142393994,#c8102e
-90.9830599897169, 3.68427354831158,#c8102e
-90.9862993379562, 3.68321904900014,#c8102e
-90.9895365239494, 3.68215793041160,#c8102e
-90.9927715341706, 3.68109019697960,#c8102e
-90.9960043551032, 3.68001585316538,#c8102e
-90.9992349732395, 3.67893490345786,#c8102e
-91.0024633750813, 3.67784735237350,#c8102e
-91.0056895471395, 3.67675320445638,#c8102e
-91.0089134759342, 3.67565246427814,#c8102e
-91.0121351479950, 3.67454513643794,#c8102e
-91.0153545498610, 3.67343122556250,#c8102e
-91.0185716680807, 3.67231073630602,#c8102e
-91.0217864892121, 3.67118367335020,#c8102e
-91.0249989998228, 3.67005004140419,#c8102e
-91.0282091864902, 3.66890984520460,#c8102e
-91.0314170358013, 3.66776308951547,#c8102e
-91.0346225343529, 3.66660977912824,#c8102e
-91.0378256687515, 3.66544991886174,#c8102e
-91.0410264256136, 3.66428351356216,#c8102e
-91.0442247915656, 3.66311056810305,#c8102e
-91.0474207532440, 3.66193108738528,#c8102e
-91.0506142972952, 3.66074507633703,#c8102e
-91.0538054103756, 3.65955253991374,#c8102e
-91.0569940791521, 3.65835348309816,#c8102e
-91.0601802903016, 3.65714791090025,#c8102e
-91.0633640305112, 3.65593582835720,#c8102e
-91.0665452864784, 3.65471724053341,#c8102e
-91.0697240449111, 3.65349215252045,#c8102e
-91.0729002925277, 3.65226056943706,#c8102e
-91.0760740160570, 3.65102249642910,#c8102e
-91.0792452022383, 3.64977793866958,#c8102e
-91.0824138378216, 3.64852690135857,#c8102e
-91.0855799095675, 3.64726938972323,#c8102e
-91.0887434042473, 3.64600540901777,#c8102e
-91.0919043086432, 3.64473496452343,#c8102e
-91.0950626095481, 3.64345806154845,#c8102e
-91.0982182937658, 3.64217470542807,#c8102e
-91.1013713481109, 3.64088490152447,#c8102e
-91.1045217594093, 3.63958865522680,#c8102e
-91.1076695144977, 3.63828597195111,#c8102e
-91.1108146002239, 3.63697685714034,#c8102e
-91.1139570034471, 3.63566131626432,#c8102e
-91.1170967110373, 3.63433935481971,#c8102e
-91.1202337098762, 3.63301097833001,#c8102e
-91.1233679868564, 3.63167619234552,#c8102e
-91.1264995288822, 3.63033500244333,#c8102e
-91.1296283228692, 3.62898741422727,#c8102e
-91.1327543557445, 3.62763343332791,#c8102e
-91.1358776144467, 3.62627306540254,#c8102e
-91.1389980859260, 3.62490631613512,#c8102e
-91.1421157571444, 3.62353319123630,#c8102e
-91.1452306150752, 3.62215369644333,#c8102e
-91.1483426467039, 3.62076783752010,#c8102e
-91.1514518390276, 3.61937562025710,#c8102e
-91.1545581790553, 3.61797705047137,#c8102e
-91.1576616538079, 3.61657213400649,#c8102e
-91.1607622503183, 3.61516087673256,#c8102e
-91.1638599556313, 3.61374328454619,#c8102e
-91.1669547568040, 3.61231936337044,#c8102e
-91.1700466409055, 3.61088911915483,#c8102e
-91.1731355950170, 3.60945255787528,#c8102e
-91.1762216062322, 3.60800968553412,#c8102e
-91.1793046616569, 3.60656050816004,#c8102e
-91.1823847484093, 3.60510503180808,#c8102e
-91.1854618536200, 3.60364326255960,#c8102e
-91.1885359644320, 3.60217520652224,#c8102e
-91.1916070680009, 3.60070086982994,#c8102e
-91.1946751514948, 3.59922025864283,#c8102e
-91.1977402020946, 3.59773337914731,#c8102e
-91.2008022069936, 3.59624023755594,#c8102e
-91.2038611533979, 3.59474084010745,#c8102e
-91.2069170285266, 3.59323519306671,#c8102e
-91.2099698196113, 3.59172330272471,#c8102e
-91.2130195138967, 3.59020517539851,#c8102e
-91.2160660986405, 3.58868081743124,#c8102e
-91.2191095611131, 3.58715023519207,#c8102e
-91.2221498885983, 3.58561343507616,#c8102e
-91.2251870683927, 3.58407042350466,#c8102e
-91.2282210878062, 3.58252120692468,#c8102e
-91.2312519341619, 3.58096579180924,#c8102e
-91.2342795947961, 3.57940418465726,#c8102e
-91.2373040570586, 3.57783639199356,#c8102e
-91.2403253083122, 3.57626242036876,#c8102e
-91.2433433359335, 3.57468227635933,#c8102e
-91.2463581273123, 3.57309596656753,#c8102e
-91.2493696698520, 3.57150349762135,#c8102e
-91.2523779509697, 3.56990487617456,#c8102e
-91.2553829580960, 3.56830010890661,#c8102e
-91.2583846786751, 3.56668920252262,#c8102e
-91.2613831001652, 3.56507216375339,#c8102e
-91.2643782100380, 3.56344899935531,#c8102e
-91.2673699957791, 3.56181971611039,#c8102e
-91.2703584448882, 3.56018432082620,#c8102e
-91.2733435448788, 3.55854282033584,#c8102e
-91.2763252832782, 3.55689522149793,#c8102e
-91.2793036476280, 3.55524153119655,#c8102e
-91.2822786254839, 3.55358175634126,#c8102e
-91.2852502044156, 3.55191590386702,#c8102e
-91.2882183720071, 3.55024398073420,#c8102e
-91.2911831158566, 3.54856599392852,#c8102e
-91.2941444235767, 3.54688195046105,#c8102e
-91.2971022827942, 3.54519185736816,#c8102e
-91.3000566811504, 3.54349572171149,#c8102e
-91.3030076063012, 3.54179355057793,#c8102e
-91.3059550459167, 3.54008535107960,#c8102e
-91.3088989876818, 3.53837113035380,#c8102e
-91.3118394192960, 3.53665089556298,#c8102e
-91.3147763284734, 3.53492465389474,#c8102e
-91.3177097029427, 3.53319241256175,#c8102e
-91.3206395304477, 3.53145417880176,#c8102e
-91.3235657987467, 3.52970995987758,#c8102e
-91.3264884956130, 3.52795976307699,#c8102e
-91.3294076088349, 3.52620359571277,#c8102e
-91.3323231262155, 3.52444146512265,#c8102e
-91.3352350355730, 3.52267337866925,#c8102e
-91.3381433247408, 3.52089934374011,#c8102e
-91.3410479815673, 3.51911936774760,#c8102e
-91.3439489939159, 3.51733345812891,#c8102e
-91.3468463496657, 3.51554162234606,#c8102e
-91.3497400367106, 3.51374386788577,#c8102e
-91.3526300429600, 3.51194020225955,#c8102e
-91.3555163563389, 3.51013063300357,#c8102e
-91.3583989647874, 3.50831516767868,#c8102e
-91.3612778562613, 3.50649381387036,#c8102e
-91.3641530187317, 3.50466657918870,#c8102e
-91.3670244401855, 3.50283347126836,#c8102e
-91.3698921086253, 3.50099449776854,#c8102e
-91.3727560120690, 3.49914966637295,#c8102e
-91.3756161385506, 3.49729898478977,#c8102e
-91.3784724761198, 3.49544246075163,#c8102e
-91.3813250128420, 3.49358010201556,#c8102e
-91.3841737367986, 3.49171191636298,#c8102e
-91.3870186360868, 3.48983791159965,#c8102e
-91.3898596988200, 3.48795809555566,#c8102e
-91.3926969131275, 3.48607247608535,#c8102e
-91.3955302671546, 3.48418106106733,#c8102e
-91.3983597490628, 3.48228385840444,#c8102e
-91.4011853470299, 3.48038087602366,#c8102e
-91.4040070492498, 3.47847212187615,#c8102e
-91.4068248439326, 3.47655760393719,#c8102e
-91.4096387193050, 3.47463733020611,#c8102e
-91.4124486636097, 3.47271130870633,#c8102e
-91.4152546651061, 3.47077954748526,#c8102e
-91.4180567120701, 3.46884205461430,#c8102e
-91.4208547927939, 3.46689883818879,#c8102e
-91.4236488955864, 3.46494990632799,#c8102e
-91.4264390087732, 3.46299526717505,#c8102e
-91.4292251206964, 3.46103492889696,#c8102e
-91.4320072197149, 3.45906889968451,#c8102e
-91.4347852942045, 3.45709718775228,#c8102e
-91.4375593325576, 3.45511980133860,#c8102e
-91.4403293231835, 3.45313674870550,#c8102e
-91.4430952545085, 3.45114803813868,#c8102e
-91.4458571149758, 3.44915367794749,#c8102e
-91.4486148930457, 3.44715367646490,#c8102e
-91.4513685771955, 3.44514804204741,#c8102e
-91.4541181559195, 3.44313678307509,#c8102e
-91.4568636177293, 3.44111990795149,#c8102e
-91.4596049511536, 3.43909742510366,#c8102e
-91.4623421447385, 3.43706934298203,#c8102e
-91.4650751870473, 3.43503567006047,#c8102e
-91.4678040666605, 3.43299641483619,#c8102e
-91.4705287721762, 3.43095158582972,#c8102e
-91.4732492922100, 3.42890119158488,#c8102e
-91.4759656153947, 3.42684524066876,#c8102e
-91.4786777303808, 3.42478374167164,#c8102e
-91.4813856258365, 3.42271670320701,#c8102e
-91.4840892904475, 3.42064413391149,#c8102e
-91.4867887129171, 3.41856604244481,#c8102e
-91.4894838819664, 3.41648243748976,#c8102e
-91.4921747863344, 3.41439332775220,#c8102e
-91.4948614147777, 3.41229872196096,#c8102e
-91.4975437560710, 3.41019862886785,#c8102e
-91.5002217990067, 3.40809305724760,#c8102e
-91.5028955323952, 3.40598201589783,#c8102e
-91.5055649450650, 3.40386551363902,#c8102e
-91.5082300258626, 3.40174355931447,#c8102e
-91.5108907636526, 3.39961616179025,#c8102e
-91.5135471473177, 3.39748332995517,#c8102e
-91.5161991657590, 3.39534507272076,#c8102e
-91.5188468078955, 3.39320139902121,#c8102e
-91.5214900626648, 3.39105231781334,#c8102e
-91.5241289190226, 3.38889783807658,#c8102e
-91.5267633659431, 3.38673796881289,#c8102e
-91.5293933924189, 3.38457271904677,#c8102e
-91.5320189874611, 3.38240209782520,#c8102e
-91.5346401400993, 3.38022611421758,#c8102e
-91.5372568393816, 3.37804477731574,#c8102e
-91.5398690743747, 3.37585809623388,#c8102e
-91.5424768341642, 3.37366608010850,#c8102e
-91.5450801078540, 3.37146873809843,#c8102e
-91.5476788845670, 3.36926607938473,#c8102e
-91.5502731534449, 3.36705811317066,#c8102e
-91.5528629036481, 3.36484484868169,#c8102e
-91.5554481243560, 3.36262629516542,#c8102e
-91.5580288047669, 3.36040246189152,#c8102e
-91.5606049340981, 3.35817335815175,#c8102e
-91.5631765015856, 3.35593899325989,#c8102e
-91.5657434964850, 3.35369937655168,#c8102e
-91.5683059080707, 3.35145451738483,#c8102e
-91.5708637256362, 3.34920442513893,#c8102e
-91.5734169384942, 3.34694910921546,#c8102e
-91.5759655359769, 3.34468857903771,#c8102e
-91.5785095074355, 3.34242284405076,#c8102e
-91.5810488422406, 3.34015191372143,#c8102e
-91.5835835297823, 3.33787579753827,#c8102e
-91.5861135594700, 3.33559450501147,#c8102e
-91.5886389207325, 3.33330804567286,#c8102e
-91.5911596030182, 3.33101642907586,#c8102e
-91.5936755957951, 3.32871966479544,#c8102e
-91.5961868885507, 3.32641776242808,#c8102e
-91.5986934707922, 3.32411073159171,#c8102e
-91.6011953320464, 3.32179858192571,#c8102e
-91.6036924618599, 3.31948132309085,#c8102e
-91.6061848497990, 3.31715896476922,#c8102e
-91.6086724854500, 3.31483151666424,#c8102e
-91.6111553584188, 3.31249898850059,#c8102e
-91.6136334583313, 3.31016139002418,#c8102e
-91.6161067748333, 3.30781873100210,#c8102e
-91.6185752975909, 3.30547102122258,#c8102e
-91.6210390162897, 3.30311827049496,#c8102e
-91.6234979206358, 3.30076048864965,#c8102e
-91.6259520003552, 3.29839768553806,#c8102e
-91.6284012451941, 3.29602987103261,#c8102e
-91.6308456449190, 3.29365705502662,#c8102e
-91.6332851893165, 3.29127924743435,#c8102e
-91.6357198681935, 3.28889645819088,#c8102e
-91.6381496713774, 3.28650869725213,#c8102e
-91.6405745887159, 3.28411597459477,#c8102e
-91.6429946100769, 3.28171830021623,#c8102e
-91.6454097253490, 3.27931568413461,#c8102e
-91.6478199244412, 3.27690813638866,#c8102e
-91.6502251972831, 3.27449566703773,#c8102e
-91.6526255338249, 3.27207828616175,#c8102e
-91.6550209240373, 3.26965600386116,#c8102e
-91.6574113579117, 3.26722883025688,#c8102e
-91.6597968254603, 3.26479677549027,#c8102e
-91.6621773167160, 3.26235984972309,#c8102e
-91.6645528217325, 3.25991806313744,#c8102e
-91.6669233305843, 3.25747142593574,#c8102e
-91.6692888333668, 3.25501994834067,#c8102e
-91.6716493201964, 3.25256364059514,#c8102e
-91.6740047812102, 3.25010251296224,#c8102e
-91.6763552065667, 3.24763657572520,#c8102e
-91.6787005864450, 3.24516583918734,#c8102e
-91.6810409110456, 3.24269031367203,#c8102e
-91.6833761705901, 3.24021000952267,#c8102e
-91.6857063553210, 3.23772493710260,#c8102e
-91.6880314555023, 3.23523510679511,#c8102e
-91.6903514614191, 3.23274052900334,#c8102e
-91.6926663633779, 3.23024121415029,#c8102e
-91.6949761517063, 3.22773717267874,#c8102e
-91.6972808167534, 3.22522841505123,#c8102e
-91.6995803488899, 3.22271495174999,#c8102e
-91.7018747385076, 3.22019679327692,#c8102e
-91.7041639760200, 3.21767395015355,#c8102e
-91.7064480518620, 3.21514643292096,#c8102e
-91.7087269564903, 3.21261425213977,#c8102e
-91.7110006803828, 3.21007741839010,#c8102e
-91.7132692140396, 3.20753594227148,#c8102e
-91.7155325479819, 3.20498983440286,#c8102e
-91.7177906727531, 3.20243910542255,#c8102e
-91.7200435789181, 3.19988376598814,#c8102e
-91.7222912570636, 3.19732382677651,#c8102e
-91.7245336977984, 3.19475929848374,#c8102e
-91.7267708917528, 3.19219019182510,#c8102e
-91.7290028295794, 3.18961651753498,#c8102e
-91.7312295019524, 3.18703828636685,#c8102e
-91.7334508995684, 3.18445550909324,#c8102e
-91.7356670131457, 3.18186819650565,#c8102e
-91.7378778334247, 3.17927635941455,#c8102e
-91.7400833511683, 3.17668000864930,#c8102e
-91.7422835571610, 3.17407915505812,#c8102e
-91.7444784422100, 3.17147380950807,#c8102e
-91.7466679971443, 3.16886398288494,#c8102e
-91.7488522128155, 3.16624968609326,#c8102e
-91.7510310800973, 3.16363093005625,#c8102e
-91.7532045898859, 3.16100772571575,#c8102e
-91.7553727330998, 3.15838008403217,#c8102e
-91.7575355006800, 3.15574801598449,#c8102e
-91.7596928835897, 3.15311153257018,#c8102e
-91.7618448728150, 3.15047064480513,#c8102e
-91.7639914593642, 3.14782536372366,#c8102e
-91.7661326342684, 3.14517570037844,#c8102e
-91.7682683885811, 3.14252166584045,#c8102e
-91.7703987133787, 3.13986327119894,#c8102e
-91.7725235997601, 3.13720052756135,#c8102e
-91.7746430388469, 3.13453344605333,#c8102e
-91.7767570217836, 3.13186203781864,#c8102e
-91.7788655397375, 3.12918631401909,#c8102e
-91.7809685838986, 3.12650628583458,#c8102e
-91.7830661454798, 3.12382196446293,#c8102e
-91.7851582157170, 3.12113336111995,#c8102e
-91.7872447858690, 3.11844048703931,#c8102e
-91.7893258472175, 3.11574335347254,#c8102e
-91.7914013910673, 3.11304197168896,#c8102e
-91.7934714087463, 3.11033635297564,#c8102e
-91.7955358916054, 3.10762650863736,#c8102e
-91.7975948310187, 3.10491244999655,#c8102e
-91.7996482183833, 3.10219418839325,#c8102e
-91.8016960451197, 3.09947173518505,#c8102e
-91.8037383026716, 3.09674510174707,#c8102e
-91.8057749825058, 3.09401429947190,#c8102e
-91.8078060761126, 3.09127933976953,#c8102e
-91.8098315750056, 3.08854023406732,#c8102e
-91.8118514707216, 3.08579699380998,#c8102e
-91.8138657548212, 3.08304963045946,#c8102e
-91.8158744188879, 3.08029815549497,#c8102e
-91.8178774545292, 3.07754258041288,#c8102e
-91.8198748533758, 3.07478291672670,#c8102e
-91.8218666070820, 3.07201917596700,#c8102e
-91.8238527073259, 3.06925136968143,#c8102e
-91.8258331458090, 3.06647950943458,#c8102e
-91.8278079142564, 3.06370360680801,#c8102e
-91.8297770044172, 3.06092367340015,#c8102e
-91.8317404080639, 3.05813972082630,#c8102e
-91.8336981169928, 3.05535176071851,#c8102e
-91.8356501230243, 3.05255980472562,#c8102e
-91.8375964180023, 3.04976386451313,#c8102e
-91.8395369937948, 3.04696395176321,#c8102e
-91.8414718422933, 3.04416007817462,#c8102e
-91.8434009554138, 3.04135225546266,#c8102e
-91.8453243250957, 3.03854049535915,#c8102e
-91.8472419433029, 3.03572480961234,#c8102e
-91.8491538020230, 3.03290520998691,#c8102e
-91.8510598932677, 3.03008170826387,#c8102e
-91.8529602090729, 3.02725431624053,#c8102e
-91.8548547414987, 3.02442304573048,#c8102e
-91.8567434826290, 3.02158790856349,#c8102e
-91.8586264245724, 3.01874891658550,#c8102e
-91.8605035594614, 3.01590608165856,#c8102e
-91.8623748794528, 3.01305941566076,#c8102e
-91.8642403767278, 3.01020893048621,#c8102e
-91.8661000434918, 3.00735463804498,#c8102e
-91.8679538719747, 3.00449655026304,#c8102e
-91.8698018544307, 3.00163467908221,#c8102e
-91.8716439831384, 2.99876903646015,#c8102e
-91.8734802504010, 2.99589963437023,#c8102e
-91.8753106485460, 2.99302648480158,#c8102e
-91.8771351699256, 2.99014959975894,#c8102e
-91.8789538069165, 2.98726899126270,#c8102e
-91.8807665519199, 2.98438467134877,#c8102e
-91.8825733973617, 2.98149665206859,#c8102e
-91.8843743356925, 2.97860494548906,#c8102e
-91.8861693593874, 2.97570956369247,#c8102e
-91.8879584609463, 2.97281051877648,#c8102e
-91.8897416328941, 2.96990782285405,#c8102e
-91.8915188677800, 2.96700148805339,#c8102e
-91.8932901581783, 2.96409152651791,#c8102e
-91.8950554966882, 2.96117795040620,#c8102e
-91.8968148759336, 2.95826077189193,#c8102e
-91.8985682885634, 2.95534000316382,#c8102e
-91.9003157272512, 2.95241565642561,#c8102e
-91.9020571846960, 2.94948774389596,#c8102e
-91.9037926536214, 2.94655627780846,#c8102e
-91.9055221267762, 2.94362127041152,#c8102e
-91.9072455969342, 2.94068273396838,#c8102e
-91.9089630568944, 2.93774068075699,#c8102e
-91.9106744994806, 2.93479512307001,#c8102e
-91.9123799175421, 2.93184607321475,#c8102e
-91.9140793039531, 2.92889354351310,#c8102e
-91.9157726516133, 2.92593754630150,#c8102e
-91.9174599534473, 2.92297809393086,#c8102e
-91.9191412024053, 2.92001519876654,#c8102e
-91.9208163914624, 2.91704887318828,#c8102e
-91.9224855136193, 2.91407912959017,#c8102e
-91.9241485619020, 2.91110598038055,#c8102e
-91.9258055293618, 2.90812943798201,#c8102e
-91.9274564090756, 2.90514951483133,#c8102e
-91.9291011941454, 2.90216622337938,#c8102e
-91.9307398776990, 2.89917957609114,#c8102e
-91.9323724528895, 2.89618958544558,#c8102e
-91.9339989128957, 2.89319626393566,#c8102e
-91.9356192509216, 2.89019962406826,#c8102e
-91.9372334601972, 2.88719967836411,#c8102e
-91.9388415339778, 2.88419643935776,#c8102e
-91.9404434655446, 2.88118991959751,#c8102e
-91.9420392482041, 2.87818013164540,#c8102e
-91.9436288752889, 2.87516708807708,#c8102e
-91.9452123401570, 2.87215080148184,#c8102e
-91.9467896361924, 2.86913128446250,#c8102e
-91.9483607568046, 2.86610854963538,#c8102e
-91.9499256954292, 2.86308260963026,#c8102e
-91.9514844455274, 2.86005347709029,#c8102e
-91.9530370005863, 2.85702116467197,#c8102e
-91.9545833541190, 2.85398568504510,#c8102e
-91.9561234996643, 2.85094705089267,#c8102e
-91.9576574307873, 2.84790527491091,#c8102e
-91.9591851410787, 2.84486036980913,#c8102e
-91.9607066241553, 2.84181234830974,#c8102e
-91.9622218736601, 2.83876122314815,#c8102e
-91.9637308832618, 2.83570700707277,#c8102e
-91.9652336466555, 2.83264971284489,#c8102e
-91.9667301575622, 2.82958935323868,#c8102e
-91.9682204097291, 2.82652594104111,#c8102e
-91.9697043969296, 2.82345948905192,#c8102e
-91.9711821129632, 2.82039001008352,#c8102e
-91.9726535516555, 2.81731751696101,#c8102e
-91.9741187068586, 2.81424202252206,#c8102e
-91.9755775724507, 2.81116353961686,#c8102e
-91.9770301423362, 2.80808208110813,#c8102e
-91.9784764104459, 2.80499765987099,#c8102e
-91.9799163707369, 2.80191028879295,#c8102e
-91.9813500171927, 2.79881998077385,#c8102e
-91.9827773438232, 2.79572674872579,#c8102e
-91.9841983446646, 2.79263060557310,#c8102e
-91.9856130137797, 2.78953156425227,#c8102e
-91.9870213452574, 2.78642963771189,#c8102e
-91.9884233332136, 2.78332483891261,#c8102e
-91.9898189717903, 2.78021718082709,#c8102e
-91.9912082551562, 2.77710667643992,#c8102e
-91.9925911775064, 2.77399333874760,#c8102e
-91.9939677330628, 2.77087718075846,#c8102e
-91.9953379160739, 2.76775821549261,#c8102e
-91.9967017208145, 2.76463645598190,#c8102e
-91.9980591415864, 2.76151191526985,#c8102e
-91.9994101727179, 2.75838460641159,#c8102e
-92.0007548085640, 2.75525454247383,#c8102e
-92.0020930435066, 2.75212173653479,#c8102e
-92.0034248719541, 2.74898620168414,#c8102e
-92.0047502883419, 2.74584795102296,#c8102e
-92.0060692871318, 2.74270699766366,#c8102e
-92.0073818628130, 2.73956335472998,#c8102e
-92.0086880099010, 2.73641703535686,#c8102e
-92.0099877229385, 2.73326805269043,#c8102e
-92.0112809964949, 2.73011641988796,#c8102e
-92.0125678251665, 2.72696215011779,#c8102e
-92.0138482035768, 2.72380525655928,#c8102e
-92.0151221263759, 2.72064575240273,#c8102e
-92.0163895882410, 2.71748365084939,#c8102e
-92.0176505838764, 2.71431896511132,#c8102e
-92.0189051080133, 2.71115170841140,#c8102e
-92.0201531554100, 2.70798189398325,#c8102e
-92.0213947208518, 2.70480953507118,#c8102e
-92.0226297991511, 2.70163464493012,#c8102e
-92.0238583851475, 2.69845723682558,#c8102e
-92.0250804737075, 2.69527732403360,#c8102e
-92.0262960597251, 2.69209491984068,#c8102e
-92.0275051381211, 2.68891003754371,#c8102e
-92.0287077038438, 2.68572269044998,#c8102e
-92.0299037518684, 2.68253289187703,#c8102e
-92.0310932771977, 2.67934065515267,#c8102e
-92.0322762748613, 2.67614599361489,#c8102e
-92.0334527399166, 2.67294892061182,#c8102e
-92.0346226674479, 2.66974944950165,#c8102e
-92.0357860525669, 2.66654759365260,#c8102e
-92.0369428904127, 2.66334336644285,#c8102e
-92.0380931761518, 2.66013678126049,#c8102e
-92.0392369049780, 2.65692785150347,#c8102e
-92.0403740721124, 2.65371659057953,#c8102e
-92.0415046728037, 2.65050301190614,#c8102e
-92.0426287023279, 2.64728712891046,#c8102e
-92.0437461559886, 2.64406895502929,#c8102e
-92.0448570291168, 2.64084850370900,#c8102e
-92.0459613170708, 2.63762578840545,#c8102e
-92.0470590152368, 2.63440082258399,#c8102e
-92.0481501190283, 2.63117361971937,#c8102e
-92.0492346238863, 2.62794419329566,#c8102e
-92.0503125252796, 2.62471255680624,#c8102e
-92.0513838187043, 2.62147872375374,#c8102e
-92.0524484996843, 2.61824270764995,#c8102e
-92.0535065637711, 2.61500452201576,#c8102e
-92.0545580065439, 2.61176418038117,#c8102e
-92.0556028236094, 2.60852169628516,#c8102e
-92.0566410106021, 2.60527708327566,#c8102e
-92.0576725631842, 2.60203035490952,#c8102e
-92.0586974770457, 2.59878152475239,#c8102e
-92.0597157479041, 2.59553060637873,#c8102e
-92.0607273715048, 2.59227761337173,#c8102e
-92.0617323436211, 2.58902255932322,#c8102e
-92.0627306600539, 2.58576545783367,#c8102e
-92.0637223166320, 2.58250632251209,#c8102e
-92.0647073092120, 2.57924516697598,#c8102e
-92.0656856336783, 2.57598200485131,#c8102e
-92.0666572859432, 2.57271684977240,#c8102e
-92.0676222619469, 2.56944971538192,#c8102e
-92.0685805576576, 2.56618061533080,#c8102e
-92.0695321690711, 2.56290956327819,#c8102e
-92.0704770922114, 2.55963657289139,#c8102e
-92.0714153231305, 2.55636165784580,#c8102e
-92.0723468579080, 2.55308483182487,#c8102e
-92.0732716926518, 2.54980610852001,#c8102e
-92.0741898234978, 2.54652550163059,#c8102e
-92.0751012466097, 2.54324302486382,#c8102e
-92.0760059581794, 2.53995869193475,#c8102e
-92.0769039544267, 2.53667251656617,#c8102e
-92.0777952315995, 2.53338451248857,#c8102e
-92.0786797859740, 2.53009469344008,#c8102e
-92.0795576138542, 2.52680307316641,#c8102e
-92.0804287115723, 2.52350966542082,#c8102e
-92.0812930754887, 2.52021448396400,#c8102e
-92.0821507019917, 2.51691754256408,#c8102e
-92.0830015874981, 2.51361885499653,#c8102e
-92.0838457284526, 2.51031843504412,#c8102e
-92.0846831213281, 2.50701629649687,#c8102e
-92.0855137626258, 2.50371245315195,#c8102e
-92.0863376488751, 2.50040691881369,#c8102e
-92.0871547766336, 2.49709970729346,#c8102e
-92.0879651424871, 2.49379083240964,#c8102e
-92.0887687430497, 2.49048030798758,#c8102e
-92.0895655749637, 2.48716814785949,#c8102e
-92.0903556348997, 2.48385436586445,#c8102e
-92.0911389195568, 2.48053897584829,#c8102e
-92.0919154256620, 2.47722199166356,#c8102e
-92.0926851499711, 2.47390342716949,#c8102e
-92.0934480892678, 2.47058329623189,#c8102e
-92.0942042403644, 2.46726161272313,#c8102e
-92.0949536001015, 2.46393839052208,#c8102e
-92.0956961653482, 2.46061364351399,#c8102e
-92.0964319330017, 2.45728738559055,#c8102e
-92.0971608999878, 2.45395963064969,#c8102e
-92.0978830632608, 2.45063039259566,#c8102e
-92.0985984198032, 2.44729968533886,#c8102e
-92.0993069666260, 2.44396752279586,#c8102e
-92.1000087007690, 2.44063391888928,#c8102e
-92.1007036192998, 2.43729888754780,#c8102e
-92.1013917193152, 2.43396244270603,#c8102e
-92.1020729979398, 2.43062459830450,#c8102e
-92.1027474523273, 2.42728536828960,#c8102e
-92.1034150796596, 2.42394476661349,#c8102e
-92.1040758771471, 2.42060280723406,#c8102e
-92.1047298420289, 2.41725950411489,#c8102e
-92.1053769715724, 2.41391487122516,#c8102e
-92.1060172630740, 2.41056892253961,#c8102e
-92.1066507138582, 2.40722167203850,#c8102e
-92.1072773212783, 2.40387313370748,#c8102e
-92.1078970827162, 2.40052332153763,#c8102e
-92.1085099955825, 2.39717224952532,#c8102e
-92.1091160573160, 2.39381993167220,#c8102e
-92.1097152653847, 2.39046638198512,#c8102e
-92.1103076172848, 2.38711161447608,#c8102e
-92.1108931105413, 2.38375564316217,#c8102e
-92.1114717427080, 2.38039848206551,#c8102e
-92.1120435113670, 2.37704014521317,#c8102e
-92.1126084141295, 2.37368064663716,#c8102e
-92.1131664486351, 2.37032000037435,#c8102e
-92.1137176125522, 2.36695822046636,#c8102e
-92.1142619035779, 2.36359532095960,#c8102e
-92.1147993194380, 2.36023131590512,#c8102e
-92.1153298578871, 2.35686621935862,#c8102e
-92.1158535167084, 2.35350004538032,#c8102e
-92.1163702937139, 2.35013280803499,#c8102e
-92.1168801867444, 2.34676452139180,#c8102e
-92.1173831936695, 2.34339519952434,#c8102e
-92.1178793123874, 2.34002485651049,#c8102e
-92.1183685408253, 2.33665350643243,#c8102e
-92.1188508769389, 2.33328116337653,#c8102e
-92.1193263187131, 2.32990784143331,#c8102e
-92.1197948641612, 2.32653355469738,#c8102e
-92.1202565113256, 2.32315831726738,#c8102e
-92.1207112582774, 2.31978214324594,#c8102e
-92.1211591031166, 2.31640504673957,#c8102e
-92.1216000439718, 2.31302704185867,#c8102e
-92.1220340790008, 2.30964814271741,#c8102e
-92.1224612063901, 2.30626836343370,#c8102e
-92.1228814243549, 2.30288771812914,#c8102e
-92.1232947311396, 2.29950622092893,#c8102e
-92.1237011250172, 2.29612388596186,#c8102e
-92.1241006042897, 2.29274072736018,#c8102e
-92.1244931672880, 2.28935675925962,#c8102e
-92.1248788123718, 2.28597199579926,#c8102e
-92.1252575379298, 2.28258645112153,#c8102e
-92.1256293423797, 2.27920013937210,#c8102e
-92.1259942241678, 2.27581307469986,#c8102e
-92.1263521817697, 2.27242527125685,#c8102e
-92.1267032136897, 2.26903674319818,#c8102e
-92.1270473184611, 2.26564750468199,#c8102e
-92.1273844946461, 2.26225756986942,#c8102e
-92.1277147408359, 2.25886695292448,#c8102e
-92.1280380556507, 2.25547566801404,#c8102e
-92.1283544377396, 2.25208372930777,#c8102e
-92.1286638857807, 2.24869115097807,#c8102e
-92.1289663984809, 2.24529794720002,#c8102e
-92.1292619745764, 2.24190413215128,#c8102e
-92.1295506128321, 2.23850972001210,#c8102e
-92.1298323120420, 2.23511472496522,#c8102e
-92.1301070710292, 2.23171916119580,#c8102e
-92.1303748886455, 2.22832304289137,#c8102e
-92.1306357637720, 2.22492638424182,#c8102e
-92.1308896953188, 2.22152919943925,#c8102e
-92.1311366822247, 2.21813150267798,#c8102e
-92.1313767234578, 2.21473330815446,#c8102e
-92.1316098180152, 2.21133463006724,#c8102e
-92.1318359649229, 2.20793548261687,#c8102e
-92.1320551632360, 2.20453588000586,#c8102e
-92.1322674120388, 2.20113583643865,#c8102e
-92.1324727104442, 2.19773536612147,#c8102e
-92.1326710575946, 2.19433448326240,#c8102e
-92.1328624526612, 2.19093320207118,#c8102e
-92.1330468948443, 2.18753153675926,#c8102e
-92.1332243833733, 2.18412950153967,#c8102e
-92.1333949175065, 2.18072711062699,#c8102e
-92.1335584965315, 2.17732437823730,#c8102e
-92.1337151197647, 2.17392131858810,#c8102e
-92.1338647865517, 2.17051794589823,#c8102e
-92.1340074962672, 2.16711427438789,#c8102e
-92.1341432483150, 2.16371031827848,#c8102e
-92.1342720421277, 2.16030609179262,#c8102e
-92.1343938771674, 2.15690160915404,#c8102e
-92.1345087529248, 2.15349688458756,#c8102e
-92.1346166689201, 2.15009193231900,#c8102e
-92.1347176247023, 2.14668676657512,#c8102e
-92.1348116198496, 2.14328140158359,#c8102e
-92.1348986539693, 2.13987585157291,#c8102e
-92.1349787266977, 2.13647013077234,#c8102e
-92.1350518377003, 2.13306425341188,#c8102e
-92.1351179866715, 2.12965823372215,#c8102e
-92.1351771733351, 2.12625208593438,#c8102e
-92.1352293974437, 2.12284582428035,#c8102e
-92.1352746587790, 2.11943946299229,#c8102e
-92.1353129571520, 2.11603301630287,#c8102e
-92.1353442924027, 2.11262649844510,#c8102e
-92.1353686644002, 2.10921992365230,#c8102e
-92.1353860730425, 2.10581330615800,#c8102e
-92.1353965182570, 2.10240666019596,#c8102e
-92.1354000000000, 2.09900000000000,#c8102e
-92.1354000000000,-2.09900000000000,#c8102e
-92.1353965182570,-2.10240666019596,#c8102e
-92.1353860730425,-2.10581330615800,#c8102e
-92.1353686644002,-2.10921992365230,#c8102e
-92.1353442924027,-2.11262649844510,#c8102e
-92.1353129571520,-2.11603301630287,#c8102e
-92.1352746587790,-2.11943946299229,#c8102e
-92.1352293974437,-2.12284582428035,#c8102e
-92.1351771733351,-2.12625208593438,#c8102e
-92.1351179866715,-2.12965823372215,#c8102e
-92.1350518377003,-2.13306425341188,#c8102e
-92.1349787266977,-2.13647013077235,#c8102e
-92.1348986539693,-2.13987585157291,#c8102e
-92.1348116198496,-2.14328140158359,#c8102e
-92.1347176247023,-2.14668676657512,#c8102e
-92.1346166689201,-2.15009193231900,#c8102e
-92.1345087529248,-2.15349688458756,#c8102e
-92.1343938771674,-2.15690160915404,#c8102e
-92.1342720421277,-2.16030609179262,#c8102e
-92.1341432483150,-2.16371031827848,#c8102e
-92.1340074962672,-2.16711427438789,#c8102e
-92.1338647865517,-2.17051794589824,#c8102e
-92.1337151197647,-2.17392131858810,#c8102e
-92.1335584965315,-2.17732437823731,#c8102e
-92.1333949175065,-2.18072711062699,#c8102e
-92.1332243833733,-2.18412950153967,#c8102e
-92.1330468948443,-2.18753153675926,#c8102e
-92.1328624526612,-2.19093320207118,#c8102e
-92.1326710575946,-2.19433448326240,#c8102e
-92.1324727104442,-2.19773536612147,#c8102e
-92.1322674120388,-2.20113583643865,#c8102e
-92.1320551632360,-2.20453588000586,#c8102e
-92.1318359649229,-2.20793548261687,#c8102e
-92.1316098180152,-2.21133463006724,#c8102e
-92.1313767234578,-2.21473330815446,#c8102e
-92.1311366822247,-2.21813150267798,#c8102e
-92.1308896953188,-2.22152919943925,#c8102e
-92.1306357637720,-2.22492638424182,#c8102e
-92.1303748886455,-2.22832304289138,#c8102e
-92.1301070710292,-2.23171916119580,#c8102e
-92.1298323120420,-2.23511472496522,#c8102e
-92.1295506128321,-2.23850972001210,#c8102e
-92.1292619745764,-2.24190413215128,#c8102e
-92.1289663984809,-2.24529794720002,#c8102e
-92.1286638857807,-2.24869115097807,#c8102e
-92.1283544377396,-2.25208372930777,#c8102e
-92.1280380556507,-2.25547566801404,#c8102e
-92.1277147408359,-2.25886695292448,#c8102e
-92.1273844946461,-2.26225756986942,#c8102e
-92.1270473184611,-2.26564750468200,#c8102e
-92.1267032136897,-2.26903674319818,#c8102e
-92.1263521817697,-2.27242527125685,#c8102e
-92.1259942241678,-2.27581307469986,#c8102e
-92.1256293423797,-2.27920013937210,#c8102e
-92.1252575379298,-2.28258645112153,#c8102e
-92.1248788123718,-2.28597199579926,#c8102e
-92.1244931672880,-2.28935675925962,#c8102e
-92.1241006042897,-2.29274072736019,#c8102e
-92.1237011250172,-2.29612388596186,#c8102e
-92.1232947311396,-2.29950622092893,#c8102e
-92.1228814243549,-2.30288771812914,#c8102e
-92.1224612063901,-2.30626836343370,#c8102e
-92.1220340790008,-2.30964814271741,#c8102e
-92.1216000439718,-2.31302704185867,#c8102e
-92.1211591031166,-2.31640504673957,#c8102e
-92.1207112582774,-2.31978214324594,#c8102e
-92.1202565113256,-2.32315831726738,#c8102e
-92.1197948641612,-2.32653355469738,#c8102e
-92.1193263187131,-2.32990784143331,#c8102e
-92.1188508769389,-2.33328116337653,#c8102e
-92.1183685408253,-2.33665350643243,#c8102e
-92.1178793123874,-2.34002485651049,#c8102e
-92.1173831936695,-2.34339519952434,#c8102e
-92.1168801867444,-2.34676452139180,#c8102e
-92.1163702937139,-2.35013280803499,#c8102e
-92.1158535167084,-2.35350004538032,#c8102e
-92.1153298578871,-2.35686621935862,#c8102e
-92.1147993194380,-2.36023131590512,#c8102e
-92.1142619035779,-2.36359532095960,#c8102e
-92.1137176125522,-2.36695822046636,#c8102e
-92.1131664486351,-2.37032000037435,#c8102e
-92.1126084141295,-2.37368064663717,#c8102e
-92.1120435113670,-2.37704014521317,#c8102e
-92.1114717427080,-2.38039848206551,#c8102e
-92.1108931105413,-2.38375564316217,#c8102e
-92.1103076172848,-2.38711161447608,#c8102e
-92.1097152653847,-2.39046638198512,#c8102e
-92.1091160573160,-2.39381993167220,#c8102e
-92.1085099955825,-2.39717224952532,#c8102e
-92.1078970827162,-2.40052332153763,#c8102e
-92.1072773212783,-2.40387313370748,#c8102e
-92.1066507138582,-2.40722167203850,#c8102e
-92.1060172630740,-2.41056892253961,#c8102e
-92.1053769715724,-2.41391487122516,#c8102e
-92.1047298420289,-2.41725950411489,#c8102e
-92.1040758771471,-2.42060280723406,#c8102e
-92.1034150796596,-2.42394476661349,#c8102e
-92.1027474523273,-2.42728536828960,#c8102e
-92.1020729979398,-2.43062459830451,#c8102e
-92.1013917193152,-2.43396244270603,#c8102e
-92.1007036192998,-2.43729888754780,#c8102e
-92.1000087007690,-2.44063391888928,#c8102e
-92.0993069666260,-2.44396752279586,#c8102e
-92.0985984198032,-2.44729968533886,#c8102e
-92.0978830632608,-2.45063039259566,#c8102e
-92.0971608999878,-2.45395963064969,#c8102e
-92.0964319330017,-2.45728738559055,#c8102e
-92.0956961653482,-2.46061364351400,#c8102e
-92.0949536001015,-2.46393839052208,#c8102e
-92.0942042403644,-2.46726161272313,#c8102e
-92.0934480892678,-2.47058329623189,#c8102e
-92.0926851499711,-2.47390342716949,#c8102e
-92.0919154256620,-2.47722199166356,#c8102e
-92.0911389195568,-2.48053897584829,#c8102e
-92.0903556348997,-2.48385436586445,#c8102e
-92.0895655749637,-2.48716814785949,#c8102e
-92.0887687430497,-2.49048030798758,#c8102e
-92.0879651424871,-2.49379083240964,#c8102e
-92.0871547766336,-2.49709970729346,#c8102e
-92.0863376488751,-2.50040691881369,#c8102e
-92.0855137626258,-2.50371245315195,#c8102e
-92.0846831213281,-2.50701629649687,#c8102e
-92.0838457284526,-2.51031843504412,#c8102e
-92.0830015874981,-2.51361885499653,#c8102e
-92.0821507019917,-2.51691754256408,#c8102e
-92.0812930754887,-2.52021448396400,#c8102e
-92.0804287115723,-2.52350966542082,#c8102e
-92.0795576138542,-2.52680307316641,#c8102e
-92.0786797859740,-2.53009469344008,#c8102e
-92.0777952315995,-2.53338451248857,#c8102e
-92.0769039544267,-2.53667251656617,#c8102e
-92.0760059581794,-2.53995869193475,#c8102e
-92.0751012466097,-2.54324302486382,#c8102e
-92.0741898234978,-2.54652550163059,#c8102e
-92.0732716926518,-2.54980610852001,#c8102e
-92.0723468579080,-2.55308483182487,#c8102e
-92.0714153231305,-2.55636165784580,#c8102e
-92.0704770922114,-2.55963657289139,#c8102e
-92.0695321690711,-2.56290956327819,#c8102e
-92.0685805576576,-2.56618061533080,#c8102e
-92.0676222619469,-2.56944971538192,#c8102e
-92.0666572859432,-2.57271684977240,#c8102e
-92.0656856336783,-2.57598200485131,#c8102e
-92.0647073092120,-2.57924516697598,#c8102e
-92.0637223166320,-2.58250632251209,#c8102e
-92.0627306600539,-2.58576545783367,#c8102e
-92.0617323436211,-2.58902255932322,#c8102e
-92.0607273715048,-2.59227761337173,#c8102e
-92.0597157479041,-2.59553060637873,#c8102e
-92.0586974770457,-2.59878152475239,#c8102e
-92.0576725631842,-2.60203035490952,#c8102e
-92.0566410106021,-2.60527708327567,#c8102e
-92.0556028236094,-2.60852169628516,#c8102e
-92.0545580065439,-2.61176418038117,#c8102e
-92.0535065637711,-2.61500452201576,#c8102e
-92.0524484996843,-2.61824270764995,#c8102e
-92.0513838187043,-2.62147872375374,#c8102e
-92.0503125252796,-2.62471255680624,#c8102e
-92.0492346238863,-2.62794419329566,#c8102e
-92.0481501190283,-2.63117361971937,#c8102e
-92.0470590152368,-2.63440082258399,#c8102e
-92.0459613170708,-2.63762578840545,#c8102e
-92.0448570291168,-2.64084850370900,#c8102e
-92.0437461559886,-2.64406895502929,#c8102e
-92.0426287023279,-2.64728712891046,#c8102e
-92.0415046728037,-2.65050301190614,#c8102e
-92.0403740721124,-2.65371659057953,#c8102e
-92.0392369049780,-2.65692785150347,#c8102e
-92.0380931761518,-2.66013678126049,#c8102e
-92.0369428904127,-2.66334336644285,#c8102e
-92.0357860525669,-2.66654759365260,#c8102e
-92.0346226674479,-2.66974944950165,#c8102e
-92.0334527399166,-2.67294892061182,#c8102e
-92.0322762748613,-2.67614599361489,#c8102e
-92.0310932771977,-2.67934065515267,#c8102e
-92.0299037518684,-2.68253289187703,#c8102e
-92.0287077038438,-2.68572269044998,#c8102e
-92.0275051381211,-2.68891003754371,#c8102e
-92.0262960597251,-2.69209491984068,#c8102e
-92.0250804737075,-2.69527732403360,#c8102e
-92.0238583851475,-2.69845723682558,#c8102e
-92.0226297991511,-2.70163464493012,#c8102e
-92.0213947208518,-2.70480953507118,#c8102e
-92.0201531554100,-2.70798189398325,#c8102e
-92.0189051080133,-2.71115170841140,#c8102e
-92.0176505838764,-2.71431896511132,#c8102e
-92.0163895882410,-2.71748365084939,#c8102e
-92.0151221263759,-2.72064575240273,#c8102e
-92.0138482035768,-2.72380525655928,#c8102e
-92.0125678251665,-2.72696215011779,#c8102e
-92.0112809964949,-2.73011641988796,#c8102e
-92.0099877229385,-2.73326805269043,#c8102e
-92.0086880099010,-2.73641703535686,#c8102e
-92.0073818628130,-2.73956335472998,#c8102e
-92.0060692871318,-2.74270699766367,#c8102e
-92.0047502883419,-2.74584795102296,#c8102e
-92.0034248719541,-2.74898620168414,#c8102e
-92.0020930435066,-2.75212173653479,#c8102e
-92.0007548085640,-2.75525454247383,#c8102e
-91.9994101727179,-2.75838460641159,#c8102e
-91.9980591415864,-2.76151191526985,#c8102e
-91.9967017208145,-2.76463645598190,#c8102e
-91.9953379160739,-2.76775821549262,#c8102e
-91.9939677330628,-2.77087718075846,#c8102e
-91.9925911775064,-2.77399333874760,#c8102e
-91.9912082551562,-2.77710667643992,#c8102e
-91.9898189717903,-2.78021718082709,#c8102e
-91.9884233332136,-2.78332483891261,#c8102e
-91.9870213452574,-2.78642963771189,#c8102e
-91.9856130137797,-2.78953156425227,#c8102e
-91.9841983446646,-2.79263060557310,#c8102e
-91.9827773438232,-2.79572674872579,#c8102e
-91.9813500171927,-2.79881998077385,#c8102e
-91.9799163707369,-2.80191028879295,#c8102e
-91.9784764104459,-2.80499765987099,#c8102e
-91.9770301423362,-2.80808208110813,#c8102e
-91.9755775724507,-2.81116353961686,#c8102e
-91.9741187068586,-2.81424202252206,#c8102e
-91.9726535516555,-2.81731751696102,#c8102e
-91.9711821129632,-2.82039001008352,#c8102e
-91.9697043969296,-2.82345948905192,#c8102e
-91.9682204097291,-2.82652594104111,#c8102e
-91.9667301575622,-2.82958935323868,#c8102e
-91.9652336466555,-2.83264971284489,#c8102e
-91.9637308832618,-2.83570700707277,#c8102e
-91.9622218736601,-2.83876122314816,#c8102e
-91.9607066241553,-2.84181234830974,#c8102e
-91.9591851410787,-2.84486036980913,#c8102e
-91.9576574307873,-2.84790527491091,#c8102e
-91.9561234996643,-2.85094705089268,#c8102e
-91.9545833541190,-2.85398568504510,#c8102e
-91.9530370005863,-2.85702116467197,#c8102e
-91.9514844455274,-2.86005347709029,#c8102e
-91.9499256954292,-2.86308260963026,#c8102e
-91.9483607568046,-2.86610854963538,#c8102e
-91.9467896361924,-2.86913128446250,#c8102e
-91.9452123401570,-2.87215080148184,#c8102e
-91.9436288752889,-2.87516708807708,#c8102e
-91.9420392482041,-2.87818013164540,#c8102e
-91.9404434655446,-2.88118991959751,#c8102e
-91.9388415339778,-2.88419643935776,#c8102e
-91.9372334601972,-2.88719967836411,#c8102e
-91.9356192509216,-2.89019962406826,#c8102e
-91.9339989128957,-2.89319626393566,#c8102e
-91.9323724528895,-2.89618958544558,#c8102e
-91.9307398776990,-2.89917957609114,#c8102e
-91.9291011941454,-2.90216622337938,#c8102e
-91.9274564090756,-2.90514951483133,#c8102e
-91.9258055293618,-2.90812943798201,#c8102e
-91.9241485619020,-2.91110598038055,#c8102e
-91.9224855136193,-2.91407912959017,#c8102e
-91.9208163914624,-2.91704887318828,#c8102e
-91.9191412024053,-2.92001519876654,#c8102e
-91.9174599534473,-2.92297809393086,#c8102e
-91.9157726516133,-2.92593754630150,#c8102e
-91.9140793039531,-2.92889354351310,#c8102e
-91.9123799175421,-2.93184607321475,#c8102e
-91.9106744994806,-2.93479512307001,#c8102e
-91.9089630568944,-2.93774068075699,#c8102e
-91.9072455969342,-2.94068273396838,#c8102e
-91.9055221267762,-2.94362127041152,#c8102e
-91.9037926536214,-2.94655627780846,#c8102e
-91.9020571846960,-2.94948774389596,#c8102e
-91.9003157272512,-2.95241565642561,#c8102e
-91.8985682885634,-2.95534000316382,#c8102e
-91.8968148759336,-2.95826077189193,#c8102e
-91.8950554966882,-2.96117795040620,#c8102e
-91.8932901581783,-2.96409152651791,#c8102e
-91.8915188677800,-2.96700148805339,#c8102e
-91.8897416328941,-2.96990782285405,#c8102e
-91.8879584609463,-2.97281051877648,#c8102e
-91.8861693593874,-2.97570956369247,#c8102e
-91.8843743356925,-2.97860494548906,#c8102e
-91.8825733973617,-2.98149665206859,#c8102e
-91.8807665519199,-2.98438467134877,#c8102e
-91.8789538069165,-2.98726899126270,#c8102e
-91.8771351699256,-2.99014959975894,#c8102e
-91.8753106485460,-2.99302648480158,#c8102e
-91.8734802504010,-2.99589963437023,#c8102e
-91.8716439831384,-2.99876903646015,#c8102e
-91.8698018544307,-3.00163467908221,#c8102e
-91.8679538719747,-3.00449655026304,#c8102e
-91.8661000434918,-3.00735463804498,#c8102e
-91.8642403767278,-3.01020893048621,#c8102e
-91.8623748794528,-3.01305941566076,#c8102e
-91.8605035594614,-3.01590608165856,#c8102e
-91.8586264245724,-3.01874891658550,#c8102e
-91.8567434826290,-3.02158790856349,#c8102e
-91.8548547414987,-3.02442304573048,#c8102e
-91.8529602090729,-3.02725431624053,#c8102e
-91.8510598932677,-3.03008170826387,#c8102e
-91.8491538020230,-3.03290520998691,#c8102e
-91.8472419433029,-3.03572480961234,#c8102e
-91.8453243250957,-3.03854049535915,#c8102e
-91.8434009554138,-3.04135225546266,#c8102e
-91.8414718422933,-3.04416007817462,#c8102e
-91.8395369937948,-3.04696395176321,#c8102e
-91.8375964180023,-3.04976386451313,#c8102e
-91.8356501230243,-3.05255980472562,#c8102e
-91.8336981169928,-3.05535176071851,#c8102e
-91.8317404080639,-3.05813972082630,#c8102e
-91.8297770044172,-3.06092367340015,#c8102e
-91.8278079142564,-3.06370360680801,#c8102e
-91.8258331458090,-3.06647950943458,#c8102e
-91.8238527073259,-3.06925136968143,#c8102e
-91.8218666070820,-3.07201917596700,#c8102e
-91.8198748533758,-3.07478291672670,#c8102e
-91.8178774545292,-3.07754258041288,#c8102e
-91.8158744188879,-3.08029815549497,#c8102e
-91.8138657548212,-3.08304963045946,#c8102e
-91.8118514707216,-3.08579699380998,#c8102e
-91.8098315750056,-3.08854023406732,#c8102e
-91.8078060761126,-3.09127933976953,#c8102e
-91.8057749825058,-3.09401429947190,#c8102e
-91.8037383026716,-3.09674510174707,#c8102e
-91.8016960451197,-3.09947173518505,#c8102e
-91.7996482183833,-3.10219418839325,#c8102e
-91.7975948310187,-3.10491244999655,#c8102e
-91.7955358916054,-3.10762650863736,#c8102e
-91.7934714087463,-3.11033635297564,#c8102e
-91.7914013910673,-3.11304197168896,#c8102e
-91.7893258472175,-3.11574335347254,#c8102e
-91.7872447858690,-3.11844048703931,#c8102e
-91.7851582157170,-3.12113336111995,#c8102e
-91.7830661454798,-3.12382196446293,#c8102e
-91.7809685838986,-3.12650628583458,#c8102e
-91.7788655397375,-3.12918631401909,#c8102e
-91.7767570217836,-3.13186203781864,#c8102e
-91.7746430388469,-3.13453344605333,#c8102e
-91.7725235997601,-3.13720052756135,#c8102e
-91.7703987133787,-3.13986327119894,#c8102e
-91.7682683885811,-3.14252166584045,#c8102e
-91.7661326342684,-3.14517570037844,#c8102e
-91.7639914593642,-3.14782536372366,#c8102e
-91.7618448728150,-3.15047064480513,#c8102e
-91.7596928835897,-3.15311153257018,#c8102e
-91.7575355006800,-3.15574801598450,#c8102e
-91.7553727330998,-3.15838008403217,#c8102e
-91.7532045898859,-3.16100772571575,#c8102e
-91.7510310800973,-3.16363093005625,#c8102e
-91.7488522128155,-3.16624968609326,#c8102e
-91.7466679971443,-3.16886398288494,#c8102e
-91.7444784422100,-3.17147380950807,#c8102e
-91.7422835571610,-3.17407915505813,#c8102e
-91.7400833511683,-3.17668000864930,#c8102e
-91.7378778334247,-3.17927635941455,#c8102e
-91.7356670131457,-3.18186819650565,#c8102e
-91.7334508995684,-3.18445550909324,#c8102e
-91.7312295019524,-3.18703828636685,#c8102e
-91.7290028295794,-3.18961651753498,#c8102e
-91.7267708917528,-3.19219019182510,#c8102e
-91.7245336977984,-3.19475929848374,#c8102e
-91.7222912570636,-3.19732382677651,#c8102e
-91.7200435789181,-3.19988376598814,#c8102e
-91.7177906727531,-3.20243910542255,#c8102e
-91.7155325479819,-3.20498983440286,#c8102e
-91.7132692140396,-3.20753594227148,#c8102e
-91.7110006803828,-3.21007741839010,#c8102e
-91.7087269564903,-3.21261425213977,#c8102e
-91.7064480518620,-3.21514643292096,#c8102e
-91.7041639760200,-3.21767395015355,#c8102e
-91.7018747385076,-3.22019679327692,#c8102e
-91.6995803488899,-3.22271495174999,#c8102e
-91.6972808167534,-3.22522841505123,#c8102e
-91.6949761517063,-3.22773717267874,#c8102e
-91.6926663633779,-3.23024121415029,#c8102e
-91.6903514614191,-3.23274052900334,#c8102e
-91.6880314555023,-3.23523510679511,#c8102e
-91.6857063553210,-3.23772493710260,#c8102e
-91.6833761705901,-3.24021000952267,#c8102e
-91.6810409110456,-3.24269031367203,#c8102e
-91.6787005864450,-3.24516583918734,#c8102e
-91.6763552065667,-3.24763657572520,#c8102e
-91.6740047812102,-3.25010251296224,#c8102e
-91.6716493201964,-3.25256364059514,#c8102e
-91.6692888333668,-3.25501994834067,#c8102e
-91.6669233305843,-3.25747142593574,#c8102e
-91.6645528217325,-3.25991806313744,#c8102e
-91.6621773167160,-3.26235984972309,#c8102e
-91.6597968254603,-3.26479677549027,#c8102e
-91.6574113579117,-3.26722883025688,#c8102e
-91.6550209240373,-3.26965600386116,#c8102e
-91.6526255338249,-3.27207828616175,#c8102e
-91.6502251972831,-3.27449566703773,#c8102e
-91.6478199244412,-3.27690813638866,#c8102e
-91.6454097253490,-3.27931568413461,#c8102e
-91.6429946100769,-3.28171830021623,#c8102e
-91.6405745887159,-3.28411597459477,#c8102e
-91.6381496713774,-3.28650869725213,#c8102e
-91.6357198681935,-3.28889645819088,#c8102e
-91.6332851893165,-3.29127924743435,#c8102e
-91.6308456449190,-3.29365705502662,#c8102e
-91.6284012451941,-3.29602987103261,#c8102e
-91.6259520003552,-3.29839768553806,#c8102e
-91.6234979206358,-3.30076048864965,#c8102e
-91.6210390162897,-3.30311827049496,#c8102e
-91.6185752975909,-3.30547102122258,#c8102e
-91.6161067748333,-3.30781873100210,#c8102e
-91.6136334583313,-3.31016139002418,#c8102e
-91.6111553584188,-3.31249898850059,#c8102e
-91.6086724854500,-3.31483151666424,#c8102e
-91.6061848497990,-3.31715896476922,#c8102e
-91.6036924618599,-3.31948132309085,#c8102e
-91.6011953320464,-3.32179858192571,#c8102e
-91.5986934707922,-3.32411073159171,#c8102e
-91.5961868885507,-3.32641776242808,#c8102e
-91.5936755957951,-3.32871966479544,#c8102e
-91.5911596030182,-3.33101642907586,#c8102e
-91.5886389207325,-3.33330804567286,#c8102e
-91.5861135594700,-3.33559450501147,#c8102e
-91.5835835297823,-3.33787579753827,#c8102e
-91.5810488422406,-3.34015191372143,#c8102e
-91.5785095074355,-3.34242284405076,#c8102e
-91.5759655359769,-3.34468857903771,#c8102e
-91.5734169384942,-3.34694910921546,#c8102e
-91.5708637256362,-3.34920442513893,#c8102e
-91.5683059080707,-3.35145451738483,#c8102e
-91.5657434964850,-3.35369937655168,#c8102e
-91.5631765015856,-3.35593899325989,#c8102e
-91.5606049340981,-3.35817335815175,#c8102e
-91.5580288047669,-3.36040246189152,#c8102e
-91.5554481243560,-3.36262629516542,#c8102e
-91.5528629036481,-3.36484484868170,#c8102e
-91.5502731534449,-3.36705811317066,#c8102e
-91.5476788845670,-3.36926607938473,#c8102e
-91.5450801078540,-3.37146873809843,#c8102e
-91.5424768341642,-3.37366608010850,#c8102e
-91.5398690743747,-3.37585809623388,#c8102e
-91.5372568393816,-3.37804477731574,#c8102e
-91.5346401400993,-3.38022611421758,#c8102e
-91.5320189874611,-3.38240209782520,#c8102e
-91.5293933924189,-3.38457271904677,#c8102e
-91.5267633659431,-3.38673796881289,#c8102e
-91.5241289190226,-3.38889783807658,#c8102e
-91.5214900626648,-3.39105231781334,#c8102e
-91.5188468078955,-3.39320139902121,#c8102e
-91.5161991657590,-3.39534507272076,#c8102e
-91.5135471473177,-3.39748332995517,#c8102e
-91.5108907636526,-3.39961616179025,#c8102e
-91.5082300258626,-3.40174355931447,#c8102e
-91.5055649450650,-3.40386551363902,#c8102e
-91.5028955323952,-3.40598201589783,#c8102e
-91.5002217990067,-3.40809305724760,#c8102e
-91.4975437560710,-3.41019862886785,#c8102e
-91.4948614147777,-3.41229872196096,#c8102e
-91.4921747863344,-3.41439332775220,#c8102e
-91.4894838819664,-3.41648243748976,#c8102e
-91.4867887129171,-3.41856604244481,#c8102e
-91.4840892904475,-3.42064413391149,#c8102e
-91.4813856258365,-3.42271670320702,#c8102e
-91.4786777303808,-3.42478374167164,#c8102e
-91.4759656153947,-3.42684524066876,#c8102e
-91.4732492922100,-3.42890119158488,#c8102e
-91.4705287721762,-3.43095158582972,#c8102e
-91.4678040666605,-3.43299641483619,#c8102e
-91.4650751870473,-3.43503567006047,#c8102e
-91.4623421447385,-3.43706934298203,#c8102e
-91.4596049511536,-3.43909742510366,#c8102e
-91.4568636177293,-3.44111990795149,#c8102e
-91.4541181559195,-3.44313678307509,#c8102e
-91.4513685771955,-3.44514804204741,#c8102e
-91.4486148930457,-3.44715367646490,#c8102e
-91.4458571149758,-3.44915367794749,#c8102e
-91.4430952545085,-3.45114803813868,#c8102e
-91.4403293231835,-3.45313674870550,#c8102e
-91.4375593325576,-3.45511980133860,#c8102e
-91.4347852942045,-3.45709718775228,#c8102e
-91.4320072197149,-3.45906889968451,#c8102e
-91.4292251206964,-3.46103492889696,#c8102e
-91.4264390087732,-3.46299526717505,#c8102e
-91.4236488955864,-3.46494990632799,#c8102e
-91.4208547927939,-3.46689883818879,#c8102e
-91.4180567120701,-3.46884205461430,#c8102e
-91.4152546651061,-3.47077954748526,#c8102e
-91.4124486636097,-3.47271130870633,#c8102e
-91.4096387193050,-3.47463733020612,#c8102e
-91.4068248439326,-3.47655760393719,#c8102e
-91.4040070492498,-3.47847212187615,#c8102e
-91.4011853470299,-3.48038087602366,#c8102e
-91.3983597490628,-3.48228385840444,#c8102e
-91.3955302671546,-3.48418106106733,#c8102e
-91.3926969131275,-3.48607247608535,#c8102e
-91.3898596988200,-3.48795809555566,#c8102e
-91.3870186360868,-3.48983791159965,#c8102e
-91.3841737367986,-3.49171191636298,#c8102e
-91.3813250128420,-3.49358010201556,#c8102e
-91.3784724761198,-3.49544246075163,#c8102e
-91.3756161385506,-3.49729898478977,#c8102e
-91.3727560120690,-3.49914966637295,#c8102e
-91.3698921086253,-3.50099449776854,#c8102e
-91.3670244401855,-3.50283347126836,#c8102e
-91.3641530187317,-3.50466657918870,#c8102e
-91.3612778562613,-3.50649381387036,#c8102e
-91.3583989647874,-3.50831516767868,#c8102e
-91.3555163563389,-3.51013063300357,#c8102e
-91.3526300429600,-3.51194020225955,#c8102e
-91.3497400367106,-3.51374386788577,#c8102e
-91.3468463496657,-3.51554162234606,#c8102e
-91.3439489939159,-3.51733345812891,#c8102e
-91.3410479815673,-3.51911936774760,#c8102e
-91.3381433247408,-3.52089934374011,#c8102e
-91.3352350355730,-3.52267337866925,#c8102e
-91.3323231262155,-3.52444146512265,#c8102e
-91.3294076088349,-3.52620359571277,#c8102e
-91.3264884956130,-3.52795976307699,#c8102e
-91.3235657987467,-3.52970995987758,#c8102e
-91.3206395304477,-3.53145417880176,#c8102e
-91.3177097029427,-3.53319241256175,#c8102e
-91.3147763284734,-3.53492465389474,#c8102e
-91.3118394192960,-3.53665089556298,#c8102e
-91.3088989876818,-3.53837113035380,#c8102e
-91.3059550459167,-3.54008535107960,#c8102e
-91.3030076063012,-3.54179355057793,#c8102e
-91.3000566811504,-3.54349572171149,#c8102e
-91.2971022827942,-3.54519185736816,#c8102e
-91.2941444235767,-3.54688195046105,#c8102e
-91.2911831158566,-3.54856599392853,#c8102e
-91.2882183720071,-3.55024398073420,#c8102e
-91.2852502044156,-3.55191590386702,#c8102e
-91.2822786254839,-3.55358175634126,#c8102e
-91.2793036476280,-3.55524153119655,#c8102e
-91.2763252832782,-3.55689522149793,#c8102e
-91.2733435448788,-3.55854282033584,#c8102e
-91.2703584448882,-3.56018432082620,#c8102e
-91.2673699957791,-3.56181971611039,#c8102e
-91.2643782100380,-3.56344899935531,#c8102e
-91.2613831001652,-3.56507216375339,#c8102e
-91.2583846786751,-3.56668920252262,#c8102e
-91.2553829580960,-3.56830010890661,#c8102e
-91.2523779509697,-3.56990487617456,#c8102e
-91.2493696698520,-3.57150349762135,#c8102e
-91.2463581273123,-3.57309596656753,#c8102e
-91.2433433359335,-3.57468227635933,#c8102e
-91.2403253083122,-3.57626242036876,#c8102e
-91.2373040570586,-3.57783639199356,#c8102e
-91.2342795947961,-3.57940418465726,#c8102e
-91.2312519341619,-3.58096579180924,#c8102e
-91.2282210878062,-3.58252120692468,#c8102e
-91.2251870683927,-3.58407042350466,#c8102e
-91.2221498885983,-3.58561343507616,#c8102e
-91.2191095611131,-3.58715023519207,#c8102e
-91.2160660986405,-3.58868081743124,#c8102e
-91.2130195138967,-3.59020517539851,#c8102e
-91.2099698196113,-3.59172330272471,#c8102e
-91.2069170285266,-3.59323519306671,#c8102e
-91.2038611533979,-3.59474084010745,#c8102e
-91.2008022069936,-3.59624023755594,#c8102e
-91.1977402020946,-3.59773337914731,#c8102e
-91.1946751514948,-3.59922025864283,#c8102e
-91.1916070680009,-3.60070086982994,#c8102e
-91.1885359644320,-3.60217520652224,#c8102e
-91.1854618536200,-3.60364326255960,#c8102e
-91.1823847484093,-3.60510503180808,#c8102e
-91.1793046616569,-3.60656050816004,#c8102e
-91.1762216062322,-3.60800968553412,#c8102e
-91.1731355950170,-3.60945255787528,#c8102e
-91.1700466409055,-3.61088911915483,#c8102e
-91.1669547568040,-3.61231936337045,#c8102e
-91.1638599556313,-3.61374328454619,#c8102e
-91.1607622503183,-3.61516087673256,#c8102e
-91.1576616538079,-3.61657213400649,#c8102e
-91.1545581790553,-3.61797705047137,#c8102e
-91.1514518390276,-3.61937562025710,#c8102e
-91.1483426467039,-3.62076783752010,#c8102e
-91.1452306150752,-3.62215369644333,#c8102e
-91.1421157571444,-3.62353319123630,#c8102e
-91.1389980859260,-3.62490631613512,#c8102e
-91.1358776144467,-3.62627306540254,#c8102e
-91.1327543557445,-3.62763343332791,#c8102e
-91.1296283228692,-3.62898741422727,#c8102e
-91.1264995288822,-3.63033500244333,#c8102e
-91.1233679868564,-3.63167619234552,#c8102e
-91.1202337098762,-3.63301097833001,#c8102e
-91.1170967110373,-3.63433935481971,#c8102e
-91.1139570034471,-3.63566131626432,#c8102e
-91.1108146002239,-3.63697685714034,#c8102e
-91.1076695144977,-3.63828597195111,#c8102e
-91.1045217594093,-3.63958865522680,#c8102e
-91.1013713481109,-3.64088490152447,#c8102e
-91.0982182937658,-3.64217470542807,#c8102e
-91.0950626095481,-3.64345806154845,#c8102e
-91.0919043086432,-3.64473496452343,#c8102e
-91.0887434042473,-3.64600540901777,#c8102e
-91.0855799095675,-3.64726938972323,#c8102e
-91.0824138378216,-3.64852690135857,#c8102e
-91.0792452022383,-3.64977793866958,#c8102e
-91.0760740160570,-3.65102249642910,#c8102e
-91.0729002925277,-3.65226056943706,#c8102e
-91.0697240449111,-3.65349215252045,#c8102e
-91.0665452864784,-3.65471724053341,#c8102e
-91.0633640305112,-3.65593582835720,#c8102e
-91.0601802903016,-3.65714791090025,#c8102e
-91.0569940791521,-3.65835348309816,#c8102e
-91.0538054103756,-3.65955253991374,#c8102e
-91.0506142972952,-3.66074507633703,#c8102e
-91.0474207532440,-3.66193108738528,#c8102e
-91.0442247915656,-3.66311056810305,#c8102e
-91.0410264256136,-3.66428351356216,#c8102e
-91.0378256687515,-3.66544991886174,#c8102e
-91.0346225343529,-3.66660977912824,#c8102e
-91.0314170358013,-3.66776308951547,#c8102e
-91.0282091864902,-3.66890984520460,#c8102e
-91.0249989998228,-3.67005004140419,#c8102e
-91.0217864892121,-3.67118367335020,#c8102e
-91.0185716680807,-3.67231073630602,#c8102e
-91.0153545498610,-3.67343122556250,#c8102e
-91.0121351479950,-3.67454513643794,#c8102e
-91.0089134759342,-3.67565246427814,#c8102e
-91.0056895471395,-3.67675320445638,#c8102e
-91.0024633750813,-3.67784735237350,#c8102e
-90.9992349732395,-3.67893490345786,#c8102e
-90.9960043551032,-3.68001585316538,#c8102e
-90.9927715341706,-3.68109019697960,#c8102e
-90.9895365239494,-3.68215793041160,#c8102e
-90.9862993379562,-3.68321904900014,#c8102e
-90.9830599897169,-3.68427354831158,#c8102e
-90.9798184927663,-3.68532142393994,#c8102e
-90.9765748606482,-3.68636267150695,#c8102e
-90.9733291069154,-3.68739728666199,#c8102e
-90.9700812451294,-3.68842526508217,#c8102e
-90.9668312888607,-3.68944660247233,#c8102e
-90.9635792516883,-3.69046129456507,#c8102e
-90.9603251472003,-3.69146933712073,#c8102e
-90.9570689889930,-3.69247072592746,#c8102e
-90.9538107906715,-3.69346545680119,#c8102e
-90.9505505658494,-3.69445352558567,#c8102e
-90.9472883281489,-3.69543492815251,#c8102e
-90.9440240912002,-3.69640966040115,#c8102e
-90.9407578686424,-3.69737771825890,#c8102e
-90.9374896741225,-3.69833909768096,#c8102e
-90.9342195212958,-3.69929379465046,#c8102e
-90.9309474238260,-3.70024180517841,#c8102e
-90.9276733953846,-3.70118312530378,#c8102e
-90.9243974496515,-3.70211775109349,#c8102e
-90.9211196003143,-3.70304567864244,#c8102e
-90.9178398610688,-3.70396690407350,#c8102e
-90.9145582456186,-3.70488142353756,#c8102e
-90.9112747676751,-3.70578923321351,#c8102e
-90.9079894409576,-3.70669032930829,#c8102e
-90.9047022791928,-3.70758470805689,#c8102e
-90.9014132961156,-3.70847236572237,#c8102e
-90.8981225054681,-3.70935329859586,#c8102e
-90.8948299210001,-3.71022750299659,#c8102e
-90.8915355564689,-3.71109497527191,#c8102e
-90.8882394256391,-3.71195571179731,#c8102e
-90.8849415422828,-3.71280970897639,#c8102e
-90.8816419201796,-3.71365696324094,#c8102e
-90.8783405731159,-3.71449747105091,#c8102e
-90.8750375148858,-3.71533122889444,#c8102e
-90.8717327592902,-3.71615823328788,#c8102e
-90.8684263201373,-3.71697848077578,#c8102e
-90.8651182112423,-3.71779196793094,#c8102e
-90.8618084464272,-3.71859869135441,#c8102e
-90.8584970395211,-3.71939864767547,#c8102e
-90.8551840043599,-3.72019183355172,#c8102e
-90.8518693547864,-3.72097824566900,#c8102e
-90.8485531046501,-3.72175788074150,#c8102e
-90.8452352678070,-3.72253073551168,#c8102e
-90.8419158581199,-3.72329680675037,#c8102e
-90.8385948894583,-3.72405609125671,#c8102e
-90.8352723756979,-3.72480858585823,#c8102e
-90.8319483307211,-3.72555428741081,#c8102e
-90.8286227684166,-3.72629319279870,#c8102e
-90.8252957026795,-3.72702529893458,#c8102e
-90.8219671474111,-3.72775060275952,#c8102e
-90.8186371165190,-3.72846910124300,#c8102e
-90.8153056239169,-3.72918079138296,#c8102e
-90.8119726835246,-3.72988567020577,#c8102e
-90.8086383092681,-3.73058373476626,#c8102e
-90.8053025150792,-3.73127498214774,#c8102e
-90.8019653148957,-3.73195940946200,#c8102e
-90.7986267226613,-3.73263701384932,#c8102e
-90.7952867523255,-3.73330779247850,#c8102e
-90.7919454178436,-3.73397174254685,#c8102e
-90.7886027331765,-3.73462886128022,#c8102e
-90.7852587122909,-3.73527914593299,#c8102e
-90.7819133691588,-3.73592259378811,#c8102e
-90.7785667177581,-3.73655920215708,#c8102e
-90.7752187720720,-3.73718896838000,#c8102e
-90.7718695460888,-3.73781188982552,#c8102e
-90.7685190538027,-3.73842796389094,#c8102e
-90.7651673092129,-3.73903718800212,#c8102e
-90.7618143263237,-3.73963955961358,#c8102e
-90.7584601191449,-3.74023507620845,#c8102e
-90.7551047016912,-3.74082373529850,#c8102e
-90.7517480879823,-3.74140553442418,#c8102e
-90.7483902920431,-3.74198047115456,#c8102e
-90.7450313279033,-3.74254854308742,#c8102e
-90.7416712095976,-3.74310974784920,#c8102e
-90.7383099511653,-3.74366408309505,#c8102e
-90.7349475666507,-3.74421154650881,#c8102e
-90.7315840701028,-3.74475213580303,#c8102e
-90.7282194755749,-3.74528584871899,#c8102e
-90.7248537971254,-3.74581268302671,#c8102e
-90.7214870488169,-3.74633263652493,#c8102e
-90.7181192447165,-3.74684570704116,#c8102e
-90.7147503988958,-3.74735189243165,#c8102e
-90.7113805254307,-3.74785119058142,#c8102e
-90.7080096384014,-3.74834359940428,#c8102e
-90.7046377518923,-3.74882911684283,#c8102e
-90.7012648799921,-3.74930774086843,#c8102e
-90.6978910367934,-3.74977946948128,#c8102e
-90.6945162363932,-3.75024430071038,#c8102e
-90.6911404928920,-3.75070223261353,#c8102e
-90.6877638203948,-3.75115326327738,#c8102e
-90.6843862330101,-3.75159739081741,#c8102e
-90.6810077448503,-3.75203461337794,#c8102e
-90.6776283700317,-3.75246492913213,#c8102e
-90.6742481226740,-3.75288833628202,#c8102e
-90.6708670169010,-3.75330483305850,#c8102e
-90.6674850668397,-3.75371441772135,#c8102e
-90.6641022866208,-3.75411708855920,#c8102e
-90.6607186903784,-3.75451284388961,#c8102e
-90.6573342922500,-3.75490168205899,#c8102e
-90.6539491063766,-3.75528360144269,#c8102e
-90.6505631469023,-3.75565860044494,#c8102e
-90.6471764279745,-3.75602667749890,#c8102e
-90.6437889637439,-3.75638783106666,#c8102e
-90.6404007683641,-3.75674205963921,#c8102e
-90.6370118559919,-3.75708936173650,#c8102e
-90.6336222407871,-3.75742973590741,#c8102e
-90.6302319369122,-3.75776318072978,#c8102e
-90.6268409585330,-3.75808969481037,#c8102e
-90.6234493198178,-3.75840927678494,#c8102e
-90.6200570349376,-3.75872192531818,#c8102e
-90.6166641180665,-3.75902763910377,#c8102e
-90.6132705833808,-3.75932641686435,#c8102e
-90.6098764450596,-3.75961825735156,#c8102e
-90.6064817172845,-3.75990315934602,#c8102e
-90.6030864142396,-3.76018112165732,#c8102e
-90.5996905501113,-3.76045214312407,#c8102e
-90.5962941390885,-3.76071622261386,#c8102e
-90.5928971953621,-3.76097335902332,#c8102e
-90.5894997331255,-3.76122355127805,#c8102e
-90.5861017665742,-3.76146679833270,#c8102e
-90.5827033099058,-3.76170309917089,#c8102e
-90.5793043773199,-3.76193245280533,#c8102e
-90.5759049830181,-3.76215485827769,#c8102e
-90.5725051412040,-3.76237031465872,#c8102e
-90.5691048660829,-3.76257882104819,#c8102e
-90.5657041718622,-3.76278037657490,#c8102e
-90.5623030727508,-3.76297498039669,#c8102e
-90.5589015829593,-3.76316263170047,#c8102e
-90.5554997167001,-3.76334332970217,#c8102e
-90.5520974881871,-3.76351707364681,#c8102e
-90.5486949116356,-3.76368386280841,#c8102e
-90.5452920012625,-3.76384369649011,#c8102e
-90.5418887712860,-3.76399657402408,#c8102e
-90.5384852359257,-3.76414249477154,#c8102e
-90.5350814094025,-3.76428145812281,#c8102e
-90.5316773059383,-3.76441346349726,#c8102e
-90.5282729397566,-3.76453851034334,#c8102e
-90.5248683250815,-3.76465659813857,#c8102e
-90.5214634761384,-3.76476772638955,#c8102e
-90.5180584071537,-3.76487189463196,#c8102e
-90.5146531323547,-3.76496910243055,#c8102e
-90.5112476659694,-3.76505934937917,#c8102e
-90.5078420222267,-3.76514263510074,#c8102e
-90.5044362153564,-3.76521895924727,#c8102e
-90.5010302595887,-3.76528832149987,#c8102e
-90.4976241691547,-3.76535072156870,#c8102e
-90.4942179582859,-3.76540615919306,#c8102e
-90.4908116412142,-3.76545463414131,#c8102e
-90.4874052321723,-3.76549614621091,#c8102e
-90.4839987453928,-3.76553069522841,#c8102e
-90.4805921951090,-3.76555828104945,#c8102e
-90.4771855955545,-3.76557890355878,#c8102e
-90.4737789609627,-3.76559256267023,#c8102e
-90.4703723055675,-3.76559925832673,#c8102e
-90.4669656436028,-3.76559899050030,#c8102e
-90.4635589893026,-3.76559175919206,#c8102e
-90.4601523569006,-3.76557756443222,#c8102e
-90.4567457606308,-3.76555640628010,#c8102e
-90.4533392147266,-3.76552828482409,#c8102e
-90.4499327334217,-3.76549320018171,#c8102e
-90.4465263309490,-3.76545115249953,#c8102e
-90.4431200215415,-3.76540214195325,#c8102e
-90.4397138194316,-3.76534616874764,#c8102e
-90.4363077388513,-3.76528323311658,#c8102e
-90.4329017940321,-3.76521333532303,#c8102e
-90.4294959992048,-3.76513647565903,#c8102e
-90.4260903685999,-3.76505265444573,#c8102e
-90.4226849164468,-3.76496187203335,#c8102e
-90.4192796569745,-3.76486412880122,#c8102e
-90.4158746044110,-3.76475942515771,#c8102e
-90.4124697729835,-3.76464776154032,#c8102e
-90.4090651769182,-3.76452913841559,#c8102e
-90.4056608304405,-3.76440355627918,#c8102e
-90.4022567477746,-3.76427101565579,#c8102e
-90.3988529431436,-3.76413151709921,#c8102e
-90.3954494307695,-3.76398506119231,#c8102e
-90.3920462248731,-3.76383164854701,#c8102e
-90.3886433396738,-3.76367127980432,#c8102e
-90.3852407893897,-3.76350395563429,#c8102e
-90.3818385882377,-3.76332967673605,#c8102e
-90.3784367504330,-3.76314844383777,#c8102e
-90.3750352901892,-3.76296025769671,#c8102e
-90.3716342217188,-3.76276511909915,#c8102e
-90.3682335592320,-3.76256302886042,#c8102e
-90.3648333169379,-3.76235398782492,#c8102e
-90.3614335090435,-3.76213799686607,#c8102e
-90.3580341497540,-3.76191505688634,#c8102e
-90.3546352532730,-3.76168516881722,#c8102e
-90.3512368338018,-3.76144833361926,#c8102e
-90.3478389055399,-3.76120455228200,#c8102e
-90.3444414826848,-3.76095382582404,#c8102e
-90.3410445794317,-3.76069615529297,#c8102e
-90.3376482099739,-3.76043154176540,#c8102e
-90.3342523885021,-3.76015998634696,#c8102e
-90.3308571292051,-3.75988149017227,#c8102e
-90.3274624462691,-3.75959605440497,#c8102e
-90.3240683538780,-3.75930368023769,#c8102e
-90.3206748662131,-3.75900436889203,#c8102e
-90.3172819974534,-3.75869812161859,#c8102e
-90.3138897617751,-3.75838493969696,#c8102e
-90.3104981733518,-3.75806482443570,#c8102e
-90.3071072463546,-3.75773777717232,#c8102e
-90.3037169949515,-3.75740379927331,#c8102e
-90.3003274333079,-3.75706289213412,#c8102e
-90.2969385755863,-3.75671505717915,#c8102e
-90.2935504359461,-3.75636029586175,#c8102e
-90.2901630285441,-3.75599860966419,#c8102e
-90.2867763675334,-3.75563000009769,#c8102e
-90.2833904670647,-3.75525446870241,#c8102e
-90.2800053412849,-3.75487201704741,#c8102e
-90.2766210043381,-3.75448264673067,#c8102e
-90.2732374703648,-3.75408635937908,#c8102e
-90.2698547535024,-3.75368315664843,#c8102e
-90.2664728678847,-3.75327304022341,#c8102e
-90.2630918276421,-3.75285601181759,#c8102e
-90.2597116469015,-3.75243207317342,#c8102e
-90.2563323397861,-3.75200122606223,#c8102e
-90.2529539204156,-3.75156347228421,#c8102e
-90.2495764029059,-3.75111881366841,#c8102e
-90.2461998013690,-3.75066725207272,#c8102e
-90.2428241299134,-3.75020878938389,#c8102e
-90.2394494026435,-3.74974342751750,#c8102e
-90.2360756336597,-3.74927116841794,#c8102e
-90.2327028370585,-3.74879201405843,#c8102e
-90.2293310269323,-3.74830596644101,#c8102e
-90.2259602173695,-3.74781302759651,#c8102e
-90.2225904224541,-3.74731319958456,#c8102e
-90.2192216562661,-3.74680648449356,#c8102e
-90.2158539328809,-3.74629288444071,#c8102e
-90.2124872663699,-3.74577240157195,#c8102e
-90.2091216707997,-3.74524503806200,#c8102e
-90.2057571602329,-3.74471079611433,#c8102e
-90.2023937487271,-3.74416967796112,#c8102e
-90.1990314503355,-3.74362168586332,#c8102e
-90.1956702791067,-3.74306682211057,#c8102e
-90.1923102490846,-3.74250508902125,#c8102e
-90.1889513743082,-3.74193648894240,#c8102e
-90.1855936688117,-3.74136102424981,#c8102e
-90.1822371466246,-3.74077869734790,#c8102e
-90.1788818217713,-3.74018951066979,#c8102e
-90.1755277082711,-3.73959346667725,#c8102e
-90.1721748201384,-3.73899056786070,#c8102e
-90.1688231713825,-3.73838081673922,#c8102e
-90.1654727760073,-3.73776421586051,#c8102e
-90.1621236480119,-3.73714076780088,#c8102e
-90.1587758013895,-3.73651047516525,#c8102e
-90.1554292501285,-3.73587334058716,#c8102e
-90.1520840082115,-3.73522936672872,#c8102e
-90.1487400896160,-3.73457855628061,#c8102e
-90.1453975083135,-3.73392091196209,#c8102e
-90.1420562782703,-3.73325643652098,#c8102e
-90.1387164134470,-3.73258513273361,#c8102e
-90.1353779277982,-3.73190700340488,#c8102e
-90.1320408352732,-3.73122205136817,#c8102e
-90.1287051498151,-3.73053027948540,#c8102e
-90.1253708853613,-3.72983169064697,#c8102e
-90.1220380558431,-3.72912628777177,#c8102e
-90.1187066751861,-3.72841407380714,#c8102e
-90.1153767573096,-3.72769505172891,#c8102e
-90.1120483161269,-3.72696922454133,#c8102e
-90.1087213655450,-3.72623659527710,#c8102e
-90.1053959194648,-3.72549716699733,#c8102e
-90.1020719917809,-3.72475094279155,#c8102e
-90.0987495963815,-3.72399792577768,#c8102e
-90.0954287471484,-3.72323811910200,#c8102e
-90.0921094579570,-3.72247152593920,#c8102e
-90.0887917426762,-3.72169814949229,#c8102e
-90.0854756151682,-3.72091799299265,#c8102e
-90.0821610892886,-3.72013105969996,#c8102e
-90.0788481788865,-3.71933735290225,#c8102e
-90.0755368978040,-3.71853687591582,#c8102e
-90.0722272598765,-3.71772963208527,#c8102e
-90.0689192789325,-3.71691562478348,#c8102e
-90.0656129687936,-3.71609485741158,#c8102e
-90.0623083432745,-3.71526733339894,#c8102e
-90.0590054161826,-3.71443305620318,#c8102e
-90.0557042013186,-3.71359202931013,#c8102e
-90.0524047124757,-3.71274425623380,#c8102e
-90.0491069634401,-3.71188974051642,#c8102e
-90.0458109679906,-3.71102848572838,#c8102e
-90.0425167398987,-3.71016049546821,#c8102e
-90.0392242929285,-3.70928577336262,#c8102e
-90.0359336408368,-3.70840432306640,#c8102e
-90.0326447973728,-3.70751614826250,#c8102e
-90.0293577762780,-3.70662125266193,#c8102e
-90.0260725912866,-3.70571964000380,#c8102e
-90.0227892561249,-3.70481131405528,#c8102e
-90.0195077845114,-3.70389627861159,#c8102e
-90.0162281901570,-3.70297453749598,#c8102e
-90.0129504867648,-3.70204609455974,#c8102e
-90.0096746880298,-3.70111095368213,#c8102e
-90.0064008076391,-3.70016911877042,#c8102e
-90.0031288592720,-3.69922059375982,#c8102e
-89.9998588565993,-3.69826538261354,#c8102e
-89.9965908132841,-3.69730348932268,#c8102e
-89.9933247429810,-3.69633491790629,#c8102e
-89.9900606593366,-3.69535967241131,#c8102e
-89.9867985759890,-3.69437775691256,#c8102e
-89.9835385065681,-3.69338917551275,#c8102e
-89.9802804646952,-3.69239393234241,#c8102e
-89.9770244639834,-3.69139203155995,#c8102e
-89.9737705180370,-3.69038347735154,#c8102e
-89.9705186404519,-3.68936827393121,#c8102e
-89.9672688448153,-3.68834642554072,#c8102e
-89.9640211447055,-3.68731793644963,#c8102e
-89.9607755536925,-3.68628281095523,#c8102e
-89.9575320853370,-3.68524105338254,#c8102e
-89.9542907531911,-3.68419266808429,#c8102e
-89.9510515707981,-3.68313765944091,#c8102e
-89.9478145516919,-3.68207603186050,#c8102e
-89.9445797093977,-3.68100778977882,#c8102e
-89.9413470574316,-3.67993293765925,#c8102e
-89.9381166093003,-3.67885147999280,#c8102e
-89.9348883785015,-3.67776342129809,#c8102e
-89.9316623785236,-3.67666876612131,#c8102e
-89.9284386228457,-3.67556751903620,#c8102e
-89.9252171249375,-3.67445968464407,#c8102e
-89.9219978982591,-3.67334526757373,#c8102e
-89.9187809562615,-3.67222427248150,#c8102e
-89.9155663123857,-3.67109670405120,#c8102e
-89.9123539800634,-3.66996256699409,#c8102e
-89.9091439727165,-3.66882186604890,#c8102e
-89.9059363037573,-3.66767460598177,#c8102e
-89.9027309865883,-3.66652079158624,#c8102e
-89.8995280346021,-3.66536042768325,#c8102e
-89.8963274611815,-3.66419351912110,#c8102e
-89.8931292796993,-3.66302007077545,#c8102e
-89.8899335035183,-3.66184008754925,#c8102e
-89.8867401459912,-3.66065357437279,#c8102e
-89.8835492204609,-3.65946053620362,#c8102e
-89.8803607402598,-3.65826097802656,#c8102e
-89.8771747187101,-3.65705490485369,#c8102e
-89.8739911691239,-3.65584232172428,#c8102e
-89.8708101048030,-3.65462323370483,#c8102e
-89.8676315390385,-3.65339764588899,#c8102e
-89.8644554851115,-3.65216556339759,#c8102e
-89.8612819562922,-3.65092699137859,#c8102e
-89.8581109658404,-3.64968193500706,#c8102e
-89.8549425270055,-3.64843039948518,#c8102e
-89.8517766530259,-3.64717239004218,#c8102e
-89.8486133571296,-3.64590791193434,#c8102e
-89.8454526525334,-3.64463697044500,#c8102e
-89.8422945524438,-3.64335957088446,#c8102e
-89.8391390700561,-3.64207571859004,#c8102e
-89.8359862185546,-3.64078541892600,#c8102e
-89.8328360111129,-3.63948867728354,#c8102e
-89.8296884608933,-3.63818549908080,#c8102e
-89.8265435810470,-3.63687588976278,#c8102e
-89.8234013847142,-3.63555985480137,#c8102e
-89.8202618850239,-3.63423739969531,#c8102e
-89.8171250950936,-3.63290852997016,#c8102e
-89.8139910280297,-3.63157325117828,#c8102e
-89.8108596969271,-3.63023156889880,#c8102e
-89.8077311148693,-3.62888348873763,#c8102e
-89.8046052949283,-3.62752901632739,#c8102e
-89.8014822501647,-3.62616815732741,#c8102e
-89.7983619936274,-3.62480091742373,#c8102e
-89.7952445383535,-3.62342730232901,#c8102e
-89.7921298973686,-3.62204731778259,#c8102e
-89.7890180836864,-3.62066096955039,#c8102e
-89.7859091103090,-3.61926826342493,#c8102e
-89.7828029902265,-3.61786920522531,#c8102e
-89.7796997364169,-3.61646380079714,#c8102e
-89.7765993618466,-3.61505205601257,#c8102e
-89.7735018794696,-3.61363397677024,#c8102e
-89.7704073022280,-3.61220956899525,#c8102e
-89.7673156430519,-3.61077883863914,#c8102e
-89.7642269148589,-3.60934179167988,#c8102e
-89.7611411305546,-3.60789843412181,#c8102e
-89.7580583030321,-3.60644877199567,#c8102e
-89.7549784451724,-3.60499281135850,#c8102e
-89.7519015698438,-3.60353055829370,#c8102e
-89.7488276899023,-3.60206201891094,#c8102e
-89.7457568181915,-3.60058719934614,#c8102e
-89.7426889675421,-3.59910610576150,#c8102e
-89.7396241507725,-3.59761874434540,#c8102e
-89.7365623806883,-3.59612512131242,#c8102e
-89.7335036700823,-3.59462524290331,#c8102e
-89.7304480317347,-3.59311911538495,#c8102e
-89.7273954784126,-3.59160674505033,#c8102e
-89.7243460228704,-3.59008813821851,#c8102e
-89.7212996778496,-3.58856330123464,#c8102e
-89.7182564560785,-3.58703224046988,#c8102e
-89.7152163702726,-3.58549496232140,#c8102e
-89.7121794331341,-3.58395147321233,#c8102e
-89.0000000000000,-3.19790000000000,#c8102e
-89.0000000000000,-3.00000000000000,#c8102e
-89.8020241530325,-3.40762128207546,#c8102e
-89.8047004698304,-3.40898148995646,#c8102e
-89.8073795614080,-3.41033622439585,#c8102e
-89.8100614165713,-3.41168547973318,#c8102e
-89.8127460241148,-3.41302925033093,#c8102e
-89.8154333728216,-3.41436753057447,#c8102e
-89.8181234514633,-3.41570031487212,#c8102e
-89.8208162487999,-3.41702759765517,#c8102e
-89.8235117535803,-3.41834937337787,#c8102e
-89.8262099545419,-3.41966563651752,#c8102e
-89.8289108404111,-3.42097638157441,#c8102e
-89.8316143999027,-3.42228160307193,#c8102e
-89.8343206217206,-3.42358129555652,#c8102e
-89.8370294945575,-3.42487545359772,#c8102e
-89.8397410070951,-3.42616407178821,#c8102e
-89.8424551480039,-3.42744714474381,#c8102e
-89.8451719059436,-3.42872466710351,#c8102e
-89.8478912695628,-3.42999663352948,#c8102e
-89.8506132274993,-3.43126303870713,#c8102e
-89.8533377683801,-3.43252387734509,#c8102e
-89.8560648808214,-3.43377914417524,#c8102e
-89.8587945534286,-3.43502883395276,#c8102e
-89.8615267747963,-3.43627294145611,#c8102e
-89.8642615335087,-3.43751146148710,#c8102e
-89.8669988181392,-3.43874438887087,#c8102e
-89.8697386172508,-3.43997171845593,#c8102e
-89.8724809193959,-3.44119344511418,#c8102e
-89.8752257131164,-3.44240956374092,#c8102e
-89.8779729869438,-3.44362006925491,#c8102e
-89.8807227293994,-3.44482495659833,#c8102e
-89.8834749289939,-3.44602422073685,#c8102e
-89.8862295742281,-3.44721785665964,#c8102e
-89.8889866535922,-3.44840585937938,#c8102e
-89.8917461555665,-3.44958822393228,#c8102e
-89.8945080686211,-3.45076494537812,#c8102e
-89.8972723812160,-3.45193601880026,#c8102e
-89.9000390818012,-3.45310143930564,#c8102e
-89.9028081588166,-3.45426120202484,#c8102e
-89.9055796006924,-3.45541530211207,#c8102e
-89.9083533958487,-3.45656373474519,#c8102e
-89.9111295326960,-3.45770649512577,#c8102e
-89.9139079996348,-3.45884357847905,#c8102e
-89.9166887850560,-3.45997498005401,#c8102e
-89.9194718773406,-3.46110069512335,#c8102e
-89.9222572648603,-3.46222071898354,#c8102e
-89.9250449359769,-3.46333504695485,#c8102e
-89.9278348790429,-3.46444367438131,#c8102e
-89.9306270824012,-3.46554659663079,#c8102e
-89.9334215343852,-3.46664380909501,#c8102e
-89.9362182233189,-3.46773530718951,#c8102e
-89.9390171375170,-3.46882108635375,#c8102e
-89.9418182652851,-3.46990114205105,#c8102e
-89.9446215949192,-3.47097546976866,#c8102e
-89.9474271147063,-3.47204406501777,#c8102e
-89.9502348129242,-3.47310692333350,#c8102e
-89.9530446778417,-3.47416404027496,#c8102e
-89.9558566977183,-3.47521541142525,#c8102e
-89.9586708608048,-3.47626103239145,#c8102e
-89.9614871553428,-3.47730089880469,#c8102e
-89.9643055695652,-3.47833500632015,#c8102e
-89.9671260916958,-3.47936335061706,#c8102e
-89.9699487099498,-3.48038592739872,#c8102e
-89.9727734125335,-3.48140273239255,#c8102e
-89.9756001876447,-3.48241376135007,#c8102e
-89.9784290234724,-3.48341901004694,#c8102e
-89.9812599081968,-3.48441847428297,#c8102e
-89.9840928299899,-3.48541214988215,#c8102e
-89.9869277770150,-3.48640003269263,#c8102e
-89.9897647374269,-3.48738211858679,#c8102e
-89.9926036993721,-3.48835840346122,#c8102e
-89.9954446509886,-3.48932888323675,#c8102e
-89.9982875804063,-3.49029355385846,#c8102e
-90.0011324757466,-3.49125241129571,#c8102e
-90.0039793251228,-3.49220545154214,#c8102e
-90.0068281166401,-3.49315267061572,#c8102e
-90.0096788383955,-3.49409406455870,#c8102e
-90.0125314784778,-3.49502962943770,#c8102e
-90.0153860249681,-3.49595936134369,#c8102e
-90.0182424659393,-3.49688325639201,#c8102e
-90.0211007894565,-3.49780131072239,#c8102e
-90.0239609835768,-3.49871352049896,#c8102e
-90.0268230363496,-3.49961988191027,#c8102e
-90.0296869358165,-3.50052039116931,#c8102e
-90.0325526700114,-3.50141504451351,#c8102e
-90.0354202269606,-3.50230383820478,#c8102e
-90.0382895946825,-3.50318676852952,#c8102e
-90.0411607611884,-3.50406383179862,#c8102e
-90.0440337144816,-3.50493502434746,#c8102e
-90.0469084425583,-3.50580034253600,#c8102e
-90.0497849334070,-3.50665978274869,#c8102e
-90.0526631750092,-3.50751334139459,#c8102e
-90.0555431553386,-3.50836101490730,#c8102e
-90.0584248623621,-3.50920279974502,#c8102e
-90.0613082840391,-3.51003869239056,#c8102e
-90.0641934083220,-3.51086868935134,#c8102e
-90.0670802231558,-3.51169278715942,#c8102e
-90.0699687164788,-3.51251098237151,#c8102e
-90.0728588762222,-3.51332327156897,#c8102e
-90.0757506903099,-3.51412965135784,#c8102e
-90.0786441466595,-3.51493011836888,#c8102e
-90.0815392331811,-3.51572466925751,#c8102e
-90.0844359377784,-3.51651330070391,#c8102e
-90.0873342483482,-3.51729600941295,#c8102e
-90.0902341527806,-3.51807279211429,#c8102e
-90.0931356389591,-3.51884364556232,#c8102e
-90.0960386947605,-3.51960856653622,#c8102e
-90.0989433080550,-3.52036755183996,#c8102e
-90.1018494667065,-3.52112059830228,#c8102e
-90.1047571585723,-3.52186770277678,#c8102e
-90.1076663715033,-3.52260886214185,#c8102e
-90.1105770933440,-3.52334407330075,#c8102e
-90.1134893119328,-3.52407333318156,#c8102e
-90.1164030151015,-3.52479663873725,#c8102e
-90.1193181906760,-3.52551398694566,#c8102e
-90.1222348264759,-3.52622537480953,#c8102e
-90.1251529103148,-3.52693079935650,#c8102e
-90.1280724300001,-3.52763025763911,#c8102e
-90.1309933733334,-3.52832374673485,#c8102e
-90.1339157281102,-3.52901126374615,#c8102e
-90.1368394821202,-3.52969280580037,#c8102e
-90.1397646231470,-3.53036837004987,#c8102e
-90.1426911389688,-3.53103795367195,#c8102e
-90.1456190173578,-3.53170155386893,#c8102e
-90.1485482460806,-3.53235916786811,#c8102e
-90.1514788128981,-3.53301079292180,#c8102e
-90.1544107055656,-3.53365642630736,#c8102e
-90.1573439118329,-3.53429606532716,#c8102e
-90.1602784194443,-3.53492970730862,#c8102e
-90.1632142161387,-3.53555734960422,#c8102e
-90.1661512896496,-3.53617898959151,#c8102e
-90.1690896277052,-3.53679462467311,#c8102e
-90.1720292180282,-3.53740425227675,#c8102e
-90.1749700483363,-3.53800786985524,#c8102e
-90.1779121063420,-3.53860547488651,#c8102e
-90.1808553797526,-3.53919706487361,#c8102e
-90.1837998562703,-3.53978263734473,#c8102e
-90.1867455235923,-3.54036218985319,#c8102e
-90.1896923694110,-3.54093571997748,#c8102e
-90.1926403814135,-3.54150322532123,#c8102e
-90.1955895472824,-3.54206470351326,#c8102e
-90.1985398546952,-3.54262015220758,#c8102e
-90.2014912913248,-3.54316956908336,#c8102e
-90.2044438448394,-3.54371295184501,#c8102e
-90.2073975029025,-3.54425029822214,#c8102e
-90.2103522531728,-3.54478160596956,#c8102e
-90.2133080833046,-3.54530687286734,#c8102e
-90.2162649809478,-3.54582609672078,#c8102e
-90.2192229337476,-3.54633927536043,#c8102e
-90.2221819293450,-3.54684640664209,#c8102e
-90.2251419553765,-3.54734748844684,#c8102e
-90.2281029994744,-3.54784251868102,#c8102e
-90.2310650492666,-3.54833149527628,#c8102e
-90.2340280923770,-3.54881441618955,#c8102e
-90.2369921164251,-3.54929127940304,#c8102e
-90.2399571090265,-3.54976208292432,#c8102e
-90.2429230577928,-3.55022682478623,#c8102e
-90.2458899503313,-3.55068550304696,#c8102e
-90.2488577742458,-3.55113811579005,#c8102e
-90.2518265171357,-3.55158466112435,#c8102e
-90.2547961665970,-3.55202513718409,#c8102e
-90.2577667102217,-3.55245954212883,#c8102e
-90.2607381355981,-3.55288787414354,#c8102e
-90.2637104303108,-3.55331013143851,#c8102e
-90.2666835819408,-3.55372631224946,#c8102e
-90.2696575780654,-3.55413641483747,#c8102e
-90.2726324062587,-3.55454043748902,#c8102e
-90.2756080540909,-3.55493837851602,#c8102e
-90.2785845091290,-3.55533023625574,#c8102e
-90.2815617589367,-3.55571600907092,#c8102e
-90.2845397910742,-3.55609569534970,#c8102e
-90.2875185930985,-3.55646929350564,#c8102e
-90.2904981525635,-3.55683680197775,#c8102e
-90.2934784570197,-3.55719821923050,#c8102e
-90.2964594940147,-3.55755354375378,#c8102e
-90.2994412510929,-3.55790277406296,#c8102e
-90.3024237157957,-3.55824590869887,#c8102e
-90.3054068756618,-3.55858294622779,#c8102e
-90.3083907182266,-3.55891388524150,#c8102e
-90.3113752310228,-3.55923872435725,#c8102e
-90.3143604015805,-3.55955746221778,#c8102e
-90.3173462174268,-3.55987009749131,#c8102e
-90.3203326660862,-3.56017662887158,#c8102e
-90.3233197350805,-3.56047705507783,#c8102e
-90.3263074119290,-3.56077137485478,#c8102e
-90.3292956841485,-3.56105958697270,#c8102e
-90.3322845392530,-3.56134169022737,#c8102e
-90.3352739647545,-3.56161768344007,#c8102e
-90.3382639481623,-3.56188756545765,#c8102e
-90.3412544769834,-3.56215133515246,#c8102e
-90.3442455387228,-3.56240899142241,#c8102e
-90.3472371208830,-3.56266053319094,#c8102e
-90.3502292109643,-3.56290595940704,#c8102e
-90.3532217964650,-3.56314526904526,#c8102e
-90.3562148648814,-3.56337846110571,#c8102e
-90.3592084037076,-3.56360553461404,#c8102e
-90.3622024004359,-3.56382648862149,#c8102e
-90.3651968425565,-3.56404132220485,#c8102e
-90.3681917175579,-3.56425003446649,#c8102e
-90.3711870129268,-3.56445262453436,#c8102e
-90.3741827161479,-3.56464909156198,#c8102e
-90.3771788147046,-3.56483943472847,#c8102e
-90.3801752960783,-3.56502365323851,#c8102e
-90.3831721477489,-3.56520174632240,#c8102e
-90.3861693571949,-3.56537371323603,#c8102e
-90.3891669118930,-3.56553955326085,#c8102e
-90.3921647993188,-3.56569926570397,#c8102e
-90.3951630069463,-3.56585284989804,#c8102e
-90.3981615222482,-3.56600030520137,#c8102e
-90.4011603326960,-3.56614163099784,#c8102e
-90.4041594257597,-3.56627682669696,#c8102e
-90.4071587889085,-3.56640589173384,#c8102e
-90.4101584096103,-3.56652882556922,#c8102e
-90.4131582753318,-3.56664562768945,#c8102e
-90.4161583735388,-3.56675629760649,#c8102e
-90.4191586916961,-3.56686083485795,#c8102e
-90.4221592172677,-3.56695923900704,#c8102e
-90.4251599377166,-3.56705150964259,#c8102e
-90.4281608405049,-3.56713764637909,#c8102e
-90.4311619130941,-3.56721764885662,#c8102e
-90.4341631429450,-3.56729151674092,#c8102e
-90.4371645175176,-3.56735924972335,#c8102e
-90.4401660242715,-3.56742084752089,#c8102e
-90.4431676506656,-3.56747630987619,#c8102e
-90.4461693841582,-3.56752563655750,#c8102e
-90.4491712122074,-3.56756882735873,#c8102e
-90.4521731222707,-3.56760588209941,#c8102e
-90.4551751018055,-3.56763680062471,#c8102e
-90.4581771382686,-3.56766158280546,#c8102e
-90.4611792191167,-3.56768022853810,#c8102e
-90.4641813318065,-3.56769273774473,#c8102e
-90.4671834637942,-3.56769911037309,#c8102e
-90.4701856025363,-3.56769934639654,#c8102e
-90.4731877354889,-3.56769344581409,#c8102e
-90.4761898501085,-3.56768140865042,#c8102e
-90.4791919338514,-3.56766323495580,#c8102e
-90.4821939741740,-3.56763892480617,#c8102e
-90.4851959585332,-3.56760847830311,#c8102e
-90.4881978743858,-3.56757189557383,#c8102e
-90.4911997091891,-3.56752917677118,#c8102e
-90.4942014504006,-3.56748032207366,#c8102e
-90.4972030854782,-3.56742533168538,#c8102e
-90.5002046018804,-3.56736420583612,#c8102e
-90.5032059870661,-3.56729694478127,#c8102e
-90.5062072284947,-3.56722354880187,#c8102e
-90.5092083136261,-3.56714401820458,#c8102e
-90.5122092299212,-3.56705835332171,#c8102e
-90.5152099648413,-3.56696655451118,#c8102e
-90.5182105058485,-3.56686862215656,#c8102e
-90.5212108404059,-3.56676455666702,#c8102e
-90.5242109559772,-3.56665435847739,#c8102e
-90.5272108400272,-3.56653802804810,#c8102e
-90.5302104800216,-3.56641556586521,#c8102e
-90.5332098634272,-3.56628697244039,#c8102e
-90.5362089777116,-3.56615224831095,#c8102e
-90.5392078103439,-3.56601139403979,#c8102e
-90.5422063487942,-3.56586441021545,#c8102e
-90.5452045805337,-3.56571129745205,#c8102e
-90.5482024930351,-3.56555205638934,#c8102e
-90.5512000737724,-3.56538668769268,#c8102e
-90.5541973102208,-3.56521519205301,#c8102e
-90.5571941898572,-3.56503757018689,#c8102e
-90.5601907001598,-3.56485382283647,#c8102e
-90.5631868286084,-3.56466395076950,#c8102e
-90.5661825626843,-3.56446795477930,#c8102e
-90.5691778898708,-3.56426583568480,#c8102e
-90.5721727976525,-3.56405759433051,#c8102e
-90.5751672735158,-3.56384323158651,#c8102e
-90.5781613049492,-3.56362274834847,#c8102e
-90.5811548794427,-3.56339614553761,#c8102e
-90.5841479844885,-3.56316342410075,#c8102e
-90.5871406075806,-3.56292458501026,#c8102e
-90.5901327362149,-3.56267962926407,#c8102e
-90.5931243578897,-3.56242855788566,#c8102e
-90.5961154601052,-3.56217137192408,#c8102e
-90.5991060303638,-3.56190807245392,#c8102e
-90.6020960561700,-3.56163866057531,#c8102e
-90.6050855250308,-3.56136313741392,#c8102e
-90.6080744244554,-3.56108150412096,#c8102e
-90.6110627419555,-3.56079376187317,#c8102e
-90.6140504650450,-3.56049991187281,#c8102e
-90.6170375812405,-3.56019995534765,#c8102e
-90.6200240780610,-3.55989389355100,#c8102e
-90.6230099430281,-3.55958172776167,#c8102e
-90.6259951636663,-3.55926345928395,#c8102e
-90.6289797275023,-3.55893908944767,#c8102e
-90.6319636220661,-3.55860861960811,#c8102e
-90.6349468348899,-3.55827205114607,#c8102e
-90.6379293535094,-3.55792938546782,#c8102e
-90.6409111654626,-3.55758062400510,#c8102e
-90.6438922582908,-3.55722576821513,#c8102e
-90.6468726195383,-3.55686481958060,#c8102e
-90.6498522367523,-3.55649777960963,#c8102e
-90.6528310974832,-3.55612464983581,#c8102e
-90.6558091892846,-3.55574543181818,#c8102e
-90.6587864997131,-3.55536012714120,#c8102e
-90.6617630163290,-3.55496873741479,#c8102e
-90.6647387266954,-3.55457126427427,#c8102e
-90.6677136183791,-3.55416770938037,#c8102e
-90.6706876789503,-3.55375807441927,#c8102e
-90.6736608959825,-3.55334236110252,#c8102e
-90.6766332570528,-3.55292057116708,#c8102e
-90.6796047497421,-3.55249270637530,#c8102e
-90.6825753616345,-3.55205876851490,#c8102e
-90.6855450803182,-3.55161875939899,#c8102e
-90.6885138933848,-3.55117268086605,#c8102e
-90.6914817884300,-3.55072053477989,#c8102e
-90.6944487530530,-3.55026232302972,#c8102e
-90.6974147748572,-3.54979804753005,#c8102e
-90.7003798414496,-3.54932771022075,#c8102e
-90.7033439404416,-3.54885131306701,#c8102e
-90.7063070594483,-3.54836885805934,#c8102e
-90.7092691860890,-3.54788034721356,#c8102e
-90.7122303079873,-3.54738578257080,#c8102e
-90.7151904127707,-3.54688516619747,#c8102e
-90.7181494880713,-3.54637850018528,#c8102e
-90.7211075215252,-3.54586578665121,#c8102e
-90.7240645007729,-3.54534702773752,#c8102e
-90.7270204134595,-3.54482222561170,#c8102e
-90.7299752472345,-3.54429138246653,#c8102e
-90.7329289897516,-3.54375450051999,#c8102e
-90.7358816286695,-3.54321158201533,#c8102e
-90.7388331516513,-3.54266262922099,#c8102e
-90.7417835463647,-3.54210764443064,#c8102e
-90.7447328004822,-3.54154662996316,#c8102e
-90.7476809016810,-3.54097958816260,#c8102e
-90.7506278376433,-3.54040652139821,#c8102e
-90.7535735960560,-3.53982743206442,#c8102e
-90.7565181646109,-3.53924232258081,#c8102e
-90.7594615310048,-3.53865119539211,#c8102e
-90.7624036829397,-3.53805405296822,#c8102e
-90.7653446081224,-3.53745089780414,#c8102e
-90.7682842942650,-3.53684173242002,#c8102e
-90.7712227290847,-3.53622655936110,#c8102e
-90.7741599003040,-3.53560538119774,#c8102e
-90.7770957956507,-3.53497820052538,#c8102e
-90.7800304028577,-3.53434501996454,#c8102e
-90.7829637096636,-3.53370584216082,#c8102e
-90.7858957038122,-3.53306066978487,#c8102e
-90.7888263730530,-3.53240950553237,#c8102e
-90.7917557051407,-3.53175235212408,#c8102e
-90.7946836878359,-3.53108921230573,#c8102e
-90.7976103089048,-3.53042008884811,#c8102e
-90.8005355561191,-3.52974498454698,#c8102e
-90.8034594172564,-3.52906390222311,#c8102e
-90.8063818801001,-3.52837684472223,#c8102e
-90.8093029324394,-3.52768381491504,#c8102e
-90.8122225620693,-3.52698481569721,#c8102e
-90.8151407567908,-3.52627984998933,#c8102e
-90.8180575044111,-3.52556892073694,#c8102e
-90.8209727927431,-3.52485203091047,#c8102e
-90.8238866096061,-3.52412918350528,#c8102e
-90.8267989428254,-3.52340038154162,#c8102e
-90.8297097802324,-3.52266562806460,#c8102e
-90.8326191096650,-3.52192492614422,#c8102e
-90.8355269189672,-3.52117827887533,#c8102e
-90.8384331959895,-3.52042568937760,#c8102e
-90.8413379285886,-3.51966716079555,#c8102e
-90.8442411046279,-3.51890269629851,#c8102e
-90.8471427119771,-3.51813229908060,#c8102e
-90.8500427385126,-3.51735597236076,#c8102e
-90.8529411721172,-3.51657371938267,#c8102e
-90.8558380006806,-3.51578554341479,#c8102e
-90.8587332120992,-3.51499144775032,#c8102e
-90.8616267942758,-3.51419143570719,#c8102e
-90.8645187351205,-3.51338551062807,#c8102e
-90.8674090225499,-3.51257367588032,#c8102e
-90.8702976444877,-3.51175593485600,#c8102e
-90.8731845888644,-3.51093229097183,#c8102e
-90.8760698436177,-3.51010274766922,#c8102e
-90.8789533966922,-3.50926730841421,#c8102e
-90.8818352360397,-3.50842597669749,#c8102e
-90.8847153496191,-3.50757875603434,#c8102e
-90.8875937253965,-3.50672564996470,#c8102e
-90.8904703513454,-3.50586666205304,#c8102e
-90.8933452154465,-3.50500179588844,#c8102e
-90.8962183056878,-3.50413105508454,#c8102e
-90.8990896100648,-3.50325444327953,#c8102e
-90.9019591165805,-3.50237196413610,#c8102e
-90.9048268132453,-3.50148362134148,#c8102e
-90.9076926880773,-3.50058941860741,#c8102e
-90.9105567291021,-3.49968935967009,#c8102e
-90.9134189243530,-3.49878344829021,#c8102e
-90.9162792618709,-3.49787168825288,#c8102e
-90.9191377297047,-3.49695408336769,#c8102e
-90.9219943159110,-3.49603063746863,#c8102e
-90.9248490085541,-3.49510135441408,#c8102e
-90.9277017957065,-3.49416623808684,#c8102e
-90.9305526654484,-3.49322529239405,#c8102e
-90.9334016058682,-3.49227852126725,#c8102e
-90.9362486050623,-3.49132592866228,#c8102e
-90.9390936511352,-3.49036751855932,#c8102e
-90.9419367321995,-3.48940329496285,#c8102e
-90.9447778363761,-3.48843326190166,#c8102e
-90.9476169517942,-3.48745742342878,#c8102e
-90.9504540665912,-3.48647578362153,#c8102e
-90.9532891689128,-3.48548834658146,#c8102e
-90.9561222469133,-3.48449511643432,#c8102e
-90.9589532887554,-3.48349609733009,#c8102e
-90.9617822826102,-3.48249129344294,#c8102e
-90.9646092166575,-3.48148070897118,#c8102e
-90.9674340790856,-3.48046434813731,#c8102e
-90.9702568580915,-3.47944221518795,#c8102e
-90.9730775418809,-3.47841431439382,#c8102e
-90.9758961186682,-3.47738065004978,#c8102e
-90.9787125766767,-3.47634122647472,#c8102e
-90.9815269041386,-3.47529604801164,#c8102e
-90.9843390892948,-3.47424511902755,#c8102e
-90.9871491203953,-3.47318844391352,#c8102e
-90.9899569856990,-3.47212602708460,#c8102e
-90.9927626734740,-3.47105787297985,#c8102e
-90.9955661719974,-3.46998398606229,#c8102e
-90.9983674695554,-3.46890437081890,#c8102e
-91.0011665544435,-3.46781903176059,#c8102e
-91.0039634149663,-3.46672797342219,#c8102e
-91.0067580394380,-3.46563120036242,#c8102e
-91.0095504161818,-3.46452871716388,#c8102e
-91.0123405335304,-3.46342052843304,#c8102e
-91.0151283798260,-3.46230663880019,#c8102e
-91.0179139434203,-3.46118705291945,#c8102e
-91.0206972126745,-3.46006177546874,#c8102e
-91.0234781759593,-3.45893081114977,#c8102e
-91.0262568216552,-3.45779416468798,#c8102e
-91.0290331381522,-3.45665184083260,#c8102e
-91.0318071138502,-3.45550384435653,#c8102e
-91.0345787371588,-3.45435018005641,#c8102e
-91.0373479964975,-3.45319085275255,#c8102e
-91.0401148802955,-3.45202586728891,#c8102e
-91.0428793769921,-3.45085522853311,#c8102e
-91.0456414750366,-3.44967894137638,#c8102e
-91.0484011628881,-3.44849701073354,#c8102e
-91.0511584290160,-3.44730944154301,#c8102e
-91.0539132618997,-3.44611623876677,#c8102e
-91.0566656500287,-3.44491740739032,#c8102e
-91.0594155819030,-3.44371295242269,#c8102e
-91.0621630460326,-3.44250287889640,#c8102e
-91.0649080309378,-3.44128719186746,#c8102e
-91.0676505251494,-3.44006589641532,#c8102e
-91.0703905172086,-3.43883899764287,#c8102e
-91.0731279956670,-3.43760650067641,#c8102e
-91.0758629490866,-3.43636841066562,#c8102e
-91.0785953660401,-3.43512473278358,#c8102e
-91.0813252351108,-3.43387547222668,#c8102e
-91.0840525448926,-3.43262063421467,#c8102e
-91.0867772839901,-3.43136022399058,#c8102e
-91.0894994410186,-3.43009424682073,#c8102e
-91.0922190046042,-3.42882270799470,#c8102e
-91.0949359633839,-3.42754561282530,#c8102e
-91.0976503060055,-3.42626296664858,#c8102e
-91.1003620211278,-3.42497477482376,#c8102e
-91.1030710974206,-3.42368104273324,#c8102e
-91.1057775235647,-3.42238177578257,#c8102e
-91.1084812882518,-3.42107697940041,#c8102e
-91.1111823801850,-3.41976665903856,#c8102e
-91.1138807880784,-3.41845082017185,#c8102e
-91.1165765006573,-3.41712946829822,#c8102e
-91.1192695066584,-3.41580260893861,#c8102e
-91.1219597948296,-3.41447024763697,#c8102e
-91.1246473539302,-3.41313238996027,#c8102e
-91.1273321727309,-3.41178904149842,#c8102e
-91.1300142400137,-3.41044020786427,#c8102e
-91.1326935445724,-3.40908589469360,#c8102e
-91.1353700752120,-3.40772610764509,#c8102e
-91.1380438207494,-3.40636085240026,#c8102e
-91.1407147700129,-3.40499013466352,#c8102e
-91.1433829118427,-3.40361396016208,#c8102e
-91.1460482350906,-3.40223233464595,#c8102e
-91.1487107286200,-3.40084526388791,#c8102e
-91.1513703813065,-3.39945275368352,#c8102e
-91.1540271820374,-3.39805480985103,#c8102e
-91.1566811197118,-3.39665143823142,#c8102e
-91.1593321832409,-3.39524264468834,#c8102e
-91.1619803615478,-3.39382843510809,#c8102e
-91.1646256435678,-3.39240881539960,#c8102e
-91.1672680182483,-3.39098379149442,#c8102e
-91.1699074745486,-3.38955336934666,#c8102e
-91.1725440014406,-3.38811755493300,#c8102e
-91.1751775879079,-3.38667635425264,#c8102e
-91.1778082229470,-3.38522977332729,#c8102e
-91.1804358955662,-3.38377781820113,#c8102e
-91.1830605947866,-3.38232049494082,#c8102e
-91.1856823096413,-3.38085780963543,#c8102e
-91.1883010291763,-3.37938976839644,#c8102e
-91.1909167424498,-3.37791637735769,#c8102e
-91.1935294385327,-3.37643764267540,#c8102e
-91.1961391065085,-3.37495357052811,#c8102e
-91.1987457354733,-3.37346416711665,#c8102e
-91.2013493145360,-3.37196943866414,#c8102e
-91.2039498328180,-3.37046939141594,#c8102e
-91.2065472794539,-3.36896403163963,#c8102e
-91.2091416435907,-3.36745336562500,#c8102e
-91.2117329143886,-3.36593739968400,#c8102e
-91.2143210810205,-3.36441614015073,#c8102e
-91.2169061326725,-3.36288959338140,#c8102e
-91.2194880585435,-3.36135776575432,#c8102e
-91.2220668478455,-3.35982066366987,#c8102e
-91.2246424898037,-3.35827829355045,#c8102e
-91.2272149736564,-3.35673066184048,#c8102e
-91.2297842886552,-3.35517777500638,#c8102e
-91.2323504240646,-3.35361963953650,#c8102e
-91.2349133691629,-3.35205626194114,#c8102e
-91.2374731132412,-3.35048764875249,#c8102e
-91.2400296456044,-3.34891380652462,#c8102e
-91.2425829555706,-3.34733474183346,#c8102e
-91.2451330324714,-3.34575046127675,#c8102e
-91.2476798656519,-3.34416097147402,#c8102e
-91.2502234444707,-3.34256627906657,#c8102e
-91.2527637583003,-3.34096639071743,#c8102e
-91.2553007965264,-3.33936131311136,#c8102e
-91.2578345485487,-3.33775105295478,#c8102e
-91.2603650037804,-3.33613561697578,#c8102e
-91.2628921516488,-3.33451501192407,#c8102e
-91.2654159815947,-3.33288924457096,#c8102e
-91.2679364830729,-3.33125832170931,#c8102e
-91.2704536455521,-3.32962225015356,#c8102e
-91.2729674585150,-3.32798103673962,#c8102e
-91.2754779114581,-3.32633468832492,#c8102e
-91.2779849938922,-3.32468321178832,#c8102e
-91.2804886953420,-3.32302661403012,#c8102e
-91.2829890053464,-3.32136490197201,#c8102e
-91.2854859134585,-3.31969808255706,#c8102e
-91.2879794092455,-3.31802616274967,#c8102e
-91.2904694822890,-3.31634914953555,#c8102e
-91.2929561221848,-3.31466704992170,#c8102e
-91.2954393185430,-3.31297987093637,#c8102e
-91.2979190609883,-3.31128761962902,#c8102e
-91.3003953391597,-3.30959030307032,#c8102e
-91.3028681427105,-3.30788792835210,#c8102e
-91.3053374613088,-3.30618050258732,#c8102e
-91.3078032846372,-3.30446803291004,#c8102e
-91.3102656023927,-3.30275052647541,#c8102e
-91.3127244042873,-3.30102799045962,#c8102e
-91.3151796800473,-3.29930043205986,#c8102e
-91.3176314194140,-3.29756785849432,#c8102e
-91.3200796121434,-3.29583027700214,#c8102e
-91.3225242480063,-3.29408769484339,#c8102e
-91.3249653167884,-3.29234011929903,#c8102e
-91.3274028082903,-3.29058755767087,#c8102e
-91.3298367123275,-3.28883001728158,#c8102e
-91.3322670187305,-3.28706750547461,#c8102e
-91.3346937173449,-3.28530002961420,#c8102e
-91.3371167980313,-3.28352759708531,#c8102e
-91.3395362506654,-3.28175021529363,#c8102e
-91.3419520651382,-3.27996789166551,#c8102e
-91.3443642313557,-3.27818063364797,#c8102e
-91.3467727392394,-3.27638844870864,#c8102e
-91.3491775787257,-3.27459134433572,#c8102e
-91.3515787397667,-3.27278932803798,#c8102e
-91.3539762123298,-3.27098240734472,#c8102e
-91.3563699863976,-3.26917058980572,#c8102e
-91.3587600519683,-3.26735388299121,#c8102e
-91.3611463990556,-3.26553229449187,#c8102e
-91.3635290176888,-3.26370583191876,#c8102e
-91.3659078979127,-3.26187450290333,#c8102e
-91.3682830297876,-3.26003831509733,#c8102e
-91.3706544033897,-3.25819727617284,#c8102e
-91.3730220088108,-3.25635139382219,#c8102e
-91.3753858361583,-3.25450067575796,#c8102e
-91.3777458755557,-3.25264512971292,#c8102e
-91.3801021171420,-3.25078476344003,#c8102e
-91.3824545510722,-3.24891958471237,#c8102e
-91.3848031675173,-3.24704960132315,#c8102e
-91.3871479566642,-3.24517482108564,#c8102e
-91.3894889087157,-3.24329525183317,#c8102e
-91.3918260138907,-3.24141090141904,#c8102e
-91.3941592624242,-3.23952177771658,#c8102e
-91.3964886445672,-3.23762788861902,#c8102e
-91.3988141505871,-3.23572924203953,#c8102e
-91.4011357707672,-3.23382584591113,#c8102e
-91.4034534954072,-3.23191770818672,#c8102e
-91.4057673148231,-3.23000483683899,#c8102e
-91.4080772193471,-3.22808723986041,#c8102e
-91.4103831993278,-3.22616492526319,#c8102e
-91.4126852451303,-3.22423790107926,#c8102e
-91.4149833471360,-3.22230617536023,#c8102e
-91.4172774957429,-3.22036975617735,#c8102e
-91.4195676813654,-3.21842865162147,#c8102e
-91.4218538944345,-3.21648286980304,#c8102e
-91.4241361253978,-3.21453241885204,#c8102e
-91.4264143647196,-3.21257730691795,#c8102e
-91.4286886028808,-3.21061754216973,#c8102e
-91.4309588303791,-3.20865313279580,#c8102e
-91.4332250377288,-3.20668408700396,#c8102e
-91.4354872154612,-3.20471041302139,#c8102e
-91.4377453541242,-3.20273211909462,#c8102e
-91.4399994442829,-3.20074921348947,#c8102e
-91.4422494765189,-3.19876170449103,#c8102e
-91.4444954414312,-3.19676960040363,#c8102e
-91.4467373296355,-3.19477290955079,#c8102e
-91.4489751317646,-3.19277164027521,#c8102e
-91.4512088384683,-3.19076580093871,#c8102e
-91.4534384404137,-3.18875539992220,#c8102e
-91.4556639282850,-3.18674044562566,#c8102e
-91.4578852927834,-3.18472094646809,#c8102e
-91.4601025246275,-3.18269691088747,#c8102e
-91.4623156145532,-3.18066834734076,#c8102e
-91.4645245533136,-3.17863526430382,#c8102e
-91.4667293316792,-3.17659767027139,#c8102e
-91.4689299404378,-3.17455557375707,#c8102e
-91.4711263703947,-3.17250898329326,#c8102e
-91.4733186123727,-3.17045790743116,#c8102e
-91.4755066572121,-3.16840235474068,#c8102e
-91.4776904957705,-3.16634233381046,#c8102e
-91.4798701189234,-3.16427785324780,#c8102e
-91.4820455175637,-3.16220892167863,#c8102e
-91.4842166826021,-3.16013554774748,#c8102e
-91.4863836049668,-3.15805774011745,#c8102e
-91.4885462756040,-3.15597550747015,#c8102e
-91.4907046854773,-3.15388885850569,#c8102e
-91.4928588255685,-3.15179780194264,#c8102e
-91.4950086868769,-3.14970234651796,#c8102e
-91.4971542604199,-3.14760250098701,#c8102e
-91.4992955372327,-3.14549827412349,#c8102e
-91.5014325083686,-3.14338967471940,#c8102e
-91.5035651648986,-3.14127671158501,#c8102e
-91.5056934979120,-3.13915939354884,#c8102e
-91.5078174985160,-3.13703772945759,#c8102e
-91.5099371578362,-3.13491172817611,#c8102e
-91.5120524670159,-3.13278139858740,#c8102e
-91.5141634172168,-3.13064674959251,#c8102e
-91.5162699996189,-3.12850779011057,#c8102e
-91.5183722054203,-3.12636452907870,#c8102e
-91.5204700258375,-3.12421697545200,#c8102e
-91.5225634521052,-3.12206513820350,#c8102e
-91.5246524754765,-3.11990902632415,#c8102e
-91.5267370872230,-3.11774864882272,#c8102e
-91.5288172786346,-3.11558401472584,#c8102e
-91.5308930410197,-3.11341513307791,#c8102e
-91.5329643657053,-3.11124201294108,#c8102e
-91.5350312440368,-3.10906466339520,#c8102e
-91.5370936673783,-3.10688309353781,#c8102e
-91.5391516271125,-3.10469731248407,#c8102e
-91.5412051146406,-3.10250732936673,#c8102e
-91.5432541213826,-3.10031315333612,#c8102e
-91.5452986387773,-3.09811479356006,#c8102e
-91.5473386582822,-3.09591225922388,#c8102e
-91.5493741713735,-3.09370555953034,#c8102e
-91.5514051695463,-3.09149470369959,#c8102e
-91.5534316443145,-3.08927970096916,#c8102e
-91.5554535872111,-3.08706056059391,#c8102e
-91.5574709897879,-3.08483729184598,#c8102e
-91.5594838436156,-3.08260990401477,#c8102e
-91.5614921402839,-3.08037840640687,#c8102e
-91.5634958714018,-3.07814280834605,#c8102e
-91.5654950285971,-3.07590311917324,#c8102e
-91.5674896035168,-3.07365934824642,#c8102e
-91.5694795878270,-3.07141150494066,#c8102e
-91.5714649732131,-3.06915959864802,#c8102e
-91.5734457513797,-3.06690363877755,#c8102e
-91.5754219140505,-3.06464363475523,#c8102e
-91.5773934529686,-3.06237959602395,#c8102e
-91.5793603598963,-3.06011153204345,#c8102e
-91.5813226266156,-3.05783945229029,#c8102e
-91.5832802449275,-3.05556336625779,#c8102e
-91.5852332066525,-3.05328328345605,#c8102e
-91.5871815036307,-3.05099921341182,#c8102e
-91.5891251277216,-3.04871116566856,#c8102e
-91.5910640708043,-3.04641914978631,#c8102e
-91.5929983247773,-3.04412317534171,#c8102e
-91.5949278815588,-3.04182325192794,#c8102e
-91.5968527330866,-3.03951938915467,#c8102e
-91.5987728713182,-3.03721159664804,#c8102e
-91.6006882882308,-3.03489988405059,#c8102e
-91.6025989758213,-3.03258426102127,#c8102e
-91.6045049261062,-3.03026473723535,#c8102e
-91.6064061311222,-3.02794132238439,#c8102e
-91.6083025829253,-3.02561402617622,#c8102e
-91.6101942735919,-3.02328285833490,#c8102e
-91.6120811952178,-3.02094782860063,#c8102e
-91.6139633399190,-3.01860894672979,#c8102e
-91.6158406998316,-3.01626622249483,#c8102e
-91.6177132671112,-3.01391966568424,#c8102e
-91.6195810339340,-3.01156928610256,#c8102e
-91.6214439924959,-3.00921509357028,#c8102e
-91.6233021350129,-3.00685709792382,#c8102e
-91.6251554537213,-3.00449530901551,#c8102e
-91.6270039408773,-3.00212973671349,#c8102e
-91.6288475887577,-2.99976039090176,#c8102e
-91.6306863896590,-2.99738728148004,#c8102e
-91.6325203358984,-2.99501041836381,#c8102e
-91.6343494198131,-2.99262981148421,#c8102e
-91.6361736337608,-2.99024547078803,#c8102e
-91.6379929701193,-2.98785740623767,#c8102e
-91.6398074212871,-2.98546562781107,#c8102e
-91.6416169796829,-2.98307014550172,#c8102e
-91.6434216377459,-2.98067096931854,#c8102e
-91.6452213879358,-2.97826810928593,#c8102e
-91.6470162227327,-2.97586157544364,#c8102e
-91.6488061346374,-2.97345137784682,#c8102e
-91.6505911161711,-2.97103752656587,#c8102e
-91.6523711598757,-2.96862003168650,#c8102e
-91.6541462583138,-2.96619890330962,#c8102e
-91.6559164040685,-2.96377415155134,#c8102e
-91.6576815897438,-2.96134578654290,#c8102e
-91.6594418079641,-2.95891381843064,#c8102e
-91.6611970513749,-2.95647825737594,#c8102e
-91.6629473126423,-2.95403911355521,#c8102e
-91.6646925844532,-2.95159639715983,#c8102e
-91.6664328595154,-2.94915011839609,#c8102e
-91.6681681305577,-2.94670028748518,#c8102e
-91.6698983903296,-2.94424691466314,#c8102e
-91.6716236316017,-2.94179001018078,#c8102e
-91.6733438471654,-2.93932958430368,#c8102e
-91.6750590298332,-2.93686564731216,#c8102e
-91.6767691724387,-2.93439820950116,#c8102e
-91.6784742678364,-2.93192728118028,#c8102e
-91.6801743089021,-2.92945287267371,#c8102e
-91.6818692885324,-2.92697499432016,#c8102e
-91.6835591996454,-2.92449365647285,#c8102e
-91.6852440351801,-2.92200886949945,#c8102e
-91.6869237880969,-2.91952064378203,#c8102e
-91.6885984513773,-2.91702898971707,#c8102e
-91.6902680180242,-2.91453391771532,#c8102e
-91.6919324810616,-2.91203543820184,#c8102e
-91.6935918335351,-2.90953356161594,#c8102e
-91.6952460685113,-2.90702829841109,#c8102e
-91.6968951790786,-2.90451965905494,#c8102e
-91.6985391583464,-2.90200765402922,#c8102e
-91.7001779994458,-2.89949229382975,#c8102e
-91.7018116955293,-2.89697358896635,#c8102e
-91.7034402397710,-2.89445154996283,#c8102e
-91.7050636253662,-2.89192618735690,#c8102e
-91.7066818455322,-2.88939751170020,#c8102e
-91.7082948935075,-2.88686553355819,#c8102e
-91.7099027625524,-2.88433026351011,#c8102e
-91.7115054459488,-2.88179171214900,#c8102e
-91.7131029370004,-2.87924989008156,#c8102e
-91.7146952290323,-2.87670480792820,#c8102e
-91.7162823153915,-2.87415647632292,#c8102e
-91.7178641894469,-2.87160490591332,#c8102e
-91.7194408445889,-2.86905010736051,#c8102e
-91.7210122742299,-2.86649209133910,#c8102e
-91.7225784718039,-2.86393086853715,#c8102e
-91.7241394307671,-2.86136644965610,#c8102e
-91.7256951445974,-2.85879884541077,#c8102e
-91.7272456067945,-2.85622806652927,#c8102e
-91.7287908108802,-2.85365412375297,#c8102e
-91.7303307503984,-2.85107702783649,#c8102e
-91.7318654189146,-2.84849678954758,#c8102e
-91.7333948100167,-2.84591341966715,#c8102e
-91.7349189173144,-2.84332692898920,#c8102e
-91.7364377344398,-2.84073732832075,#c8102e
-91.7379512550467,-2.83814462848181,#c8102e
-91.7394594728112,-2.83554884030537,#c8102e
-91.7409623814317,-2.83294997463729,#c8102e
-91.7424599746286,-2.83034804233631,#c8102e
-91.7439522461445,-2.82774305427398,#c8102e
-91.7454391897445,-2.82513502133460,#c8102e
-91.7469207992155,-2.82252395441522,#c8102e
-91.7483970683672,-2.81990986442555,#c8102e
-91.7498679910312,-2.81729276228794,#c8102e
-91.7513335610617,-2.81467265893730,#c8102e
-91.7527937723351,-2.81204956532112,#c8102e
-91.7542486187503,-2.80942349239936,#c8102e
-91.7556980942286,-2.80679445114442,#c8102e
-91.7571421927136,-2.80416245254113,#c8102e
-91.7585809081717,-2.80152750758666,#c8102e
-91.7600142345913,-2.79888962729048,#c8102e
-91.7614421659838,-2.79624882267434,#c8102e
-91.7628646963828,-2.79360510477221,#c8102e
-91.7642818198447,-2.79095848463023,#c8102e
-91.7656935304484,-2.78830897330665,#c8102e
-91.7670998222953,-2.78565658187183,#c8102e
-91.7685006895097,-2.78300132140814,#c8102e
-91.7698961262382,-2.78034320300995,#c8102e
-91.7712861266505,-2.77768223778356,#c8102e
-91.7726706849388,-2.77501843684717,#c8102e
-91.7740497953179,-2.77235181133083,#c8102e
-91.7754234520257,-2.76968237237640,#c8102e
-91.7767916493226,-2.76701013113748,#c8102e
-91.7781543814920,-2.76433509877939,#c8102e
-91.7795116428399,-2.76165728647910,#c8102e
-91.7808634276955,-2.75897670542521,#c8102e
-91.7822097304106,-2.75629336681788,#c8102e
-91.7835505453600,-2.75360728186878,#c8102e
-91.7848858669414,-2.75091846180109,#c8102e
-91.7862156895755,-2.74822691784938,#c8102e
-91.7875400077060,-2.74553266125962,#c8102e
-91.7888588157996,-2.74283570328912,#c8102e
-91.7901721083458,-2.74013605520645,#c8102e
-91.7914798798575,-2.73743372829146,#c8102e
-91.7927821248704,-2.73472873383516,#c8102e
-91.7940788379434,-2.73202108313971,#c8102e
-91.7953700136585,-2.72931078751839,#c8102e
-91.7966556466209,-2.72659785829550,#c8102e
-91.7979357314587,-2.72388230680638,#c8102e
-91.7992102628236,-2.72116414439729,#c8102e
-91.8004792353902,-2.71844338242542,#c8102e
-91.8017426438563,-2.71572003225882,#c8102e
-91.8030004829432,-2.71299410527635,#c8102e
-91.8042527473953,-2.71026561286764,#c8102e
-91.8054994319802,-2.70753456643304,#c8102e
-91.8067405314890,-2.70480097738356,#c8102e
-91.8079760407361,-2.70206485714085,#c8102e
-91.8092059545592,-2.69932621713713,#c8102e
-91.8104302678194,-2.69658506881514,#c8102e
-91.8116489754012,-2.69384142362811,#c8102e
-91.8128620722125,-2.69109529303969,#c8102e
-91.8140695531847,-2.68834668852394,#c8102e
-91.8152714132727,-2.68559562156524,#c8102e
-91.8164676474546,-2.68284210365824,#c8102e
-91.8176582507325,-2.68008614630787,#c8102e
-91.8188432181315,-2.67732776102923,#c8102e
-91.8200225447007,-2.67456695934756,#c8102e
-91.8211962255124,-2.67180375279821,#c8102e
-91.8223642556628,-2.66903815292657,#c8102e
-91.8235266302715,-2.66627017128803,#c8102e
-91.8246833444818,-2.66349981944793,#c8102e
-91.8258343934607,-2.66072710898153,#c8102e
-91.8269797723987,-2.65795205147392,#c8102e
-91.8281194765103,-2.65517465852001,#c8102e
-91.8292535010333,-2.65239494172447,#c8102e
-91.8303818412296,-2.64961291270167,#c8102e
-91.8315044923847,-2.64682858307566,#c8102e
-91.8326214498077,-2.64404196448008,#c8102e
-91.8337327088319,-2.64125306855814,#c8102e
-91.8348382648141,-2.63846190696257,#c8102e
-91.8359381131349,-2.63566849135558,#c8102e
-91.8370322491990,-2.63287283340876,#c8102e
-91.8381206684347,-2.63007494480311,#c8102e
-91.8392033662943,-2.62727483722893,#c8102e
-91.8402803382541,-2.62447252238579,#c8102e
-91.8413515798141,-2.62166801198248,#c8102e
-91.8424170864986,-2.61886131773698,#c8102e
-91.8434768538554,-2.61605245137638,#c8102e
-91.8445308774566,-2.61324142463686,#c8102e
-91.8455791528982,-2.61042824926361,#c8102e
-91.8466216758003,-2.60761293701080,#c8102e
-91.8476584418070,-2.60479549964153,#c8102e
-91.8486894465863,-2.60197594892780,#c8102e
-91.8497146858304,-2.59915429665041,#c8102e
-91.8507341552557,-2.59633055459895,#c8102e
-91.8517478506025,-2.59350473457176,#c8102e
-91.8527557676354,-2.59067684837583,#c8102e
-91.8537579021429,-2.58784690782681,#c8102e
-91.8547542499380,-2.58501492474892,#c8102e
-91.8557448068577,-2.58218091097492,#c8102e
-91.8567295687630,-2.57934487834605,#c8102e
-91.8577085315395,-2.57650683871199,#c8102e
-91.8586816910968,-2.57366680393081,#c8102e
-91.8596490433687,-2.57082478586890,#c8102e
-91.8606105843135,-2.56798079640096,#c8102e
-91.8615663099135,-2.56513484740989,#c8102e
-91.8625162161755,-2.56228695078683,#c8102e
-91.8634602991306,-2.55943711843101,#c8102e
-91.8643985548340,-2.55658536224978,#c8102e
-91.8653309793656,-2.55373169415850,#c8102e
-91.8662575688294,-2.55087612608054,#c8102e
-91.8671783193538,-2.54801866994721,#c8102e
-91.8680932270919,-2.54515933769769,#c8102e
-91.8690022882207,-2.54229814127902,#c8102e
-91.8699054989421,-2.53943509264601,#c8102e
-91.8708028554822,-2.53657020376122,#c8102e
-91.8716943540917,-2.53370348659490,#c8102e
-91.8725799910455,-2.53083495312494,#c8102e
-91.8734597626432,-2.52796461533680,#c8102e
-91.8743336652091,-2.52509248522351,#c8102e
-91.8752016950916,-2.52221857478557,#c8102e
-91.8760638486639,-2.51934289603091,#c8102e
-91.8769201223237,-2.51646546097487,#c8102e
-91.8777705124934,-2.51358628164012,#c8102e
-91.8786150156196,-2.51070537005661,#c8102e
-91.8794536281739,-2.50782273826154,#c8102e
-91.8802863466524,-2.50493839829929,#c8102e
-91.8811131675757,-2.50205236222137,#c8102e
-91.8819340874892,-2.49916464208639,#c8102e
-91.8827491029628,-2.49627524996000,#c8102e
-91.8835582105911,-2.49338419791482,#c8102e
-91.8843614069937,-2.49049149803042,#c8102e
-91.8851586888144,-2.48759716239324,#c8102e
-91.8859500527220,-2.48470120309656,#c8102e
-91.8867354954100,-2.48180363224047,#c8102e
-91.8875150135966,-2.47890446193174,#c8102e
-91.8882886040248,-2.47600370428388,#c8102e
-91.8890562634623,-2.47310137141699,#c8102e
-91.8898179887017,-2.47019747545777,#c8102e
-91.8905737765602,-2.46729202853946,#c8102e
-91.8913236238800,-2.46438504280175,#c8102e
-91.8920675275281,-2.46147653039080,#c8102e
-91.8928054843961,-2.45856650345911,#c8102e
-91.8935374914008,-2.45565497416553,#c8102e
-91.8942635454836,-2.45274195467519,#c8102e
-91.8949836436108,-2.44982745715943,#c8102e
-91.8956977827738,-2.44691149379578,#c8102e
-91.8964059599886,-2.44399407676789,#c8102e
-91.8971081722964,-2.44107521826547,#c8102e
-91.8978044167630,-2.43815493048429,#c8102e
-91.8984946904794,-2.43523322562605,#c8102e
-91.8991789905615,-2.43231011589840,#c8102e
-91.8998573141501,-2.42938561351483,#c8102e
-91.9005296584109,-2.42645973069469,#c8102e
-91.9011960205347,-2.42353247966307,#c8102e
-91.9018563977374,-2.42060387265077,#c8102e
-91.9025107872596,-2.41767392189428,#c8102e
-91.9031591863672,-2.41474263963569,#c8102e
-91.9038015923509,-2.41181003812265,#c8102e
-91.9044380025267,-2.40887612960833,#c8102e
-91.9050684142355,-2.40594092635137,#c8102e
-91.9056928248432,-2.40300444061579,#c8102e
-91.9063112317409,-2.40006668467100,#c8102e
-91.9069236323447,-2.39712767079170,#c8102e
-91.9075300240959,-2.39418741125786,#c8102e
-91.9081304044607,-2.39124591835463,#c8102e
-91.9087247709307,-2.38830320437234,#c8102e
-91.9093131210225,-2.38535928160640,#c8102e
-91.9098954522777,-2.38241416235729,#c8102e
-91.9104717622632,-2.37946785893048,#c8102e
-91.9110420485710,-2.37652038363638,#c8102e
-91.9116063088184,-2.37357174879031,#c8102e
-91.9121645406477,-2.37062196671243,#c8102e
-91.9127167417266,-2.36767104972769,#c8102e
-91.9132629097476,-2.36471901016579,#c8102e
-91.9138030424289,-2.36176586036111,#c8102e
-91.9143371375135,-2.35881161265268,#c8102e
-91.9148651927700,-2.35585627938410,#c8102e
-91.9153872059919,-2.35289987290353,#c8102e
-91.9159031749982,-2.34994240556359,#c8102e
-91.9164130976330,-2.34698388972135,#c8102e
-91.9169169717657,-2.34402433773826,#c8102e
-91.9174147952910,-2.34106376198008,#c8102e
-91.9179065661289,-2.33810217481687,#c8102e
-91.9183922822246,-2.33513958862291,#c8102e
-91.9188719415486,-2.33217601577665,#c8102e
-91.9193455420969,-2.32921146866066,#c8102e
-91.9198130818905,-2.32624595966159,#c8102e
-91.9202745589761,-2.32327950117009,#c8102e
-91.9207299714254,-2.32031210558082,#c8102e
-91.9211793173356,-2.31734378529230,#c8102e
-91.9216225948292,-2.31437455270694,#c8102e
-91.9220598020541,-2.31140442023099,#c8102e
-91.9224909371835,-2.30843340027440,#c8102e
-91.9229159984161,-2.30546150525088,#c8102e
-91.9233349839757,-2.30248874757776,#c8102e
-91.9237478921118,-2.29951513967601,#c8102e
-91.9241547210992,-2.29654069397012,#c8102e
-91.9245554692380,-2.29356542288810,#c8102e
-91.9249501348538,-2.29058933886140,#c8102e
-91.9253387162975,-2.28761245432487,#c8102e
-91.9257212119456,-2.28463478171670,#c8102e
-91.9260976201999,-2.28165633347838,#c8102e
-91.9264679394877,-2.27867712205464,#c8102e
-91.9268321682616,-2.27569715989339,#c8102e
-91.9271903049999,-2.27271645944569,#c8102e
-91.9275423482061,-2.26973503316567,#c8102e
-91.9278882964094,-2.26675289351050,#c8102e
-91.9282281481642,-2.26377005294034,#c8102e
-91.9285619020506,-2.26078652391827,#c8102e
-91.9288895566741,-2.25780231891024,#c8102e
-91.9292111106656,-2.25481745038503,#c8102e
-91.9295265626816,-2.25183193081419,#c8102e
-91.9298359114041,-2.24884577267200,#c8102e
-91.9301391555405,-2.24585898843541,#c8102e
-91.9304362938238,-2.24287159058395,#c8102e
-91.9307273250124,-2.23988359159977,#c8102e
-91.9310122478904,-2.23689500396749,#c8102e
-91.9312910612673,-2.23390584017420,#c8102e
-91.9315637639782,-2.23091611270941,#c8102e
-91.9318303548835,-2.22792583406496,#c8102e
-91.9320908328695,-2.22493501673502,#c8102e
-91.9323451968478,-2.22194367321599,#c8102e
-91.9325934457555,-2.21895181600649,#c8102e
-91.9328355785555,-2.21595945760726,#c8102e
-91.9330715942360,-2.21296661052116,#c8102e
-91.9333014918109,-2.20997328725307,#c8102e
-91.9335252703196,-2.20697950030987,#c8102e
-91.9337429288272,-2.20398526220037,#c8102e
-91.9339544664241,-2.20099058543529,#c8102e
-91.9341598822266,-2.19799548252716,#c8102e
-91.9343591753764,-2.19499996599028,#c8102e
-91.9345523450407,-2.19200404834070,#c8102e
-91.9347393904124,-2.18900774209615,#c8102e
-91.9349203107101,-2.18601105977596,#c8102e
-91.9350951051778,-2.18301401390105,#c8102e
-91.9352637730851,-2.18001661699385,#c8102e
-91.9354263137273,-2.17701888157826,#c8102e
-91.9355827264253,-2.17402082017959,#c8102e
-91.9357330105255,-2.17102244532453,#c8102e
-91.9358771654001,-2.16802376954106,#c8102e
-91.9360151904466,-2.16502480535842,#c8102e
-91.9361470850885,-2.16202556530705,#c8102e
-91.9362728487746,-2.15902606191857,#c8102e
-91.9363924809794,-2.15602630772567,#c8102e
-91.9365059812030,-2.15302631526210,#c8102e
-91.9366133489714,-2.15002609706261,#c8102e
-91.9367145838357,-2.14702566566288,#c8102e
-91.9368096853731,-2.14402503359949,#c8102e
-91.9368986531862,-2.14102421340986,#c8102e
-91.9369814869033,-2.13802321763220,#c8102e
-91.9370581861782,-2.13502205880543,#c8102e
-91.9371287506906,-2.13202074946918,#c8102e
-91.9371931801454,-2.12901930216370,#c8102e
-91.9372514742737,-2.12601772942981,#c8102e
-91.9373036328317,-2.12301604380885,#c8102e
-91.9373496556015,-2.12001425784264,#c8102e
-91.9373895423909,-2.11701238407343,#c8102e
-91.9374232930332,-2.11401043504382,#c8102e
-91.9374509073874,-2.11100842329672,#c8102e
-91.9374723853381,-2.10800636137533,#c8102e
-91.9374877267956,-2.10500426182303,#c8102e
-91.9374969316957,-2.10200213718337,#c8102e
-91.9375000000000,-2.09900000000000,#c8102e
-91.9375000000000, 2.09900000000000,#c8102e
-91.9374969316957, 2.10200213718337,#c8102e
-91.9374877267956, 2.10500426182303,#c8102e
-91.9374723853381, 2.10800636137533,#c8102e
-91.9374509073874, 2.11100842329672,#c8102e
-91.9374232930332, 2.11401043504382,#c8102e
-91.9373895423909, 2.11701238407343,#c8102e
-91.9373496556015, 2.12001425784264,#c8102e
-91.9373036328317, 2.12301604380885,#c8102e
-91.9372514742737, 2.12601772942981,#c8102e
-91.9371931801454, 2.12901930216370,#c8102e
-91.9371287506906, 2.13202074946918,#c8102e
-91.9370581861782, 2.13502205880543,#c8102e
-91.9369814869033, 2.13802321763220,#c8102e
-91.9368986531862, 2.14102421340986,#c8102e
-91.9368096853731, 2.14402503359949,#c8102e
-91.9367145838357, 2.14702566566288,#c8102e
-91.9366133489714, 2.15002609706261,#c8102e
-91.9365059812030, 2.15302631526210,#c8102e
-91.9363924809794, 2.15602630772567,#c8102e
-91.9362728487746, 2.15902606191857,#c8102e
-91.9361470850885, 2.16202556530705,#c8102e
-91.9360151904466, 2.16502480535842,#c8102e
-91.9358771654001, 2.16802376954106,#c8102e
-91.9357330105255, 2.17102244532453,#c8102e
-91.9355827264253, 2.17402082017959,#c8102e
-91.9354263137273, 2.17701888157826,#c8102e
-91.9352637730851, 2.18001661699385,#c8102e
-91.9350951051778, 2.18301401390105,#c8102e
-91.9349203107101, 2.18601105977596,#c8102e
-91.9347393904124, 2.18900774209615,#c8102e
-91.9345523450407, 2.19200404834070,#c8102e
-91.9343591753764, 2.19499996599028,#c8102e
-91.9341598822266, 2.19799548252716,#c8102e
-91.9339544664241, 2.20099058543529,#c8102e
-91.9337429288272, 2.20398526220037,#c8102e
-91.9335252703196, 2.20697950030987,#c8102e
-91.9333014918109, 2.20997328725307,#c8102e
-91.9330715942360, 2.21296661052116,#c8102e
-91.9328355785555, 2.21595945760726,#c8102e
-91.9325934457555, 2.21895181600649,#c8102e
-91.9323451968478, 2.22194367321599,#c8102e
-91.9320908328695, 2.22493501673502,#c8102e
-91.9318303548835, 2.22792583406496,#c8102e
-91.9315637639782, 2.23091611270941,#c8102e
-91.9312910612673, 2.23390584017420,#c8102e
-91.9310122478904, 2.23689500396749,#c8102e
-91.9307273250124, 2.23988359159977,#c8102e
-91.9304362938238, 2.24287159058395,#c8102e
-91.9301391555405, 2.24585898843541,#c8102e
-91.9298359114041, 2.24884577267200,#c8102e
-91.9295265626816, 2.25183193081419,#c8102e
-91.9292111106656, 2.25481745038503,#c8102e
-91.9288895566741, 2.25780231891024,#c8102e
-91.9285619020506, 2.26078652391827,#c8102e
-91.9282281481642, 2.26377005294034,#c8102e
-91.9278882964094, 2.26675289351050,#c8102e
-91.9275423482061, 2.26973503316567,#c8102e
-91.9271903049999, 2.27271645944569,#c8102e
-91.9268321682616, 2.27569715989339,#c8102e
-91.9264679394877, 2.27867712205464,#c8102e
-91.9260976201999, 2.28165633347838,#c8102e
-91.9257212119456, 2.28463478171670,#c8102e
-91.9253387162975, 2.28761245432487,#c8102e
-91.9249501348538, 2.29058933886140,#c8102e
-91.9245554692380, 2.29356542288810,#c8102e
-91.9241547210992, 2.29654069397012,#c8102e
-91.9237478921118, 2.29951513967601,#c8102e
-91.9233349839757, 2.30248874757776,#c8102e
-91.9229159984161, 2.30546150525088,#c8102e
-91.9224909371835, 2.30843340027440,#c8102e
-91.9220598020541, 2.31140442023099,#c8102e
-91.9216225948292, 2.31437455270695,#c8102e
-91.9211793173356, 2.31734378529230,#c8102e
-91.9207299714254, 2.32031210558082,#c8102e
-91.9202745589761, 2.32327950117009,#c8102e
-91.9198130818905, 2.32624595966159,#c8102e
-91.9193455420969, 2.32921146866066,#c8102e
-91.9188719415486, 2.33217601577665,#c8102e
-91.9183922822246, 2.33513958862291,#c8102e
-91.9179065661289, 2.33810217481687,#c8102e
-91.9174147952910, 2.34106376198008,#c8102e
-91.9169169717657, 2.34402433773826,#c8102e
-91.9164130976330, 2.34698388972135,#c8102e
-91.9159031749982, 2.34994240556359,#c8102e
-91.9153872059919, 2.35289987290353,#c8102e
-91.9148651927700, 2.35585627938410,#c8102e
-91.9143371375135, 2.35881161265268,#c8102e
-91.9138030424289, 2.36176586036111,#c8102e
-91.9132629097476, 2.36471901016579,#c8102e
-91.9127167417266, 2.36767104972769,#c8102e
-91.9121645406477, 2.37062196671243,#c8102e
-91.9116063088184, 2.37357174879031,#c8102e
-91.9110420485710, 2.37652038363638,#c8102e
-91.9104717622632, 2.37946785893048,#c8102e
-91.9098954522777, 2.38241416235729,#c8102e
-91.9093131210225, 2.38535928160640,#c8102e
-91.9087247709307, 2.38830320437234,#c8102e
-91.9081304044607, 2.39124591835463,#c8102e
-91.9075300240959, 2.39418741125786,#c8102e
-91.9069236323447, 2.39712767079170,#c8102e
-91.9063112317409, 2.40006668467100,#c8102e
-91.9056928248432, 2.40300444061579,#c8102e
-91.9050684142355, 2.40594092635137,#c8102e
-91.9044380025267, 2.40887612960833,#c8102e
-91.9038015923509, 2.41181003812265,#c8102e
-91.9031591863672, 2.41474263963569,#c8102e
-91.9025107872596, 2.41767392189428,#c8102e
-91.9018563977374, 2.42060387265077,#c8102e
-91.9011960205347, 2.42353247966307,#c8102e
-91.9005296584109, 2.42645973069469,#c8102e
-91.8998573141501, 2.42938561351483,#c8102e
-91.8991789905615, 2.43231011589840,#c8102e
-91.8984946904794, 2.43523322562605,#c8102e
-91.8978044167630, 2.43815493048429,#c8102e
-91.8971081722964, 2.44107521826547,#c8102e
-91.8964059599886, 2.44399407676789,#c8102e
-91.8956977827738, 2.44691149379578,#c8102e
-91.8949836436108, 2.44982745715943,#c8102e
-91.8942635454836, 2.45274195467519,#c8102e
-91.8935374914008, 2.45565497416553,#c8102e
-91.8928054843961, 2.45856650345911,#c8102e
-91.8920675275281, 2.46147653039080,#c8102e
-91.8913236238800, 2.46438504280175,#c8102e
-91.8905737765602, 2.46729202853946,#c8102e
-91.8898179887017, 2.47019747545777,#c8102e
-91.8890562634623, 2.47310137141699,#c8102e
-91.8882886040248, 2.47600370428388,#c8102e
-91.8875150135966, 2.47890446193174,#c8102e
-91.8867354954100, 2.48180363224047,#c8102e
-91.8859500527220, 2.48470120309656,#c8102e
-91.8851586888144, 2.48759716239324,#c8102e
-91.8843614069937, 2.49049149803042,#c8102e
-91.8835582105911, 2.49338419791482,#c8102e
-91.8827491029628, 2.49627524996000,#c8102e
-91.8819340874892, 2.49916464208639,#c8102e
-91.8811131675757, 2.50205236222137,#c8102e
-91.8802863466524, 2.50493839829929,#c8102e
-91.8794536281739, 2.50782273826154,#c8102e
-91.8786150156196, 2.51070537005661,#c8102e
-91.8777705124934, 2.51358628164012,#c8102e
-91.8769201223237, 2.51646546097487,#c8102e
-91.8760638486639, 2.51934289603091,#c8102e
-91.8752016950916, 2.52221857478557,#c8102e
-91.8743336652091, 2.52509248522351,#c8102e
-91.8734597626432, 2.52796461533680,#c8102e
-91.8725799910455, 2.53083495312494,#c8102e
-91.8716943540917, 2.53370348659490,#c8102e
-91.8708028554822, 2.53657020376122,#c8102e
-91.8699054989421, 2.53943509264601,#c8102e
-91.8690022882207, 2.54229814127902,#c8102e
-91.8680932270919, 2.54515933769769,#c8102e
-91.8671783193538, 2.54801866994721,#c8102e
-91.8662575688294, 2.55087612608054,#c8102e
-91.8653309793656, 2.55373169415850,#c8102e
-91.8643985548340, 2.55658536224978,#c8102e
-91.8634602991306, 2.55943711843101,#c8102e
-91.8625162161755, 2.56228695078683,#c8102e
-91.8615663099135, 2.56513484740989,#c8102e
-91.8606105843135, 2.56798079640096,#c8102e
-91.8596490433687, 2.57082478586890,#c8102e
-91.8586816910968, 2.57366680393081,#c8102e
-91.8577085315395, 2.57650683871199,#c8102e
-91.8567295687630, 2.57934487834605,#c8102e
-91.8557448068577, 2.58218091097492,#c8102e
-91.8547542499380, 2.58501492474892,#c8102e
-91.8537579021429, 2.58784690782681,#c8102e
-91.8527557676354, 2.59067684837583,#c8102e
-91.8517478506025, 2.59350473457176,#c8102e
-91.8507341552557, 2.59633055459895,#c8102e
-91.8497146858304, 2.59915429665041,#c8102e
-91.8486894465863, 2.60197594892780,#c8102e
-91.8476584418070, 2.60479549964153,#c8102e
-91.8466216758003, 2.60761293701080,#c8102e
-91.8455791528982, 2.61042824926361,#c8102e
-91.8445308774566, 2.61324142463686,#c8102e
-91.8434768538554, 2.61605245137638,#c8102e
-91.8424170864986, 2.61886131773698,#c8102e
-91.8413515798141, 2.62166801198248,#c8102e
-91.8402803382541, 2.62447252238579,#c8102e
-91.8392033662943, 2.62727483722893,#c8102e
-91.8381206684347, 2.63007494480311,#c8102e
-91.8370322491990, 2.63287283340876,#c8102e
-91.8359381131349, 2.63566849135558,#c8102e
-91.8348382648141, 2.63846190696257,#c8102e
-91.8337327088319, 2.64125306855814,#c8102e
-91.8326214498077, 2.64404196448008,#c8102e
-91.8315044923847, 2.64682858307566,#c8102e
-91.8303818412296, 2.64961291270167,#c8102e
-91.8292535010333, 2.65239494172447,#c8102e
-91.8281194765103, 2.65517465852001,#c8102e
-91.8269797723987, 2.65795205147392,#c8102e
-91.8258343934607, 2.66072710898153,#c8102e
-91.8246833444818, 2.66349981944793,#c8102e
-91.8235266302715, 2.66627017128803,#c8102e
-91.8223642556628, 2.66903815292657,#c8102e
-91.8211962255124, 2.67180375279821,#c8102e
-91.8200225447007, 2.67456695934756,#c8102e
-91.8188432181315, 2.67732776102923,#c8102e
-91.8176582507325, 2.68008614630787,#c8102e
-91.8164676474546, 2.68284210365824,#c8102e
-91.8152714132727, 2.68559562156524,#c8102e
-91.8140695531847, 2.68834668852394,#c8102e
-91.8128620722125, 2.69109529303969,#c8102e
-91.8116489754012, 2.69384142362811,#c8102e
-91.8104302678194, 2.69658506881514,#c8102e
-91.8092059545592, 2.69932621713713,#c8102e
-91.8079760407361, 2.70206485714086,#c8102e
-91.8067405314890, 2.70480097738356,#c8102e
-91.8054994319802, 2.70753456643304,#c8102e
-91.8042527473953, 2.71026561286764,#c8102e
-91.8030004829432, 2.71299410527635,#c8102e
-91.8017426438563, 2.71572003225882,#c8102e
-91.8004792353902, 2.71844338242542,#c8102e
-91.7992102628236, 2.72116414439729,#c8102e
-91.7979357314587, 2.72388230680638,#c8102e
-91.7966556466209, 2.72659785829550,#c8102e
-91.7953700136585, 2.72931078751839,#c8102e
-91.7940788379434, 2.73202108313971,#c8102e
-91.7927821248704, 2.73472873383516,#c8102e
-91.7914798798575, 2.73743372829146,#c8102e
-91.7901721083458, 2.74013605520645,#c8102e
-91.7888588157996, 2.74283570328912,#c8102e
-91.7875400077060, 2.74553266125962,#c8102e
-91.7862156895755, 2.74822691784938,#c8102e
-91.7848858669414, 2.75091846180109,#c8102e
-91.7835505453600, 2.75360728186878,#c8102e
-91.7822097304106, 2.75629336681788,#c8102e
-91.7808634276955, 2.75897670542521,#c8102e
-91.7795116428399, 2.76165728647910,#c8102e
-91.7781543814920, 2.76433509877939,#c8102e
-91.7767916493226, 2.76701013113748,#c8102e
-91.7754234520257, 2.76968237237640,#c8102e
-91.7740497953179, 2.77235181133083,#c8102e
-91.7726706849388, 2.77501843684717,#c8102e
-91.7712861266505, 2.77768223778356,#c8102e
-91.7698961262382, 2.78034320300995,#c8102e
-91.7685006895097, 2.78300132140814,#c8102e
-91.7670998222953, 2.78565658187183,#c8102e
-91.7656935304484, 2.78830897330665,#c8102e
-91.7642818198447, 2.79095848463023,#c8102e
-91.7628646963828, 2.79360510477221,#c8102e
-91.7614421659838, 2.79624882267434,#c8102e
-91.7600142345913, 2.79888962729048,#c8102e
-91.7585809081717, 2.80152750758666,#c8102e
-91.7571421927136, 2.80416245254113,#c8102e
-91.7556980942286, 2.80679445114442,#c8102e
-91.7542486187503, 2.80942349239936,#c8102e
-91.7527937723351, 2.81204956532112,#c8102e
-91.7513335610617, 2.81467265893730,#c8102e
-91.7498679910312, 2.81729276228794,#c8102e
-91.7483970683672, 2.81990986442555,#c8102e
-91.7469207992155, 2.82252395441522,#c8102e
-91.7454391897445, 2.82513502133460,#c8102e
-91.7439522461445, 2.82774305427398,#c8102e
-91.7424599746286, 2.83034804233631,#c8102e
-91.7409623814317, 2.83294997463729,#c8102e
-91.7394594728112, 2.83554884030537,#c8102e
-91.7379512550467, 2.83814462848181,#c8102e
-91.7364377344398, 2.84073732832075,#c8102e
-91.7349189173144, 2.84332692898920,#c8102e
-91.7333948100167, 2.84591341966715,#c8102e
-91.7318654189146, 2.84849678954758,#c8102e
-91.7303307503984, 2.85107702783649,#c8102e
-91.7287908108802, 2.85365412375297,#c8102e
-91.7272456067945, 2.85622806652927,#c8102e
-91.7256951445974, 2.85879884541077,#c8102e
-91.7241394307671, 2.86136644965610,#c8102e
-91.7225784718039, 2.86393086853715,#c8102e
-91.7210122742299, 2.86649209133910,#c8102e
-91.7194408445889, 2.86905010736051,#c8102e
-91.7178641894469, 2.87160490591332,#c8102e
-91.7162823153915, 2.87415647632292,#c8102e
-91.7146952290323, 2.87670480792820,#c8102e
-91.7131029370004, 2.87924989008156,#c8102e
-91.7115054459488, 2.88179171214900,#c8102e
-91.7099027625524, 2.88433026351011,#c8102e
-91.7082948935075, 2.88686553355819,#c8102e
-91.7066818455322, 2.88939751170020,#c8102e
-91.7050636253662, 2.89192618735690,#c8102e
-91.7034402397710, 2.89445154996283,#c8102e
-91.7018116955293, 2.89697358896635,#c8102e
-91.7001779994458, 2.89949229382975,#c8102e
-91.6985391583464, 2.90200765402922,#c8102e
-91.6968951790786, 2.90451965905494,#c8102e
-91.6952460685113, 2.90702829841109,#c8102e
-91.6935918335351, 2.90953356161594,#c8102e
-91.6919324810616, 2.91203543820184,#c8102e
-91.6902680180242, 2.91453391771532,#c8102e
-91.6885984513773, 2.91702898971707,#c8102e
-91.6869237880969, 2.91952064378204,#c8102e
-91.6852440351801, 2.92200886949945,#c8102e
-91.6835591996454, 2.92449365647285,#c8102e
-91.6818692885324, 2.92697499432016,#c8102e
-91.6801743089021, 2.92945287267371,#c8102e
-91.6784742678364, 2.93192728118028,#c8102e
-91.6767691724387, 2.93439820950116,#c8102e
-91.6750590298332, 2.93686564731216,#c8102e
-91.6733438471654, 2.93932958430368,#c8102e
-91.6716236316017, 2.94179001018078,#c8102e
-91.6698983903296, 2.94424691466314,#c8102e
-91.6681681305577, 2.94670028748518,#c8102e
-91.6664328595154, 2.94915011839609,#c8102e
-91.6646925844532, 2.95159639715983,#c8102e
-91.6629473126423, 2.95403911355521,#c8102e
-91.6611970513749, 2.95647825737594,#c8102e
-91.6594418079641, 2.95891381843064,#c8102e
-91.6576815897438, 2.96134578654290,#c8102e
-91.6559164040685, 2.96377415155134,#c8102e
-91.6541462583138, 2.96619890330962,#c8102e
-91.6523711598757, 2.96862003168650,#c8102e
-91.6505911161711, 2.97103752656587,#c8102e
-91.6488061346374, 2.97345137784682,#c8102e
-91.6470162227327, 2.97586157544365,#c8102e
-91.6452213879358, 2.97826810928593,#c8102e
-91.6434216377459, 2.98067096931854,#c8102e
-91.6416169796829, 2.98307014550172,#c8102e
-91.6398074212871, 2.98546562781107,#c8102e
-91.6379929701193, 2.98785740623767,#c8102e
-91.6361736337608, 2.99024547078803,#c8102e
-91.6343494198131, 2.99262981148421,#c8102e
-91.6325203358984, 2.99501041836381,#c8102e
-91.6306863896590, 2.99738728148004,#c8102e
-91.6288475887577, 2.99976039090176,#c8102e
-91.6270039408773, 3.00212973671349,#c8102e
-91.6251554537213, 3.00449530901551,#c8102e
-91.6233021350129, 3.00685709792382,#c8102e
-91.6214439924959, 3.00921509357028,#c8102e
-91.6195810339340, 3.01156928610256,#c8102e
-91.6177132671112, 3.01391966568424,#c8102e
-91.6158406998316, 3.01626622249483,#c8102e
-91.6139633399190, 3.01860894672979,#c8102e
-91.6120811952178, 3.02094782860063,#c8102e
-91.6101942735919, 3.02328285833490,#c8102e
-91.6083025829253, 3.02561402617622,#c8102e
-91.6064061311222, 3.02794132238439,#c8102e
-91.6045049261062, 3.03026473723535,#c8102e
-91.6025989758213, 3.03258426102127,#c8102e
-91.6006882882308, 3.03489988405059,#c8102e
-91.5987728713182, 3.03721159664804,#c8102e
-91.5968527330866, 3.03951938915467,#c8102e
-91.5949278815588, 3.04182325192794,#c8102e
-91.5929983247773, 3.04412317534171,#c8102e
-91.5910640708043, 3.04641914978631,#c8102e
-91.5891251277216, 3.04871116566856,#c8102e
-91.5871815036307, 3.05099921341182,#c8102e
-91.5852332066525, 3.05328328345605,#c8102e
-91.5832802449275, 3.05556336625779,#c8102e
-91.5813226266156, 3.05783945229029,#c8102e
-91.5793603598963, 3.06011153204345,#c8102e
-91.5773934529686, 3.06237959602395,#c8102e
-91.5754219140505, 3.06464363475523,#c8102e
-91.5734457513797, 3.06690363877755,#c8102e
-91.5714649732131, 3.06915959864802,#c8102e
-91.5694795878270, 3.07141150494066,#c8102e
-91.5674896035168, 3.07365934824642,#c8102e
-91.5654950285971, 3.07590311917324,#c8102e
-91.5634958714018, 3.07814280834605,#c8102e
-91.5614921402839, 3.08037840640687,#c8102e
-91.5594838436156, 3.08260990401477,#c8102e
-91.5574709897879, 3.08483729184598,#c8102e
-91.5554535872111, 3.08706056059391,#c8102e
-91.5534316443145, 3.08927970096916,#c8102e
-91.5514051695463, 3.09149470369959,#c8102e
-91.5493741713735, 3.09370555953034,#c8102e
-91.5473386582822, 3.09591225922389,#c8102e
-91.5452986387773, 3.09811479356006,#c8102e
-91.5432541213826, 3.10031315333612,#c8102e
-91.5412051146406, 3.10250732936673,#c8102e
-91.5391516271125, 3.10469731248407,#c8102e
-91.5370936673783, 3.10688309353781,#c8102e
-91.5350312440368, 3.10906466339520,#c8102e
-91.5329643657053, 3.11124201294108,#c8102e
-91.5308930410197, 3.11341513307791,#c8102e
-91.5288172786346, 3.11558401472584,#c8102e
-91.5267370872230, 3.11774864882272,#c8102e
-91.5246524754765, 3.11990902632415,#c8102e
-91.5225634521052, 3.12206513820350,#c8102e
-91.5204700258375, 3.12421697545200,#c8102e
-91.5183722054203, 3.12636452907870,#c8102e
-91.5162699996189, 3.12850779011057,#c8102e
-91.5141634172168, 3.13064674959251,#c8102e
-91.5120524670159, 3.13278139858740,#c8102e
-91.5099371578362, 3.13491172817611,#c8102e
-91.5078174985160, 3.13703772945759,#c8102e
-91.5056934979120, 3.13915939354884,#c8102e
-91.5035651648986, 3.14127671158501,#c8102e
-91.5014325083685, 3.14338967471940,#c8102e
-91.4992955372327, 3.14549827412349,#c8102e
-91.4971542604199, 3.14760250098701,#c8102e
-91.4950086868769, 3.14970234651796,#c8102e
-91.4928588255685, 3.15179780194264,#c8102e
-91.4907046854773, 3.15388885850570,#c8102e
-91.4885462756040, 3.15597550747015,#c8102e
-91.4863836049668, 3.15805774011745,#c8102e
-91.4842166826021, 3.16013554774748,#c8102e
-91.4820455175637, 3.16220892167863,#c8102e
-91.4798701189234, 3.16427785324780,#c8102e
-91.4776904957705, 3.16634233381046,#c8102e
-91.4755066572121, 3.16840235474068,#c8102e
-91.4733186123727, 3.17045790743116,#c8102e
-91.4711263703947, 3.17250898329326,#c8102e
-91.4689299404378, 3.17455557375707,#c8102e
-91.4667293316792, 3.17659767027139,#c8102e
-91.4645245533136, 3.17863526430382,#c8102e
-91.4623156145532, 3.18066834734076,#c8102e
-91.4601025246275, 3.18269691088747,#c8102e
-91.4578852927834, 3.18472094646809,#c8102e
-91.4556639282850, 3.18674044562566,#c8102e
-91.4534384404137, 3.18875539992220,#c8102e
-91.4512088384683, 3.19076580093871,#c8102e
-91.4489751317646, 3.19277164027521,#c8102e
-91.4467373296355, 3.19477290955079,#c8102e
-91.4444954414312, 3.19676960040363,#c8102e
-91.4422494765189, 3.19876170449103,#c8102e
-91.4399994442829, 3.20074921348947,#c8102e
-91.4377453541242, 3.20273211909462,#c8102e
-91.4354872154612, 3.20471041302139,#c8102e
-91.4332250377288, 3.20668408700396,#c8102e
-91.4309588303791, 3.20865313279580,#c8102e
-91.4286886028808, 3.21061754216973,#c8102e
-91.4264143647196, 3.21257730691795,#c8102e
-91.4241361253978, 3.21453241885204,#c8102e
-91.4218538944345, 3.21648286980304,#c8102e
-91.4195676813654, 3.21842865162147,#c8102e
-91.4172774957429, 3.22036975617735,#c8102e
-91.4149833471360, 3.22230617536023,#c8102e
-91.4126852451303, 3.22423790107926,#c8102e
-91.4103831993278, 3.22616492526319,#c8102e
-91.4080772193471, 3.22808723986041,#c8102e
-91.4057673148231, 3.23000483683899,#c8102e
-91.4034534954072, 3.23191770818673,#c8102e
-91.4011357707672, 3.23382584591113,#c8102e
-91.3988141505871, 3.23572924203953,#c8102e
-91.3964886445672, 3.23762788861902,#c8102e
-91.3941592624242, 3.23952177771658,#c8102e
-91.3918260138907, 3.24141090141904,#c8102e
-91.3894889087157, 3.24329525183317,#c8102e
-91.3871479566642, 3.24517482108564,#c8102e
-91.3848031675173, 3.24704960132315,#c8102e
-91.3824545510722, 3.24891958471237,#c8102e
-91.3801021171419, 3.25078476344003,#c8102e
-91.3777458755557, 3.25264512971292,#c8102e
-91.3753858361583, 3.25450067575796,#c8102e
-91.3730220088108, 3.25635139382219,#c8102e
-91.3706544033897, 3.25819727617284,#c8102e
-91.3682830297876, 3.26003831509733,#c8102e
-91.3659078979127, 3.26187450290333,#c8102e
-91.3635290176888, 3.26370583191876,#c8102e
-91.3611463990556, 3.26553229449187,#c8102e
-91.3587600519683, 3.26735388299121,#c8102e
-91.3563699863976, 3.26917058980572,#c8102e
-91.3539762123298, 3.27098240734472,#c8102e
-91.3515787397667, 3.27278932803799,#c8102e
-91.3491775787257, 3.27459134433572,#c8102e
-91.3467727392394, 3.27638844870864,#c8102e
-91.3443642313557, 3.27818063364797,#c8102e
-91.3419520651382, 3.27996789166551,#c8102e
-91.3395362506654, 3.28175021529363,#c8102e
-91.3371167980313, 3.28352759708531,#c8102e
-91.3346937173449, 3.28530002961420,#c8102e
-91.3322670187305, 3.28706750547461,#c8102e
-91.3298367123275, 3.28883001728158,#c8102e
-91.3274028082903, 3.29058755767087,#c8102e
-91.3249653167884, 3.29234011929903,#c8102e
-91.3225242480063, 3.29408769484339,#c8102e
-91.3200796121434, 3.29583027700214,#c8102e
-91.3176314194140, 3.29756785849432,#c8102e
-91.3151796800473, 3.29930043205986,#c8102e
-91.3127244042873, 3.30102799045962,#c8102e
-91.3102656023927, 3.30275052647541,#c8102e
-91.3078032846372, 3.30446803291004,#c8102e
-91.3053374613088, 3.30618050258732,#c8102e
-91.3028681427105, 3.30788792835210,#c8102e
-91.3003953391597, 3.30959030307032,#c8102e
-91.2979190609883, 3.31128761962902,#c8102e
-91.2954393185430, 3.31297987093637,#c8102e
-91.2929561221848, 3.31466704992170,#c8102e
-91.2904694822890, 3.31634914953555,#c8102e
-91.2879794092455, 3.31802616274967,#c8102e
-91.2854859134585, 3.31969808255706,#c8102e
-91.2829890053464, 3.32136490197201,#c8102e
-91.2804886953420, 3.32302661403012,#c8102e
-91.2779849938922, 3.32468321178832,#c8102e
-91.2754779114581, 3.32633468832492,#c8102e
-91.2729674585150, 3.32798103673962,#c8102e
-91.2704536455521, 3.32962225015356,#c8102e
-91.2679364830729, 3.33125832170931,#c8102e
-91.2654159815947, 3.33288924457096,#c8102e
-91.2628921516488, 3.33451501192407,#c8102e
-91.2603650037804, 3.33613561697578,#c8102e
-91.2578345485487, 3.33775105295478,#c8102e
-91.2553007965264, 3.33936131311136,#c8102e
-91.2527637583003, 3.34096639071743,#c8102e
-91.2502234444707, 3.34256627906657,#c8102e
-91.2476798656519, 3.34416097147402,#c8102e
-91.2451330324714, 3.34575046127675,#c8102e
-91.2425829555706, 3.34733474183346,#c8102e
-91.2400296456044, 3.34891380652462,#c8102e
-91.2374731132412, 3.35048764875249,#c8102e
-91.2349133691629, 3.35205626194114,#c8102e
-91.2323504240646, 3.35361963953650,#c8102e
-91.2297842886552, 3.35517777500638,#c8102e
-91.2272149736564, 3.35673066184048,#c8102e
-91.2246424898037, 3.35827829355045,#c8102e
-91.2220668478455, 3.35982066366987,#c8102e
-91.2194880585435, 3.36135776575432,#c8102e
-91.2169061326725, 3.36288959338140,#c8102e
-91.2143210810205, 3.36441614015073,#c8102e
-91.2117329143886, 3.36593739968400,#c8102e
-91.2091416435907, 3.36745336562500,#c8102e
-91.2065472794539, 3.36896403163963,#c8102e
-91.2039498328180, 3.37046939141594,#c8102e
-91.2013493145359, 3.37196943866414,#c8102e
-91.1987457354733, 3.37346416711665,#c8102e
-91.1961391065085, 3.37495357052811,#c8102e
-91.1935294385327, 3.37643764267540,#c8102e
-91.1909167424498, 3.37791637735769,#c8102e
-91.1883010291763, 3.37938976839644,#c8102e
-91.1856823096413, 3.38085780963543,#c8102e
-91.1830605947866, 3.38232049494082,#c8102e
-91.1804358955662, 3.38377781820113,#c8102e
-91.1778082229470, 3.38522977332729,#c8102e
-91.1751775879079, 3.38667635425264,#c8102e
-91.1725440014406, 3.38811755493300,#c8102e
-91.1699074745486, 3.38955336934666,#c8102e
-91.1672680182483, 3.39098379149442,#c8102e
-91.1646256435678, 3.39240881539960,#c8102e
-91.1619803615478, 3.39382843510809,#c8102e
-91.1593321832409, 3.39524264468834,#c8102e
-91.1566811197118, 3.39665143823142,#c8102e
-91.1540271820374, 3.39805480985103,#c8102e
-91.1513703813065, 3.39945275368352,#c8102e
-91.1487107286200, 3.40084526388791,#c8102e
-91.1460482350906, 3.40223233464595,#c8102e
-91.1433829118427, 3.40361396016208,#c8102e
-91.1407147700129, 3.40499013466352,#c8102e
-91.1380438207494, 3.40636085240026,#c8102e
-91.1353700752120, 3.40772610764509,#c8102e
-91.1326935445724, 3.40908589469360,#c8102e
-91.1300142400137, 3.41044020786427,#c8102e
-91.1273321727309, 3.41178904149842,#c8102e
-91.1246473539302, 3.41313238996027,#c8102e
-91.1219597948296, 3.41447024763697,#c8102e
-91.1192695066584, 3.41580260893861,#c8102e
-91.1165765006573, 3.41712946829822,#c8102e
-91.1138807880784, 3.41845082017185,#c8102e
-91.1111823801850, 3.41976665903856,#c8102e
-91.1084812882518, 3.42107697940041,#c8102e
-91.1057775235647, 3.42238177578257,#c8102e
-91.1030710974206, 3.42368104273324,#c8102e
-91.1003620211278, 3.42497477482376,#c8102e
-91.0976503060055, 3.42626296664858,#c8102e
-91.0949359633839, 3.42754561282530,#c8102e
-91.0922190046042, 3.42882270799470,#c8102e
-91.0894994410186, 3.43009424682073,#c8102e
-91.0867772839901, 3.43136022399058,#c8102e
-91.0840525448926, 3.43262063421467,#c8102e
-91.0813252351108, 3.43387547222668,#c8102e
-91.0785953660401, 3.43512473278358,#c8102e
-91.0758629490866, 3.43636841066562,#c8102e
-91.0731279956670, 3.43760650067641,#c8102e
-91.0703905172086, 3.43883899764287,#c8102e
-91.0676505251494, 3.44006589641532,#c8102e
-91.0649080309378, 3.44128719186746,#c8102e
-91.0621630460326, 3.44250287889640,#c8102e
-91.0594155819030, 3.44371295242269,#c8102e
-91.0566656500287, 3.44491740739032,#c8102e
-91.0539132618997, 3.44611623876677,#c8102e
-91.0511584290160, 3.44730944154301,#c8102e
-91.0484011628881, 3.44849701073354,#c8102e
-91.0456414750366, 3.44967894137638,#c8102e
-91.0428793769921, 3.45085522853311,#c8102e
-91.0401148802955, 3.45202586728891,#c8102e
-91.0373479964975, 3.45319085275255,#c8102e
-91.0345787371588, 3.45435018005641,#c8102e
-91.0318071138502, 3.45550384435653,#c8102e
-91.0290331381522, 3.45665184083260,#c8102e
-91.0262568216552, 3.45779416468798,#c8102e
-91.0234781759593, 3.45893081114977,#c8102e
-91.0206972126745, 3.46006177546874,#c8102e
-91.0179139434203, 3.46118705291945,#c8102e
-91.0151283798260, 3.46230663880019,#c8102e
-91.0123405335304, 3.46342052843304,#c8102e
-91.0095504161818, 3.46452871716388,#c8102e
-91.0067580394380, 3.46563120036242,#c8102e
-91.0039634149663, 3.46672797342219,#c8102e
-91.0011665544435, 3.46781903176059,#c8102e
-90.9983674695554, 3.46890437081890,#c8102e
-90.9955661719974, 3.46998398606229,#c8102e
-90.9927626734740, 3.47105787297985,#c8102e
-90.9899569856990, 3.47212602708460,#c8102e
-90.9871491203953, 3.47318844391352,#c8102e
-90.9843390892948, 3.47424511902755,#c8102e
-90.9815269041386, 3.47529604801164,#c8102e
-90.9787125766767, 3.47634122647472,#c8102e
-90.9758961186682, 3.47738065004978,#c8102e
-90.9730775418809, 3.47841431439382,#c8102e
-90.9702568580915, 3.47944221518795,#c8102e
-90.9674340790856, 3.48046434813731,#c8102e
-90.9646092166575, 3.48148070897118,#c8102e
-90.9617822826102, 3.48249129344294,#c8102e
-90.9589532887554, 3.48349609733009,#c8102e
-90.9561222469133, 3.48449511643432,#c8102e
-90.9532891689128, 3.48548834658146,#c8102e
-90.9504540665912, 3.48647578362153,#c8102e
-90.9476169517942, 3.48745742342878,#c8102e
-90.9447778363761, 3.48843326190166,#c8102e
-90.9419367321995, 3.48940329496285,#c8102e
-90.9390936511352, 3.49036751855932,#c8102e
-90.9362486050623, 3.49132592866228,#c8102e
-90.9334016058682, 3.49227852126725,#c8102e
-90.9305526654484, 3.49322529239405,#c8102e
-90.9277017957065, 3.49416623808684,#c8102e
-90.9248490085541, 3.49510135441408,#c8102e
-90.9219943159110, 3.49603063746863,#c8102e
-90.9191377297047, 3.49695408336769,#c8102e
-90.9162792618709, 3.49787168825288,#c8102e
-90.9134189243530, 3.49878344829021,#c8102e
-90.9105567291021, 3.49968935967009,#c8102e
-90.9076926880773, 3.50058941860741,#c8102e
-90.9048268132453, 3.50148362134148,#c8102e
-90.9019591165805, 3.50237196413610,#c8102e
-90.8990896100648, 3.50325444327953,#c8102e
-90.8962183056878, 3.50413105508454,#c8102e
-90.8933452154465, 3.50500179588844,#c8102e
-90.8904703513454, 3.50586666205304,#c8102e
-90.8875937253965, 3.50672564996470,#c8102e
-90.8847153496190, 3.50757875603434,#c8102e
-90.8818352360397, 3.50842597669749,#c8102e
-90.8789533966922, 3.50926730841421,#c8102e
-90.8760698436177, 3.51010274766922,#c8102e
-90.8731845888644, 3.51093229097183,#c8102e
-90.8702976444877, 3.51175593485600,#c8102e
-90.8674090225499, 3.51257367588032,#c8102e
-90.8645187351205, 3.51338551062807,#c8102e
-90.8616267942758, 3.51419143570719,#c8102e
-90.8587332120992, 3.51499144775032,#c8102e
-90.8558380006806, 3.51578554341479,#c8102e
-90.8529411721172, 3.51657371938267,#c8102e
-90.8500427385126, 3.51735597236076,#c8102e
-90.8471427119771, 3.51813229908060,#c8102e
-90.8442411046279, 3.51890269629851,#c8102e
-90.8413379285886, 3.51966716079555,#c8102e
-90.8384331959895, 3.52042568937760,#c8102e
-90.8355269189672, 3.52117827887533,#c8102e
-90.8326191096650, 3.52192492614422,#c8102e
-90.8297097802324, 3.52266562806460,#c8102e
-90.8267989428254, 3.52340038154162,#c8102e
-90.8238866096061, 3.52412918350528,#c8102e
-90.8209727927431, 3.52485203091047,#c8102e
-90.8180575044111, 3.52556892073694,#c8102e
-90.8151407567908, 3.52627984998933,#c8102e
-90.8122225620693, 3.52698481569721,#c8102e
-90.8093029324394, 3.52768381491504,#c8102e
-90.8063818801001, 3.52837684472223,#c8102e
-90.8034594172564, 3.52906390222311,#c8102e
-90.8005355561191, 3.52974498454698,#c8102e
-90.7976103089048, 3.53042008884811,#c8102e
-90.7946836878359, 3.53108921230573,#c8102e
-90.7917557051407, 3.53175235212408,#c8102e
-90.7888263730530, 3.53240950553237,#c8102e
-90.7858957038122, 3.53306066978487,#c8102e
-90.7829637096636, 3.53370584216082,#c8102e
-90.7800304028577, 3.53434501996454,#c8102e
-90.7770957956507, 3.53497820052538,#c8102e
-90.7741599003040, 3.53560538119774,#c8102e
-90.7712227290847, 3.53622655936110,#c8102e
-90.7682842942650, 3.53684173242002,#c8102e
-90.7653446081224, 3.53745089780414,#c8102e
-90.7624036829397, 3.53805405296822,#c8102e
-90.7594615310048, 3.53865119539211,#c8102e
-90.7565181646109, 3.53924232258081,#c8102e
-90.7535735960560, 3.53982743206442,#c8102e
-90.7506278376433, 3.54040652139821,#c8102e
-90.7476809016810, 3.54097958816260,#c8102e
-90.7447328004822, 3.54154662996316,#c8102e
-90.7417835463647, 3.54210764443064,#c8102e
-90.7388331516513, 3.54266262922099,#c8102e
-90.7358816286695, 3.54321158201533,#c8102e
-90.7329289897516, 3.54375450051999,#c8102e
-90.7299752472345, 3.54429138246653,#c8102e
-90.7270204134595, 3.54482222561170,#c8102e
-90.7240645007729, 3.54534702773752,#c8102e
-90.7211075215252, 3.54586578665121,#c8102e
-90.7181494880713, 3.54637850018528,#c8102e
-90.7151904127707, 3.54688516619747,#c8102e
-90.7122303079873, 3.54738578257080,#c8102e
-90.7092691860890, 3.54788034721356,#c8102e
-90.7063070594483, 3.54836885805934,#c8102e
-90.7033439404416, 3.54885131306701,#c8102e
-90.7003798414496, 3.54932771022075,#c8102e
-90.6974147748572, 3.54979804753005,#c8102e
-90.6944487530530, 3.55026232302972,#c8102e
-90.6914817884300, 3.55072053477989,#c8102e
-90.6885138933848, 3.55117268086605,#c8102e
-90.6855450803182, 3.55161875939899,#c8102e
-90.6825753616345, 3.55205876851490,#c8102e
-90.6796047497421, 3.55249270637530,#c8102e
-90.6766332570528, 3.55292057116708,#c8102e
-90.6736608959825, 3.55334236110252,#c8102e
-90.6706876789503, 3.55375807441927,#c8102e
-90.6677136183791, 3.55416770938037,#c8102e
-90.6647387266954, 3.55457126427427,#c8102e
-90.6617630163290, 3.55496873741479,#c8102e
-90.6587864997131, 3.55536012714120,#c8102e
-90.6558091892846, 3.55574543181818,#c8102e
-90.6528310974832, 3.55612464983581,#c8102e
-90.6498522367523, 3.55649777960963,#c8102e
-90.6468726195383, 3.55686481958060,#c8102e
-90.6438922582908, 3.55722576821514,#c8102e
-90.6409111654626, 3.55758062400510,#c8102e
-90.6379293535094, 3.55792938546782,#c8102e
-90.6349468348899, 3.55827205114607,#c8102e
-90.6319636220661, 3.55860861960811,#c8102e
-90.6289797275023, 3.55893908944767,#c8102e
-90.6259951636663, 3.55926345928395,#c8102e
-90.6230099430281, 3.55958172776167,#c8102e
-90.6200240780610, 3.55989389355100,#c8102e
-90.6170375812405, 3.56019995534765,#c8102e
-90.6140504650450, 3.56049991187281,#c8102e
-90.6110627419555, 3.56079376187317,#c8102e
-90.6080744244554, 3.56108150412096,#c8102e
-90.6050855250308, 3.56136313741392,#c8102e
-90.6020960561700, 3.56163866057531,#c8102e
-90.5991060303638, 3.56190807245392,#c8102e
-90.5961154601052, 3.56217137192408,#c8102e
-90.5931243578897, 3.56242855788566,#c8102e
-90.5901327362149, 3.56267962926407,#c8102e
-90.5871406075806, 3.56292458501026,#c8102e
-90.5841479844885, 3.56316342410075,#c8102e
-90.5811548794427, 3.56339614553761,#c8102e
-90.5781613049492, 3.56362274834847,#c8102e
-90.5751672735158, 3.56384323158651,#c8102e
-90.5721727976525, 3.56405759433051,#c8102e
-90.5691778898708, 3.56426583568480,#c8102e
-90.5661825626843, 3.56446795477930,#c8102e
-90.5631868286084, 3.56466395076950,#c8102e
-90.5601907001598, 3.56485382283647,#c8102e
-90.5571941898572, 3.56503757018689,#c8102e
-90.5541973102208, 3.56521519205301,#c8102e
-90.5512000737724, 3.56538668769268,#c8102e
-90.5482024930351, 3.56555205638934,#c8102e
-90.5452045805337, 3.56571129745205,#c8102e
-90.5422063487942, 3.56586441021545,#c8102e
-90.5392078103439, 3.56601139403979,#c8102e
-90.5362089777116, 3.56615224831095,#c8102e
-90.5332098634272, 3.56628697244039,#c8102e
-90.5302104800216, 3.56641556586521,#c8102e
-90.5272108400272, 3.56653802804810,#c8102e
-90.5242109559772, 3.56665435847739,#c8102e
-90.5212108404059, 3.56676455666702,#c8102e
-90.5182105058485, 3.56686862215656,#c8102e
-90.5152099648413, 3.56696655451118,#c8102e
-90.5122092299212, 3.56705835332171,#c8102e
-90.5092083136261, 3.56714401820458,#c8102e
-90.5062072284947, 3.56722354880187,#c8102e
-90.5032059870661, 3.56729694478127,#c8102e
-90.5002046018804, 3.56736420583612,#c8102e
-90.4972030854782, 3.56742533168538,#c8102e
-90.4942014504006, 3.56748032207366,#c8102e
-90.4911997091891, 3.56752917677118,#c8102e
-90.4881978743858, 3.56757189557383,#c8102e
-90.4851959585332, 3.56760847830311,#c8102e
-90.4821939741740, 3.56763892480617,#c8102e
-90.4791919338514, 3.56766323495580,#c8102e
-90.4761898501085, 3.56768140865042,#c8102e
-90.4731877354889, 3.56769344581409,#c8102e
-90.4701856025363, 3.56769934639654,#c8102e
-90.4671834637942, 3.56769911037309,#c8102e
-90.4641813318065, 3.56769273774473,#c8102e
-90.4611792191167, 3.56768022853810,#c8102e
-90.4581771382686, 3.56766158280546,#c8102e
-90.4551751018055, 3.56763680062471,#c8102e
-90.4521731222707, 3.56760588209941,#c8102e
-90.4491712122074, 3.56756882735873,#c8102e
-90.4461693841582, 3.56752563655750,#c8102e
-90.4431676506656, 3.56747630987619,#c8102e
-90.4401660242715, 3.56742084752089,#c8102e
-90.4371645175176, 3.56735924972335,#c8102e
-90.4341631429450, 3.56729151674092,#c8102e
-90.4311619130941, 3.56721764885662,#c8102e
-90.4281608405049, 3.56713764637909,#c8102e
-90.4251599377166, 3.56705150964259,#c8102e
-90.4221592172677, 3.56695923900704,#c8102e
-90.4191586916961, 3.56686083485795,#c8102e
-90.4161583735388, 3.56675629760649,#c8102e
-90.4131582753318, 3.56664562768945,#c8102e
-90.4101584096103, 3.56652882556922,#c8102e
-90.4071587889085, 3.56640589173384,#c8102e
-90.4041594257597, 3.56627682669696,#c8102e
-90.4011603326960, 3.56614163099784,#c8102e
-90.3981615222482, 3.56600030520137,#c8102e
-90.3951630069463, 3.56585284989804,#c8102e
-90.3921647993188, 3.56569926570397,#c8102e
-90.3891669118930, 3.56553955326085,#c8102e
-90.3861693571949, 3.56537371323603,#c8102e
-90.3831721477489, 3.56520174632240,#c8102e
-90.3801752960783, 3.56502365323851,#c8102e
-90.3771788147046, 3.56483943472847,#c8102e
-90.3741827161479, 3.56464909156198,#c8102e
-90.3711870129268, 3.56445262453436,#c8102e
-90.3681917175579, 3.56425003446649,#c8102e
-90.3651968425565, 3.56404132220485,#c8102e
-90.3622024004359, 3.56382648862149,#c8102e
-90.3592084037076, 3.56360553461404,#c8102e
-90.3562148648814, 3.56337846110571,#c8102e
-90.3532217964650, 3.56314526904526,#c8102e
-90.3502292109643, 3.56290595940704,#c8102e
-90.3472371208830, 3.56266053319094,#c8102e
-90.3442455387228, 3.56240899142241,#c8102e
-90.3412544769834, 3.56215133515246,#c8102e
-90.3382639481623, 3.56188756545765,#c8102e
-90.3352739647545, 3.56161768344007,#c8102e
-90.3322845392530, 3.56134169022737,#c8102e
-90.3292956841485, 3.56105958697270,#c8102e
-90.3263074119290, 3.56077137485478,#c8102e
-90.3233197350805, 3.56047705507783,#c8102e
-90.3203326660862, 3.56017662887158,#c8102e
-90.3173462174268, 3.55987009749131,#c8102e
-90.3143604015805, 3.55955746221778,#c8102e
-90.3113752310228, 3.55923872435725,#c8102e
-90.3083907182266, 3.55891388524150,#c8102e
-90.3054068756618, 3.55858294622779,#c8102e
-90.3024237157957, 3.55824590869887,#c8102e
-90.2994412510929, 3.55790277406296,#c8102e
-90.2964594940147, 3.55755354375378,#c8102e
-90.2934784570197, 3.55719821923050,#c8102e
-90.2904981525635, 3.55683680197775,#c8102e
-90.2875185930985, 3.55646929350564,#c8102e
-90.2845397910742, 3.55609569534970,#c8102e
-90.2815617589367, 3.55571600907092,#c8102e
-90.2785845091290, 3.55533023625574,#c8102e
-90.2756080540909, 3.55493837851602,#c8102e
-90.2726324062587, 3.55454043748902,#c8102e
-90.2696575780654, 3.55413641483747,#c8102e
-90.2666835819408, 3.55372631224946,#c8102e
-90.2637104303108, 3.55331013143851,#c8102e
-90.2607381355981, 3.55288787414354,#c8102e
-90.2577667102217, 3.55245954212883,#c8102e
-90.2547961665970, 3.55202513718409,#c8102e
-90.2518265171357, 3.55158466112435,#c8102e
-90.2488577742458, 3.55113811579005,#c8102e
-90.2458899503313, 3.55068550304696,#c8102e
-90.2429230577928, 3.55022682478623,#c8102e
-90.2399571090265, 3.54976208292432,#c8102e
-90.2369921164251, 3.54929127940304,#c8102e
-90.2340280923769, 3.54881441618955,#c8102e
-90.2310650492666, 3.54833149527628,#c8102e
-90.2281029994744, 3.54784251868102,#c8102e
-90.2251419553765, 3.54734748844684,#c8102e
-90.2221819293450, 3.54684640664209,#c8102e
-90.2192229337476, 3.54633927536043,#c8102e
-90.2162649809478, 3.54582609672078,#c8102e
-90.2133080833046, 3.54530687286734,#c8102e
-90.2103522531728, 3.54478160596956,#c8102e
-90.2073975029025, 3.54425029822214,#c8102e
-90.2044438448394, 3.54371295184501,#c8102e
-90.2014912913248, 3.54316956908336,#c8102e
-90.1985398546952, 3.54262015220758,#c8102e
-90.1955895472824, 3.54206470351326,#c8102e
-90.1926403814135, 3.54150322532123,#c8102e
-90.1896923694110, 3.54093571997748,#c8102e
-90.1867455235923, 3.54036218985319,#c8102e
-90.1837998562703, 3.53978263734473,#c8102e
-90.1808553797526, 3.53919706487361,#c8102e
-90.1779121063420, 3.53860547488651,#c8102e
-90.1749700483363, 3.53800786985524,#c8102e
-90.1720292180282, 3.53740425227675,#c8102e
-90.1690896277052, 3.53679462467311,#c8102e
-90.1661512896496, 3.53617898959151,#c8102e
-90.1632142161387, 3.53555734960422,#c8102e
-90.1602784194443, 3.53492970730862,#c8102e
-90.1573439118329, 3.53429606532716,#c8102e
-90.1544107055656, 3.53365642630736,#c8102e
-90.1514788128981, 3.53301079292180,#c8102e
-90.1485482460806, 3.53235916786811,#c8102e
-90.1456190173578, 3.53170155386893,#c8102e
-90.1426911389688, 3.53103795367195,#c8102e
-90.1397646231470, 3.53036837004987,#c8102e
-90.1368394821202, 3.52969280580037,#c8102e
-90.1339157281102, 3.52901126374615,#c8102e
-90.1309933733334, 3.52832374673485,#c8102e
-90.1280724300001, 3.52763025763911,#c8102e
-90.1251529103148, 3.52693079935650,#c8102e
-90.1222348264759, 3.52622537480953,#c8102e
-90.1193181906760, 3.52551398694566,#c8102e
-90.1164030151015, 3.52479663873725,#c8102e
-90.1134893119328, 3.52407333318156,#c8102e
-90.1105770933440, 3.52334407330075,#c8102e
-90.1076663715033, 3.52260886214185,#c8102e
-90.1047571585723, 3.52186770277678,#c8102e
-90.1018494667065, 3.52112059830228,#c8102e
-90.0989433080550, 3.52036755183996,#c8102e
-90.0960386947605, 3.51960856653622,#c8102e
-90.0931356389591, 3.51884364556232,#c8102e
-90.0902341527806, 3.51807279211429,#c8102e
-90.0873342483482, 3.51729600941295,#c8102e
-90.0844359377784, 3.51651330070391,#c8102e
-90.0815392331811, 3.51572466925751,#c8102e
-90.0786441466595, 3.51493011836888,#c8102e
-90.0757506903099, 3.51412965135784,#c8102e
-90.0728588762222, 3.51332327156897,#c8102e
-90.0699687164788, 3.51251098237151,#c8102e
-90.0670802231558, 3.51169278715942,#c8102e
-90.0641934083220, 3.51086868935134,#c8102e
-90.0613082840391, 3.51003869239056,#c8102e
-90.0584248623621, 3.50920279974502,#c8102e
-90.0555431553386, 3.50836101490730,#c8102e
-90.0526631750092, 3.50751334139459,#c8102e
-90.0497849334070, 3.50665978274869,#c8102e
-90.0469084425583, 3.50580034253600,#c8102e
-90.0440337144816, 3.50493502434746,#c8102e
-90.0411607611884, 3.50406383179862,#c8102e
-90.0382895946825, 3.50318676852952,#c8102e
-90.0354202269606, 3.50230383820478,#c8102e
-90.0325526700114, 3.50141504451351,#c8102e
-90.0296869358165, 3.50052039116931,#c8102e
-90.0268230363496, 3.49961988191027,#c8102e
-90.0239609835768, 3.49871352049896,#c8102e
-90.0211007894565, 3.49780131072239,#c8102e
-90.0182424659393, 3.49688325639201,#c8102e
-90.0153860249681, 3.49595936134369,#c8102e
-90.0125314784778, 3.49502962943770,#c8102e
-90.0096788383955, 3.49409406455870,#c8102e
-90.0068281166401, 3.49315267061571,#c8102e
-90.0039793251228, 3.49220545154214,#c8102e
-90.0011324757466, 3.49125241129571,#c8102e
-89.9982875804063, 3.49029355385846,#c8102e
-89.9954446509886, 3.48932888323675,#c8102e
-89.9926036993721, 3.48835840346122,#c8102e
-89.9897647374269, 3.48738211858679,#c8102e
-89.9869277770150, 3.48640003269263,#c8102e
-89.9840928299899, 3.48541214988215,#c8102e
-89.9812599081968, 3.48441847428297,#c8102e
-89.9784290234724, 3.48341901004694,#c8102e
-89.9756001876447, 3.48241376135007,#c8102e
-89.9727734125335, 3.48140273239255,#c8102e
-89.9699487099498, 3.48038592739872,#c8102e
-89.9671260916958, 3.47936335061706,#c8102e
-89.9643055695652, 3.47833500632015,#c8102e
-89.9614871553428, 3.47730089880469,#c8102e
-89.9586708608048, 3.47626103239145,#c8102e
-89.9558566977183, 3.47521541142525,#c8102e
-89.9530446778417, 3.47416404027496,#c8102e
-89.9502348129242, 3.47310692333350,#c8102e
-89.9474271147063, 3.47204406501777,#c8102e
-89.9446215949192, 3.47097546976866,#c8102e
-89.9418182652851, 3.46990114205105,#c8102e
-89.9390171375170, 3.46882108635375,#c8102e
-89.9362182233189, 3.46773530718951,#c8102e
-89.9334215343852, 3.46664380909500,#c8102e
-89.9306270824012, 3.46554659663079,#c8102e
-89.9278348790429, 3.46444367438131,#c8102e
-89.9250449359769, 3.46333504695485,#c8102e
-89.9222572648603, 3.46222071898354,#c8102e
-89.9194718773406, 3.46110069512335,#c8102e
-89.9166887850560, 3.45997498005401,#c8102e
-89.9139079996348, 3.45884357847905,#c8102e
-89.9111295326960, 3.45770649512577,#c8102e
-89.9083533958487, 3.45656373474519,#c8102e
-89.9055796006924, 3.45541530211207,#c8102e
-89.9028081588166, 3.45426120202484,#c8102e
-89.9000390818012, 3.45310143930564,#c8102e
-89.8972723812160, 3.45193601880026,#c8102e
-89.8945080686211, 3.45076494537812,#c8102e
-89.8917461555665, 3.44958822393228,#c8102e
-89.8889866535922, 3.44840585937938,#c8102e
-89.8862295742281, 3.44721785665964,#c8102e
-89.8834749289939, 3.44602422073685,#c8102e
-89.8807227293994, 3.44482495659833,#c8102e
-89.8779729869438, 3.44362006925491,#c8102e
-89.8752257131164, 3.44240956374092,#c8102e
-89.8724809193959, 3.44119344511418,#c8102e
-89.8697386172508, 3.43997171845593,#c8102e
-89.8669988181392, 3.43874438887087,#c8102e
-89.8642615335087, 3.43751146148710,#c8102e
-89.8615267747963, 3.43627294145611,#c8102e
-89.8587945534286, 3.43502883395276,#c8102e
-89.8560648808214, 3.43377914417524,#c8102e
-89.8533377683801, 3.43252387734509,#c8102e
-89.8506132274993, 3.43126303870713,#c8102e
-89.8478912695628, 3.42999663352948,#c8102e
-89.8451719059436, 3.42872466710351,#c8102e
-89.8424551480039, 3.42744714474381,#c8102e
-89.8397410070951, 3.42616407178821,#c8102e
-89.8370294945575, 3.42487545359772,#c8102e
-89.8343206217206, 3.42358129555652,#c8102e
-89.8316143999027, 3.42228160307193,#c8102e
-89.8289108404111, 3.42097638157441,#c8102e
-89.8262099545419, 3.41966563651752,#c8102e
-89.8235117535803, 3.41834937337787,#c8102e
-89.8208162487999, 3.41702759765517,#c8102e
-89.8181234514633, 3.41570031487212,#c8102e
-89.8154333728216, 3.41436753057447,#c8102e
-89.8127460241148, 3.41302925033093,#c8102e
-89.8100614165713, 3.41168547973318,#c8102e
-89.8073795614080, 3.41033622439585,#c8102e
-89.8047004698304, 3.40898148995646,#c8102e
-89.8020241530325, 3.40762128207546,#c8102e
-89.0000000000000, 3.00000000000000,#c8102e
-89.0000000000000, 3.19790000000000,#c8102e
