x,y,fill
 49.9975246311395836, 4.74975246311396e+01,#9b7653
 49.9957258610479798, 4.76537550205837e+01,#9b7653
 49.9934389092878746, 4.78099790264578e+01,#9b7653
 49.9906637981901341, 4.79661951233175e+01,#9b7653
 49.9874005548522433, 4.81224017857958e+01,#9b7653
 49.9836492111380437, 4.82785974886177e+01,#9b7653
 49.9794098036773988, 4.84347807066153e+01,#9b7653
 49.9746823738658819, 4.85909499147424e+01,#9b7653
 49.9694669678643208, 4.87471035880900e+01,#9b7653
 49.9637636365983795, 4.89032402019003e+01,#9b7653
 49.9575724357580597, 4.90593582315825e+01,#9b7653
 49.9508934257971404, 4.92154561527270e+01,#9b7653
 49.9437266719326090, 4.93715324411206e+01,#9b7653
 49.9360722441439933, 4.95275855727615e+01,#9b7653
 49.9279302171727082, 4.96836140238738e+01,#9b7653
 49.9193006705213307, 4.98396162709226e+01,#9b7653
 49.9101836884527827, 4.99955907906290e+01,#9b7653
 49.9005793599895497, 5.01515360599848e+01,#9b7653
 49.8904877789127852, 5.03074505562675e+01,#9b7653
 49.8799090437614083, 5.04633327570547e+01,#9b7653
 49.8688432578311520, 5.06191811402399e+01,#9b7653
 49.8572905291735182, 5.07749941840464e+01,#9b7653
 49.8452509705947620, 5.09307703670428e+01,#9b7653
 49.8327246996547686, 5.10865081681575e+01,#9b7653
 49.8197118386659028, 5.12422060666936e+01,#9b7653
 49.8062125146918433, 5.13978625423441e+01,#9b7653
 49.7922268595463038, 5.15534760752063e+01,#9b7653
 49.7777550097917612, 5.17090451457967e+01,#9b7653
 49.7627971067381267, 5.18645682350662e+01,#9b7653
 49.7473532964413820, 5.20200438244146e+01,#9b7653
 49.7314237297021151, 5.21754703957053e+01,#9b7653
 49.7150085620640638, 5.23308464312806e+01,#9b7653
 49.6981079538126096, 5.24861704139762e+01,#9b7653
 49.6807220699732071, 5.26414408271360e+01,#9b7653
 49.6628510803097640, 5.27966561546270e+01,#9b7653
 49.6444951593229860, 5.29518148808541e+01,#9b7653
 49.6256544862486777, 5.31069154907749e+01,#9b7653
 49.6063292450559885, 5.32619564699144e+01,#9b7653
 49.5865196244456214, 5.34169363043799e+01,#9b7653
 49.5662258178479860, 5.35718534808758e+01,#9b7653
 49.5454480234213008, 5.37267064867183e+01,#9b7653
 49.5241864440496755, 5.38814938098502e+01,#9b7653
 49.5024412873411350, 5.40362139388554e+01,#9b7653
 49.4802127656255593, 5.41908653629744e+01,#9b7653
 49.4575010959526367, 5.43454465721182e+01,#9b7653
 49.4343065000897468, 5.44999560568836e+01,#9b7653
 49.4106292045197790, 5.46543923085675e+01,#9b7653
 49.3864694404389226, 5.48087538191822e+01,#9b7653
 49.3618274437544287, 5.49630390814696e+01,#9b7653
 49.3367034550822865, 5.51172465889162e+01,#9b7653
 49.3110977197448861, 5.52713748357677e+01,#9b7653
 49.2850104877686022, 5.54254223170438e+01,#9b7653
 49.2584420138813783, 5.55793875285527e+01,#9b7653
 49.2313925575102331, 5.57332689669061e+01,#9b7653
 49.2038623827787234, 5.58870651295336e+01,#9b7653
 49.1758517585043577, 5.60407745146975e+01,#9b7653
 49.1473609581959821, 5.61943956215073e+01,#9b7653
 49.1183902600511004, 5.63479269499348e+01,#9b7653
 49.0889399469531895, 5.65013670008280e+01,#9b7653
 49.0590103064688634, 5.66547142759266e+01,#9b7653
 49.0286016308451664, 5.68079672778760e+01,#9b7653
 48.9977142170066173, 5.69611245102422e+01,#9b7653
 48.9663483665523955, 5.71141844775262e+01,#9b7653
 48.9345043857533497, 5.72671456851788e+01,#9b7653
 48.9021825855490064, 5.74200066396153e+01,#9b7653
 48.8693832815445504, 5.75727658482298e+01,#9b7653
 48.8361067940077405, 5.77254218194098e+01,#9b7653
 48.8023534478657695, 5.78779730625509e+01,#9b7653
 48.7681235727021232, 5.80304180880715e+01,#9b7653
 48.7334175027533192, 5.81827554074270e+01,#9b7653
 48.6982355769056596, 5.83349835331243e+01,#9b7653
 48.6625781386919414, 5.84871009787370e+01,#9b7653
 48.6264455362880881, 5.86391062589190e+01,#9b7653
 48.5898381225097324, 5.87909978894197e+01,#9b7653
 48.5527562548087985, 5.89427743870980e+01,#9b7653
 48.5152002952700059, 5.90944342699373e+01,#9b7653
 48.4771706106073097, 5.92459760570593e+01,#9b7653
 48.4386675721603623, 5.93973982687393e+01,#9b7653
 48.3996915558908540, 5.95486994264197e+01,#9b7653
 48.3602429423788465, 5.96998780527254e+01,#9b7653
 48.3203221168190638, 5.98509326714774e+01,#9b7653
 48.2799294690171408, 6.00018618077078e+01,#9b7653
 48.2390653933857863, 6.01526639876737e+01,#9b7653
 48.1977302889409671, 6.03033377388723e+01,#9b7653
 48.1559245592979934, 6.04538815900543e+01,#9b7653
 48.1136486126675678, 6.06042940712391e+01,#9b7653
 48.0709028618518275, 6.07545737137290e+01,#9b7653
 48.0276877242402946, 6.09047190501232e+01,#9b7653
 47.9840036218057975, 6.10547286143322e+01,#9b7653
 47.9398509811003564, 6.12046009415925e+01,#9b7653
 47.8952302332510271, 6.13543345684806e+01,#9b7653
 47.8501418139556662, 6.15039280329272e+01,#9b7653
 47.8045861634787173, 6.16533798742317e+01,#9b7653
 47.7585637266468623, 6.18026886330764e+01,#9b7653
 47.7120749528447305, 6.19518528515407e+01,#9b7653
 47.6651202960104570, 6.21008710731154e+01,#9b7653
 47.6177002146312844, 6.22497418427167e+01,#9b7653
 47.5698151717391013, 6.23984637067008e+01,#9b7653
 47.5214656349058657, 6.25470352128778e+01,#9b7653
 47.4726520762390862, 6.26954549105259e+01,#9b7653
 47.4233749723772036, 6.28437213504059e+01,#9b7653
 47.3736348044849223, 6.29918330847747e+01,#9b7653
 47.3234320582485211, 6.31397886674001e+01,#9b7653
 47.2727672238711136, 6.32875866535745e+01,#9b7653
 47.2216407960678595, 6.34352256001291e+01,#9b7653
 47.1700532740611251, 6.35827040654483e+01,#9b7653
 47.1180051615756312, 6.37300206094832e+01,#9b7653
 47.0654969668334999, 6.38771737937661e+01,#9b7653
 47.0125292025493238, 6.40241621814246e+01,#9b7653
 46.9591023859251493, 6.41709843371951e+01,#9b7653
 46.9052170386454179, 6.43176388274374e+01,#9b7653
 46.8508736868718856, 6.44641242201484e+01,#9b7653
 46.7960728612384713, 6.46104390849763e+01,#9b7653
 46.7408150968460916, 6.47565819932341e+01,#9b7653
 46.6851009332574165, 6.49025515179141e+01,#9b7653
 46.6289309144916189, 6.50483462337015e+01,#9b7653
 46.5723055890190523, 6.51939647169886e+01,#9b7653
 46.5152255097559078, 6.53394055458882e+01,#9b7653
 46.4576912340587853, 6.54846673002480e+01,#9b7653
 46.3997033237192795, 6.56297485616643e+01,#9b7653
 46.3412623449585084, 6.57746479134958e+01,#9b7653
 46.2823688684215284, 6.59193639408772e+01,#9b7653
 46.2230234691718067, 6.60638952307337e+01,#9b7653
 46.1632267266856005, 6.62082403717941e+01,#9b7653
 46.1029792248463011, 6.63523979546048e+01,#9b7653
 46.0422815519387143, 6.64963665715436e+01,#9b7653
 45.9811343006433191, 6.66401448168338e+01,#9b7653
 45.9195380680305121, 6.67837312865571e+01,#9b7653
 45.8574934555547244, 6.69271245786680e+01,#9b7653
 45.7950010690486096, 6.70703232930074e+01,#9b7653
 45.7320615187170603, 6.72133260313160e+01,#9b7653
 45.6686754191313184, 6.73561313972481e+01,#9b7653
 45.6048433892229355, 6.74987379963853e+01,#9b7653
 45.5405660522777112, 6.76411444362499e+01,#9b7653
 45.4758440359296614, 6.77833493263189e+01,#9b7653
 45.4106779721548506, 6.79253512780371e+01,#9b7653
 45.3450684972652169, 6.80671489048311e+01,#9b7653
 45.2790162519023909, 6.82087408221224e+01,#9b7653
 45.2125218810314067, 6.83501256473412e+01,#9b7653
 45.1455860339344213, 6.84913019999400e+01,#9b7653
 45.0782093642043833, 6.86322685014068e+01,#9b7653
 45.0103925297386382, 6.87730237752786e+01,#9b7653
 44.9421361927324980, 6.89135664471551e+01,#9b7653
 44.8734410196727751, 6.90538951447119e+01,#9b7653
 44.8043076813312950, 6.91940084977139e+01,#9b7653
 44.7347368527583455, 6.93339051380287e+01,#9b7653
 44.6647292132760469, 6.94735836996400e+01,#9b7653
 44.5942854464717655, 6.96130428186610e+01,#9b7653
 44.5234062401914130, 6.97522811333476e+01,#9b7653
 44.4520922865327250, 6.98912972841117e+01,#9b7653
 44.3803442818385321, 7.00300899135345e+01,#9b7653
 44.3081629266899455, 7.01686576663798e+01,#9b7653
 44.2355489258994865, 7.03069991896072e+01,#9b7653
 44.1625029885042508, 7.04451131323855e+01,#9b7653
 44.0890258277589666, 7.05829981461052e+01,#9b7653
 44.0151181611290170, 7.07206528843928e+01,#9b7653
 43.9407807102834553, 7.08580760031227e+01,#9b7653
 43.8660142010879497, 7.09952661604315e+01,#9b7653
 43.7908193635976914, 7.11322220167302e+01,#9b7653
 43.7151969320502545, 7.12689422347177e+01,#9b7653
 43.6391476448584754, 7.14054254793938e+01,#9b7653
 43.5626722446031849, 7.15416704180722e+01,#9b7653
 43.4857714780259812, 7.16776757203936e+01,#9b7653
 43.4084460960219545, 7.18134400583385e+01,#9b7653
 43.3306968536323112, 7.19489621062404e+01,#9b7653
 43.2525245100370626, 7.20842405407986e+01,#9b7653
 43.1739298285475499, 7.22192740410911e+01,#9b7653
 43.0949135765990334, 7.23540612885877e+01,#9b7653
 43.0154765257431819, 7.24886009671625e+01,#9b7653
 42.9356194516405409, 7.26228917631072e+01,#9b7653
 42.8553431340529727, 7.27569323651435e+01,#9b7653
 42.7746483568359892, 7.28907214644364e+01,#9b7653
 42.6935359079311993, 7.30242577546064e+01,#9b7653
 42.6120065793584928, 7.31575399317426e+01,#9b7653
 42.5300611672084017, 7.32905666944155e+01,#9b7653
 42.4477004716342918, 7.34233367436896e+01,#9b7653
 42.3649252968445396, 7.35558487831359e+01,#9b7653
 42.2817364510947016, 7.36881015188449e+01,#9b7653
 42.1981347466795995, 7.38200936594388e+01,#9b7653
 42.1141209999254116, 7.39518239160848e+01,#9b7653
 42.0296960311816790, 7.40832910025069e+01,#9b7653
 41.9448606648133193, 7.42144936349989e+01,#9b7653
 41.8596157291925479, 7.43454305324370e+01,#9b7653
 41.7739620566908272, 7.44761004162919e+01,#9b7653
 41.6879004836706955, 7.46065020106418e+01,#9b7653
 41.6014318504776526, 7.47366340421844e+01,#9b7653
 41.5145570014318821, 7.48664952402498e+01,#9b7653
 41.4272767848200942, 7.49960843368123e+01,#9b7653
 41.3395920528871628, 7.51254000665034e+01,#9b7653
 41.2515036618278614, 7.52544411666237e+01,#9b7653
 41.1630124717784582, 7.53832063771557e+01,#9b7653
 41.0741193468083736, 7.55116944407754e+01,#9b7653
 40.9848251549116682, 7.56399041028653e+01,#9b7653
 40.8951307679986300, 7.57678341115262e+01,#9b7653
 40.8050370618872478, 7.58954832175897e+01,#9b7653
 40.7145449162946278, 7.60228501746301e+01,#9b7653
 40.6236552148284389, 7.61499337389769e+01,#9b7653
 40.5323688449782651, 7.62767326697266e+01,#9b7653
 40.4406866981069513, 7.64032457287551e+01,#9b7653
 40.3486096694418848, 7.65294716807298e+01,#9b7653
 40.2561386580662841, 7.66554092931212e+01,#9b7653
 40.1632745669103883, 7.67810573362157e+01,#9b7653
 40.0700183027426391, 7.69064145831270e+01,#9b7653
 39.9763707761608487, 7.70314798098081e+01,#9b7653
 39.8823329015833110, 7.71562517950637e+01,#9b7653
 39.7879055972398419, 7.72807293205618e+01,#9b7653
 39.6930897851628472, 7.74049111708454e+01,#9b7653
 39.5978863911782710, 7.75287961333450e+01,#9b7653
 39.5022963448966422, 7.76523829983896e+01,#9b7653
 39.4063205797039089, 7.77756705592194e+01,#9b7653
 39.3099600327523504, 7.78986576119969e+01,#9b7653
 39.2132156449514611, 7.80213429558189e+01,#9b7653
 39.1160883609587273, 7.81437253927283e+01,#9b7653
 39.0185791291704120, 7.82658037277257e+01,#9b7653
 38.9206889017122890, 7.83875767687811e+01,#9b7653
 38.8224186344303632, 7.85090433268456e+01,#9b7653
 38.7237692868815131, 7.86302022158628e+01,#9b7653
 38.6247418223241539, 7.87510522527806e+01,#9b7653
 38.5253372077087946, 7.88715922575627e+01,#9b7653
 38.4255564136686161, 7.89918210532000e+01,#9b7653
 38.3254004145099998, 7.91117374657223e+01,#9b7653
 38.2248701882030062, 7.92313403242097e+01,#9b7653
 38.1239667163718181, 7.93506284608039e+01,#9b7653
 38.0226909842851484, 7.94696007107196e+01,#9b7653
 37.9210439808466688, 7.95882559122561e+01,#9b7653
 37.8190266985852830, 7.97065929068085e+01,#9b7653
 37.7166401336454982, 7.98246105388789e+01,#9b7653
 37.6138852857776413, 7.99423076560881e+01,#9b7653
 37.5107631583281673, 8.00596831091862e+01,#9b7653
 37.4072747582297680, 8.01767357520644e+01,#9b7653
 37.3034210959916379, 8.02934644417658e+01,#9b7653
 37.1992031856895551, 8.04098680384970e+01,#9b7653
 37.0946220449559547, 8.05259454056387e+01,#9b7653
 36.9896786949700527, 8.06416954097572e+01,#9b7653
 36.8843741604478481, 8.07571169206152e+01,#9b7653
 36.7787094696320906, 8.08722088111832e+01,#9b7653
 36.6726856542822901, 8.09869699576499e+01,#9b7653
 36.5663037496646055, 8.11013992394339e+01,#9b7653
 36.4595647945417340, 8.12154955391941e+01,#9b7653
 36.3524698311628072, 8.13292577428408e+01,#9b7653
 36.2450199052531730, 8.14426847395467e+01,#9b7653
 36.1372160660041999, 8.15557754217573e+01,#9b7653
 36.0290593660630236, 8.16685286852025e+01,#9b7653
 35.9205508615223081, 8.17809434289064e+01,#9b7653
 35.8116916119098647, 8.18930185551990e+01,#9b7653
 35.7024826801783632, 8.20047529697263e+01,#9b7653
 35.5929251326949299, 8.21161455814612e+01,#9b7653
 35.4830200392307304, 8.22271953027139e+01,#9b7653
 35.3727684729505611, 8.23379010491432e+01,#9b7653
 35.2621715104023039, 8.24482617397662e+01,#9b7653
 35.1512302315064673, 8.25582762969696e+01,#9b7653
 35.0399457195456208, 8.26679436465196e+01,#9b7653
 34.9283190611538501, 8.27772627175730e+01,#9b7653
 34.8163513463060710, 8.28862324426871e+01,#9b7653
 34.7040436683074773, 8.29948517578307e+01,#9b7653
 34.5913971237827980, 8.31031196023938e+01,#9b7653
 34.4784128126656171, 8.32110349191985e+01,#9b7653
 34.3650918381876309, 8.33185966545092e+01,#9b7653
 34.2514353068678830, 8.34258037580428e+01,#9b7653
 34.1374443285019282, 8.35326551829788e+01,#9b7653
 34.0231200161510614, 8.36391498859701e+01,#9b7653
 33.9084634861313603, 8.37452868271524e+01,#9b7653
 33.7934758580028429, 8.38510649701549e+01,#9b7653
 33.6781582545585465, 8.39564832821105e+01,#9b7653
 33.5625118018135282, 8.40615407336652e+01,#9b7653
 33.4465376289938732, 8.41662362989891e+01,#9b7653
 33.3302368685256951, 8.42705689557856e+01,#9b7653
 33.2136106560240592, 8.43745376853018e+01,#9b7653
 33.0966601302818759, 8.44781414723384e+01,#9b7653
 32.9793864332588313, 8.45813793052594e+01,#9b7653
 32.8617907100701956, 8.46842501760025e+01,#9b7653
 32.7438741089756462, 8.47867530800882e+01,#9b7653
 32.6256377813680700, 8.48888870166302e+01,#9b7653
 32.5070828817623294, 8.49906509883450e+01,#9b7653
 32.3882105677839292, 8.50920440015614e+01,#9b7653
 32.2690220001577899, 8.51930650662307e+01,#9b7653
 32.1495183426968794, 8.52937131959359e+01,#9b7653
 32.0297007622908438, 8.53939874079016e+01,#9b7653
 31.9095704288946251, 8.54938867230034e+01,#9b7653
 31.7891285155170173, 8.55934101657776e+01,#9b7653
 31.6683761982092378, 8.56925567644307e+01,#9b7653
 31.5473146560534374, 8.57913255508491e+01,#9b7653
 31.4259450711511832, 8.58897155606079e+01,#9b7653
 31.3042686286118972, 8.59877258329811e+01,#9b7653
 31.1822865165413248, 8.60853554109506e+01,#9b7653
 31.0599999260299064, 8.61826033412154e+01,#9b7653
 30.9374100511411463, 8.62794686742012e+01,#9b7653
 30.8145180888999626, 8.63759504640695e+01,#9b7653
 30.6913252392809923, 8.64720477687271e+01,#9b7653
 30.5678327051968886, 8.65677596498348e+01,#9b7653
 30.4440416924865502, 8.66630851728171e+01,#9b7653
 30.3199534099033734, 8.67580234068708e+01,#9b7653
 30.1955690691034278, 8.68525734249748e+01,#9b7653
 30.0708898846336332, 8.69467343038982e+01,#9b7653
 29.9459170739199045, 8.70405051242103e+01,#9b7653
 29.8206518572552710, 8.71338849702889e+01,#9b7653
 29.6950954577879287, 8.72268729303293e+01,#9b7653
 29.5692491015093388, 8.73194680963538e+01,#9b7653
 29.4431140172422268, 8.74116695642196e+01,#9b7653
 29.3166914366285845, 8.75034764336286e+01,#9b7653
 29.1899825941176765, 8.75948878081355e+01,#9b7653
 29.0629887269539431, 8.76859027951568e+01,#9b7653
 28.9357110751649387, 8.77765205059796e+01,#9b7653
 28.8081508815492384, 8.78667400557702e+01,#9b7653
 28.6803093916642808, 8.79565605635827e+01,#9b7653
 28.5521878538142033, 8.80459811523675e+01,#9b7653
 28.4237875190376670, 8.81350009489801e+01,#9b7653
 28.2951096410956566, 8.82236190841898e+01,#9b7653
 28.1661554764591884, 8.83118346926874e+01,#9b7653
 28.0369262842970812, 8.83996469130945e+01,#9b7653
 27.9074233264636717, 8.84870548879714e+01,#9b7653
 27.7776478674864435, 8.85740577638258e+01,#9b7653
 27.6476011745537207, 8.86606546911209e+01,#9b7653
 27.5172845175022900, 8.87468448242838e+01,#9b7653
 27.3866991688049772, 8.88326273217136e+01,#9b7653
 27.2558464035582588, 8.89180013457899e+01,#9b7653
 27.1247274994697811, 8.90029660628807e+01,#9b7653
 26.9933437368458868, 8.90875206433508e+01,#9b7653
 26.8616963985791379, 8.91716642615698e+01,#9b7653
 26.7297867701357781, 8.92553960959198e+01,#9b7653
 26.5976161395431348, 8.93387153288041e+01,#9b7653
 26.4651857973771207, 8.94216211466548e+01,#9b7653
 26.3324970367495865, 8.95041127399405e+01,#9b7653
 26.1995511532956904, 8.95861893031748e+01,#9b7653
 26.0663494451612756, 8.96678500349237e+01,#9b7653
 25.9328932129901553, 8.97490941378136e+01,#9b7653
 25.7991837599114575, 8.98299208185390e+01,#9b7653
 25.6652223915268713, 8.99103292878704e+01,#9b7653
 25.5310104158978817, 8.99903187606619e+01,#9b7653
 25.3965491435330435, 9.00698884558587e+01,#9b7653
 25.2618398873751637, 9.01490375965052e+01,#9b7653
 25.1268839627884653, 9.02277654097521e+01,#9b7653
 24.9916826875457758, 9.03060711268642e+01,#9b7653
 24.8562373818156246, 9.03839539832279e+01,#9b7653
 24.7205493681493600, 9.04614132183583e+01,#9b7653
 24.5846199714682712, 9.05384480759074e+01,#9b7653
 24.4484505190506063, 9.06150578036707e+01,#9b7653
 24.3120423405186372, 9.06912416535949e+01,#9b7653
 24.1753967678256672, 9.07669988817854e+01,#9b7653
 24.0385151352430384, 9.08423287485130e+01,#9b7653
 23.9013987793470584, 9.09172305182217e+01,#9b7653
 23.7640490390060144, 9.09917034595356e+01,#9b7653
 23.6264672553670607, 9.10657468452660e+01,#9b7653
 23.4886547718431267, 9.11393599524186e+01,#9b7653
 23.3506129340998143, 9.12125420622005e+01,#9b7653
 23.2123430900422392, 9.12852924600275e+01,#9b7653
 23.0738465898018674, 9.13576104355305e+01,#9b7653
 22.9351247857233602, 9.14294952825631e+01,#9b7653
 22.7961790323513398, 9.15009462992079e+01,#9b7653
 22.6570106864171770, 9.15719627877837e+01,#9b7653
 22.5176211068257501, 9.16425440548524e+01,#9b7653
 22.3780116546421546, 9.17126894112253e+01,#9b7653
 22.2381836930784189, 9.17823981719704e+01,#9b7653
 22.0981385874802108, 9.18516696564188e+01,#9b7653
 21.9578777053134964, 9.19205031881712e+01,#9b7653
 21.8174024161511753, 9.19888980951048e+01,#9b7653
 21.6767140916597256, 9.20568537093797e+01,#9b7653
 21.5358141055858106, 9.21243693674455e+01,#9b7653
 21.3947038337428204, 9.21914444100477e+01,#9b7653
 21.2533846539975073, 9.22580781822342e+01,#9b7653
 21.1118579462564959, 9.23242700333617e+01,#9b7653
 20.9701250924527969, 9.23900193171019e+01,#9b7653
 20.8281874765323352, 9.24553253914480e+01,#9b7653
 20.6860464844404426, 9.25201876187211e+01,#9b7653
 20.5437035041082723, 9.25846053655759e+01,#9b7653
 20.4011599254393268, 9.26485780030074e+01,#9b7653
 20.2584171402958191, 9.27121049063568e+01,#9b7653
 20.1154765424851227, 9.27751854553177e+01,#9b7653
 19.9723395277461400, 9.28378190339422e+01,#9b7653
 19.8290074937356806, 9.29000050306465e+01,#9b7653
 19.6854818400148055, 9.29617428382176e+01,#9b7653
 19.5417639680351805, 9.30230318538186e+01,#9b7653
 19.3978552811253770, 9.30838714789949e+01,#9b7653
 19.2537571844771733, 9.31442611196798e+01,#9b7653
 19.1094710851318368, 9.32042001862007e+01,#9b7653
 18.9649983919663754, 9.32636880932845e+01,#9b7653
 18.8203405156797743, 9.33227242600634e+01,#9b7653
 18.6754988687792611, 9.33813081100806e+01,#9b7653
 18.5304748655664646, 9.34394390712960e+01,#9b7653
 18.3852699221236335, 9.34971165760916e+01,#9b7653
 18.2398854562998025, 9.35543400612775e+01,#9b7653
 18.0943228876969577, 9.36111089680965e+01,#9b7653
 17.9485836376561281, 9.36674227422306e+01,#9b7653
 17.8026691292435721, 9.37232808338057e+01,#9b7653
 17.6565807872368552, 9.37786826973973e+01,#9b7653
 17.5103200381109225, 9.38336277920356e+01,#9b7653
 17.3638883100241905, 9.38881155812110e+01,#9b7653
 17.2172870328045917, 9.39421455328793e+01,#9b7653
 17.0705176379356232, 9.39957171194666e+01,#9b7653
 16.9235815585423346, 9.40488298178750e+01,#9b7653
 16.7764802293773947, 9.41014831094872e+01,#9b7653
 16.6292150868070259, 9.41536764801718e+01,#9b7653
 16.4817875687970172, 9.42054094202884e+01,#9b7653
 16.3341991148986558, 9.42566814246921e+01,#9b7653
 16.1864511662347006, 9.43074919927394e+01,#9b7653
 16.0385451654852531, 9.43578406282918e+01,#9b7653
 15.8904825568737476, 9.44077268397219e+01,#9b7653
 15.7422647861527967, 9.44571501399173e+01,#9b7653
 15.5938933005900857, 9.45061100462858e+01,#9b7653
 15.4453695489542522, 9.45546060807598e+01,#9b7653
 15.2966949815007300, 9.46026377698015e+01,#9b7653
 15.1478710499575708, 9.46502046444069e+01,#9b7653
 14.9988992075113075, 9.46973062401108e+01,#9b7653
 14.8497809087927397, 9.47439420969913e+01,#9b7653
 14.7005176098627324, 9.47901117596738e+01,#9b7653
 14.5511107681980008, 9.48358147773364e+01,#9b7653
 14.4015618426768874, 9.48810507037132e+01,#9b7653
 14.2518722935650821, 9.49258190970995e+01,#9b7653
 14.1020435825014161, 9.49701195203559e+01,#9b7653
 13.9520771724835573, 9.50139515409122e+01,#9b7653
 13.8019745278537158, 9.50573147307720e+01,#9b7653
 13.6517371142843853, 9.51002086665169e+01,#9b7653
 13.5013663987639916, 9.51426329293105e+01,#9b7653
 13.3508638495825700, 9.51845871049022e+01,#9b7653
 13.2002309363174639, 9.52260707836320e+01,#9b7653
 13.0494691298189469, 9.52670835604338e+01,#9b7653
 12.8985799021958591, 9.53076250348397e+01,#9b7653
 12.7475647268012438, 9.53476948109836e+01,#9b7653
 12.5964250782179761, 9.53872924976056e+01,#9b7653
 12.4451624322443006, 9.54264177080553e+01,#9b7653
 12.2937782658795065, 9.54650700602959e+01,#9b7653
 12.1422740573094501, 9.55032491769076e+01,#9b7653
 11.9906512858921399, 9.55409546850918e+01,#9b7653
 11.8389114321432825, 9.55781862166741e+01,#9b7653
 11.6870559777218457, 9.56149434081085e+01,#9b7653
 11.5350864054155426, 9.56512259004806e+01,#9b7653
 11.3830041991264199, 9.56870333395111e+01,#9b7653
 11.2308108438563252, 9.57223653755595e+01,#9b7653
 11.0785078256924123, 9.57572216636271e+01,#9b7653
 10.9260966317926407, 9.57916018633610e+01,#9b7653
 10.7735787503712555, 9.58255056390566e+01,#9b7653
 10.6209556706842179, 9.58589326596617e+01,#9b7653
 10.4682288830147261, 9.58918825987793e+01,#9b7653
 10.3153998786586225, 9.59243551346706e+01,#9b7653
 10.1624701499098364, 9.59563499502587e+01,#9b7653
 10.0094411900458198, 9.59878667331311e+01,#9b7653
  9.8563144933129792, 9.60189051755433e+01,#9b7653
  9.7030915549120280, 9.60494649744214e+01,#9b7653
  9.5497738709834685, 9.60795458313652e+01,#9b7653
  9.3963629385929295, 9.61091474526512e+01,#9b7653
  9.2428602557165611, 9.61382695492352e+01,#9b7653
  9.0892673212264050, 9.61669118367555e+01,#9b7653
  8.9355856348757765, 9.61950740355353e+01,#9b7653
  8.7818166972845759, 9.62227558705858e+01,#9b7653
  8.6279620099246905, 9.62499570716087e+01,#9b7653
  8.4740230751053041, 9.62766773729985e+01,#9b7653
  8.3200013959582257, 9.63029165138458e+01,#9b7653
  8.1658984764232283, 9.63286742379394e+01,#9b7653
  8.0117158212333539, 9.63539502937688e+01,#9b7653
  7.8574549359001962, 9.63787444345267e+01,#9b7653
  7.7031173266992532, 9.64030564181115e+01,#9b7653
  7.5487045006551803, 9.64268860071296e+01,#9b7653
  7.3942179655270888, 9.64502329688979e+01,#9b7653
  7.2396592297938138, 9.64730970754456e+01,#9b7653
  7.0850298026391982, 9.64954781035168e+01,#9b7653
  6.9303311939373531, 9.65173758345728e+01,#9b7653
  6.7755649142378820, 9.65387900547939e+01,#9b7653
  6.6207324747511898, 9.65597205550816e+01,#9b7653
  6.4658353873336907, 9.65801671310606e+01,#9b7653
  6.3108751644730443, 9.66001295830811e+01,#9b7653
  6.1558533192733984, 9.66196077162203e+01,#9b7653
  6.0007713654406230, 9.66386013402846e+01,#9b7653
  5.8456308172674794, 9.66571102698114e+01,#9b7653
  5.6904331896189078, 9.66751343240709e+01,#9b7653
  5.5351799979171865, 9.66926733270676e+01,#9b7653
  5.3798727581271475, 9.67097271075426e+01,#9b7653
  5.2245129867413738, 9.67262954989749e+01,#9b7653
  5.0691022007654043, 9.67423783395828e+01,#9b7653
  4.9136419177028694, 9.67579754723260e+01,#9b7653
  4.7581336555407541, 9.67730867449067e+01,#9b7653
  4.6025789327345139, 9.67877120097715e+01,#9b7653
  4.4469792681932745, 9.68018511241124e+01,#9b7653
  4.2913361812649899, 9.68155039498685e+01,#9b7653
  4.1356511917216228, 9.68286703537272e+01,#9b7653
  3.9799258197442602, 9.68413502071255e+01,#9b7653
  3.8241615859083340, 9.68535433862515e+01,#9b7653
  3.6683600111687307, 9.68652497720452e+01,#9b7653
  3.5125226168449522, 9.68764692502001e+01,#9b7653
  3.3566509246062575, 9.68872017111638e+01,#9b7653
  3.2007464564568191, 9.68974470501395e+01,#9b7653
  3.0448107347208144, 9.69072051670871e+01,#9b7653
  2.8888452820276305, 9.69164759667237e+01,#9b7653
  2.7328516212969487, 9.69252593585249e+01,#9b7653
  2.5768312757238876, 9.69335552567254e+01,#9b7653
  2.4207857687641283, 9.69413635803204e+01,#9b7653
  2.2647166241190515, 9.69486842530656e+01,#9b7653
  2.1086253657208140, 9.69555172034785e+01,#9b7653
  1.9525135177175339, 9.69618623648391e+01,#9b7653
  1.7963826044583662, 9.69677196751903e+01,#9b7653
  1.6402341504786266, 9.69730890773384e+01,#9b7653
  1.4840696804849072, 9.69779705188542e+01,#9b7653
  1.3278907193401994, 9.69823639520730e+01,#9b7653
  1.1716987920489590, 9.69862693340953e+01,#9b7653
  1.0154954237422833, 9.69896866267869e+01,#9b7653
  0.8592821396629735, 9.69926157967800e+01,#9b7653
  0.7030604651506530, 9.69950568154727e+01,#9b7653
  0.5468319256268737, 9.69970096590298e+01,#9b7653
  0.3905980465802312, 9.69984743083827e+01,#9b7653
  0.2343603535514261, 9.69994507492301e+01,#9b7653
  0.0781203721184333, 9.69999389720374e+01,#9b7653
 -0.0781203721184383, 9.69999389720374e+01,#9b7653
 -0.2343603535514311, 9.69994507492301e+01,#9b7653
 -0.3905980465802362, 9.69984743083827e+01,#9b7653
 -0.5468319256268785, 9.69970096590298e+01,#9b7653
 -0.7030604651506580, 9.69950568154727e+01,#9b7653
 -0.8592821396629785, 9.69926157967800e+01,#9b7653
 -1.0154954237422882, 9.69896866267869e+01,#9b7653
 -1.1716987920489641, 9.69862693340953e+01,#9b7653
 -1.3278907193402043, 9.69823639520730e+01,#9b7653
 -1.4840696804849123, 9.69779705188542e+01,#9b7653
 -1.6402341504786315, 9.69730890773384e+01,#9b7653
 -1.7963826044583711, 9.69677196751903e+01,#9b7653
 -1.9525135177175392, 9.69618623648391e+01,#9b7653
 -2.1086253657208189, 9.69555172034785e+01,#9b7653
 -2.2647166241190568, 9.69486842530656e+01,#9b7653
 -2.4207857687641443, 9.69413635803204e+01,#9b7653
 -2.5768312757238920, 9.69335552567254e+01,#9b7653
 -2.7328516212969536, 9.69252593585249e+01,#9b7653
 -2.8888452820276358, 9.69164759667237e+01,#9b7653
 -3.0448107347208193, 9.69072051670871e+01,#9b7653
 -3.2007464564568240, 9.68974470501395e+01,#9b7653
 -3.3566509246062735, 9.68872017111638e+01,#9b7653
 -3.5125226168449570, 9.68764692502001e+01,#9b7653
 -3.6683600111687356, 9.68652497720452e+01,#9b7653
 -3.8241615859083389, 9.68535433862515e+01,#9b7653
 -3.9799258197442651, 9.68413502071255e+01,#9b7653
 -4.1356511917216281, 9.68286703537272e+01,#9b7653
 -4.2913361812650059, 9.68155039498685e+01,#9b7653
 -4.4469792681932798, 9.68018511241124e+01,#9b7653
 -4.6025789327345192, 9.67877120097715e+01,#9b7653
 -4.7581336555407594, 9.67730867449067e+01,#9b7653
 -4.9136419177028756, 9.67579754723260e+01,#9b7653
 -5.0691022007654087, 9.67423783395828e+01,#9b7653
 -5.2245129867413906, 9.67262954989749e+01,#9b7653
 -5.3798727581271528, 9.67097271075426e+01,#9b7653
 -5.5351799979171918, 9.66926733270676e+01,#9b7653
 -5.6904331896189122, 9.66751343240709e+01,#9b7653
 -5.8456308172674847, 9.66571102698114e+01,#9b7653
 -6.0007713654406274, 9.66386013402846e+01,#9b7653
 -6.1558533192734144, 9.66196077162203e+01,#9b7653
 -6.3108751644730479, 9.66001295830811e+01,#9b7653
 -6.4658353873336942, 9.65801671310606e+01,#9b7653
 -6.6207324747511951, 9.65597205550816e+01,#9b7653
 -6.7755649142378864, 9.65387900547939e+01,#9b7653
 -6.9303311939373584, 9.65173758345728e+01,#9b7653
 -7.0850298026392142, 9.64954781035168e+01,#9b7653
 -7.2396592297938200, 9.64730970754456e+01,#9b7653
 -7.3942179655270932, 9.64502329688979e+01,#9b7653
 -7.5487045006551856, 9.64268860071296e+01,#9b7653
 -7.7031173266992576, 9.64030564181115e+01,#9b7653
 -7.8574549359002006, 9.63787444345267e+01,#9b7653
 -8.0117158212333592, 9.63539502937688e+01,#9b7653
 -8.1658984764232336, 9.63286742379394e+01,#9b7653
 -8.3200013959582328, 9.63029165138458e+01,#9b7653
 -8.4740230751053076, 9.62766773729985e+01,#9b7653
 -8.6279620099246959, 9.62499570716087e+01,#9b7653
 -8.7818166972845813, 9.62227558705858e+01,#9b7653
 -8.9355856348757818, 9.61950740355353e+01,#9b7653
 -9.0892673212264086, 9.61669118367555e+01,#9b7653
 -9.2428602557165647, 9.61382695492352e+01,#9b7653
 -9.3963629385929348, 9.61091474526512e+01,#9b7653
 -9.5497738709834739, 9.60795458313652e+01,#9b7653
 -9.7030915549120333, 9.60494649744214e+01,#9b7653
 -9.8563144933129827, 9.60189051755433e+01,#9b7653
-10.0094411900458251, 9.59878667331311e+01,#9b7653
-10.1624701499098400, 9.59563499502587e+01,#9b7653
-10.3153998786586261, 9.59243551346706e+01,#9b7653
-10.4682288830147314, 9.58918825987793e+01,#9b7653
-10.6209556706842232, 9.58589326596617e+01,#9b7653
-10.7735787503712608, 9.58255056390566e+01,#9b7653
-10.9260966317926442, 9.57916018633610e+01,#9b7653
-11.0785078256924177, 9.57572216636271e+01,#9b7653
-11.2308108438563288, 9.57223653755595e+01,#9b7653
-11.3830041991264252, 9.56870333395111e+01,#9b7653
-11.5350864054155462, 9.56512259004806e+01,#9b7653
-11.6870559777218492, 9.56149434081085e+01,#9b7653
-11.8389114321432984, 9.55781862166741e+01,#9b7653
-11.9906512858921435, 9.55409546850918e+01,#9b7653
-12.1422740573094554, 9.55032491769076e+01,#9b7653
-12.2937782658795118, 9.54650700602959e+01,#9b7653
-12.4451624322443060, 9.54264177080553e+01,#9b7653
-12.5964250782179814, 9.53872924976056e+01,#9b7653
-12.7475647268012615, 9.53476948109836e+01,#9b7653
-12.8985799021958609, 9.53076250348397e+01,#9b7653
-13.0494691298189505, 9.52670835604338e+01,#9b7653
-13.2002309363174692, 9.52260707836320e+01,#9b7653
-13.3508638495825753, 9.51845871049022e+01,#9b7653
-13.5013663987639969, 9.51426329293105e+01,#9b7653
-13.6517371142843977, 9.51002086665169e+01,#9b7653
-13.8019745278537229, 9.50573147307720e+01,#9b7653
-13.9520771724835591, 9.50139515409122e+01,#9b7653
-14.1020435825014232, 9.49701195203559e+01,#9b7653
-14.2518722935650874, 9.49258190970995e+01,#9b7653
-14.4015618426768945, 9.48810507037132e+01,#9b7653
-14.5511107681980132, 9.48358147773364e+01,#9b7653
-14.7005176098627341, 9.47901117596738e+01,#9b7653
-14.8497809087927415, 9.47439420969913e+01,#9b7653
-14.9988992075113128, 9.46973062401108e+01,#9b7653
-15.1478710499575762, 9.46502046444069e+01,#9b7653
-15.2966949815007354, 9.46026377698015e+01,#9b7653
-15.4453695489542664, 9.45546060807598e+01,#9b7653
-15.5938933005900893, 9.45061100462858e+01,#9b7653
-15.7422647861528020, 9.44571501399173e+01,#9b7653
-15.8904825568737529, 9.44077268397219e+01,#9b7653
-16.0385451654852602, 9.43578406282918e+01,#9b7653
-16.1864511662347041, 9.43074919927394e+01,#9b7653
-16.3341991148986736, 9.42566814246921e+01,#9b7653
-16.4817875687970208, 9.42054094202883e+01,#9b7653
-16.6292150868070294, 9.41536764801718e+01,#9b7653
-16.7764802293773982, 9.41014831094872e+01,#9b7653
-16.9235815585423417, 9.40488298178750e+01,#9b7653
-17.0705176379356267, 9.39957171194666e+01,#9b7653
-17.2172870328046059, 9.39421455328793e+01,#9b7653
-17.3638883100241976, 9.38881155812110e+01,#9b7653
-17.5103200381109261, 9.38336277920356e+01,#9b7653
-17.6565807872368588, 9.37786826973973e+01,#9b7653
-17.8026691292435792, 9.37232808338057e+01,#9b7653
-17.9485836376561281, 9.36674227422306e+01,#9b7653
-18.0943228876969613, 9.36111089680965e+01,#9b7653
-18.2398854562998096, 9.35543400612775e+01,#9b7653
-18.3852699221236406, 9.34971165760916e+01,#9b7653
-18.5304748655664682, 9.34394390712960e+01,#9b7653
-18.6754988687792647, 9.33813081100806e+01,#9b7653
-18.8203405156797814, 9.33227242600634e+01,#9b7653
-18.9649983919663789, 9.32636880932845e+01,#9b7653
-19.1094710851318368, 9.32042001862007e+01,#9b7653
-19.2537571844771804, 9.31442611196798e+01,#9b7653
-19.3978552811253806, 9.30838714789949e+01,#9b7653
-19.5417639680351876, 9.30230318538186e+01,#9b7653
-19.6854818400148091, 9.29617428382176e+01,#9b7653
-19.8290074937356877, 9.29000050306465e+01,#9b7653
-19.9723395277461400, 9.28378190339421e+01,#9b7653
-20.1154765424851263, 9.27751854553177e+01,#9b7653
-20.2584171402958262, 9.27121049063568e+01,#9b7653
-20.4011599254393303, 9.26485780030074e+01,#9b7653
-20.5437035041082794, 9.25846053655759e+01,#9b7653
-20.6860464844404497, 9.25201876187211e+01,#9b7653
-20.8281874765323316, 9.24553253914480e+01,#9b7653
-20.9701250924528004, 9.23900193171019e+01,#9b7653
-21.1118579462564888, 9.23242700333617e+01,#9b7653
-21.2533846539975144, 9.22580781822342e+01,#9b7653
-21.3947038337428133, 9.21914444100477e+01,#9b7653
-21.5358141055857963, 9.21243693674455e+01,#9b7653
-21.6767140916597327, 9.20568537093797e+01,#9b7653
-21.8174024161511717, 9.19888980951048e+01,#9b7653
-21.9578777053134999, 9.19205031881712e+01,#9b7653
-22.0981385874802072, 9.18516696564188e+01,#9b7653
-22.2381836930784047, 9.17823981719704e+01,#9b7653
-22.3780116546421510, 9.17126894112253e+01,#9b7653
-22.5176211068257430, 9.16425440548524e+01,#9b7653
-22.6570106864171841, 9.15719627877837e+01,#9b7653
-22.7961790323513327, 9.15009462992079e+01,#9b7653
-22.9351247857233638, 9.14294952825631e+01,#9b7653
-23.0738465898018639, 9.13576104355305e+01,#9b7653
-23.2123430900422250, 9.12852924600275e+01,#9b7653
-23.3506129340998143, 9.12125420622005e+01,#9b7653
-23.4886547718431196, 9.11393599524186e+01,#9b7653
-23.6264672553670607, 9.10657468452660e+01,#9b7653
-23.7640490390060073, 9.09917034595356e+01,#9b7653
-23.9013987793470406, 9.09172305182217e+01,#9b7653
-24.0385151352430313, 9.08423287485130e+01,#9b7653
-24.1753967678256636, 9.07669988817854e+01,#9b7653
-24.3120423405186443, 9.06912416535949e+01,#9b7653
-24.4484505190506027, 9.06150578036707e+01,#9b7653
-24.5846199714682747, 9.05384480759074e+01,#9b7653
-24.7205493681493564, 9.04614132183583e+01,#9b7653
-24.8562373818156068, 9.03839539832279e+01,#9b7653
-24.9916826875457758, 9.03060711268642e+01,#9b7653
-25.1268839627884653, 9.02277654097522e+01,#9b7653
-25.2618398873751708, 9.01490375965052e+01,#9b7653
-25.3965491435330364, 9.00698884558587e+01,#9b7653
-25.5310104158978639, 8.99903187606619e+01,#9b7653
-25.6652223915268642, 8.99103292878704e+01,#9b7653
-25.7991837599114540, 8.98299208185390e+01,#9b7653
-25.9328932129901588, 8.97490941378136e+01,#9b7653
-26.0663494451612685, 8.96678500349237e+01,#9b7653
-26.1995511532956975, 8.95861893031748e+01,#9b7653
-26.3324970367495794, 8.95041127399405e+01,#9b7653
-26.4651857973771065, 8.94216211466548e+01,#9b7653
-26.5976161395431276, 8.93387153288041e+01,#9b7653
-26.7297867701357603, 8.92553960959198e+01,#9b7653
-26.8616963985791450, 8.91716642615698e+01,#9b7653
-26.9933437368458833, 8.90875206433508e+01,#9b7653
-27.1247274994697634, 8.90029660628807e+01,#9b7653
-27.2558464035582553, 8.89180013457899e+01,#9b7653
-27.3866991688049630, 8.88326273217136e+01,#9b7653
-27.5172845175022829, 8.87468448242838e+01,#9b7653
-27.6476011745537100, 8.86606546911209e+01,#9b7653
-27.7776478674864435, 8.85740577638258e+01,#9b7653
-27.9074233264636646, 8.84870548879714e+01,#9b7653
-28.0369262842970706, 8.83996469130945e+01,#9b7653
-28.1661554764591813, 8.83118346926874e+01,#9b7653
-28.2951096410956460, 8.82236190841898e+01,#9b7653
-28.4237875190376670, 8.81350009489801e+01,#9b7653
-28.5521878538141927, 8.80459811523675e+01,#9b7653
-28.6803093916642595, 8.79565605635827e+01,#9b7653
-28.8081508815492313, 8.78667400557702e+01,#9b7653
-28.9357110751649280, 8.77765205059796e+01,#9b7653
-29.0629887269539360, 8.76859027951568e+01,#9b7653
-29.1899825941176623, 8.75948878081355e+01,#9b7653
-29.3166914366285845, 8.75034764336286e+01,#9b7653
-29.4431140172422161, 8.74116695642196e+01,#9b7653
-29.5692491015093246, 8.73194680963538e+01,#9b7653
-29.6950954577879287, 8.72268729303293e+01,#9b7653
-29.8206518572552604, 8.71338849702889e+01,#9b7653
-29.9459170739199045, 8.70405051242103e+01,#9b7653
-30.0708898846336226, 8.69467343038982e+01,#9b7653
-30.1955690691034242, 8.68525734249748e+01,#9b7653
-30.3199534099033663, 8.67580234068708e+01,#9b7653
-30.4440416924865360, 8.66630851728171e+01,#9b7653
-30.5678327051968850, 8.65677596498348e+01,#9b7653
-30.6913252392809817, 8.64720477687271e+01,#9b7653
-30.8145180888999626, 8.63759504640695e+01,#9b7653
-30.9374100511411356, 8.62794686742012e+01,#9b7653
-31.0599999260298922, 8.61826033412154e+01,#9b7653
-31.1822865165413177, 8.60853554109506e+01,#9b7653
-31.3042686286118865, 8.59877258329811e+01,#9b7653
-31.4259450711511796, 8.58897155606079e+01,#9b7653
-31.5473146560534268, 8.57913255508491e+01,#9b7653
-31.6683761982092378, 8.56925567644307e+01,#9b7653
-31.7891285155170067, 8.55934101657776e+01,#9b7653
-31.9095704288946074, 8.54938867230034e+01,#9b7653
-32.0297007622908438, 8.53939874079016e+01,#9b7653
-32.1495183426968723, 8.52937131959359e+01,#9b7653
-32.2690220001577899, 8.51930650662307e+01,#9b7653
-32.3882105677839149, 8.50920440015614e+01,#9b7653
-32.5070828817623081, 8.49906509883450e+01,#9b7653
-32.6256377813680700, 8.48888870166302e+01,#9b7653
-32.7438741089756320, 8.47867530800882e+01,#9b7653
-32.8617907100701956, 8.46842501760025e+01,#9b7653
-32.9793864332588242, 8.45813793052595e+01,#9b7653
-33.0966601302818759, 8.44781414723384e+01,#9b7653
-33.2136106560240449, 8.43745376853018e+01,#9b7653
-33.3302368685256809, 8.42705689557856e+01,#9b7653
-33.4465376289938732, 8.41662362989891e+01,#9b7653
-33.5625118018135140, 8.40615407336653e+01,#9b7653
-33.6781582545585465, 8.39564832821105e+01,#9b7653
-33.7934758580028358, 8.38510649701549e+01,#9b7653
-33.9084634861313390, 8.37452868271524e+01,#9b7653
-34.0231200161510543, 8.36391498859701e+01,#9b7653
-34.1374443285019211, 8.35326551829789e+01,#9b7653
-34.2514353068678759, 8.34258037580428e+01,#9b7653
-34.3650918381876238, 8.33185966545092e+01,#9b7653
-34.4784128126656171, 8.32110349191985e+01,#9b7653
-34.5913971237827909, 8.31031196023938e+01,#9b7653
-34.7040436683074631, 8.29948517578307e+01,#9b7653
-34.8163513463060710, 8.28862324426871e+01,#9b7653
-34.9283190611538430, 8.27772627175730e+01,#9b7653
-35.0399457195456208, 8.26679436465196e+01,#9b7653
-35.1512302315064531, 8.25582762969696e+01,#9b7653
-35.2621715104022826, 8.24482617397662e+01,#9b7653
-35.3727684729505540, 8.23379010491432e+01,#9b7653
-35.4830200392307233, 8.22271953027139e+01,#9b7653
-35.5929251326949228, 8.21161455814612e+01,#9b7653
-35.7024826801783561, 8.20047529697263e+01,#9b7653
-35.8116916119098647, 8.18930185551990e+01,#9b7653
-35.9205508615223010, 8.17809434289064e+01,#9b7653
-36.0290593660630165, 8.16685286852025e+01,#9b7653
-36.1372160660041928, 8.15557754217573e+01,#9b7653
-36.2450199052531588, 8.14426847395467e+01,#9b7653
-36.3524698311628072, 8.13292577428408e+01,#9b7653
-36.4595647945417269, 8.12154955391941e+01,#9b7653
-36.5663037496645842, 8.11013992394339e+01,#9b7653
-36.6726856542822830, 8.09869699576499e+01,#9b7653
-36.7787094696320835, 8.08722088111832e+01,#9b7653
-36.8843741604478410, 8.07571169206152e+01,#9b7653
-36.9896786949700456, 8.06416954097572e+01,#9b7653
-37.0946220449559547, 8.05259454056387e+01,#9b7653
-37.1992031856895409, 8.04098680384970e+01,#9b7653
-37.3034210959916308, 8.02934644417658e+01,#9b7653
-37.4072747582297609, 8.01767357520644e+01,#9b7653
-37.5107631583281531, 8.00596831091862e+01,#9b7653
-37.6138852857776413, 7.99423076560881e+01,#9b7653
-37.7166401336454840, 7.98246105388789e+01,#9b7653
-37.8190266985852830, 7.97065929068085e+01,#9b7653
-37.9210439808466617, 7.95882559122561e+01,#9b7653
-38.0226909842851413, 7.94696007107196e+01,#9b7653
-38.1239667163718110, 7.93506284608039e+01,#9b7653
-38.2248701882029991, 7.92313403242098e+01,#9b7653
-38.3254004145099998, 7.91117374657223e+01,#9b7653
-38.4255564136686090, 7.89918210532000e+01,#9b7653
-38.5253372077087803, 7.88715922575627e+01,#9b7653
-38.6247418223241468, 7.87510522527806e+01,#9b7653
-38.7237692868815060, 7.86302022158628e+01,#9b7653
-38.8224186344303561, 7.85090433268456e+01,#9b7653
-38.9206889017122819, 7.83875767687812e+01,#9b7653
-39.0185791291704120, 7.82658037277257e+01,#9b7653
-39.1160883609587202, 7.81437253927283e+01,#9b7653
-39.2132156449514468, 7.80213429558189e+01,#9b7653
-39.3099600327523433, 7.78986576119969e+01,#9b7653
-39.4063205797038947, 7.77756705592194e+01,#9b7653
-39.5022963448966422, 7.76523829983896e+01,#9b7653
-39.5978863911782639, 7.75287961333450e+01,#9b7653
-39.6930897851628259, 7.74049111708455e+01,#9b7653
-39.7879055972398348, 7.72807293205618e+01,#9b7653
-39.8823329015833039, 7.71562517950638e+01,#9b7653
-39.9763707761608487, 7.70314798098081e+01,#9b7653
-40.0700183027426320, 7.69064145831270e+01,#9b7653
-40.1632745669103883, 7.67810573362157e+01,#9b7653
-40.2561386580662841, 7.66554092931212e+01,#9b7653
-40.3486096694418777, 7.65294716807298e+01,#9b7653
-40.4406866981069442, 7.64032457287551e+01,#9b7653
-40.5323688449782509, 7.62767326697266e+01,#9b7653
-40.6236552148284389, 7.61499337389769e+01,#9b7653
-40.7145449162946207, 7.60228501746301e+01,#9b7653
-40.8050370618872407, 7.58954832175897e+01,#9b7653
-40.8951307679986300, 7.57678341115262e+01,#9b7653
-40.9848251549116611, 7.56399041028653e+01,#9b7653
-41.0741193468083665, 7.55116944407754e+01,#9b7653
-41.1630124717784511, 7.53832063771557e+01,#9b7653
-41.2515036618278614, 7.52544411666237e+01,#9b7653
-41.3395920528871557, 7.51254000665034e+01,#9b7653
-41.4272767848200800, 7.49960843368123e+01,#9b7653
-41.5145570014318821, 7.48664952402498e+01,#9b7653
-41.6014318504776455, 7.47366340421844e+01,#9b7653
-41.6879004836706955, 7.46065020106418e+01,#9b7653
-41.7739620566908201, 7.44761004162919e+01,#9b7653
-41.8596157291925337, 7.43454305324370e+01,#9b7653
-41.9448606648133122, 7.42144936349989e+01,#9b7653
-42.0296960311816648, 7.40832910025069e+01,#9b7653
-42.1141209999254116, 7.39518239160848e+01,#9b7653
-42.1981347466795924, 7.38200936594389e+01,#9b7653
-42.2817364510947016, 7.36881015188449e+01,#9b7653
-42.3649252968445325, 7.35558487831359e+01,#9b7653
-42.4477004716342776, 7.34233367436896e+01,#9b7653
-42.5300611672084017, 7.32905666944156e+01,#9b7653
-42.6120065793584786, 7.31575399317426e+01,#9b7653
-42.6935359079311993, 7.30242577546064e+01,#9b7653
-42.7746483568359892, 7.28907214644364e+01,#9b7653
-42.8553431340529585, 7.27569323651436e+01,#9b7653
-42.9356194516405409, 7.26228917631072e+01,#9b7653
-43.0154765257431748, 7.24886009671625e+01,#9b7653
-43.0949135765990334, 7.23540612885877e+01,#9b7653
-43.1739298285475428, 7.22192740410911e+01,#9b7653
-43.2525245100370626, 7.20842405407986e+01,#9b7653
-43.3306968536323041, 7.19489621062404e+01,#9b7653
-43.4084460960219403, 7.18134400583385e+01,#9b7653
-43.4857714780259812, 7.16776757203936e+01,#9b7653
-43.5626722446031778, 7.15416704180722e+01,#9b7653
-43.6391476448584754, 7.14054254793938e+01,#9b7653
-43.7151969320502474, 7.12689422347177e+01,#9b7653
-43.7908193635976914, 7.11322220167302e+01,#9b7653
-43.8660142010879497, 7.09952661604315e+01,#9b7653
-43.9407807102834482, 7.08580760031228e+01,#9b7653
-44.0151181611290170, 7.07206528843928e+01,#9b7653
-44.0890258277589595, 7.05829981461052e+01,#9b7653
-44.1625029885042508, 7.04451131323855e+01,#9b7653
-44.2355489258994794, 7.03069991896073e+01,#9b7653
-44.3081629266899384, 7.01686576663798e+01,#9b7653
-44.3803442818385321, 7.00300899135345e+01,#9b7653
-44.4520922865327179, 6.98912972841117e+01,#9b7653
-44.5234062401914059, 6.97522811333476e+01,#9b7653
-44.5942854464717584, 6.96130428186610e+01,#9b7653
-44.6647292132760469, 6.94735836996400e+01,#9b7653
-44.7347368527583384, 6.93339051380287e+01,#9b7653
-44.8043076813312879, 6.91940084977139e+01,#9b7653
-44.8734410196727751, 6.90538951447119e+01,#9b7653
-44.9421361927324909, 6.89135664471552e+01,#9b7653
-45.0103925297386382, 6.87730237752786e+01,#9b7653
-45.0782093642043833, 6.86322685014068e+01,#9b7653
-45.1455860339344071, 6.84913019999400e+01,#9b7653
-45.2125218810313996, 6.83501256473412e+01,#9b7653
-45.2790162519023767, 6.82087408221224e+01,#9b7653
-45.3450684972652098, 6.80671489048311e+01,#9b7653
-45.4106779721548435, 6.79253512780371e+01,#9b7653
-45.4758440359296614, 6.77833493263189e+01,#9b7653
-45.5405660522777112, 6.76411444362499e+01,#9b7653
-45.6048433892229284, 6.74987379963853e+01,#9b7653
-45.6686754191313184, 6.73561313972481e+01,#9b7653
-45.7320615187170532, 6.72133260313160e+01,#9b7653
-45.7950010690486096, 6.70703232930074e+01,#9b7653
-45.8574934555547173, 6.69271245786680e+01,#9b7653
-45.9195380680305050, 6.67837312865571e+01,#9b7653
-45.9811343006433191, 6.66401448168338e+01,#9b7653
-46.0422815519387072, 6.64963665715436e+01,#9b7653
-46.1029792248463011, 6.63523979546048e+01,#9b7653
-46.1632267266855933, 6.62082403717941e+01,#9b7653
-46.2230234691718067, 6.60638952307337e+01,#9b7653
-46.2823688684215213, 6.59193639408773e+01,#9b7653
-46.3412623449585013, 6.57746479134958e+01,#9b7653
-46.3997033237192795, 6.56297485616643e+01,#9b7653
-46.4576912340587782, 6.54846673002480e+01,#9b7653
-46.5152255097559006, 6.53394055458882e+01,#9b7653
-46.5723055890190452, 6.51939647169886e+01,#9b7653
-46.6289309144916118, 6.50483462337015e+01,#9b7653
-46.6851009332574094, 6.49025515179141e+01,#9b7653
-46.7408150968460845, 6.47565819932341e+01,#9b7653
-46.7960728612384713, 6.46104390849763e+01,#9b7653
-46.8508736868718785, 6.44641242201485e+01,#9b7653
-46.9052170386454179, 6.43176388274374e+01,#9b7653
-46.9591023859251422, 6.41709843371951e+01,#9b7653
-47.0125292025493167, 6.40241621814246e+01,#9b7653
-47.0654969668334999, 6.38771737937662e+01,#9b7653
-47.1180051615756241, 6.37300206094832e+01,#9b7653
-47.1700532740611251, 6.35827040654483e+01,#9b7653
-47.2216407960678524, 6.34352256001291e+01,#9b7653
-47.2727672238711065, 6.32875866535745e+01,#9b7653
-47.3234320582485140, 6.31397886674001e+01,#9b7653
-47.3736348044849152, 6.29918330847747e+01,#9b7653
-47.4233749723772036, 6.28437213504059e+01,#9b7653
-47.4726520762390791, 6.26954549105260e+01,#9b7653
-47.5214656349058657, 6.25470352128778e+01,#9b7653
-47.5698151717390942, 6.23984637067008e+01,#9b7653
-47.6177002146312844, 6.22497418427167e+01,#9b7653
-47.6651202960104499, 6.21008710731154e+01,#9b7653
-47.7120749528447234, 6.19518528515407e+01,#9b7653
-47.7585637266468623, 6.18026886330764e+01,#9b7653
-47.8045861634787101, 6.16533798742317e+01,#9b7653
-47.8501418139556662, 6.15039280329272e+01,#9b7653
-47.8952302332510271, 6.13543345684806e+01,#9b7653
-47.9398509811003493, 6.12046009415925e+01,#9b7653
-47.9840036218057975, 6.10547286143322e+01,#9b7653
-48.0276877242402946, 6.09047190501232e+01,#9b7653
-48.0709028618518275, 6.07545737137290e+01,#9b7653
-48.1136486126675678, 6.06042940712391e+01,#9b7653
-48.1559245592979863, 6.04538815900543e+01,#9b7653
-48.1977302889409671, 6.03033377388723e+01,#9b7653
-48.2390653933857863, 6.01526639876738e+01,#9b7653
-48.2799294690171337, 6.00018618077078e+01,#9b7653
-48.3203221168190638, 5.98509326714775e+01,#9b7653
-48.3602429423788465, 5.96998780527254e+01,#9b7653
-48.3996915558908540, 5.95486994264198e+01,#9b7653
-48.4386675721603623, 5.93973982687393e+01,#9b7653
-48.4771706106073097, 5.92459760570594e+01,#9b7653
-48.5152002952699988, 5.90944342699373e+01,#9b7653
-48.5527562548087985, 5.89427743870980e+01,#9b7653
-48.5898381225097253, 5.87909978894197e+01,#9b7653
-48.6264455362880810, 5.86391062589191e+01,#9b7653
-48.6625781386919414, 5.84871009787370e+01,#9b7653
-48.6982355769056596, 5.83349835331244e+01,#9b7653
-48.7334175027533192, 5.81827554074270e+01,#9b7653
-48.7681235727021232, 5.80304180880715e+01,#9b7653
-48.8023534478657695, 5.78779730625509e+01,#9b7653
-48.8361067940077334, 5.77254218194098e+01,#9b7653
-48.8693832815445433, 5.75727658482298e+01,#9b7653
-48.9021825855490064, 5.74200066396153e+01,#9b7653
-48.9345043857533497, 5.72671456851788e+01,#9b7653
-48.9663483665523955, 5.71141844775262e+01,#9b7653
-48.9977142170066173, 5.69611245102422e+01,#9b7653
-49.0286016308451593, 5.68079672778761e+01,#9b7653
-49.0590103064688634, 5.66547142759266e+01,#9b7653
-49.0889399469531895, 5.65013670008280e+01,#9b7653
-49.1183902600511004, 5.63479269499348e+01,#9b7653
-49.1473609581959821, 5.61943956215074e+01,#9b7653
-49.1758517585043577, 5.60407745146975e+01,#9b7653
-49.2038623827787234, 5.58870651295337e+01,#9b7653
-49.2313925575102260, 5.57332689669062e+01,#9b7653
-49.2584420138813783, 5.55793875285527e+01,#9b7653
-49.2850104877685951, 5.54254223170438e+01,#9b7653
-49.3110977197448861, 5.52713748357677e+01,#9b7653
-49.3367034550822865, 5.51172465889162e+01,#9b7653
-49.3618274437544216, 5.49630390814696e+01,#9b7653
-49.3864694404389226, 5.48087538191822e+01,#9b7653
-49.4106292045197719, 5.46543923085675e+01,#9b7653
-49.4343065000897468, 5.44999560568836e+01,#9b7653
-49.4575010959526367, 5.43454465721182e+01,#9b7653
-49.4802127656255593, 5.41908653629744e+01,#9b7653
-49.5024412873411350, 5.40362139388554e+01,#9b7653
-49.5241864440496755, 5.38814938098502e+01,#9b7653
-49.5454480234212937, 5.37267064867183e+01,#9b7653
-49.5662258178479789, 5.35718534808759e+01,#9b7653
-49.5865196244456214, 5.34169363043799e+01,#9b7653
-49.6063292450559885, 5.32619564699144e+01,#9b7653
-49.6256544862486777, 5.31069154907749e+01,#9b7653
-49.6444951593229860, 5.29518148808541e+01,#9b7653
-49.6628510803097640, 5.27966561546270e+01,#9b7653
-49.6807220699732071, 5.26414408271360e+01,#9b7653
-49.6981079538126096, 5.24861704139762e+01,#9b7653
-49.7150085620640638, 5.23308464312806e+01,#9b7653
-49.7314237297021151, 5.21754703957053e+01,#9b7653
-49.7473532964413820, 5.20200438244146e+01,#9b7653
-49.7627971067381267, 5.18645682350662e+01,#9b7653
-49.7777550097917540, 5.17090451457967e+01,#9b7653
-49.7922268595463038, 5.15534760752063e+01,#9b7653
-49.8062125146918433, 5.13978625423441e+01,#9b7653
-49.8197118386659028, 5.12422060666936e+01,#9b7653
-49.8327246996547686, 5.10865081681575e+01,#9b7653
-49.8452509705947620, 5.09307703670428e+01,#9b7653
-49.8572905291735182, 5.07749941840465e+01,#9b7653
-49.8688432578311520, 5.06191811402399e+01,#9b7653
-49.8799090437614083, 5.04633327570547e+01,#9b7653
-49.8904877789127852, 5.03074505562675e+01,#9b7653
-49.9005793599895497, 5.01515360599849e+01,#9b7653
-49.9101836884527827, 4.99955907906290e+01,#9b7653
-49.9193006705213307, 4.98396162709226e+01,#9b7653
-49.9279302171727082, 4.96836140238738e+01,#9b7653
-49.9360722441439933, 4.95275855727615e+01,#9b7653
-49.9437266719326090, 4.93715324411206e+01,#9b7653
-49.9508934257971404, 4.92154561527270e+01,#9b7653
-49.9575724357580597, 4.90593582315825e+01,#9b7653
-49.9637636365983795, 4.89032402019003e+01,#9b7653
-49.9694669678643208, 4.87471035880900e+01,#9b7653
-49.9746823738658819, 4.85909499147424e+01,#9b7653
-49.9794098036773988, 4.84347807066153e+01,#9b7653
-49.9836492111380437, 4.82785974886177e+01,#9b7653
-49.9874005548522433, 4.81224017857958e+01,#9b7653
-49.9906637981901341, 4.79661951233175e+01,#9b7653
-49.9934389092878746, 4.78099790264578e+01,#9b7653
-49.9957258610479798, 4.76537550205837e+01,#9b7653
-49.9975246311395836, 4.74975246311396e+01,#9b7653
 -7.4899919871743403, 4.98999198717434e+00,#9b7653
 -7.5114852514422683, 4.95757897742086e+00,#9b7653
 -7.5328382490527943, 4.92507339169755e+00,#9b7653
 -7.5540505812680490, 4.89247583700153e+00,#9b7653
 -7.5751218519769017, 4.85978692204731e+00,#9b7653
 -7.5960516677023495, 4.82700725725541e+00,#9b7653
 -7.6168396376088632, 4.79413745474100e+00,#9b7653
 -7.6374853735096933, 4.76117812830244e+00,#9b7653
 -7.6579884898741160, 4.72812989340982e+00,#9b7653
 -7.6783486038346229, 4.69499336719349e+00,#9b7653
 -7.6985653351940906, 4.66176916843251e+00,#9b7653
 -7.7186383064328616, 4.62845791754308e+00,#9b7653
 -7.7385671427157980, 4.59506023656703e+00,#9b7653
 -7.7583514718992941, 4.56157674916010e+00,#9b7653
 -7.7779909245382015, 4.52800808058040e+00,#9b7653
 -7.7974851338927573, 4.49435485767662e+00,#9b7653
 -7.8168337359354085, 4.46061770887644e+00,#9b7653
 -7.8360363693576165, 4.42679726417471e+00,#9b7653
 -7.8550926755766115, 4.39289415512173e+00,#9b7653
 -7.8740022987420835, 4.35890901481144e+00,#9b7653
 -7.8927648857428174, 4.32484247786959e+00,#9b7653
 -7.9113800862133079, 4.29069518044192e+00,#9b7653
 -7.9298475525402869, 4.25646776018224e+00,#9b7653
 -7.9481669398692105, 4.22216085624057e+00,#9b7653
 -7.9663379061107191, 4.18777510925115e+00,#9b7653
 -7.9843601119470051, 4.15331116132052e+00,#9b7653
 -8.0022332208381552, 4.11876965601552e+00,#9b7653
 -8.0199568990284416, 4.08415123835126e+00,#9b7653
 -8.0375308155525502, 4.04945655477907e+00,#9b7653
 -8.0549546422417535, 4.01468625317447e+00,#9b7653
 -8.0722280537300506, 3.97984098282501e+00,#9b7653
 -8.0893507274602356, 3.94492139441822e+00,#9b7653
 -8.1063223436899232, 3.90992814002937e+00,#9b7653
 -8.1231425854975186, 3.87486187310937e+00,#9b7653
 -8.1398111387881400, 3.83972324847254e+00,#9b7653
 -8.1563276922994739, 3.80451292228437e+00,#9b7653
 -8.1726919376075990, 3.76923155204927e+00,#9b7653
 -8.1889035691327372, 3.73387979659832e+00,#9b7653
 -8.2049622841449619, 3.69845831607694e+00,#9b7653
 -8.2208677827698544, 3.66296777193257e+00,#9b7653
 -8.2366197679941067, 3.62740882690230e+00,#9b7653
 -8.2522179456710489, 3.59178214500054e+00,#9b7653
 -8.2676620245261656, 3.55608839150659e+00,#9b7653
 -8.2829517161625237, 3.52032823295219e+00,#9b7653
 -8.2980867350661569, 3.48450233710914e+00,#9b7653
 -8.3130667986114037, 3.44861137297677e+00,#9b7653
 -8.3278916270661725, 3.41265601076949e+00,#9b7653
 -8.3425609435971833, 3.37663692190423e+00,#9b7653
 -8.3570744742751213, 3.34055477898795e+00,#9b7653
 -8.3714319480797581, 3.30441025580504e+00,#9b7653
 -8.3856330969050159, 3.26820402730478e+00,#9b7653
 -8.3996776555639716, 3.23193676958868e+00,#9b7653
 -8.4135653617938022, 3.19560915989792e+00,#9b7653
 -8.4272959562606964, 3.15922187660065e+00,#9b7653
 -8.4408691825646809, 3.12277559917934e+00,#9b7653
 -8.4542847872444202, 3.08627100821810e+00,#9b7653
 -8.4675425197819489, 3.04970878538997e+00,#9b7653
 -8.4806421326073433, 3.01308961344418e+00,#9b7653
 -8.4935833811033437, 2.97641417619341e+00,#9b7653
 -8.5063660236099352, 2.93968315850102e+00,#9b7653
 -8.5189898214288480, 2.90289724626823e+00,#9b7653
 -8.5314545388280134, 2.86605712642140e+00,#9b7653
 -8.5437599430459787, 2.82916348689908e+00,#9b7653
 -8.5559058042962448, 2.79221701663926e+00,#9b7653
 -8.5678918957715489, 2.75521840556646e+00,#9b7653
 -8.5797179936481225, 2.71816834457887e+00,#9b7653
 -8.5913838770898465, 2.68106752553543e+00,#9b7653
 -8.6028893282523899, 2.64391664124290e+00,#9b7653
 -8.6142341322872777, 2.60671638544297e+00,#9b7653
 -8.6254180773458948, 2.56946745279925e+00,#9b7653
 -8.6364409545834455, 2.53217053888434e+00,#9b7653
 -8.6473025581628562, 2.49482634016681e+00,#9b7653
 -8.6580026852586176, 2.45743555399822e+00,#9b7653
 -8.6685411360605720, 2.41999887860009e+00,#9b7653
 -8.6789177137776399, 2.38251701305084e+00,#9b7653
 -8.6891322246415044, 2.34499065727277e+00,#9b7653
 -8.6991844779102223, 2.30742051201896e+00,#9b7653
 -8.7090742858717860, 2.26980727886022e+00,#9b7653
 -8.7188014638476332, 2.23215166017195e+00,#9b7653
 -8.7283658301960898, 2.19445435912104e+00,#9b7653
 -8.7377672063157696, 2.15671607965275e+00,#9b7653
 -8.7470054166489000, 2.11893752647755e+00,#9b7653
 -8.7560802886846094, 2.08111940505797e+00,#9b7653
 -8.7649916529621397, 2.04326242159543e+00,#9b7653
 -8.7737393430740216, 2.00536728301702e+00,#9b7653
 -8.7823231956691679, 1.96743469696234e+00,#9b7653
 -8.7907430504559372, 1.92946537177028e+00,#9b7653
 -8.7989987502051203, 1.89146001646578e+00,#9b7653
 -8.8070901407528783, 1.85341934074657e+00,#9b7653
 -8.8150170710036182, 1.81534405496996e+00,#9b7653
 -8.8227793929328211, 1.77723487013956e+00,#9b7653
 -8.8303769615897956, 1.73909249789198e+00,#9b7653
 -8.8378096351003990, 1.70091765048357e+00,#9b7653
 -8.8450772746696735, 1.66271104077711e+00,#9b7653
 -8.8521797445844435, 1.62447338222850e+00,#9b7653
 -8.8591169122158515, 1.58620538887343e+00,#9b7653
 -8.8658886480218300, 1.54790777531404e+00,#9b7653
 -8.8724948255495271, 1.50958125670560e+00,#9b7653
 -8.8789353214376643, 1.47122654874314e+00,#9b7653
 -8.8852100154188332, 1.43284436764809e+00,#9b7653
 -8.8913187903217548, 1.39443543015490e+00,#9b7653
 -8.8972615320734576, 1.35600045349766e+00,#9b7653
 -8.9030381297014145, 1.31754015539669e+00,#9b7653
 -8.9086484753356068, 1.27905525404518e+00,#9b7653
 -8.9140924642105421, 1.24054646809574e+00,#9b7653
 -8.9193699946672194, 1.20201451664698e+00,#9b7653
 -8.9244809681550130, 1.16346011923012e+00,#9b7653
 -8.9294252892335209, 1.12488399579550e+00,#9b7653
 -8.9342028655743473, 1.08628686669918e+00,#9b7653
 -8.9388136079628246, 1.04766945268947e+00,#9b7653
 -8.9432574302996759, 1.00903247489346e+00,#9b7653
 -8.9475342496026347, 9.70376654803596e-01,#9b7653
 -8.9516439860079799, 9.31702714264142e-01,#9b7653
 -8.9555865627720337, 8.93011375457765e-01,#9b7653
 -8.9593619062726013, 8.54303360892006e-01,#9b7653
 -8.9629699460103307, 8.15579393385801e-01,#9b7653
 -8.9664106146100444, 7.76840196056000e-01,#9b7653
 -8.9696838478219867, 7.38086492303831e-01,#9b7653
 -8.9727895845230261, 6.99319005801426e-01,#9b7653
 -8.9757277667178048, 6.60538460478280e-01,#9b7653
 -8.9784983395398079, 6.21745580507746e-01,#9b7653
 -8.9811012512523991, 5.82941090293505e-01,#9b7653
 -8.9835364532497834, 5.44125714456058e-01,#9b7653
 -8.9858039000579080, 5.05300177819162e-01,#9b7653
 -8.9879035493353268, 4.66465205396330e-01,#9b7653
 -8.9898353618739737, 4.27621522377262e-01,#9b7653
 -8.9915993015999067, 3.88769854114321e-01,#9b7653
 -8.9931953355739775, 3.49910926108981e-01,#9b7653
 -8.9946234339924480, 3.11045463998291e-01,#9b7653
 -8.9958835701875408, 2.72174193541301e-01,#9b7653
 -8.9969757206279493, 2.33297840605540e-01,#9b7653
 -8.9978998649192619, 1.94417131153433e-01,#9b7653
 -8.9986559858043567, 1.55532791228757e-01,#9b7653
 -8.9992440691637174, 1.16645546943095e-01,#9b7653
 -8.9996641040156948, 7.77561244622529e-02,#9b7653
 -8.9999160825167142, 3.88652499927112e-02,#9b7653
 -8.9999999999614264,-2.63502319232926e-05,#9b7653
 -8.9999158547827864,-3.89179499645034e-02,#9b7653
 -8.9996636485520884,-7.78088229578913e-02,#9b7653
 -8.9992433859789429,-1.16698242978508e-01,#9b7653
 -8.9986550749111682,-1.55585483819922e-01,#9b7653
 -8.9978987263346681,-1.94469819316381e-01,#9b7653
 -8.9969743543732132,-2.33350523356395e-01,#9b7653
 -8.9958819762881763,-2.72226869896285e-01,#9b7653
 -8.9946216124782179,-3.11098132973746e-01,#9b7653
 -8.9931932864788973,-3.49963586721387e-01,#9b7653
 -8.9915970249622390,-3.88822505380313e-01,#9b7653
 -8.9898328577362303,-4.27674163313650e-01,#9b7653
 -8.9879008177442703,-4.66517835020117e-01,#9b7653
 -8.9858009410645501,-5.05352795147562e-01,#9b7653
 -8.9835332669093759,-5.44178318506515e-01,#9b7653
 -8.9810978376244428,-5.82993680083710e-01,#9b7653
 -8.9784946986880474,-6.21798155055657e-01,#9b7653
 -8.9757238987102284,-6.60591018802141e-01,#9b7653
 -8.9727854894318639,-6.99371546919782e-01,#9b7653
 -8.9696795257237092,-7.38139015235548e-01,#9b7653
 -8.9664060655853604,-7.76892699820285e-01,#9b7653
 -8.9629651701441873,-8.15631877002218e-01,#9b7653
 -8.9593569036541805,-8.54355823380496e-01,#9b7653
 -8.9555813334947540,-8.93063815838663e-01,#9b7653
 -8.9516385301694879,-9.31755131558197e-01,#9b7653
 -8.9475285673048131,-9.70429048031986e-01,#9b7653
 -8.9432515216486355,-1.00908484307782e+00,#9b7653
 -8.9388074730688967,-1.04772179485188e+00,#9b7653
 -8.9341965045520961,-1.08633918186224e+00,#9b7653
 -8.9294187022017280,-1.12493628298228e+00,#9b7653
 -8.9244741552366840,-1.16351237746424e+00,#9b7653
 -8.9193629559895751,-1.20206674495259e+00,#9b7653
 -8.9140851999050206,-1.24059866549754e+00,#9b7653
 -8.9086409855378559,-1.27910741956847e+00,#9b7653
 -8.9030304145512993,-1.31759228806733e+00,#9b7653
 -8.8972535917150495,-1.35605255234215e+00,#9b7653
 -8.8913106249033245,-1.39448749420038e+00,#9b7653
 -8.8852016250928614,-1.43289639592233e+00,#9b7653
 -8.8789267063608275,-1.47127854027457e+00,#9b7653
 -8.8724859858827010,-1.50963321052336e+00,#9b7653
 -8.8658795839300826,-1.54795969044796e+00,#9b7653
 -8.8591076238684412,-1.58625726435407e+00,#9b7653
 -8.8521702321548208,-1.62452521708716e+00,#9b7653
 -8.8450675383354653,-1.66276283404585e+00,#9b7653
 -8.8377996750434225,-1.70096940119521e+00,#9b7653
 -8.8303667779960389,-1.73914420508014e+00,#9b7653
 -8.8227689859924485,-1.77728653283869e+00,#9b7653
 -8.8150064409109667,-1.81539567221533e+00,#9b7653
 -8.8070792877064488,-1.85347091157430e+00,#9b7653
 -8.7989876744075790,-1.89151153991285e+00,#9b7653
 -8.7907317521141088,-1.92951684687457e+00,#9b7653
 -8.7823116749940340,-1.96748612276262e+00,#9b7653
 -8.7737276002807150,-2.00541865855297e+00,#9b7653
 -8.7649796882699427,-2.04331374590770e+00,#9b7653
 -8.7560681023169415,-2.08117067718815e+00,#9b7653
 -8.7469930088333285,-2.11898874546819e+00,#9b7653
 -8.7377545772839920,-2.15676724454742e+00,#9b7653
 -8.7283529801839368,-2.19450546896429e+00,#9b7653
 -8.7187883930950605,-2.23220271400938e+00,#9b7653
 -8.7090609946228721,-2.26985827573848e+00,#9b7653
 -8.6991709664131633,-2.30747145098575e+00,#9b7653
 -8.6891184931486105,-2.34504153737686e+00,#9b7653
 -8.6789037625453247,-2.38256783334213e+00,#9b7653
 -8.6685269653493560,-2.42004963812957e+00,#9b7653
 -8.6579882953331229,-2.45748625181804e+00,#9b7653
 -8.6472879492917905,-2.49487697533024e+00,#9b7653
 -8.6364261270396092,-2.53222111044585e+00,#9b7653
 -8.6254030314061758,-2.56951795981448e+00,#9b7653
 -8.6142188682326353,-2.60676682696877e+00,#9b7653
 -8.6028738463678618,-2.64396701633735e+00,#9b7653
 -8.5913681776645330,-2.68111783325784e+00,#9b7653
 -8.5797020769751899,-2.71821858398982e+00,#9b7653
 -8.5678757621482191,-2.75526857572779e+00,#9b7653
 -8.5558894540237898,-2.79226711661411e+00,#9b7653
 -8.5437433764297204,-2.82921351575191e+00,#9b7653
 -8.5314377561773078,-2.86610708321798e+00,#9b7653
 -8.5189728230570889,-2.90294713007570e+00,#9b7653
 -8.5063488098345434,-2.93973296838785e+00,#9b7653
 -8.4935659522457634,-2.97646391122948e+00,#9b7653
 -8.4806244889930333,-3.01313927270076e+00,#9b7653
 -8.4675246617403825,-3.04975836793973e+00,#9b7653
 -8.4542667151090711,-3.08632051313516e+00,#9b7653
 -8.4408508966730196,-3.12282502553926e+00,#9b7653
 -8.4272774569541848,-3.15927122348047e+00,#9b7653
 -8.4135466494178939,-3.19565842637616e+00,#9b7653
 -8.3996587304680901,-3.23198595474535e+00,#9b7653
 -8.3856139594425656,-3.26825313022140e+00,#9b7653
 -8.3714125986081029,-3.30445927556469e+00,#9b7653
 -8.3570549131555847,-3.34060371467525e+00,#9b7653
 -8.3425411711950428,-3.37668577260539e+00,#9b7653
 -8.3278716437506528,-3.41270477557227e+00,#9b7653
 -8.3130466047556624,-3.44866005097057e+00,#9b7653
 -8.2980663310472895,-3.48455092738496e+00,#9b7653
 -8.2829311023615464,-3.52037673460267e+00,#9b7653
 -8.2676412013280132,-3.55613680362602e+00,#9b7653
 -8.2521969134645623,-3.59183046668491e+00,#9b7653
 -8.2365985271720366,-3.62745705724926e+00,#9b7653
 -8.2208463337288453,-3.66301591004148e+00,#9b7653
 -8.2049406272855432,-3.69850636104889e+00,#9b7653
 -8.1888817048593214,-3.73392774753614e+00,#9b7653
 -8.1726698663284711,-3.76927940805754e+00,#9b7653
 -8.1563054144267841,-3.80456068246944e+00,#9b7653
 -8.1397886547378970,-3.83977091194256e+00,#9b7653
 -8.1231198956895820,-3.87490943897429e+00,#9b7653
 -8.1062994485479933,-3.90997560740096e+00,#9b7653
 -8.0893276274118477,-3.94496876241009e+00,#9b7653
 -8.0722047492065681,-3.97988825055264e+00,#9b7653
 -8.0549311336783536,-4.01473341975518e+00,#9b7653
 -8.0375071033882239,-4.04950361933211e+00,#9b7653
 -8.0199329837059832,-4.08419819999775e+00,#9b7653
 -8.0022091028041480,-4.11881651387852e+00,#9b7653
 -7.9843357916518212,-4.15335791452503e+00,#9b7653
 -7.9663133840085072,-4.18782175692411e+00,#9b7653
 -7.9481422164178861,-4.22220739751090e+00,#9b7653
 -7.9298226282015225,-4.25651419418086e+00,#9b7653
 -7.9113549614525382,-4.29074150630172e+00,#9b7653
 -7.8927395610292095,-4.32488869472550e+00,#9b7653
 -7.8739767745485416,-4.35895512180042e+00,#9b7653
 -7.8550669523797652,-4.39294015138281e+00,#9b7653
 -7.8360104476378112,-4.42684314884897e+00,#9b7653
 -7.8168076161766944,-4.46066348110705e+00,#9b7653
 -7.7974588165828891,-4.49440051660884e+00,#9b7653
 -7.7779644101686172,-4.52805362536160e+00,#9b7653
 -7.7583247609651114,-4.56162217893982e+00,#9b7653
 -7.7385402357158082,-4.59510555049691e+00,#9b7653
 -7.7186112038695160,-4.62850311477696e+00,#9b7653
 -7.6985380375734920,-4.66181424812638e+00,#9b7653
 -7.6783211116665182,-4.69503832850556e+00,#9b7653
 -7.6579608036718811,-4.72817473550049e+00,#9b7653
 -7.6374574937903335,-4.76122285033434e+00,#9b7653
 -7.6168115648929895,-4.79418205587902e+00,#9b7653
 -7.5960234025141826,-4.82705173666669e+00,#9b7653
 -7.5750933948442576,-4.85983127890124e+00,#9b7653
 -7.5540219327223239,-4.89252007046983e+00,#9b7653
 -7.5328094096289604,-4.92511750095420e+00,#9b7653
 -7.5114562216788636,-4.95762296164219e+00,#9b7653
 -7.4899627676134530,-4.99003584553901e+00,#9b7653
 -7.4683294487934271,-5.02235554737863e+00,#9b7653
 -7.4465566691912670,-5.05458146363505e+00,#9b7653
 -7.4246448353836882,-5.08671299253362e+00,#9b7653
 -7.4025943565440562,-5.11874953406221e+00,#9b7653
 -7.3804056444347346,-5.15069048998248e+00,#9b7653
 -7.3580791133994152,-5.18253526384098e+00,#9b7653
 -7.3356151803553562,-5.21428326098037e+00,#9b7653
 -7.3130142647856200,-5.24593388855045e+00,#9b7653
 -7.2902767887312230,-5.27748655551928e+00,#9b7653
 -7.2674031767832616,-5.30894067268420e+00,#9b7653
 -7.2443938560749821,-5.34029565268282e+00,#9b7653
 -7.2212492562738095,-5.37155091000401e+00,#9b7653
 -7.1979698095733138,-5.40270586099883e+00,#9b7653
 -7.1745559506851517,-5.43375992389140e+00,#9b7653
 -7.1510081168309405,-5.46471251878980e+00,#9b7653
 -7.1273267477340925,-5.49556306769690e+00,#9b7653
 -7.1035122856116066,-5.52631099452112e+00,#9b7653
 -7.0795651751658166,-5.55695572508720e+00,#9b7653
 -7.0554858635760818,-5.58749668714694e+00,#9b7653
 -7.0312748004904293,-5.61793331038989e+00,#9b7653
 -7.0069324380171674,-5.64826502645395e+00,#9b7653
 -6.9824592307164410,-5.67849126893603e+00,#9b7653
 -6.9578556355917378,-5.70861147340264e+00,#9b7653
 -6.9331221120813664,-5.73862507740037e+00,#9b7653
 -6.9082591220498664,-5.76853152046644e+00,#9b7653
 -6.8832671297793819,-5.79833024413914e+00,#9b7653
 -6.8581466019610016,-5.82802069196831e+00,#9b7653
 -6.8328980076860377,-5.85760230952565e+00,#9b7653
 -6.8075218184372632,-5.88707454441513e+00,#9b7653
 -6.7820185080801174,-5.91643684628330e+00,#9b7653
 -6.7563885528538536,-5.94568866682955e+00,#9b7653
 -6.7306324313626362,-5.97482945981636e+00,#9b7653
 -6.7047506245666160,-6.00385868107949e+00,#9b7653
 -6.6787436157729374,-6.03277578853816e+00,#9b7653
 -6.6526118906267326,-6.06158024220515e+00,#9b7653
 -6.6263559371020273,-6.09027150419690e+00,#9b7653
 -6.5999762454926527,-6.11884903874354e+00,#9b7653
 -6.5734733084030674,-6.14731231219892e+00,#9b7653
 -6.5468476207391779,-6.17566079305055e+00,#9b7653
 -6.5200996796990829,-6.20389395192954e+00,#9b7653
 -6.4932299847638024,-6.23201126162046e+00,#9b7653
 -6.4662390376879335,-6.26001219707123e+00,#9b7653
 -6.4391273424903019,-6.28789623540289e+00,#9b7653
 -6.4118954054445272,-6.31566285591935e+00,#9b7653
 -6.3845437350695864,-6.34331154011717e+00,#9b7653
 -6.3570728421203064,-6.37084177169520e+00,#9b7653
 -6.3294832395778400,-6.39825303656422e+00,#9b7653
 -6.3017754426400749,-6.42554482285654e+00,#9b7653
 -6.2739499687120137,-6.45271662093560e+00,#9b7653
 -6.2460073373961160,-6.47976792340543e+00,#9b7653
 -6.2179480704825965,-6.50669822512015e+00,#9b7653
 -6.1897726919396749,-6.53350702319343e+00,#9b7653
 -6.1614817279038023,-6.56019381700782e+00,#9b7653
 -6.1330757066698292,-6.58675810822413e+00,#9b7653
 -6.1045551586811362,-6.61319940079078e+00,#9b7653
 -6.0759206165197357,-6.63951720095298e+00,#9b7653
 -6.0471726148963247,-6.66571101726200e+00,#9b7653
 -6.0183116906402967,-6.69178036058434e+00,#9b7653
 -5.9893383826897271,-6.71772474411088e+00,#9b7653
 -5.9602532320812998,-6.74354368336592e+00,#9b7653
 -5.9310567819402031,-6.76923669621628e+00,#9b7653
 -5.9017495774699924,-6.79480330288028e+00,#9b7653
 -5.8723321659424093,-6.82024302593670e+00,#9b7653
 -5.8428050966871528,-6.84555539033369e+00,#9b7653
 -5.8131689210816484,-6.87073992339766e+00,#9b7653
 -5.7834241925407142,-6.89579615484208e+00,#9b7653
 -5.7535714665062514,-6.92072361677629e+00,#9b7653
 -5.7236113004368656,-6.94552184371422e+00,#9b7653
 -5.6935442537974517,-6.97019037258309e+00,#9b7653
 -5.6633708880487763,-6.99472874273203e+00,#9b7653
 -5.6330917666369258,-7.01913649594074e+00,#9b7653
 -5.6027074549828715,-7.04341317642798e+00,#9b7653
 -5.5722185204718446,-7.06755833086014e+00,#9b7653
 -5.5416255324427688,-7.09157150835965e+00,#9b7653
 -5.5109290621776239,-7.11545226051346e+00,#9b7653
 -5.4801296828907731,-7.13920014138135e+00,#9b7653
 -5.4492279697182822,-7.16281470750430e+00,#9b7653
 -5.4182244997071418,-7.18629551791278e+00,#9b7653
 -5.3871198518045214,-7.20964213413493e+00,#9b7653
 -5.3559146068469445,-7.23285412020480e+00,#9b7653
 -5.3246093475494423,-7.25593104267048e+00,#9b7653
 -5.2932046584946919,-7.27887247060217e+00,#9b7653
 -5.2617011261220705,-7.30167797560025e+00,#9b7653
 -5.2300993387167205,-7.32434713180328e+00,#9b7653
 -5.1983998863985645,-7.34687951589594e+00,#9b7653
 -5.1666033611112763,-7.36927470711695e+00,#9b7653
 -5.1347103566112562,-7.39153228726690e+00,#9b7653
 -5.1027214684564814,-7.41365184071611e+00,#9b7653
 -5.0706372939954649,-7.43563295441231e+00,#9b7653
 -5.0384584323560375,-7.45747521788845e+00,#9b7653
 -5.0061854844341891,-7.47917822327028e+00,#9b7653
 -4.9738190528828410,-7.50074156528404e+00,#9b7653
 -4.9413597421005848,-7.52216484126396e+00,#9b7653
 -4.9088081582204266,-7.54344765115982e+00,#9b7653
 -4.8761649090984234,-7.56458959754441e+00,#9b7653
 -4.8434306043023616,-7.58559028562097e+00,#9b7653
 -4.8106058551003690,-7.60644932323052e+00,#9b7653
 -4.7776912744494888,-7.62716632085922e+00,#9b7653
 -4.7446874769842653,-7.64774089164563e+00,#9b7653
 -4.7115950790052237,-7.66817265138793e+00,#9b7653
 -4.6784146984673871,-7.68846121855110e+00,#9b7653
 -4.6451469549687321,-7.70860621427406e+00,#9b7653
 -4.6117924697386226,-7.72860726237672e+00,#9b7653
 -4.5783518656261997,-7.74846398936700e+00,#9b7653
 -4.5448257670887493,-7.76817602444783e+00,#9b7653
 -4.5112148001800749,-7.78774299952408e+00,#9b7653
 -4.4775195925387523,-7.80716454920937e+00,#9b7653
 -4.4437407733764482,-7.82644031083300e+00,#9b7653
 -4.4098789734661592,-7.84556992444660e+00,#9b7653
 -4.3759348251304244,-7.86455303283097e+00,#9b7653
 -4.3419089622295486,-7.88338928150264e+00,#9b7653
 -4.3078020201497234,-7.90207831872059e+00,#9b7653
 -4.2736146357911879,-7.92061979549273e+00,#9b7653
 -4.2393474475563320,-7.93901336558250e+00,#9b7653
 -4.2050010953377646,-7.95725868551527e+00,#9b7653
 -4.1705762205064012,-7.97535541458477e+00,#9b7653
 -4.1360734658994129,-7.99330321485948e+00,#9b7653
 -4.1014934758083141,-8.01110175118890e+00,#9b7653
 -4.0668368959668584,-8.02875069120985e+00,#9b7653
 -4.0321043735390161,-8.04624970535265e+00,#9b7653
 -3.9972965571068801,-8.06359846684726e+00,#9b7653
 -3.9624140966585473,-8.08079665172943e+00,#9b7653
 -3.9274576435760111,-8.09784393884671e+00,#9b7653
 -3.8924278506229548,-8.11474000986444e+00,#9b7653
 -3.8573253719325891,-8.13148454927174e+00,#9b7653
 -3.8221508629954308,-8.14807724438737e+00,#9b7653
 -3.7869049806470558,-8.16451778536556e+00,#9b7653
 -3.7515883830558630,-8.18080586520181e+00,#9b7653
 -3.7162017297107366,-8.19694117973863e+00,#9b7653
 -3.6807456814087658,-8.21292342767122e+00,#9b7653
 -3.6452209002428946,-8.22875231055306e+00,#9b7653
 -3.6096280495895567,-8.24442753280155e+00,#9b7653
 -3.5739677940962924,-8.25994880170346e+00,#9b7653
 -3.5382407996693259,-8.27531582742045e+00,#9b7653
 -3.5024477334611621,-8.29052832299443e+00,#9b7653
 -3.4665892638580824,-8.30558600435297e+00,#9b7653
 -3.4306660604676957,-8.32048859031458e+00,#9b7653
 -3.3946787941064231,-8.33523580259396e+00,#9b7653
 -3.3586281367869684,-8.34982736580720e+00,#9b7653
 -3.3225147617057949,-8.36426300747693e+00,#9b7653
 -3.2863393432305128,-8.37854245803739e+00,#9b7653
 -3.2501025568873141,-8.39266545083947e+00,#9b7653
 -3.2138050793483517,-8.40663172215571e+00,#9b7653
 -3.1774475884190947,-8.42044101118520e+00,#9b7653
 -3.1410307630257117,-8.43409306005845e+00,#9b7653
 -3.1045552832023064,-8.44758761384223e+00,#9b7653
 -3.0680218300783273,-8.46092442054430e+00,#9b7653
 -3.0314310858657620,-8.47410323111813e+00,#9b7653
 -2.9947837338464423,-8.48712379946757e+00,#9b7653
 -2.9580804583592681,-8.49998588245140e+00,#9b7653
 -2.9213219447874286,-8.51268923988791e+00,#9b7653
 -2.8845088795456304,-8.52523363455937e+00,#9b7653
 -2.8476419500672345,-8.53761883221647e+00,#9b7653
 -2.8107218447914506,-8.54984460158266e+00,#9b7653
 -2.7737492531504717,-8.56191071435852e+00,#9b7653
 -2.7367248655565959,-8.57381694522598e+00,#9b7653
 -2.6996493733893612,-8.58556307185256e+00,#9b7653
 -2.6625234689825903,-8.59714887489550e+00,#9b7653
 -2.6253478456114938,-8.60857413800585e+00,#9b7653
 -2.5881231974797143,-8.61983864783253e+00,#9b7653
 -2.5508502197063652,-8.63094219402633e+00,#9b7653
 -2.5135296083130489,-8.64188456924377e+00,#9b7653
 -2.4761620602108532,-8.65266556915107e+00,#9b7653
 -2.4387482731873673,-8.66328499242785e+00,#9b7653
 -2.4012889458936044,-8.67374264077100e+00,#9b7653
 -2.3637847778309893,-8.68403831889833e+00,#9b7653
 -2.3262364693382849,-8.69417183455219e+00,#9b7653
 -2.2886447215785086,-8.70414299850312e+00,#9b7653
 -2.2510102365258704,-8.71395162455334e+00,#9b7653
 -2.2133337169526159,-8.72359752954025e+00,#9b7653
 -2.1756158664159368,-8.73308053333984e+00,#9b7653
 -2.1378573892448225,-8.74240045887005e+00,#9b7653
 -2.1000589905269016,-8.75155713209410e+00,#9b7653
 -2.0622213760953136,-8.76055038202370e+00,#9b7653
 -2.0243452525154435,-8.76938004072227e+00,#9b7653
 -1.9864313270718357,-8.77804594330809e+00,#9b7653
 -1.9484803077549013,-8.78654792795734e+00,#9b7653
 -1.9104929032477371,-8.79488583590714e+00,#9b7653
 -1.8724698229128822,-8.80305951145854e+00,#9b7653
 -1.8344117767790655,-8.81106880197938e+00,#9b7653
 -1.7963194755279774,-8.81891355790717e+00,#9b7653
 -1.7581936304809518,-8.82659363275189e+00,#9b7653
 -1.7200349535857151,-8.83410888309870e+00,#9b7653
 -1.6818441574030831,-8.84145916861064e+00,#9b7653
 -1.6436219550936475,-8.84864435203123e+00,#9b7653
 -1.6053690604044895,-8.85566429918705e+00,#9b7653
 -1.5670861876558047,-8.86251887899024e+00,#9b7653
 -1.5287740517275961,-8.86920796344095e+00,#9b7653
 -1.4904333680463153,-8.87573142762973e+00,#9b7653
 -1.4520648525715052,-8.88208914973986e+00,#9b7653
 -1.4136692217824283,-8.88828101104961e+00,#9b7653
 -1.3752471926646808,-8.89430689593449e+00,#9b7653
 -1.3367994826968346,-8.90016669186940e+00,#9b7653
 -1.2983268098369933,-8.90586028943069e+00,#9b7653
 -1.2598298925094153,-8.91138758229827e+00,#9b7653
 -1.2213094495910914,-8.91674846725753e+00,#9b7653
 -1.1827662003983128,-8.92194284420133e+00,#9b7653
 -1.1442008646732773,-8.92697061613182e+00,#9b7653
 -1.1056141625705642,-8.93183168916227e+00,#9b7653
 -1.0670068146437948,-8.93652597251883e+00,#9b7653
 -1.0283795418320916,-8.94105337854222e+00,#9b7653
 -0.9897330654466467,-8.94541382268934e+00,#9b7653
 -0.9510681071572850,-8.94960722353491e+00,#9b7653
 -0.9123853889788989,-8.95363350277293e+00,#9b7653
 -0.8736856332580784,-8.95749258521817e+00,#9b7653
 -0.8349695626595345,-8.96118439880757e+00,#9b7653
 -0.7962379001526361,-8.96470887460159e+00,#9b7653
 -0.7574913689979411,-8.96806594678550e+00,#9b7653
 -0.7187306927336035,-8.97125555267058e+00,#9b7653
 -0.6799565951619734,-8.97427763269533e+00,#9b7653
 -0.6411698003359932,-8.97713213042657e+00,#9b7653
 -0.6023710325457179,-8.97981899256047e+00,#9b7653
 -0.5635610163047801,-8.98233816892359e+00,#9b7653
 -0.5247404763368544,-8.98468961247375e+00,#9b7653
 -0.4859101375621633,-8.98687327930100e+00,#9b7653
 -0.4470707250838527,-8.98888912862835e+00,#9b7653
 -0.4082229641745633,-8.99073712281260e+00,#9b7653
 -0.3693675802627991,-8.99241722734498e+00,#9b7653
 -0.3305052989194137,-8.99392941085187e+00,#9b7653
 -0.2916368458440922,-8.99527364509530e+00,#9b7653
 -0.2527629468517126,-8.99644990497356e+00,#9b7653
 -0.2138843278589039,-8.99745816852162e+00,#9b7653
 -0.1750017148704025,-8.99829841691152e+00,#9b7653
 -0.1361158339655354,-8.99897063445280e+00,#9b7653
 -0.0972274112846531,-8.99947480859271e+00,#9b7653
 -0.0583371730155625,-8.99981092991650e+00,#9b7653
 -0.0194458453799982,-8.99997899214756e+00,#9b7653
  0.0194458453799869,-8.99997899214756e+00,#9b7653
  0.0583371730155512,-8.99981092991650e+00,#9b7653
  0.0972274112846338,-8.99947480859272e+00,#9b7653
  0.1361158339655241,-8.99897063445280e+00,#9b7653
  0.1750017148703832,-8.99829841691152e+00,#9b7653
  0.2138843278588926,-8.99745816852162e+00,#9b7653
  0.2527629468517013,-8.99644990497356e+00,#9b7653
  0.2916368458440728,-8.99527364509530e+00,#9b7653
  0.3305052989194104,-8.99392941085187e+00,#9b7653
  0.3693675802627798,-8.99241722734498e+00,#9b7653
  0.4082229641745519,-8.99073712281260e+00,#9b7653
  0.4470707250838415,-8.98888912862835e+00,#9b7653
  0.4859101375621441,-8.98687327930100e+00,#9b7653
  0.5247404763368432,-8.98468961247375e+00,#9b7653
  0.5635610163047609,-8.98233816892359e+00,#9b7653
  0.6023710325457066,-8.97981899256047e+00,#9b7653
  0.6411698003359740,-8.97713213042657e+00,#9b7653
  0.6799565951619619,-8.97427763269533e+00,#9b7653
  0.7187306927335921,-8.97125555267058e+00,#9b7653
  0.7574913689979218,-8.96806594678550e+00,#9b7653
  0.7962379001526327,-8.96470887460159e+00,#9b7653
  0.8349695626595154,-8.96118439880757e+00,#9b7653
  0.8736856332580671,-8.95749258521817e+00,#9b7653
  0.9123853889788875,-8.95363350277293e+00,#9b7653
  0.9510681071572658,-8.94960722353491e+00,#9b7653
  0.9897330654466356,-8.94541382268934e+00,#9b7653
  1.0283795418320723,-8.94105337854222e+00,#9b7653
  1.0670068146437834,-8.93652597251884e+00,#9b7653
  1.1056141625705529,-8.93183168916227e+00,#9b7653
  1.1442008646732584,-8.92697061613182e+00,#9b7653
  1.1827662003983015,-8.92194284420133e+00,#9b7653
  1.2213094495910726,-8.91674846725753e+00,#9b7653
  1.2598298925094040,-8.91138758229827e+00,#9b7653
  1.2983268098369742,-8.90586028943069e+00,#9b7653
  1.3367994826968237,-8.90016669186940e+00,#9b7653
  1.3752471926646694,-8.89430689593450e+00,#9b7653
  1.4136692217824094,-8.88828101104961e+00,#9b7653
  1.4520648525714939,-8.88208914973986e+00,#9b7653
  1.4904333680462962,-8.87573142762973e+00,#9b7653
  1.5287740517275847,-8.86920796344095e+00,#9b7653
  1.5670861876557935,-8.86251887899024e+00,#9b7653
  1.6053690604044784,-8.85566429918705e+00,#9b7653
  1.6436219550936362,-8.84864435203123e+00,#9b7653
  1.6818441574030643,-8.84145916861064e+00,#9b7653
  1.7200349535857038,-8.83410888309870e+00,#9b7653
  1.7581936304809329,-8.82659363275189e+00,#9b7653
  1.7963194755279663,-8.81891355790717e+00,#9b7653
  1.8344117767790546,-8.81106880197938e+00,#9b7653
  1.8724698229128636,-8.80305951145854e+00,#9b7653
  1.9104929032477262,-8.79488583590714e+00,#9b7653
  1.9484803077548827,-8.78654792795734e+00,#9b7653
  1.9864313270718246,-8.77804594330809e+00,#9b7653
  2.0243452525154324,-8.76938004072228e+00,#9b7653
  2.0622213760952950,-8.76055038202370e+00,#9b7653
  2.1000589905268985,-8.75155713209410e+00,#9b7653
  2.1378573892448038,-8.74240045887006e+00,#9b7653
  2.1756158664159262,-8.73308053333984e+00,#9b7653
  2.2133337169526053,-8.72359752954025e+00,#9b7653
  2.2510102365258593,-8.71395162455334e+00,#9b7653
  2.2886447215784975,-8.70414299850312e+00,#9b7653
  2.3262364693382658,-8.69417183455219e+00,#9b7653
  2.3637847778309782,-8.68403831889833e+00,#9b7653
  2.4012889458935858,-8.67374264077101e+00,#9b7653
  2.4387482731873562,-8.66328499242785e+00,#9b7653
  2.4761620602108430,-8.65266556915107e+00,#9b7653
  2.5135296083130303,-8.64188456924378e+00,#9b7653
  2.5508502197063545,-8.63094219402633e+00,#9b7653
  2.5881231974796961,-8.61983864783254e+00,#9b7653
  2.6253478456114827,-8.60857413800585e+00,#9b7653
  2.6625234689825801,-8.59714887489550e+00,#9b7653
  2.6996493733893501,-8.58556307185257e+00,#9b7653
  2.7367248655565852,-8.57381694522599e+00,#9b7653
  2.7737492531504531,-8.56191071435853e+00,#9b7653
  2.8107218447914395,-8.54984460158266e+00,#9b7653
  2.8476419500672168,-8.53761883221647e+00,#9b7653
  2.8845088795456197,-8.52523363455938e+00,#9b7653
  2.9213219447874179,-8.51268923988791e+00,#9b7653
  2.9580804583592495,-8.49998588245140e+00,#9b7653
  2.9947837338464312,-8.48712379946757e+00,#9b7653
  3.0314310858657443,-8.47410323111814e+00,#9b7653
  3.0680218300783162,-8.46092442054430e+00,#9b7653
  3.1045552832022958,-8.44758761384223e+00,#9b7653
  3.1410307630256935,-8.43409306005846e+00,#9b7653
  3.1774475884190920,-8.42044101118520e+00,#9b7653
  3.2138050793483335,-8.40663172215572e+00,#9b7653
  3.2501025568873034,-8.39266545083948e+00,#9b7653
  3.2863393432305026,-8.37854245803739e+00,#9b7653
  3.3225147617057846,-8.36426300747694e+00,#9b7653
  3.3586281367869577,-8.34982736580721e+00,#9b7653
  3.3946787941064054,-8.33523580259397e+00,#9b7653
  3.4306660604676851,-8.32048859031458e+00,#9b7653
  3.4665892638580651,-8.30558600435297e+00,#9b7653
  3.5024477334611519,-8.29052832299443e+00,#9b7653
  3.5382407996693157,-8.27531582742045e+00,#9b7653
  3.5739677940962746,-8.25994880170347e+00,#9b7653
  3.6096280495895465,-8.24442753280156e+00,#9b7653
  3.6452209002428768,-8.22875231055307e+00,#9b7653
  3.6807456814087560,-8.21292342767122e+00,#9b7653
  3.7162017297107268,-8.19694117973864e+00,#9b7653
  3.7515883830558527,-8.18080586520181e+00,#9b7653
  3.7869049806470461,-8.16451778536556e+00,#9b7653
  3.8221508629954135,-8.14807724438738e+00,#9b7653
  3.8573253719325784,-8.13148454927175e+00,#9b7653
  3.8924278506229371,-8.11474000986445e+00,#9b7653
  3.9274576435760014,-8.09784393884671e+00,#9b7653
  3.9624140966585371,-8.08079665172944e+00,#9b7653
  3.9972965571068628,-8.06359846684727e+00,#9b7653
  4.0321043735390063,-8.04624970535265e+00,#9b7653
  4.0668368959668415,-8.02875069120986e+00,#9b7653
  4.1014934758083035,-8.01110175118890e+00,#9b7653
  4.1360734658994032,-7.99330321485948e+00,#9b7653
  4.1705762205063843,-7.97535541458477e+00,#9b7653
  4.2050010953377610,-7.95725868551527e+00,#9b7653
  4.2393474475563142,-7.93901336558251e+00,#9b7653
  4.2736146357911782,-7.92061979549274e+00,#9b7653
  4.3078020201497136,-7.90207831872059e+00,#9b7653
  4.3419089622295388,-7.88338928150265e+00,#9b7653
  4.3759348251304147,-7.86455303283097e+00,#9b7653
  4.4098789734661423,-7.84556992444661e+00,#9b7653
  4.4437407733764394,-7.82644031083300e+00,#9b7653
  4.4775195925387354,-7.80716454920938e+00,#9b7653
  4.5112148001800652,-7.78774299952408e+00,#9b7653
  4.5448257670887395,-7.76817602444784e+00,#9b7653
  4.5783518656261819,-7.74846398936701e+00,#9b7653
  4.6117924697386128,-7.72860726237672e+00,#9b7653
  4.6451469549687161,-7.70860621427407e+00,#9b7653
  4.6784146984673765,-7.68846121855111e+00,#9b7653
  4.7115950790052139,-7.66817265138793e+00,#9b7653
  4.7446874769842555,-7.64774089164564e+00,#9b7653
  4.7776912744494791,-7.62716632085923e+00,#9b7653
  4.8106058551003521,-7.60644932323053e+00,#9b7653
  4.8434306043023518,-7.58559028562098e+00,#9b7653
  4.8761649090984074,-7.56458959754443e+00,#9b7653
  4.9088081582204177,-7.54344765115983e+00,#9b7653
  4.9413597421005759,-7.52216484126397e+00,#9b7653
  4.9738190528828250,-7.50074156528405e+00,#9b7653
  5.0061854844341802,-7.47917822327029e+00,#9b7653
  5.0384584323560215,-7.45747521788846e+00,#9b7653
  5.0706372939954560,-7.43563295441232e+00,#9b7653
  5.1027214684564708,-7.41365184071612e+00,#9b7653
  5.1347103566112411,-7.39153228726691e+00,#9b7653
  5.1666033611112727,-7.36927470711696e+00,#9b7653
  5.1983998863985494,-7.34687951589595e+00,#9b7653
  5.2300993387167116,-7.32434713180329e+00,#9b7653
  5.2617011261220616,-7.30167797560025e+00,#9b7653
  5.2932046584946821,-7.27887247060217e+00,#9b7653
  5.3246093475494316,-7.25593104267049e+00,#9b7653
  5.3559146068469294,-7.23285412020481e+00,#9b7653
  5.3871198518045125,-7.20964213413493e+00,#9b7653
  5.4182244997071276,-7.18629551791279e+00,#9b7653
  5.4492279697182724,-7.16281470750431e+00,#9b7653
  5.4801296828907642,-7.13920014138136e+00,#9b7653
  5.5109290621776079,-7.11545226051347e+00,#9b7653
  5.5416255324427599,-7.09157150835966e+00,#9b7653
  5.5722185204718304,-7.06755833086015e+00,#9b7653
  5.6027074549828626,-7.04341317642799e+00,#9b7653
  5.6330917666369169,-7.01913649594075e+00,#9b7653
  5.6633708880487612,-6.99472874273204e+00,#9b7653
  5.6935442537974428,-6.97019037258310e+00,#9b7653
  5.7236113004368505,-6.94552184371423e+00,#9b7653
  5.7535714665062425,-6.92072361677630e+00,#9b7653
  5.7834241925407053,-6.89579615484208e+00,#9b7653
  5.8131689210816404,-6.87073992339766e+00,#9b7653
  5.8428050966871439,-6.84555539033370e+00,#9b7653
  5.8723321659423950,-6.82024302593671e+00,#9b7653
  5.9017495774699844,-6.79480330288029e+00,#9b7653
  5.9310567819401889,-6.76923669621629e+00,#9b7653
  5.9602532320812918,-6.74354368336593e+00,#9b7653
  5.9893383826897182,-6.71772474411089e+00,#9b7653
  6.0183116906402851,-6.69178036058435e+00,#9b7653
  6.0471726148963167,-6.66571101726200e+00,#9b7653
  6.0759206165197206,-6.63951720095299e+00,#9b7653
  6.1045551586811273,-6.61319940079079e+00,#9b7653
  6.1330757066698212,-6.58675810822414e+00,#9b7653
  6.1614817279037943,-6.56019381700782e+00,#9b7653
  6.1897726919396643,-6.53350702319344e+00,#9b7653
  6.2179480704825831,-6.50669822512017e+00,#9b7653
  6.2460073373961080,-6.47976792340543e+00,#9b7653
  6.2739499687119995,-6.45271662093561e+00,#9b7653
  6.3017754426400669,-6.42554482285655e+00,#9b7653
  6.3294832395778320,-6.39825303656422e+00,#9b7653
  6.3570728421202958,-6.37084177169521e+00,#9b7653
  6.3845437350695784,-6.34331154011718e+00,#9b7653
  6.4118954054445139,-6.31566285591936e+00,#9b7653
  6.4391273424902931,-6.28789623540289e+00,#9b7653
  6.4662390376879255,-6.26001219707124e+00,#9b7653
  6.4932299847637909,-6.23201126162047e+00,#9b7653
  6.5200996796990722,-6.20389395192955e+00,#9b7653
  6.5468476207391646,-6.17566079305057e+00,#9b7653
  6.5734733084030603,-6.14731231219893e+00,#9b7653
  6.5999762454926447,-6.11884903874355e+00,#9b7653
  6.6263559371020202,-6.09027150419690e+00,#9b7653
  6.6526118906267229,-6.06158024220516e+00,#9b7653
  6.6787436157729267,-6.03277578853817e+00,#9b7653
  6.7047506245666080,-6.00385868107950e+00,#9b7653
  6.7306324313626229,-5.97482945981638e+00,#9b7653
  6.7563885528538457,-5.94568866682956e+00,#9b7653
  6.7820185080801103,-5.91643684628331e+00,#9b7653
  6.8075218184372526,-5.88707454441514e+00,#9b7653
  6.8328980076860306,-5.85760230952565e+00,#9b7653
  6.8581466019609900,-5.82802069196832e+00,#9b7653
  6.8832671297793748,-5.79833024413915e+00,#9b7653
  6.9082591220498584,-5.76853152046645e+00,#9b7653
  6.9331221120813593,-5.73862507740038e+00,#9b7653
  6.9578556355917289,-5.70861147340265e+00,#9b7653
  6.9824592307164295,-5.67849126893605e+00,#9b7653
  7.0069324380171611,-5.64826502645395e+00,#9b7653
  7.0312748004904169,-5.61793331038990e+00,#9b7653
  7.0554858635760747,-5.58749668714695e+00,#9b7653
  7.0795651751658095,-5.55695572508721e+00,#9b7653
  7.1035122856115969,-5.52631099452113e+00,#9b7653
  7.1273267477340854,-5.49556306769691e+00,#9b7653
  7.1510081168309281,-5.46471251878982e+00,#9b7653
  7.1745559506851455,-5.43375992389141e+00,#9b7653
  7.1979698095733067,-5.40270586099884e+00,#9b7653
  7.2212492562737998,-5.37155091000403e+00,#9b7653
  7.2443938560749768,-5.34029565268283e+00,#9b7653
  7.2674031767832510,-5.30894067268421e+00,#9b7653
  7.2902767887312168,-5.27748655551929e+00,#9b7653
  7.3130142647856138,-5.24593388855046e+00,#9b7653
  7.3356151803553491,-5.21428326098038e+00,#9b7653
  7.3580791133994055,-5.18253526384099e+00,#9b7653
  7.3804056444347257,-5.15069048998249e+00,#9b7653
  7.4025943565440491,-5.11874953406222e+00,#9b7653
  7.4246448353836776,-5.08671299253363e+00,#9b7653
  7.4465566691912608,-5.05458146363506e+00,#9b7653
  7.4683294487934200,-5.02235554737864e+00,#9b7653
  7.4899627676134450,-4.99003584553902e+00,#9b7653
  7.5114562216788574,-4.95762296164220e+00,#9b7653
  7.5328094096289497,-4.92511750095422e+00,#9b7653
  7.5540219327223177,-4.89252007046984e+00,#9b7653
  7.5750933948442514,-4.85983127890125e+00,#9b7653
  7.5960234025141755,-4.82705173666670e+00,#9b7653
  7.6168115648929815,-4.79418205587903e+00,#9b7653
  7.6374574937903237,-4.76122285033436e+00,#9b7653
  7.6579608036718749,-4.72817473550050e+00,#9b7653
  7.6783211116665084,-4.69503832850557e+00,#9b7653
  7.6985380375734858,-4.66181424812639e+00,#9b7653
  7.7186112038695081,-4.62850311477697e+00,#9b7653
  7.7385402357158011,-4.59510555049692e+00,#9b7653
  7.7583247609651051,-4.56162217893983e+00,#9b7653
  7.7779644101686083,-4.52805362536162e+00,#9b7653
  7.7974588165828838,-4.49440051660885e+00,#9b7653
  7.8168076161766891,-4.46066348110705e+00,#9b7653
  7.8360104476378032,-4.42684314884898e+00,#9b7653
  7.8550669523797625,-4.39294015138282e+00,#9b7653
  7.8739767745485310,-4.35895512180044e+00,#9b7653
  7.8927395610292042,-4.32488869472551e+00,#9b7653
  7.9113549614525320,-4.29074150630173e+00,#9b7653
  7.9298226282015172,-4.25651419418087e+00,#9b7653
  7.9481422164178790,-4.22220739751092e+00,#9b7653
  7.9663133840084983,-4.18782175692413e+00,#9b7653
  7.9843357916518150,-4.15335791452504e+00,#9b7653
  8.0022091028041391,-4.11881651387854e+00,#9b7653
  8.0199329837059778,-4.08419819999776e+00,#9b7653
  8.0375071033882186,-4.04950361933212e+00,#9b7653
  8.0549311336783482,-4.01473341975520e+00,#9b7653
  8.0722047492065627,-3.97988825055265e+00,#9b7653
  8.0893276274118406,-3.94496876241011e+00,#9b7653
  8.1062994485479880,-3.90997560740097e+00,#9b7653
  8.1231198956895767,-3.87490943897430e+00,#9b7653
  8.1397886547378917,-3.83977091194257e+00,#9b7653
  8.1563054144267788,-3.80456068246945e+00,#9b7653
  8.1726698663284640,-3.76927940805755e+00,#9b7653
  8.1888817048593161,-3.73392774753615e+00,#9b7653
  8.2049406272855343,-3.69850636104891e+00,#9b7653
  8.2208463337288400,-3.66301591004149e+00,#9b7653
  8.2365985271720312,-3.62745705724927e+00,#9b7653
  8.2521969134645570,-3.59183046668492e+00,#9b7653
  8.2676412013280078,-3.55613680362603e+00,#9b7653
  8.2829311023615393,-3.52037673460269e+00,#9b7653
  8.2980663310472860,-3.48455092738497e+00,#9b7653
  8.3130466047556588,-3.44866005097058e+00,#9b7653
  8.3278716437506475,-3.41270477557229e+00,#9b7653
  8.3425411711950410,-3.37668577260539e+00,#9b7653
  8.3570549131555776,-3.34060371467527e+00,#9b7653
  8.3714125986080976,-3.30445927556470e+00,#9b7653
  8.3856139594425603,-3.26825313022141e+00,#9b7653
  8.3996587304680865,-3.23198595474536e+00,#9b7653
  8.4135466494178885,-3.19565842637617e+00,#9b7653
  8.4272774569541795,-3.15927122348049e+00,#9b7653
  8.4408508966730142,-3.12282502553927e+00,#9b7653
  8.4542667151090640,-3.08632051313518e+00,#9b7653
  8.4675246617403790,-3.04975836793974e+00,#9b7653
  8.4806244889930298,-3.01313927270077e+00,#9b7653
  8.4935659522457581,-2.97646391122950e+00,#9b7653
  8.5063488098345417,-2.93973296838786e+00,#9b7653
  8.5189728230570818,-2.90294713007572e+00,#9b7653
  8.5314377561773043,-2.86610708321799e+00,#9b7653
  8.5437433764297168,-2.82921351575192e+00,#9b7653
  8.5558894540237862,-2.79226711661413e+00,#9b7653
  8.5678757621482156,-2.75526857572781e+00,#9b7653
  8.5797020769751846,-2.71821858398984e+00,#9b7653
  8.5913681776645294,-2.68111783325785e+00,#9b7653
  8.6028738463678547,-2.64396701633737e+00,#9b7653
  8.6142188682326335,-2.60676682696878e+00,#9b7653
  8.6254030314061705,-2.56951795981449e+00,#9b7653
  8.6364261270396057,-2.53222111044586e+00,#9b7653
  8.6472879492917887,-2.49487697533025e+00,#9b7653
  8.6579882953331175,-2.45748625181806e+00,#9b7653
  8.6685269653493524,-2.42004963812958e+00,#9b7653
  8.6789037625453211,-2.38256783334214e+00,#9b7653
  8.6891184931486052,-2.34504153737688e+00,#9b7653
  8.6991709664131616,-2.30747145098575e+00,#9b7653
  8.7090609946228685,-2.26985827573850e+00,#9b7653
  8.7187883930950569,-2.23220271400939e+00,#9b7653
  8.7283529801839332,-2.19450546896430e+00,#9b7653
  8.7377545772839884,-2.15676724454743e+00,#9b7653
  8.7469930088333250,-2.11898874546821e+00,#9b7653
  8.7560681023169398,-2.08117067718817e+00,#9b7653
  8.7649796882699391,-2.04331374590771e+00,#9b7653
  8.7737276002807096,-2.00541865855299e+00,#9b7653
  8.7823116749940304,-1.96748612276263e+00,#9b7653
  8.7907317521141053,-1.92951684687459e+00,#9b7653
  8.7989876744075772,-1.89151153991287e+00,#9b7653
  8.8070792877064470,-1.85347091157431e+00,#9b7653
  8.8150064409109632,-1.81539567221535e+00,#9b7653
  8.8227689859924467,-1.77728653283870e+00,#9b7653
  8.8303667779960371,-1.73914420508016e+00,#9b7653
  8.8377996750434207,-1.70096940119522e+00,#9b7653
  8.8450675383354636,-1.66276283404586e+00,#9b7653
  8.8521702321548155,-1.62452521708718e+00,#9b7653
  8.8591076238684394,-1.58625726435408e+00,#9b7653
  8.8658795839300808,-1.54795969044797e+00,#9b7653
  8.8724859858826992,-1.50963321052337e+00,#9b7653
  8.8789267063608257,-1.47127854027459e+00,#9b7653
  8.8852016250928578,-1.43289639592234e+00,#9b7653
  8.8913106249033227,-1.39448749420039e+00,#9b7653
  8.8972535917150459,-1.35605255234217e+00,#9b7653
  8.9030304145512993,-1.31759228806735e+00,#9b7653
  8.9086409855378541,-1.27910741956848e+00,#9b7653
  8.9140851999050188,-1.24059866549756e+00,#9b7653
  8.9193629559895733,-1.20206674495260e+00,#9b7653
  8.9244741552366804,-1.16351237746426e+00,#9b7653
  8.9294187022017280,-1.12493628298229e+00,#9b7653
  8.9341965045520944,-1.08633918186225e+00,#9b7653
  8.9388074730688949,-1.04772179485189e+00,#9b7653
  8.9432515216486337,-1.00908484307783e+00,#9b7653
  8.9475285673048131,-9.70429048032001e-01,#9b7653
  8.9516385301694879,-9.31755131558208e-01,#9b7653
  8.9555813334947523,-8.93063815838683e-01,#9b7653
  8.9593569036541805,-8.54355823380507e-01,#9b7653
  8.9629651701441873,-8.15631877002233e-01,#9b7653
  8.9664060655853604,-7.76892699820300e-01,#9b7653
  8.9696795257237074,-7.38139015235559e-01,#9b7653
  8.9727854894318639,-6.99371546919801e-01,#9b7653
  8.9757238987102284,-6.60591018802152e-01,#9b7653
  8.9784946986880474,-6.21798155055668e-01,#9b7653
  8.9810978376244428,-5.82993680083726e-01,#9b7653
  8.9835332669093741,-5.44178318506522e-01,#9b7653
  8.9858009410645483,-5.05352795147582e-01,#9b7653
  8.9879008177442703,-4.66517835020128e-01,#9b7653
  8.9898328577362303,-4.27674163313661e-01,#9b7653
  8.9915970249622372,-3.88822505380325e-01,#9b7653
  8.9931932864788955,-3.49963586721402e-01,#9b7653
  8.9946216124782161,-3.11098132973762e-01,#9b7653
  8.9958819762881763,-2.72226869896297e-01,#9b7653
  8.9969743543732132,-2.33350523356414e-01,#9b7653
  8.9978987263346681,-1.94469819316392e-01,#9b7653
  8.9986550749111682,-1.55585483819933e-01,#9b7653
  8.9992433859789411,-1.16698242978523e-01,#9b7653
  8.9996636485520884,-7.78088229578986e-02,#9b7653
  8.9999158547827864,-3.89179499645227e-02,#9b7653
  8.9999999999614264,-2.63502319345927e-05,#9b7653
  8.9999160825167142, 3.88652499926999e-02,#9b7653
  8.9996641040156948, 7.77561244622376e-02,#9b7653
  8.9992440691637174, 1.16645546943080e-01,#9b7653
  8.9986559858043567, 1.55532791228742e-01,#9b7653
  8.9978998649192619, 1.94417131153422e-01,#9b7653
  8.9969757206279493, 2.33297840605521e-01,#9b7653
  8.9958835701875408, 2.72174193541290e-01,#9b7653
  8.9946234339924480, 3.11045463998275e-01,#9b7653
  8.9931953355739793, 3.49910926108965e-01,#9b7653
  8.9915993015999067, 3.88769854114310e-01,#9b7653
  8.9898353618739737, 4.27621522377243e-01,#9b7653
  8.9879035493353268, 4.66465205396319e-01,#9b7653
  8.9858039000579097, 5.05300177819151e-01,#9b7653
  8.9835364532497834, 5.44125714456043e-01,#9b7653
  8.9811012512523991, 5.82941090293498e-01,#9b7653
  8.9784983395398079, 6.21745580507726e-01,#9b7653
  8.9757277667178048, 6.60538460478269e-01,#9b7653
  8.9727895845230261, 6.99319005801415e-01,#9b7653
  8.9696838478219867, 7.38086492303820e-01,#9b7653
  8.9664106146100462, 7.76840196055985e-01,#9b7653
  8.9629699460103343, 8.15579393385786e-01,#9b7653
  8.9593619062726031, 8.54303360891994e-01,#9b7653
  8.9555865627720372, 8.93011375457746e-01,#9b7653
  8.9516439860079799, 9.31702714264131e-01,#9b7653
  8.9475342496026364, 9.70376654803581e-01,#9b7653
  8.9432574302996777, 1.00903247489345e+00,#9b7653
  8.9388136079628246, 1.04766945268946e+00,#9b7653
  8.9342028655743491, 1.08628686669916e+00,#9b7653
  8.9294252892335226, 1.12488399579549e+00,#9b7653
  8.9244809681550148, 1.16346011923011e+00,#9b7653
  8.9193699946672211, 1.20201451664697e+00,#9b7653
  8.9140924642105457, 1.24054646809572e+00,#9b7653
  8.9086484753356086, 1.27905525404517e+00,#9b7653
  8.9030381297014163, 1.31754015539668e+00,#9b7653
  8.8972615320734612, 1.35600045349764e+00,#9b7653
  8.8913187903217565, 1.39443543015489e+00,#9b7653
  8.8852100154188349, 1.43284436764808e+00,#9b7653
  8.8789353214376661, 1.47122654874312e+00,#9b7653
  8.8724948255495306, 1.50958125670559e+00,#9b7653
  8.8658886480218335, 1.54790777531402e+00,#9b7653
  8.8591169122158533, 1.58620538887341e+00,#9b7653
  8.8521797445844452, 1.62447338222849e+00,#9b7653
  8.8450772746696753, 1.66271104077710e+00,#9b7653
  8.8378096351004007, 1.70091765048356e+00,#9b7653
  8.8303769615897991, 1.73909249789196e+00,#9b7653
  8.8227793929328229, 1.77723487013955e+00,#9b7653
  8.8150170710036200, 1.81534405496995e+00,#9b7653
  8.8070901407528801, 1.85341934074656e+00,#9b7653
  8.7989987502051239, 1.89146001646577e+00,#9b7653
  8.7907430504559407, 1.92946537177027e+00,#9b7653
  8.7823231956691696, 1.96743469696233e+00,#9b7653
  8.7737393430740251, 2.00536728301700e+00,#9b7653
  8.7649916529621432, 2.04326242159541e+00,#9b7653
  8.7560802886846112, 2.08111940505796e+00,#9b7653
  8.7470054166489035, 2.11893752647754e+00,#9b7653
  8.7377672063157714, 2.15671607965274e+00,#9b7653
  8.7283658301960934, 2.19445435912102e+00,#9b7653
  8.7188014638476350, 2.23215166017194e+00,#9b7653
  8.7090742858717896, 2.26980727886021e+00,#9b7653
  8.6991844779102259, 2.30742051201895e+00,#9b7653
  8.6891322246415079, 2.34499065727275e+00,#9b7653
  8.6789177137776452, 2.38251701305082e+00,#9b7653
  8.6685411360605737, 2.41999887860008e+00,#9b7653
  8.6580026852586247, 2.45743555399820e+00,#9b7653
  8.6473025581628598, 2.49482634016680e+00,#9b7653
  8.6364409545834473, 2.53217053888433e+00,#9b7653
  8.6254180773458984, 2.56946745279923e+00,#9b7653
  8.6142341322872813, 2.60671638544296e+00,#9b7653
  8.6028893282523953, 2.64391664124288e+00,#9b7653
  8.5913838770898483, 2.68106752553541e+00,#9b7653
  8.5797179936481278, 2.71816834457885e+00,#9b7653
  8.5678918957715542, 2.75521840556645e+00,#9b7653
  8.5559058042962466, 2.79221701663925e+00,#9b7653
  8.5437599430459858, 2.82916348689906e+00,#9b7653
  8.5314545388280170, 2.86605712642139e+00,#9b7653
  8.5189898214288533, 2.90289724626822e+00,#9b7653
  8.5063660236099388, 2.93968315850100e+00,#9b7653
  8.4935833811033454, 2.97641417619340e+00,#9b7653
  8.4806421326073469, 3.01308961344416e+00,#9b7653
  8.4675425197819525, 3.04970878538996e+00,#9b7653
  8.4542847872444273, 3.08627100821808e+00,#9b7653
  8.4408691825646844, 3.12277559917933e+00,#9b7653
  8.4272959562606982, 3.15922187660064e+00,#9b7653
  8.4135653617938075, 3.19560915989791e+00,#9b7653
  8.3996776555639752, 3.23193676958868e+00,#9b7653
  8.3856330969050230, 3.26820402730476e+00,#9b7653
  8.3714319480797617, 3.30441025580503e+00,#9b7653
  8.3570744742751284, 3.34055477898793e+00,#9b7653
  8.3425609435971886, 3.37663692190422e+00,#9b7653
  8.3278916270661760, 3.41265601076948e+00,#9b7653
  8.3130667986114091, 3.44861137297676e+00,#9b7653
  8.2980867350661622, 3.48450233710913e+00,#9b7653
  8.2829517161625326, 3.52032823295217e+00,#9b7653
  8.2676620245261709, 3.55608839150657e+00,#9b7653
  8.2522179456710507, 3.59178214500054e+00,#9b7653
  8.2366197679941120, 3.62740882690229e+00,#9b7653
  8.2208677827698597, 3.66296777193256e+00,#9b7653
  8.2049622841449690, 3.69845831607693e+00,#9b7653
  8.1889035691327408, 3.73387979659831e+00,#9b7653
  8.1726919376076079, 3.76923155204925e+00,#9b7653
  8.1563276922994810, 3.80451292228435e+00,#9b7653
  8.1398111387881436, 3.83972324847253e+00,#9b7653
  8.1231425854975274, 3.87486187310936e+00,#9b7653
  8.1063223436899285, 3.90992814002936e+00,#9b7653
  8.0893507274602428, 3.94492139441820e+00,#9b7653
  8.0722280537300559, 3.97984098282500e+00,#9b7653
  8.0549546422417571, 4.01468625317446e+00,#9b7653
  8.0375308155525573, 4.04945655477905e+00,#9b7653
  8.0199568990284469, 4.08415123835125e+00,#9b7653
  8.0022332208381641, 4.11876965601550e+00,#9b7653
  7.9843601119470096, 4.15331116132051e+00,#9b7653
  7.9663379061107218, 4.18777510925114e+00,#9b7653
  7.9481669398692194, 4.22216085624056e+00,#9b7653
  7.9298475525402896, 4.25646776018224e+00,#9b7653
  7.9113800862133168, 4.29069518044190e+00,#9b7653
  7.8927648857428228, 4.32484247786958e+00,#9b7653
  7.8740022987420923, 4.35890901481142e+00,#9b7653
  7.8550926755766186, 4.39289415512172e+00,#9b7653
  7.8360363693576200, 4.42679726417470e+00,#9b7653
  7.8168337359354165, 4.46061770887642e+00,#9b7653
  7.7974851338927627, 4.49435485767661e+00,#9b7653
  7.7779909245382122, 4.52800808058038e+00,#9b7653
  7.7583514718992985, 4.56157674916010e+00,#9b7653
  7.7385671427158016, 4.59506023656702e+00,#9b7653
  7.7186383064328696, 4.62845791754307e+00,#9b7653
  7.6985653351940959, 4.66176916843250e+00,#9b7653
  7.6783486038346336, 4.69499336719348e+00,#9b7653
  7.6579884898741222, 4.72812989340981e+00,#9b7653
  7.6374853735097048, 4.76117812830242e+00,#9b7653
  7.6168396376088712, 4.79413745474098e+00,#9b7653
  7.5960516677023531, 4.82700725725540e+00,#9b7653
  7.5751218519769115, 4.85978692204729e+00,#9b7653
  7.5540505812680552, 4.89247583700152e+00,#9b7653
  7.5328382490528050, 4.92507339169754e+00,#9b7653
  7.5114852514422763, 4.95757897742085e+00,#9b7653
  7.4899919871743448, 4.98999198717434e+00,#9b7653
