x,y,fill
 90.9482896712396496, 87.9482896712396780,#9b7653
 90.8777812973510493, 88.1808393382648319,#9b7653
 90.8066783080910653, 88.4132078889342807,#9b7653
 90.7349811686881367, 88.6453938028553523,#9b7653
 90.6626903482582662, 88.8773955608303794,#9b7653
 90.5898063198019372, 89.1092116448666332,#9b7653
 90.5163295602009725, 89.3408405381862565,#9b7653
 90.4422605502154653, 89.5722807252361548,#9b7653
 90.3675997744806381, 89.8035306916979863,#9b7653
 90.2923477215036172, 90.0345889244980242,#9b7653
 90.2165048836602637, 90.2654539118170050,#9b7653
 90.1400717571920040, 90.4961241431001326,#9b7653
 90.0630488422025053, 90.7265981090668845,#9b7653
 89.9854366426544203, 90.9568743017209158,#9b7653
 89.9072356663661196, 91.1869512143598939,#9b7653
 89.8284464250083658, 91.4168273415854031,#9b7653
 89.7490694341009316, 91.6465011793127502,#9b7653
 89.6691052130092601, 91.8759712247808409,#9b7653
 89.5885542849410541, 92.1052359765619997,#9b7653
 89.5074171769428517, 92.3342939345718037,#9b7653
 89.4256944198965869, 92.5631436000788312,#9b7653
 89.3433865485160794, 92.7917834757145954,#9b7653
 89.2604941013436246, 93.0202120654832356,#9b7653
 89.1770176207463265, 93.2484278747713233,#9b7653
 89.0929576529127161, 93.4764294103576816,#9b7653
 89.0083147478490275, 93.7042151804231196,#9b7653
 88.9230894593757171, 93.9317836945602380,#9b7653
 88.8372823451237679, 94.1591334637830641,#9b7653
 88.7508939665310521, 94.3862630005369851,#9b7653
 88.6639248888386931, 94.6131708187083120,#9b7653
 88.5763756810872991, 94.8398554336340425,#9b7653
 88.4882469161133400, 95.0663153621116663,#9b7653
 88.3995391705452960, 95.2925491224087580,#9b7653
 88.3102530247999624, 95.5185552342727249,#9b7653
 88.2203890630785708, 95.7443322189404853,#9b7653
 88.1299478733630792, 95.9698785991481316,#9b7653
 88.0389300474122081, 96.1951928991406220,#9b7653
 87.9473361807576595, 96.4202736446814015,#9b7653
 87.8551668727001669, 96.6451193630620935,#9b7653
 87.7624227263055730, 96.8697285831120922,#9b7653
 87.6691043484009640, 97.0940998352081976,#9b7653
 87.5752123495705206, 97.3182316512842647,#9b7653
 87.4807473441517658, 97.5421225648407528,#9b7653
 87.3857099502313162, 97.7657711109543754,#9b7653
 87.2901007896410306, 97.9891758262876635,#9b7653
 87.1939204879537613, 98.2123352490985155,#9b7653
 87.0971696744794031, 98.4352479192498038,#9b7653
 86.9998489822607013, 98.6579123782188958,#9b7653
 86.9019590480691591, 98.8803271691072325,#9b7653
 86.8035005124008023, 99.1024908366498209,#9b7653
 86.7044740194720731, 99.3244019272247556,#9b7653
 86.6048802172155092, 99.5460589888627965,#9b7653
 86.5047197572756374, 99.7674605712567910,#9b7653
 86.4039932950045824, 99.9886052257711668,#9b7653
 86.3027014894578741,100.2094915054514956,#9b7653
 86.2008450033900715,100.4301179650338582,#9b7653
 86.0984245032504703,100.6504831609543515,#9b7653
 85.9954406591786835,100.8705856513585388,#9b7653
 85.8918941450003643,101.0904239961108715,#9b7653
 85.7877856382226440,101.3099967568040825,#9b7653
 85.6831158200298546,101.5293024967686790,#9b7653
 85.5778853752789814,101.7483397810822368,#9b7653
 85.4720949924951867,101.9671071765788781,#9b7653
 85.3657453638673331,102.1856032518585948,#9b7653
 85.2588371852434221,102.4038265772966696,#9b7653
 85.1513711561260891,102.6217757250529274,#9b7653
 85.0433479796679848,102.8394492690812001,#9b7653
 84.9347683626671852,103.0568457851385915,#9b7653
 84.8256330155625875,103.2739638507947717,#9b7653
 84.7159426524292201,103.4908020454413702,#9b7653
 84.6056979909735674,103.7073589503011704,#9b7653
 84.4948997525289798,103.9236331484374887,#9b7653
 84.3835486620508135,104.1396232247633407,#9b7653
 84.2716454481117552,104.3553277660508058,#9b7653
 84.1591908428970470,104.5707453609402080,#9b7653
 84.0461855821997545,104.7858745999493522,#9b7653
 83.9326304054157788,105.0007140754828185,#9b7653
 83.8185260555392517,105.2152623818410291,#9b7653
 83.7038732791574773,105.4295181152296124,#9b7653
 83.5886728264461709,105.6434798737684702,#9b7653
 83.4729254511644854,105.8571462575009718,#9b7653
 83.3566319106501226,106.0705158684031915,#9b7653
 83.2397929658143028,106.2835873103929174,#9b7653
 83.1224093811369187,106.4963591893389037,#9b7653
 83.0044819246613770,106.7088301130699790,#9b7653
 82.8860113679896955,106.9209986913840851,#9b7653
 82.7669984862773873,107.1328635360574424,#9b7653
 82.6474440582284444,107.3444232608535742,#9b7653
 82.5273488660901791,107.5556764815324442,#9b7653
 82.4067136956481079,107.7666218158594802,#9b7653
 82.2855393362208929,107.9772578836145840,#9b7653
 82.1638265806551118,108.1875833066012262,#9b7653
 82.0415762253200569,108.3975967086554135,#9b7653
 81.9187890701025481,108.6072967156547691,#9b7653
 81.7954659184017174,108.8166819555273435,#9b7653
 81.6716075771237371,109.0257510582608518,#9b7653
 81.5472148566765185,109.2345026559114274,#9b7653
 81.4222885709644260,109.4429353826126459,#9b7653
 81.2968295373829619,109.6510478745845063,#9b7653
 81.1708385768134235,109.8588387701422420,#9b7653
 81.0443165136175168,110.0663067097053727,#9b7653
 80.9172641756318995,110.2734503358065012,#9b7653
 80.7896823941629521,110.4802682931002096,#9b7653
 80.6615720039811066,110.6867592283718977,#9b7653
 80.5329338433155471,110.8929217905467510,#9b7653
 80.4037687538486381,111.0987546306985223,#9b7653
 80.2740775807104825,111.3042564020582290,#9b7653
 80.1438611724733789,111.5094257600231629,#9b7653
 80.0131203811461660,111.7142613621656295,#9b7653
 79.8818560621688363,111.9187618682416314,#9b7653
 79.7500690744067526,112.1229259401997780,#9b7653
 79.6177602801451769,112.3267522421899116,#9b7653
 79.4849305450835146,112.5302394405719610,#9b7653
 79.3515807383297158,112.7333862039245957,#9b7653
 79.2177117323945765,112.9361912030539656,#9b7653
 79.0833244031860261,113.1386531110023839,#9b7653
 78.9484196300033716,113.3407706030570523,#9b7653
 78.8129982955315995,113.5425423567586307,#9b7653
 78.6770612858355491,113.7439670519100048,#9b7653
 78.5406094903541288,113.9450433705848411,#9b7653
 78.4036438018945319,114.1457699971362558,#9b7653
 78.2661651166263255,114.3461456182054405,#9b7653
 78.1281743340756663,114.5461689227301463,#9b7653
 77.9896723571193320,114.7458386019533805,#9b7653
 77.8506600919789093,114.9451533494319619,#9b7653
 77.7111384482147400,115.1441118610450047,#9b7653
 77.5711083387201228,115.3427128350024873,#9b7653
 77.4305706797152169,115.5409549718536937,#9b7653
 77.2895263907410737,115.7388369744959391,#9b7653
 77.1479763946536536,115.9363575481827979,#9b7653
 77.0059216176177728,116.1335154005326729,#9b7653
 76.8633629891010770,116.3303092415373214,#9b7653
 76.7203014418678322,116.5267377835701836,#9b7653
 76.5767379119730123,116.7227997413949083,#9b7653
 76.4326733387559898,116.9184938321736809,#9b7653
 76.2881086648345530,117.1138187754756359,#9b7653
 76.1430448360985821,117.3087732932852703,#9b7653
 75.9974828017039954,117.5033561100107988,#9b7653
 75.8514235140664681,117.6975659524924538,#9b7653
 75.7048679288552222,117.8914015500108405,#9b7653
 75.5578170049867452,118.0848616342953079,#9b7653
 75.4102717046185376,118.2779449395321478,#9b7653
 75.2622329931428311,118.4706502023729513,#9b7653
 75.1137018391802656,118.6629761619428081,#9b7653
 74.9646792145735077,118.8549215598486768,#9b7653
 74.8151660943809560,119.0464851401874569,#9b7653
 74.6651634568703173,119.2376656495543443,#9b7653
 74.5146722835122546,119.4284618370509463,#9b7653
 74.3636935589738926,119.6188724542935233,#9b7653
 74.2122282711124228,119.8088962554210894,#9b7653
 74.0602774109686521,119.9985319971036546,#9b7653
 73.9078419727604654,120.1877784385502679,#9b7653
 73.7549229538763882,120.3766343415171889,#9b7653
 73.6015213548690070,120.5650984703160304,#9b7653
 73.4476381794484183,120.7531695918217309,#9b7653
 73.2932744344757339,120.9408464754806687,#9b7653
 73.1384311299564160,121.1281278933188048,#9b7653
 72.9831092790336839,121.3150126199495844,#9b7653
 72.8273098979818911,121.5014994325820510,#9b7653
 72.6710340061999460,121.6875871110287335,#9b7653
 72.5142826262045048,121.8732744377138033,#9b7653
 72.3570567836233778,122.0585601976809045,#9b7653
 72.1993575071887790,122.2434431786010975,#9b7653
 72.0411858287306757,122.4279221707808887,#9b7653
 71.8825427831698818,122.6119959671700599,#9b7653
 71.7234294085114641,122.7956633633696413,#9b7653
 71.5638467458377647,122.9789231576396986,#9b7653
 71.4037958393017789,123.1617741509072630,#9b7653
 71.2432777361202056,123.3442151467741752,#9b7653
 71.0822934865665559,123.5262449515248875,#9b7653
 70.9208441439644588,123.7078623741342795,#9b7653
 70.7589307646805992,123.8890662262754745,#9b7653
 70.5965544081178535,124.0698553223275553,#9b7653
 70.4337161367083553,124.2502284793834235,#9b7653
 70.2704170159066308,124.4301845172574161,#9b7653
 70.1066581141824798,124.6097222584931501,#9b7653
 69.9424405030141116,124.7888405283711108,#9b7653
 69.7777652568810112,124.9675381549164541,#9b7653
 69.6126334532570752,125.1458139689065518,#9b7653
 69.4470461726034074,125.3236668038787371,#9b7653
 69.2810044983612983,125.5010954961379213,#9b7653
 69.1145095169451622,125.6780988847641680,#9b7653
 68.9475623177354464,125.8546758116203108,#9b7653
 68.7801639930714117,126.0308251213595128,#9b7653
 68.6123156382440840,126.2065456614328980,#9b7653
 68.4440183514890066,126.3818362820970123,#9b7653
 68.2752732339791635,126.5566958364213832,#9b7653
 68.1060813898176178,126.7311231802959668,#9b7653
 67.9364439260304493,126.9051171724387501,#9b7653
 67.7663619525594072,127.0786766744031269,#9b7653
 67.5958365822546341,127.2518005505853296,#9b7653
 67.4248689308675324,127.4244876682319614,#9b7653
 67.2534601170432751,127.5967368974473288,#9b7653
 67.0816112623135865,127.7685471112008173,#9b7653
 66.9093234910893813,127.9399171853343375,#9b7653
 66.7365979306534740,128.1108459985696300,#9b7653
 66.5634357111530619,128.2813324325156259,#9b7653
 66.3898379655924771,128.4513753716757094,#9b7653
 66.2158058298256407,128.6209737034551495,#9b7653
 66.0413404425487869,128.7901263181682054,#9b7653
 65.8664429452928601,128.9588321090454883,#9b7653
 65.6911144824161255,129.1270899722412651,#9b7653
 65.5153562010966368,129.2948988068405356,#9b7653
 65.3391692513248614,129.4622575148662236,#9b7653
 65.1625547858959209,129.6291650012866512,#9b7653
 64.9855139604022582,129.7956201740222753,#9b7653
 64.8080479332259927,129.9616219439532188,#9b7653
 64.6301578655313449,130.1271692249260923,#9b7653
 64.4518449212570346,130.2922609337613835,#9b7653
 64.2731102671086632,130.4568959902602501,#9b7653
 64.0939550725510969,130.6210733172118807,#9b7653
 63.9143805098008499,130.7847918404002030,#9b7653
 63.7343877538182966,130.9480504886113863,#9b7653
 63.5539779823001041,131.1108481936402654,#9b7653
 63.3731523756714736,131.2731838902979007,#9b7653
 63.1919121170784379,131.4350565164181148,#9b7653
 63.0102583923800950,131.5964650128647122,#9b7653
 62.8281923901408419,131.7574083235381863,#9b7653
 62.6457153016226300,131.9178853953828821,#9b7653
 62.4628283207771915,132.0778951783937032,#9b7653
 62.2795326442381381,132.2374366256229905,#9b7653
 62.0958294713132375,132.3965086931875135,#9b7653
 61.9117200039764626,132.5551103402751210,#9b7653
 61.7272054468602320,132.7132405291516193,#9b7653
 61.5422870072474453,132.8708982251677071,#9b7653
 61.3569658950636097,133.0280823967654555,#9b7653
 61.1712433228689463,133.1847920154853568,#9b7653
 60.9851205058504391,133.3410260559727476,#9b7653
 60.7985986618138696,133.4967834959848574,#9b7653
 60.6116790111758590,133.6520633163971752,#9b7653
 60.4243627769558955,133.8068645012104412,#9b7653
 60.2366511847683412,133.9611860375568995,#9b7653
 60.0485454628143600,134.1150269157073467,#9b7653
 59.8600468418739311,134.2683861290773848,#9b7653
 59.6711565552977703,134.4212626742342991,#9b7653
 59.4818758389992936,134.5736555509033110,#9b7653
 59.2922059314465031,134.7255637619744846,#9b7653
 59.1021480736538649,134.8769863135088940,#9b7653
 58.9117035091742096,135.0279222147454448,#9b7653
 58.7208734840906530,135.1783704781070981,#9b7653
 58.5296592470083326,135.3283301192074646,#9b7653
 58.3380620490463144,135.4778001568572563,#9b7653
 58.1460831438293511,135.6267796130706245,#9b7653
 57.9537237874797952,135.7752675130716398,#9b7653
 57.7609852386092371,135.9232628853006304,#9b7653
 57.5678687583103397,136.0707647614204916,#9b7653
 57.3743756101485616,136.2177721763232512,#9b7653
 57.1805070601539924,136.3642841681359243,#9b7653
 56.9862643768128763,136.5102997782273633,#9b7653
 56.7916488310594829,136.6558180512140552,#9b7653
 56.5966616962676952,136.8008380349667164,#9b7653
 56.4013042482427736,136.9453587806163171,#9b7653
 56.2055777652128725,137.0893793425603349,#9b7653
 56.0094835278207981,137.2328987784690071,#9b7653
 55.8130228191155382,137.3759161492914416,#9b7653
 55.6161969245439636,137.5184305192617273,#9b7653
 55.4190071319423510,137.6604409559051305,#9b7653
 55.2214547315279276,137.8019465300442050,#9b7653
 55.0235410158904941,137.9429463158047611,#9b7653
 54.8252672799839971,138.0834393906220043,#9b7653
 54.6266348211179249,138.2234248352465897,#9b7653
 54.4276449389489514,138.3629017337506184,#9b7653
 54.2282989354723384,138.5018691735335779,#9b7653
 54.0285981150135086,138.6403262453283958,#9b7653
 53.8285437842194128,138.7782720432073233,#9b7653
 53.6281372520500597,138.9157056645879038,#9b7653
 53.4273798297698761,139.0526262102388273,#9b7653
 53.2262728309392301,139.1890327842858710,#9b7653
 53.0248175714057552,139.3249244942178109,#9b7653
 52.8230153692957316,139.4603004508920776,#9b7653
 52.6208675450055097,139.5951597685407251,#9b7653
 52.4183754211928985,139.7295015647762284,#9b7653
 52.2155403227683905,139.8633249605971969,#9b7653
 52.0123635768866350,139.9966290803940865,#9b7653
 51.8088465129376274,140.1294130519550549,#9b7653
 51.6049904625381402,140.2616760064715891,#9b7653
 51.4007967595228834,140.3934170785442177,#9b7653
 51.1962667399358651,140.5246354061881107,#9b7653
 50.9914017420216013,140.6553301308388200,#9b7653
 50.7862031062164121,140.7855003973577652,#9b7653
 50.5806721751395898,140.9151453540379748,#9b7653
 50.3748102935846518,141.0442641526096281,#9b7653
 50.1686188085104945,141.1728559482454841,#9b7653
 49.9620990690327105,141.3009198995665088,#9b7653
 49.7552524264145788,141.4284551686473606,#9b7653
 49.5480802340583395,141.5554609210219610,#9b7653
 49.3405838474963119,141.6819363256887527,#9b7653
 49.1327646243820624,141.8078805551163555,#9b7653
 48.9246239244814163,141.9332927852488524,#9b7653
 48.7161631096636967,142.0581721955111334,#9b7653
 48.5073835438926722,142.1825179688144090,#9b7653
 48.2982865932177887,142.3063292915615534,#9b7653
 48.0888736257650891,142.4296053536521924,#9b7653
 47.8791460117283521,142.5523453484883589,#9b7653
 47.6691051233600405,142.6745484729794384,#9b7653
 47.4587523349624831,142.7962139275476829,#9b7653
 47.2480890228786805,142.9173409161332415,#9b7653
 47.0371165654834371,143.0379286461995321,#9b7653
 46.8258363431742808,143.1579763287383003,#9b7653
 46.6142497383625027,143.2774831782748208,#9b7653
 46.4023581354640129,143.3964484128731556,#9b7653
 46.1901629208903302,143.5148712541410134,#9b7653
 45.9776654830395302,143.6327509272351222,#9b7653
 45.7648672122871645,143.7500866608661454,#9b7653
 45.5517695009770947,143.8668776873036848,#9b7653
 45.3383737434124470,143.9831232423814527,#9b7653
 45.1246813358464678,144.0988225655021324,#9b7653
 44.9106936764734144,144.2139748996424942,#9b7653
 44.6964121654193605,144.3285794913581412,#9b7653
 44.4818382047330516,144.4426355907887114,#9b7653
 44.2669731983767534,144.5561424516625948,#9b7653
 44.0518185522170569,144.6690993313017657,#9b7653
 43.8363756740156560,144.7815054906268983,#9b7653
 43.6206459734201530,144.8933601941618576,#9b7653
 43.4046308619548213,145.0046627100389003,#9b7653
 43.1883317530114539,145.1154123100030802,#9b7653
 42.9717500618399697,145.2256082694173074,#9b7653
 42.7548872055392479,145.3352498672669526,#9b7653
 42.5377446030478410,145.4443363861645366,#9b7653
 42.3203236751347163,145.5528671123544768,#9b7653
 42.1026258443898982,145.6608413357178620,#9b7653
 41.8846525352151886,145.7682583497768860,#9b7653
 41.6664051738148515,145.8751174516995661,#9b7653
 41.4478851881863264,145.9814179423044038,#9b7653
 41.2290940081107848,146.0871591260649325,#9b7653
 41.0100330651438583,146.1923403111142079,#9b7653
 40.7907037926062088,146.2969608092492990,#9b7653
 40.5711076255742427,146.4010199359360058,#9b7653
 40.3512460008706171,146.5045170103130090,#9b7653
 40.1311203570549040,146.6074513551967584,#9b7653
 39.9107321344141184,146.7098222970853953,#9b7653
 39.6900827749534173,146.8116291661636126,#9b7653
 39.4691737223865218,146.9128712963067187,#9b7653
 39.2480064221263163,147.0135480250852424,#9b7653
 39.0265823212754412,147.1136586937690254,#9b7653
 38.8049028686168000,147.2132026473317126,#9b7653
 38.5829695146040308,147.3121792344549590,#9b7653
 38.3607837113520844,147.4105878075327780,#9b7653
 38.1383469126276395,147.5084277226756058,#9b7653
 37.9156605738397374,147.6056983397147064,#9b7653
 37.6927261520300831,147.7023990222061798,#9b7653
 37.4695451058636380,147.7985291374353665,#9b7653
 37.2461188956189844,147.8940880564206850,#9b7653
 37.0224489831788901,147.9890751539180087,#9b7653
 36.7985368320206305,148.0834898084246447,#9b7653
 36.5743839072064389,148.1773314021833130,#9b7653
 36.3499916753739427,148.2705993211864097,#9b7653
 36.1253616047266135,148.3632929551797872,#9b7653
 35.9004951650240400,148.4554116976669320,#9b7653
 35.6753938275724138,148.5469549459128302,#9b7653
 35.4500590652148375,148.6379221009480034,#9b7653
 35.2244923523217821,148.7283125675722317,#9b7653
 34.9986951647813100,148.8181257543586753,#9b7653
 34.7726689799895041,148.9073610736576256,#9b7653
 34.5464152768407828,148.9960179416003996,#9b7653
 34.3199355357182512,149.0840957781031193,#9b7653
 34.0932312384839378,149.1715940068704640,#9b7653
 33.8663038684691813,149.2585120553995637,#9b7653
 33.6391549104648533,149.3448493549836940,#9b7653
 33.4117858507117447,149.4306053407159425,#9b7653
 33.1841981768907175,149.5157794514930174,#9b7653
 32.9563933781130487,149.6003711300186865,#9b7653
 32.7283729449106602,149.6843798228077560,#9b7653
 32.5001383692264270,149.7678049801894531,#9b7653
 32.2716911444042864,149.8506460563110636,#9b7653
 32.0430327651795963,149.9329025091415986,#9b7653
 31.8141647276692581,150.0145738004752047,#9b7653
 31.5850885293620394,150.0956593959348311,#9b7653
 31.3558056691086549,150.1761587649755256,#9b7653
 31.1263176471120175,150.2560713808881019,#9b7653
 30.8966259649174155,150.3353967208026063,#9b7653
 30.6667321254027421,150.4141342656914730,#9b7653
 30.4366376327685444,150.4922835003731620,#9b7653
 30.2063439925282822,150.5698439135155411,#9b7653
 29.9758527114984119,150.6468149976390123,#9b7653
 29.7451652977886170,150.7231962491200647,#9b7653
 29.5142832607918315,150.7989871681944294,#9b7653
 29.2832081111744209,150.8741872589604327,#9b7653
 29.0519413608662838,150.9487960293822084,#9b7653
 28.8204845230510145,151.0228129912928523,#9b7653
 28.5888391121559025,151.0962376603977191,#9b7653
 28.3570066438420909,151.1690695562775488,#9b7653
 28.1249886349946330,151.2413082023916218,#9b7653
 27.8927866037126186,151.3129531260807994,#9b7653
 27.6604020692991526,151.3840038585707930,#9b7653
 27.4278365522514953,151.4544599349750342,#9b7653
 27.1950915742510340,151.5243208942978015,#9b7653
 26.9621686581534519,151.5935862794373179,#9b7653
 26.7290693279786105,151.6622556371885366,#9b7653
 26.4957951089006976,151.7303285182463526,#9b7653
 26.2623475272381484,151.7978044772083592,#9b7653
 26.0287281104438044,151.8646830725778614,#9b7653
 25.7949383870947493,151.9309638667666320,#9b7653
 25.5609798868824107,151.9966464260980104,#9b7653
 25.3268541406025349,152.0617303208094881,#9b7653
 25.0925626801451394,152.1262151250556940,#9b7653
 24.8581070384845546,152.1901004169110934,#9b7653
 24.6234887496693311,152.2533857783728308,#9b7653
 24.3887093488121813,152.3160707953632595,#9b7653
 24.1537703720800678,152.3781550577330108,#9b7653
 23.9186733566839891,152.4396381592632679,#9b7653
 23.6834198408690142,152.5005196976687216,#9b7653
 23.4480113639042003,152.5607992746001287,#9b7653
 23.2124494660724991,152.6204764956468694,#9b7653
 22.9767356886607530,152.6795509703395339,#9b7653
 22.7408715739495086,152.7380223121524523,#9b7653
 22.5048586652029599,152.7958901385063655,#9b7653
 22.2686985066589287,152.8531540707707848,#9b7653
 22.0323926435186372,152.9098137342664927,#9b7653
 21.7959426219366676,152.9658687582680159,#9b7653
 21.5593499890108511,153.0213187760060691,#9b7653
 21.3226162927720893,153.0761634246700282,#9b7653
 21.0857430821743392,153.1304023454100047,#9b7653
 20.8487319070843320,153.1840351833395744,#9b7653
 20.6115843182715075,153.2370615875378235,#9b7653
 20.3743018673979321,153.2894812110518501,#9b7653
 20.1368861070079994,153.3412937108988672,#9b7653
 19.8993385905183899,153.3924987480684763,#9b7653
 19.6616608722078574,153.4430959875250267,#9b7653
 19.4238545072070430,153.4930850982096047,#9b7653
 19.1859210514883998,153.5424657530423360,#9b7653
 18.9478620618558686,153.5912376289244605,#9b7653
 18.7096790959347636,153.6394004067405490,#9b7653
 18.4713737121616433,153.6869537713604359,#9b7653
 18.2329474697739826,153.7338974116413510,#9b7653
 17.9944019288000625,153.7802310204300227,#9b7653
 17.7557386500487269,153.8259542945646103,#9b7653
 17.5169591950991759,153.8710669348767510,#9b7653
 17.2780651262908016,153.9155686461933215,#9b7653
 17.0390580067128603,153.9594591373386550,#9b7653
 16.7999394001943045,154.0027381211363036,#9b7653
 16.5607108712936011,154.0454053144109139,#9b7653
 16.3213739852883961,154.0874604379900461,#9b7653
 16.0819303081653260,154.1289032167060782,#9b7653
 15.8423814066097641,154.1697333793979965,#9b7653
 15.6027288479955502,154.2099506589131011,#9b7653
 15.3629742003748255,154.2495547921088246,#9b7653
 15.1231190324676295,154.2885455198544946,#9b7653
 14.8831649136517079,154.3269225870328114,#9b7653
 14.6431134139523138,154.3646857425418091,#9b7653
 14.4029661040318011,154.4018347392963051,#9b7653
 14.1627245551794267,154.4383693342295487,#9b7653
 13.9223903393010637,154.4742892882948979,#9b7653
 13.6819650289088806,154.5095943664672689,#9b7653
 13.4414501971111466,154.5442843377447275,#9b7653
 13.2008474176018051,154.5783589751500529,#9b7653
 12.9601582646502429,154.6118180557320727,#9b7653
 12.7193843130910587,154.6446613605672837,#9b7653
 12.4785271383136180,154.6768886747612441,#9b7653
 12.2375883162518502,154.7084997874498526,#9b7653
 11.9965694233738951,154.7394944918008832,#9b7653
 11.7554720366717813,154.7698725850153210,#9b7653
 11.5142977336511869,154.7996338683286695,#9b7653
 11.2730480923209893,154.8287781470120592,#9b7653
 11.0317246911830118,154.8573052303738677,#9b7653
 10.7903291092217462,154.8852149317607996,#9b7653
 10.5488629258939088,154.9125070685589947,#9b7653
 10.3073277211181757,154.9391814621953927,#9b7653
 10.0657250752648384,154.9652379381388414,#9b7653
  9.8240565691454336,154.9906763259012337,#9b7653
  9.5823237840024866,155.0154964590386157,#9b7653
  9.3405283014990346,155.0396981751522958,#9b7653
  9.0986717037083515,155.0632813158899239,#9b7653
  8.8567555731036514,155.0862457269464585,#9b7653
  8.6147814925476052,155.1085912580652462,#9b7653
  8.3727510452820759,155.1303177630389598,#9b7653
  8.1306658149177391,155.1514250997105933,#9b7653
  7.8885273854236910,155.1719131299744276,#9b7653
  7.6463373411171744,155.1917817197767135,#9b7653
  7.4040972666530873,155.2110307391168647,#9b7653
  7.1618087470136764,155.2296600620481399,#9b7653
  6.9194733674982292,155.2476695666784394,#9b7653
  6.6770927137125753,155.2650591351711569,#9b7653
  6.4346683715587947,155.2818286537459471,#9b7653
  6.1922019272248230,155.2979780126795504,#9b7653
  5.9496949671740476,155.3135071063062469,#9b7653
  5.7071490781350196,155.3284158330188802,#9b7653
  5.4645658470909346,155.3427040952692550,#9b7653
  5.2219468612693207,155.3563717995690467,#9b7653
  4.9792937081317135,155.3694188564901140,#9b7653
  4.7366079753631407,155.3818451806652092,#9b7653
  4.4938912508618234,155.3936506907887178,#9b7653
  4.2511451227287598,155.4048353096168569,#9b7653
  4.0083711792573169,155.4153989639684141,#9b7653
  3.7655710089229211,155.4253415847252029,#9b7653
  3.5227462003725392,155.4346631068323745,#9b7653
  3.2798983424143446,155.4433634692990438,#9b7653
  3.0370290240073885,155.4514426151985163,#9b7653
  2.7941398342510748,155.4589004916687713,#9b7653
  2.5512323623748454,155.4657370499127467,#9b7653
  2.3083081977277646,155.4719522451987075,#9b7653
  2.0653689297680966,155.4775460368604740,#9b7653
  1.8224161480529888,155.4825183882977058,#9b7653
  1.5794514422279475,155.4868692669762709,#9b7653
  1.3364764020164981,155.4905986444282462,#9b7653
  1.0934926172098476,155.4937064962522015,#9b7653
  0.8505016776563554,155.4961928021133986,#9b7653
  0.6075051732512160,155.4980575457439045,#9b7653
  0.3645046939260351,155.4993007149426489,#9b7653
  0.1215018296384048,155.4999223015755661,#9b7653
 -0.1215018296384143,155.4999223015755661,#9b7653
 -0.3645046939260235,155.4993007149426489,#9b7653
 -0.6075051732512255,155.4980575457439045,#9b7653
 -0.8505016776563648,155.4961928021133986,#9b7653
 -1.0934926172098571,155.4937064962522015,#9b7653
 -1.3364764020165079,155.4905986444282462,#9b7653
 -1.5794514422279360,155.4868692669762709,#9b7653
 -1.8224161480529983,155.4825183882977058,#9b7653
 -2.0653689297681059,155.4775460368604740,#9b7653
 -2.3083081977277531,155.4719522451987075,#9b7653
 -2.5512323623748547,155.4657370499127467,#9b7653
 -2.7941398342510837,155.4589004916687713,#9b7653
 -3.0370290240073983,155.4514426151985163,#9b7653
 -3.2798983424143540,155.4433634692990438,#9b7653
 -3.5227462003725276,155.4346631068323745,#9b7653
 -3.7655710089229308,155.4253415847252029,#9b7653
 -4.0083711792573267,155.4153989639684141,#9b7653
 -4.2511451227287482,155.4048353096168569,#9b7653
 -4.4938912508618323,155.3936506907887178,#9b7653
 -4.7366079753631505,155.3818451806652092,#9b7653
 -4.9792937081317223,155.3694188564901140,#9b7653
 -5.2219468612693305,155.3563717995690467,#9b7653
 -5.4645658470909231,155.3427040952692835,#9b7653
 -5.7071490781350294,155.3284158330188802,#9b7653
 -5.9496949671740573,155.3135071063062469,#9b7653
 -6.1922019272248106,155.2979780126795504,#9b7653
 -6.4346683715588036,155.2818286537459471,#9b7653
 -6.6770927137125851,155.2650591351711569,#9b7653
 -6.9194733674982398,155.2476695666784394,#9b7653
 -7.1618087470136862,155.2296600620481399,#9b7653
 -7.4040972666530758,155.2110307391168647,#9b7653
 -7.6463373411171833,155.1917817197767135,#9b7653
 -7.8885273854237008,155.1719131299744276,#9b7653
 -8.1306658149177284,155.1514250997105933,#9b7653
 -8.3727510452820866,155.1303177630389598,#9b7653
 -8.6147814925476141,155.1085912580652462,#9b7653
 -8.8567555731036602,155.0862457269464585,#9b7653
 -9.0986717037083622,155.0632813158899239,#9b7653
 -9.3405283014990239,155.0396981751522958,#9b7653
 -9.5823237840024955,155.0154964590386157,#9b7653
 -9.8240565691454442,154.9906763259012337,#9b7653
-10.0657250752648277,154.9652379381388414,#9b7653
-10.3073277211181846,154.9391814621953927,#9b7653
-10.5488629258939177,154.9125070685589947,#9b7653
-10.7903291092217568,154.8852149317607996,#9b7653
-11.0317246911830207,154.8573052303738677,#9b7653
-11.2730480923209786,154.8287781470120592,#9b7653
-11.5142977336511958,154.7996338683286695,#9b7653
-11.7554720366717902,154.7698725850153210,#9b7653
-11.9965694233738844,154.7394944918008832,#9b7653
-12.2375883162518591,154.7084997874498526,#9b7653
-12.4785271383136287,154.6768886747612441,#9b7653
-12.7193843130910658,154.6446613605672837,#9b7653
-12.9601582646502536,154.6118180557320727,#9b7653
-13.2008474176017927,154.5783589751500529,#9b7653
-13.4414501971111573,154.5442843377447275,#9b7653
-13.6819650289088912,154.5095943664672689,#9b7653
-13.9223903393010531,154.4742892882948979,#9b7653
-14.1627245551794356,154.4383693342295487,#9b7653
-14.4029661040318082,154.4018347392963051,#9b7653
-14.6431134139523245,154.3646857425418091,#9b7653
-14.8831649136517186,154.3269225870328114,#9b7653
-15.1231190324676152,154.2885455198544946,#9b7653
-15.3629742003748344,154.2495547921088246,#9b7653
-15.6027288479955608,154.2099506589131011,#9b7653
-15.8423814066097499,154.1697333793979965,#9b7653
-16.0819303081653331,154.1289032167060782,#9b7653
-16.3213739852884068,154.0874604379900461,#9b7653
-16.5607108712936117,154.0454053144109139,#9b7653
-16.7999394001943116,154.0027381211363036,#9b7653
-17.0390580067128461,153.9594591373386550,#9b7653
-17.2780651262908123,153.9155686461933215,#9b7653
-17.5169591950991830,153.8710669348767226,#9b7653
-17.7557386500487162,153.8259542945646103,#9b7653
-17.9944019288000696,153.7802310204300227,#9b7653
-18.2329474697739933,153.7338974116413510,#9b7653
-18.4713737121616539,153.6869537713604359,#9b7653
-18.7096790959347743,153.6394004067405490,#9b7653
-18.9478620618558580,153.5912376289244605,#9b7653
-19.1859210514884069,153.5424657530423360,#9b7653
-19.4238545072070536,153.4930850982096047,#9b7653
-19.6616608722078432,153.4430959875250267,#9b7653
-19.8993385905184006,153.3924987480684763,#9b7653
-20.1368861070080101,153.3412937108988672,#9b7653
-20.3743018673979392,153.2894812110518501,#9b7653
-20.6115843182715182,153.2370615875378235,#9b7653
-20.8487319070843213,153.1840351833395744,#9b7653
-21.0857430821743499,153.1304023454100047,#9b7653
-21.3226162927720999,153.0761634246700282,#9b7653
-21.5593499890108404,153.0213187760060976,#9b7653
-21.7959426219366783,152.9658687582680159,#9b7653
-22.0323926435186443,152.9098137342664927,#9b7653
-22.2686985066589358,152.8531540707707848,#9b7653
-22.5048586652029705,152.7958901385063655,#9b7653
-22.7408715739494980,152.7380223121524523,#9b7653
-22.9767356886607637,152.6795509703395339,#9b7653
-23.2124494660725098,152.6204764956468694,#9b7653
-23.4480113639041896,152.5607992746001287,#9b7653
-23.6834198408690249,152.5005196976687216,#9b7653
-23.9186733566839997,152.4396381592632679,#9b7653
-24.1537703720800785,152.3781550577330108,#9b7653
-24.3887093488121920,152.3160707953632595,#9b7653
-24.6234887496693204,152.2533857783728308,#9b7653
-24.8581070384845653,152.1901004169110934,#9b7653
-25.0925626801451429,152.1262151250556940,#9b7653
-25.3268541406025243,152.0617303208094881,#9b7653
-25.5609798868824214,151.9966464260979819,#9b7653
-25.7949383870947564,151.9309638667666320,#9b7653
-26.0287281104438115,151.8646830725778329,#9b7653
-26.2623475272381590,151.7978044772083592,#9b7653
-26.4957951089006869,151.7303285182463526,#9b7653
-26.7290693279786211,151.6622556371885366,#9b7653
-26.9621686581534554,151.5935862794373179,#9b7653
-27.1950915742510446,151.5243208942978015,#9b7653
-27.4278365522515024,151.4544599349750342,#9b7653
-27.6604020692991632,151.3840038585707930,#9b7653
-27.8927866037126222,151.3129531260807994,#9b7653
-28.1249886349946365,151.2413082023916218,#9b7653
-28.3570066438420803,151.1690695562775488,#9b7653
-28.5888391121559131,151.0962376603977191,#9b7653
-28.8204845230510251,151.0228129912928239,#9b7653
-29.0519413608662909,150.9487960293822084,#9b7653
-29.2832081111744316,150.8741872589604327,#9b7653
-29.5142832607918422,150.7989871681944294,#9b7653
-29.7451652977886276,150.7231962491200647,#9b7653
-29.9758527114984226,150.6468149976390123,#9b7653
-30.2063439925282715,150.5698439135155411,#9b7653
-30.4366376327685551,150.4922835003731620,#9b7653
-30.6667321254027456,150.4141342656914730,#9b7653
-30.8966259649174262,150.3353967208026063,#9b7653
-31.1263176471120246,150.2560713808881019,#9b7653
-31.3558056691086584,150.1761587649755256,#9b7653
-31.5850885293620500,150.0956593959348311,#9b7653
-31.8141647276692687,150.0145738004752047,#9b7653
-32.0430327651795821,149.9329025091416270,#9b7653
-32.2716911444043006,149.8506460563110636,#9b7653
-32.5001383692264341,149.7678049801894531,#9b7653
-32.7283729449106744,149.6843798228077560,#9b7653
-32.9563933781130629,149.6003711300186865,#9b7653
-33.1841981768907246,149.5157794514930174,#9b7653
-33.4117858507117518,149.4306053407159425,#9b7653
-33.6391549104648604,149.3448493549836940,#9b7653
-33.8663038684691671,149.2585120553995637,#9b7653
-34.0932312384839449,149.1715940068704640,#9b7653
-34.3199355357182583,149.0840957781031193,#9b7653
-34.5464152768407899,148.9960179416003996,#9b7653
-34.7726689799895183,148.9073610736576256,#9b7653
-34.9986951647813171,148.8181257543586753,#9b7653
-35.2244923523217892,148.7283125675722317,#9b7653
-35.4500590652148517,148.6379221009480034,#9b7653
-35.6753938275724067,148.5469549459128586,#9b7653
-35.9004951650240471,148.4554116976669320,#9b7653
-36.1253616047266135,148.3632929551797588,#9b7653
-36.3499916753739498,148.2705993211863813,#9b7653
-36.5743839072064389,148.1773314021833130,#9b7653
-36.7985368320206305,148.0834898084246447,#9b7653
-37.0224489831789043,147.9890751539180087,#9b7653
-37.2461188956189915,147.8940880564206850,#9b7653
-37.4695451058636237,147.7985291374353665,#9b7653
-37.6927261520300974,147.7023990222061798,#9b7653
-37.9156605738397445,147.6056983397147064,#9b7653
-38.1383469126276466,147.5084277226756058,#9b7653
-38.3607837113520915,147.4105878075327780,#9b7653
-38.5829695146040450,147.3121792344549590,#9b7653
-38.8049028686168072,147.2132026473317126,#9b7653
-39.0265823212754484,147.1136586937690254,#9b7653
-39.2480064221263092,147.0135480250852424,#9b7653
-39.4691737223865218,146.9128712963067187,#9b7653
-39.6900827749534457,146.8116291661636126,#9b7653
-39.9107321344141326,146.7098222970853953,#9b7653
-40.1311203570549040,146.6074513551967584,#9b7653
-40.3512460008706455,146.5045170103130090,#9b7653
-40.5711076255742498,146.4010199359359774,#9b7653
-40.7907037926062372,146.2969608092492990,#9b7653
-41.0100330651438512,146.1923403111142079,#9b7653
-41.2290940081107991,146.0871591260649325,#9b7653
-41.4478851881863548,145.9814179423044038,#9b7653
-41.6664051738148657,145.8751174516995661,#9b7653
-41.8846525352151957,145.7682583497768576,#9b7653
-42.1026258443899266,145.6608413357178620,#9b7653
-42.3203236751347234,145.5528671123544768,#9b7653
-42.5377446030478694,145.4443363861645082,#9b7653
-42.7548872055392408,145.3352498672669526,#9b7653
-42.9717500618399768,145.2256082694173074,#9b7653
-43.1883317530114823,145.1154123100030802,#9b7653
-43.4046308619548356,145.0046627100389003,#9b7653
-43.6206459734201601,144.8933601941618576,#9b7653
-43.8363756740156845,144.7815054906268699,#9b7653
-44.0518185522170640,144.6690993313017657,#9b7653
-44.2669731983767818,144.5561424516625948,#9b7653
-44.4818382047330516,144.4426355907887398,#9b7653
-44.6964121654193676,144.3285794913581412,#9b7653
-44.9106936764734428,144.2139748996424657,#9b7653
-45.1246813358464678,144.0988225655021324,#9b7653
-45.3383737434124541,143.9831232423814527,#9b7653
-45.5517695009771160,143.8668776873036563,#9b7653
-45.7648672122871716,143.7500866608661454,#9b7653
-45.9776654830395586,143.6327509272351222,#9b7653
-46.1901629208903231,143.5148712541410134,#9b7653
-46.4023581354640129,143.3964484128731272,#9b7653
-46.6142497383625312,143.2774831782747924,#9b7653
-46.8258363431742879,143.1579763287382718,#9b7653
-47.0371165654834513,143.0379286461995321,#9b7653
-47.2480890228787089,142.9173409161332415,#9b7653
-47.4587523349624902,142.7962139275476829,#9b7653
-47.6691051233600760,142.6745484729794384,#9b7653
-47.8791460117283449,142.5523453484883589,#9b7653
-48.0888736257651033,142.4296053536521924,#9b7653
-48.2982865932178171,142.3063292915614966,#9b7653
-48.5073835438926864,142.1825179688144090,#9b7653
-48.7161631096637038,142.0581721955111050,#9b7653
-48.9246239244814518,141.9332927852487956,#9b7653
-49.1327646243820695,141.8078805551163555,#9b7653
-49.3405838474963332,141.6819363256887527,#9b7653
-49.5480802340583324,141.5554609210219610,#9b7653
-49.7552524264145930,141.4284551686473606,#9b7653
-49.9620990690327460,141.3009198995664804,#9b7653
-50.1686188085105087,141.1728559482454557,#9b7653
-50.3748102935846589,141.0442641526096281,#9b7653
-50.5806721751396253,140.9151453540379748,#9b7653
-50.7862031062164263,140.7855003973577368,#9b7653
-50.9914017420216297,140.6553301308387915,#9b7653
-51.1962667399358580,140.5246354061881107,#9b7653
-51.4007967595228976,140.3934170785442177,#9b7653
-51.6049904625381615,140.2616760064715891,#9b7653
-51.8088465129376274,140.1294130519550549,#9b7653
-52.0123635768866421,139.9966290803940581,#9b7653
-52.2155403227684261,139.8633249605971685,#9b7653
-52.4183754211928985,139.7295015647762284,#9b7653
-52.6208675450055381,139.5951597685407251,#9b7653
-52.8230153692957174,139.4603004508920776,#9b7653
-53.0248175714057552,139.3249244942178109,#9b7653
-53.2262728309392656,139.1890327842858710,#9b7653
-53.4273798297698761,139.0526262102388273,#9b7653
-53.6281372520500668,138.9157056645878754,#9b7653
-53.8285437842194483,138.7782720432073233,#9b7653
-54.0285981150135228,138.6403262453283958,#9b7653
-54.2282989354723668,138.5018691735335779,#9b7653
-54.4276449389489443,138.3629017337506184,#9b7653
-54.6266348211179391,138.2234248352465897,#9b7653
-54.8252672799840184,138.0834393906219759,#9b7653
-55.0235410158905012,137.9429463158047611,#9b7653
-55.2214547315279276,137.8019465300441766,#9b7653
-55.4190071319423723,137.6604409559051305,#9b7653
-55.6161969245439778,137.5184305192616989,#9b7653
-55.8130228191155524,137.3759161492914131,#9b7653
-56.0094835278207910,137.2328987784690071,#9b7653
-56.2055777652128867,137.0893793425603349,#9b7653
-56.4013042482427949,136.9453587806162886,#9b7653
-56.5966616962677094,136.8008380349667164,#9b7653
-56.7916488310594829,136.6558180512140552,#9b7653
-56.9862643768128976,136.5102997782273064,#9b7653
-57.1805070601539924,136.3642841681359243,#9b7653
-57.3743756101485971,136.2177721763231943,#9b7653
-57.5678687583103326,136.0707647614205200,#9b7653
-57.7609852386092442,135.9232628853006304,#9b7653
-57.9537237874798308,135.7752675130716113,#9b7653
-58.1460831438293653,135.6267796130705960,#9b7653
-58.3380620490463215,135.4778001568572563,#9b7653
-58.5296592470083539,135.3283301192074646,#9b7653
-58.7208734840906601,135.1783704781070981,#9b7653
-58.9117035091742380,135.0279222147454448,#9b7653
-59.1021480736538507,134.8769863135089224,#9b7653
-59.2922059314465173,134.7255637619744846,#9b7653
-59.4818758389993292,134.5736555509033110,#9b7653
-59.6711565552977774,134.4212626742342991,#9b7653
-59.8600468418739382,134.2683861290773848,#9b7653
-60.0485454628143813,134.1150269157073467,#9b7653
-60.2366511847683412,133.9611860375568995,#9b7653
-60.4243627769559168,133.8068645012104128,#9b7653
-60.6116790111758590,133.6520633163972036,#9b7653
-60.7985986618138767,133.4967834959848290,#9b7653
-60.9851205058504604,133.3410260559727192,#9b7653
-61.1712433228689534,133.1847920154853568,#9b7653
-61.3569658950636239,133.0280823967654555,#9b7653
-61.5422870072474666,132.8708982251677071,#9b7653
-61.7272054468602462,132.7132405291516193,#9b7653
-61.9117200039764839,132.5551103402750925,#9b7653
-62.0958294713132375,132.3965086931875135,#9b7653
-62.2795326442381523,132.2374366256229905,#9b7653
-62.4628283207772128,132.0778951783936748,#9b7653
-62.6457153016226371,131.9178853953828821,#9b7653
-62.8281923901408490,131.7574083235381863,#9b7653
-63.0102583923800807,131.5964650128647122,#9b7653
-63.1919121170784521,131.4350565164181148,#9b7653
-63.3731523756714950,131.2731838902979007,#9b7653
-63.5539779823000970,131.1108481936402654,#9b7653
-63.7343877538182966,130.9480504886113579,#9b7653
-63.9143805098008357,130.7847918404002314,#9b7653
-64.0939550725511111,130.6210733172118523,#9b7653
-64.2731102671086632,130.4568959902602501,#9b7653
-64.4518449212570204,130.2922609337613835,#9b7653
-64.6301578655313591,130.1271692249260923,#9b7653
-64.8080479332260069,129.9616219439531903,#9b7653
-64.9855139604022582,129.7956201740222753,#9b7653
-65.1625547858959209,129.6291650012866228,#9b7653
-65.3391692513248756,129.4622575148662236,#9b7653
-65.5153562010966510,129.2948988068405072,#9b7653
-65.6911144824161397,129.1270899722412651,#9b7653
-65.8664429452928459,128.9588321090455167,#9b7653
-66.0413404425488011,128.7901263181682054,#9b7653
-66.2158058298256691,128.6209737034551495,#9b7653
-66.3898379655924629,128.4513753716757094,#9b7653
-66.5634357111530761,128.2813324325156259,#9b7653
-66.7365979306534740,128.1108459985696300,#9b7653
-66.9093234910893955,127.9399171853343375,#9b7653
-67.0816112623135865,127.7685471112008031,#9b7653
-67.2534601170432751,127.5967368974473288,#9b7653
-67.4248689308675466,127.4244876682319614,#9b7653
-67.5958365822546625,127.2518005505853154,#9b7653
-67.7663619525594072,127.0786766744031269,#9b7653
-67.9364439260304493,126.9051171724387501,#9b7653
-68.1060813898176463,126.7311231802959384,#9b7653
-68.2752732339791635,126.5566958364213690,#9b7653
-68.4440183514890208,126.3818362820970123,#9b7653
-68.6123156382440698,126.2065456614329122,#9b7653
-68.7801639930714117,126.0308251213595128,#9b7653
-68.9475623177354606,125.8546758116202824,#9b7653
-69.1145095169451622,125.6780988847641680,#9b7653
-69.2810044983612983,125.5010954961379070,#9b7653
-69.4470461726033932,125.3236668038787514,#9b7653
-69.6126334532570752,125.1458139689065376,#9b7653
-69.7777652568810396,124.9675381549164399,#9b7653
-69.9424405030140974,124.7888405283711108,#9b7653
-70.1066581141824940,124.6097222584931501,#9b7653
-70.2704170159066450,124.4301845172574019,#9b7653
-70.4337161367083553,124.2502284793834235,#9b7653
-70.5965544081178535,124.0698553223275411,#9b7653
-70.7589307646806276,123.8890662262754461,#9b7653
-70.9208441439644730,123.7078623741342795,#9b7653
-71.0822934865665843,123.5262449515248591,#9b7653
-71.2432777361201914,123.3442151467741752,#9b7653
-71.4037958393017931,123.1617741509072630,#9b7653
-71.5638467458377789,122.9789231576396844,#9b7653
-71.7234294085114499,122.7956633633696413,#9b7653
-71.8825427831698960,122.6119959671700599,#9b7653
-72.0411858287306615,122.4279221707809029,#9b7653
-72.1993575071887932,122.2434431786010975,#9b7653
-72.3570567836233778,122.0585601976808903,#9b7653
-72.5142826262045048,121.8732744377138175,#9b7653
-72.6710340061999460,121.6875871110287335,#9b7653
-72.8273098979819196,121.5014994325820226,#9b7653
-72.9831092790336839,121.3150126199495844,#9b7653
-73.1384311299564160,121.1281278933188048,#9b7653
-73.2932744344757623,120.9408464754806403,#9b7653
-73.4476381794484325,120.7531695918217167,#9b7653
-73.6015213548690213,120.5650984703160304,#9b7653
-73.7549229538763882,120.3766343415172173,#9b7653
-73.9078419727604796,120.1877784385502537,#9b7653
-74.0602774109686663,119.9985319971036262,#9b7653
-74.2122282711124228,119.8088962554210894,#9b7653
-74.3636935589739068,119.6188724542935091,#9b7653
-74.5146722835122404,119.4284618370509747,#9b7653
-74.6651634568703315,119.2376656495543443,#9b7653
-74.8151660943809560,119.0464851401874569,#9b7653
-74.9646792145734935,118.8549215598486768,#9b7653
-75.1137018391802656,118.6629761619428081,#9b7653
-75.2622329931428453,118.4706502023729229,#9b7653
-75.4102717046185376,118.2779449395321478,#9b7653
-75.5578170049867452,118.0848616342952937,#9b7653
-75.7048679288552506,117.8914015500108121,#9b7653
-75.8514235140664823,117.6975659524924396,#9b7653
-75.9974828017040096,117.5033561100107704,#9b7653
-76.1430448360985679,117.3087732932852703,#9b7653
-76.2881086648345530,117.1138187754756217,#9b7653
-76.4326733387560182,116.9184938321736524,#9b7653
-76.5767379119730123,116.7227997413949083,#9b7653
-76.7203014418678464,116.5267377835701836,#9b7653
-76.8633629891010628,116.3303092415373214,#9b7653
-77.0059216176177870,116.1335154005326729,#9b7653
-77.1479763946536679,115.9363575481827837,#9b7653
-77.2895263907410595,115.7388369744959533,#9b7653
-77.4305706797152169,115.5409549718536937,#9b7653
-77.5711083387201370,115.3427128350024446,#9b7653
-77.7111384482147400,115.1441118610450189,#9b7653
-77.8506600919789093,114.9451533494319619,#9b7653
-77.9896723571193604,114.7458386019533521,#9b7653
-78.1281743340756663,114.5461689227301179,#9b7653
-78.2661651166263397,114.3461456182054121,#9b7653
-78.4036438018945319,114.1457699971362842,#9b7653
-78.5406094903541430,113.9450433705848411,#9b7653
-78.6770612858355491,113.7439670519099764,#9b7653
-78.8129982955315995,113.5425423567586307,#9b7653
-78.9484196300033858,113.3407706030570381,#9b7653
-79.0833244031860119,113.1386531110024123,#9b7653
-79.2177117323945907,112.9361912030539656,#9b7653
-79.3515807383297300,112.7333862039245673,#9b7653
-79.4849305450835146,112.5302394405719610,#9b7653
-79.6177602801451911,112.3267522421899116,#9b7653
-79.7500690744067668,112.1229259401997496,#9b7653
-79.8818560621688363,111.9187618682416314,#9b7653
-80.0131203811461802,111.7142613621656153,#9b7653
-80.1438611724733789,111.5094257600231487,#9b7653
-80.2740775807104967,111.3042564020582290,#9b7653
-80.4037687538486523,111.0987546306984939,#9b7653
-80.5329338433155328,110.8929217905467652,#9b7653
-80.6615720039811066,110.6867592283718977,#9b7653
-80.7896823941629663,110.4802682931001812,#9b7653
-80.9172641756318995,110.2734503358065012,#9b7653
-81.0443165136175168,110.0663067097053727,#9b7653
-81.1708385768134235,109.8588387701422562,#9b7653
-81.2968295373829619,109.6510478745844921,#9b7653
-81.4222885709644260,109.4429353826126317,#9b7653
-81.5472148566765043,109.2345026559114274,#9b7653
-81.6716075771237513,109.0257510582608376,#9b7653
-81.7954659184017459,108.8166819555273150,#9b7653
-81.9187890701025481,108.6072967156547691,#9b7653
-82.0415762253200711,108.3975967086554135,#9b7653
-82.1638265806551260,108.1875833066011978,#9b7653
-82.2855393362208929,107.9772578836145840,#9b7653
-82.4067136956481079,107.7666218158594518,#9b7653
-82.5273488660901648,107.5556764815324584,#9b7653
-82.6474440582284586,107.3444232608535742,#9b7653
-82.7669984862774015,107.1328635360574140,#9b7653
-82.8860113679896813,106.9209986913840851,#9b7653
-83.0044819246613770,106.7088301130699790,#9b7653
-83.1224093811369045,106.4963591893389321,#9b7653
-83.2397929658143028,106.2835873103929032,#9b7653
-83.3566319106501226,106.0705158684031630,#9b7653
-83.4729254511644854,105.8571462575009861,#9b7653
-83.5886728264461851,105.6434798737684559,#9b7653
-83.7038732791574915,105.4295181152295982,#9b7653
-83.8185260555392517,105.2152623818410291,#9b7653
-83.9326304054157788,105.0007140754828043,#9b7653
-84.0461855821997545,104.7858745999493237,#9b7653
-84.1591908428970612,104.5707453609402080,#9b7653
-84.2716454481117552,104.3553277660507774,#9b7653
-84.3835486620508135,104.1396232247633407,#9b7653
-84.4948997525289798,103.9236331484374602,#9b7653
-84.6056979909735816,103.7073589503011419,#9b7653
-84.7159426524292201,103.4908020454413702,#9b7653
-84.8256330155626017,103.2739638507947575,#9b7653
-84.9347683626671852,103.0568457851385915,#9b7653
-85.0433479796679848,102.8394492690812001,#9b7653
-85.1513711561261033,102.6217757250529132,#9b7653
-85.2588371852434079,102.4038265772966696,#9b7653
-85.3657453638673331,102.1856032518585948,#9b7653
-85.4720949924952009,101.9671071765788497,#9b7653
-85.5778853752789814,101.7483397810822368,#9b7653
-85.6831158200298688,101.5293024967686648,#9b7653
-85.7877856382226582,101.3099967568040540,#9b7653
-85.8918941450003643,101.0904239961108715,#9b7653
-85.9954406591786977,100.8705856513585246,#9b7653
-86.0984245032504560,100.6504831609543658,#9b7653
-86.2008450033900857,100.4301179650338440,#9b7653
-86.3027014894578883,100.2094915054514672,#9b7653
-86.4039932950045824, 99.9886052257711668,#9b7653
-86.5047197572756374, 99.7674605712567768,#9b7653
-86.6048802172154950, 99.5460589888628249,#9b7653
-86.7044740194720731, 99.3244019272247556,#9b7653
-86.8035005124008165, 99.1024908366497925,#9b7653
-86.9019590480691591, 98.8803271691072467,#9b7653
-86.9998489822607155, 98.6579123782188958,#9b7653
-87.0971696744794031, 98.4352479192497754,#9b7653
-87.1939204879537613, 98.2123352490985155,#9b7653
-87.2901007896410306, 97.9891758262876635,#9b7653
-87.3857099502313446, 97.7657711109543470,#9b7653
-87.4807473441517658, 97.5421225648407528,#9b7653
-87.5752123495705348, 97.3182316512842505,#9b7653
-87.6691043484009498, 97.0940998352082119,#9b7653
-87.7624227263055872, 96.8697285831120780,#9b7653
-87.8551668727001811, 96.6451193630620651,#9b7653
-87.9473361807576595, 96.4202736446814015,#9b7653
-88.0389300474122223, 96.1951928991406078,#9b7653
-88.1299478733630792, 95.9698785991481458,#9b7653
-88.2203890630785708, 95.7443322189404853,#9b7653
-88.3102530247999624, 95.5185552342727107,#9b7653
-88.3995391705452960, 95.2925491224087580,#9b7653
-88.4882469161133400, 95.0663153621116521,#9b7653
-88.5763756810873133, 94.8398554336340283,#9b7653
-88.6639248888386931, 94.6131708187083120,#9b7653
-88.7508939665310521, 94.3862630005369709,#9b7653
-88.8372823451237821, 94.1591334637830357,#9b7653
-88.9230894593757171, 93.9317836945602238,#9b7653
-89.0083147478490275, 93.7042151804231054,#9b7653
-89.0929576529127161, 93.4764294103576958,#9b7653
-89.1770176207463265, 93.2484278747713233,#9b7653
-89.2604941013436246, 93.0202120654832072,#9b7653
-89.3433865485160794, 92.7917834757145954,#9b7653
-89.4256944198965869, 92.5631436000788312,#9b7653
-89.5074171769428517, 92.3342939345718037,#9b7653
-89.5885542849410541, 92.1052359765619997,#9b7653
-89.6691052130092743, 91.8759712247808267,#9b7653
-89.7490694341009316, 91.6465011793127644,#9b7653
-89.8284464250083658, 91.4168273415853889,#9b7653
-89.9072356663661196, 91.1869512143598797,#9b7653
-89.9854366426544203, 90.9568743017209158,#9b7653
-90.0630488422025195, 90.7265981090668845,#9b7653
-90.1400717571920183, 90.4961241431001042,#9b7653
-90.2165048836602779, 90.2654539118169907,#9b7653
-90.2923477215036172, 90.0345889244979958,#9b7653
-90.3675997744806381, 89.8035306916980005,#9b7653
-90.4422605502154653, 89.5722807252361548,#9b7653
-90.5163295602009867, 89.3408405381862281,#9b7653
-90.5898063198019372, 89.1092116448666332,#9b7653
-90.6626903482582804, 88.8773955608303652,#9b7653
-90.7349811686881367, 88.6453938028553665,#9b7653
-90.8066783080910653, 88.4132078889342807,#9b7653
-90.8777812973510635, 88.1808393382648035,#9b7653
-90.9482896712396496, 87.9482896712396780,#9b7653
-10.5691785736085286,  7.5691785736085260,#9b7653
-10.6022974545758508,  7.5227181712925031,#9b7653
-10.6352121046002424,  7.4761128596460145,#9b7653
-10.6679218896502501,  7.4293635364222856,#9b7653
-10.7004261796407203,  7.3824711021486218,#9b7653
-10.7327243484449255,  7.3354364601090678,#9b7653
-10.7648157739066335,  7.2882605163269876,#9b7653
-10.7966998378520831,  7.2409441795476370,#9b7653
-10.8283759261018968,  7.1934883612206457,#9b7653
-10.8598434284829128,  7.1458939754824593,#9b7653
-10.8911017388399340,  7.0981619391387349,#9b7653
-10.9221502550474110,  7.0502931716466790,#9b7653
-10.9529883790210345,  7.0022885950973341,#9b7653
-10.9836155167292588,  6.9541491341978201,#9b7653
-11.0140310782047415,  6.9058757162535223,#9b7653
-11.0442344775557242,  6.8574692711502143,#9b7653
-11.0742251329772898,  6.8089307313361722,#9b7653
-11.1040024667625925,  6.7602610318041929,#9b7653
-11.1335659053139757,  6.7114611100735884,#9b7653
-11.1629148791540267,  6.6625319061721306,#9b7653
-11.1920488229365436,  6.6134743626179375,#9b7653
-11.2209671754574245,  6.5642894244013199,#9b7653
-11.2496693796654821,  6.5149780389665812,#9b7653
-11.2781548826731690,  6.4655411561937610,#9b7653
-11.3064231357672274,  6.4159797283803490,#9b7653
-11.3344735944192703,  6.3662947102229159,#9b7653
-11.3623057182962572,  6.3164870587987565,#9b7653
-11.3899189712709052,  6.2665577335474323,#9b7653
-11.4173128214320201,  6.2165076962522932,#9b7653
-11.4444867410947442,  6.1663379110219552,#9b7653
-11.4714402068107137,  6.1160493442717225,#9b7653
-11.4981726993781486,  6.0656429647049803,#9b7653
-11.5246837038518493,  6.0151197432945258,#9b7653
-11.5509727095531201,  5.9644806532638741,#9b7653
-11.5770392100796045,  5.9137266700684918,#9b7653
-11.6028827033150410,  5.8628587713770344,#9b7653
-11.6285026914389302,  5.8118779370524933,#9b7653
-11.6538986809361305,  5.7607851491333308,#9b7653
-11.6790701826063597,  5.7095813918145550,#9b7653
-11.7040167115736278,  5.6582676514287700,#9b7653
-11.7287377872955627,  5.6068449164271694,#9b7653
-11.7532329335726775,  5.5553141773605006,#9b7653
-11.7775016785575417,  5.5036764268599851,#9b7653
-11.8015435547638692,  5.4519326596181807,#9b7653
-11.8253580990755225,  5.4000838723698488,#9b7653
-11.8489448527554337,  5.3481310638727360,#9b7653
-11.8723033614544420,  5.2960752348883382,#9b7653
-11.8954331752200453,  5.2439173881626262,#9b7653
-11.9183338485050712,  5.1916585284067249,#9b7653
-11.9410049401762546,  5.1392996622775655,#9b7653
-11.9634460135227325,  5.0868417983584884,#9b7653
-11.9856566362644674,  5.0342859471398258,#9b7653
-12.0076363805605659,  4.9816331209994127,#9b7653
-12.0293848230175211,  4.9288843341831177,#9b7653
-12.0509015446973660,  4.8760406027852818,#9b7653
-12.0721861311257506,  4.8231029447291593,#9b7653
-12.0932381722999214,  4.7700723797472975,#9b7653
-12.1140572626966208,  4.7169499293619035,#9b7653
-12.1346430012798923,  4.6637366168651644,#9b7653
-12.1549949915088167,  4.6104334672995320,#9b7653
-12.1751128413451397,  4.5570415074379858,#9b7653
-12.1949961632608375,  4.5035617657642346,#9b7653
-12.2146445742455629,  4.4499952724529326,#9b7653
-12.2340576958140375,  4.3963430593498174,#9b7653
-12.2532351540133408,  4.3426061599518393,#9b7653
-12.2721765794301074,  4.2887856093872498,#9b7653
-12.2908816071976474,  4.2348824443956641,#9b7653
-12.3093498770029726,  4.1808977033080925,#9b7653
-12.3275810330937450,  4.1268324260269358,#9b7653
-12.3455747242851110,  4.0726876540059598,#9b7653
-12.3633306039664959,  4.0184644302302130,#9b7653
-12.3808483301082468,  3.9641637991959700,#9b7653
-12.3981275652682470,  3.9097868068905850,#9b7653
-12.4151679765983989,  3.8553345007723530,#9b7653
-12.4319692358510512,  3.8008079297503312,#9b7653
-12.4485310193853120,  3.7462081441641337,#9b7653
-12.4648530081732805,  3.6915361957636974,#9b7653
-12.4809348878062014,  3.6367931376890277,#9b7653
-12.4967763485005143,  3.5819800244499094,#9b7653
-12.5123770851038252,  3.5270979119055794,#9b7653
-12.5277367971007845,  3.4721478572444151,#9b7653
-12.5428551886188711,  3.4171309189635517,#9b7653
-12.5577319684340942,  3.3620481568484966,#9b7653
-12.5723668499766088,  3.3069006319527130,#9b7653
-12.5867595513362254,  3.2516894065771851,#9b7653
-12.6009097952678513,  3.1964155442499522,#9b7653
-12.6148173091968214,  3.1410801097056207,#9b7653
-12.6284818252241529,  3.0856841688648644,#9b7653
-12.6419030801317120,  3.0302287888138650,#9b7653
-12.6550808153872723,  2.9747150377837932,#9b7653
-12.6680147771495015,  2.9191439851302072,#9b7653
-12.6807047162728548,  2.8635167013124607,#9b7653
-12.6931503883123629,  2.8078342578730839,#9b7653
-12.7053515535283559,  2.7520977274171385,#9b7653
-12.7173079768910675,  2.6963081835915608,#9b7653
-12.7290194280851701,  2.6404667010644767,#9b7653
-12.7404856815142047,  2.5845743555045084,#9b7653
-12.7517065163049388,  2.5286322235600300,#9b7653
-12.7626817163116115,  2.4726413828384617,#9b7653
-12.7734110701200940,  2.4166029118854917,#9b7653
-12.7838943710519715,  2.3605178901643034,#9b7653
-12.7941314171685168,  2.3043873980347831,#9b7653
-12.8041220112745879,  2.2482125167327078,#9b7653
-12.8138659609224170,  2.1919943283489203,#9b7653
-12.8233630784153263,  2.1357339158084816,#9b7653
-12.8326131808113360,  2.0794323628498192,#9b7653
-12.8416160899266973,  2.0230907540038250,#9b7653
-12.8503716323393178,  1.9667101745730025,#9b7653
-12.8588796393920983,  1.9102917106105350,#9b7653
-12.8671399471961969,  1.8538364488993713,#9b7653
-12.8751523966341708,  1.7973454769312913,#9b7653
-12.8829168333630459,  1.7408198828859587,#9b7653
-12.8904331078172909,  1.6842607556099574,#9b7653
-12.8977010752117049,  1.6276691845958198,#9b7653
-12.9047205955441910,  1.5710462599610431,#9b7653
-12.9114915335984684,  1.5143930724270633,#9b7653
-12.9180137589466639,  1.4577107132983087,#9b7653
-12.9242871459518405,  1.4010002744410952,#9b7653
-12.9303115737703997,  1.3442628482626597,#9b7653
-12.9360869263544238,  1.2874995276900867,#9b7653
-12.9416130924538955,  1.2307114061492621,#9b7653
-12.9468899656188654,  1.1738995775438097,#9b7653
-12.9519174442014755,  1.1170651362340207,#9b7653
-12.9566954313579323,  1.0602091770157778,#9b7653
-12.9612238350503759,  1.0033327950994375,#9b7653
-12.9655025680486347,  0.9464370860887978,#9b7653
-12.9695315479319291,  0.8895231459599113,#9b7653
-12.9733106970904402,  0.8325920710400386,#9b7653
-12.9768399427268157,  0.7756449579864994,#9b7653
-12.9801192168575668,  0.7186829037655547,#9b7653
-12.9831484563143817,  0.6617070056312757,#9b7653
-12.9859276027453348,  0.6047183611044072,#9b7653
-12.9884566026160222,  0.5477180679512326,#9b7653
-12.9907354072105878,  0.4907072241623980,#9b7653
-12.9927639726326536,  0.4336869279318259,#9b7653
-12.9945422598061793,  0.3766582776354799,#9b7653
-12.9960702344762051,  0.3196223718102699,#9b7653
-12.9973478672095144,  0.2625803091328629,#9b7653
-12.9983751333952018,  0.2055331883985244,#9b7653
-12.9991520132451495,  0.1484821084999528,#9b7653
-12.9996784917944002,  0.0914281684061115,#9b7653
-12.9999545589014502,  0.0343724671410653,#9b7653
-12.9999802092484558, -0.0226838962372189,#9b7653
-12.9997554423413071, -0.0797398226579795,#9b7653
-12.9992802625096733, -0.1367942130589124,#9b7653
-12.9985546789068920, -0.1938459684072785,#9b7653
-12.9975787055098007, -0.2508939897211034,#9b7653
-12.9963523611184755, -0.3079371780903409,#9b7653
-12.9948756693558565, -0.3649744346980415,#9b7653
-12.9931486586673071, -0.4220046608415181,#9b7653
-12.9911713623200491, -0.4790267579535055,#9b7653
-12.9889438184025359, -0.5360396276233498,#9b7653
-12.9864660698237113, -0.5930421716181042,#9b7653
-12.9837381643121859, -0.6500332919037650,#9b7653
-12.9807601544153179, -0.7070118906663584,#9b7653
-12.9775320974981998, -0.7639768703331177,#9b7653
-12.9740540557425508, -0.8209271335936191,#9b7653
-12.9703260961455289, -0.8778615834209199,#9b7653
-12.9663482905184235, -0.9347791230926891,#9b7653
-12.9621207154852911, -0.9916786562123291,#9b7653
-12.9576434524814612, -1.0485590867301238,#9b7653
-12.9529165877519841, -1.1054193189642874,#9b7653
-12.9479402123499607, -1.1622582576221527,#9b7653
-12.9427144221347827, -1.2190748078212048,#9b7653
-12.9372393177703024, -1.2758678751102013,#9b7653
-12.9315150047228791, -1.3326363654902489,#9b7653
-12.9255415932593518, -1.3893791854358764,#9b7653
-12.9193191984449260, -1.4460952419160991,#9b7653
-12.9128479401409315, -1.5027834424154694,#9b7653
-12.9061279430025415, -1.5594426949551485,#9b7653
-12.8991593364763570, -1.6160719081138797,#9b7653
-12.8919422547979110, -1.6726699910490914,#9b7653
-12.8844768369890907, -1.7292358535178469,#9b7653
-12.8767632268554575, -1.7857684058978764,#9b7653
-12.8688015729834717, -1.8422665592085568,#9b7653
-12.8605920287376367, -1.8987292251318919,#9b7653
-12.8521347522575429, -1.9551553160334747,#9b7653
-12.8434299064548174, -2.0115437449834399,#9b7653
-12.8344776590099929, -2.0678934257773984,#9b7653
-12.8252781823692708, -2.1242032729573599,#9b7653
-12.8158316537412045, -2.1804722018326599,#9b7653
-12.8061382550932841, -2.2366991285008231,#9b7653
-12.7961981731484293, -2.2928829698684616,#9b7653
-12.7860115993813945, -2.3490226436721384,#9b7653
-12.7755787300150825, -2.4051170684992091,#9b7653
-12.7648997660167591, -2.4611651638086576,#9b7653
-12.7539749130941882, -2.5171658499519061,#9b7653
-12.7428043816916627, -2.5731180481936167,#9b7653
-12.7313883869859623, -2.6290206807324621,#9b7653
-12.7197271488821873, -2.6848726707219113,#9b7653
-12.7078208920095470, -2.7406729422909382,#9b7653
-12.6956698457170187, -2.7964204205647691,#9b7653
-12.6832742440689277, -2.8521140316855820,#9b7653
-12.6706343258404495, -2.9077527028331915,#9b7653
-12.6577503345130040, -2.9633353622457164,#9b7653
-12.6446225182695606, -3.0188609392402226,#9b7653
-12.6312511299898667, -3.0743283642333492,#9b7653
-12.6176364272455732, -3.1297365687619054,#9b7653
-12.6037786722952685, -3.1850844855034754,#9b7653
-12.5896781320794275, -3.2403710482969426,#9b7653
-12.5753350782152840, -3.2955951921630513,#9b7653
-12.5607497869915719, -3.3507558533249151,#9b7653
-12.5459225393632288, -3.4058519692285087,#9b7653
-12.5308536209459689, -3.4608824785631351,#9b7653
-12.5155433220107835, -3.5158463212818698,#9b7653
-12.4999919374783577, -3.5707424386219788,#9b7653
-12.4841997669133793, -3.6255697731253123,#9b7653
-12.4681671145187689, -3.6803272686586910,#9b7653
-12.4518942891298270, -3.7350138704342219,#9b7653
-12.4353816042082812, -3.7896285250296344,#9b7653
-12.4186293778362487, -3.8441701804085713,#9b7653
-12.4016379327101092, -3.8986377859408488,#9b7653
-12.3844075961342828, -3.9530302924226994,#9b7653
-12.3669387000149360, -4.0073466520969809,#9b7653
-12.3492315808535835, -4.0615858186733593,#9b7653
-12.3312865797406008, -4.1157467473484557,#9b7653
-12.3131040423486553, -4.1698283948260029,#9b7653
-12.2946843189260679, -4.2238297193368801,#9b7653
-12.2760277642900277, -4.2777496806592596,#9b7653
-12.2571347378197917, -4.3315872401385809,#9b7653
-12.2380056034497429, -4.3853413607075860,#9b7653
-12.2186407296623951, -4.4390110069062931,#9b7653
-12.1990404894812734, -4.4925951449019426,#9b7653
-12.1792052604637480, -4.5460927425089084,#9b7653
-12.1591354246937566, -4.5995027692085779,#9b7653
-12.1388313687744329, -4.6528241961692292,#9b7653
-12.1182934838206826, -4.7060559962657900,#9b7653
-12.0975221654516201, -4.7591971440997005,#9b7653
-12.0765178137829743, -4.8122466160186024,#9b7653
-12.0552808334193653, -4.8652033901360863,#9b7653
-12.0338116334465202, -4.9180664463513706,#9b7653
-12.0121106274233824, -4.9708347663689487,#9b7653
-11.9901782333741487, -5.0235073337182268,#9b7653
-11.9680148737802305, -5.0760831337730474,#9b7653
-11.9456209755720888, -5.1285611537713143,#9b7653
-11.9229969701210443, -5.1809403828344163,#9b7653
-11.9001432932309292, -5.2332198119867774,#9b7653
-11.8770603851297292, -5.2853984341752369,#9b7653
-11.8537486904610780, -5.3374752442884725,#9b7653
-11.8302086582757013, -5.3894492391763578,#9b7653
-11.8064407420227724, -5.4413194176692850,#9b7653
-11.7824453995411602, -5.4930847805974503,#9b7653
-11.7582230930506366, -5.5447443308100972,#9b7653
-11.7337742891429411, -5.5962970731947470,#9b7653
-11.7090994587728225, -5.6477420146963144,#9b7653
-11.6841990772489446, -5.6990781643363073,#9b7653
-11.6590736242247441, -5.7503045332318594,#9b7653
-11.6337235836891857, -5.8014201346148031,#9b7653
-11.6081494439574389, -5.8524239838506746,#9b7653
-11.5823516976614727, -5.9033150984576803,#9b7653
-11.5563308417405661, -5.9540924981256218,#9b7653
-11.5300873774317356, -6.0047552047347734,#9b7653
-11.5036218102600749, -6.0553022423747525,#9b7653
-11.4769346500290368, -6.1057326373632579,#9b7653
-11.4500264108105760, -6.1560454182648998,#9b7653
-11.4228976109352871, -6.2062396159098556,#9b7653
-11.3955487729823908, -6.2563142634125661,#9b7653
-11.3679804237696835, -6.3062683961903518,#9b7653
-11.3401930943433822, -6.3561010519819972,#9b7653
-11.3121873199678973, -6.4058112708662858,#9b7653
-11.2839636401155214, -6.4553980952804828,#9b7653
-11.2555225984560288, -6.5048605700388098,#9b7653
-11.2268647428462334, -6.5541977423507882,#9b7653
-11.1979906253193882, -6.6034086618396630,#9b7653
-11.1689008020745923, -6.6524923805606502,#9b7653
-11.1395958334660587, -6.7014479530192297,#9b7653
-11.1100762839923188, -6.7502744361893479,#9b7653
-11.0803427222853568, -6.7989708895315859,#9b7653
-11.0503957210996511, -6.8475363750112743,#9b7653
-11.0202358573011434, -6.8959699571165576,#9b7653
-10.9898637118561151, -6.9442707028764445,#9b7653
-10.9592798698200315, -6.9924376818787195,#9b7653
-10.9284849203262180, -7.0404699662879366,#9b7653
-10.8974794565745583, -7.0883666308632396,#9b7653
-10.8662640758200464, -7.1361267529762049,#9b7653
-10.8348393793612860, -7.1837494126286128,#9b7653
-10.8032059725289038, -7.2312336924701723,#9b7653
-10.7713644646738977, -7.2785786778161832,#9b7653
-10.7393154691558941, -7.3257834566651603,#9b7653
-10.7070596033313183, -7.3728471197164147,#9b7653
-10.6745974885415400, -7.4197687603875275,#9b7653
-10.6419297501008572, -7.4665474748318799,#9b7653
-10.6090570172844991, -7.5131823619559865,#9b7653
-10.5759799233164582, -7.5596725234369249,#9b7653
-10.5426991053573254, -7.6060170637395927,#9b7653
-10.5092152044920049, -7.6522150901339723,#9b7653
-10.4755288657173615, -7.6982657127123328,#9b7653
-10.4416407379298111, -7.7441680444063579,#9b7653
-10.4075514739127879, -7.7899212010042680,#9b7653
-10.3732617303242201, -7.8355243011677871,#9b7653
-10.3387721676838282, -7.8809764664492086,#9b7653
-10.3040834503604479, -7.9262768213082193,#9b7653
-10.2691962465591899, -7.9714244931288567,#9b7653
-10.2341112283086026, -8.0164186122362526,#9b7653
-10.1988290714477099, -8.0612583119134111,#9b7653
-10.1633504556129939, -8.1059427284179062,#9b7653
-10.1276760642253141, -8.1504710009985075,#9b7653
-10.0918065844767142, -8.1948422719117922,#9b7653
-10.0557427073172345, -8.2390556864386024,#9b7653
-10.0194851274415360, -8.2831103929005963,#9b7653
 -9.9830345432755916, -8.3270055426765701,#9b7653
 -9.9463916569631632, -8.3707402902188743,#9b7653
 -9.9095571743523330, -8.4143137930696525,#9b7653
 -9.8725318049818700, -8.4577252118770954,#9b7653
 -9.8353162620675754, -8.5009737104115963,#9b7653
 -9.7979112624885527, -8.5440584555818671,#9b7653
 -9.7603175267733704, -8.5869786174509937,#9b7653
 -9.7225357790862272, -8.6297333692523885,#9b7653
 -9.6845667472129477, -8.6723218874057721,#9b7653
 -9.6464111625470252, -8.7147433515329720,#9b7653
 -9.6080697600754679, -8.7569969444737925,#9b7653
 -9.5695432783646908, -8.7990818523017023,#9b7653
 -9.5308324595462697, -8.8409972643395403,#9b7653
 -9.4919380493026395, -8.8827423731751232,#9b7653
 -9.4528607968527485, -8.9243163746767991,#9b7653
 -9.4136014549375950, -8.9657184680089514,#9b7653
 -9.3741607798057807, -9.0069478556473879,#9b7653
 -9.3345395311988728, -9.0480037433947569,#9b7653
 -9.2947384723368387, -9.0888853403957892,#9b7653
 -9.2547583699032874, -9.1295918591525815,#9b7653
 -9.2145999940307366, -9.1701225155397328,#9b7653
 -9.1742641182857678, -9.2104765288194663,#9b7653
 -9.1337515196541190, -9.2506531216566579,#9b7653
 -9.0930629785257313, -9.2906515201338138,#9b7653
 -9.0521992786796890, -9.3304709537659942,#9b7653
 -9.0111612072691685, -9.3701106555156155,#9b7653
 -8.9699495548062149, -9.4095698618072756,#9b7653
 -8.9285651151465810, -9.4488478125424127,#9b7653
 -8.8870086854743704, -9.4879437511139955,#9b7653
 -8.8452810662867289, -9.5268569244210610,#9b7653
 -8.8033830613784065, -9.5655865828832347,#9b7653
 -8.7613154778262725, -9.6041319804551719,#9b7653
 -8.7190791259737779, -9.6424923746409217,#9b7653
 -8.6766748194153234, -9.6806670265082495,#9b7653
 -8.6341033749806293, -9.7186552007028268,#9b7653
 -8.5913656127189455, -9.7564561654624598,#9b7653
 -8.5484623558833164, -9.7940691926311132,#9b7653
 -8.5053944309146647, -9.8314935576730065,#9b7653
 -8.4621626674259076, -9.8687285396865203,#9b7653
 -8.4187678981859762, -9.9057734214181021,#9b7653
 -8.3752109591037396, -9.9426274892760915,#9b7653
 -8.3314926892119612, -9.9792900333444390,#9b7653
 -8.2876139306510659,-10.0157603473964159,#9b7653
 -8.2435755286529950,-10.0520377289081786,#9b7653
 -8.1993783315248425,-10.0881214790723508,#9b7653
 -8.1550231906325958,-10.1240109028114222,#9b7653
 -8.1105109603846675,-10.1597053087912030,#9b7653
 -8.0658424982154724,-10.1952040094341019,#9b7653
 -8.0210186645689117,-10.2305063209323688,#9b7653
 -7.9760403228817998,-10.2656115632612739,#9b7653
 -7.9309083395672015,-10.3005190601922294,#9b7653
 -7.8856235839977646,-10.3352281393057908,#9b7653
 -7.8401869284890005,-10.3697381320045974,#9b7653
 -7.7945992482824167,-10.4040483735262974,#9b7653
 -7.7488614215287290,-10.4381582029562932,#9b7653
 -7.7029743292708757,-10.4720669632405379,#9b7653
 -7.6569388554271169,-10.5057740011981267,#9b7653
 -7.6107558867739407,-10.5392786675339316,#9b7653
 -7.5644263129290188,-10.5725803168510897,#9b7653
 -7.5179510263340852,-10.6056783076634122,#9b7653
 -7.4713309222376889,-10.6385720024077912,#9b7653
 -7.4245668986780213,-10.6712607674564222,#9b7653
 -7.3776598564655389,-10.7037439731290700,#9b7653
 -7.3306106991656916,-10.7360209937051394,#9b7653
 -7.2834203330814482,-10.7680912074357789,#9b7653
 -7.2360896672358672,-10.7999539965558338,#9b7653
 -7.1886196133546072,-10.8316087472957339,#9b7653
 -7.1410110858483407,-10.8630548498933344,#9b7653
 -7.0932650017951255,-10.8942916986056701,#9b7653
 -7.0453822809227589,-10.9253186917206051,#9b7653
 -6.9973638455910869,-10.9561352315684157,#9b7653
 -6.9492106207741680,-10.9867407245333446,#9b7653
 -6.9009235340425370,-11.0171345810649814,#9b7653
 -6.8525035155452567,-11.0473162156896691,#9b7653
 -6.8039514979920801,-11.0772850470217357,#9b7653
 -6.7552684166354151,-11.1070404977747366,#9b7653
 -6.7064552092523400,-11.1365819947725502,#9b7653
 -6.6575128161265509,-11.1659089689604194,#9b7653
 -6.6084421800302424,-11.1950208554159083,#9b7653
 -6.5592442462059140,-11.2239170933598142,#9b7653
 -6.5099199623481905,-11.2525971261669415,#9b7653
 -6.4604702785855972,-11.2810604013768199,#9b7653
 -6.4108961474621884,-11.3093063707043697,#9b7653
 -6.3611985239192412,-11.3373344900504591,#9b7653
 -6.3113783652768678,-11.3651442195123540,#9b7653
 -6.2614366312155658,-11.3927350233941560,#9b7653
 -6.2113742837577073,-11.4201063702171108,#9b7653
 -6.1611922872490252,-11.4472577327298399,#9b7653
 -6.1108916083400704,-11.4741885879184888,#9b7653
 -6.0604732159675203,-11.5008984170168329,#9b7653
 -6.0099380813355960,-11.5273867055162249,#9b7653
 -5.9592871778972691,-11.5536529431755568,#9b7653
 -5.9085214813355975,-11.5796966240310368,#9b7653
 -5.8576419695448552,-11.6055172464059826,#9b7653
 -5.8066496226117259,-11.6311143129204559,#9b7653
 -5.7555454227964455,-11.6564873305008518,#9b7653
 -5.7043303545138624,-11.6816358103893876,#9b7653
 -5.6530054043144498,-11.7065592681535424,#9b7653
 -5.6015715608653247,-11.7312572236953692,#9b7653
 -5.5500298149312375,-11.7557292012607348,#9b7653
 -5.4983811593554162,-11.7799747294485062,#9b7653
 -5.4466265890404832,-11.8039933412196234,#9b7653
 -5.3947671009293021,-11.8277845739060901,#9b7653
 -5.3428036939857622,-11.8513479692198764,#9b7653
 -5.2907373691755044,-11.8746830732617816,#9b7653
 -5.2385691294466676,-11.8977894365301484,#9b7653
 -5.1862999797105998,-11.9206666139295177,#9b7653
 -5.1339309268224218,-11.9433141647792329,#9b7653
 -5.0814629795617261,-11.9657316528218889,#9b7653
 -5.0288971486130514,-11.9879186462317779,#9b7653
 -4.9762344465465018,-12.0098747176231626,#9b7653
 -4.9234758877981681,-12.0315994440585516,#9b7653
 -4.8706224886506195,-12.0530924070568233,#9b7653
 -4.8176752672133469,-12.0743531926012828,#9b7653
 -4.7646352434031298,-12.0953813911476473,#9b7653
 -4.7115034389243666,-12.1161765976319380,#9b7653
 -4.6582808772494211,-12.1367384114782819,#9b7653
 -4.6049685835989314,-12.1570664366066055,#9b7653
 -4.5515675849219939,-12.1771602814403064,#9b7653
 -4.4980789098764618,-12.1970195589137500,#9b7653
 -4.4445035888090452,-12.2166438864797691,#9b7653
 -4.3908426537355529,-12.2360328861169911,#9b7653
 -4.3370971383209334,-12.2551861843371590,#9b7653
 -4.2832680778593968,-12.2741034121923001,#9b7653
 -4.2293565092545062,-12.2927842052818352,#9b7653
 -4.1753634709991267,-12.3112282037596135,#9b7653
 -4.1212900031555089,-12.3294350523408198,#9b7653
 -4.0671371473351652,-12.3474044003088501,#9b7653
 -4.0129059466788952,-12.3651359015220361,#9b7653
 -3.9585974458366131,-12.3826292144203300,#9b7653
 -3.9042126909472592,-12.3998840020318877,#9b7653
 -3.8497527296186682,-12.4168999319795432,#9b7653
 -3.7952186109073707,-12.4336766764872220,#9b7653
 -3.7406113852983598,-12.4502139123862570,#9b7653
 -3.6859321046848779,-12.4665113211216116,#9b7653
 -3.6311818223481906,-12.4825685887580065,#9b7653
 -3.5763615929372179,-12.4983854059859905,#9b7653
 -3.5214724724483051,-12.5139614681278619,#9b7653
 -3.4665155182047971,-12.5292964751435782,#9b7653
 -3.4114917888367575,-12.5443901316365078,#9b7653
 -3.3564023442604971,-12.5592421468591251,#9b7653
 -3.3012482456581926,-12.5738522347186308,#9b7653
 -3.2460305554574793,-12.5882201137824250,#9b7653
 -3.1907503373109041,-12.6023455072835695,#9b7653
 -3.1354086560755290,-12.6162281431260848,#9b7653
 -3.0800065777923273,-12.6298677538902204,#9b7653
 -3.0245451696657404,-12.6432640768375801,#9b7653
 -2.9690255000430406,-12.6564168539162054,#9b7653
 -2.9134486383937830,-12.6693258317655317,#9b7653
 -2.8578156552892322,-12.6819907617212753,#9b7653
 -2.8021276223817129,-12.6944113998202148,#9b7653
 -2.7463856123839454,-12.7065875068049046,#9b7653
 -2.6905906990484061,-12.7185188481282765,#9b7653
 -2.6347439571466769,-12.7302051939581506,#9b7653
 -2.5788464624486616,-12.7416463191816778,#9b7653
 -2.5228992917019553,-12.7528420034096630,#9b7653
 -2.4669035226110139,-12.7637920309808148,#9b7653
 -2.4108602338164804,-12.7744961909659018,#9b7653
 -2.3547705048743333,-12.7849542771718152,#9b7653
 -2.2986354162351228,-12.7951660881455371,#9b7653
 -2.2424560492231791,-12.8051314271780274,#9b7653
 -2.1862334860157637,-12.8148501023080001,#9b7653
 -2.1299688096221985,-12.8243219263256414,#9b7653
 -2.0736631038630264,-12.8335467167761994,#9b7653
 -2.0173174533491713,-12.8425242959635000,#9b7653
 -1.9609329434609719,-12.8512544909533819,#9b7653
 -1.9045106603273125,-12.8597371335770170,#9b7653
 -1.8480516908047218,-12.8679720604341465,#9b7653
 -1.7915571224564146,-12.8759591128962381,#9b7653
 -1.7350280435313188,-12.8836981371095423,#9b7653
 -1.6784655429431368,-12.8911889839980471,#9b7653
 -1.6218707102494028,-12.8984315092663522,#9b7653
 -1.5652446356304268,-12.9054255734024590,#9b7653
 -1.5085884098683287,-12.9121710416804394,#9b7653
 -1.4519031243260490,-12.9186677841630502,#9b7653
 -1.3951898709263049,-12.9249156757042183,#9b7653
 -1.3384497421305317,-12.9309145959514691,#9b7653
 -1.2816838309178626,-12.9366644293482285,#9b7653
 -1.2248932307640985,-12.9421650651360611,#9b7653
 -1.1680790356206197,-12.9474163973567951,#9b7653
 -1.1112423398932925,-12.9524183248545715,#9b7653
 -1.0543842384214084,-12.9571707512777845,#9b7653
 -0.9975058264566311,-12.9616735850809430,#9b7653
 -0.9406081996418281,-12.9659267395264326,#9b7653
 -0.8836924539900003,-12.9699301326861871,#9b7653
 -0.8267596858631934,-12.9736836874432608,#9b7653
 -0.7698109919513553,-12.9771873314933259,#9b7653
 -0.7128474692511868,-12.9804409973460526,#9b7653
 -0.6558702150450351,-12.9834446223264166,#9b7653
 -0.5988803268797783,-12.9861981485759088,#9b7653
 -0.5418789025456731,-12.9887015230536385,#9b7653
 -0.4848670400551265,-12.9909546975373669,#9b7653
 -0.4278458376216844,-12.9929576286244313,#9b7653
 -0.3708163936387951,-12.9947102777325796,#9b7653
 -0.3137798066586402,-12.9962126111007148,#9b7653
 -0.2567371753709959,-12.9974645997895486,#9b7653
 -0.1996895985820923,-12.9984662196821574,#9b7653
 -0.1426381751934245,-12.9992174514844354,#9b7653
 -0.0855840041805607,-12.9997182807254870,#9b7653
 -0.0285281845719968,-12.9999686977578914,#9b7653
  0.0285281845719804,-12.9999686977578914,#9b7653
  0.0855840041805329,-12.9997182807254870,#9b7653
  0.1426381751934082,-12.9992174514844354,#9b7653
  0.1996895985820876,-12.9984662196821574,#9b7653
  0.2567371753709796,-12.9974645997895486,#9b7653
  0.3137798066586124,-12.9962126111007166,#9b7653
  0.3708163936387788,-12.9947102777325796,#9b7653
  0.4278458376216796,-12.9929576286244313,#9b7653
  0.4848670400550987,-12.9909546975373669,#9b7653
  0.5418789025456452,-12.9887015230536385,#9b7653
  0.5988803268797736,-12.9861981485759088,#9b7653
  0.6558702150450187,-12.9834446223264184,#9b7653
  0.7128474692511590,-12.9804409973460544,#9b7653
  0.7698109919513390,-12.9771873314933259,#9b7653
  0.8267596858631887,-12.9736836874432608,#9b7653
  0.8836924539899841,-12.9699301326861889,#9b7653
  0.9406081996418003,-12.9659267395264344,#9b7653
  0.9975058264566149,-12.9616735850809448,#9b7653
  1.0543842384213922,-12.9571707512777863,#9b7653
  1.1112423398932645,-12.9524183248545732,#9b7653
  1.1680790356206034,-12.9474163973567968,#9b7653
  1.2248932307640936,-12.9421650651360611,#9b7653
  1.2816838309178464,-12.9366644293482302,#9b7653
  1.3384497421305039,-12.9309145959514709,#9b7653
  1.3951898709262887,-12.9249156757042201,#9b7653
  1.4519031243260443,-12.9186677841630519,#9b7653
  1.5085884098683007,-12.9121710416804447,#9b7653
  1.5652446356303991,-12.9054255734024608,#9b7653
  1.6218707102493868,-12.8984315092663557,#9b7653
  1.6784655429431208,-12.8911889839980489,#9b7653
  1.7350280435312910,-12.8836981371095458,#9b7653
  1.7915571224563984,-12.8759591128962416,#9b7653
  1.8480516908047171,-12.8679720604341465,#9b7653
  1.9045106603272968,-12.8597371335770188,#9b7653
  1.9609329434609446,-12.8512544909533872,#9b7653
  2.0173174533491554,-12.8425242959635035,#9b7653
  2.0736631038630104,-12.8335467167762012,#9b7653
  2.1299688096221705,-12.8243219263256449,#9b7653
  2.1862334860157473,-12.8148501023080037,#9b7653
  2.2424560492231742,-12.8051314271780274,#9b7653
  2.2986354162351064,-12.7951660881455407,#9b7653
  2.3547705048743062,-12.7849542771718205,#9b7653
  2.4108602338164644,-12.7744961909659054,#9b7653
  2.4669035226110090,-12.7637920309808166,#9b7653
  2.5228992917019282,-12.7528420034096666,#9b7653
  2.5788464624486456,-12.7416463191816831,#9b7653
  2.6347439571466609,-12.7302051939581542,#9b7653
  2.6905906990483901,-12.7185188481282800,#9b7653
  2.7463856123839179,-12.7065875068049099,#9b7653
  2.8021276223816969,-12.6944113998202184,#9b7653
  2.8578156552892273,-12.6819907617212770,#9b7653
  2.9134486383937674,-12.6693258317655371,#9b7653
  2.9690255000430130,-12.6564168539162125,#9b7653
  3.0245451696657244,-12.6432640768375837,#9b7653
  3.0800065777923114,-12.6298677538902240,#9b7653
  3.1354086560755019,-12.6162281431260919,#9b7653
  3.1907503373108881,-12.6023455072835731,#9b7653
  3.2460305554574638,-12.5882201137824303,#9b7653
  3.3012482456581775,-12.5738522347186343,#9b7653
  3.3564023442604705,-12.5592421468591322,#9b7653
  3.4114917888367415,-12.5443901316365114,#9b7653
  3.4665155182047926,-12.5292964751435800,#9b7653
  3.5214724724482895,-12.5139614681278655,#9b7653
  3.5763615929372019,-12.4983854059859940,#9b7653
  3.6311818223481747,-12.4825685887580118,#9b7653
  3.6859321046848619,-12.4665113211216152,#9b7653
  3.7406113852983331,-12.4502139123862641,#9b7653
  3.7952186109073551,-12.4336766764872255,#9b7653
  3.8497527296186642,-12.4168999319795450,#9b7653
  3.9042126909472432,-12.3998840020318930,#9b7653
  3.9585974458365869,-12.3826292144203389,#9b7653
  4.0129059466788801,-12.3651359015220415,#9b7653
  4.0671371473351492,-12.3474044003088572,#9b7653
  4.1212900031554822,-12.3294350523408287,#9b7653
  4.1753634709991116,-12.3112282037596170,#9b7653
  4.2293565092544911,-12.2927842052818388,#9b7653
  4.2832680778593808,-12.2741034121923072,#9b7653
  4.3370971383209067,-12.2551861843371679,#9b7653
  4.3908426537355378,-12.2360328861169982,#9b7653
  4.4445035888090407,-12.2166438864797708,#9b7653
  4.4980789098764467,-12.1970195589137571,#9b7653
  4.5515675849219788,-12.1771602814403117,#9b7653
  4.6049685835989163,-12.1570664366066126,#9b7653
  4.6582808772494060,-12.1367384114782872,#9b7653
  4.7115034389243409,-12.1161765976319487,#9b7653
  4.7646352434031147,-12.0953813911476544,#9b7653
  4.8176752672133434,-12.0743531926012864,#9b7653
  4.8706224886506044,-12.0530924070568286,#9b7653
  4.9234758877981424,-12.0315994440585623,#9b7653
  4.9762344465464867,-12.0098747176231679,#9b7653
  5.0288971486130363,-11.9879186462317833,#9b7653
  5.0814629795617003,-11.9657316528219013,#9b7653
  5.1339309268224076,-11.9433141647792400,#9b7653
  5.1862999797105847,-11.9206666139295248,#9b7653
  5.2385691294466525,-11.8977894365301555,#9b7653
  5.2907373691754787,-11.8746830732617923,#9b7653
  5.3428036939857479,-11.8513479692198835,#9b7653
  5.3947671009292986,-11.8277845739060901,#9b7653
  5.4466265890404681,-11.8039933412196305,#9b7653
  5.4983811593553913,-11.7799747294485169,#9b7653
  5.5500298149312215,-11.7557292012607402,#9b7653
  5.6015715608653105,-11.7312572236953763,#9b7653
  5.6530054043144249,-11.7065592681535549,#9b7653
  5.7043303545138473,-11.6816358103893947,#9b7653
  5.7555454227964420,-11.6564873305008554,#9b7653
  5.8066496226117108,-11.6311143129204630,#9b7653
  5.8576419695448303,-11.6055172464059932,#9b7653
  5.9085214813355833,-11.5796966240310439,#9b7653
  5.9592871778972647,-11.5536529431755586,#9b7653
  6.0099380813355703,-11.5273867055162391,#9b7653
  6.0604732159675061,-11.5008984170168418,#9b7653
  6.1108916083400553,-11.4741885879184977,#9b7653
  6.1611922872490110,-11.4472577327298488,#9b7653
  6.2113742837576833,-11.4201063702171233,#9b7653
  6.2614366312155516,-11.3927350233941649,#9b7653
  6.3113783652768634,-11.3651442195123575,#9b7653
  6.3611985239192261,-11.3373344900504662,#9b7653
  6.4108961474621644,-11.3093063707043839,#9b7653
  6.4604702785855830,-11.2810604013768288,#9b7653
  6.5099199623481763,-11.2525971261669504,#9b7653
  6.5592442462058891,-11.2239170933598285,#9b7653
  6.6084421800302273,-11.1950208554159172,#9b7653
  6.6575128161265473,-11.1659089689604212,#9b7653
  6.7064552092523257,-11.1365819947725591,#9b7653
  6.7552684166353920,-11.1070404977747508,#9b7653
  6.8039514979920659,-11.0772850470217428,#9b7653
  6.8525035155452523,-11.0473162156896709,#9b7653
  6.9009235340425130,-11.0171345810649974,#9b7653
  6.9492106207741537,-10.9867407245333535,#9b7653
  6.9973638455910736,-10.9561352315684246,#9b7653
  7.0453822809227464,-10.9253186917206122,#9b7653
  7.0932650017951024,-10.8942916986056844,#9b7653
  7.1410110858483256,-10.8630548498933432,#9b7653
  7.1886196133546028,-10.8316087472957374,#9b7653
  7.2360896672358539,-10.7999539965558427,#9b7653
  7.2834203330814251,-10.7680912074357948,#9b7653
  7.3306106991656783,-10.7360209937051483,#9b7653
  7.3776598564655256,-10.7037439731290789,#9b7653
  7.4245668986779982,-10.6712607674564381,#9b7653
  7.4713309222376756,-10.6385720024078001,#9b7653
  7.5179510263340728,-10.6056783076634229,#9b7653
  7.5644263129290055,-10.5725803168510986,#9b7653
  7.6107558867739193,-10.5392786675339476,#9b7653
  7.6569388554271018,-10.5057740011981355,#9b7653
  7.7029743292708712,-10.4720669632405414,#9b7653
  7.7488614215287068,-10.4381582029563091,#9b7653
  7.7945992482824042,-10.4040483735263063,#9b7653
  7.8401869284889871,-10.3697381320046080,#9b7653
  7.8856235839977513,-10.3352281393058014,#9b7653
  7.9309083395671802,-10.3005190601922472,#9b7653
  7.9760403228817864,-10.2656115632612845,#9b7653
  8.0210186645689081,-10.2305063209323723,#9b7653
  8.0658424982154582,-10.1952040094341125,#9b7653
  8.1105109603846461,-10.1597053087912208,#9b7653
  8.1550231906325816,-10.1240109028114329,#9b7653
  8.1993783315248283,-10.0881214790723597,#9b7653
  8.2435755286529737,-10.0520377289081964,#9b7653
  8.2876139306510535,-10.0157603473964265,#9b7653
  8.3314926892119487, -9.9792900333444496,#9b7653
  8.3752109591037271, -9.9426274892761040,#9b7653
  8.4187678981859548, -9.9057734214181199,#9b7653
  8.4621626674258952, -9.8687285396865310,#9b7653
  8.5053944309146559, -9.8314935576730118,#9b7653
  8.5484623558832968, -9.7940691926311310,#9b7653
  8.5913656127189331, -9.7564561654624686,#9b7653
  8.6341033749806169, -9.7186552007028375,#9b7653
  8.6766748194153109, -9.6806670265082602,#9b7653
  8.7190791259737583, -9.6424923746409394,#9b7653
  8.7613154778262619, -9.6041319804551826,#9b7653
  8.8033830613783994, -9.5655865828832418,#9b7653
  8.8452810662867165, -9.5268569244210717,#9b7653
  8.8870086854743544, -9.4879437511140114,#9b7653
  8.9285651151465686, -9.4488478125424233,#9b7653
  8.9699495548062025, -9.4095698618072863,#9b7653
  9.0111612072691489, -9.3701106555156333,#9b7653
  9.0521992786796783, -9.3304709537660067,#9b7653
  9.0930629785257207, -9.2906515201338244,#9b7653
  9.1337515196541084, -9.2506531216566685,#9b7653
  9.1742641182857518, -9.2104765288194823,#9b7653
  9.2145999940307242, -9.1701225155397434,#9b7653
  9.2547583699032785, -9.1295918591525886,#9b7653
  9.2947384723368280, -9.0888853403957999,#9b7653
  9.3345395311988604, -9.0480037433947675,#9b7653
  9.3741607798057700, -9.0069478556474003,#9b7653
  9.4136014549375862, -8.9657184680089621,#9b7653
  9.4528607968527290, -8.9243163746768186,#9b7653
  9.4919380493026271, -8.8827423731751338,#9b7653
  9.5308324595462608, -8.8409972643395474,#9b7653
  9.5695432783646819, -8.7990818523017147,#9b7653
  9.6080697600754519, -8.7569969444738103,#9b7653
  9.6464111625470146, -8.7147433515329844,#9b7653
  9.6845667472129389, -8.6723218874057846,#9b7653
  9.7225357790862077, -8.6297333692524081,#9b7653
  9.7603175267733580, -8.5869786174510061,#9b7653
  9.7979112624885421, -8.5440584555818777,#9b7653
  9.8353162620675647, -8.5009737104116088,#9b7653
  9.8725318049818558, -8.4577252118771113,#9b7653
  9.9095571743523223, -8.4143137930696650,#9b7653
  9.9463916569631579, -8.3707402902188814,#9b7653
  9.9830345432755809, -8.3270055426765826,#9b7653
 10.0194851274415253, -8.2831103929006087,#9b7653
 10.0557427073172239, -8.2390556864386149,#9b7653
 10.0918065844767053, -8.1948422719118028,#9b7653
 10.1276760642252981, -8.1504710009985306,#9b7653
 10.1633504556129850, -8.1059427284179186,#9b7653
 10.1988290714477028, -8.0612583119134182,#9b7653
 10.2341112283085920, -8.0164186122362633,#9b7653
 10.2691962465591757, -7.9714244931288745,#9b7653
 10.3040834503604373, -7.9262768213082326,#9b7653
 10.3387721676838176, -7.8809764664492210,#9b7653
 10.3732617303242041, -7.8355243011678102,#9b7653
 10.4075514739127772, -7.7899212010042804,#9b7653
 10.4416407379298004, -7.7441680444063712,#9b7653
 10.4755288657173526, -7.6982657127123453,#9b7653
 10.5092152044919906, -7.6522150901339909,#9b7653
 10.5426991053573165, -7.6060170637396052,#9b7653
 10.5759799233164511, -7.5596725234369337,#9b7653
 10.6090570172844902, -7.5131823619559999,#9b7653
 10.6419297501008465, -7.4665474748318932,#9b7653
 10.6745974885415293, -7.4197687603875400,#9b7653
 10.7070596033313077, -7.3728471197164271,#9b7653
 10.7393154691558781, -7.3257834566651834,#9b7653
 10.7713644646738889, -7.2785786778161965,#9b7653
 10.8032059725288985, -7.2312336924701812,#9b7653
 10.8348393793612772, -7.1837494126286270,#9b7653
 10.8662640758200340, -7.1361267529762218,#9b7653
 10.8974794565745494, -7.0883666308632529,#9b7653
 10.9284849203262056, -7.0404699662879553,#9b7653
 10.9592798698200156, -6.9924376818787426,#9b7653
 10.9898637118561062, -6.9442707028764588,#9b7653
 11.0202358573011345, -6.8959699571165718,#9b7653
 11.0503957210996422, -6.8475363750112876,#9b7653
 11.0803427222853461, -6.7989708895316046,#9b7653
 11.1100762839923117, -6.7502744361893621,#9b7653
 11.1395958334660534, -6.7014479530192395,#9b7653
 11.1689008020745835, -6.6524923805606644,#9b7653
 11.1979906253193775, -6.6034086618396817,#9b7653
 11.2268647428462245, -6.5541977423508033,#9b7653
 11.2555225984560199, -6.5048605700388240,#9b7653
 11.2839636401155072, -6.4553980952805068,#9b7653
 11.3121873199678884, -6.4058112708663000,#9b7653
 11.3401930943433769, -6.3561010519820069,#9b7653
 11.3679804237696764, -6.3062683961903661,#9b7653
 11.3955487729823801, -6.2563142634125857,#9b7653
 11.4228976109352800, -6.2062396159098698,#9b7653
 11.4500264108105725, -6.1560454182649087,#9b7653
 11.4769346500290226, -6.1057326373632828,#9b7653
 11.5036218102600678, -6.0553022423747667,#9b7653
 11.5300873774317285, -6.0047552047347876,#9b7653
 11.5563308417405572, -5.9540924981256369,#9b7653
 11.5823516976614620, -5.9033150984576999,#9b7653
 11.6081494439574300, -5.8524239838506888,#9b7653
 11.6337235836891821, -5.8014201346148129,#9b7653
 11.6590736242247370, -5.7503045332318745,#9b7653
 11.6841990772489357, -5.6990781643363277,#9b7653
 11.7090994587728154, -5.6477420146963295,#9b7653
 11.7337742891429340, -5.5962970731947612,#9b7653
 11.7582230930506242, -5.5447443308101221,#9b7653
 11.7824453995411549, -5.4930847805974645,#9b7653
 11.8064407420227653, -5.4413194176692947,#9b7653
 11.8302086582756960, -5.3894492391763729,#9b7653
 11.8537486904610692, -5.3374752442884921,#9b7653
 11.8770603851297221, -5.2853984341752520,#9b7653
 11.9001432932309257, -5.2332198119867872,#9b7653
 11.9229969701210319, -5.1809403828344420,#9b7653
 11.9456209755720817, -5.1285611537713294,#9b7653
 11.9680148737802217, -5.0760831337730625,#9b7653
 11.9901782333741416, -5.0235073337182419,#9b7653
 12.0121106274233718, -4.9708347663689745,#9b7653
 12.0338116334465131, -4.9180664463513857,#9b7653
 12.0552808334193635, -4.8652033901360952,#9b7653
 12.0765178137829690, -4.8122466160186175,#9b7653
 12.0975221654516130, -4.7591971440997218,#9b7653
 12.1182934838206755, -4.7060559962658051,#9b7653
 12.1388313687744276, -4.6528241961692443,#9b7653
 12.1591354246937478, -4.5995027692086037,#9b7653
 12.1792052604637426, -4.5460927425089235,#9b7653
 12.1990404894812698, -4.4925951449019532,#9b7653
 12.2186407296623898, -4.4390110069063082,#9b7653
 12.2380056034497358, -4.3853413607076064,#9b7653
 12.2571347378197864, -4.3315872401385960,#9b7653
 12.2760277642900242, -4.2777496806592694,#9b7653
 12.2946843189260573, -4.2238297193369068,#9b7653
 12.3131040423486500, -4.1698283948260180,#9b7653
 12.3312865797405937, -4.1157467473484708,#9b7653
 12.3492315808535764, -4.0615858186733744,#9b7653
 12.3669387000149289, -4.0073466520970022,#9b7653
 12.3844075961342757, -3.9530302924227150,#9b7653
 12.4016379327101038, -3.8986377859408585,#9b7653
 12.4186293778362433, -3.8441701804085864,#9b7653
 12.4353816042082741, -3.7896285250296553,#9b7653
 12.4518942891298217, -3.7350138704342370,#9b7653
 12.4681671145187618, -3.6803272686587127,#9b7653
 12.4841997669133704, -3.6255697731253389,#9b7653
 12.4999919374783541, -3.5707424386219948,#9b7653
 12.5155433220107817, -3.5158463212818800,#9b7653
 12.5308536209459636, -3.4608824785631511,#9b7653
 12.5459225393632217, -3.4058519692285305,#9b7653
 12.5607497869915683, -3.3507558533249311,#9b7653
 12.5753350782152804, -3.2955951921630615,#9b7653
 12.5896781320794222, -3.2403710482969692,#9b7653
 12.6037786722952614, -3.1850844855034968,#9b7653
 12.6176364272455697, -3.1297365687619214,#9b7653
 12.6312511299898631, -3.0743283642333652,#9b7653
 12.6446225182695553, -3.0188609392402443,#9b7653
 12.6577503345129987, -2.9633353622457324,#9b7653
 12.6706343258404477, -2.9077527028332018,#9b7653
 12.6832742440689241, -2.8521140316855975,#9b7653
 12.6956698457170116, -2.7964204205647909,#9b7653
 12.7078208920095435, -2.7406729422909542,#9b7653
 12.7197271488821837, -2.6848726707219330,#9b7653
 12.7313883869859570, -2.6290206807324896,#9b7653
 12.7428043816916610, -2.5731180481936327,#9b7653
 12.7539749130941864, -2.5171658499519167,#9b7653
 12.7648997660167556, -2.4611651638086731,#9b7653
 12.7755787300150772, -2.4051170684992309,#9b7653
 12.7860115993813928, -2.3490226436721544,#9b7653
 12.7961981731484276, -2.2928829698684723,#9b7653
 12.8061382550932805, -2.2366991285008386,#9b7653
 12.8158316537412027, -2.1804722018326821,#9b7653
 12.8252781823692672, -2.1242032729573763,#9b7653
 12.8344776590099894, -2.0678934257774149,#9b7653
 12.8434299064548139, -2.0115437449834612,#9b7653
 12.8521347522575411, -1.9551553160334909,#9b7653
 12.8605920287376350, -1.8987292251319023,#9b7653
 12.8688015729834682, -1.8422665592085732,#9b7653
 12.8767632268554539, -1.7857684058978984,#9b7653
 12.8844768369890872, -1.7292358535178631,#9b7653
 12.8919422547979075, -1.6726699910491130,#9b7653
 12.8991593364763535, -1.6160719081139072,#9b7653
 12.9061279430025397, -1.5594426949551647,#9b7653
 12.9128479401409315, -1.5027834424154856,#9b7653
 12.9193191984449225, -1.4460952419161155,#9b7653
 12.9255415932593518, -1.3893791854358981,#9b7653
 12.9315150047228773, -1.3326363654902651,#9b7653
 12.9372393177703007, -1.2758678751102119,#9b7653
 12.9427144221347810, -1.2190748078212210,#9b7653
 12.9479402123499572, -1.1622582576221747,#9b7653
 12.9529165877519823, -1.1054193189643036,#9b7653
 12.9576434524814594, -1.0485590867301400,#9b7653
 12.9621207154852893, -0.9916786562123570,#9b7653
 12.9663482905184235, -0.9347791230927053,#9b7653
 12.9703260961455289, -0.8778615834209303,#9b7653
 12.9740540557425508, -0.8209271335936356,#9b7653
 12.9775320974981980, -0.7639768703331398,#9b7653
 12.9807601544153162, -0.7070118906663746,#9b7653
 12.9837381643121841, -0.6500332919037870,#9b7653
 12.9864660698237095, -0.5930421716181321,#9b7653
 12.9889438184025341, -0.5360396276233661,#9b7653
 12.9911713623200491, -0.4790267579535217,#9b7653
 12.9931486586673071, -0.4220046608415344,#9b7653
 12.9948756693558565, -0.3649744346980636,#9b7653
 12.9963523611184755, -0.3079371780903573,#9b7653
 12.9975787055098007, -0.2508939897211140,#9b7653
 12.9985546789068920, -0.1938459684072948,#9b7653
 12.9992802625096733, -0.1367942130589345,#9b7653
 12.9997554423413071, -0.0797398226579958,#9b7653
 12.9999802092484558, -0.0226838962372352,#9b7653
 12.9999545589014502,  0.0343724671410374,#9b7653
 12.9996784917944002,  0.0914281684060952,#9b7653
 12.9991520132451495,  0.1484821084999423,#9b7653
 12.9983751333952018,  0.2055331883985081,#9b7653
 12.9973478672095144,  0.2625803091328408,#9b7653
 12.9960702344762051,  0.3196223718102536,#9b7653
 12.9945422598061793,  0.3766582776354693,#9b7653
 12.9927639726326536,  0.4336869279317980,#9b7653
 12.9907354072105896,  0.4907072241623816,#9b7653
 12.9884566026160240,  0.5477180679512162,#9b7653
 12.9859276027453348,  0.6047183611043909,#9b7653
 12.9831484563143817,  0.6617070056312536,#9b7653
 12.9801192168575685,  0.7186829037655383,#9b7653
 12.9768399427268175,  0.7756449579864888,#9b7653
 12.9733106970904419,  0.8325920710400222,#9b7653
 12.9695315479319309,  0.8895231459598893,#9b7653
 12.9655025680486364,  0.9464370860887815,#9b7653
 12.9612238350503759,  1.0033327950994213,#9b7653
 12.9566954313579341,  1.0602091770157500,#9b7653
 12.9519174442014755,  1.1170651362340045,#9b7653
 12.9468899656188654,  1.1738995775437993,#9b7653
 12.9416130924538972,  1.2307114061492459,#9b7653
 12.9360869263544238,  1.2874995276900647,#9b7653
 12.9303115737704033,  1.3442628482626433,#9b7653
 12.9242871459518422,  1.4010002744410845,#9b7653
 12.9180137589466675,  1.4577107132982809,#9b7653
 12.9114915335984701,  1.5143930724270473,#9b7653
 12.9047205955441928,  1.5710462599610266,#9b7653
 12.8977010752117067,  1.6276691845958036,#9b7653
 12.8904331078172945,  1.6842607556099358,#9b7653
 12.8829168333630477,  1.7408198828859425,#9b7653
 12.8751523966341725,  1.7973454769312809,#9b7653
 12.8671399471962005,  1.8538364488993551,#9b7653
 12.8588796393921019,  1.9102917106105131,#9b7653
 12.8503716323393178,  1.9667101745729862,#9b7653
 12.8416160899267009,  2.0230907540038032,#9b7653
 12.8326131808113395,  2.0794323628497917,#9b7653
 12.8233630784153281,  2.1357339158084661,#9b7653
 12.8138659609224170,  2.1919943283489101,#9b7653
 12.8041220112745897,  2.2482125167326923,#9b7653
 12.7941314171685221,  2.3043873980347609,#9b7653
 12.7838943710519750,  2.3605178901642874,#9b7653
 12.7734110701200958,  2.4166029118854815,#9b7653
 12.7626817163116169,  2.4726413828384342,#9b7653
 12.7517065163049441,  2.5286322235600083,#9b7653
 12.7404856815142065,  2.5845743555044924,#9b7653
 12.7290194280851718,  2.6404667010644611,#9b7653
 12.7173079768910711,  2.6963081835915395,#9b7653
 12.7053515535283594,  2.7520977274171230,#9b7653
 12.6931503883123664,  2.8078342578730737,#9b7653
 12.6807047162728566,  2.8635167013124452,#9b7653
 12.6680147771495069,  2.9191439851301855,#9b7653
 12.6550808153872758,  2.9747150377837772,#9b7653
 12.6419030801317174,  3.0302287888138433,#9b7653
 12.6284818252241600,  3.0856841688648373,#9b7653
 12.6148173091968250,  3.1410801097056051,#9b7653
 12.6009097952678548,  3.1964155442499416,#9b7653
 12.5867595513362325,  3.2516894065771584,#9b7653
 12.5723668499766141,  3.3069006319526921,#9b7653
 12.5577319684340978,  3.3620481568484810,#9b7653
 12.5428551886188728,  3.4171309189635415,#9b7653
 12.5277367971007916,  3.4721478572443880,#9b7653
 12.5123770851038323,  3.5270979119055577,#9b7653
 12.4967763485005179,  3.5819800244498943,#9b7653
 12.4809348878062032,  3.6367931376890228,#9b7653
 12.4648530081732876,  3.6915361957636765,#9b7653
 12.4485310193853174,  3.7462081441641177,#9b7653
 12.4319692358510565,  3.8008079297503210,#9b7653
 12.4151679765984078,  3.8553345007723263,#9b7653
 12.3981275652682523,  3.9097868068905632,#9b7653
 12.3808483301082521,  3.9641637991959540,#9b7653
 12.3633306039664994,  4.0184644302302033,#9b7653
 12.3455747242851199,  4.0726876540059331,#9b7653
 12.3275810330937485,  4.1268324260269207,#9b7653
 12.3093498770029779,  4.1808977033080827,#9b7653
 12.2908816071976563,  4.2348824443956383,#9b7653
 12.2721765794301145,  4.2887856093872285,#9b7653
 12.2532351540133462,  4.3426061599518242,#9b7653
 12.2340576958140410,  4.3963430593498076,#9b7653
 12.2146445742455718,  4.4499952724529059,#9b7653
 12.1949961632608446,  4.5035617657642133,#9b7653
 12.1751128413451468,  4.5570415074379707,#9b7653
 12.1549949915088185,  4.6104334672995275,#9b7653
 12.1346430012799011,  4.6637366168651440,#9b7653
 12.1140572626966261,  4.7169499293618884,#9b7653
 12.0932381722999267,  4.7700723797472877,#9b7653
 12.0721861311257612,  4.8231029447291327,#9b7653
 12.0509015446973731,  4.8760406027852614,#9b7653
 12.0293848230175264,  4.9288843341831026,#9b7653
 12.0076363805605695,  4.9816331209994029,#9b7653
 11.9856566362644781,  5.0342859471398000,#9b7653
 11.9634460135227396,  5.0868417983584733,#9b7653
 11.9410049401762581,  5.1392996622775557,#9b7653
 11.9183338485050836,  5.1916585284066992,#9b7653
 11.8954331752200542,  5.2439173881626058,#9b7653
 11.8723033614544473,  5.2960752348883240,#9b7653
 11.8489448527554373,  5.3481310638727262,#9b7653
 11.8253580990755331,  5.4000838723698239,#9b7653
 11.8015435547638781,  5.4519326596181603,#9b7653
 11.7775016785575488,  5.5036764268599701,#9b7653
 11.7532329335726811,  5.5553141773604962,#9b7653
 11.7287377872955716,  5.6068449164271499,#9b7653
 11.7040167115736349,  5.6582676514287558,#9b7653
 11.6790701826063650,  5.7095813918145453,#9b7653
 11.6538986809361429,  5.7607851491333060,#9b7653
 11.6285026914389409,  5.8118779370524738,#9b7653
 11.6028827033150481,  5.8628587713770202,#9b7653
 11.5770392100796116,  5.9137266700684830,#9b7653
 11.5509727095531325,  5.9644806532638501,#9b7653
 11.5246837038518564,  6.0151197432945116,#9b7653
 11.4981726993781539,  6.0656429647049714,#9b7653
 11.4714402068107155,  6.1160493442717181,#9b7653
 11.4444867410947548,  6.1663379110219356,#9b7653
 11.4173128214320272,  6.2165076962522789,#9b7653
 11.3899189712709106,  6.2665577335474225,#9b7653
 11.3623057182962715,  6.3164870587987325,#9b7653
 11.3344735944192827,  6.3662947102228973,#9b7653
 11.3064231357672362,  6.4159797283803339,#9b7653
 11.2781548826731708,  6.4655411561937566,#9b7653
 11.2496693796654945,  6.5149780389665626,#9b7653
 11.2209671754574334,  6.5642894244013057,#9b7653
 11.1920488229365489,  6.6134743626179286,#9b7653
 11.1629148791540409,  6.6625319061721076,#9b7653
 11.1335659053139864,  6.7114611100735697,#9b7653
 11.1040024667626014,  6.7602610318041787,#9b7653
 11.0742251329772952,  6.8089307313361633,#9b7653
 11.0442344775557384,  6.8574692711501912,#9b7653
 11.0140310782047539,  6.9058757162535036,#9b7653
 10.9836155167292624,  6.9541491341978112,#9b7653
 10.9529883790210345,  7.0022885950973297,#9b7653
 10.9221502550474217,  7.0502931716466604,#9b7653
 10.8911017388399429,  7.0981619391387216,#9b7653
 10.8598434284829182,  7.1458939754824504,#9b7653
 10.8283759261019128,  7.1934883612206226,#9b7653
 10.7966998378520955,  7.2409441795476184,#9b7653
 10.7648157739066423,  7.2882605163269742,#9b7653
 10.7327243484449308,  7.3354364601090598,#9b7653
 10.7004261796407327,  7.3824711021486040,#9b7653
 10.6679218896502590,  7.4293635364222714,#9b7653
 10.6352121046002477,  7.4761128596460056,#9b7653
 10.6022974545758668,  7.5227181712924809,#9b7653
 10.5691785736085340,  7.5691785736085180,#9b7653
