x,y,fill
35.0000000000000,-3.00000000000000000,#ffffff
35.0000000000000,-3.00000000000000000,#ffffff
35.0094341966232,-2.99998516595233777,#ffffff
35.0188682999482,-2.99994066395604975,#ffffff
35.0283022166777,-2.99986649445123277,#ffffff
35.0377358535162,-2.99976265817137655,#ffffff
35.0471691171711,-2.99962915614335479,#ffffff
35.0566019143534,-2.99946598968741940,#ffffff
35.0660341517787,-2.99927316041718184,#ffffff
35.0754657361681,-2.99905067023960115,#ffffff
35.0848965742494,-2.99879852135496527,#ffffff
35.0943265727574,-2.99851671625686445,#ffffff
35.1037556384355,-2.99820525773217383,#ffffff
35.1131836780362,-2.99786414886102026,#ffffff
35.1226105983221,-2.99749339301675288,#ffffff
35.1320363060671,-2.99709299386591299,#ffffff
35.1414607080569,-2.99666295536819360,#ffffff
35.1508837110901,-2.99620328177640172,#ffffff
35.1603052219792,-2.99571397763641789,#ffffff
35.1697251475514,-2.99519504778714918,#ffffff
35.1791433946496,-2.99464649736048250,#ffffff
35.1885598701334,-2.99406833178123311,#ffffff
35.1979744808799,-2.99346055676709222,#ffffff
35.2073871337844,-2.99282317832856792,#ffffff
35.2167977357618,-2.99215620276892880,#ffffff
35.2262061937472,-2.99145963668413906,#ffffff
35.2356124146970,-2.99073348696279595,#ffffff
35.2450163055896,-2.98997776078605870,#ffffff
35.2544177734265,-2.98919246562757968,#ffffff
35.2638167252332,-2.98837760925342888,#ffffff
35.2732130680599,-2.98753319972201892,#ffffff
35.2826067089829,-2.98665924538402372,#ffffff
35.2919975551049,-2.98575575488229727,#ffffff
35.3013855135565,-2.98482273715178614,#ffffff
35.3107704914967,-2.98386020141944464,#ffffff
35.3201523961141,-2.98286815720413889,#ffffff
35.3295311346275,-2.98184661431655673,#ffffff
35.3389066142872,-2.98079558285910862,#ffffff
35.3482787423757,-2.97971507322582907,#ffffff
35.3576474262085,-2.97860509610227098,#ffffff
35.3670125731354,-2.97746566246540523,#ffffff
35.3763740905409,-2.97629678358350525,#ffffff
35.3857318858456,-2.97509847101604219,#ffffff
35.3950858665069,-2.97387073661356638,#ffffff
35.4044359400198,-2.97261359251759139,#ffffff
35.4137820139180,-2.97132705116047369,#ffffff
35.4231239957748,-2.97001112526529143,#ffffff
35.4324617932039,-2.96866582784571609,#ffffff
35.4417953138604,-2.96729117220588412,#ffffff
35.4511244654418,-2.96588717194026774,#ffffff
35.4604491556887,-2.96445384093353859,#ffffff
35.4697692923857,-2.96299119336042960,#ffffff
35.4790847833627,-2.96149924368559692,#ffffff
35.4883955364953,-2.95997800666347599,#ffffff
35.4977014597061,-2.95842749733813459,#ffffff
35.5070024609655,-2.95684773104312537,#ffffff
35.5162984482925,-2.95523872340133442,#ffffff
35.5255893297556,-2.95360049032482586,#ffffff
35.5348750134739,-2.95193304801468459,#ffffff
35.5441554076180,-2.95023641296085604,#ffffff
35.5534304204105,-2.94851060194198444,#ffffff
35.5626999601275,-2.94675563202524415,#ffffff
35.5719639350992,-2.94497152056617439,#ffffff
35.5812222537107,-2.94315828520850431,#ffffff
35.5904748244031,-2.94131594388398021,#ffffff
35.5997215556744,-2.93944451481218838,#ffffff
35.6089623560803,-2.93754401650037433,#ffffff
35.6181971342351,-2.93561446774325896,#ffffff
35.6274257988127,-2.93365588762285512,#ffffff
35.6366482585475,-2.93166829550827668,#ffffff
35.6458644222353,-2.92965171105554800,#ffffff
35.6550741987339,-2.92760615420740855,#ffffff
35.6642774969647,-2.92553164519311659,#ffffff
35.6734742259127,-2.92342820452824981,#ffffff
35.6826642946282,-2.92129585301450057,#ffffff
35.6918476122273,-2.91913461173947120,#ffffff
35.7010240878928,-2.91694450207646705,#ffffff
35.7101936308750,-2.91472554568428066,#ffffff
35.7193561504932,-2.91247776450698304,#ffffff
35.7285115561358,-2.91020118077370249,#ffffff
35.7376597572616,-2.90789581699840660,#ffffff
35.7468006634007,-2.90556169597967973,#ffffff
35.7559341841554,-2.90319884080049651,#ffffff
35.7650602292009,-2.90080727482799494,#ffffff
35.7741787082865,-2.89838702171324369,#ffffff
35.7832895312363,-2.89593810539100982,#ffffff
35.7923926079498,-2.89346055007952119,#ffffff
35.8014878484036,-2.89095438028022578,#ffffff
35.8105751626513,-2.88841962077755277,#ffffff
35.8196544608254,-2.88585629663866428,#ffffff
35.8287256531372,-2.88326443321320802,#ffffff
35.8377886498785,-2.88064405613306862,#ffffff
35.8468433614219,-2.87799519131211046,#ffffff
35.8558896982221,-2.87531786494592589,#ffffff
35.8649275708167,-2.87261210351157281,#ffffff
35.8739568898266,-2.86987793376731304,#ffffff
35.8829775659578,-2.86711538275235078,#ffffff
35.8919895100015,-2.86432447778656041,#ffffff
35.9009926328352,-2.86150524647022131,#ffffff
35.9099868454239,-2.85865771668374036,#ffffff
35.9189720588204,-2.85578191658737968,#ffffff
35.9279481841666,-2.85287787462097597,#ffffff
35.9369151326945,-2.84994561950366121,#ffffff
35.9458728157265,-2.84698518023357616,#ffffff
35.9548211446769,-2.84399658608758621,#ffffff
35.9637600310524,-2.84097986662099000,#ffffff
35.9726893864531,-2.83793505166722726,#ffffff
35.9816091225733,-2.83486217133758522,#ffffff
35.9905191512025,-2.83176125602089890,#ffffff
35.9994193842262,-2.82863233638325262,#ffffff
36.0083097336266,-2.82547544336767453,#ffffff
36.0171901114840,-2.82229060819383326,#ffffff
36.0260604299770,-2.81907786235772484,#ffffff
36.0349206013838,-2.81583723763136762,#ffffff
36.0437705380829,-2.81256876606248252,#ffffff
36.0526101525540,-2.80927247997417684,#ffffff
36.0614393573790,-2.80594841196462852,#ffffff
36.0702580652427,-2.80259659490675928,#ffffff
36.0790661889336,-2.79921706194791220,#ffffff
36.0878636413450,-2.79580984650952180,#ffffff
36.0966503354757,-2.79237498228678627,#ffffff
36.1054261844307,-2.78891250324833129,#ffffff
36.1141911014227,-2.78542244363587699,#ffffff
36.1229449997721,-2.78190483796389687,#ffffff
36.1316877929083,-2.77835972101927808,#ffffff
36.1404193943708,-2.77478712786097503,#ffffff
36.1491397178095,-2.77118709381966744,#ffffff
36.1578486769860,-2.76755965449740593,#ffffff
36.1665461857742,-2.76390484576726214,#ffffff
36.1752321581612,-2.76022270377297385,#ffffff
36.1839065082483,-2.75651326492858795,#ffffff
36.1925691502517,-2.75277656591809983,#ffffff
36.2012199985034,-2.74901264369508924,#ffffff
36.2098589674519,-2.74522153548235792,#ffffff
36.2184859716634,-2.74140327877155965,#ffffff
36.2271009258222,-2.73755791132282855,#ffffff
36.2357037447320,-2.73368547116440697,#ffffff
36.2442943433162,-2.72978599659227061,#ffffff
36.2528726366194,-2.72585952616974581,#ffffff
36.2614385398076,-2.72190609872713285,#ffffff
36.2699919681696,-2.71792575336131970,#ffffff
36.2785328371173,-2.71391852943539424,#ffffff
36.2870610621870,-2.70988446657825710,#ffffff
36.2955765590399,-2.70582360468422856,#ffffff
36.3040792434632,-2.70173598391265513,#ffffff
36.3125690313707,-2.69762164468751031,#ffffff
36.3210458388039,-2.69348062769699759,#ffffff
36.3295095819324,-2.68931297389314494,#ffffff
36.3379601770552,-2.68511872449140387,#ffffff
36.3463975406014,-2.68089792097023638,#ffffff
36.3548215891307,-2.67665060507071129,#ffffff
36.3632322393346,-2.67237681879608502,#ffffff
36.3716294080372,-2.66807660441139083,#ffffff
36.3800130121958,-2.66375000444301913,#ffffff
36.3883829689019,-2.65939706167829604,#ffffff
36.3967391953819,-2.65501781916506197,#ffffff
36.4050816089980,-2.65061232021124571,#ffffff
36.4134101272491,-2.64618060838443458,#ffffff
36.4217246677713,-2.64172272751144410,#ffffff
36.4300251483393,-2.63723872167788675,#ffffff
36.4383114868664,-2.63272863522773282,#ffffff
36.4465836014061,-2.62819251276287469,#ffffff
36.4548414101525,-2.62363039914268281,#ffffff
36.4630848314409,-2.61904233948356469,#ffffff
36.4713137837493,-2.61442837915851722,#ffffff
36.4795281856984,-2.60978856379667912,#ffffff
36.4877279560532,-2.60512293928287786,#ffffff
36.4959130137230,-2.60043155175717855,#ffffff
36.5040832777628,-2.59571444761442471,#ffffff
36.5122386673740,-2.59097167350378177,#ffffff
36.5203791019048,-2.58620327632827429,#ffffff
36.5285045008516,-2.58140930324432283,#ffffff
36.5366147838593,-2.57658980166127805,#ffffff
36.5447098707224,-2.57174481924095000,#ffffff
36.5527896813856,-2.56687440389714006,#ffffff
36.5608541359447,-2.56197860379516218,#ffffff
36.5689031546474,-2.55705746735137218,#ffffff
36.5769366578940,-2.55211104323268412,#ffffff
36.5849545662382,-2.54713938035609333,#ffffff
36.5929568003880,-2.54214252788818840,#ffffff
36.6009432812064,-2.53712053524466796,#ffffff
36.6089139297121,-2.53207345208985091,#ffffff
36.6168686670807,-2.52700132833618518,#ffffff
36.6248074146446,-2.52190421414375443,#ffffff
36.6327300938947,-2.51678215991978194,#ffffff
36.6406366264809,-2.51163521631813236,#ffffff
36.6485269342124,-2.50646343423880902,#ffffff
36.6564009390592,-2.50126686482745475,#ffffff
36.6642585631524,-2.49604555947484075,#ffffff
36.6720997287849,-2.49079956981636252,#ffffff
36.6799243584128,-2.48552894773152611,#ffffff
36.6877323746553,-2.48023374534343910,#ffffff
36.6955237002962,-2.47491401501829067,#ffffff
36.7032982582841,-2.46956980936483550,#ffffff
36.7110559717337,-2.46420118123387599,#ffffff
36.7187967639261,-2.45880818371773469,#ffffff
36.7265205583097,-2.45339087014973334,#ffffff
36.7342272785011,-2.44794929410366358,#ffffff
36.7419168482858,-2.44248350939325842,#ffffff
36.7495891916188,-2.43699357007165762,#ffffff
36.7572442326255,-2.43147953043087650,#ffffff
36.7648818956024,-2.42594144500126507,#ffffff
36.7725021050179,-2.42037936855097247,#ffffff
36.7801047855129,-2.41479335608540424,#ffffff
36.7876898619017,-2.40918346284667662,#ffffff
36.7952572591728,-2.40354974431307244,#ffffff
36.8028069024894,-2.39789225619849056,#ffffff
36.8103387171903,-2.39221105445189686,#ffffff
36.8178526287906,-2.38650619525676966,#ffffff
36.8253485629827,-2.38077773503054502,#ffffff
36.8328264456363,-2.37502573042405585,#ffffff
36.8402862028000,-2.36925023832097770,#ffffff
36.8477277607015,-2.36345131583726031,#ffffff
36.8551510457486,-2.35762902032056454,#ffffff
36.8625559845297,-2.35178340934969743,#ffffff
36.8699425038146,-2.34591454073403938,#ffffff
36.8773105305554,-2.34002247251297479,#ffffff
36.8846599918869,-2.33410726295531834,#ffffff
36.8919908151277,-2.32816897055873717,#ffffff
36.8993029277805,-2.32220765404917184,#ffffff
36.9065962575332,-2.31622337238025855,#ffffff
36.9138707322593,-2.31021618473274382,#ffffff
36.9211262800191,-2.30418615051389875,#ffffff
36.9283628290596,-2.29813332935693415,#ffffff
36.9355803078161,-2.29205778112040814,#ffffff
36.9427786449122,-2.28595956588763505,#ffffff
36.9499577691609,-2.27983874396609254,#ffffff
36.9571176095654,-2.27369537588682302,#ffffff
36.9642580953192,-2.26752952240383632,#ffffff
36.9713791558076,-2.26134124449350837,#ffffff
36.9784807206077,-2.25513060335397952,#ffffff
36.9855627194896,-2.24889766040454786,#ffffff
36.9926250824168,-2.24264247728506039,#ffffff
36.9996677395471,-2.23636511585530862,#ffffff
37.0066906212330,-2.23006563819441039,#ffffff
37.0136936580227,-2.22374410660020061,#ffffff
37.0206767806606,-2.21740058358861347,#ffffff
37.0276399200880,-2.21103513189306344,#ffffff
37.0345830074440,-2.20464781446382752,#ffffff
37.0415059740658,-2.19823869446741949,#ffffff
37.0484087514896,-2.19180783528596601,#ffffff
37.0552912714513,-2.18535530051658267,#ffffff
37.0621534658873,-2.17888115397074111,#ffffff
37.0689952669348,-2.17238545967364072,#ffffff
37.0758166069326,-2.16586828186357305,#ffffff
37.0826174184222,-2.15932968499129041,#ffffff
37.0893976341477,-2.15276973371936364,#ffffff
37.0961571870571,-2.14618849292154579,#ffffff
37.1028960103028,-2.13958602768213035,#ffffff
37.1096140372421,-2.13296240329530651,#ffffff
37.1163112014379,-2.12631768526451470,#ffffff
37.1229874366595,-2.11965193930179741,#ffffff
37.1296426768833,-2.11296523132714942,#ffffff
37.1362768562931,-2.10625762746786771,#ffffff
37.1428899092811,-2.09952919405789551,#ffffff
37.1494817704483,-2.09277999763716860,#ffffff
37.1560523746056,-2.08601010495095363,#ffffff
37.1626016567738,-2.07921958294919129,#ffffff
37.1691295521845,-2.07240849878583289,#ffffff
37.1756359962812,-2.06557691981817637,#ffffff
37.1821209247191,-2.05872491360620069,#ffffff
37.1885842733666,-2.05185254791189697,#ffffff
37.1950259783050,-2.04495989069859840,#ffffff
37.2014459758302,-2.03804701013030920,#ffffff
37.2078442024523,-2.03111397457102916,#ffffff
37.2142205948970,-2.02416085258407819,#ffffff
37.2205750901058,-2.01718771293141730,#ffffff
37.2269076252368,-2.01019462457297182,#ffffff
37.2332181376653,-2.00318165666594528,#ffffff
37.2395065649842,-1.99614887856413814,#ffffff
37.2457728450050,-1.98909635981726018,#ffffff
37.2520169157582,-1.98202417017024457,#ffffff
37.2582387154939,-1.97493237956255641,#ffffff
37.2644381826824,-1.96782105812750308,#ffffff
37.2706152560150,-1.96069027619153768,#ffffff
37.2767698744043,-1.95354010427356695,#ffffff
37.2829019769850,-1.94637061308425197,#ffffff
37.2890115031146,-1.93918187352530769,#ffffff
37.2950983923737,-1.93197395668880523,#ffffff
37.3011625845668,-1.92474693385646511,#ffffff
37.3072040197230,-1.91750087649895473,#ffffff
37.3132226380962,-1.91023585627518178,#ffffff
37.3192183801662,-1.90295194503158305,#ffffff
37.3251911866388,-1.89564921480141657,#ffffff
37.3311409984469,-1.88832773780404750,#ffffff
37.3370677567505,-1.88098758644423536,#ffffff
37.3429714029377,-1.87362883331141661,#ffffff
37.3488518786254,-1.86625155117898833,#ffffff
37.3547091256592,-1.85885581300358593,#ffffff
37.3605430861148,-1.85144169192436570,#ffffff
37.3663537022979,-1.84400926126227716,#ffffff
37.3721409167453,-1.83655859451934100,#ffffff
37.3779046722251,-1.82908976537792078,#ffffff
37.3836449117373,-1.82160284769999503,#ffffff
37.3893615785148,-1.81409791552642630,#ffffff
37.3950546160232,-1.80657504307622863,#ffffff
37.4007239679621,-1.79903430474583459,#ffffff
37.4063695782651,-1.79147577510835854,#ffffff
37.4119913911008,-1.78389952891286008,#ffffff
37.4175893508730,-1.77630564108360334,#ffffff
37.4231634022214,-1.76869418671931822,#ffffff
37.4287134900222,-1.76106524109245610,#ffffff
37.4342395593886,-1.75341887964844512,#ffffff
37.4397415556712,-1.74575517800494540,#ffffff
37.4452194244588,-1.73807421195110123,#ffffff
37.4506731115787,-1.73037605744678880,#ffffff
37.4561025630975,-1.72266079062187094,#ffffff
37.4615077253213,-1.71492848777543627,#ffffff
37.4668885447964,-1.70717922537505151,#ffffff
37.4722449683101,-1.69941308005600211,#ffffff
37.4775769428906,-1.69163012862053375,#ffffff
37.4828844158082,-1.68383044803709581,#ffffff
37.4881673345753,-1.67601411543957601,#ffffff
37.4934256469471,-1.66818120812654280,#ffffff
37.4986593009223,-1.66033180356047549,#ffffff
37.5038682447435,-1.65246597936700201,#ffffff
37.5090524268973,-1.64458381333412929,#ffffff
37.5142117961157,-1.63668538341147585,#ffffff
37.5193463013756,-1.62877076770949802,#ffffff
37.5244558919002,-1.62084004449872099,#ffffff
37.5295405171587,-1.61289329220896160,#ffffff
37.5346001268675,-1.60493058942855527,#ffffff
37.5396346709902,-1.59695201490357630,#ffffff
37.5446440997384,-1.58895764753706192,#ffffff
37.5496283635721,-1.58094756638822886,#ffffff
37.5545874131999,-1.57292185067169532,#ffffff
37.5595211995802,-1.56488057975669381,#ffffff
37.5644296739208,-1.55682383316628803,#ffffff
37.5693127876800,-1.54875169057658590,#ffffff
37.5741704925671,-1.54066423181595491,#ffffff
37.5790027405422,-1.53256153686422580,#ffffff
37.5838094838177,-1.52444368585190793,#ffffff
37.5885906748578,-1.51631075905939361,#ffffff
37.5933462663796,-1.50816283691616548,#ffffff
37.5980762113533,-1.50000000000000000,#ffffff
37.6027804630028,-1.49182232903617251,#ffffff
37.6074589748060,-1.48362990489665636,#ffffff
37.6121117004954,-1.47542280859932529,#ffffff
37.6167385940585,-1.46720112130715097,#ffffff
37.6213396097382,-1.45896492432740055,#ffffff
37.6259147020334,-1.45071429911083349,#ffffff
37.6304638256995,-1.44244932725089425,#ffffff
37.6349869357483,-1.43417009048290800,#ffffff
37.6394839874493,-1.42587667068326973,#ffffff
37.6439549363294,-1.41756914986863580,#ffffff
37.6483997381739,-1.40924761019511258,#ffffff
37.6528183490263,-1.40091213395744418,#ffffff
37.6572107251896,-1.39256280358819851,#ffffff
37.6615768232258,-1.38419970165695183,#ffffff
37.6659165999571,-1.37582291086947306,#ffffff
37.6702300124657,-1.36743251406690391,#ffffff
37.6745170180949,-1.35902859422494249,#ffffff
37.6787775744487,-1.35061123445302034,#ffffff
37.6830116393931,-1.34218051799348048,#ffffff
37.6872191710558,-1.33373652822075783,#ffffff
37.6914001278269,-1.32527934864054941,#ffffff
37.6955544683596,-1.31680906288899169,#ffffff
37.6996821515700,-1.30832575473183321,#ffffff
37.7037831366378,-1.29982950806360575,#ffffff
37.7078573830071,-1.29132040690679428,#ffffff
37.7119048503860,-1.28279853541100763,#ffffff
37.7159254987478,-1.27426397785214363,#ffffff
37.7199192883307,-1.26571681863155838,#ffffff
37.7238861796386,-1.25715714227523012,#ffffff
37.7278261334417,-1.24858503343292337,#ffffff
37.7317391107761,-1.24000057687735232,#ffffff
37.7356250729451,-1.23140385750334147,#ffffff
37.7394839815190,-1.22279496032698853,#ffffff
37.7433157983355,-1.21417397048482067,#ffffff
37.7471204855005,-1.20554097323295339,#ffffff
37.7508980053880,-1.19689605394624921,#ffffff
37.7546483206408,-1.18823929811747053,#ffffff
37.7583713941706,-1.17957079135643705,#ffffff
37.7620671891586,-1.17089061938917660,#ffffff
37.7657356690557,-1.16219886805707961,#ffffff
37.7693767975829,-1.15349562331604738,#ffffff
37.7729905387319,-1.14478097123564582,#ffffff
37.7765768567650,-1.13605499799825060,#ffffff
37.7801357162159,-1.12731778989819720,#ffffff
37.7836670818895,-1.11856943334092573,#ffffff
37.7871709188631,-1.10981001484212971,#ffffff
37.7906471924858,-1.10103962102689601,#ffffff
37.7940958683796,-1.09225833862885136,#ffffff
37.7975169124391,-1.08346625448930345,#ffffff
37.8009102908325,-1.07466345555638254,#ffffff
37.8042759700015,-1.06585002888418101,#ffffff
37.8076139166614,-1.05702606163189317,#ffffff
37.8109240978023,-1.04819164106295304,#ffffff
37.8142064806885,-1.03934685454417108,#ffffff
37.8174610328593,-1.03049178954487020,#ffffff
37.8206877221293,-1.02162653363602152,#ffffff
37.8238865165885,-1.01275117448937735,#ffffff
37.8270573846030,-1.00386579987660429,#ffffff
37.8302002948147,-0.99497049766841705,#ffffff
37.8333152161425,-0.98606535583370658,#ffffff
37.8364021177816,-0.97715046243867165,#ffffff
37.8394609692046,-0.96822590564594790,#ffffff
37.8424917401613,-0.95929177371373586,#ffffff
37.8454944006794,-0.95034815499492853,#ffffff
37.8484689210644,-0.94139513793623619,#ffffff
37.8514152719003,-0.93243281107731391,#ffffff
37.8543334240495,-0.92346126304988363,#ffffff
37.8572233486534,-0.91448058257686005,#ffffff
37.8600850171323,-0.90549085847147071,#ffffff
37.8629184011862,-0.89649217963637984,#ffffff
37.8657234727949,-0.88748463506280728,#ffffff
37.8685002042178,-0.87846831382965118,#ffffff
37.8712485679948,-0.86944330510260359,#ffffff
37.8739685369465,-0.86040969813327073,#ffffff
37.8766600841739,-0.85136758225829068,#ffffff
37.8793231830596,-0.84231704689844822,#ffffff
37.8819578072670,-0.83325818155779197,#ffffff
37.8845639307414,-0.82419107582274886,#ffffff
37.8871415277099,-0.81511581936123811,#ffffff
37.8896905726817,-0.80603250192178399,#ffffff
37.8922110404485,-0.79694121333262924,#ffffff
37.8947029060842,-0.78784204350084630,#ffffff
37.8971661449461,-0.77873508241144718,#ffffff
37.8996007326741,-0.76962042012649523,#ffffff
37.9020066451919,-0.76049814678421424,#ffffff
37.9043838587064,-0.75136835259809565,#ffffff
37.9067323497084,-0.74223112785600742,#ffffff
37.9090520949731,-0.73308656291930097,#ffffff
37.9113430715594,-0.72393474822191795,#ffffff
37.9136052568111,-0.71477577426949535,#ffffff
37.9158386283567,-0.70560973163847029,#ffffff
37.9180431641095,-0.69643671097518511,#ffffff
37.9202188422680,-0.68725680299499037,#ffffff
37.9223656413162,-0.67807009848134769,#ffffff
37.9244835400236,-0.66887668828493207,#ffffff
37.9265725174455,-0.65967666332273289,#ffffff
37.9286325529233,-0.65047011457715753,#ffffff
37.9306636260845,-0.64125713309512700,#ffffff
37.9326657168431,-0.63203780998717907,#ffffff
37.9346388053996,-0.62281223642656580,#ffffff
37.9365828722416,-0.61358050364835282,#ffffff
37.9384978981433,-0.60434270294851589,#ffffff
37.9403838641665,-0.59509892568303890,#ffffff
37.9422407516601,-0.58584926326701037,#ffffff
37.9440685422607,-0.57659380717371900,#ffffff
37.9458672178925,-0.56733264893374935,#ffffff
37.9476367607679,-0.55806588013407654,#ffffff
37.9493771533871,-0.54879359241716053,#ffffff
37.9510883785388,-0.53951587748003949,#ffffff
37.9527704193001,-0.53023282707342489,#ffffff
37.9544232590366,-0.52094453300079113,#ffffff
37.9560468814028,-0.51165108711746921,#ffffff
37.9576412703422,-0.50235258132973881,#ffffff
37.9592064100871,-0.49304910759391862,#ffffff
37.9607422851595,-0.48374075791545712,#ffffff
37.9622488803704,-0.47442762434802277,#ffffff
37.9637261808205,-0.46510979899259391,#ffffff
37.9651741719004,-0.45578737399654723,#ffffff
37.9665928392903,-0.44646044155274744,#ffffff
37.9679821689605,-0.43712909389863486,#ffffff
37.9693421471714,-0.42779342331531317,#ffffff
37.9706727604736,-0.41845352212663672,#ffffff
37.9719739957083,-0.40910948269829972,#ffffff
37.9732458400071,-0.39976139743691919,#ffffff
37.9744882807922,-0.39040935878912320,#ffffff
37.9757013057766,-0.38105345924063644,#ffffff
37.9768849029644,-0.37169379131536545,#ffffff
37.9780390606506,-0.36233044757448368,#ffffff
37.9791637674211,-0.35296352061551606,#ffffff
37.9802590121534,-0.34359310307142310,#ffffff
37.9813247840163,-0.33421928760968528,#ffffff
37.9823610724698,-0.32484216693138601,#ffffff
37.9833678672658,-0.31546183377029541,#ffffff
37.9843451584478,-0.30607838089195294,#ffffff
37.9852929363508,-0.29669190109274934,#ffffff
37.9862111916020,-0.28730248719901197,#ffffff
37.9870999151205,-0.27791023206608206,#ffffff
37.9879590981173,-0.26851522857740001,#ffffff
37.9887887320957,-0.25911756964358534,#ffffff
37.9895888088510,-0.24971734820151859,#ffffff
37.9903593204711,-0.24031465721342157,#ffffff
37.9911002593361,-0.23090958966593850,#ffffff
37.9918116181185,-0.22150223856921625,#ffffff
37.9924933897835,-0.21209269695598448,#ffffff
37.9931455675888,-0.20268105788063570,#ffffff
37.9937681450847,-0.19326741441830500,#ffffff
37.9943611161144,-0.18385185966394896,#ffffff
37.9949244748138,-0.17443448673142750,#ffffff
37.9954582156116,-0.16501538875257932,#ffffff
37.9959623332294,-0.15559465887630325,#ffffff
37.9964368226818,-0.14617239026763665,#ffffff
37.9968816792765,-0.13674867610683397,#ffffff
37.9972968986140,-0.12732360958844519,#ffffff
37.9976824765882,-0.11789728392039431,#ffffff
37.9980384093859,-0.10846979232305745,#ffffff
37.9983646934872,-0.09904122802834107,#ffffff
37.9986613256653,-0.08961168427875998,#ffffff
37.9989283029867,-0.08018125432651507,#ffffff
37.9991656228112,-0.07075003143257130,#ffffff
37.9993732827918,-0.06131810886573462,#ffffff
37.9995512808749,-0.05188557990173226,#ffffff
37.9996996153002,-0.04245253782228640,#ffffff
37.9998182846009,-0.03301907591419426,#ffffff
37.9999072876032,-0.02358528746840485,#ffffff
37.9999666234271,-0.01415126577909649,#ffffff
37.9999962914858,-0.00471710414275409,#ffffff
37.9999962914858, 0.00471710414275343,#ffffff
37.9999666234271, 0.01415126577909582,#ffffff
37.9999072876032, 0.02358528746840418,#ffffff
37.9998182846009, 0.03301907591419359,#ffffff
37.9996996153002, 0.04245253782228574,#ffffff
37.9995512808749, 0.05188557990173159,#ffffff
37.9993732827918, 0.06131810886573462,#ffffff
37.9991656228112, 0.07075003143257064,#ffffff
37.9989283029867, 0.08018125432651441,#ffffff
37.9986613256653, 0.08961168427875932,#ffffff
37.9983646934872, 0.09904122802834041,#ffffff
37.9980384093859, 0.10846979232305679,#ffffff
37.9976824765882, 0.11789728392039364,#ffffff
37.9972968986140, 0.12732360958844452,#ffffff
37.9968816792765, 0.13674867610683331,#ffffff
37.9964368226818, 0.14617239026763598,#ffffff
37.9959623332294, 0.15559465887630258,#ffffff
37.9954582156116, 0.16501538875257865,#ffffff
37.9949244748138, 0.17443448673142684,#ffffff
37.9943611161144, 0.18385185966394896,#ffffff
37.9937681450847, 0.19326741441830433,#ffffff
37.9931455675888, 0.20268105788063503,#ffffff
37.9924933897835, 0.21209269695598382,#ffffff
37.9918116181185, 0.22150223856921558,#ffffff
37.9911002593361, 0.23090958966593783,#ffffff
37.9903593204711, 0.24031465721342091,#ffffff
37.9895888088510, 0.24971734820151792,#ffffff
37.9887887320957, 0.25911756964358468,#ffffff
37.9879590981173, 0.26851522857739935,#ffffff
37.9870999151205, 0.27791023206608140,#ffffff
37.9862111916020, 0.28730248719901130,#ffffff
37.9852929363508, 0.29669190109274868,#ffffff
37.9843451584478, 0.30607838089195227,#ffffff
37.9833678672658, 0.31546183377029474,#ffffff
37.9823610724698, 0.32484216693138535,#ffffff
37.9813247840163, 0.33421928760968461,#ffffff
37.9802590121534, 0.34359310307142243,#ffffff
37.9791637674211, 0.35296352061551539,#ffffff
37.9780390606506, 0.36233044757448307,#ffffff
37.9768849029644, 0.37169379131536479,#ffffff
37.9757013057766, 0.38105345924063577,#ffffff
37.9744882807922, 0.39040935878912253,#ffffff
37.9732458400071, 0.39976139743691852,#ffffff
37.9719739957083, 0.40910948269829905,#ffffff
37.9706727604736, 0.41845352212663606,#ffffff
37.9693421471714, 0.42779342331531250,#ffffff
37.9679821689605, 0.43712909389863419,#ffffff
37.9665928392903, 0.44646044155274689,#ffffff
37.9651741719004, 0.45578737399654667,#ffffff
37.9637261808205, 0.46510979899259325,#ffffff
37.9622488803704, 0.47442762434802221,#ffffff
37.9607422851595, 0.48374075791545645,#ffffff
37.9592064100871, 0.49304910759391796,#ffffff
37.9576412703422, 0.50235258132973815,#ffffff
37.9560468814028, 0.51165108711746854,#ffffff
37.9544232590366, 0.52094453300079047,#ffffff
37.9527704193001, 0.53023282707342423,#ffffff
37.9510883785388, 0.53951587748003949,#ffffff
37.9493771533871, 0.54879359241715997,#ffffff
37.9476367607679, 0.55806588013407588,#ffffff
37.9458672178925, 0.56733264893374868,#ffffff
37.9440685422607, 0.57659380717371844,#ffffff
37.9422407516601, 0.58584926326700970,#ffffff
37.9403838641665, 0.59509892568303824,#ffffff
37.9384978981433, 0.60434270294851522,#ffffff
37.9365828722416, 0.61358050364835215,#ffffff
37.9346388053996, 0.62281223642656525,#ffffff
37.9326657168431, 0.63203780998717840,#ffffff
37.9306636260845, 0.64125713309512644,#ffffff
37.9286325529233, 0.65047011457715687,#ffffff
37.9265725174455, 0.65967666332273289,#ffffff
37.9244835400236, 0.66887668828493141,#ffffff
37.9223656413162, 0.67807009848134703,#ffffff
37.9202188422680, 0.68725680299498970,#ffffff
37.9180431641095, 0.69643671097518456,#ffffff
37.9158386283567, 0.70560973163846963,#ffffff
37.9136052568111, 0.71477577426949468,#ffffff
37.9113430715594, 0.72393474822191739,#ffffff
37.9090520949731, 0.73308656291930041,#ffffff
37.9067323497084, 0.74223112785600676,#ffffff
37.9043838587064, 0.75136835259809498,#ffffff
37.9020066451919, 0.76049814678421357,#ffffff
37.8996007326741, 0.76962042012649456,#ffffff
37.8971661449461, 0.77873508241144673,#ffffff
37.8947029060842, 0.78784204350084563,#ffffff
37.8922110404485, 0.79694121333262880,#ffffff
37.8896905726817, 0.80603250192178344,#ffffff
37.8871415277099, 0.81511581936123745,#ffffff
37.8845639307414, 0.82419107582274831,#ffffff
37.8819578072670, 0.83325818155779130,#ffffff
37.8793231830596, 0.84231704689844755,#ffffff
37.8766600841739, 0.85136758225829001,#ffffff
37.8739685369465, 0.86040969813327028,#ffffff
37.8712485679948, 0.86944330510260293,#ffffff
37.8685002042178, 0.87846831382965052,#ffffff
37.8657234727949, 0.88748463506280661,#ffffff
37.8629184011862, 0.89649217963637917,#ffffff
37.8600850171323, 0.90549085847147004,#ffffff
37.8572233486534, 0.91448058257685938,#ffffff
37.8543334240495, 0.92346126304988307,#ffffff
37.8514152719003, 0.93243281107731324,#ffffff
37.8484689210644, 0.94139513793623564,#ffffff
37.8454944006794, 0.95034815499492786,#ffffff
37.8424917401613, 0.95929177371373542,#ffffff
37.8394609692046, 0.96822590564594735,#ffffff
37.8364021177816, 0.97715046243867099,#ffffff
37.8333152161425, 0.98606535583370591,#ffffff
37.8302002948147, 0.99497049766841639,#ffffff
37.8270573846030, 1.00386579987660429,#ffffff
37.8238865165885, 1.01275117448937668,#ffffff
37.8206877221293, 1.02162653363602063,#ffffff
37.8174610328593, 1.03049178954486953,#ffffff
37.8142064806885, 1.03934685454417020,#ffffff
37.8109240978023, 1.04819164106295237,#ffffff
37.8076139166614, 1.05702606163189250,#ffffff
37.8042759700015, 1.06585002888418034,#ffffff
37.8009102908325, 1.07466345555638187,#ffffff
37.7975169124391, 1.08346625448930300,#ffffff
37.7940958683796, 1.09225833862885069,#ffffff
37.7906471924858, 1.10103962102689534,#ffffff
37.7871709188631, 1.10981001484212904,#ffffff
37.7836670818895, 1.11856943334092573,#ffffff
37.7801357162159, 1.12731778989819653,#ffffff
37.7765768567650, 1.13605499799824994,#ffffff
37.7729905387319, 1.14478097123564515,#ffffff
37.7693767975829, 1.15349562331604694,#ffffff
37.7657356690557, 1.16219886805707873,#ffffff
37.7620671891586, 1.17089061938917616,#ffffff
37.7583713941706, 1.17957079135643639,#ffffff
37.7546483206408, 1.18823929811747009,#ffffff
37.7508980053880, 1.19689605394624854,#ffffff
37.7471204855005, 1.20554097323295273,#ffffff
37.7433157983355, 1.21417397048481979,#ffffff
37.7394839815190, 1.22279496032698809,#ffffff
37.7356250729451, 1.23140385750334147,#ffffff
37.7317391107761, 1.24000057687735166,#ffffff
37.7278261334417, 1.24858503343292271,#ffffff
37.7238861796386, 1.25715714227522879,#ffffff
37.7199192883307, 1.26571681863155772,#ffffff
37.7159254987478, 1.27426397785214252,#ffffff
37.7119048503860, 1.28279853541100697,#ffffff
37.7078573830071, 1.29132040690679428,#ffffff
37.7037831366378, 1.29982950806360509,#ffffff
37.6996821515700, 1.30832575473183321,#ffffff
37.6955544683596, 1.31680906288899102,#ffffff
37.6914001278269, 1.32527934864054941,#ffffff
37.6872191710558, 1.33373652822075739,#ffffff
37.6830116393931, 1.34218051799348048,#ffffff
37.6787775744487, 1.35061123445301923,#ffffff
37.6745170180949, 1.35902859422494182,#ffffff
37.6702300124657, 1.36743251406690280,#ffffff
37.6659165999571, 1.37582291086947217,#ffffff
37.6615768232258, 1.38419970165695072,#ffffff
37.6572107251896, 1.39256280358819784,#ffffff
37.6528183490263, 1.40091213395744418,#ffffff
37.6483997381739, 1.40924761019511191,#ffffff
37.6439549363294, 1.41756914986863580,#ffffff
37.6394839874493, 1.42587667068326929,#ffffff
37.6349869357483, 1.43417009048290800,#ffffff
37.6304638256995, 1.44244932725089359,#ffffff
37.6259147020334, 1.45071429911083305,#ffffff
37.6213396097382, 1.45896492432739944,#ffffff
37.6167385940585, 1.46720112130715030,#ffffff
37.6121117004954, 1.47542280859932418,#ffffff
37.6074589748060, 1.48362990489665592,#ffffff
37.6027804630028, 1.49182232903617140,#ffffff
37.5980762113533, 1.49999999999999956,#ffffff
37.5933462663796, 1.50816283691616548,#ffffff
37.5885906748578, 1.51631075905939294,#ffffff
37.5838094838177, 1.52444368585190793,#ffffff
37.5790027405422, 1.53256153686422536,#ffffff
37.5741704925671, 1.54066423181595491,#ffffff
37.5693127876800, 1.54875169057658568,#ffffff
37.5644296739208, 1.55682383316628714,#ffffff
37.5595211995802, 1.56488057975669248,#ffffff
37.5545874131999, 1.57292185067169465,#ffffff
37.5496283635721, 1.58094756638822798,#ffffff
37.5446440997384, 1.58895764753706104,#ffffff
37.5396346709902, 1.59695201490357519,#ffffff
37.5346001268675, 1.60493058942855460,#ffffff
37.5295405171587, 1.61289329220896160,#ffffff
37.5244558919002, 1.62084004449872032,#ffffff
37.5193463013756, 1.62877076770949802,#ffffff
37.5142117961157, 1.63668538341147496,#ffffff
37.5090524268973, 1.64458381333412929,#ffffff
37.5038682447435, 1.65246597936700113,#ffffff
37.4986593009223, 1.66033180356047527,#ffffff
37.4934256469471, 1.66818120812654214,#ffffff
37.4881673345753, 1.67601411543957579,#ffffff
37.4828844158082, 1.68383044803709447,#ffffff
37.4775769428906, 1.69163012862053330,#ffffff
37.4722449683101, 1.69941308005600078,#ffffff
37.4668885447964, 1.70717922537505085,#ffffff
37.4615077253213, 1.71492848777543627,#ffffff
37.4561025630975, 1.72266079062187005,#ffffff
37.4506731115787, 1.73037605744678880,#ffffff
37.4452194244588, 1.73807421195110012,#ffffff
37.4397415556712, 1.74575517800494495,#ffffff
37.4342395593886, 1.75341887964844423,#ffffff
37.4287134900222, 1.76106524109245566,#ffffff
37.4231634022214, 1.76869418671931755,#ffffff
37.4175893508730, 1.77630564108360312,#ffffff
37.4119913911008, 1.78389952891285919,#ffffff
37.4063695782651, 1.79147577510835809,#ffffff
37.4007239679621, 1.79903430474583459,#ffffff
37.3950546160232, 1.80657504307622796,#ffffff
37.3893615785148, 1.81409791552642630,#ffffff
37.3836449117373, 1.82160284769999437,#ffffff
37.3779046722251, 1.82908976537792056,#ffffff
37.3721409167453, 1.83655859451934012,#ffffff
37.3663537022979, 1.84400926126227693,#ffffff
37.3605430861148, 1.85144169192436481,#ffffff
37.3547091256592, 1.85885581300358593,#ffffff
37.3488518786254, 1.86625155117898722,#ffffff
37.3429714029377, 1.87362883331141639,#ffffff
37.3370677567505, 1.88098758644423425,#ffffff
37.3311409984469, 1.88832773780404706,#ffffff
37.3251911866388, 1.89564921480141657,#ffffff
37.3192183801662, 1.90295194503158238,#ffffff
37.3132226380962, 1.91023585627518178,#ffffff
37.3072040197230, 1.91750087649895429,#ffffff
37.3011625845668, 1.92474693385646489,#ffffff
37.2950983923737, 1.93197395668880434,#ffffff
37.2890115031146, 1.93918187352530724,#ffffff
37.2829019769850, 1.94637061308425086,#ffffff
37.2767698744043, 1.95354010427356695,#ffffff
37.2706152560150, 1.96069027619153724,#ffffff
37.2644381826824, 1.96782105812750263,#ffffff
37.2582387154939, 1.97493237956255552,#ffffff
37.2520169157582, 1.98202417017024368,#ffffff
37.2457728450050, 1.98909635981726018,#ffffff
37.2395065649842, 1.99614887856413747,#ffffff
37.2332181376653, 2.00318165666594528,#ffffff
37.2269076252368, 2.01019462457297138,#ffffff
37.2205750901058, 2.01718771293141730,#ffffff
37.2142205948970, 2.02416085258407685,#ffffff
37.2078442024523, 2.03111397457102871,#ffffff
37.2014459758302, 2.03804701013030876,#ffffff
37.1950259783050, 2.04495989069859840,#ffffff
37.1885842733666, 2.05185254791189653,#ffffff
37.1821209247191, 2.05872491360620025,#ffffff
37.1756359962812, 2.06557691981817548,#ffffff
37.1691295521845, 2.07240849878583244,#ffffff
37.1626016567738, 2.07921958294919129,#ffffff
37.1560523746056, 2.08601010495095363,#ffffff
37.1494817704483, 2.09277999763716860,#ffffff
37.1428899092811, 2.09952919405789551,#ffffff
37.1362768562931, 2.10625762746786727,#ffffff
37.1296426768833, 2.11296523132714853,#ffffff
37.1229874366595, 2.11965193930179696,#ffffff
37.1163112014379, 2.12631768526451426,#ffffff
37.1096140372421, 2.13296240329530651,#ffffff
37.1028960103028, 2.13958602768212991,#ffffff
37.0961571870571, 2.14618849292154534,#ffffff
37.0893976341477, 2.15276973371936275,#ffffff
37.0826174184222, 2.15932968499128997,#ffffff
37.0758166069326, 2.16586828186357305,#ffffff
37.0689952669348, 2.17238545967364027,#ffffff
37.0621534658873, 2.17888115397074111,#ffffff
37.0552912714513, 2.18535530051658222,#ffffff
37.0484087514896, 2.19180783528596601,#ffffff
37.0415059740658, 2.19823869446741860,#ffffff
37.0345830074440, 2.20464781446382752,#ffffff
37.0276399200880, 2.21103513189306300,#ffffff
37.0206767806606, 2.21740058358861303,#ffffff
37.0136936580227, 2.22374410660019972,#ffffff
37.0066906212330, 2.23006563819440995,#ffffff
36.9996677395471, 2.23636511585530773,#ffffff
36.9926250824168, 2.24264247728506039,#ffffff
36.9855627194896, 2.24889766040454786,#ffffff
36.9784807206077, 2.25513060335397952,#ffffff
36.9713791558076, 2.26134124449350837,#ffffff
36.9642580953192, 2.26752952240383543,#ffffff
36.9571176095654, 2.27369537588682258,#ffffff
36.9499577691609, 2.27983874396609165,#ffffff
36.9427786449122, 2.28595956588763505,#ffffff
36.9355803078161, 2.29205778112040726,#ffffff
36.9283628290596, 2.29813332935693371,#ffffff
36.9211262800191, 2.30418615051389786,#ffffff
36.9138707322593, 2.31021618473274337,#ffffff
36.9065962575332, 2.31622337238025811,#ffffff
36.8993029277805, 2.32220765404917140,#ffffff
36.8919908151277, 2.32816897055873717,#ffffff
36.8846599918869, 2.33410726295531834,#ffffff
36.8773105305554, 2.34002247251297479,#ffffff
36.8699425038146, 2.34591454073403849,#ffffff
36.8625559845297, 2.35178340934969698,#ffffff
36.8551510457486, 2.35762902032056409,#ffffff
36.8477277607015, 2.36345131583725987,#ffffff
36.8402862028000, 2.36925023832097725,#ffffff
36.8328264456363, 2.37502573042405585,#ffffff
36.8253485629827, 2.38077773503054368,#ffffff
36.8178526287906, 2.38650619525676966,#ffffff
36.8103387171903, 2.39221105445189597,#ffffff
36.8028069024894, 2.39789225619849056,#ffffff
36.7952572591728, 2.40354974431307244,#ffffff
36.7876898619017, 2.40918346284667617,#ffffff
36.7801047855129, 2.41479335608540424,#ffffff
36.7725021050179, 2.42037936855097247,#ffffff
36.7648818956024, 2.42594144500126507,#ffffff
36.7572442326255, 2.43147953043087561,#ffffff
36.7495891916188, 2.43699357007165762,#ffffff
36.7419168482858, 2.44248350939325753,#ffffff
36.7342272785011, 2.44794929410366358,#ffffff
36.7265205583097, 2.45339087014973245,#ffffff
36.7187967639261, 2.45880818371773424,#ffffff
36.7110559717337, 2.46420118123387510,#ffffff
36.7032982582841, 2.46956980936483550,#ffffff
36.6955237002962, 2.47491401501829067,#ffffff
36.6877323746553, 2.48023374534343866,#ffffff
36.6799243584128, 2.48552894773152611,#ffffff
36.6720997287849, 2.49079956981636164,#ffffff
36.6642585631524, 2.49604555947484075,#ffffff
36.6564009390592, 2.50126686482745431,#ffffff
36.6485269342124, 2.50646343423880902,#ffffff
36.6406366264809, 2.51163521631813147,#ffffff
36.6327300938947, 2.51678215991978194,#ffffff
36.6248074146446, 2.52190421414375399,#ffffff
36.6168686670807, 2.52700132833618474,#ffffff
36.6089139297121, 2.53207345208985046,#ffffff
36.6009432812064, 2.53712053524466796,#ffffff
36.5929568003880, 2.54214252788818840,#ffffff
36.5849545662382, 2.54713938035609289,#ffffff
36.5769366578940, 2.55211104323268412,#ffffff
36.5689031546474, 2.55705746735137174,#ffffff
36.5608541359447, 2.56197860379516218,#ffffff
36.5527896813856, 2.56687440389713961,#ffffff
36.5447098707224, 2.57174481924095000,#ffffff
36.5366147838593, 2.57658980166127760,#ffffff
36.5285045008516, 2.58140930324432283,#ffffff
36.5203791019048, 2.58620327632827340,#ffffff
36.5122386673740, 2.59097167350378133,#ffffff
36.5040832777628, 2.59571444761442383,#ffffff
36.4959130137230, 2.60043155175717811,#ffffff
36.4877279560532, 2.60512293928287786,#ffffff
36.4795281856984, 2.60978856379667867,#ffffff
36.4713137837493, 2.61442837915851722,#ffffff
36.4630848314409, 2.61904233948356424,#ffffff
36.4548414101525, 2.62363039914268281,#ffffff
36.4465836014061, 2.62819251276287424,#ffffff
36.4383114868664, 2.63272863522773282,#ffffff
36.4300251483393, 2.63723872167788631,#ffffff
36.4217246677713, 2.64172272751144366,#ffffff
36.4134101272491, 2.64618060838443370,#ffffff
36.4050816089980, 2.65061232021124527,#ffffff
36.3967391953819, 2.65501781916506197,#ffffff
36.3883829689019, 2.65939706167829559,#ffffff
36.3800130121958, 2.66375000444301913,#ffffff
36.3716294080372, 2.66807660441139038,#ffffff
36.3632322393346, 2.67237681879608502,#ffffff
36.3548215891307, 2.67665060507071084,#ffffff
36.3463975406014, 2.68089792097023638,#ffffff
36.3379601770552, 2.68511872449140299,#ffffff
36.3295095819324, 2.68931297389314494,#ffffff
36.3210458388039, 2.69348062769699714,#ffffff
36.3125690313707, 2.69762164468750987,#ffffff
36.3040792434632, 2.70173598391265468,#ffffff
36.2955765590399, 2.70582360468422856,#ffffff
36.2870610621870, 2.70988446657825710,#ffffff
36.2785328371173, 2.71391852943539380,#ffffff
36.2699919681696, 2.71792575336131970,#ffffff
36.2614385398076, 2.72190609872713285,#ffffff
36.2528726366194, 2.72585952616974581,#ffffff
36.2442943433162, 2.72978599659226973,#ffffff
36.2357037447320, 2.73368547116440697,#ffffff
36.2271009258222, 2.73755791132282811,#ffffff
36.2184859716634, 2.74140327877155965,#ffffff
36.2098589674519, 2.74522153548235792,#ffffff
36.2012199985034, 2.74901264369508880,#ffffff
36.1925691502517, 2.75277656591809894,#ffffff
36.1839065082483, 2.75651326492858750,#ffffff
36.1752321581612, 2.76022270377297385,#ffffff
36.1665461857742, 2.76390484576726170,#ffffff
36.1578486769860, 2.76755965449740593,#ffffff
36.1491397178095, 2.77118709381966744,#ffffff
36.1404193943708, 2.77478712786097503,#ffffff
36.1316877929083, 2.77835972101927720,#ffffff
36.1229449997721, 2.78190483796389687,#ffffff
36.1141911014227, 2.78542244363587699,#ffffff
36.1054261844307, 2.78891250324833129,#ffffff
36.0966503354757, 2.79237498228678538,#ffffff
36.0878636413450, 2.79580984650952136,#ffffff
36.0790661889336, 2.79921706194791176,#ffffff
36.0702580652427, 2.80259659490675883,#ffffff
36.0614393573790, 2.80594841196462852,#ffffff
36.0526101525540, 2.80927247997417684,#ffffff
36.0437705380829, 2.81256876606248252,#ffffff
36.0349206013838, 2.81583723763136762,#ffffff
36.0260604299770, 2.81907786235772484,#ffffff
36.0171901114840, 2.82229060819383237,#ffffff
36.0083097336266, 2.82547544336767453,#ffffff
35.9994193842262, 2.82863233638325218,#ffffff
35.9905191512025, 2.83176125602089845,#ffffff
35.9816091225733, 2.83486217133758478,#ffffff
35.9726893864531, 2.83793505166722682,#ffffff
35.9637600310524, 2.84097986662098911,#ffffff
35.9548211446769, 2.84399658608758621,#ffffff
35.9458728157265, 2.84698518023357616,#ffffff
35.9369151326945, 2.84994561950366077,#ffffff
35.9279481841666, 2.85287787462097597,#ffffff
35.9189720588204, 2.85578191658737923,#ffffff
35.9099868454239, 2.85865771668374036,#ffffff
35.9009926328353, 2.86150524647022086,#ffffff
35.8919895100015, 2.86432447778656041,#ffffff
35.8829775659578, 2.86711538275235078,#ffffff
35.8739568898266, 2.86987793376731304,#ffffff
35.8649275708167, 2.87261210351157237,#ffffff
35.8558896982221, 2.87531786494592545,#ffffff
35.8468433614219, 2.87799519131211046,#ffffff
35.8377886498785, 2.88064405613306818,#ffffff
35.8287256531372, 2.88326443321320802,#ffffff
35.8196544608254, 2.88585629663866428,#ffffff
35.8105751626513, 2.88841962077755277,#ffffff
35.8014878484036, 2.89095438028022578,#ffffff
35.7923926079498, 2.89346055007952119,#ffffff
35.7832895312363, 2.89593810539100982,#ffffff
35.7741787082865, 2.89838702171324369,#ffffff
35.7650602292009, 2.90080727482799450,#ffffff
35.7559341841554, 2.90319884080049651,#ffffff
35.7468006634007, 2.90556169597967928,#ffffff
35.7376597572616, 2.90789581699840660,#ffffff
35.7285115561358, 2.91020118077370205,#ffffff
35.7193561504932, 2.91247776450698304,#ffffff
35.7101936308750, 2.91472554568428066,#ffffff
35.7010240878928, 2.91694450207646661,#ffffff
35.6918476122273, 2.91913461173947120,#ffffff
35.6826642946282, 2.92129585301450057,#ffffff
35.6734742259127, 2.92342820452824981,#ffffff
35.6642774969647, 2.92553164519311615,#ffffff
35.6550741987339, 2.92760615420740855,#ffffff
35.6458644222353, 2.92965171105554756,#ffffff
35.6366482585475, 2.93166829550827668,#ffffff
35.6274257988127, 2.93365588762285512,#ffffff
35.6181971342351, 2.93561446774325896,#ffffff
35.6089623560803, 2.93754401650037389,#ffffff
35.5997215556744, 2.93944451481218794,#ffffff
35.5904748244031, 2.94131594388398021,#ffffff
35.5812222537107, 2.94315828520850387,#ffffff
35.5719639350992, 2.94497152056617439,#ffffff
35.5626999601275, 2.94675563202524415,#ffffff
35.5534304204105, 2.94851060194198444,#ffffff
35.5441554076180, 2.95023641296085604,#ffffff
35.5348750134739, 2.95193304801468459,#ffffff
35.5255893297556, 2.95360049032482541,#ffffff
35.5162984482925, 2.95523872340133442,#ffffff
35.5070024609656, 2.95684773104312493,#ffffff
35.4977014597061, 2.95842749733813459,#ffffff
35.4883955364953, 2.95997800666347555,#ffffff
35.4790847833627, 2.96149924368559692,#ffffff
35.4697692923857, 2.96299119336042960,#ffffff
35.4604491556887, 2.96445384093353859,#ffffff
35.4511244654418, 2.96588717194026774,#ffffff
35.4417953138604, 2.96729117220588368,#ffffff
35.4324617932039, 2.96866582784571609,#ffffff
35.4231239957748, 2.97001112526529143,#ffffff
35.4137820139180, 2.97132705116047369,#ffffff
35.4044359400198, 2.97261359251759094,#ffffff
35.3950858665069, 2.97387073661356638,#ffffff
35.3857318858456, 2.97509847101604219,#ffffff
35.3763740905409, 2.97629678358350525,#ffffff
35.3670125731354, 2.97746566246540523,#ffffff
35.3576474262085, 2.97860509610227098,#ffffff
35.3482787423757, 2.97971507322582907,#ffffff
35.3389066142872, 2.98079558285910862,#ffffff
35.3295311346275, 2.98184661431655673,#ffffff
35.3201523961141, 2.98286815720413889,#ffffff
35.3107704914967, 2.98386020141944464,#ffffff
35.3013855135565, 2.98482273715178614,#ffffff
35.2919975551049, 2.98575575488229727,#ffffff
35.2826067089829, 2.98665924538402372,#ffffff
35.2732130680599, 2.98753319972201892,#ffffff
35.2638167252332, 2.98837760925342888,#ffffff
35.2544177734265, 2.98919246562757968,#ffffff
35.2450163055896, 2.98997776078605870,#ffffff
35.2356124146970, 2.99073348696279595,#ffffff
35.2262061937472, 2.99145963668413906,#ffffff
35.2167977357618, 2.99215620276892835,#ffffff
35.2073871337844, 2.99282317832856792,#ffffff
35.1979744808799, 2.99346055676709222,#ffffff
35.1885598701334, 2.99406833178123311,#ffffff
35.1791433946496, 2.99464649736048250,#ffffff
35.1697251475514, 2.99519504778714918,#ffffff
35.1603052219792, 2.99571397763641789,#ffffff
35.1508837110901, 2.99620328177640172,#ffffff
35.1414607080569, 2.99666295536819360,#ffffff
35.1320363060671, 2.99709299386591299,#ffffff
35.1226105983221, 2.99749339301675288,#ffffff
35.1131836780362, 2.99786414886102026,#ffffff
35.1037556384355, 2.99820525773217383,#ffffff
35.0943265727574, 2.99851671625686445,#ffffff
35.0848965742494, 2.99879852135496527,#ffffff
35.0754657361681, 2.99905067023960115,#ffffff
35.0660341517787, 2.99927316041718184,#ffffff
35.0566019143534, 2.99946598968741940,#ffffff
35.0471691171711, 2.99962915614335479,#ffffff
35.0377358535162, 2.99976265817137655,#ffffff
35.0283022166777, 2.99986649445123277,#ffffff
35.0188682999482, 2.99994066395604975,#ffffff
35.0094341966232, 2.99998516595233777,#ffffff
35.0000000000000, 3.00000000000000000,#ffffff
35.0000000000000, 3.00000000000000000,#ffffff
35.0000000000000, 2.88890000000000002,#ffffff
35.0000000000000, 2.88890000000000002,#ffffff
35.0090848168749, 2.88888571530656968,#ffffff
35.0181695439068, 2.88884286136754387,#ffffff
35.0272540912534, 2.88877143860672225,#ffffff
35.0363383690743, 2.88867144773042961,#ffffff
35.0454222875319, 2.88854288972751272,#ffffff
35.0545057567918, 2.88838576586932883,#ffffff
35.0635886870245, 2.88820007770973231,#ffffff
35.0726709884054, 2.88798582708506135,#ffffff
35.0817525711163, 2.88774301611411932,#ffffff
35.0908333453462, 2.88747164719815208,#ffffff
35.0999132212921, 2.88717172302082581,#ffffff
35.1089921091595, 2.88684324654820035,#ffffff
35.1180699191643, 2.88648622102869945,#ffffff
35.1271465615325, 2.88610064999307880,#ffffff
35.1362219465019, 2.88568653725439139,#ffffff
35.1452959843227, 2.88524388690794886,#ffffff
35.1543685852585, 2.88477270333128244,#ffffff
35.1634396595871, 2.88427299118409852,#ffffff
35.1725091176011, 2.88374475540823250,#ffffff
35.1815768696095, 2.88318800122760166,#ffffff
35.1906428259379, 2.88260273414815105,#ffffff
35.1997068969299, 2.88198895995780013,#ffffff
35.2087689929474, 2.88134668472638600,#ffffff
35.2178290243721, 2.88067591480560337,#ffffff
35.2268869016061, 2.87997665682894066,#ffffff
35.2359425350726, 2.87924891771161517,#ffffff
35.2449958352173, 2.87849270465050511,#ffffff
35.2540467125087, 2.87770802512407675,#ffffff
35.2630950774394, 2.87689488689231343,#ffffff
35.2721408405269, 2.87605329799663556,#ffffff
35.2811839123142, 2.87518326675982294,#ffffff
35.2902242033711, 2.87428480178593171,#ffffff
35.2992616242950, 2.87335791196021129,#ffffff
35.3082960857113, 2.87240260644901202,#ffffff
35.3173274982751, 2.87141889469970035,#ffffff
35.3263557726714, 2.87040678644055980,#ffffff
35.3353808196164, 2.86936629168069901,#ffffff
35.3444025498579, 2.86829742070995053,#ffffff
35.3534208741769, 2.86720018409876953,#ffffff
35.3624357033879, 2.86607459269812948,#ffffff
35.3714469483398, 2.86492065763941506,#ffffff
35.3804545199172, 2.86373839033431032,#ffffff
35.3894583290410, 2.86252780247468985,#ffffff
35.3984582866692, 2.86128890603249753,#ffffff
35.4074543037979, 2.86002171325963328,#ffffff
35.4164462914622, 2.85872623668782966,#ffffff
35.4254341607371, 2.85740248912852612,#ffffff
35.4344178227383, 2.85605048367274694,#ffffff
35.4433971886230, 2.85467023369096662,#ffffff
35.4523721695910, 2.85326175283298200,#ffffff
35.4613426768855, 2.85182505502777373,#ffffff
35.4703086217937, 2.85036015448337210,#ffffff
35.4792699156484, 2.84886706568671233,#ffffff
35.4882264698278, 2.84734580340349508,#ffffff
35.4971781957574, 2.84579638267803814,#ffffff
35.5061250049103, 2.84421881883312988,#ffffff
35.5150668088083, 2.84261312746987382,#ffffff
35.5240035190225, 2.84097932446753898,#ffffff
35.5329350471746, 2.83931742598339953,#ffffff
35.5418613049375, 2.83762744845257631,#ffffff
35.5507822040360, 2.83590940858787377,#ffffff
35.5596976562483, 2.83416332337961574,#ffffff
35.5686075734061, 2.83238921009547662,#ffffff
35.5775118673959, 2.83058708628031042,#ffffff
35.5864104501601, 2.82875696975597712,#ffffff
35.5953032336972, 2.82689887862116684,#ffffff
35.6041901300633, 2.82501283125122216,#ffffff
35.6130710513726, 2.82309884629795382,#ffffff
35.6219459097985, 2.82115694268945738,#ffffff
35.6308146175742, 2.81918713962992751,#ffffff
35.6396770869937, 2.81718945659946485,#ffffff
35.6485332304131, 2.81516391335388683,#ffffff
35.6573829602505, 2.81311052992453003,#ffffff
35.6662261889878, 2.81102932661805305,#ffffff
35.6750628291711, 2.80892032401623526,#ffffff
35.6838927934116, 2.80678354297577304,#ffffff
35.6927159943866, 2.80461900462807456,#ffffff
35.7015323448402, 2.80242673037904977,#ffffff
35.7103417575843, 2.80020674190889896,#ffffff
35.7191441454994, 2.79795906117189874,#ffffff
35.7279394215355, 2.79568371039618491,#ffffff
35.7367274987129, 2.79338071208353167,#ffffff
35.7455082901230, 2.79105008900912965,#ffffff
35.7542817089295, 2.78869186422136295,#ffffff
35.7630476683687, 2.78630606104157597,#ffffff
35.7718060817510, 2.78389270306384828,#ffffff
35.7805568624612, 2.78145181415475751,#ffffff
35.7892999239595, 2.77898341845314567,#ffffff
35.7980351797827, 2.77648754036987899,#ffffff
35.8067625435447, 2.77396420458760717,#ffffff
35.8154819289373, 2.77141343606051871,#ffffff
35.8241932497313, 2.76883526001409530,#ffffff
35.8328964197774, 2.76622970194486095,#ffffff
35.8415913530067, 2.76359678762013061,#ffffff
35.8502779634319, 2.76093654307775571,#ffffff
35.8589561651478, 2.75824899462586481,#ffffff
35.8676258723326, 2.75553416884260738,#ffffff
35.8762869992484, 2.75279209257588597,#ffffff
35.8849394602420, 2.75002279294309382,#ffffff
35.8935831697463, 2.74722629733084567,#ffffff
35.9022180422804, 2.74440263339470913,#ffffff
35.9108439924508, 2.74155182905892625,#ffffff
35.9194609349524, 2.73867391251614256,#ffffff
35.9280687845691, 2.73576891222712604,#ffffff
35.9366674561748, 2.73283685692048417,#ffffff
35.9452568647340, 2.72987777559238332,#ffffff
35.9538369253030, 2.72689169750625826,#ffffff
35.9624075530303, 2.72387865219252623,#ffffff
35.9709686631580, 2.72083866944829200,#ffffff
35.9795201710221, 2.71777177933705483,#ffffff
35.9880619920535, 2.71467801218841043,#ffffff
35.9965940417792, 2.71155739859775258,#ffffff
36.0051162358225, 2.70840996942596846,#ffffff
36.0136284899044, 2.70523575579913311,#ffffff
36.0221307198441, 2.70203478910820527,#ffffff
36.0306228415599, 2.69880710100871246,#ffffff
36.0391047710701, 2.69555272342044105,#ffffff
36.0475764244939, 2.69227168852711918,#ffffff
36.0560377180519, 2.68896402877609875,#ffffff
36.0644885680673, 2.68562977687803484,#ffffff
36.0729288909667, 2.68226896580656193,#ffffff
36.0813586032805, 2.67888162879796710,#ffffff
36.0897776216443, 2.67546779935086398,#ffffff
36.0981858627993, 2.67202751122585713,#ffffff
36.1065832435933, 2.66856079844521243,#ffffff
36.1149696809816, 2.66506769529251875,#ffffff
36.1233450920277, 2.66154823631234771,#ffffff
36.1317093939040, 2.65800245630991494,#ffffff
36.1400625038929, 2.65443039035073269,#ffffff
36.1484043393874, 2.65083207376026619,#ffffff
36.1567348178922, 2.64720754212358100,#ffffff
36.1650538570240, 2.64355683128499486,#ffffff
36.1733613745128, 2.63987997734771929,#ffffff
36.1816572882026, 2.63617701667350657,#ffffff
36.1899415160521, 2.63244798588228512,#ffffff
36.1982139761354, 2.62869292185180337,#ffffff
36.2064745866433, 2.62491186171725932,#ffffff
36.2147232658834, 2.62110484287093826,#ffffff
36.2229599322817, 2.61727190296183876,#ffffff
36.2311845043827, 2.61341307989530369,#ffffff
36.2393969008507, 2.60952841183264228,#ffffff
36.2475970404701, 2.60561793719075618,#ffffff
36.2557848421469, 2.60168169464175669,#ffffff
36.2639602249089, 2.59771972311258281,#ffffff
36.2721231079068, 2.59373206178461846,#ffffff
36.2802734104148, 2.58971875009330210,#ffffff
36.2884110518316, 2.58567982772773863,#ffffff
36.2965359516811, 2.58161533463030546,#ffffff
36.3046480296132, 2.57752531099625903,#ffffff
36.3127472054046, 2.57340979727333652,#ffffff
36.3208333989596, 2.56926883416135565,#ffffff
36.3289065303108, 2.56510246261181241,#ffffff
36.3369665196202, 2.56091072382747642,#ffffff
36.3450132871796, 2.55669365926198289,#ffffff
36.3530467534114, 2.55245131061942265,#ffffff
36.3610668388699, 2.54818371985393100,#ffffff
36.3690734642415, 2.54389092916927018,#ffffff
36.3770665503458, 2.53957298101841555,#ffffff
36.3850460181361, 2.53522991810313236,#ffffff
36.3930117887007, 2.53086178337355605,#ffffff
36.4009637832632, 2.52646862002776507,#ffffff
36.4089019231832, 2.52205047151135675,#ffffff
36.4168261299577, 2.51760738151701347,#ffffff
36.4247363252214, 2.51313939398407538,#ffffff
36.4326324307473, 2.50864655309810214,#ffffff
36.4405143684481, 2.50412890329043769,#ffffff
36.4483820603763, 2.49958648923777060,#ffffff
36.4562354287256, 2.49501935586169177,#ffffff
36.4640743958309, 2.49042754832825075,#ffffff
36.4718988841701, 2.48581111204750815,#ffffff
36.4797088163638, 2.48117009267308886,#ffffff
36.4875041151767, 2.47650453610172683,#ffffff
36.4952847035183, 2.47181448847281615,#ffffff
36.5030505044436, 2.46709999616794784,#ffffff
36.5108014411536, 2.46236110581045997,#ffffff
36.5185374369966, 2.45759786426496740,#ffffff
36.5262584154685, 2.45281031863690613,#ffffff
36.5339643002136, 2.44799851627206255,#ffffff
36.5416550150257, 2.44316250475610719,#ffffff
36.5493304838485, 2.43830233191412349,#ffffff
36.5569906307764, 2.43341804581013532,#ffffff
36.5646353800556, 2.42850969474663092,#ffffff
36.5722646560842, 2.42357732726408592,#ffffff
36.5798783834135, 2.41862099214048420,#ffffff
36.5874764867487, 2.41364073839083204,#ffffff
36.5950588909494, 2.40863661526667805,#ffffff
36.6026255210303, 2.40360867225562247,#ffffff
36.6101763021623, 2.39855695908083000,#ffffff
36.6177111596729, 2.39348152570053552,#ffffff
36.6252300190472, 2.38838242230755382,#ffffff
36.6327328059285, 2.38325969932877957,#ffffff
36.6402194461190, 2.37811340742469124,#ffffff
36.6476898655805, 2.37294359748884798,#ffffff
36.6551439904353, 2.36775032064738777,#ffffff
36.6625817469669, 2.36253362825852165,#ffffff
36.6700030616206, 2.35729357191202471,#ffffff
36.6774078610043, 2.35203020342872815,#ffffff
36.6847960718892, 2.34674357486000407,#ffffff
36.6921676212106, 2.34143373848725300,#ffffff
36.6995224360686, 2.33610074682138480,#ffffff
36.7068604437287, 2.33074465260230168,#ffffff
36.7141815716227, 2.32536550879837511,#ffffff
36.7214857473493, 2.31996336860592134,#ffffff
36.7287728986747, 2.31453828544867823,#ffffff
36.7360429535338, 2.30909031297727330,#ffffff
36.7432958400303, 2.30361950506869517,#ffffff
36.7505314864378, 2.29812591582576076,#ffffff
36.7577498212002, 2.29260959957658050,#ffffff
36.7649507729329, 2.28707061087401842,#ffffff
36.7721342704230, 2.28150900449515781,#ffffff
36.7793002426302, 2.27592483544075375,#ffffff
36.7864486186878, 2.27031815893469302,#ffffff
36.7935793279026, 2.26468903042344660,#ffffff
36.8006922997567, 2.25903750557552208,#ffffff
36.8077874639072, 2.25336364028091118,#ffffff
36.8148647501874, 2.24766749065054006,#ffffff
36.8219240886074, 2.24194911301571187,#ffffff
36.8289654093550, 2.23620856392755085,#ffffff
36.8359886427958, 2.23044590015644317,#ffffff
36.8429937194747, 2.22466117869147428,#ffffff
36.8499805701157, 2.21885445673986759,#ffffff
36.8569491256234, 2.21302579172641556,#ffffff
36.8638993170833, 2.20717524129291576,#ffffff
36.8708310757623, 2.20130286329759617,#ffffff
36.8777443331097, 2.19540871581454811,#ffffff
36.8846390207578, 2.18949285713314756,#ffffff
36.8915150705226, 2.18355534575748100,#ffffff
36.8983724144042, 2.17759624040576538,#ffffff
36.9052109845878, 2.17161560000977083,#ffffff
36.9120307134445, 2.16561348371423268,#ffffff
36.9188315335313, 2.15958995087627059,#ffffff
36.9256133775926, 2.15354506106480059,#ffffff
36.9323761785600, 2.14747887405994398,#ffffff
36.9391198695539, 2.14139144985243979,#ffffff
36.9458443838835, 2.13528284864304840,#ffffff
36.9525496550474, 2.12915313084195734,#ffffff
36.9592356167350, 2.12300235706818397,#ffffff
36.9659022028262, 2.11683058814897596,#ffffff
36.9725493473927, 2.11063788511920913,#ffffff
36.9791769846986, 2.10442430922078527,#ffffff
36.9857850492006, 2.09818992190202458,#ffffff
36.9923734755493, 2.09193478481705997,#ffffff
36.9989421985892, 2.08565895982522553,#ffffff
37.0054911533599, 2.07936250899044639,#ffffff
37.0120202750964, 2.07304549458062315,#ffffff
37.0185294992298, 2.06670797906701820,#ffffff
37.0250187613879, 2.06035002512363574,#ffffff
37.0314879973962, 2.05397169562660409,#ffffff
37.0379371432779, 2.04757305365355213,#ffffff
37.0443661352552, 2.04115416248298720,#ffffff
37.0507749097494, 2.03471508559366709,#ffffff
37.0571634033817, 2.02825588666397438,#ffffff
37.0635315529740, 2.02177662957128490,#ffffff
37.0698792955494, 2.01527737839133891,#ffffff
37.0762065683327, 2.00875819739760342,#ffffff
37.0825133087512, 2.00221915106063975,#ffffff
37.0887994544353, 1.99566030404746431,#ffffff
37.0950649432189, 1.98908172122091020,#ffffff
37.1013097131404, 1.98248346763898442,#ffffff
37.1075337024429, 1.97586560855422633,#ffffff
37.1137368495751, 1.96922820941306043,#ffffff
37.1199190931919, 1.96257133585515020,#ffffff
37.1260803721548, 1.95589505371274863,#ffffff
37.1322206255327, 1.94919942901004761,#ffffff
37.1383397926022, 1.94248452796252402,#ffffff
37.1444378128489, 1.93575041697628625,#ffffff
37.1505146259671, 1.92899716264741672,#ffffff
37.1565701718609, 1.92222483176131287,#ffffff
37.1626043906450, 1.91543349129202767,#ffffff
37.1686172226446, 1.90862320840160637,#ffffff
37.1746086083967, 1.90179405043942329,#ffffff
37.1805784886504, 1.89494608494151473,#ffffff
37.1865268043672, 1.88807937962991113,#ffffff
37.1924534967222, 1.88119400241196932,#ffffff
37.1983585071040, 1.87429002137969847,#ffffff
37.2042417771159, 1.86736750480908720,#ffffff
37.2101032485761, 1.86042652115942975,#ffffff
37.2159428635183, 1.85346713907264737,#ffffff
37.2217605641925, 1.84648942737261001,#ffffff
37.2275562930653, 1.83949345506445749,#ffffff
37.2333299928207, 1.83247929133391341,#ffffff
37.2390816063603, 1.82544700554660411,#ffffff
37.2448110768044, 1.81839666724737103,#ffffff
37.2505183474921, 1.81132834615958394,#ffffff
37.2562033619823, 1.80424211218445052,#ffffff
37.2618660640536, 1.79713803540032635,#ffffff
37.2675063977056, 1.79001618606201984,#ffffff
37.2731243071590, 1.78287663460010015,#ffffff
37.2787197368561, 1.77571945162019751,#ffffff
37.2842926314618, 1.76854470790230822,#ffffff
37.2898429358637, 1.76135247440009191,#ffffff
37.2953705951727, 1.75414282224017182,#ffffff
37.3008755547238, 1.74691582272143098,#ffffff
37.3063577600765, 1.73967154731430562,#ffffff
37.3118171570152, 1.73241006766008065,#ffffff
37.3172536915500, 1.72513145557017911,#ffffff
37.3226673099171, 1.71783578302545381,#ffffff
37.3280579585790, 1.71052312217547398,#ffffff
37.3334255842258, 1.70319354533781286,#ffffff
37.3387701337751, 1.69584712499733214,#ffffff
37.3440915543726, 1.68848393380546424,#ffffff
37.3493897933928, 1.68110404457949558,#ffffff
37.3546647984397, 1.67370753030184538,#ffffff
37.3599165173466, 1.66629446411934290,#ffffff
37.3651448981774, 1.65886491934250757,#ffffff
37.3703498892269, 1.65141896944481936,#ffffff
37.3755314390208, 1.64395668806199535,#ffffff
37.3806894963170, 1.63647814899126143,#ffffff
37.3858240101056, 1.62898342619061998,#ffffff
37.3909349296094, 1.62147259377812203,#ffffff
37.3960222042848, 1.61394572603113051,#ffffff
37.4010857838218, 1.60640289738558995,#ffffff
37.4061256181448, 1.59884418243528592,#ffffff
37.4111416574131, 1.59126965593111080,#ffffff
37.4161338520212, 1.58367939278032210,#ffffff
37.4211021525995, 1.57607346804580417,#ffffff
37.4260465100147, 1.56845195694532280,#ffffff
37.4309668753701, 1.56081493485078493,#ffffff
37.4358632000066, 1.55316247728748968,#ffffff
37.4407354355025, 1.54549465993338453,#ffffff
37.4455835336745, 1.53781155861831387,#ffffff
37.4504074465781, 1.53011324932327253,#ffffff
37.4552071265078, 1.52239980817965148,#ffffff
37.4599825259978, 1.51467131146848688,#ffffff
37.4647335978224, 1.50692783561970423,#ffffff
37.4694602949966, 1.49916945721136297,#ffffff
37.4741625707763, 1.49139625296889977,#ffffff
37.4788403786590, 1.48360829976437070,#ffffff
37.4834936723842, 1.47580567461568712,#ffffff
37.4881224059336, 1.46798845468585903,#ffffff
37.4927265335322, 1.46015671728222740,#ffffff
37.4973060096480, 1.45231053985570346,#ffffff
37.5018607889929, 1.44445000000000001,#ffffff
37.5063908265229, 1.43657517545086644,#ffffff
37.5108960774390, 1.42868614408531691,#ffffff
37.5153764971870, 1.42078298392086366,#ffffff
37.5198320414585, 1.41286577311474271,#ffffff
37.5242626661909, 1.40493458996314247,#ffffff
37.5286683275681, 1.39698951290042905,#ffffff
37.5330489820211, 1.38903062049836956,#ffffff
37.5374045862278, 1.38105799146535779,#ffffff
37.5417350971141, 1.37307170464563266,#ffffff
37.5460404718540, 1.36507183901850060,#ffffff
37.5503206678702, 1.35705847369755350,#ffffff
37.5545756428341, 1.34903168792988670,#ffffff
37.5588053546667, 1.34099156109531559,#ffffff
37.5630097615390, 1.33293817270558934,#ffffff
37.5671888218720, 1.32487160240360691,#ffffff
37.5713424943374, 1.31679192996262628,#ffffff
37.5754707378581, 1.30869923528547893,#ffffff
37.5795735116083, 1.30059359840377686,#ffffff
37.5836507750142, 1.29247509947712191,#ffffff
37.5877024877543, 1.28434381879231574,#ffffff
37.5917286097597, 1.27619983676256110,#ffffff
37.5957291012147, 1.26804323392666940,#ffffff
37.5997039225568, 1.25987409094826419,#ffffff
37.6036530344777, 1.25169248861498339,#ffffff
37.6075763979231, 1.24349850783767946,#ffffff
37.6114739740934, 1.23529222964961982,#ffffff
37.6153457244442, 1.22707373520568597,#ffffff
37.6191916106862, 1.21884310578156962,#ffffff
37.6230115947860, 1.21060042277297075,#ffffff
37.6268056389665, 1.20234576769479085,#ffffff
37.6305737057070, 1.19407922218032780,#ffffff
37.6343157577437, 1.18580086798046769,#ffffff
37.6380317580700, 1.17751078696287914,#ffffff
37.6417216699371, 1.16920906111119938,#ffffff
37.6453854568541, 1.16089577252422638,#ffffff
37.6490230825885, 1.15257100341510643,#ffffff
37.6526345111664, 1.14423483611052013,#ffffff
37.6562197068732, 1.13588735304987032,#ffffff
37.6597786342534, 1.12752863678446413,#ffffff
37.6633112581116, 1.11915876997669894,#ffffff
37.6668175435125, 1.11077783539924324,#ffffff
37.6702974557809, 1.10238591593421908,#ffffff
37.6737509605028, 1.09398309457238208,#ffffff
37.6771780235253, 1.08556945441230068,#ffffff
37.6805786109569, 1.07714507865953335,#ffffff
37.6839526891679, 1.06871005062580937,#ffffff
37.6873002247908, 1.06026445372820000,#ffffff
37.6906211847206, 1.05180837148829620,#ffffff
37.6939155361151, 1.04334188753138291,#ffffff
37.6971832463954, 1.03486508558561119,#ffffff
37.7004242832457, 1.02637804948117028,#ffffff
37.7036386146144, 1.01788086314945869,#ffffff
37.7068262087137, 1.00937361062225506,#ffffff
37.7099870340203, 1.00085637603088529,#ffffff
37.7131210592757, 0.99232924360539176,#ffffff
37.7162282534864, 0.98379229767370080,#ffffff
37.7193085859242, 0.97524562266078740,#ffffff
37.7223620261265, 0.96668930308784062,#ffffff
37.7253885438968, 0.95812342357143010,#ffffff
37.7283881093047, 0.94954806882266496,#ffffff
37.7313606926864, 0.94096332364635948,#ffffff
37.7343062646450, 0.93236927294019289,#ffffff
37.7372247960506, 0.92376600169387058,#ffffff
37.7401162580409, 0.91515359498828297,#ffffff
37.7429806220210, 0.90653213799466414,#ffffff
37.7458178596643, 0.89790171597375068,#ffffff
37.7486279429122, 0.88926241427493624,#ffffff
37.7514108439749, 0.88061431833543025,#ffffff
37.7541665353312, 0.87195751367941055,#ffffff
37.7568949897290, 0.86329208591717921,#ffffff
37.7595961801857, 0.85461812074431465,#ffffff
37.7622700799882, 0.84593570394082640,#ffffff
37.7649166626934, 0.83724492137030382,#ffffff
37.7675359021282, 0.82854585897906863,#ffffff
37.7701277723900, 0.81983860279532528,#ffffff
37.7726922478469, 0.81112323892830895,#ffffff
37.7752293031378, 0.80239985356743504,#ffffff
37.7777389131729, 0.79366853298144635,#ffffff
37.7802210531337, 0.78492936351756026,#ffffff
37.7826756984734, 0.77618243160061384,#ffffff
37.7851028249172, 0.76742782373221097,#ffffff
37.7875024084622, 0.75866562648986502,#ffffff
37.7898744253782, 0.74989592652614334,#ffffff
37.7922188522074, 0.74111881056781070,#ffffff
37.7945356657649, 0.73233436541497210,#ffffff
37.7968248431389, 0.72354267794021276,#ffffff
37.7990863616909, 0.71474383508773998,#ffffff
37.8013201990559, 0.70593792387252285,#ffffff
37.8035263331426, 0.69712503137943294,#ffffff
37.8057047421339, 0.68830524476238164,#ffffff
37.8078554044866, 0.67947865124345896,#ffffff
37.8099782989320, 0.67064533811207072,#ffffff
37.8120734044760, 0.66180539272407590,#ffffff
37.8141407003995, 0.65295890250092170,#ffffff
37.8161801662581, 0.64410595492878009,#ffffff
37.8181917818828, 0.63524663755768107,#ffffff
37.8201755273800, 0.62638103800065015,#ffffff
37.8221313831318, 0.61750924393283746,#ffffff
37.8240593297960, 0.60863134309065381,#ffffff
37.8259593483063, 0.59974742327090202,#ffffff
37.8278314198729, 0.59085757232990888,#ffffff
37.8296755259821, 0.58196187818265588,#ffffff
37.8314916483969, 0.57306042880191044,#ffffff
37.8332797691570, 0.56415331221735543,#ffffff
37.8350398705790, 0.55524061651471890,#ffffff
37.8367719352566, 0.54632242983490287,#ffffff
37.8384759460608, 0.53739884037311125,#ffffff
37.8401518861400, 0.52846993637797834,#ffffff
37.8417997389203, 0.51953580615069539,#ffffff
37.8434194881054, 0.51059653804413907,#ffffff
37.8450111176770, 0.50165222046199509,#ffffff
37.8465746118949, 0.49270294185788560,#ffffff
37.8481099552972, 0.48374879073449417,#ffffff
37.8496171327003, 0.47478985564269049,#ffffff
37.8510961291991, 0.46582622518065470,#ffffff
37.8525469301673, 0.45685798799300098,#ffffff
37.8539695212575, 0.44788523276990150,#ffffff
37.8553638884010, 0.43890804824620844,#ffffff
37.8567300178086, 0.42992652320057739,#ffffff
37.8580678959700, 0.42094074645458873,#ffffff
37.8593775096544, 0.41195080687186941,#ffffff
37.8606588459107, 0.40295679335721363,#ffffff
37.8619118920672, 0.39395879485570606,#ffffff
37.8631366357321, 0.38495690035183860,#ffffff
37.8643330647935, 0.37595119886863271,#ffffff
37.8655011674194, 0.36694177946675821,#ffffff
37.8666409320580, 0.35792873124365310,#ffffff
37.8677523474378, 0.34891214333264198,#ffffff
37.8688354025676, 0.33989210490205479,#ffffff
37.8698900867367, 0.33086870515434474,#ffffff
37.8709163895149, 0.32184203332520661,#ffffff
37.8719143007527, 0.31281217868269368,#ffffff
37.8728838105814, 0.30377923052633549,#ffffff
37.8738249094132, 0.29474327818625423,#ffffff
37.8747375879413, 0.28570441102228122,#ffffff
37.8756218371397, 0.27666271842307522,#ffffff
37.8764776482639, 0.26761828980523483,#ffffff
37.8773050128504, 0.25857121461241694,#ffffff
37.8781039227171, 0.24952158231445126,#ffffff
37.8788743699632, 0.24046948240645569,#ffffff
37.8796163469697, 0.23141500440795121,#ffffff
37.8803298463987, 0.22235823786197659,#ffffff
37.8810148611942, 0.21329927233420293,#ffffff
37.8816713845818, 0.20423819741204785,#ffffff
37.8822994100691, 0.19517510270378949,#ffffff
37.8828989314451, 0.18611007783768044,#ffffff
37.8834699427810, 0.17704321246106069,#ffffff
37.8840124384299, 0.16797459623947364,#ffffff
37.8845264130268, 0.15890431885577547,#ffffff
37.8850118614888, 0.14983247000925082,#ffffff
37.8854687790152, 0.14075913941472518,#ffffff
37.8858971610873, 0.13168441680167756,#ffffff
37.8862970034687, 0.12260839191335311,#ffffff
37.8866683022053, 0.11353115450587570,#ffffff
37.8870110536250, 0.10445279434736023,#ffffff
37.8873252543384, 0.09537340121702484,#ffffff
37.8876109012382, 0.08629306490430325,#ffffff
37.8878679914994, 0.07721187520795647,#ffffff
37.8880965225797, 0.06812992193518509,#ffffff
37.8882964922191, 0.05904729490074025,#ffffff
37.8884678984398, 0.04996408392603811,#ffffff
37.8886107395470, 0.04088037883826773,#ffffff
37.8887250141278, 0.03179626946950526,#ffffff
37.8888107210523, 0.02271184565582492,#ffffff
37.8888678594729, 0.01362719723641062,#ffffff
37.8888964288244, 0.00454241405266743,#ffffff
37.8888964288244,-0.00454241405266679,#ffffff
37.8888678594729,-0.01362719723640997,#ffffff
37.8888107210523,-0.02271184565582428,#ffffff
37.8887250141278,-0.03179626946950462,#ffffff
37.8886107395470,-0.04088037883826709,#ffffff
37.8884678984398,-0.04996408392603747,#ffffff
37.8882964922191,-0.05904729490074025,#ffffff
37.8880965225797,-0.06812992193518444,#ffffff
37.8878679914994,-0.07721187520795583,#ffffff
37.8876109012382,-0.08629306490430259,#ffffff
37.8873252543384,-0.09537340121702420,#ffffff
37.8870110536250,-0.10445279434735959,#ffffff
37.8866683022053,-0.11353115450587506,#ffffff
37.8862970034687,-0.12260839191335247,#ffffff
37.8858971610873,-0.13168441680167692,#ffffff
37.8854687790152,-0.14075913941472454,#ffffff
37.8850118614888,-0.14983247000925015,#ffffff
37.8845264130268,-0.15890431885577483,#ffffff
37.8840124384299,-0.16797459623947300,#ffffff
37.8834699427810,-0.17704321246106069,#ffffff
37.8828989314451,-0.18611007783767980,#ffffff
37.8822994100691,-0.19517510270378885,#ffffff
37.8816713845818,-0.20423819741204721,#ffffff
37.8810148611942,-0.21329927233420229,#ffffff
37.8803298463987,-0.22235823786197595,#ffffff
37.8796163469697,-0.23141500440795054,#ffffff
37.8788743699632,-0.24046948240645505,#ffffff
37.8781039227171,-0.24952158231445062,#ffffff
37.8773050128504,-0.25857121461241633,#ffffff
37.8764776482639,-0.26761828980523422,#ffffff
37.8756218371397,-0.27666271842307455,#ffffff
37.8747375879413,-0.28570441102228056,#ffffff
37.8738249094132,-0.29474327818625362,#ffffff
37.8728838105814,-0.30377923052633482,#ffffff
37.8719143007527,-0.31281217868269301,#ffffff
37.8709163895149,-0.32184203332520595,#ffffff
37.8698900867367,-0.33086870515434413,#ffffff
37.8688354025676,-0.33989210490205418,#ffffff
37.8677523474378,-0.34891214333264137,#ffffff
37.8666409320580,-0.35792873124365243,#ffffff
37.8655011674194,-0.36694177946675754,#ffffff
37.8643330647935,-0.37595119886863204,#ffffff
37.8631366357321,-0.38495690035183799,#ffffff
37.8619118920672,-0.39395879485570540,#ffffff
37.8606588459107,-0.40295679335721296,#ffffff
37.8593775096544,-0.41195080687186875,#ffffff
37.8580678959700,-0.42094074645458807,#ffffff
37.8567300178086,-0.42992652320057684,#ffffff
37.8553638884010,-0.43890804824620788,#ffffff
37.8539695212575,-0.44788523276990089,#ffffff
37.8525469301673,-0.45685798799300043,#ffffff
37.8510961291991,-0.46582622518065403,#ffffff
37.8496171327003,-0.47478985564268988,#ffffff
37.8481099552972,-0.48374879073449356,#ffffff
37.8465746118949,-0.49270294185788499,#ffffff
37.8450111176770,-0.50165222046199442,#ffffff
37.8434194881054,-0.51059653804413851,#ffffff
37.8417997389203,-0.51953580615069539,#ffffff
37.8401518861400,-0.52846993637797779,#ffffff
37.8384759460608,-0.53739884037311059,#ffffff
37.8367719352566,-0.54632242983490220,#ffffff
37.8350398705790,-0.55524061651471834,#ffffff
37.8332797691570,-0.56415331221735476,#ffffff
37.8314916483969,-0.57306042880190977,#ffffff
37.8296755259821,-0.58196187818265521,#ffffff
37.8278314198729,-0.59085757232990821,#ffffff
37.8259593483063,-0.59974742327090147,#ffffff
37.8240593297960,-0.60863134309065325,#ffffff
37.8221313831318,-0.61750924393283690,#ffffff
37.8201755273800,-0.62638103800064948,#ffffff
37.8181917818828,-0.63524663755768107,#ffffff
37.8161801662581,-0.64410595492877942,#ffffff
37.8141407003995,-0.65295890250092115,#ffffff
37.8120734044760,-0.66180539272407524,#ffffff
37.8099782989320,-0.67064533811207017,#ffffff
37.8078554044866,-0.67947865124345830,#ffffff
37.8057047421339,-0.68830524476238109,#ffffff
37.8035263331426,-0.69712503137943238,#ffffff
37.8013201990559,-0.70593792387252230,#ffffff
37.7990863616909,-0.71474383508773931,#ffffff
37.7968248431389,-0.72354267794021210,#ffffff
37.7945356657649,-0.73233436541497143,#ffffff
37.7922188522074,-0.74111881056781004,#ffffff
37.7898744253782,-0.74989592652614279,#ffffff
37.7875024084622,-0.75866562648986435,#ffffff
37.7851028249172,-0.76742782373221041,#ffffff
37.7826756984734,-0.77618243160061340,#ffffff
37.7802210531337,-0.78492936351755960,#ffffff
37.7777389131729,-0.79366853298144591,#ffffff
37.7752293031378,-0.80239985356743437,#ffffff
37.7726922478469,-0.81112323892830829,#ffffff
37.7701277723900,-0.81983860279532461,#ffffff
37.7675359021282,-0.82854585897906818,#ffffff
37.7649166626934,-0.83724492137030315,#ffffff
37.7622700799882,-0.84593570394082573,#ffffff
37.7595961801857,-0.85461812074431398,#ffffff
37.7568949897290,-0.86329208591717865,#ffffff
37.7541665353312,-0.87195751367940999,#ffffff
37.7514108439749,-0.88061431833542969,#ffffff
37.7486279429122,-0.88926241427493580,#ffffff
37.7458178596643,-0.89790171597375001,#ffffff
37.7429806220210,-0.90653213799466370,#ffffff
37.7401162580409,-0.91515359498828242,#ffffff
37.7372247960506,-0.92376600169387013,#ffffff
37.7343062646450,-0.93236927294019245,#ffffff
37.7313606926864,-0.94096332364635893,#ffffff
37.7283881093047,-0.94954806882266429,#ffffff
37.7253885438968,-0.95812342357142943,#ffffff
37.7223620261265,-0.96668930308784062,#ffffff
37.7193085859242,-0.97524562266078674,#ffffff
37.7162282534864,-0.98379229767370013,#ffffff
37.7131210592757,-0.99232924360539110,#ffffff
37.7099870340203,-1.00085637603088462,#ffffff
37.7068262087137,-1.00937361062225439,#ffffff
37.7036386146144,-1.01788086314945825,#ffffff
37.7004242832457,-1.02637804948116962,#ffffff
37.6971832463954,-1.03486508558561052,#ffffff
37.6939155361151,-1.04334188753138246,#ffffff
37.6906211847206,-1.05180837148829553,#ffffff
37.6873002247908,-1.06026445372819933,#ffffff
37.6839526891679,-1.06871005062580893,#ffffff
37.6805786109569,-1.07714507865953335,#ffffff
37.6771780235253,-1.08556945441230002,#ffffff
37.6737509605028,-1.09398309457238163,#ffffff
37.6702974557809,-1.10238591593421864,#ffffff
37.6668175435125,-1.11077783539924257,#ffffff
37.6633112581116,-1.11915876997669828,#ffffff
37.6597786342534,-1.12752863678446369,#ffffff
37.6562197068732,-1.13588735304986987,#ffffff
37.6526345111664,-1.14423483611051968,#ffffff
37.6490230825885,-1.15257100341510577,#ffffff
37.6453854568541,-1.16089577252422571,#ffffff
37.6417216699371,-1.16920906111119871,#ffffff
37.6380317580700,-1.17751078696287848,#ffffff
37.6343157577437,-1.18580086798046769,#ffffff
37.6305737057070,-1.19407922218032714,#ffffff
37.6268056389665,-1.20234576769479018,#ffffff
37.6230115947860,-1.21060042277296964,#ffffff
37.6191916106862,-1.21884310578156918,#ffffff
37.6153457244442,-1.22707373520568486,#ffffff
37.6114739740934,-1.23529222964961938,#ffffff
37.6075763979231,-1.24349850783767946,#ffffff
37.6036530344777,-1.25169248861498295,#ffffff
37.5997039225568,-1.25987409094826419,#ffffff
37.5957291012147,-1.26804323392666873,#ffffff
37.5917286097597,-1.27619983676256110,#ffffff
37.5877024877543,-1.28434381879231529,#ffffff
37.5836507750142,-1.29247509947712191,#ffffff
37.5795735116083,-1.30059359840377575,#ffffff
37.5754707378581,-1.30869923528547827,#ffffff
37.5713424943374,-1.31679192996262517,#ffffff
37.5671888218720,-1.32487160240360624,#ffffff
37.5630097615390,-1.33293817270558823,#ffffff
37.5588053546667,-1.34099156109531492,#ffffff
37.5545756428341,-1.34903168792988670,#ffffff
37.5503206678702,-1.35705847369755306,#ffffff
37.5460404718540,-1.36507183901850060,#ffffff
37.5417350971141,-1.37307170464563222,#ffffff
37.5374045862278,-1.38105799146535779,#ffffff
37.5330489820211,-1.38903062049836890,#ffffff
37.5286683275681,-1.39698951290042839,#ffffff
37.5242626661909,-1.40493458996314136,#ffffff
37.5198320414585,-1.41286577311474226,#ffffff
37.5153764971870,-1.42078298392086255,#ffffff
37.5108960774390,-1.42868614408531647,#ffffff
37.5063908265229,-1.43657517545086533,#ffffff
37.5018607889929,-1.44444999999999957,#ffffff
37.4973060096480,-1.45231053985570346,#ffffff
37.4927265335322,-1.46015671728222673,#ffffff
37.4881224059336,-1.46798845468585903,#ffffff
37.4834936723842,-1.47580567461568690,#ffffff
37.4788403786590,-1.48360829976437070,#ffffff
37.4741625707763,-1.49139625296889955,#ffffff
37.4694602949966,-1.49916945721136252,#ffffff
37.4647335978224,-1.50692783561970289,#ffffff
37.4599825259978,-1.51467131146848621,#ffffff
37.4552071265078,-1.52239980817965059,#ffffff
37.4504074465781,-1.53011324932327208,#ffffff
37.4455835336745,-1.53781155861831298,#ffffff
37.4407354355025,-1.54549465993338386,#ffffff
37.4358632000066,-1.55316247728748968,#ffffff
37.4309668753701,-1.56081493485078449,#ffffff
37.4260465100147,-1.56845195694532280,#ffffff
37.4211021525995,-1.57607346804580351,#ffffff
37.4161338520212,-1.58367939278032210,#ffffff
37.4111416574131,-1.59126965593110992,#ffffff
37.4061256181448,-1.59884418243528548,#ffffff
37.4010857838218,-1.60640289738558928,#ffffff
37.3960222042848,-1.61394572603113029,#ffffff
37.3909349296094,-1.62147259377812070,#ffffff
37.3858240101056,-1.62898342619061953,#ffffff
37.3806894963170,-1.63647814899126010,#ffffff
37.3755314390208,-1.64395668806199491,#ffffff
37.3703498892269,-1.65141896944481936,#ffffff
37.3651448981774,-1.65886491934250691,#ffffff
37.3599165173466,-1.66629446411934290,#ffffff
37.3546647984397,-1.67370753030184449,#ffffff
37.3493897933928,-1.68110404457949536,#ffffff
37.3440915543726,-1.68848393380546358,#ffffff
37.3387701337751,-1.69584712499733170,#ffffff
37.3334255842258,-1.70319354533781220,#ffffff
37.3280579585790,-1.71052312217547375,#ffffff
37.3226673099171,-1.71783578302545292,#ffffff
37.3172536915500,-1.72513145557017866,#ffffff
37.3118171570152,-1.73241006766008065,#ffffff
37.3063577600765,-1.73967154731430496,#ffffff
37.3008755547238,-1.74691582272143098,#ffffff
37.2953705951727,-1.75414282224017115,#ffffff
37.2898429358637,-1.76135247440009168,#ffffff
37.2842926314618,-1.76854470790230733,#ffffff
37.2787197368561,-1.77571945162019729,#ffffff
37.2731243071590,-1.78287663460009926,#ffffff
37.2675063977056,-1.79001618606201984,#ffffff
37.2618660640536,-1.79713803540032546,#ffffff
37.2562033619823,-1.80424211218445008,#ffffff
37.2505183474921,-1.81132834615958282,#ffffff
37.2448110768044,-1.81839666724737059,#ffffff
37.2390816063603,-1.82544700554660411,#ffffff
37.2333299928207,-1.83247929133391274,#ffffff
37.2275562930653,-1.83949345506445749,#ffffff
37.2217605641925,-1.84648942737260979,#ffffff
37.2159428635183,-1.85346713907264715,#ffffff
37.2101032485761,-1.86042652115942908,#ffffff
37.2042417771159,-1.86736750480908675,#ffffff
37.1983585071040,-1.87429002137969758,#ffffff
37.1924534967222,-1.88119400241196932,#ffffff
37.1865268043672,-1.88807937962991046,#ffffff
37.1805784886504,-1.89494608494151406,#ffffff
37.1746086083967,-1.90179405043942218,#ffffff
37.1686172226446,-1.90862320840160571,#ffffff
37.1626043906450,-1.91543349129202767,#ffffff
37.1565701718609,-1.92222483176131220,#ffffff
37.1505146259671,-1.92899716264741672,#ffffff
37.1444378128489,-1.93575041697628558,#ffffff
37.1383397926022,-1.94248452796252402,#ffffff
37.1322206255327,-1.94919942901004672,#ffffff
37.1260803721548,-1.95589505371274841,#ffffff
37.1199190931919,-1.96257133585514953,#ffffff
37.1137368495751,-1.96922820941306043,#ffffff
37.1075337024429,-1.97586560855422566,#ffffff
37.1013097131404,-1.98248346763898420,#ffffff
37.0950649432189,-1.98908172122090909,#ffffff
37.0887994544353,-1.99566030404746364,#ffffff
37.0825133087512,-2.00221915106063975,#ffffff
37.0762065683327,-2.00875819739760297,#ffffff
37.0698792955494,-2.01527737839133891,#ffffff
37.0635315529740,-2.02177662957128490,#ffffff
37.0571634033817,-2.02825588666397394,#ffffff
37.0507749097494,-2.03471508559366665,#ffffff
37.0443661352552,-2.04115416248298720,#ffffff
37.0379371432779,-2.04757305365355169,#ffffff
37.0314879973962,-2.05397169562660409,#ffffff
37.0250187613879,-2.06035002512363485,#ffffff
37.0185294992298,-2.06670797906701731,#ffffff
37.0120202750964,-2.07304549458062226,#ffffff
37.0054911533599,-2.07936250899044595,#ffffff
36.9989421985892,-2.08565895982522553,#ffffff
36.9923734755493,-2.09193478481705997,#ffffff
36.9857850492006,-2.09818992190202458,#ffffff
36.9791769846986,-2.10442430922078483,#ffffff
36.9725493473927,-2.11063788511920913,#ffffff
36.9659022028262,-2.11683058814897507,#ffffff
36.9592356167350,-2.12300235706818397,#ffffff
36.9525496550474,-2.12915313084195645,#ffffff
36.9458443838835,-2.13528284864304796,#ffffff
36.9391198695539,-2.14139144985243890,#ffffff
36.9323761785600,-2.14747887405994353,#ffffff
36.9256133775926,-2.15354506106479926,#ffffff
36.9188315335313,-2.15958995087627015,#ffffff
36.9120307134445,-2.16561348371423268,#ffffff
36.9052109845879,-2.17161560000977039,#ffffff
36.8983724144042,-2.17759624040576538,#ffffff
36.8915150705226,-2.18355534575748012,#ffffff
36.8846390207578,-2.18949285713314756,#ffffff
36.8777443331097,-2.19540871581454766,#ffffff
36.8708310757623,-2.20130286329759617,#ffffff
36.8638993170833,-2.20717524129291487,#ffffff
36.8569491256234,-2.21302579172641511,#ffffff
36.8499805701157,-2.21885445673986670,#ffffff
36.8429937194747,-2.22466117869147428,#ffffff
36.8359886427958,-2.23044590015644228,#ffffff
36.8289654093550,-2.23620856392755041,#ffffff
36.8219240886074,-2.24194911301571187,#ffffff
36.8148647501874,-2.24766749065053961,#ffffff
36.8077874639072,-2.25336364028091118,#ffffff
36.8006922997567,-2.25903750557552119,#ffffff
36.7935793279026,-2.26468903042344660,#ffffff
36.7864486186878,-2.27031815893469258,#ffffff
36.7793002426302,-2.27592483544075330,#ffffff
36.7721342704230,-2.28150900449515737,#ffffff
36.7649507729329,-2.28707061087401842,#ffffff
36.7577498212002,-2.29260959957657917,#ffffff
36.7505314864378,-2.29812591582576031,#ffffff
36.7432958400303,-2.30361950506869428,#ffffff
36.7360429535338,-2.30909031297727285,#ffffff
36.7287728986747,-2.31453828544867823,#ffffff
36.7214857473493,-2.31996336860592134,#ffffff
36.7141815716227,-2.32536550879837511,#ffffff
36.7068604437287,-2.33074465260230124,#ffffff
36.6995224360686,-2.33610074682138480,#ffffff
36.6921676212106,-2.34143373848725211,#ffffff
36.6847960718892,-2.34674357486000407,#ffffff
36.6774078610043,-2.35203020342872726,#ffffff
36.6700030616206,-2.35729357191202427,#ffffff
36.6625817469669,-2.36253362825852076,#ffffff
36.6551439904353,-2.36775032064738733,#ffffff
36.6476898655805,-2.37294359748884709,#ffffff
36.6402194461190,-2.37811340742469080,#ffffff
36.6327328059285,-2.38325969932877957,#ffffff
36.6252300190472,-2.38838242230755338,#ffffff
36.6177111596729,-2.39348152570053552,#ffffff
36.6101763021623,-2.39855695908082911,#ffffff
36.6026255210303,-2.40360867225562247,#ffffff
36.5950588909494,-2.40863661526667761,#ffffff
36.5874764867487,-2.41364073839083204,#ffffff
36.5798783834135,-2.41862099214048332,#ffffff
36.5722646560842,-2.42357732726408592,#ffffff
36.5646353800556,-2.42850969474663048,#ffffff
36.5569906307764,-2.43341804581013488,#ffffff
36.5493304838485,-2.43830233191412304,#ffffff
36.5416550150257,-2.44316250475610675,#ffffff
36.5339643002136,-2.44799851627206255,#ffffff
36.5262584154685,-2.45281031863690568,#ffffff
36.5185374369966,-2.45759786426496740,#ffffff
36.5108014411536,-2.46236110581045908,#ffffff
36.5030505044436,-2.46709999616794784,#ffffff
36.4952847035183,-2.47181448847281526,#ffffff
36.4875041151767,-2.47650453610172683,#ffffff
36.4797088163638,-2.48117009267308841,#ffffff
36.4718988841701,-2.48581111204750815,#ffffff
36.4640743958309,-2.49042754832824986,#ffffff
36.4562354287256,-2.49501935586169132,#ffffff
36.4483820603763,-2.49958648923776972,#ffffff
36.4405143684481,-2.50412890329043769,#ffffff
36.4326324307473,-2.50864655309810214,#ffffff
36.4247363252214,-2.51313939398407493,#ffffff
36.4168261299577,-2.51760738151701347,#ffffff
36.4089019231832,-2.52205047151135631,#ffffff
36.4009637832632,-2.52646862002776507,#ffffff
36.3930117887007,-2.53086178337355561,#ffffff
36.3850460181361,-2.53522991810313236,#ffffff
36.3770665503458,-2.53957298101841511,#ffffff
36.3690734642415,-2.54389092916926973,#ffffff
36.3610668388699,-2.54818371985393011,#ffffff
36.3530467534114,-2.55245131061942221,#ffffff
36.3450132871796,-2.55669365926198289,#ffffff
36.3369665196202,-2.56091072382747598,#ffffff
36.3289065303108,-2.56510246261181241,#ffffff
36.3208333989596,-2.56926883416135521,#ffffff
36.3127472054046,-2.57340979727333652,#ffffff
36.3046480296132,-2.57752531099625903,#ffffff
36.2965359516811,-2.58161533463030546,#ffffff
36.2884110518316,-2.58567982772773819,#ffffff
36.2802734104148,-2.58971875009330210,#ffffff
36.2721231079068,-2.59373206178461846,#ffffff
36.2639602249089,-2.59771972311258237,#ffffff
36.2557848421469,-2.60168169464175580,#ffffff
36.2475970404701,-2.60561793719075574,#ffffff
36.2393969008507,-2.60952841183264228,#ffffff
36.2311845043827,-2.61341307989530325,#ffffff
36.2229599322817,-2.61727190296183876,#ffffff
36.2147232658834,-2.62110484287093781,#ffffff
36.2064745866433,-2.62491186171725932,#ffffff
36.1982139761354,-2.62869292185180248,#ffffff
36.1899415160521,-2.63244798588228512,#ffffff
36.1816572882026,-2.63617701667350612,#ffffff
36.1733613745128,-2.63987997734771929,#ffffff
36.1650538570240,-2.64355683128499441,#ffffff
36.1567348178922,-2.64720754212358100,#ffffff
36.1484043393874,-2.65083207376026531,#ffffff
36.1400625038929,-2.65443039035073225,#ffffff
36.1317093939040,-2.65800245630991494,#ffffff
36.1233450920277,-2.66154823631234771,#ffffff
36.1149696809816,-2.66506769529251875,#ffffff
36.1065832435933,-2.66856079844521243,#ffffff
36.0981858627993,-2.67202751122585713,#ffffff
36.0897776216443,-2.67546779935086354,#ffffff
36.0813586032805,-2.67888162879796710,#ffffff
36.0729288909667,-2.68226896580656149,#ffffff
36.0644885680673,-2.68562977687803484,#ffffff
36.0560377180519,-2.68896402877609830,#ffffff
36.0475764244939,-2.69227168852711918,#ffffff
36.0391047710701,-2.69555272342044061,#ffffff
36.0306228415599,-2.69880710100871202,#ffffff
36.0221307198441,-2.70203478910820527,#ffffff
36.0136284899044,-2.70523575579913311,#ffffff
36.0051162358225,-2.70840996942596846,#ffffff
35.9965940417792,-2.71155739859775258,#ffffff
35.9880619920535,-2.71467801218841043,#ffffff
35.9795201710221,-2.71777177933705438,#ffffff
35.9709686631580,-2.72083866944829200,#ffffff
35.9624075530303,-2.72387865219252578,#ffffff
35.9538369253030,-2.72689169750625782,#ffffff
35.9452568647340,-2.72987777559238287,#ffffff
35.9366674561748,-2.73283685692048417,#ffffff
35.9280687845691,-2.73576891222712515,#ffffff
35.9194609349524,-2.73867391251614256,#ffffff
35.9108439924508,-2.74155182905892625,#ffffff
35.9022180422804,-2.74440263339470869,#ffffff
35.8935831697463,-2.74722629733084567,#ffffff
35.8849394602420,-2.75002279294309337,#ffffff
35.8762869992484,-2.75279209257588597,#ffffff
35.8676258723326,-2.75553416884260693,#ffffff
35.8589561651478,-2.75824899462586481,#ffffff
35.8502779634319,-2.76093654307775527,#ffffff
35.8415913530067,-2.76359678762013061,#ffffff
35.8328964197774,-2.76622970194486051,#ffffff
35.8241932497313,-2.76883526001409486,#ffffff
35.8154819289373,-2.77141343606051826,#ffffff
35.8067625435447,-2.77396420458760673,#ffffff
35.7980351797827,-2.77648754036987899,#ffffff
35.7892999239595,-2.77898341845314567,#ffffff
35.7805568624612,-2.78145181415475751,#ffffff
35.7718060817510,-2.78389270306384828,#ffffff
35.7630476683687,-2.78630606104157597,#ffffff
35.7542817089295,-2.78869186422136250,#ffffff
35.7455082901230,-2.79105008900912965,#ffffff
35.7367274987129,-2.79338071208353123,#ffffff
35.7279394215355,-2.79568371039618446,#ffffff
35.7191441454994,-2.79795906117189830,#ffffff
35.7103417575843,-2.80020674190889896,#ffffff
35.7015323448402,-2.80242673037904932,#ffffff
35.6927159943866,-2.80461900462807412,#ffffff
35.6838927934116,-2.80678354297577304,#ffffff
35.6750628291711,-2.80892032401623482,#ffffff
35.6662261889878,-2.81102932661805305,#ffffff
35.6573829602505,-2.81311052992453003,#ffffff
35.6485332304131,-2.81516391335388683,#ffffff
35.6396770869937,-2.81718945659946440,#ffffff
35.6308146175742,-2.81918713962992751,#ffffff
35.6219459097985,-2.82115694268945738,#ffffff
35.6130710513726,-2.82309884629795382,#ffffff
35.6041901300633,-2.82501283125122171,#ffffff
35.5953032336972,-2.82689887862116684,#ffffff
35.5864104501601,-2.82875696975597668,#ffffff
35.5775118673959,-2.83058708628030997,#ffffff
35.5686075734061,-2.83238921009547662,#ffffff
35.5596976562483,-2.83416332337961574,#ffffff
35.5507822040360,-2.83590940858787377,#ffffff
35.5418613049375,-2.83762744845257586,#ffffff
35.5329350471746,-2.83931742598339953,#ffffff
35.5240035190225,-2.84097932446753898,#ffffff
35.5150668088083,-2.84261312746987382,#ffffff
35.5061250049103,-2.84421881883312944,#ffffff
35.4971781957574,-2.84579638267803814,#ffffff
35.4882264698278,-2.84734580340349464,#ffffff
35.4792699156484,-2.84886706568671233,#ffffff
35.4703086217937,-2.85036015448337166,#ffffff
35.4613426768855,-2.85182505502777373,#ffffff
35.4523721695910,-2.85326175283298200,#ffffff
35.4433971886230,-2.85467023369096662,#ffffff
35.4344178227383,-2.85605048367274694,#ffffff
35.4254341607371,-2.85740248912852612,#ffffff
35.4164462914622,-2.85872623668782966,#ffffff
35.4074543037979,-2.86002171325963328,#ffffff
35.3984582866692,-2.86128890603249753,#ffffff
35.3894583290410,-2.86252780247468941,#ffffff
35.3804545199172,-2.86373839033431032,#ffffff
35.3714469483398,-2.86492065763941461,#ffffff
35.3624357033879,-2.86607459269812948,#ffffff
35.3534208741769,-2.86720018409876953,#ffffff
35.3444025498579,-2.86829742070995053,#ffffff
35.3353808196164,-2.86936629168069901,#ffffff
35.3263557726714,-2.87040678644055980,#ffffff
35.3173274982751,-2.87141889469970035,#ffffff
35.3082960857113,-2.87240260644901202,#ffffff
35.2992616242950,-2.87335791196021129,#ffffff
35.2902242033711,-2.87428480178593171,#ffffff
35.2811839123142,-2.87518326675982294,#ffffff
35.2721408405269,-2.87605329799663556,#ffffff
35.2630950774394,-2.87689488689231343,#ffffff
35.2540467125087,-2.87770802512407675,#ffffff
35.2449958352173,-2.87849270465050511,#ffffff
35.2359425350726,-2.87924891771161517,#ffffff
35.2268869016061,-2.87997665682894066,#ffffff
35.2178290243721,-2.88067591480560337,#ffffff
35.2087689929474,-2.88134668472638555,#ffffff
35.1997068969299,-2.88198895995780013,#ffffff
35.1906428259379,-2.88260273414815105,#ffffff
35.1815768696095,-2.88318800122760166,#ffffff
35.1725091176011,-2.88374475540823250,#ffffff
35.1634396595871,-2.88427299118409852,#ffffff
35.1543685852585,-2.88477270333128244,#ffffff
35.1452959843227,-2.88524388690794886,#ffffff
35.1362219465019,-2.88568653725439139,#ffffff
35.1271465615325,-2.88610064999307880,#ffffff
35.1180699191643,-2.88648622102869945,#ffffff
35.1089921091595,-2.88684324654820035,#ffffff
35.0999132212921,-2.88717172302082581,#ffffff
35.0908333453462,-2.88747164719815208,#ffffff
35.0817525711163,-2.88774301611411932,#ffffff
35.0726709884054,-2.88798582708506135,#ffffff
35.0635886870245,-2.88820007770973231,#ffffff
35.0545057567918,-2.88838576586932883,#ffffff
35.0454222875319,-2.88854288972751272,#ffffff
35.0363383690743,-2.88867144773042961,#ffffff
35.0272540912534,-2.88877143860672225,#ffffff
35.0181695439068,-2.88884286136754387,#ffffff
35.0090848168749,-2.88888571530656968,#ffffff
35.0000000000000,-2.88890000000000002,#ffffff
35.0000000000000,-2.88890000000000002,#ffffff
35.0000000000000,-3.00000000000000000,#ffffff
35.0000000000000,-3.00000000000000000,#ffffff
35.0000000000000,-3.00000000000000000,#ffffff
34.9905658033768,-2.99998516595233777,#ffffff
34.9811317000518,-2.99994066395604975,#ffffff
34.9716977833223,-2.99986649445123277,#ffffff
34.9622641464838,-2.99976265817137655,#ffffff
34.9528308828289,-2.99962915614335479,#ffffff
34.9433980856466,-2.99946598968741940,#ffffff
34.9339658482213,-2.99927316041718184,#ffffff
34.9245342638319,-2.99905067023960115,#ffffff
34.9151034257506,-2.99879852135496527,#ffffff
34.9056734272426,-2.99851671625686445,#ffffff
34.8962443615645,-2.99820525773217383,#ffffff
34.8868163219638,-2.99786414886102026,#ffffff
34.8773894016779,-2.99749339301675288,#ffffff
34.8679636939329,-2.99709299386591299,#ffffff
34.8585392919431,-2.99666295536819360,#ffffff
34.8491162889099,-2.99620328177640172,#ffffff
34.8396947780208,-2.99571397763641789,#ffffff
34.8302748524486,-2.99519504778714918,#ffffff
34.8208566053504,-2.99464649736048250,#ffffff
34.8114401298666,-2.99406833178123311,#ffffff
34.8020255191201,-2.99346055676709222,#ffffff
34.7926128662156,-2.99282317832856792,#ffffff
34.7832022642382,-2.99215620276892880,#ffffff
34.7737938062528,-2.99145963668413906,#ffffff
34.7643875853030,-2.99073348696279595,#ffffff
34.7549836944104,-2.98997776078605870,#ffffff
34.7455822265735,-2.98919246562757968,#ffffff
34.7361832747668,-2.98837760925342888,#ffffff
34.7267869319401,-2.98753319972201892,#ffffff
34.7173932910171,-2.98665924538402372,#ffffff
34.7080024448951,-2.98575575488229727,#ffffff
34.6986144864435,-2.98482273715178614,#ffffff
34.6892295085033,-2.98386020141944464,#ffffff
34.6798476038859,-2.98286815720413889,#ffffff
34.6704688653725,-2.98184661431655673,#ffffff
34.6610933857128,-2.98079558285910862,#ffffff
34.6517212576243,-2.97971507322582907,#ffffff
34.6423525737915,-2.97860509610227098,#ffffff
34.6329874268646,-2.97746566246540523,#ffffff
34.6236259094591,-2.97629678358350525,#ffffff
34.6142681141544,-2.97509847101604219,#ffffff
34.6049141334931,-2.97387073661356638,#ffffff
34.5955640599802,-2.97261359251759139,#ffffff
34.5862179860820,-2.97132705116047369,#ffffff
34.5768760042252,-2.97001112526529143,#ffffff
34.5675382067961,-2.96866582784571609,#ffffff
34.5582046861396,-2.96729117220588412,#ffffff
34.5488755345582,-2.96588717194026774,#ffffff
34.5395508443113,-2.96445384093353859,#ffffff
34.5302307076143,-2.96299119336042960,#ffffff
34.5209152166373,-2.96149924368559692,#ffffff
34.5116044635047,-2.95997800666347599,#ffffff
34.5022985402939,-2.95842749733813459,#ffffff
34.4929975390345,-2.95684773104312537,#ffffff
34.4837015517075,-2.95523872340133442,#ffffff
34.4744106702444,-2.95360049032482586,#ffffff
34.4651249865261,-2.95193304801468459,#ffffff
34.4558445923820,-2.95023641296085604,#ffffff
34.4465695795895,-2.94851060194198444,#ffffff
34.4373000398725,-2.94675563202524415,#ffffff
34.4280360649008,-2.94497152056617439,#ffffff
34.4187777462893,-2.94315828520850431,#ffffff
34.4095251755969,-2.94131594388398021,#ffffff
34.4002784443256,-2.93944451481218838,#ffffff
34.3910376439197,-2.93754401650037433,#ffffff
34.3818028657649,-2.93561446774325896,#ffffff
34.3725742011873,-2.93365588762285512,#ffffff
34.3633517414525,-2.93166829550827668,#ffffff
34.3541355777647,-2.92965171105554800,#ffffff
34.3449258012661,-2.92760615420740855,#ffffff
34.3357225030353,-2.92553164519311659,#ffffff
34.3265257740873,-2.92342820452824981,#ffffff
34.3173357053718,-2.92129585301450057,#ffffff
34.3081523877727,-2.91913461173947120,#ffffff
34.2989759121072,-2.91694450207646705,#ffffff
34.2898063691250,-2.91472554568428066,#ffffff
34.2806438495068,-2.91247776450698304,#ffffff
34.2714884438642,-2.91020118077370249,#ffffff
34.2623402427384,-2.90789581699840660,#ffffff
34.2531993365993,-2.90556169597967973,#ffffff
34.2440658158446,-2.90319884080049651,#ffffff
34.2349397707991,-2.90080727482799494,#ffffff
34.2258212917135,-2.89838702171324369,#ffffff
34.2167104687637,-2.89593810539100982,#ffffff
34.2076073920502,-2.89346055007952119,#ffffff
34.1985121515964,-2.89095438028022578,#ffffff
34.1894248373487,-2.88841962077755277,#ffffff
34.1803455391746,-2.88585629663866428,#ffffff
34.1712743468628,-2.88326443321320802,#ffffff
34.1622113501215,-2.88064405613306862,#ffffff
34.1531566385781,-2.87799519131211046,#ffffff
34.1441103017779,-2.87531786494592589,#ffffff
34.1350724291833,-2.87261210351157281,#ffffff
34.1260431101734,-2.86987793376731304,#ffffff
34.1170224340422,-2.86711538275235078,#ffffff
34.1080104899985,-2.86432447778656041,#ffffff
34.0990073671648,-2.86150524647022131,#ffffff
34.0900131545761,-2.85865771668374036,#ffffff
34.0810279411796,-2.85578191658737968,#ffffff
34.0720518158334,-2.85287787462097597,#ffffff
34.0630848673055,-2.84994561950366121,#ffffff
34.0541271842735,-2.84698518023357616,#ffffff
34.0451788553231,-2.84399658608758621,#ffffff
34.0362399689476,-2.84097986662099000,#ffffff
34.0273106135469,-2.83793505166722726,#ffffff
34.0183908774267,-2.83486217133758522,#ffffff
34.0094808487975,-2.83176125602089890,#ffffff
34.0005806157738,-2.82863233638325262,#ffffff
33.9916902663734,-2.82547544336767453,#ffffff
33.9828098885160,-2.82229060819383326,#ffffff
33.9739395700230,-2.81907786235772484,#ffffff
33.9650793986162,-2.81583723763136762,#ffffff
33.9562294619171,-2.81256876606248252,#ffffff
33.9473898474460,-2.80927247997417684,#ffffff
33.9385606426210,-2.80594841196462852,#ffffff
33.9297419347573,-2.80259659490675928,#ffffff
33.9209338110664,-2.79921706194791220,#ffffff
33.9121363586550,-2.79580984650952180,#ffffff
33.9033496645243,-2.79237498228678627,#ffffff
33.8945738155693,-2.78891250324833129,#ffffff
33.8858088985773,-2.78542244363587699,#ffffff
33.8770550002279,-2.78190483796389687,#ffffff
33.8683122070917,-2.77835972101927808,#ffffff
33.8595806056292,-2.77478712786097503,#ffffff
33.8508602821905,-2.77118709381966744,#ffffff
33.8421513230140,-2.76755965449740593,#ffffff
33.8334538142258,-2.76390484576726214,#ffffff
33.8247678418388,-2.76022270377297385,#ffffff
33.8160934917517,-2.75651326492858795,#ffffff
33.8074308497483,-2.75277656591809983,#ffffff
33.7987800014966,-2.74901264369508924,#ffffff
33.7901410325481,-2.74522153548235792,#ffffff
33.7815140283366,-2.74140327877155965,#ffffff
33.7728990741778,-2.73755791132282855,#ffffff
33.7642962552680,-2.73368547116440697,#ffffff
33.7557056566838,-2.72978599659227061,#ffffff
33.7471273633806,-2.72585952616974581,#ffffff
33.7385614601924,-2.72190609872713285,#ffffff
33.7300080318304,-2.71792575336131970,#ffffff
33.7214671628827,-2.71391852943539424,#ffffff
33.7129389378130,-2.70988446657825710,#ffffff
33.7044234409601,-2.70582360468422856,#ffffff
33.6959207565368,-2.70173598391265513,#ffffff
33.6874309686293,-2.69762164468751031,#ffffff
33.6789541611961,-2.69348062769699759,#ffffff
33.6704904180676,-2.68931297389314494,#ffffff
33.6620398229448,-2.68511872449140387,#ffffff
33.6536024593986,-2.68089792097023638,#ffffff
33.6451784108693,-2.67665060507071129,#ffffff
33.6367677606654,-2.67237681879608502,#ffffff
33.6283705919628,-2.66807660441139083,#ffffff
33.6199869878042,-2.66375000444301913,#ffffff
33.6116170310981,-2.65939706167829604,#ffffff
33.6032608046181,-2.65501781916506197,#ffffff
33.5949183910020,-2.65061232021124571,#ffffff
33.5865898727509,-2.64618060838443458,#ffffff
33.5782753322287,-2.64172272751144410,#ffffff
33.5699748516607,-2.63723872167788675,#ffffff
33.5616885131336,-2.63272863522773282,#ffffff
33.5534163985939,-2.62819251276287469,#ffffff
33.5451585898475,-2.62363039914268281,#ffffff
33.5369151685591,-2.61904233948356469,#ffffff
33.5286862162507,-2.61442837915851722,#ffffff
33.5204718143016,-2.60978856379667912,#ffffff
33.5122720439468,-2.60512293928287786,#ffffff
33.5040869862770,-2.60043155175717855,#ffffff
33.4959167222372,-2.59571444761442471,#ffffff
33.4877613326260,-2.59097167350378177,#ffffff
33.4796208980952,-2.58620327632827429,#ffffff
33.4714954991484,-2.58140930324432283,#ffffff
33.4633852161407,-2.57658980166127805,#ffffff
33.4552901292776,-2.57174481924095000,#ffffff
33.4472103186144,-2.56687440389714006,#ffffff
33.4391458640553,-2.56197860379516218,#ffffff
33.4310968453526,-2.55705746735137218,#ffffff
33.4230633421060,-2.55211104323268412,#ffffff
33.4150454337618,-2.54713938035609333,#ffffff
33.4070431996120,-2.54214252788818840,#ffffff
33.3990567187936,-2.53712053524466796,#ffffff
33.3910860702879,-2.53207345208985091,#ffffff
33.3831313329193,-2.52700132833618518,#ffffff
33.3751925853554,-2.52190421414375443,#ffffff
33.3672699061053,-2.51678215991978194,#ffffff
33.3593633735191,-2.51163521631813236,#ffffff
33.3514730657876,-2.50646343423880902,#ffffff
33.3435990609408,-2.50126686482745475,#ffffff
33.3357414368476,-2.49604555947484075,#ffffff
33.3279002712151,-2.49079956981636252,#ffffff
33.3200756415872,-2.48552894773152611,#ffffff
33.3122676253447,-2.48023374534343910,#ffffff
33.3044762997038,-2.47491401501829067,#ffffff
33.2967017417159,-2.46956980936483550,#ffffff
33.2889440282663,-2.46420118123387599,#ffffff
33.2812032360739,-2.45880818371773469,#ffffff
33.2734794416903,-2.45339087014973334,#ffffff
33.2657727214989,-2.44794929410366358,#ffffff
33.2580831517142,-2.44248350939325842,#ffffff
33.2504108083812,-2.43699357007165762,#ffffff
33.2427557673745,-2.43147953043087650,#ffffff
33.2351181043976,-2.42594144500126507,#ffffff
33.2274978949821,-2.42037936855097247,#ffffff
33.2198952144871,-2.41479335608540424,#ffffff
33.2123101380983,-2.40918346284667662,#ffffff
33.2047427408272,-2.40354974431307244,#ffffff
33.1971930975106,-2.39789225619849056,#ffffff
33.1896612828097,-2.39221105445189686,#ffffff
33.1821473712094,-2.38650619525676966,#ffffff
33.1746514370173,-2.38077773503054502,#ffffff
33.1671735543637,-2.37502573042405585,#ffffff
33.1597137972000,-2.36925023832097770,#ffffff
33.1522722392985,-2.36345131583726031,#ffffff
33.1448489542514,-2.35762902032056454,#ffffff
33.1374440154703,-2.35178340934969743,#ffffff
33.1300574961854,-2.34591454073403938,#ffffff
33.1226894694446,-2.34002247251297479,#ffffff
33.1153400081131,-2.33410726295531834,#ffffff
33.1080091848723,-2.32816897055873717,#ffffff
33.1006970722195,-2.32220765404917184,#ffffff
33.0934037424668,-2.31622337238025855,#ffffff
33.0861292677407,-2.31021618473274382,#ffffff
33.0788737199809,-2.30418615051389875,#ffffff
33.0716371709404,-2.29813332935693415,#ffffff
33.0644196921839,-2.29205778112040814,#ffffff
33.0572213550878,-2.28595956588763505,#ffffff
33.0500422308391,-2.27983874396609254,#ffffff
33.0428823904346,-2.27369537588682302,#ffffff
33.0357419046808,-2.26752952240383632,#ffffff
33.0286208441924,-2.26134124449350837,#ffffff
33.0215192793923,-2.25513060335397952,#ffffff
33.0144372805104,-2.24889766040454786,#ffffff
33.0073749175832,-2.24264247728506039,#ffffff
33.0003322604529,-2.23636511585530862,#ffffff
32.9933093787670,-2.23006563819441039,#ffffff
32.9863063419773,-2.22374410660020061,#ffffff
32.9793232193394,-2.21740058358861347,#ffffff
32.9723600799120,-2.21103513189306344,#ffffff
32.9654169925560,-2.20464781446382752,#ffffff
32.9584940259342,-2.19823869446741949,#ffffff
32.9515912485104,-2.19180783528596601,#ffffff
32.9447087285487,-2.18535530051658267,#ffffff
32.9378465341127,-2.17888115397074111,#ffffff
32.9310047330652,-2.17238545967364072,#ffffff
32.9241833930674,-2.16586828186357305,#ffffff
32.9173825815778,-2.15932968499129041,#ffffff
32.9106023658523,-2.15276973371936364,#ffffff
32.9038428129429,-2.14618849292154579,#ffffff
32.8971039896972,-2.13958602768213035,#ffffff
32.8903859627579,-2.13296240329530651,#ffffff
32.8836887985621,-2.12631768526451470,#ffffff
32.8770125633405,-2.11965193930179741,#ffffff
32.8703573231167,-2.11296523132714942,#ffffff
32.8637231437069,-2.10625762746786771,#ffffff
32.8571100907189,-2.09952919405789551,#ffffff
32.8505182295517,-2.09277999763716860,#ffffff
32.8439476253944,-2.08601010495095363,#ffffff
32.8373983432262,-2.07921958294919129,#ffffff
32.8308704478155,-2.07240849878583289,#ffffff
32.8243640037188,-2.06557691981817637,#ffffff
32.8178790752809,-2.05872491360620069,#ffffff
32.8114157266334,-2.05185254791189697,#ffffff
32.8049740216950,-2.04495989069859840,#ffffff
32.7985540241698,-2.03804701013030920,#ffffff
32.7921557975477,-2.03111397457102916,#ffffff
32.7857794051030,-2.02416085258407819,#ffffff
32.7794249098942,-2.01718771293141730,#ffffff
32.7730923747632,-2.01019462457297182,#ffffff
32.7667818623347,-2.00318165666594528,#ffffff
32.7604934350158,-1.99614887856413814,#ffffff
32.7542271549950,-1.98909635981726018,#ffffff
32.7479830842418,-1.98202417017024457,#ffffff
32.7417612845061,-1.97493237956255641,#ffffff
32.7355618173176,-1.96782105812750308,#ffffff
32.7293847439850,-1.96069027619153768,#ffffff
32.7232301255957,-1.95354010427356695,#ffffff
32.7170980230150,-1.94637061308425197,#ffffff
32.7109884968854,-1.93918187352530769,#ffffff
32.7049016076263,-1.93197395668880523,#ffffff
32.6988374154332,-1.92474693385646511,#ffffff
32.6927959802770,-1.91750087649895473,#ffffff
32.6867773619038,-1.91023585627518178,#ffffff
32.6807816198338,-1.90295194503158305,#ffffff
32.6748088133612,-1.89564921480141657,#ffffff
32.6688590015531,-1.88832773780404750,#ffffff
32.6629322432495,-1.88098758644423536,#ffffff
32.6570285970623,-1.87362883331141661,#ffffff
32.6511481213746,-1.86625155117898833,#ffffff
32.6452908743408,-1.85885581300358593,#ffffff
32.6394569138852,-1.85144169192436570,#ffffff
32.6336462977021,-1.84400926126227716,#ffffff
32.6278590832547,-1.83655859451934100,#ffffff
32.6220953277749,-1.82908976537792078,#ffffff
32.6163550882627,-1.82160284769999503,#ffffff
32.6106384214852,-1.81409791552642630,#ffffff
32.6049453839768,-1.80657504307622863,#ffffff
32.5992760320379,-1.79903430474583459,#ffffff
32.5936304217349,-1.79147577510835854,#ffffff
32.5880086088992,-1.78389952891286008,#ffffff
32.5824106491270,-1.77630564108360334,#ffffff
32.5768365977786,-1.76869418671931822,#ffffff
32.5712865099778,-1.76106524109245610,#ffffff
32.5657604406114,-1.75341887964844512,#ffffff
32.5602584443288,-1.74575517800494540,#ffffff
32.5547805755412,-1.73807421195110123,#ffffff
32.5493268884213,-1.73037605744678880,#ffffff
32.5438974369025,-1.72266079062187094,#ffffff
32.5384922746787,-1.71492848777543627,#ffffff
32.5331114552036,-1.70717922537505151,#ffffff
32.5277550316899,-1.69941308005600211,#ffffff
32.5224230571094,-1.69163012862053375,#ffffff
32.5171155841918,-1.68383044803709581,#ffffff
32.5118326654247,-1.67601411543957601,#ffffff
32.5065743530529,-1.66818120812654280,#ffffff
32.5013406990777,-1.66033180356047549,#ffffff
32.4961317552565,-1.65246597936700201,#ffffff
32.4909475731027,-1.64458381333412929,#ffffff
32.4857882038843,-1.63668538341147585,#ffffff
32.4806536986244,-1.62877076770949802,#ffffff
32.4755441080998,-1.62084004449872099,#ffffff
32.4704594828413,-1.61289329220896160,#ffffff
32.4653998731325,-1.60493058942855527,#ffffff
32.4603653290098,-1.59695201490357630,#ffffff
32.4553559002616,-1.58895764753706192,#ffffff
32.4503716364279,-1.58094756638822886,#ffffff
32.4454125868001,-1.57292185067169532,#ffffff
32.4404788004198,-1.56488057975669381,#ffffff
32.4355703260792,-1.55682383316628803,#ffffff
32.4306872123200,-1.54875169057658590,#ffffff
32.4258295074329,-1.54066423181595491,#ffffff
32.4209972594578,-1.53256153686422580,#ffffff
32.4161905161823,-1.52444368585190793,#ffffff
32.4114093251422,-1.51631075905939361,#ffffff
32.4066537336204,-1.50816283691616548,#ffffff
32.4019237886467,-1.50000000000000000,#ffffff
32.3972195369972,-1.49182232903617251,#ffffff
32.3925410251940,-1.48362990489665636,#ffffff
32.3878882995046,-1.47542280859932529,#ffffff
32.3832614059415,-1.46720112130715097,#ffffff
32.3786603902618,-1.45896492432740055,#ffffff
32.3740852979666,-1.45071429911083349,#ffffff
32.3695361743005,-1.44244932725089425,#ffffff
32.3650130642517,-1.43417009048290800,#ffffff
32.3605160125507,-1.42587667068326973,#ffffff
32.3560450636706,-1.41756914986863580,#ffffff
32.3516002618261,-1.40924761019511258,#ffffff
32.3471816509737,-1.40091213395744418,#ffffff
32.3427892748104,-1.39256280358819851,#ffffff
32.3384231767742,-1.38419970165695183,#ffffff
32.3340834000429,-1.37582291086947306,#ffffff
32.3297699875343,-1.36743251406690391,#ffffff
32.3254829819051,-1.35902859422494249,#ffffff
32.3212224255513,-1.35061123445302034,#ffffff
32.3169883606069,-1.34218051799348048,#ffffff
32.3127808289442,-1.33373652822075783,#ffffff
32.3085998721731,-1.32527934864054941,#ffffff
32.3044455316404,-1.31680906288899169,#ffffff
32.3003178484300,-1.30832575473183321,#ffffff
32.2962168633622,-1.29982950806360575,#ffffff
32.2921426169929,-1.29132040690679428,#ffffff
32.2880951496140,-1.28279853541100763,#ffffff
32.2840745012522,-1.27426397785214363,#ffffff
32.2800807116693,-1.26571681863155838,#ffffff
32.2761138203614,-1.25715714227523012,#ffffff
32.2721738665583,-1.24858503343292337,#ffffff
32.2682608892239,-1.24000057687735232,#ffffff
32.2643749270549,-1.23140385750334147,#ffffff
32.2605160184810,-1.22279496032698853,#ffffff
32.2566842016645,-1.21417397048482067,#ffffff
32.2528795144995,-1.20554097323295339,#ffffff
32.2491019946120,-1.19689605394624921,#ffffff
32.2453516793592,-1.18823929811747053,#ffffff
32.2416286058294,-1.17957079135643705,#ffffff
32.2379328108414,-1.17089061938917660,#ffffff
32.2342643309443,-1.16219886805707961,#ffffff
32.2306232024171,-1.15349562331604738,#ffffff
32.2270094612681,-1.14478097123564582,#ffffff
32.2234231432350,-1.13605499799825060,#ffffff
32.2198642837841,-1.12731778989819720,#ffffff
32.2163329181105,-1.11856943334092573,#ffffff
32.2128290811369,-1.10981001484212971,#ffffff
32.2093528075142,-1.10103962102689601,#ffffff
32.2059041316204,-1.09225833862885136,#ffffff
32.2024830875609,-1.08346625448930345,#ffffff
32.1990897091675,-1.07466345555638254,#ffffff
32.1957240299985,-1.06585002888418101,#ffffff
32.1923860833386,-1.05702606163189317,#ffffff
32.1890759021977,-1.04819164106295304,#ffffff
32.1857935193115,-1.03934685454417108,#ffffff
32.1825389671407,-1.03049178954487020,#ffffff
32.1793122778707,-1.02162653363602152,#ffffff
32.1761134834115,-1.01275117448937735,#ffffff
32.1729426153970,-1.00386579987660429,#ffffff
32.1697997051853,-0.99497049766841705,#ffffff
32.1666847838575,-0.98606535583370658,#ffffff
32.1635978822184,-0.97715046243867165,#ffffff
32.1605390307954,-0.96822590564594790,#ffffff
32.1575082598387,-0.95929177371373586,#ffffff
32.1545055993206,-0.95034815499492853,#ffffff
32.1515310789356,-0.94139513793623619,#ffffff
32.1485847280997,-0.93243281107731391,#ffffff
32.1456665759505,-0.92346126304988363,#ffffff
32.1427766513466,-0.91448058257686005,#ffffff
32.1399149828677,-0.90549085847147071,#ffffff
32.1370815988138,-0.89649217963637984,#ffffff
32.1342765272051,-0.88748463506280728,#ffffff
32.1314997957822,-0.87846831382965118,#ffffff
32.1287514320052,-0.86944330510260359,#ffffff
32.1260314630535,-0.86040969813327073,#ffffff
32.1233399158261,-0.85136758225829068,#ffffff
32.1206768169404,-0.84231704689844822,#ffffff
32.1180421927330,-0.83325818155779197,#ffffff
32.1154360692586,-0.82419107582274886,#ffffff
32.1128584722901,-0.81511581936123811,#ffffff
32.1103094273183,-0.80603250192178399,#ffffff
32.1077889595515,-0.79694121333262924,#ffffff
32.1052970939158,-0.78784204350084630,#ffffff
32.1028338550539,-0.77873508241144718,#ffffff
32.1003992673259,-0.76962042012649523,#ffffff
32.0979933548081,-0.76049814678421424,#ffffff
32.0956161412936,-0.75136835259809565,#ffffff
32.0932676502916,-0.74223112785600742,#ffffff
32.0909479050269,-0.73308656291930097,#ffffff
32.0886569284406,-0.72393474822191795,#ffffff
32.0863947431889,-0.71477577426949535,#ffffff
32.0841613716433,-0.70560973163847029,#ffffff
32.0819568358905,-0.69643671097518511,#ffffff
32.0797811577320,-0.68725680299499037,#ffffff
32.0776343586838,-0.67807009848134769,#ffffff
32.0755164599764,-0.66887668828493207,#ffffff
32.0734274825545,-0.65967666332273289,#ffffff
32.0713674470767,-0.65047011457715753,#ffffff
32.0693363739155,-0.64125713309512700,#ffffff
32.0673342831569,-0.63203780998717907,#ffffff
32.0653611946004,-0.62281223642656580,#ffffff
32.0634171277584,-0.61358050364835282,#ffffff
32.0615021018567,-0.60434270294851589,#ffffff
32.0596161358335,-0.59509892568303890,#ffffff
32.0577592483399,-0.58584926326701037,#ffffff
32.0559314577393,-0.57659380717371900,#ffffff
32.0541327821075,-0.56733264893374935,#ffffff
32.0523632392321,-0.55806588013407654,#ffffff
32.0506228466129,-0.54879359241716053,#ffffff
32.0489116214612,-0.53951587748003949,#ffffff
32.0472295806999,-0.53023282707342489,#ffffff
32.0455767409634,-0.52094453300079113,#ffffff
32.0439531185972,-0.51165108711746921,#ffffff
32.0423587296578,-0.50235258132973881,#ffffff
32.0407935899129,-0.49304910759391862,#ffffff
32.0392577148405,-0.48374075791545712,#ffffff
32.0377511196296,-0.47442762434802277,#ffffff
32.0362738191795,-0.46510979899259391,#ffffff
32.0348258280996,-0.45578737399654723,#ffffff
32.0334071607097,-0.44646044155274744,#ffffff
32.0320178310395,-0.43712909389863486,#ffffff
32.0306578528286,-0.42779342331531317,#ffffff
32.0293272395264,-0.41845352212663672,#ffffff
32.0280260042917,-0.40910948269829972,#ffffff
32.0267541599929,-0.39976139743691919,#ffffff
32.0255117192078,-0.39040935878912320,#ffffff
32.0242986942234,-0.38105345924063644,#ffffff
32.0231150970356,-0.37169379131536545,#ffffff
32.0219609393494,-0.36233044757448368,#ffffff
32.0208362325789,-0.35296352061551606,#ffffff
32.0197409878466,-0.34359310307142310,#ffffff
32.0186752159837,-0.33421928760968528,#ffffff
32.0176389275302,-0.32484216693138601,#ffffff
32.0166321327342,-0.31546183377029541,#ffffff
32.0156548415522,-0.30607838089195294,#ffffff
32.0147070636492,-0.29669190109274934,#ffffff
32.0137888083980,-0.28730248719901197,#ffffff
32.0129000848795,-0.27791023206608206,#ffffff
32.0120409018827,-0.26851522857740001,#ffffff
32.0112112679043,-0.25911756964358534,#ffffff
32.0104111911490,-0.24971734820151859,#ffffff
32.0096406795289,-0.24031465721342157,#ffffff
32.0088997406639,-0.23090958966593850,#ffffff
32.0081883818815,-0.22150223856921625,#ffffff
32.0075066102165,-0.21209269695598448,#ffffff
32.0068544324112,-0.20268105788063570,#ffffff
32.0062318549153,-0.19326741441830500,#ffffff
32.0056388838856,-0.18385185966394896,#ffffff
32.0050755251862,-0.17443448673142750,#ffffff
32.0045417843884,-0.16501538875257932,#ffffff
32.0040376667706,-0.15559465887630325,#ffffff
32.0035631773182,-0.14617239026763665,#ffffff
32.0031183207235,-0.13674867610683397,#ffffff
32.0027031013860,-0.12732360958844519,#ffffff
32.0023175234118,-0.11789728392039431,#ffffff
32.0019615906141,-0.10846979232305745,#ffffff
32.0016353065128,-0.09904122802834107,#ffffff
32.0013386743347,-0.08961168427875998,#ffffff
32.0010716970133,-0.08018125432651507,#ffffff
32.0008343771888,-0.07075003143257130,#ffffff
32.0006267172082,-0.06131810886573462,#ffffff
32.0004487191251,-0.05188557990173226,#ffffff
32.0003003846998,-0.04245253782228640,#ffffff
32.0001817153991,-0.03301907591419426,#ffffff
32.0000927123968,-0.02358528746840485,#ffffff
32.0000333765729,-0.01415126577909649,#ffffff
32.0000037085142,-0.00471710414275409,#ffffff
32.0000037085142, 0.00471710414275343,#ffffff
32.0000333765729, 0.01415126577909582,#ffffff
32.0000927123968, 0.02358528746840418,#ffffff
32.0001817153991, 0.03301907591419359,#ffffff
32.0003003846998, 0.04245253782228574,#ffffff
32.0004487191251, 0.05188557990173159,#ffffff
32.0006267172082, 0.06131810886573462,#ffffff
32.0008343771888, 0.07075003143257064,#ffffff
32.0010716970133, 0.08018125432651441,#ffffff
32.0013386743347, 0.08961168427875932,#ffffff
32.0016353065128, 0.09904122802834041,#ffffff
32.0019615906141, 0.10846979232305679,#ffffff
32.0023175234118, 0.11789728392039364,#ffffff
32.0027031013860, 0.12732360958844452,#ffffff
32.0031183207235, 0.13674867610683331,#ffffff
32.0035631773182, 0.14617239026763598,#ffffff
32.0040376667706, 0.15559465887630258,#ffffff
32.0045417843884, 0.16501538875257865,#ffffff
32.0050755251862, 0.17443448673142684,#ffffff
32.0056388838856, 0.18385185966394896,#ffffff
32.0062318549153, 0.19326741441830433,#ffffff
32.0068544324112, 0.20268105788063503,#ffffff
32.0075066102165, 0.21209269695598382,#ffffff
32.0081883818815, 0.22150223856921558,#ffffff
32.0088997406639, 0.23090958966593783,#ffffff
32.0096406795289, 0.24031465721342091,#ffffff
32.0104111911490, 0.24971734820151792,#ffffff
32.0112112679043, 0.25911756964358468,#ffffff
32.0120409018827, 0.26851522857739935,#ffffff
32.0129000848795, 0.27791023206608140,#ffffff
32.0137888083980, 0.28730248719901130,#ffffff
32.0147070636492, 0.29669190109274868,#ffffff
32.0156548415522, 0.30607838089195227,#ffffff
32.0166321327342, 0.31546183377029474,#ffffff
32.0176389275302, 0.32484216693138535,#ffffff
32.0186752159837, 0.33421928760968461,#ffffff
32.0197409878466, 0.34359310307142243,#ffffff
32.0208362325789, 0.35296352061551539,#ffffff
32.0219609393494, 0.36233044757448307,#ffffff
32.0231150970356, 0.37169379131536479,#ffffff
32.0242986942234, 0.38105345924063577,#ffffff
32.0255117192078, 0.39040935878912253,#ffffff
32.0267541599929, 0.39976139743691852,#ffffff
32.0280260042917, 0.40910948269829905,#ffffff
32.0293272395264, 0.41845352212663606,#ffffff
32.0306578528286, 0.42779342331531250,#ffffff
32.0320178310395, 0.43712909389863419,#ffffff
32.0334071607097, 0.44646044155274689,#ffffff
32.0348258280996, 0.45578737399654667,#ffffff
32.0362738191795, 0.46510979899259325,#ffffff
32.0377511196296, 0.47442762434802221,#ffffff
32.0392577148405, 0.48374075791545645,#ffffff
32.0407935899129, 0.49304910759391796,#ffffff
32.0423587296578, 0.50235258132973815,#ffffff
32.0439531185972, 0.51165108711746854,#ffffff
32.0455767409634, 0.52094453300079047,#ffffff
32.0472295806999, 0.53023282707342423,#ffffff
32.0489116214612, 0.53951587748003949,#ffffff
32.0506228466129, 0.54879359241715997,#ffffff
32.0523632392321, 0.55806588013407588,#ffffff
32.0541327821075, 0.56733264893374868,#ffffff
32.0559314577393, 0.57659380717371844,#ffffff
32.0577592483399, 0.58584926326700970,#ffffff
32.0596161358335, 0.59509892568303824,#ffffff
32.0615021018567, 0.60434270294851522,#ffffff
32.0634171277584, 0.61358050364835215,#ffffff
32.0653611946004, 0.62281223642656525,#ffffff
32.0673342831569, 0.63203780998717840,#ffffff
32.0693363739155, 0.64125713309512644,#ffffff
32.0713674470767, 0.65047011457715687,#ffffff
32.0734274825545, 0.65967666332273289,#ffffff
32.0755164599764, 0.66887668828493141,#ffffff
32.0776343586838, 0.67807009848134703,#ffffff
32.0797811577320, 0.68725680299498970,#ffffff
32.0819568358905, 0.69643671097518456,#ffffff
32.0841613716433, 0.70560973163846963,#ffffff
32.0863947431889, 0.71477577426949468,#ffffff
32.0886569284406, 0.72393474822191739,#ffffff
32.0909479050269, 0.73308656291930041,#ffffff
32.0932676502916, 0.74223112785600676,#ffffff
32.0956161412936, 0.75136835259809498,#ffffff
32.0979933548081, 0.76049814678421357,#ffffff
32.1003992673259, 0.76962042012649456,#ffffff
32.1028338550539, 0.77873508241144673,#ffffff
32.1052970939158, 0.78784204350084563,#ffffff
32.1077889595515, 0.79694121333262880,#ffffff
32.1103094273183, 0.80603250192178344,#ffffff
32.1128584722901, 0.81511581936123745,#ffffff
32.1154360692586, 0.82419107582274831,#ffffff
32.1180421927330, 0.83325818155779130,#ffffff
32.1206768169404, 0.84231704689844755,#ffffff
32.1233399158261, 0.85136758225829001,#ffffff
32.1260314630535, 0.86040969813327028,#ffffff
32.1287514320052, 0.86944330510260293,#ffffff
32.1314997957822, 0.87846831382965052,#ffffff
32.1342765272051, 0.88748463506280661,#ffffff
32.1370815988138, 0.89649217963637917,#ffffff
32.1399149828677, 0.90549085847147004,#ffffff
32.1427766513466, 0.91448058257685938,#ffffff
32.1456665759505, 0.92346126304988307,#ffffff
32.1485847280997, 0.93243281107731324,#ffffff
32.1515310789356, 0.94139513793623564,#ffffff
32.1545055993206, 0.95034815499492786,#ffffff
32.1575082598387, 0.95929177371373542,#ffffff
32.1605390307954, 0.96822590564594735,#ffffff
32.1635978822184, 0.97715046243867099,#ffffff
32.1666847838575, 0.98606535583370591,#ffffff
32.1697997051853, 0.99497049766841639,#ffffff
32.1729426153970, 1.00386579987660429,#ffffff
32.1761134834115, 1.01275117448937668,#ffffff
32.1793122778707, 1.02162653363602063,#ffffff
32.1825389671407, 1.03049178954486953,#ffffff
32.1857935193115, 1.03934685454417020,#ffffff
32.1890759021977, 1.04819164106295237,#ffffff
32.1923860833386, 1.05702606163189250,#ffffff
32.1957240299985, 1.06585002888418034,#ffffff
32.1990897091675, 1.07466345555638187,#ffffff
32.2024830875609, 1.08346625448930300,#ffffff
32.2059041316204, 1.09225833862885069,#ffffff
32.2093528075142, 1.10103962102689534,#ffffff
32.2128290811369, 1.10981001484212904,#ffffff
32.2163329181105, 1.11856943334092573,#ffffff
32.2198642837841, 1.12731778989819653,#ffffff
32.2234231432350, 1.13605499799824994,#ffffff
32.2270094612681, 1.14478097123564515,#ffffff
32.2306232024171, 1.15349562331604694,#ffffff
32.2342643309443, 1.16219886805707873,#ffffff
32.2379328108414, 1.17089061938917616,#ffffff
32.2416286058294, 1.17957079135643639,#ffffff
32.2453516793592, 1.18823929811747009,#ffffff
32.2491019946120, 1.19689605394624854,#ffffff
32.2528795144995, 1.20554097323295273,#ffffff
32.2566842016645, 1.21417397048481979,#ffffff
32.2605160184810, 1.22279496032698809,#ffffff
32.2643749270549, 1.23140385750334147,#ffffff
32.2682608892239, 1.24000057687735166,#ffffff
32.2721738665583, 1.24858503343292271,#ffffff
32.2761138203614, 1.25715714227522879,#ffffff
32.2800807116693, 1.26571681863155772,#ffffff
32.2840745012522, 1.27426397785214252,#ffffff
32.2880951496140, 1.28279853541100697,#ffffff
32.2921426169929, 1.29132040690679428,#ffffff
32.2962168633622, 1.29982950806360509,#ffffff
32.3003178484300, 1.30832575473183321,#ffffff
32.3044455316404, 1.31680906288899102,#ffffff
32.3085998721731, 1.32527934864054941,#ffffff
32.3127808289442, 1.33373652822075739,#ffffff
32.3169883606069, 1.34218051799348048,#ffffff
32.3212224255513, 1.35061123445301923,#ffffff
32.3254829819051, 1.35902859422494182,#ffffff
32.3297699875343, 1.36743251406690280,#ffffff
32.3340834000429, 1.37582291086947217,#ffffff
32.3384231767742, 1.38419970165695072,#ffffff
32.3427892748104, 1.39256280358819784,#ffffff
32.3471816509737, 1.40091213395744418,#ffffff
32.3516002618261, 1.40924761019511191,#ffffff
32.3560450636706, 1.41756914986863580,#ffffff
32.3605160125507, 1.42587667068326929,#ffffff
32.3650130642517, 1.43417009048290800,#ffffff
32.3695361743005, 1.44244932725089359,#ffffff
32.3740852979666, 1.45071429911083305,#ffffff
32.3786603902618, 1.45896492432739944,#ffffff
32.3832614059415, 1.46720112130715030,#ffffff
32.3878882995046, 1.47542280859932418,#ffffff
32.3925410251940, 1.48362990489665592,#ffffff
32.3972195369972, 1.49182232903617140,#ffffff
32.4019237886467, 1.49999999999999956,#ffffff
32.4066537336204, 1.50816283691616548,#ffffff
32.4114093251422, 1.51631075905939294,#ffffff
32.4161905161823, 1.52444368585190793,#ffffff
32.4209972594578, 1.53256153686422536,#ffffff
32.4258295074329, 1.54066423181595491,#ffffff
32.4306872123200, 1.54875169057658568,#ffffff
32.4355703260792, 1.55682383316628714,#ffffff
32.4404788004198, 1.56488057975669248,#ffffff
32.4454125868001, 1.57292185067169465,#ffffff
32.4503716364279, 1.58094756638822798,#ffffff
32.4553559002616, 1.58895764753706104,#ffffff
32.4603653290098, 1.59695201490357519,#ffffff
32.4653998731325, 1.60493058942855460,#ffffff
32.4704594828413, 1.61289329220896160,#ffffff
32.4755441080998, 1.62084004449872032,#ffffff
32.4806536986244, 1.62877076770949802,#ffffff
32.4857882038843, 1.63668538341147496,#ffffff
32.4909475731027, 1.64458381333412929,#ffffff
32.4961317552565, 1.65246597936700113,#ffffff
32.5013406990777, 1.66033180356047527,#ffffff
32.5065743530529, 1.66818120812654214,#ffffff
32.5118326654247, 1.67601411543957579,#ffffff
32.5171155841918, 1.68383044803709447,#ffffff
32.5224230571094, 1.69163012862053330,#ffffff
32.5277550316899, 1.69941308005600078,#ffffff
32.5331114552036, 1.70717922537505085,#ffffff
32.5384922746787, 1.71492848777543627,#ffffff
32.5438974369025, 1.72266079062187005,#ffffff
32.5493268884213, 1.73037605744678880,#ffffff
32.5547805755412, 1.73807421195110012,#ffffff
32.5602584443288, 1.74575517800494495,#ffffff
32.5657604406114, 1.75341887964844423,#ffffff
32.5712865099778, 1.76106524109245566,#ffffff
32.5768365977786, 1.76869418671931755,#ffffff
32.5824106491270, 1.77630564108360312,#ffffff
32.5880086088992, 1.78389952891285919,#ffffff
32.5936304217349, 1.79147577510835809,#ffffff
32.5992760320379, 1.79903430474583459,#ffffff
32.6049453839768, 1.80657504307622796,#ffffff
32.6106384214852, 1.81409791552642630,#ffffff
32.6163550882627, 1.82160284769999437,#ffffff
32.6220953277749, 1.82908976537792056,#ffffff
32.6278590832547, 1.83655859451934012,#ffffff
32.6336462977021, 1.84400926126227693,#ffffff
32.6394569138852, 1.85144169192436481,#ffffff
32.6452908743408, 1.85885581300358593,#ffffff
32.6511481213746, 1.86625155117898722,#ffffff
32.6570285970623, 1.87362883331141639,#ffffff
32.6629322432495, 1.88098758644423425,#ffffff
32.6688590015531, 1.88832773780404706,#ffffff
32.6748088133612, 1.89564921480141657,#ffffff
32.6807816198338, 1.90295194503158238,#ffffff
32.6867773619038, 1.91023585627518178,#ffffff
32.6927959802770, 1.91750087649895429,#ffffff
32.6988374154332, 1.92474693385646489,#ffffff
32.7049016076263, 1.93197395668880434,#ffffff
32.7109884968854, 1.93918187352530724,#ffffff
32.7170980230150, 1.94637061308425086,#ffffff
32.7232301255957, 1.95354010427356695,#ffffff
32.7293847439850, 1.96069027619153724,#ffffff
32.7355618173176, 1.96782105812750263,#ffffff
32.7417612845061, 1.97493237956255552,#ffffff
32.7479830842418, 1.98202417017024368,#ffffff
32.7542271549950, 1.98909635981726018,#ffffff
32.7604934350158, 1.99614887856413747,#ffffff
32.7667818623347, 2.00318165666594528,#ffffff
32.7730923747632, 2.01019462457297138,#ffffff
32.7794249098942, 2.01718771293141730,#ffffff
32.7857794051030, 2.02416085258407685,#ffffff
32.7921557975477, 2.03111397457102871,#ffffff
32.7985540241698, 2.03804701013030876,#ffffff
32.8049740216950, 2.04495989069859840,#ffffff
32.8114157266334, 2.05185254791189653,#ffffff
32.8178790752809, 2.05872491360620025,#ffffff
32.8243640037188, 2.06557691981817548,#ffffff
32.8308704478155, 2.07240849878583244,#ffffff
32.8373983432262, 2.07921958294919129,#ffffff
32.8439476253944, 2.08601010495095363,#ffffff
32.8505182295517, 2.09277999763716860,#ffffff
32.8571100907189, 2.09952919405789551,#ffffff
32.8637231437069, 2.10625762746786727,#ffffff
32.8703573231167, 2.11296523132714853,#ffffff
32.8770125633405, 2.11965193930179696,#ffffff
32.8836887985621, 2.12631768526451426,#ffffff
32.8903859627579, 2.13296240329530651,#ffffff
32.8971039896972, 2.13958602768212991,#ffffff
32.9038428129429, 2.14618849292154534,#ffffff
32.9106023658523, 2.15276973371936275,#ffffff
32.9173825815778, 2.15932968499128997,#ffffff
32.9241833930674, 2.16586828186357305,#ffffff
32.9310047330652, 2.17238545967364027,#ffffff
32.9378465341127, 2.17888115397074111,#ffffff
32.9447087285487, 2.18535530051658222,#ffffff
32.9515912485104, 2.19180783528596601,#ffffff
32.9584940259342, 2.19823869446741860,#ffffff
32.9654169925560, 2.20464781446382752,#ffffff
32.9723600799120, 2.21103513189306300,#ffffff
32.9793232193394, 2.21740058358861303,#ffffff
32.9863063419773, 2.22374410660019972,#ffffff
32.9933093787670, 2.23006563819440995,#ffffff
33.0003322604529, 2.23636511585530773,#ffffff
33.0073749175832, 2.24264247728506039,#ffffff
33.0144372805104, 2.24889766040454786,#ffffff
33.0215192793923, 2.25513060335397952,#ffffff
33.0286208441924, 2.26134124449350837,#ffffff
33.0357419046808, 2.26752952240383543,#ffffff
33.0428823904346, 2.27369537588682258,#ffffff
33.0500422308391, 2.27983874396609165,#ffffff
33.0572213550878, 2.28595956588763505,#ffffff
33.0644196921839, 2.29205778112040726,#ffffff
33.0716371709404, 2.29813332935693371,#ffffff
33.0788737199809, 2.30418615051389786,#ffffff
33.0861292677407, 2.31021618473274337,#ffffff
33.0934037424668, 2.31622337238025811,#ffffff
33.1006970722195, 2.32220765404917140,#ffffff
33.1080091848723, 2.32816897055873717,#ffffff
33.1153400081131, 2.33410726295531834,#ffffff
33.1226894694446, 2.34002247251297479,#ffffff
33.1300574961854, 2.34591454073403849,#ffffff
33.1374440154703, 2.35178340934969698,#ffffff
33.1448489542514, 2.35762902032056409,#ffffff
33.1522722392985, 2.36345131583725987,#ffffff
33.1597137972000, 2.36925023832097725,#ffffff
33.1671735543637, 2.37502573042405585,#ffffff
33.1746514370173, 2.38077773503054368,#ffffff
33.1821473712094, 2.38650619525676966,#ffffff
33.1896612828097, 2.39221105445189597,#ffffff
33.1971930975106, 2.39789225619849056,#ffffff
33.2047427408272, 2.40354974431307244,#ffffff
33.2123101380983, 2.40918346284667617,#ffffff
33.2198952144871, 2.41479335608540424,#ffffff
33.2274978949821, 2.42037936855097247,#ffffff
33.2351181043976, 2.42594144500126507,#ffffff
33.2427557673745, 2.43147953043087561,#ffffff
33.2504108083812, 2.43699357007165762,#ffffff
33.2580831517142, 2.44248350939325753,#ffffff
33.2657727214989, 2.44794929410366358,#ffffff
33.2734794416903, 2.45339087014973245,#ffffff
33.2812032360739, 2.45880818371773424,#ffffff
33.2889440282663, 2.46420118123387510,#ffffff
33.2967017417159, 2.46956980936483550,#ffffff
33.3044762997038, 2.47491401501829067,#ffffff
33.3122676253447, 2.48023374534343866,#ffffff
33.3200756415872, 2.48552894773152611,#ffffff
33.3279002712151, 2.49079956981636164,#ffffff
33.3357414368476, 2.49604555947484075,#ffffff
33.3435990609408, 2.50126686482745431,#ffffff
33.3514730657876, 2.50646343423880902,#ffffff
33.3593633735191, 2.51163521631813147,#ffffff
33.3672699061053, 2.51678215991978194,#ffffff
33.3751925853554, 2.52190421414375399,#ffffff
33.3831313329193, 2.52700132833618474,#ffffff
33.3910860702879, 2.53207345208985046,#ffffff
33.3990567187936, 2.53712053524466796,#ffffff
33.4070431996120, 2.54214252788818840,#ffffff
33.4150454337618, 2.54713938035609289,#ffffff
33.4230633421060, 2.55211104323268412,#ffffff
33.4310968453526, 2.55705746735137174,#ffffff
33.4391458640553, 2.56197860379516218,#ffffff
33.4472103186144, 2.56687440389713961,#ffffff
33.4552901292776, 2.57174481924095000,#ffffff
33.4633852161407, 2.57658980166127760,#ffffff
33.4714954991484, 2.58140930324432283,#ffffff
33.4796208980952, 2.58620327632827340,#ffffff
33.4877613326260, 2.59097167350378133,#ffffff
33.4959167222372, 2.59571444761442383,#ffffff
33.5040869862770, 2.60043155175717811,#ffffff
33.5122720439468, 2.60512293928287786,#ffffff
33.5204718143016, 2.60978856379667867,#ffffff
33.5286862162507, 2.61442837915851722,#ffffff
33.5369151685591, 2.61904233948356424,#ffffff
33.5451585898475, 2.62363039914268281,#ffffff
33.5534163985939, 2.62819251276287424,#ffffff
33.5616885131336, 2.63272863522773282,#ffffff
33.5699748516607, 2.63723872167788631,#ffffff
33.5782753322287, 2.64172272751144366,#ffffff
33.5865898727509, 2.64618060838443370,#ffffff
33.5949183910020, 2.65061232021124527,#ffffff
33.6032608046181, 2.65501781916506197,#ffffff
33.6116170310981, 2.65939706167829559,#ffffff
33.6199869878042, 2.66375000444301913,#ffffff
33.6283705919628, 2.66807660441139038,#ffffff
33.6367677606654, 2.67237681879608502,#ffffff
33.6451784108693, 2.67665060507071084,#ffffff
33.6536024593986, 2.68089792097023638,#ffffff
33.6620398229448, 2.68511872449140299,#ffffff
33.6704904180676, 2.68931297389314494,#ffffff
33.6789541611961, 2.69348062769699714,#ffffff
33.6874309686293, 2.69762164468750987,#ffffff
33.6959207565368, 2.70173598391265468,#ffffff
33.7044234409601, 2.70582360468422856,#ffffff
33.7129389378130, 2.70988446657825710,#ffffff
33.7214671628827, 2.71391852943539380,#ffffff
33.7300080318304, 2.71792575336131970,#ffffff
33.7385614601924, 2.72190609872713285,#ffffff
33.7471273633806, 2.72585952616974581,#ffffff
33.7557056566838, 2.72978599659226973,#ffffff
33.7642962552680, 2.73368547116440697,#ffffff
33.7728990741778, 2.73755791132282811,#ffffff
33.7815140283366, 2.74140327877155965,#ffffff
33.7901410325481, 2.74522153548235792,#ffffff
33.7987800014966, 2.74901264369508880,#ffffff
33.8074308497483, 2.75277656591809894,#ffffff
33.8160934917517, 2.75651326492858750,#ffffff
33.8247678418388, 2.76022270377297385,#ffffff
33.8334538142258, 2.76390484576726170,#ffffff
33.8421513230140, 2.76755965449740593,#ffffff
33.8508602821905, 2.77118709381966744,#ffffff
33.8595806056292, 2.77478712786097503,#ffffff
33.8683122070917, 2.77835972101927720,#ffffff
33.8770550002279, 2.78190483796389687,#ffffff
33.8858088985773, 2.78542244363587699,#ffffff
33.8945738155693, 2.78891250324833129,#ffffff
33.9033496645243, 2.79237498228678538,#ffffff
33.9121363586550, 2.79580984650952136,#ffffff
33.9209338110664, 2.79921706194791176,#ffffff
33.9297419347573, 2.80259659490675883,#ffffff
33.9385606426210, 2.80594841196462852,#ffffff
33.9473898474460, 2.80927247997417684,#ffffff
33.9562294619171, 2.81256876606248252,#ffffff
33.9650793986162, 2.81583723763136762,#ffffff
33.9739395700230, 2.81907786235772484,#ffffff
33.9828098885160, 2.82229060819383237,#ffffff
33.9916902663734, 2.82547544336767453,#ffffff
34.0005806157738, 2.82863233638325218,#ffffff
34.0094808487975, 2.83176125602089845,#ffffff
34.0183908774267, 2.83486217133758478,#ffffff
34.0273106135469, 2.83793505166722682,#ffffff
34.0362399689476, 2.84097986662098911,#ffffff
34.0451788553231, 2.84399658608758621,#ffffff
34.0541271842735, 2.84698518023357616,#ffffff
34.0630848673055, 2.84994561950366077,#ffffff
34.0720518158334, 2.85287787462097597,#ffffff
34.0810279411796, 2.85578191658737923,#ffffff
34.0900131545761, 2.85865771668374036,#ffffff
34.0990073671647, 2.86150524647022086,#ffffff
34.1080104899985, 2.86432447778656041,#ffffff
34.1170224340422, 2.86711538275235078,#ffffff
34.1260431101734, 2.86987793376731304,#ffffff
34.1350724291833, 2.87261210351157237,#ffffff
34.1441103017779, 2.87531786494592545,#ffffff
34.1531566385781, 2.87799519131211046,#ffffff
34.1622113501215, 2.88064405613306818,#ffffff
34.1712743468628, 2.88326443321320802,#ffffff
34.1803455391746, 2.88585629663866428,#ffffff
34.1894248373487, 2.88841962077755277,#ffffff
34.1985121515964, 2.89095438028022578,#ffffff
34.2076073920502, 2.89346055007952119,#ffffff
34.2167104687637, 2.89593810539100982,#ffffff
34.2258212917135, 2.89838702171324369,#ffffff
34.2349397707991, 2.90080727482799450,#ffffff
34.2440658158446, 2.90319884080049651,#ffffff
34.2531993365993, 2.90556169597967928,#ffffff
34.2623402427384, 2.90789581699840660,#ffffff
34.2714884438642, 2.91020118077370205,#ffffff
34.2806438495068, 2.91247776450698304,#ffffff
34.2898063691250, 2.91472554568428066,#ffffff
34.2989759121072, 2.91694450207646661,#ffffff
34.3081523877727, 2.91913461173947120,#ffffff
34.3173357053718, 2.92129585301450057,#ffffff
34.3265257740873, 2.92342820452824981,#ffffff
34.3357225030353, 2.92553164519311615,#ffffff
34.3449258012661, 2.92760615420740855,#ffffff
34.3541355777647, 2.92965171105554756,#ffffff
34.3633517414525, 2.93166829550827668,#ffffff
34.3725742011873, 2.93365588762285512,#ffffff
34.3818028657649, 2.93561446774325896,#ffffff
34.3910376439197, 2.93754401650037389,#ffffff
34.4002784443256, 2.93944451481218794,#ffffff
34.4095251755969, 2.94131594388398021,#ffffff
34.4187777462893, 2.94315828520850387,#ffffff
34.4280360649008, 2.94497152056617439,#ffffff
34.4373000398725, 2.94675563202524415,#ffffff
34.4465695795895, 2.94851060194198444,#ffffff
34.4558445923820, 2.95023641296085604,#ffffff
34.4651249865261, 2.95193304801468459,#ffffff
34.4744106702444, 2.95360049032482541,#ffffff
34.4837015517075, 2.95523872340133442,#ffffff
34.4929975390344, 2.95684773104312493,#ffffff
34.5022985402939, 2.95842749733813459,#ffffff
34.5116044635047, 2.95997800666347555,#ffffff
34.5209152166373, 2.96149924368559692,#ffffff
34.5302307076143, 2.96299119336042960,#ffffff
34.5395508443113, 2.96445384093353859,#ffffff
34.5488755345582, 2.96588717194026774,#ffffff
34.5582046861396, 2.96729117220588368,#ffffff
34.5675382067961, 2.96866582784571609,#ffffff
34.5768760042252, 2.97001112526529143,#ffffff
34.5862179860820, 2.97132705116047369,#ffffff
34.5955640599802, 2.97261359251759094,#ffffff
34.6049141334931, 2.97387073661356638,#ffffff
34.6142681141544, 2.97509847101604219,#ffffff
34.6236259094591, 2.97629678358350525,#ffffff
34.6329874268646, 2.97746566246540523,#ffffff
34.6423525737915, 2.97860509610227098,#ffffff
34.6517212576243, 2.97971507322582907,#ffffff
34.6610933857128, 2.98079558285910862,#ffffff
34.6704688653725, 2.98184661431655673,#ffffff
34.6798476038859, 2.98286815720413889,#ffffff
34.6892295085033, 2.98386020141944464,#ffffff
34.6986144864435, 2.98482273715178614,#ffffff
34.7080024448951, 2.98575575488229727,#ffffff
34.7173932910171, 2.98665924538402372,#ffffff
34.7267869319401, 2.98753319972201892,#ffffff
34.7361832747668, 2.98837760925342888,#ffffff
34.7455822265735, 2.98919246562757968,#ffffff
34.7549836944104, 2.98997776078605870,#ffffff
34.7643875853030, 2.99073348696279595,#ffffff
34.7737938062528, 2.99145963668413906,#ffffff
34.7832022642382, 2.99215620276892835,#ffffff
34.7926128662156, 2.99282317832856792,#ffffff
34.8020255191201, 2.99346055676709222,#ffffff
34.8114401298666, 2.99406833178123311,#ffffff
34.8208566053504, 2.99464649736048250,#ffffff
34.8302748524486, 2.99519504778714918,#ffffff
34.8396947780208, 2.99571397763641789,#ffffff
34.8491162889099, 2.99620328177640172,#ffffff
34.8585392919431, 2.99666295536819360,#ffffff
34.8679636939329, 2.99709299386591299,#ffffff
34.8773894016779, 2.99749339301675288,#ffffff
34.8868163219638, 2.99786414886102026,#ffffff
34.8962443615645, 2.99820525773217383,#ffffff
34.9056734272426, 2.99851671625686445,#ffffff
34.9151034257506, 2.99879852135496527,#ffffff
34.9245342638319, 2.99905067023960115,#ffffff
34.9339658482213, 2.99927316041718184,#ffffff
34.9433980856466, 2.99946598968741940,#ffffff
34.9528308828289, 2.99962915614335479,#ffffff
34.9622641464838, 2.99976265817137655,#ffffff
34.9716977833223, 2.99986649445123277,#ffffff
34.9811317000518, 2.99994066395604975,#ffffff
34.9905658033768, 2.99998516595233777,#ffffff
35.0000000000000, 3.00000000000000000,#ffffff
35.0000000000000, 3.00000000000000000,#ffffff
35.0000000000000, 2.88890000000000002,#ffffff
35.0000000000000, 2.88890000000000002,#ffffff
34.9909151831251, 2.88888571530656968,#ffffff
34.9818304560932, 2.88884286136754387,#ffffff
34.9727459087466, 2.88877143860672225,#ffffff
34.9636616309257, 2.88867144773042961,#ffffff
34.9545777124681, 2.88854288972751272,#ffffff
34.9454942432082, 2.88838576586932883,#ffffff
34.9364113129755, 2.88820007770973231,#ffffff
34.9273290115946, 2.88798582708506135,#ffffff
34.9182474288837, 2.88774301611411932,#ffffff
34.9091666546538, 2.88747164719815208,#ffffff
34.9000867787079, 2.88717172302082581,#ffffff
34.8910078908405, 2.88684324654820035,#ffffff
34.8819300808357, 2.88648622102869945,#ffffff
34.8728534384675, 2.88610064999307880,#ffffff
34.8637780534981, 2.88568653725439139,#ffffff
34.8547040156773, 2.88524388690794886,#ffffff
34.8456314147415, 2.88477270333128244,#ffffff
34.8365603404129, 2.88427299118409852,#ffffff
34.8274908823989, 2.88374475540823250,#ffffff
34.8184231303905, 2.88318800122760166,#ffffff
34.8093571740621, 2.88260273414815105,#ffffff
34.8002931030701, 2.88198895995780013,#ffffff
34.7912310070526, 2.88134668472638600,#ffffff
34.7821709756279, 2.88067591480560337,#ffffff
34.7731130983939, 2.87997665682894066,#ffffff
34.7640574649274, 2.87924891771161517,#ffffff
34.7550041647827, 2.87849270465050511,#ffffff
34.7459532874913, 2.87770802512407675,#ffffff
34.7369049225606, 2.87689488689231343,#ffffff
34.7278591594731, 2.87605329799663556,#ffffff
34.7188160876858, 2.87518326675982294,#ffffff
34.7097757966289, 2.87428480178593171,#ffffff
34.7007383757050, 2.87335791196021129,#ffffff
34.6917039142887, 2.87240260644901202,#ffffff
34.6826725017249, 2.87141889469970035,#ffffff
34.6736442273286, 2.87040678644055980,#ffffff
34.6646191803836, 2.86936629168069901,#ffffff
34.6555974501421, 2.86829742070995053,#ffffff
34.6465791258231, 2.86720018409876953,#ffffff
34.6375642966121, 2.86607459269812948,#ffffff
34.6285530516602, 2.86492065763941506,#ffffff
34.6195454800828, 2.86373839033431032,#ffffff
34.6105416709590, 2.86252780247468985,#ffffff
34.6015417133308, 2.86128890603249753,#ffffff
34.5925456962021, 2.86002171325963328,#ffffff
34.5835537085378, 2.85872623668782966,#ffffff
34.5745658392629, 2.85740248912852612,#ffffff
34.5655821772617, 2.85605048367274694,#ffffff
34.5566028113770, 2.85467023369096662,#ffffff
34.5476278304090, 2.85326175283298200,#ffffff
34.5386573231145, 2.85182505502777373,#ffffff
34.5296913782063, 2.85036015448337210,#ffffff
34.5207300843516, 2.84886706568671233,#ffffff
34.5117735301722, 2.84734580340349508,#ffffff
34.5028218042426, 2.84579638267803814,#ffffff
34.4938749950897, 2.84421881883312988,#ffffff
34.4849331911917, 2.84261312746987382,#ffffff
34.4759964809775, 2.84097932446753898,#ffffff
34.4670649528254, 2.83931742598339953,#ffffff
34.4581386950625, 2.83762744845257631,#ffffff
34.4492177959640, 2.83590940858787377,#ffffff
34.4403023437517, 2.83416332337961574,#ffffff
34.4313924265939, 2.83238921009547662,#ffffff
34.4224881326041, 2.83058708628031042,#ffffff
34.4135895498399, 2.82875696975597712,#ffffff
34.4046967663028, 2.82689887862116684,#ffffff
34.3958098699367, 2.82501283125122216,#ffffff
34.3869289486274, 2.82309884629795382,#ffffff
34.3780540902015, 2.82115694268945738,#ffffff
34.3691853824258, 2.81918713962992751,#ffffff
34.3603229130063, 2.81718945659946485,#ffffff
34.3514667695869, 2.81516391335388683,#ffffff
34.3426170397495, 2.81311052992453003,#ffffff
34.3337738110122, 2.81102932661805305,#ffffff
34.3249371708289, 2.80892032401623526,#ffffff
34.3161072065884, 2.80678354297577304,#ffffff
34.3072840056134, 2.80461900462807456,#ffffff
34.2984676551598, 2.80242673037904977,#ffffff
34.2896582424157, 2.80020674190889896,#ffffff
34.2808558545006, 2.79795906117189874,#ffffff
34.2720605784645, 2.79568371039618491,#ffffff
34.2632725012871, 2.79338071208353167,#ffffff
34.2544917098770, 2.79105008900912965,#ffffff
34.2457182910705, 2.78869186422136295,#ffffff
34.2369523316313, 2.78630606104157597,#ffffff
34.2281939182490, 2.78389270306384828,#ffffff
34.2194431375388, 2.78145181415475751,#ffffff
34.2107000760405, 2.77898341845314567,#ffffff
34.2019648202173, 2.77648754036987899,#ffffff
34.1932374564553, 2.77396420458760717,#ffffff
34.1845180710627, 2.77141343606051871,#ffffff
34.1758067502687, 2.76883526001409530,#ffffff
34.1671035802226, 2.76622970194486095,#ffffff
34.1584086469933, 2.76359678762013061,#ffffff
34.1497220365681, 2.76093654307775571,#ffffff
34.1410438348522, 2.75824899462586481,#ffffff
34.1323741276674, 2.75553416884260738,#ffffff
34.1237130007516, 2.75279209257588597,#ffffff
34.1150605397580, 2.75002279294309382,#ffffff
34.1064168302537, 2.74722629733084567,#ffffff
34.0977819577196, 2.74440263339470913,#ffffff
34.0891560075492, 2.74155182905892625,#ffffff
34.0805390650476, 2.73867391251614256,#ffffff
34.0719312154309, 2.73576891222712604,#ffffff
34.0633325438252, 2.73283685692048417,#ffffff
34.0547431352660, 2.72987777559238332,#ffffff
34.0461630746970, 2.72689169750625826,#ffffff
34.0375924469697, 2.72387865219252623,#ffffff
34.0290313368420, 2.72083866944829200,#ffffff
34.0204798289779, 2.71777177933705483,#ffffff
34.0119380079465, 2.71467801218841043,#ffffff
34.0034059582208, 2.71155739859775258,#ffffff
33.9948837641775, 2.70840996942596846,#ffffff
33.9863715100956, 2.70523575579913311,#ffffff
33.9778692801559, 2.70203478910820527,#ffffff
33.9693771584401, 2.69880710100871246,#ffffff
33.9608952289299, 2.69555272342044105,#ffffff
33.9524235755061, 2.69227168852711918,#ffffff
33.9439622819481, 2.68896402877609875,#ffffff
33.9355114319327, 2.68562977687803484,#ffffff
33.9270711090333, 2.68226896580656193,#ffffff
33.9186413967195, 2.67888162879796710,#ffffff
33.9102223783557, 2.67546779935086398,#ffffff
33.9018141372007, 2.67202751122585713,#ffffff
33.8934167564067, 2.66856079844521243,#ffffff
33.8850303190184, 2.66506769529251875,#ffffff
33.8766549079723, 2.66154823631234771,#ffffff
33.8682906060960, 2.65800245630991494,#ffffff
33.8599374961071, 2.65443039035073269,#ffffff
33.8515956606126, 2.65083207376026619,#ffffff
33.8432651821078, 2.64720754212358100,#ffffff
33.8349461429760, 2.64355683128499486,#ffffff
33.8266386254872, 2.63987997734771929,#ffffff
33.8183427117974, 2.63617701667350657,#ffffff
33.8100584839479, 2.63244798588228512,#ffffff
33.8017860238646, 2.62869292185180337,#ffffff
33.7935254133567, 2.62491186171725932,#ffffff
33.7852767341166, 2.62110484287093826,#ffffff
33.7770400677183, 2.61727190296183876,#ffffff
33.7688154956173, 2.61341307989530369,#ffffff
33.7606030991493, 2.60952841183264228,#ffffff
33.7524029595299, 2.60561793719075618,#ffffff
33.7442151578531, 2.60168169464175669,#ffffff
33.7360397750911, 2.59771972311258281,#ffffff
33.7278768920932, 2.59373206178461846,#ffffff
33.7197265895852, 2.58971875009330210,#ffffff
33.7115889481684, 2.58567982772773863,#ffffff
33.7034640483189, 2.58161533463030546,#ffffff
33.6953519703868, 2.57752531099625903,#ffffff
33.6872527945954, 2.57340979727333652,#ffffff
33.6791666010404, 2.56926883416135565,#ffffff
33.6710934696892, 2.56510246261181241,#ffffff
33.6630334803798, 2.56091072382747642,#ffffff
33.6549867128204, 2.55669365926198289,#ffffff
33.6469532465886, 2.55245131061942265,#ffffff
33.6389331611301, 2.54818371985393100,#ffffff
33.6309265357585, 2.54389092916927018,#ffffff
33.6229334496542, 2.53957298101841555,#ffffff
33.6149539818639, 2.53522991810313236,#ffffff
33.6069882112993, 2.53086178337355605,#ffffff
33.5990362167368, 2.52646862002776507,#ffffff
33.5910980768168, 2.52205047151135675,#ffffff
33.5831738700423, 2.51760738151701347,#ffffff
33.5752636747786, 2.51313939398407538,#ffffff
33.5673675692527, 2.50864655309810214,#ffffff
33.5594856315519, 2.50412890329043769,#ffffff
33.5516179396237, 2.49958648923777060,#ffffff
33.5437645712744, 2.49501935586169177,#ffffff
33.5359256041691, 2.49042754832825075,#ffffff
33.5281011158299, 2.48581111204750815,#ffffff
33.5202911836362, 2.48117009267308886,#ffffff
33.5124958848233, 2.47650453610172683,#ffffff
33.5047152964817, 2.47181448847281615,#ffffff
33.4969494955564, 2.46709999616794784,#ffffff
33.4891985588464, 2.46236110581045997,#ffffff
33.4814625630034, 2.45759786426496740,#ffffff
33.4737415845315, 2.45281031863690613,#ffffff
33.4660356997864, 2.44799851627206255,#ffffff
33.4583449849743, 2.44316250475610719,#ffffff
33.4506695161515, 2.43830233191412349,#ffffff
33.4430093692236, 2.43341804581013532,#ffffff
33.4353646199444, 2.42850969474663092,#ffffff
33.4277353439158, 2.42357732726408592,#ffffff
33.4201216165865, 2.41862099214048420,#ffffff
33.4125235132513, 2.41364073839083204,#ffffff
33.4049411090506, 2.40863661526667805,#ffffff
33.3973744789697, 2.40360867225562247,#ffffff
33.3898236978377, 2.39855695908083000,#ffffff
33.3822888403271, 2.39348152570053552,#ffffff
33.3747699809528, 2.38838242230755382,#ffffff
33.3672671940715, 2.38325969932877957,#ffffff
33.3597805538810, 2.37811340742469124,#ffffff
33.3523101344195, 2.37294359748884798,#ffffff
33.3448560095647, 2.36775032064738777,#ffffff
33.3374182530331, 2.36253362825852165,#ffffff
33.3299969383794, 2.35729357191202471,#ffffff
33.3225921389957, 2.35203020342872815,#ffffff
33.3152039281108, 2.34674357486000407,#ffffff
33.3078323787894, 2.34143373848725300,#ffffff
33.3004775639314, 2.33610074682138480,#ffffff
33.2931395562713, 2.33074465260230168,#ffffff
33.2858184283773, 2.32536550879837511,#ffffff
33.2785142526507, 2.31996336860592134,#ffffff
33.2712271013253, 2.31453828544867823,#ffffff
33.2639570464662, 2.30909031297727330,#ffffff
33.2567041599697, 2.30361950506869517,#ffffff
33.2494685135622, 2.29812591582576076,#ffffff
33.2422501787998, 2.29260959957658050,#ffffff
33.2350492270671, 2.28707061087401842,#ffffff
33.2278657295770, 2.28150900449515781,#ffffff
33.2206997573698, 2.27592483544075375,#ffffff
33.2135513813122, 2.27031815893469302,#ffffff
33.2064206720974, 2.26468903042344660,#ffffff
33.1993077002433, 2.25903750557552208,#ffffff
33.1922125360928, 2.25336364028091118,#ffffff
33.1851352498126, 2.24766749065054006,#ffffff
33.1780759113926, 2.24194911301571187,#ffffff
33.1710345906450, 2.23620856392755085,#ffffff
33.1640113572042, 2.23044590015644317,#ffffff
33.1570062805253, 2.22466117869147428,#ffffff
33.1500194298843, 2.21885445673986759,#ffffff
33.1430508743766, 2.21302579172641556,#ffffff
33.1361006829167, 2.20717524129291576,#ffffff
33.1291689242377, 2.20130286329759617,#ffffff
33.1222556668903, 2.19540871581454811,#ffffff
33.1153609792422, 2.18949285713314756,#ffffff
33.1084849294774, 2.18355534575748100,#ffffff
33.1016275855958, 2.17759624040576538,#ffffff
33.0947890154122, 2.17161560000977083,#ffffff
33.0879692865555, 2.16561348371423268,#ffffff
33.0811684664687, 2.15958995087627059,#ffffff
33.0743866224074, 2.15354506106480059,#ffffff
33.0676238214400, 2.14747887405994398,#ffffff
33.0608801304461, 2.14139144985243979,#ffffff
33.0541556161165, 2.13528284864304840,#ffffff
33.0474503449526, 2.12915313084195734,#ffffff
33.0407643832650, 2.12300235706818397,#ffffff
33.0340977971738, 2.11683058814897596,#ffffff
33.0274506526073, 2.11063788511920913,#ffffff
33.0208230153014, 2.10442430922078527,#ffffff
33.0142149507994, 2.09818992190202458,#ffffff
33.0076265244507, 2.09193478481705997,#ffffff
33.0010578014108, 2.08565895982522553,#ffffff
32.9945088466401, 2.07936250899044639,#ffffff
32.9879797249036, 2.07304549458062315,#ffffff
32.9814705007702, 2.06670797906701820,#ffffff
32.9749812386121, 2.06035002512363574,#ffffff
32.9685120026038, 2.05397169562660409,#ffffff
32.9620628567221, 2.04757305365355213,#ffffff
32.9556338647448, 2.04115416248298720,#ffffff
32.9492250902506, 2.03471508559366709,#ffffff
32.9428365966183, 2.02825588666397438,#ffffff
32.9364684470260, 2.02177662957128490,#ffffff
32.9301207044506, 2.01527737839133891,#ffffff
32.9237934316673, 2.00875819739760342,#ffffff
32.9174866912488, 2.00221915106063975,#ffffff
32.9112005455647, 1.99566030404746431,#ffffff
32.9049350567811, 1.98908172122091020,#ffffff
32.8986902868596, 1.98248346763898442,#ffffff
32.8924662975571, 1.97586560855422633,#ffffff
32.8862631504249, 1.96922820941306043,#ffffff
32.8800809068081, 1.96257133585515020,#ffffff
32.8739196278452, 1.95589505371274863,#ffffff
32.8677793744673, 1.94919942901004761,#ffffff
32.8616602073978, 1.94248452796252402,#ffffff
32.8555621871511, 1.93575041697628625,#ffffff
32.8494853740329, 1.92899716264741672,#ffffff
32.8434298281391, 1.92222483176131287,#ffffff
32.8373956093550, 1.91543349129202767,#ffffff
32.8313827773554, 1.90862320840160637,#ffffff
32.8253913916033, 1.90179405043942329,#ffffff
32.8194215113496, 1.89494608494151473,#ffffff
32.8134731956328, 1.88807937962991113,#ffffff
32.8075465032778, 1.88119400241196932,#ffffff
32.8016414928960, 1.87429002137969847,#ffffff
32.7957582228841, 1.86736750480908720,#ffffff
32.7898967514239, 1.86042652115942975,#ffffff
32.7840571364817, 1.85346713907264737,#ffffff
32.7782394358075, 1.84648942737261001,#ffffff
32.7724437069347, 1.83949345506445749,#ffffff
32.7666700071793, 1.83247929133391341,#ffffff
32.7609183936397, 1.82544700554660411,#ffffff
32.7551889231956, 1.81839666724737103,#ffffff
32.7494816525079, 1.81132834615958394,#ffffff
32.7437966380177, 1.80424211218445052,#ffffff
32.7381339359464, 1.79713803540032635,#ffffff
32.7324936022944, 1.79001618606201984,#ffffff
32.7268756928410, 1.78287663460010015,#ffffff
32.7212802631439, 1.77571945162019751,#ffffff
32.7157073685382, 1.76854470790230822,#ffffff
32.7101570641363, 1.76135247440009191,#ffffff
32.7046294048273, 1.75414282224017182,#ffffff
32.6991244452762, 1.74691582272143098,#ffffff
32.6936422399235, 1.73967154731430562,#ffffff
32.6881828429848, 1.73241006766008065,#ffffff
32.6827463084500, 1.72513145557017911,#ffffff
32.6773326900829, 1.71783578302545381,#ffffff
32.6719420414210, 1.71052312217547398,#ffffff
32.6665744157742, 1.70319354533781286,#ffffff
32.6612298662249, 1.69584712499733214,#ffffff
32.6559084456274, 1.68848393380546424,#ffffff
32.6506102066072, 1.68110404457949558,#ffffff
32.6453352015603, 1.67370753030184538,#ffffff
32.6400834826534, 1.66629446411934290,#ffffff
32.6348551018226, 1.65886491934250757,#ffffff
32.6296501107731, 1.65141896944481936,#ffffff
32.6244685609792, 1.64395668806199535,#ffffff
32.6193105036830, 1.63647814899126143,#ffffff
32.6141759898944, 1.62898342619061998,#ffffff
32.6090650703906, 1.62147259377812203,#ffffff
32.6039777957152, 1.61394572603113051,#ffffff
32.5989142161782, 1.60640289738558995,#ffffff
32.5938743818552, 1.59884418243528592,#ffffff
32.5888583425869, 1.59126965593111080,#ffffff
32.5838661479788, 1.58367939278032210,#ffffff
32.5788978474005, 1.57607346804580417,#ffffff
32.5739534899853, 1.56845195694532280,#ffffff
32.5690331246299, 1.56081493485078493,#ffffff
32.5641367999934, 1.55316247728748968,#ffffff
32.5592645644975, 1.54549465993338453,#ffffff
32.5544164663255, 1.53781155861831387,#ffffff
32.5495925534219, 1.53011324932327253,#ffffff
32.5447928734922, 1.52239980817965148,#ffffff
32.5400174740022, 1.51467131146848688,#ffffff
32.5352664021776, 1.50692783561970423,#ffffff
32.5305397050034, 1.49916945721136297,#ffffff
32.5258374292237, 1.49139625296889977,#ffffff
32.5211596213410, 1.48360829976437070,#ffffff
32.5165063276158, 1.47580567461568712,#ffffff
32.5118775940664, 1.46798845468585903,#ffffff
32.5072734664678, 1.46015671728222740,#ffffff
32.5026939903520, 1.45231053985570346,#ffffff
32.4981392110071, 1.44445000000000001,#ffffff
32.4936091734771, 1.43657517545086644,#ffffff
32.4891039225610, 1.42868614408531691,#ffffff
32.4846235028130, 1.42078298392086366,#ffffff
32.4801679585415, 1.41286577311474271,#ffffff
32.4757373338091, 1.40493458996314247,#ffffff
32.4713316724319, 1.39698951290042905,#ffffff
32.4669510179789, 1.38903062049836956,#ffffff
32.4625954137722, 1.38105799146535779,#ffffff
32.4582649028859, 1.37307170464563266,#ffffff
32.4539595281460, 1.36507183901850060,#ffffff
32.4496793321298, 1.35705847369755350,#ffffff
32.4454243571659, 1.34903168792988670,#ffffff
32.4411946453333, 1.34099156109531559,#ffffff
32.4369902384610, 1.33293817270558934,#ffffff
32.4328111781280, 1.32487160240360691,#ffffff
32.4286575056626, 1.31679192996262628,#ffffff
32.4245292621419, 1.30869923528547893,#ffffff
32.4204264883917, 1.30059359840377686,#ffffff
32.4163492249858, 1.29247509947712191,#ffffff
32.4122975122457, 1.28434381879231574,#ffffff
32.4082713902403, 1.27619983676256110,#ffffff
32.4042708987853, 1.26804323392666940,#ffffff
32.4002960774432, 1.25987409094826419,#ffffff
32.3963469655223, 1.25169248861498339,#ffffff
32.3924236020769, 1.24349850783767946,#ffffff
32.3885260259066, 1.23529222964961982,#ffffff
32.3846542755558, 1.22707373520568597,#ffffff
32.3808083893138, 1.21884310578156962,#ffffff
32.3769884052140, 1.21060042277297075,#ffffff
32.3731943610335, 1.20234576769479085,#ffffff
32.3694262942930, 1.19407922218032780,#ffffff
32.3656842422563, 1.18580086798046769,#ffffff
32.3619682419300, 1.17751078696287914,#ffffff
32.3582783300629, 1.16920906111119938,#ffffff
32.3546145431459, 1.16089577252422638,#ffffff
32.3509769174115, 1.15257100341510643,#ffffff
32.3473654888336, 1.14423483611052013,#ffffff
32.3437802931268, 1.13588735304987032,#ffffff
32.3402213657466, 1.12752863678446413,#ffffff
32.3366887418884, 1.11915876997669894,#ffffff
32.3331824564875, 1.11077783539924324,#ffffff
32.3297025442191, 1.10238591593421908,#ffffff
32.3262490394972, 1.09398309457238208,#ffffff
32.3228219764747, 1.08556945441230068,#ffffff
32.3194213890431, 1.07714507865953335,#ffffff
32.3160473108321, 1.06871005062580937,#ffffff
32.3126997752092, 1.06026445372820000,#ffffff
32.3093788152794, 1.05180837148829620,#ffffff
32.3060844638849, 1.04334188753138291,#ffffff
32.3028167536046, 1.03486508558561119,#ffffff
32.2995757167543, 1.02637804948117028,#ffffff
32.2963613853856, 1.01788086314945869,#ffffff
32.2931737912863, 1.00937361062225506,#ffffff
32.2900129659797, 1.00085637603088529,#ffffff
32.2868789407243, 0.99232924360539176,#ffffff
32.2837717465136, 0.98379229767370080,#ffffff
32.2806914140758, 0.97524562266078740,#ffffff
32.2776379738735, 0.96668930308784062,#ffffff
32.2746114561032, 0.95812342357143010,#ffffff
32.2716118906953, 0.94954806882266496,#ffffff
32.2686393073136, 0.94096332364635948,#ffffff
32.2656937353550, 0.93236927294019289,#ffffff
32.2627752039494, 0.92376600169387058,#ffffff
32.2598837419591, 0.91515359498828297,#ffffff
32.2570193779790, 0.90653213799466414,#ffffff
32.2541821403357, 0.89790171597375068,#ffffff
32.2513720570878, 0.88926241427493624,#ffffff
32.2485891560251, 0.88061431833543025,#ffffff
32.2458334646688, 0.87195751367941055,#ffffff
32.2431050102710, 0.86329208591717921,#ffffff
32.2404038198143, 0.85461812074431465,#ffffff
32.2377299200118, 0.84593570394082640,#ffffff
32.2350833373066, 0.83724492137030382,#ffffff
32.2324640978718, 0.82854585897906863,#ffffff
32.2298722276100, 0.81983860279532528,#ffffff
32.2273077521531, 0.81112323892830895,#ffffff
32.2247706968622, 0.80239985356743504,#ffffff
32.2222610868271, 0.79366853298144635,#ffffff
32.2197789468663, 0.78492936351756026,#ffffff
32.2173243015266, 0.77618243160061384,#ffffff
32.2148971750828, 0.76742782373221097,#ffffff
32.2124975915378, 0.75866562648986502,#ffffff
32.2101255746218, 0.74989592652614334,#ffffff
32.2077811477926, 0.74111881056781070,#ffffff
32.2054643342351, 0.73233436541497210,#ffffff
32.2031751568611, 0.72354267794021276,#ffffff
32.2009136383091, 0.71474383508773998,#ffffff
32.1986798009441, 0.70593792387252285,#ffffff
32.1964736668574, 0.69712503137943294,#ffffff
32.1942952578661, 0.68830524476238164,#ffffff
32.1921445955134, 0.67947865124345896,#ffffff
32.1900217010680, 0.67064533811207072,#ffffff
32.1879265955240, 0.66180539272407590,#ffffff
32.1858592996005, 0.65295890250092170,#ffffff
32.1838198337419, 0.64410595492878009,#ffffff
32.1818082181172, 0.63524663755768107,#ffffff
32.1798244726200, 0.62638103800065015,#ffffff
32.1778686168682, 0.61750924393283746,#ffffff
32.1759406702040, 0.60863134309065381,#ffffff
32.1740406516937, 0.59974742327090202,#ffffff
32.1721685801271, 0.59085757232990888,#ffffff
32.1703244740179, 0.58196187818265588,#ffffff
32.1685083516031, 0.57306042880191044,#ffffff
32.1667202308430, 0.56415331221735543,#ffffff
32.1649601294210, 0.55524061651471890,#ffffff
32.1632280647434, 0.54632242983490287,#ffffff
32.1615240539392, 0.53739884037311125,#ffffff
32.1598481138600, 0.52846993637797834,#ffffff
32.1582002610797, 0.51953580615069539,#ffffff
32.1565805118946, 0.51059653804413907,#ffffff
32.1549888823230, 0.50165222046199509,#ffffff
32.1534253881051, 0.49270294185788560,#ffffff
32.1518900447028, 0.48374879073449417,#ffffff
32.1503828672997, 0.47478985564269049,#ffffff
32.1489038708009, 0.46582622518065470,#ffffff
32.1474530698327, 0.45685798799300098,#ffffff
32.1460304787425, 0.44788523276990150,#ffffff
32.1446361115990, 0.43890804824620844,#ffffff
32.1432699821914, 0.42992652320057739,#ffffff
32.1419321040300, 0.42094074645458873,#ffffff
32.1406224903456, 0.41195080687186941,#ffffff
32.1393411540893, 0.40295679335721363,#ffffff
32.1380881079328, 0.39395879485570606,#ffffff
32.1368633642679, 0.38495690035183860,#ffffff
32.1356669352065, 0.37595119886863271,#ffffff
32.1344988325806, 0.36694177946675821,#ffffff
32.1333590679420, 0.35792873124365310,#ffffff
32.1322476525622, 0.34891214333264198,#ffffff
32.1311645974324, 0.33989210490205479,#ffffff
32.1301099132633, 0.33086870515434474,#ffffff
32.1290836104851, 0.32184203332520661,#ffffff
32.1280856992473, 0.31281217868269368,#ffffff
32.1271161894186, 0.30377923052633549,#ffffff
32.1261750905868, 0.29474327818625423,#ffffff
32.1252624120587, 0.28570441102228122,#ffffff
32.1243781628603, 0.27666271842307522,#ffffff
32.1235223517361, 0.26761828980523483,#ffffff
32.1226949871496, 0.25857121461241694,#ffffff
32.1218960772829, 0.24952158231445126,#ffffff
32.1211256300368, 0.24046948240645569,#ffffff
32.1203836530303, 0.23141500440795121,#ffffff
32.1196701536013, 0.22235823786197659,#ffffff
32.1189851388058, 0.21329927233420293,#ffffff
32.1183286154182, 0.20423819741204785,#ffffff
32.1177005899309, 0.19517510270378949,#ffffff
32.1171010685549, 0.18611007783768044,#ffffff
32.1165300572190, 0.17704321246106069,#ffffff
32.1159875615701, 0.16797459623947364,#ffffff
32.1154735869732, 0.15890431885577547,#ffffff
32.1149881385112, 0.14983247000925082,#ffffff
32.1145312209848, 0.14075913941472518,#ffffff
32.1141028389127, 0.13168441680167756,#ffffff
32.1137029965313, 0.12260839191335311,#ffffff
32.1133316977947, 0.11353115450587570,#ffffff
32.1129889463750, 0.10445279434736023,#ffffff
32.1126747456616, 0.09537340121702484,#ffffff
32.1123890987618, 0.08629306490430325,#ffffff
32.1121320085006, 0.07721187520795647,#ffffff
32.1119034774203, 0.06812992193518509,#ffffff
32.1117035077809, 0.05904729490074025,#ffffff
32.1115321015602, 0.04996408392603811,#ffffff
32.1113892604530, 0.04088037883826773,#ffffff
32.1112749858722, 0.03179626946950526,#ffffff
32.1111892789477, 0.02271184565582492,#ffffff
32.1111321405271, 0.01362719723641062,#ffffff
32.1111035711756, 0.00454241405266743,#ffffff
32.1111035711756,-0.00454241405266679,#ffffff
32.1111321405271,-0.01362719723640997,#ffffff
32.1111892789477,-0.02271184565582428,#ffffff
32.1112749858722,-0.03179626946950462,#ffffff
32.1113892604530,-0.04088037883826709,#ffffff
32.1115321015602,-0.04996408392603747,#ffffff
32.1117035077809,-0.05904729490074025,#ffffff
32.1119034774203,-0.06812992193518444,#ffffff
32.1121320085006,-0.07721187520795583,#ffffff
32.1123890987618,-0.08629306490430259,#ffffff
32.1126747456616,-0.09537340121702420,#ffffff
32.1129889463750,-0.10445279434735959,#ffffff
32.1133316977947,-0.11353115450587506,#ffffff
32.1137029965313,-0.12260839191335247,#ffffff
32.1141028389127,-0.13168441680167692,#ffffff
32.1145312209848,-0.14075913941472454,#ffffff
32.1149881385112,-0.14983247000925015,#ffffff
32.1154735869732,-0.15890431885577483,#ffffff
32.1159875615701,-0.16797459623947300,#ffffff
32.1165300572190,-0.17704321246106069,#ffffff
32.1171010685549,-0.18611007783767980,#ffffff
32.1177005899309,-0.19517510270378885,#ffffff
32.1183286154182,-0.20423819741204721,#ffffff
32.1189851388058,-0.21329927233420229,#ffffff
32.1196701536013,-0.22235823786197595,#ffffff
32.1203836530303,-0.23141500440795054,#ffffff
32.1211256300368,-0.24046948240645505,#ffffff
32.1218960772829,-0.24952158231445062,#ffffff
32.1226949871496,-0.25857121461241633,#ffffff
32.1235223517361,-0.26761828980523422,#ffffff
32.1243781628603,-0.27666271842307455,#ffffff
32.1252624120587,-0.28570441102228056,#ffffff
32.1261750905868,-0.29474327818625362,#ffffff
32.1271161894186,-0.30377923052633482,#ffffff
32.1280856992473,-0.31281217868269301,#ffffff
32.1290836104851,-0.32184203332520595,#ffffff
32.1301099132633,-0.33086870515434413,#ffffff
32.1311645974324,-0.33989210490205418,#ffffff
32.1322476525622,-0.34891214333264137,#ffffff
32.1333590679420,-0.35792873124365243,#ffffff
32.1344988325806,-0.36694177946675754,#ffffff
32.1356669352065,-0.37595119886863204,#ffffff
32.1368633642679,-0.38495690035183799,#ffffff
32.1380881079328,-0.39395879485570540,#ffffff
32.1393411540893,-0.40295679335721296,#ffffff
32.1406224903456,-0.41195080687186875,#ffffff
32.1419321040300,-0.42094074645458807,#ffffff
32.1432699821914,-0.42992652320057684,#ffffff
32.1446361115990,-0.43890804824620788,#ffffff
32.1460304787425,-0.44788523276990089,#ffffff
32.1474530698327,-0.45685798799300043,#ffffff
32.1489038708009,-0.46582622518065403,#ffffff
32.1503828672997,-0.47478985564268988,#ffffff
32.1518900447028,-0.48374879073449356,#ffffff
32.1534253881051,-0.49270294185788499,#ffffff
32.1549888823230,-0.50165222046199442,#ffffff
32.1565805118946,-0.51059653804413851,#ffffff
32.1582002610797,-0.51953580615069539,#ffffff
32.1598481138600,-0.52846993637797779,#ffffff
32.1615240539392,-0.53739884037311059,#ffffff
32.1632280647434,-0.54632242983490220,#ffffff
32.1649601294210,-0.55524061651471834,#ffffff
32.1667202308430,-0.56415331221735476,#ffffff
32.1685083516031,-0.57306042880190977,#ffffff
32.1703244740179,-0.58196187818265521,#ffffff
32.1721685801271,-0.59085757232990821,#ffffff
32.1740406516937,-0.59974742327090147,#ffffff
32.1759406702040,-0.60863134309065325,#ffffff
32.1778686168682,-0.61750924393283690,#ffffff
32.1798244726200,-0.62638103800064948,#ffffff
32.1818082181172,-0.63524663755768107,#ffffff
32.1838198337419,-0.64410595492877942,#ffffff
32.1858592996005,-0.65295890250092115,#ffffff
32.1879265955240,-0.66180539272407524,#ffffff
32.1900217010680,-0.67064533811207017,#ffffff
32.1921445955134,-0.67947865124345830,#ffffff
32.1942952578661,-0.68830524476238109,#ffffff
32.1964736668574,-0.69712503137943238,#ffffff
32.1986798009441,-0.70593792387252230,#ffffff
32.2009136383091,-0.71474383508773931,#ffffff
32.2031751568611,-0.72354267794021210,#ffffff
32.2054643342351,-0.73233436541497143,#ffffff
32.2077811477926,-0.74111881056781004,#ffffff
32.2101255746218,-0.74989592652614279,#ffffff
32.2124975915378,-0.75866562648986435,#ffffff
32.2148971750828,-0.76742782373221041,#ffffff
32.2173243015266,-0.77618243160061340,#ffffff
32.2197789468663,-0.78492936351755960,#ffffff
32.2222610868271,-0.79366853298144591,#ffffff
32.2247706968622,-0.80239985356743437,#ffffff
32.2273077521531,-0.81112323892830829,#ffffff
32.2298722276100,-0.81983860279532461,#ffffff
32.2324640978718,-0.82854585897906818,#ffffff
32.2350833373066,-0.83724492137030315,#ffffff
32.2377299200118,-0.84593570394082573,#ffffff
32.2404038198143,-0.85461812074431398,#ffffff
32.2431050102710,-0.86329208591717865,#ffffff
32.2458334646688,-0.87195751367940999,#ffffff
32.2485891560251,-0.88061431833542969,#ffffff
32.2513720570878,-0.88926241427493580,#ffffff
32.2541821403357,-0.89790171597375001,#ffffff
32.2570193779790,-0.90653213799466370,#ffffff
32.2598837419591,-0.91515359498828242,#ffffff
32.2627752039494,-0.92376600169387013,#ffffff
32.2656937353550,-0.93236927294019245,#ffffff
32.2686393073136,-0.94096332364635893,#ffffff
32.2716118906953,-0.94954806882266429,#ffffff
32.2746114561032,-0.95812342357142943,#ffffff
32.2776379738735,-0.96668930308784062,#ffffff
32.2806914140758,-0.97524562266078674,#ffffff
32.2837717465136,-0.98379229767370013,#ffffff
32.2868789407243,-0.99232924360539110,#ffffff
32.2900129659797,-1.00085637603088462,#ffffff
32.2931737912863,-1.00937361062225439,#ffffff
32.2963613853856,-1.01788086314945825,#ffffff
32.2995757167543,-1.02637804948116962,#ffffff
32.3028167536046,-1.03486508558561052,#ffffff
32.3060844638849,-1.04334188753138246,#ffffff
32.3093788152794,-1.05180837148829553,#ffffff
32.3126997752092,-1.06026445372819933,#ffffff
32.3160473108321,-1.06871005062580893,#ffffff
32.3194213890431,-1.07714507865953335,#ffffff
32.3228219764747,-1.08556945441230002,#ffffff
32.3262490394972,-1.09398309457238163,#ffffff
32.3297025442191,-1.10238591593421864,#ffffff
32.3331824564875,-1.11077783539924257,#ffffff
32.3366887418884,-1.11915876997669828,#ffffff
32.3402213657466,-1.12752863678446369,#ffffff
32.3437802931268,-1.13588735304986987,#ffffff
32.3473654888336,-1.14423483611051968,#ffffff
32.3509769174115,-1.15257100341510577,#ffffff
32.3546145431459,-1.16089577252422571,#ffffff
32.3582783300629,-1.16920906111119871,#ffffff
32.3619682419300,-1.17751078696287848,#ffffff
32.3656842422563,-1.18580086798046769,#ffffff
32.3694262942930,-1.19407922218032714,#ffffff
32.3731943610335,-1.20234576769479018,#ffffff
32.3769884052140,-1.21060042277296964,#ffffff
32.3808083893138,-1.21884310578156918,#ffffff
32.3846542755558,-1.22707373520568486,#ffffff
32.3885260259066,-1.23529222964961938,#ffffff
32.3924236020769,-1.24349850783767946,#ffffff
32.3963469655223,-1.25169248861498295,#ffffff
32.4002960774432,-1.25987409094826419,#ffffff
32.4042708987853,-1.26804323392666873,#ffffff
32.4082713902403,-1.27619983676256110,#ffffff
32.4122975122457,-1.28434381879231529,#ffffff
32.4163492249858,-1.29247509947712191,#ffffff
32.4204264883917,-1.30059359840377575,#ffffff
32.4245292621419,-1.30869923528547827,#ffffff
32.4286575056626,-1.31679192996262517,#ffffff
32.4328111781280,-1.32487160240360624,#ffffff
32.4369902384610,-1.33293817270558823,#ffffff
32.4411946453333,-1.34099156109531492,#ffffff
32.4454243571659,-1.34903168792988670,#ffffff
32.4496793321298,-1.35705847369755306,#ffffff
32.4539595281460,-1.36507183901850060,#ffffff
32.4582649028859,-1.37307170464563222,#ffffff
32.4625954137722,-1.38105799146535779,#ffffff
32.4669510179789,-1.38903062049836890,#ffffff
32.4713316724319,-1.39698951290042839,#ffffff
32.4757373338091,-1.40493458996314136,#ffffff
32.4801679585415,-1.41286577311474226,#ffffff
32.4846235028130,-1.42078298392086255,#ffffff
32.4891039225610,-1.42868614408531647,#ffffff
32.4936091734771,-1.43657517545086533,#ffffff
32.4981392110071,-1.44444999999999957,#ffffff
32.5026939903520,-1.45231053985570346,#ffffff
32.5072734664678,-1.46015671728222673,#ffffff
32.5118775940664,-1.46798845468585903,#ffffff
32.5165063276158,-1.47580567461568690,#ffffff
32.5211596213410,-1.48360829976437070,#ffffff
32.5258374292237,-1.49139625296889955,#ffffff
32.5305397050034,-1.49916945721136252,#ffffff
32.5352664021776,-1.50692783561970289,#ffffff
32.5400174740022,-1.51467131146848621,#ffffff
32.5447928734922,-1.52239980817965059,#ffffff
32.5495925534219,-1.53011324932327208,#ffffff
32.5544164663255,-1.53781155861831298,#ffffff
32.5592645644975,-1.54549465993338386,#ffffff
32.5641367999934,-1.55316247728748968,#ffffff
32.5690331246299,-1.56081493485078449,#ffffff
32.5739534899853,-1.56845195694532280,#ffffff
32.5788978474005,-1.57607346804580351,#ffffff
32.5838661479788,-1.58367939278032210,#ffffff
32.5888583425869,-1.59126965593110992,#ffffff
32.5938743818552,-1.59884418243528548,#ffffff
32.5989142161782,-1.60640289738558928,#ffffff
32.6039777957152,-1.61394572603113029,#ffffff
32.6090650703906,-1.62147259377812070,#ffffff
32.6141759898944,-1.62898342619061953,#ffffff
32.6193105036830,-1.63647814899126010,#ffffff
32.6244685609792,-1.64395668806199491,#ffffff
32.6296501107731,-1.65141896944481936,#ffffff
32.6348551018226,-1.65886491934250691,#ffffff
32.6400834826534,-1.66629446411934290,#ffffff
32.6453352015603,-1.67370753030184449,#ffffff
32.6506102066072,-1.68110404457949536,#ffffff
32.6559084456274,-1.68848393380546358,#ffffff
32.6612298662249,-1.69584712499733170,#ffffff
32.6665744157742,-1.70319354533781220,#ffffff
32.6719420414210,-1.71052312217547375,#ffffff
32.6773326900829,-1.71783578302545292,#ffffff
32.6827463084500,-1.72513145557017866,#ffffff
32.6881828429848,-1.73241006766008065,#ffffff
32.6936422399235,-1.73967154731430496,#ffffff
32.6991244452762,-1.74691582272143098,#ffffff
32.7046294048273,-1.75414282224017115,#ffffff
32.7101570641363,-1.76135247440009168,#ffffff
32.7157073685382,-1.76854470790230733,#ffffff
32.7212802631439,-1.77571945162019729,#ffffff
32.7268756928410,-1.78287663460009926,#ffffff
32.7324936022944,-1.79001618606201984,#ffffff
32.7381339359464,-1.79713803540032546,#ffffff
32.7437966380177,-1.80424211218445008,#ffffff
32.7494816525079,-1.81132834615958282,#ffffff
32.7551889231956,-1.81839666724737059,#ffffff
32.7609183936397,-1.82544700554660411,#ffffff
32.7666700071793,-1.83247929133391274,#ffffff
32.7724437069347,-1.83949345506445749,#ffffff
32.7782394358075,-1.84648942737260979,#ffffff
32.7840571364817,-1.85346713907264715,#ffffff
32.7898967514239,-1.86042652115942908,#ffffff
32.7957582228841,-1.86736750480908675,#ffffff
32.8016414928960,-1.87429002137969758,#ffffff
32.8075465032778,-1.88119400241196932,#ffffff
32.8134731956328,-1.88807937962991046,#ffffff
32.8194215113496,-1.89494608494151406,#ffffff
32.8253913916033,-1.90179405043942218,#ffffff
32.8313827773554,-1.90862320840160571,#ffffff
32.8373956093550,-1.91543349129202767,#ffffff
32.8434298281391,-1.92222483176131220,#ffffff
32.8494853740329,-1.92899716264741672,#ffffff
32.8555621871511,-1.93575041697628558,#ffffff
32.8616602073978,-1.94248452796252402,#ffffff
32.8677793744673,-1.94919942901004672,#ffffff
32.8739196278452,-1.95589505371274841,#ffffff
32.8800809068081,-1.96257133585514953,#ffffff
32.8862631504249,-1.96922820941306043,#ffffff
32.8924662975571,-1.97586560855422566,#ffffff
32.8986902868596,-1.98248346763898420,#ffffff
32.9049350567811,-1.98908172122090909,#ffffff
32.9112005455647,-1.99566030404746364,#ffffff
32.9174866912488,-2.00221915106063975,#ffffff
32.9237934316673,-2.00875819739760297,#ffffff
32.9301207044506,-2.01527737839133891,#ffffff
32.9364684470260,-2.02177662957128490,#ffffff
32.9428365966183,-2.02825588666397394,#ffffff
32.9492250902506,-2.03471508559366665,#ffffff
32.9556338647448,-2.04115416248298720,#ffffff
32.9620628567221,-2.04757305365355169,#ffffff
32.9685120026038,-2.05397169562660409,#ffffff
32.9749812386121,-2.06035002512363485,#ffffff
32.9814705007702,-2.06670797906701731,#ffffff
32.9879797249036,-2.07304549458062226,#ffffff
32.9945088466401,-2.07936250899044595,#ffffff
33.0010578014108,-2.08565895982522553,#ffffff
33.0076265244507,-2.09193478481705997,#ffffff
33.0142149507994,-2.09818992190202458,#ffffff
33.0208230153014,-2.10442430922078483,#ffffff
33.0274506526073,-2.11063788511920913,#ffffff
33.0340977971738,-2.11683058814897507,#ffffff
33.0407643832650,-2.12300235706818397,#ffffff
33.0474503449526,-2.12915313084195645,#ffffff
33.0541556161165,-2.13528284864304796,#ffffff
33.0608801304461,-2.14139144985243890,#ffffff
33.0676238214400,-2.14747887405994353,#ffffff
33.0743866224074,-2.15354506106479926,#ffffff
33.0811684664687,-2.15958995087627015,#ffffff
33.0879692865555,-2.16561348371423268,#ffffff
33.0947890154121,-2.17161560000977039,#ffffff
33.1016275855958,-2.17759624040576538,#ffffff
33.1084849294774,-2.18355534575748012,#ffffff
33.1153609792422,-2.18949285713314756,#ffffff
33.1222556668903,-2.19540871581454766,#ffffff
33.1291689242377,-2.20130286329759617,#ffffff
33.1361006829167,-2.20717524129291487,#ffffff
33.1430508743766,-2.21302579172641511,#ffffff
33.1500194298843,-2.21885445673986670,#ffffff
33.1570062805253,-2.22466117869147428,#ffffff
33.1640113572042,-2.23044590015644228,#ffffff
33.1710345906450,-2.23620856392755041,#ffffff
33.1780759113926,-2.24194911301571187,#ffffff
33.1851352498126,-2.24766749065053961,#ffffff
33.1922125360928,-2.25336364028091118,#ffffff
33.1993077002433,-2.25903750557552119,#ffffff
33.2064206720974,-2.26468903042344660,#ffffff
33.2135513813122,-2.27031815893469258,#ffffff
33.2206997573698,-2.27592483544075330,#ffffff
33.2278657295770,-2.28150900449515737,#ffffff
33.2350492270671,-2.28707061087401842,#ffffff
33.2422501787998,-2.29260959957657917,#ffffff
33.2494685135622,-2.29812591582576031,#ffffff
33.2567041599697,-2.30361950506869428,#ffffff
33.2639570464662,-2.30909031297727285,#ffffff
33.2712271013253,-2.31453828544867823,#ffffff
33.2785142526507,-2.31996336860592134,#ffffff
33.2858184283773,-2.32536550879837511,#ffffff
33.2931395562713,-2.33074465260230124,#ffffff
33.3004775639314,-2.33610074682138480,#ffffff
33.3078323787894,-2.34143373848725211,#ffffff
33.3152039281108,-2.34674357486000407,#ffffff
33.3225921389957,-2.35203020342872726,#ffffff
33.3299969383794,-2.35729357191202427,#ffffff
33.3374182530331,-2.36253362825852076,#ffffff
33.3448560095647,-2.36775032064738733,#ffffff
33.3523101344195,-2.37294359748884709,#ffffff
33.3597805538810,-2.37811340742469080,#ffffff
33.3672671940715,-2.38325969932877957,#ffffff
33.3747699809528,-2.38838242230755338,#ffffff
33.3822888403271,-2.39348152570053552,#ffffff
33.3898236978377,-2.39855695908082911,#ffffff
33.3973744789697,-2.40360867225562247,#ffffff
33.4049411090506,-2.40863661526667761,#ffffff
33.4125235132513,-2.41364073839083204,#ffffff
33.4201216165865,-2.41862099214048332,#ffffff
33.4277353439158,-2.42357732726408592,#ffffff
33.4353646199444,-2.42850969474663048,#ffffff
33.4430093692236,-2.43341804581013488,#ffffff
33.4506695161515,-2.43830233191412304,#ffffff
33.4583449849743,-2.44316250475610675,#ffffff
33.4660356997864,-2.44799851627206255,#ffffff
33.4737415845315,-2.45281031863690568,#ffffff
33.4814625630034,-2.45759786426496740,#ffffff
33.4891985588464,-2.46236110581045908,#ffffff
33.4969494955564,-2.46709999616794784,#ffffff
33.5047152964817,-2.47181448847281526,#ffffff
33.5124958848233,-2.47650453610172683,#ffffff
33.5202911836362,-2.48117009267308841,#ffffff
33.5281011158299,-2.48581111204750815,#ffffff
33.5359256041691,-2.49042754832824986,#ffffff
33.5437645712744,-2.49501935586169132,#ffffff
33.5516179396237,-2.49958648923776972,#ffffff
33.5594856315519,-2.50412890329043769,#ffffff
33.5673675692527,-2.50864655309810214,#ffffff
33.5752636747786,-2.51313939398407493,#ffffff
33.5831738700423,-2.51760738151701347,#ffffff
33.5910980768168,-2.52205047151135631,#ffffff
33.5990362167368,-2.52646862002776507,#ffffff
33.6069882112993,-2.53086178337355561,#ffffff
33.6149539818639,-2.53522991810313236,#ffffff
33.6229334496542,-2.53957298101841511,#ffffff
33.6309265357585,-2.54389092916926973,#ffffff
33.6389331611301,-2.54818371985393011,#ffffff
33.6469532465886,-2.55245131061942221,#ffffff
33.6549867128204,-2.55669365926198289,#ffffff
33.6630334803798,-2.56091072382747598,#ffffff
33.6710934696892,-2.56510246261181241,#ffffff
33.6791666010404,-2.56926883416135521,#ffffff
33.6872527945954,-2.57340979727333652,#ffffff
33.6953519703868,-2.57752531099625903,#ffffff
33.7034640483189,-2.58161533463030546,#ffffff
33.7115889481684,-2.58567982772773819,#ffffff
33.7197265895852,-2.58971875009330210,#ffffff
33.7278768920932,-2.59373206178461846,#ffffff
33.7360397750911,-2.59771972311258237,#ffffff
33.7442151578531,-2.60168169464175580,#ffffff
33.7524029595299,-2.60561793719075574,#ffffff
33.7606030991493,-2.60952841183264228,#ffffff
33.7688154956173,-2.61341307989530325,#ffffff
33.7770400677183,-2.61727190296183876,#ffffff
33.7852767341166,-2.62110484287093781,#ffffff
33.7935254133567,-2.62491186171725932,#ffffff
33.8017860238646,-2.62869292185180248,#ffffff
33.8100584839479,-2.63244798588228512,#ffffff
33.8183427117974,-2.63617701667350612,#ffffff
33.8266386254872,-2.63987997734771929,#ffffff
33.8349461429760,-2.64355683128499441,#ffffff
33.8432651821078,-2.64720754212358100,#ffffff
33.8515956606126,-2.65083207376026531,#ffffff
33.8599374961071,-2.65443039035073225,#ffffff
33.8682906060960,-2.65800245630991494,#ffffff
33.8766549079723,-2.66154823631234771,#ffffff
33.8850303190184,-2.66506769529251875,#ffffff
33.8934167564067,-2.66856079844521243,#ffffff
33.9018141372007,-2.67202751122585713,#ffffff
33.9102223783557,-2.67546779935086354,#ffffff
33.9186413967195,-2.67888162879796710,#ffffff
33.9270711090333,-2.68226896580656149,#ffffff
33.9355114319327,-2.68562977687803484,#ffffff
33.9439622819481,-2.68896402877609830,#ffffff
33.9524235755061,-2.69227168852711918,#ffffff
33.9608952289299,-2.69555272342044061,#ffffff
33.9693771584401,-2.69880710100871202,#ffffff
33.9778692801559,-2.70203478910820527,#ffffff
33.9863715100956,-2.70523575579913311,#ffffff
33.9948837641775,-2.70840996942596846,#ffffff
34.0034059582208,-2.71155739859775258,#ffffff
34.0119380079465,-2.71467801218841043,#ffffff
34.0204798289779,-2.71777177933705438,#ffffff
34.0290313368420,-2.72083866944829200,#ffffff
34.0375924469697,-2.72387865219252578,#ffffff
34.0461630746970,-2.72689169750625782,#ffffff
34.0547431352660,-2.72987777559238287,#ffffff
34.0633325438252,-2.73283685692048417,#ffffff
34.0719312154309,-2.73576891222712515,#ffffff
34.0805390650476,-2.73867391251614256,#ffffff
34.0891560075492,-2.74155182905892625,#ffffff
34.0977819577196,-2.74440263339470869,#ffffff
34.1064168302537,-2.74722629733084567,#ffffff
34.1150605397580,-2.75002279294309337,#ffffff
34.1237130007516,-2.75279209257588597,#ffffff
34.1323741276674,-2.75553416884260693,#ffffff
34.1410438348522,-2.75824899462586481,#ffffff
34.1497220365681,-2.76093654307775527,#ffffff
34.1584086469933,-2.76359678762013061,#ffffff
34.1671035802226,-2.76622970194486051,#ffffff
34.1758067502687,-2.76883526001409486,#ffffff
34.1845180710627,-2.77141343606051826,#ffffff
34.1932374564553,-2.77396420458760673,#ffffff
34.2019648202173,-2.77648754036987899,#ffffff
34.2107000760405,-2.77898341845314567,#ffffff
34.2194431375388,-2.78145181415475751,#ffffff
34.2281939182490,-2.78389270306384828,#ffffff
34.2369523316313,-2.78630606104157597,#ffffff
34.2457182910705,-2.78869186422136250,#ffffff
34.2544917098770,-2.79105008900912965,#ffffff
34.2632725012871,-2.79338071208353123,#ffffff
34.2720605784645,-2.79568371039618446,#ffffff
34.2808558545006,-2.79795906117189830,#ffffff
34.2896582424157,-2.80020674190889896,#ffffff
34.2984676551598,-2.80242673037904932,#ffffff
34.3072840056134,-2.80461900462807412,#ffffff
34.3161072065884,-2.80678354297577304,#ffffff
34.3249371708289,-2.80892032401623482,#ffffff
34.3337738110122,-2.81102932661805305,#ffffff
34.3426170397495,-2.81311052992453003,#ffffff
34.3514667695869,-2.81516391335388683,#ffffff
34.3603229130063,-2.81718945659946440,#ffffff
34.3691853824258,-2.81918713962992751,#ffffff
34.3780540902015,-2.82115694268945738,#ffffff
34.3869289486274,-2.82309884629795382,#ffffff
34.3958098699367,-2.82501283125122171,#ffffff
34.4046967663028,-2.82689887862116684,#ffffff
34.4135895498399,-2.82875696975597668,#ffffff
34.4224881326041,-2.83058708628030997,#ffffff
34.4313924265939,-2.83238921009547662,#ffffff
34.4403023437517,-2.83416332337961574,#ffffff
34.4492177959640,-2.83590940858787377,#ffffff
34.4581386950625,-2.83762744845257586,#ffffff
34.4670649528254,-2.83931742598339953,#ffffff
34.4759964809775,-2.84097932446753898,#ffffff
34.4849331911917,-2.84261312746987382,#ffffff
34.4938749950897,-2.84421881883312944,#ffffff
34.5028218042426,-2.84579638267803814,#ffffff
34.5117735301722,-2.84734580340349464,#ffffff
34.5207300843516,-2.84886706568671233,#ffffff
34.5296913782063,-2.85036015448337166,#ffffff
34.5386573231145,-2.85182505502777373,#ffffff
34.5476278304090,-2.85326175283298200,#ffffff
34.5566028113770,-2.85467023369096662,#ffffff
34.5655821772617,-2.85605048367274694,#ffffff
34.5745658392629,-2.85740248912852612,#ffffff
34.5835537085378,-2.85872623668782966,#ffffff
34.5925456962021,-2.86002171325963328,#ffffff
34.6015417133308,-2.86128890603249753,#ffffff
34.6105416709590,-2.86252780247468941,#ffffff
34.6195454800828,-2.86373839033431032,#ffffff
34.6285530516602,-2.86492065763941461,#ffffff
34.6375642966121,-2.86607459269812948,#ffffff
34.6465791258231,-2.86720018409876953,#ffffff
34.6555974501421,-2.86829742070995053,#ffffff
34.6646191803836,-2.86936629168069901,#ffffff
34.6736442273286,-2.87040678644055980,#ffffff
34.6826725017249,-2.87141889469970035,#ffffff
34.6917039142887,-2.87240260644901202,#ffffff
34.7007383757050,-2.87335791196021129,#ffffff
34.7097757966289,-2.87428480178593171,#ffffff
34.7188160876858,-2.87518326675982294,#ffffff
34.7278591594731,-2.87605329799663556,#ffffff
34.7369049225606,-2.87689488689231343,#ffffff
34.7459532874913,-2.87770802512407675,#ffffff
34.7550041647827,-2.87849270465050511,#ffffff
34.7640574649274,-2.87924891771161517,#ffffff
34.7731130983939,-2.87997665682894066,#ffffff
34.7821709756279,-2.88067591480560337,#ffffff
34.7912310070526,-2.88134668472638555,#ffffff
34.8002931030701,-2.88198895995780013,#ffffff
34.8093571740621,-2.88260273414815105,#ffffff
34.8184231303905,-2.88318800122760166,#ffffff
34.8274908823989,-2.88374475540823250,#ffffff
34.8365603404129,-2.88427299118409852,#ffffff
34.8456314147415,-2.88477270333128244,#ffffff
34.8547040156773,-2.88524388690794886,#ffffff
34.8637780534981,-2.88568653725439139,#ffffff
34.8728534384675,-2.88610064999307880,#ffffff
34.8819300808357,-2.88648622102869945,#ffffff
34.8910078908405,-2.88684324654820035,#ffffff
34.9000867787079,-2.88717172302082581,#ffffff
34.9091666546538,-2.88747164719815208,#ffffff
34.9182474288837,-2.88774301611411932,#ffffff
34.9273290115946,-2.88798582708506135,#ffffff
34.9364113129755,-2.88820007770973231,#ffffff
34.9454942432082,-2.88838576586932883,#ffffff
34.9545777124681,-2.88854288972751272,#ffffff
34.9636616309257,-2.88867144773042961,#ffffff
34.9727459087466,-2.88877143860672225,#ffffff
34.9818304560932,-2.88884286136754387,#ffffff
34.9909151831251,-2.88888571530656968,#ffffff
35.0000000000000,-2.88890000000000002,#ffffff
35.0000000000000,-2.88890000000000002,#ffffff
35.0000000000000,-3.00000000000000000,#ffffff
