x,y,fill
 -7.56917857360852864, 10.5691785736085,#395d33
 -7.55602236012061290, 10.5785880954576,#395d33
 -7.54285444932639759, 10.5879812408351,#395d33
 -7.52967486161083510, 10.5973579951998,#395d33
 -7.51648361737694160, 10.6067183440357,#395d33
 -7.50328073704577658, 10.6160622728523,#395d33
 -7.49006624105642693, 10.6253897671844,#395d33
 -7.47684014986595180, 10.6347008125924,#395d33
 -7.46360248394935333, 10.6439953946620,#395d33
 -7.45035326379957397, 10.6532734990045,#395d33
 -7.43709250992741833, 10.6625351112567,#395d33
 -7.42382024286156827, 10.6717802170809,#395d33
 -7.41053648314851365, 10.6810088021649,#395d33
 -7.39724125135253452, 10.6902208522223,#395d33
 -7.38393456805568782, 10.6994163529920,#395d33
 -7.37061645385774256, 10.7085952902387,#395d33
 -7.35728692937616202, 10.7177576497526,#395d33
 -7.34394601524609048, 10.7269034173498,#395d33
 -7.33059373212028742, 10.7360325788719,#395d33
 -7.31723010066911694, 10.7451451201862,#395d33
 -7.30385514158051841, 10.7542410271859,#395d33
 -7.29046887555995937, 10.7633202857897,#395d33
 -7.27707132333040896, 10.7723828819422,#395d33
 -7.26366250563232008, 10.7814288016140,#395d33
 -7.25024244322357259, 10.7904580308011,#395d33
 -7.23681115687946530, 10.7994705555256,#395d33
 -7.22336866739266537, 10.8084663618355,#395d33
 -7.20991499557317805, 10.8174454358046,#395d33
 -7.19645016224833789, 10.8264077635325,#395d33
 -7.18297418826274114, 10.8353533311448,#395d33
 -7.16948709447823074, 10.8442821247932,#395d33
 -7.15598890177388203, 10.8531941306552,#395d33
 -7.14247963104593264, 10.8620893349343,#395d33
 -7.12895930320777360, 10.8709677238601,#395d33
 -7.11542793918992622, 10.8798292836880,#395d33
 -7.10188555993998349, 10.8886740006998,#395d33
 -7.08833218642258789, 10.8975018612031,#395d33
 -7.07476783961941802, 10.9063128515318,#395d33
 -7.06119254052912915, 10.9151069580456,#395d33
 -7.04760631016732386, 10.9238841671307,#395d33
 -7.03400916956654765, 10.9326444651993,#395d33
 -7.02040113977621516, 10.9413878386898,#395d33
 -7.00678224186261733, 10.9501142740667,#395d33
 -6.99315249690885565, 10.9588237578208,#395d33
 -6.97951192601482262, 10.9675162764692,#395d33
 -6.96586055029718665, 10.9761918165552,#395d33
 -6.95219839088932456, 10.9848503646484,#395d33
 -6.93852546894131184, 10.9934919073447,#395d33
 -6.92484180561989593, 11.0021164312663,#395d33
 -6.91114742210844213, 11.0107239230617,#395d33
 -6.89744233960690600, 11.0193143694060,#395d33
 -6.88372657933182541, 11.0278877570005,#395d33
 -6.87000016251625123, 11.0364440725728,#395d33
 -6.85626311040973491, 11.0449833028771,#395d33
 -6.84251544427829916, 11.0535054346941,#395d33
 -6.82875718540439269, 11.0620104548309,#395d33
 -6.81498835508685641, 11.0704983501209,#395d33
 -6.80120897464091101, 11.0789691074244,#395d33
 -6.78741906539809658, 11.0874227136278,#395d33
 -6.77361864870626285, 11.0958591556444,#395d33
 -6.75980774592952027, 11.1042784204140,#395d33
 -6.74598637844820548, 11.1126804949027,#395d33
 -6.73215456765887232, 11.1210653661036,#395d33
 -6.71831233497422975, 11.1294330210363,#395d33
 -6.70445970182311690, 11.1377834467469,#395d33
 -6.69059668965048981, 11.1461166303084,#395d33
 -6.67672331991735835, 11.1544325588204,#395d33
 -6.66283961410076486, 11.1627312194091,#395d33
 -6.64894559369376736, 11.1710125992275,#395d33
 -6.63504128020538086, 11.1792766854556,#395d33
 -6.62112669516054719, 11.1875234652997,#395d33
 -6.60720186010013233, 11.1957529259934,#395d33
 -6.59326679658084558, 11.2039650547967,#395d33
 -6.57932152617525112, 11.2121598389965,#395d33
 -6.56536607047170051, 11.2203372659069,#395d33
 -6.55140045107431312, 11.2284973228684,#395d33
 -6.53742468960295398, 11.2366399972487,#395d33
 -6.52343880769317863, 11.2447652764423,#395d33
 -6.50944282699620835, 11.2528731478706,#395d33
 -6.49543676917890878, 11.2609635989820,#395d33
 -6.48142065592373751, 11.2690366172519,#395d33
 -6.46739450892871393, 11.2770921901827,#395d33
 -6.45335834990740853, 11.2851303053035,#395d33
 -6.43931220058887366, 11.2931509501710,#395d33
 -6.42525608271762927, 11.3011541123684,#395d33
 -6.41119001805363986, 11.3091397795062,#395d33
 -6.39711402837225762, 11.3171079392221,#395d33
 -6.38302813546419490, 11.3250585791806,#395d33
 -6.36893236113551264, 11.3329916870737,#395d33
 -6.35482672720754938, 11.3409072506201,#395d33
 -6.34071125551692472, 11.3488052575661,#395d33
 -6.32658596791547456, 11.3566856956849,#395d33
 -6.31245088627022977, 11.3645485527770,#395d33
 -6.29830603246340015, 11.3723938166700,#395d33
 -6.28415142839230612, 11.3802214752190,#395d33
 -6.26998709596936177, 11.3880315163060,#395d33
 -6.25581305712206071, 11.3958239278405,#395d33
 -6.24162933379290319, 11.4035986977592,#395d33
 -6.22743594793938371, 11.4113558140263,#395d33
 -6.21323292153397055, 11.4190952646331,#395d33
 -6.19902027656403920, 11.4268170375983,#395d33
 -6.18479803503185988, 11.4345211209681,#395d33
 -6.17056621895456736, 11.4422075028159,#395d33
 -6.15632485036410593, 11.4498761712426,#395d33
 -6.14207395130722134, 11.4575271143765,#395d33
 -6.12781354384540311, 11.4651603203734,#395d33
 -6.11354365005485789, 11.4727757774165,#395d33
 -6.09926429202649345, 11.4803734737164,#395d33
 -6.08497549186585385, 11.4879533975113,#395d33
 -6.07067727169310167, 11.4955155370670,#395d33
 -6.05636965364299495, 11.5030598806766,#395d33
 -6.04205265986482765, 11.5105864166610,#395d33
 -6.02772631252240565, 11.5180951333684,#395d33
 -6.01339063379403260, 11.5255860191748,#395d33
 -5.99904564587244060, 11.5330590624838,#395d33
 -5.98469137096477510, 11.5405142517264,#395d33
 -5.97032783129257272, 11.5479515753615,#395d33
 -5.95595504909169549, 11.5553710218755,#395d33
 -5.94157304661231755, 11.5627725797825,#395d33
 -5.92718184611889853, 11.5701562376244,#395d33
 -5.91278146989011866, 11.5775219839707,#395d33
 -5.89837194021888322, 11.5848698074186,#395d33
 -5.88395327941225155, 11.5921996965931,#395d33
 -5.86952550979142007, 11.5995116401471,#395d33
 -5.85508865369170017, 11.6068056267610,#395d33
 -5.84064273346245599, 11.6140816451432,#395d33
 -5.82618777146708133, 11.6213396840299,#395d33
 -5.81172379008298545, 11.6285797321850,#395d33
 -5.79725081170152468, 11.6358017784004,#395d33
 -5.78276885872798019, 11.6430058114958,#395d33
 -5.76827795358154471, 11.6501918203189,#395d33
 -5.75377811869525502, 11.6573597937451,#395d33
 -5.73926937651596880, 11.6645097206778,#395d33
 -5.72475174950435139, 11.6716415900484,#395d33
 -5.71022526013479936, 11.6787553908162,#395d33
 -5.69568993089545117, 11.6858511119685,#395d33
 -5.68114578428811345, 11.6929287425206,#395d33
 -5.66659284282824505, 11.6999882715158,#395d33
 -5.65203112904493210, 11.7070296880254,#395d33
 -5.63746066548082947, 11.7140529811486,#395d33
 -5.62288147469213317, 11.7210581400130,#395d33
 -5.60829357924856797, 11.7280451537739,#395d33
 -5.59369700173331630, 11.7350140116150,#395d33
 -5.57909176474300494, 11.7419647027479,#395d33
 -5.56447789088767752, 11.7488972164124,#395d33
 -5.54985540279073408, 11.7558115418764,#395d33
 -5.53522432308891243, 11.7627076684361,#395d33
 -5.52058467443226331, 11.7695855854156,#395d33
 -5.50593647948408904, 11.7764452821676,#395d33
 -5.49127976092092140, 11.7832867480725,#395d33
 -5.47661454143250293, 11.7901099725393,#395d33
 -5.46194084372172117, 11.7969149450051,#395d33
 -5.44725869050459011, 11.8037016549353,#395d33
 -5.43256810451022432, 11.8104700918235,#395d33
 -5.41786910848077863, 11.8172202451917,#395d33
 -5.40316172517144278, 11.8239521045902,#395d33
 -5.38844597735037567, 11.8306656595974,#395d33
 -5.37372188779869475, 11.8373608998202,#395d33
 -5.35898947931042535, 11.8440378148940,#395d33
 -5.34424877469247406, 11.8506963944824,#395d33
 -5.32949979676459318, 11.8573366282773,#395d33
 -5.31474256835933989, 11.8639585059991,#395d33
 -5.29997711232203894, 11.8705620173968,#395d33
 -5.28520345151076132, 11.8771471522474,#395d33
 -5.27042160879627541, 11.8837139003568,#395d33
 -5.25563160706201238, 11.8902622515591,#395d33
 -5.24083346920403859, 11.8967921957169,#395d33
 -5.22602721813101745, 11.9033037227214,#395d33
 -5.21121287676416500, 11.9097968224923,#395d33
 -5.19639046803722771, 11.9162714849777,#395d33
 -5.18156001489644158, 11.9227277001543,#395d33
 -5.16672154030048958, 11.9291654580274,#395d33
 -5.15187506722047850, 11.9355847486310,#395d33
 -5.13702061863989634, 11.9419855620273,#395d33
 -5.12215821755457767, 11.9483678883075,#395d33
 -5.10728788697266456, 11.9547317175913,#395d33
 -5.09240964991457901, 11.9610770400268,#395d33
 -5.07752352941298035, 11.9674038457912,#395d33
 -5.06262954851273683, 11.9737121250899,#395d33
 -5.04772773027087673, 11.9800018681574,#395d33
 -5.03281809775656708, 11.9862730652565,#395d33
 -5.01790067405107365, 11.9925257066790,#395d33
 -5.00297548224771571, 11.9987597827454,#395d33
 -4.98804254545184556, 12.0049752838047,#395d33
 -4.97310188678080589, 12.0111722002350,#395d33
 -4.95815352936388543, 12.0173505224428,#395d33
 -4.94319749634229755, 12.0235102408637,#395d33
 -4.92823381086913681, 12.0296513459620,#395d33
 -4.91326249610934873, 12.0357738282308,#395d33
 -4.89828357523967828, 12.0418776781919,#395d33
 -4.88329707144865477, 12.0479628863962,#395d33
 -4.86830300793654658, 12.0540294434233,#395d33
 -4.85330140791531672, 12.0600773398817,#395d33
 -4.83829229460860333, 12.0661065664087,#395d33
 -4.82327569125167432, 12.0721171136707,#395d33
 -4.80825162109139370, 12.0781089723629,#395d33
 -4.79322010738617710, 12.0840821332093,#395d33
 -4.77818117340597137, 12.0900365869632,#395d33
 -4.76313484243221197, 12.0959723244065,#395d33
 -4.74808113775777407, 12.1018893363503,#395d33
 -4.73302008268695928, 12.1077876136345,#395d33
 -4.71795170053544766, 12.1136671471283,#395d33
 -4.70287601463025151, 12.1195279277295,#395d33
 -4.68779304830970212, 12.1253699463653,#395d33
 -4.67270282492339462, 12.1311931939918,#395d33
 -4.65760536783216406, 12.1369976615941,#395d33
 -4.64250070040803475, 12.1427833401865,#395d33
 -4.62738884603420164, 12.1485502208123,#395d33
 -4.61226982810498054, 12.1542982945439,#395d33
 -4.59714367002578594, 12.1600275524828,#395d33
 -4.58201039521306885, 12.1657379857598,#395d33
 -4.56687002709431500, 12.1714295855346,#395d33
 -4.55172258910798266, 12.1771023429962,#395d33
 -4.53656810470347249, 12.1827562493628,#395d33
 -4.52140659734109995, 12.1883912958815,#395d33
 -4.50623809049205093, 12.1940074738290,#395d33
 -4.49106260763834086, 12.1996047745110,#395d33
 -4.47588017227279344, 12.2051831892625,#395d33
 -4.46069080789899264, 12.2107427094475,#395d33
 -4.44549453803124184, 12.2162833264596,#395d33
 -4.43029138619454521, 12.2218050317214,#395d33
 -4.41508137592455618, 12.2273078166849,#395d33
 -4.39986453076754369, 12.2327916728314,#395d33
 -4.38464087428036287, 12.2382565916715,#395d33
 -4.36941043003040619, 12.2437025647449,#395d33
 -4.35417322159557862, 12.2491295836210,#395d33
 -4.33892927256425942, 12.2545376398983,#395d33
 -4.32367860653525415, 12.2599267252047,#395d33
 -4.30842124711777341, 12.2652968311975,#395d33
 -4.29315721793139193, 12.2706479495634,#395d33
 -4.27788654260599976, 12.2759800720183,#395d33
 -4.26260924478178538, 12.2812931903078,#395d33
 -4.24732534810918860, 12.2865872962068,#395d33
 -4.23203487624885621, 12.2918623815195,#395d33
 -4.21673785287162328, 12.2971184380797,#395d33
 -4.20143430165846521, 12.3023554577507,#395d33
 -4.18612424630045687, 12.3075734324251,#395d33
 -4.17080771049874954, 12.3127723540251,#395d33
 -4.15548471796452290, 12.3179522145023,#395d33
 -4.14015529241895308, 12.3231130058381,#395d33
 -4.12481945759317981, 12.3282547200429,#395d33
 -4.10947723722825042, 12.3333773491572,#395d33
 -4.09412865507511370, 12.3384808852505,#395d33
 -4.07877373489456296, 12.3435653204224,#395d33
 -4.06341250045719260, 12.3486306468016,#395d33
 -4.04804497554338560, 12.3536768565467,#395d33
 -4.03267118394325852, 12.3587039418458,#395d33
 -4.01729114945662324, 12.3637118949164,#395d33
 -4.00190489589296572, 12.3687007080060,#395d33
 -3.98651244707139529, 12.3736703733914,#395d33
 -3.97111382682060743, 12.3786208833793,#395d33
 -3.95570905897885927, 12.3835522303058,#395d33
 -3.94029816739391947, 12.3884644065369,#395d33
 -3.92488117592304331, 12.3933574044681,#395d33
 -3.90945810843291763, 12.3982312165247,#395d33
 -3.89402898879964576, 12.4030858351617,#395d33
 -3.87859384090869685, 12.4079212528636,#395d33
 -3.86315268865487438, 12.4127374621450,#395d33
 -3.84770555594226948, 12.4175344555500,#395d33
 -3.83225246668424013, 12.4223122256524,#395d33
 -3.81679344480336402, 12.4270707650559,#395d33
 -3.80132851423139684, 12.4318100663938,#395d33
 -3.78585769890924739, 12.4365301223295,#395d33
 -3.77038102278693632, 12.4412309255559,#395d33
 -3.75489850982354767, 12.4459124687957,#395d33
 -3.73941018398721114, 12.4505747448017,#395d33
 -3.72391606925505281, 12.4552177463561,#395d33
 -3.70841618961315556, 12.4598414662714,#395d33
 -3.69291056905653159, 12.4644458973895,#395d33
 -3.67739923158908022, 12.4690310325826,#395d33
 -3.66188220122354968, 12.4735968647524,#395d33
 -3.64635950198150516, 12.4781433868308,#395d33
 -3.63083115789327682, 12.4826705917793,#395d33
 -3.61529719299794561, 12.4871784725894,#395d33
 -3.59975763134329041, 12.4916670222827,#395d33
 -3.58421249698574895, 12.4961362339105,#395d33
 -3.56866181399039073, 12.5005861005541,#395d33
 -3.55310560643087880, 12.5050166153248,#395d33
 -3.53754389838941830, 12.5094277713638,#395d33
 -3.52197671395673773, 12.5138195618423,#395d33
 -3.50640407723204461, 12.5181919799614,#395d33
 -3.49082601232297662, 12.5225450189524,#395d33
 -3.47524254334558513, 12.5268786720763,#395d33
 -3.45965369442428461, 12.5311929326244,#395d33
 -3.44405948969181930, 12.5354877939179,#395d33
 -3.42845995328921749, 12.5397632493079,#395d33
 -3.41285510936576930, 12.5440192921757,#395d33
 -3.39724498207897785, 12.5482559159327,#395d33
 -3.38162959559453036, 12.5524731140202,#395d33
 -3.36600897408624444, 12.5566708799096,#395d33
 -3.35038314173605212, 12.5608492071026,#395d33
 -3.33475212273395138, 12.5650080891308,#395d33
 -3.31911594127796228, 12.5691475195558,#395d33
 -3.30347462157410288, 12.5732674919695,#395d33
 -3.28782818783634889, 12.5773679999938,#395d33
 -3.27217666428658216, 12.5814490372810,#395d33
 -3.25652007515457154, 12.5855105975131,#395d33
 -3.24085844467793205, 12.5895526744027,#395d33
 -3.22519179710206938, 12.5935752616922,#395d33
 -3.20952015668016832, 12.5975783531544,#395d33
 -3.19384354767313816, 12.6015619425921,#395d33
 -3.17816199434958113, 12.6055260238386,#395d33
 -3.16247552098575557, 12.6094705907570,#395d33
 -3.14678415186552884, 12.6133956372409,#395d33
 -3.13108791128035424, 12.6173011572140,#395d33
 -3.11538682352922880, 12.6211871446303,#395d33
 -3.09968091291864267, 12.6250535934739,#395d33
 -3.08397020376256226, 12.6289004977593,#395d33
 -3.06825472038238090, 12.6327278515312,#395d33
 -3.05253448710687580, 12.6365356488645,#395d33
 -3.03680952827218498, 12.6403238838645,#395d33
 -3.02107986822176233, 12.6440925506667,#395d33
 -3.00534553130633109, 12.6478416434369,#395d33
 -2.98960654188386288, 12.6515711563713,#395d33
 -2.97386292431953247, 12.6552810836962,#395d33
 -2.95811470298566981, 12.6589714196683,#395d33
 -2.94236190226174088, 12.6626421585749,#395d33
 -2.92660454653429802, 12.6662932947333,#395d33
 -2.91084266019694571, 12.6699248224912,#395d33
 -2.89507626765030368, 12.6735367362267,#395d33
 -2.87930539330196034, 12.6771290303484,#395d33
 -2.86353006156644962, 12.6807016992951,#395d33
 -2.84775029686520709, 12.6842547375360,#395d33
 -2.83196612362652145, 12.6877881395707,#395d33
 -2.81617756628551552, 12.6913018999293,#395d33
 -2.80038464928409780, 12.6947960131722,#395d33
 -2.78458739707091851, 12.6982704738903,#395d33
 -2.76878583410134693, 12.7017252767047,#395d33
 -2.75297998483742701, 12.7051604162673,#395d33
 -2.73716987374782716, 12.7085758872600,#395d33
 -2.72135552530782432, 12.7119716843956,#395d33
 -2.70553696399925103, 12.7153478024171,#395d33
 -2.68971421431046265, 12.7187042360980,#395d33
 -2.67388730073630088, 12.7220409802422,#395d33
 -2.65805624777804450, 12.7253580296842,#395d33
 -2.64222107994338895, 12.7286553792890,#395d33
 -2.62638182174640056, 12.7319330239520,#395d33
 -2.61053849770746904, 12.7351909585992,#395d33
 -2.59469113235328663, 12.7384291781871,#395d33
 -2.57883975021680101, 12.7416476777025,#395d33
 -2.56298437583717176, 12.7448464521631,#395d33
 -2.54712503375974508, 12.7480254966169,#395d33
 -2.53126174853601116, 12.7511848061425,#395d33
 -2.51539454472355484, 12.7543243758490,#395d33
 -2.49952344688603567, 12.7574442008761,#395d33
 -2.48364847959314305, 12.7605442763941,#395d33
 -2.46776966742054693, 12.7636245976039,#395d33
 -2.45188703494987648, 12.7666851597368,#395d33
 -2.43600060676867525, 12.7697259580550,#395d33
 -2.42011040747036033, 12.7727469878509,#395d33
 -2.40421646165419078, 12.7757482444478,#395d33
 -2.38831879392521751, 12.7787297231995,#395d33
 -2.37241742889425966, 12.7816914194906,#395d33
 -2.35651239117786293, 12.7846333287359,#395d33
 -2.34060370539824714, 12.7875554463813,#395d33
 -2.32469139618329113, 12.7904577679030,#395d33
 -2.30877548816648082, 12.7933402888081,#395d33
 -2.29285600598686523, 12.7962030046342,#395d33
 -2.27693297428903607, 12.7990459109496,#395d33
 -2.26100641772307887, 12.8018690033532,#395d33
 -2.24507636094452812, 12.8046722774747,#395d33
 -2.22914282861434510, 12.8074557289743,#395d33
 -2.21320584539886811, 12.8102193535432,#395d33
 -2.19726543596978141, 12.8129631469029,#395d33
 -2.18132162500406457, 12.8156871048060,#395d33
 -2.16537443718397116, 12.8183912230354,#395d33
 -2.14942389719697990, 12.8210754974050,#395d33
 -2.13347002973576227, 12.8237399237593,#395d33
 -2.11751285949813095, 12.8263844979737,#395d33
 -2.10155241118702163, 12.8290092159541,#395d33
 -2.08558870951044328, 12.8316140736371,#395d33
 -2.06962177918143420, 12.8341990669904,#395d33
 -2.05365164491803887, 12.8367641920122,#395d33
 -2.03767833144326049, 12.8393094447313,#395d33
 -2.02170186348501790, 12.8418348212076,#395d33
 -2.00572226577611978, 12.8443403175317,#395d33
 -1.98973956305422095, 12.8468259298247,#395d33
 -1.97375378006177415, 12.8492916542388,#395d33
 -1.95776494154600833, 12.8517374869569,#395d33
 -1.94177307225888196, 12.8541634241926,#395d33
 -1.92577819695704267, 12.8565694621903,#395d33
 -1.90978034040179678, 12.8589555972254,#395d33
 -1.89377952735905608, 12.8613218256039,#395d33
 -1.87777578259931777, 12.8636681436627,#395d33
 -1.86176913089761809, 12.8659945477696,#395d33
 -1.84575959703348458, 12.8683010343230,#395d33
 -1.82974720579091521, 12.8705875997524,#395d33
 -1.81373198195833152, 12.8728542405180,#395d33
 -1.79771395032853110, 12.8751009531108,#395d33
 -1.78169313569866716, 12.8773277340528,#395d33
 -1.76566956287020149, 12.8795345798967,#395d33
 -1.74964325664885667, 12.8817214872261,#395d33
 -1.73361424184459545, 12.8838884526557,#395d33
 -1.71758254327157145, 12.8860354728306,#395d33
 -1.70154818574809474, 12.8881625444272,#395d33
 -1.68551119409658412, 12.8902696641527,#395d33
 -1.66947159314354376, 12.8923568287450,#395d33
 -1.65342940771951552, 12.8944240349730,#395d33
 -1.63738466265904403, 12.8964712796365,#395d33
 -1.62133738280062900, 12.8984985595663,#395d33
 -1.60528759298670143, 12.9005058716239,#395d33
 -1.58923531806357898, 12.9024932127019,#395d33
 -1.57318058288141738, 12.9044605797238,#395d33
 -1.55712341229418971, 12.9064079696438,#395d33
 -1.54106383115963941, 12.9083353794473,#395d33
 -1.52500186433923290, 12.9102428061505,#395d33
 -1.50893753669813813, 12.9121302468006,#395d33
 -1.49287087310517852, 12.9139976984756,#395d33
 -1.47680189843278153, 12.9158451582847,#395d33
 -1.46073063755697263, 12.9176726233677,#395d33
 -1.44465711535729957, 12.9194800908956,#395d33
 -1.42858135671681064, 12.9212675580703,#395d33
 -1.41250338652203333, 12.9230350221248,#395d33
 -1.39642322966289911, 12.9247824803227,#395d33
 -1.38034091103273537, 12.9265099299590,#395d33
 -1.36425645552821706, 12.9282173683594,#395d33
 -1.34816988804931781, 12.9299047928806,#395d33
 -1.33208123349928953, 12.9315722009104,#395d33
 -1.31599051678461509, 12.9332195898675,#395d33
 -1.29989776281496150, 12.9348469572016,#395d33
 -1.28380299650315766, 12.9364543003935,#395d33
 -1.26770624276514776, 12.9380416169548,#395d33
 -1.25160752651994467, 12.9396089044282,#395d33
 -1.23550687268960724, 12.9411561603876,#395d33
 -1.21940430619919438, 12.9426833824375,#395d33
 -1.20329985197671463, 12.9441905682137,#395d33
 -1.18719353495311797, 12.9456777153831,#395d33
 -1.17108538006222207, 12.9471448216433,#395d33
 -1.15497541224068878, 12.9485918847232,#395d33
 -1.13886365642800480, 12.9500189023826,#395d33
 -1.12275013756640374, 12.9514258724125,#395d33
 -1.10663488060086057, 12.9528127926346,#395d33
 -1.09051791047904056, 12.9541796609019,#395d33
 -1.07439925215125287, 12.9555264750984,#395d33
 -1.05827893057042877, 12.9568532331392,#395d33
 -1.04215697069207369, 12.9581599329703,#395d33
 -1.02603339747422173, 12.9594465725689,#395d33
 -1.00990823587741207, 12.9607131499431,#395d33
 -0.99378151086464384, 12.9619596631321,#395d33
 -0.97765324740132709, 12.9631861102063,#395d33
 -0.96152347045526243, 12.9643924892670,#395d33
 -0.94539220499659327, 12.9655787984467,#395d33
 -0.92925947599775638, 12.9667450359089,#395d33
 -0.91312530843347373, 12.9678911998481,#395d33
 -0.89698972728067439, 12.9690172884900,#395d33
 -0.88085275751848735, 12.9701233000913,#395d33
 -0.86471442412819099, 12.9712092329399,#395d33
 -0.84857475209316657, 12.9722750853545,#395d33
 -0.83243376639887601, 12.9733208556853,#395d33
 -0.81629149203281492, 12.9743465423132,#395d33
 -0.80014795398446492, 12.9753521436505,#395d33
 -0.78400317724527302, 12.9763376581403,#395d33
 -0.76785718680860371, 12.9773030842570,#395d33
 -0.75171000766969143, 12.9782484205061,#395d33
 -0.73556166482561991, 12.9791736654241,#395d33
 -0.71941218327527412, 12.9800788175787,#395d33
 -0.70326158801929028, 12.9809638755686,#395d33
 -0.68710990406004890, 12.9818288380237,#395d33
 -0.67095715640159881, 12.9826737036049,#395d33
 -0.65480337004963540, 12.9834984710043,#395d33
 -0.63864857001147912, 12.9843031389452,#395d33
 -0.62249278129599983, 12.9850877061818,#395d33
 -0.60633602891360927, 12.9858521714996,#395d33
 -0.59017833787621121, 12.9865965337151,#395d33
 -0.57401973319715360, 12.9873207916760,#395d33
 -0.55786023989120759, 12.9880249442611,#395d33
 -0.54169988297452010, 12.9887089903803,#395d33
 -0.52553868746456600, 12.9893729289746,#395d33
 -0.50937667838012723, 12.9900167590162,#395d33
 -0.49321388074124545, 12.9906404795085,#395d33
 -0.47705031956917410, 12.9912440894858,#395d33
 -0.46088601988635719, 12.9918275880137,#395d33
 -0.44472100671638226, 12.9923909741889,#395d33
 -0.42855530508392975, 12.9929342471393,#395d33
 -0.41238894001476606, 12.9934574060238,#395d33
 -0.39622193653566445, 12.9939604500325,#395d33
 -0.38005431967439812, 12.9944433783867,#395d33
 -0.36388611445968966, 12.9949061903387,#395d33
 -0.34771734592116399, 12.9953488851722,#395d33
 -0.33154803908932662, 12.9957714622017,#395d33
 -0.31537821899551655, 12.9961739207731,#395d33
 -0.29920791067185848, 12.9965562602634,#395d33
 -0.28303713915124173, 12.9969184800806,#395d33
 -0.26686592946727267, 12.9972605796641,#395d33
 -0.25069430665422726, 12.9975825584841,#395d33
 -0.23452229574702971, 12.9978844160424,#395d33
 -0.21834992178120510, 12.9981661518715,#395d33
 -0.20217720979282888, 12.9984277655354,#395d33
 -0.18600418481852002, 12.9986692566289,#395d33
 -0.16983087189536480, 12.9988906247784,#395d33
 -0.15365729606089518, 12.9990918696410,#395d33
 -0.13748348235306743, 12.9992729909053,#395d33
 -0.12130945581018587, 12.9994339882908,#395d33
 -0.10513524147089594, 12.9995748615484,#395d33
 -0.08896086437413370, 12.9996956104599,#395d33
 -0.07278634955907853, 12.9997962348384,#395d33
 -0.05661172206513172, 12.9998767345281,#395d33
 -0.04043700693186895, 12.9999371094044,#395d33
 -0.02426222919899291, 12.9999773593739,#395d33
 -0.00808741390631189, 12.9999974843742,#395d33
  0.00808741390630771, 12.9999974843742,#395d33
  0.02426222919898873, 12.9999773593739,#395d33
  0.04043700693186476, 12.9999371094044,#395d33
  0.05661172206512754, 12.9998767345281,#395d33
  0.07278634955907724, 12.9997962348384,#395d33
  0.08896086437412951, 12.9996956104599,#395d33
  0.10513524147089176, 12.9995748615484,#395d33
  0.12130945581018458, 12.9994339882908,#395d33
  0.13748348235306324, 12.9992729909053,#395d33
  0.15365729606089387, 12.9990918696410,#395d33
  0.16983087189536064, 12.9988906247784,#395d33
  0.18600418481851586, 12.9986692566289,#395d33
  0.20217720979282758, 12.9984277655354,#395d33
  0.21834992178120094, 12.9981661518715,#395d33
  0.23452229574702557, 12.9978844160424,#395d33
  0.25069430665422310, 12.9975825584841,#395d33
  0.26686592946726850, 12.9972605796641,#395d33
  0.28303713915123757, 12.9969184800806,#395d33
  0.29920791067185720, 12.9965562602634,#395d33
  0.31537821899551233, 12.9961739207731,#395d33
  0.33154803908932245, 12.9957714622017,#395d33
  0.34771734592116266, 12.9953488851722,#395d33
  0.36388611445968549, 12.9949061903387,#395d33
  0.38005431967439679, 12.9944433783867,#395d33
  0.39622193653566318, 12.9939604500325,#395d33
  0.41238894001476184, 12.9934574060238,#395d33
  0.42855530508392847, 12.9929342471393,#395d33
  0.44472100671637810, 12.9923909741889,#395d33
  0.46088601988635303, 12.9918275880137,#395d33
  0.47705031956916993, 12.9912440894858,#395d33
  0.49321388074124128, 12.9906404795085,#395d33
  0.50937667838012313, 12.9900167590162,#395d33
  0.52553868746456178, 12.9893729289746,#395d33
  0.54169988297451588, 12.9887089903803,#395d33
  0.55786023989120337, 12.9880249442611,#395d33
  0.57401973319715227, 12.9873207916760,#395d33
  0.59017833787620710, 12.9865965337151,#395d33
  0.60633602891360516, 12.9858521714996,#395d33
  0.62249278129599861, 12.9850877061818,#395d33
  0.63864857001147501, 12.9843031389452,#395d33
  0.65480337004963407, 12.9834984710043,#395d33
  0.67095715640159470, 12.9826737036049,#395d33
  0.68710990406004469, 12.9818288380237,#395d33
  0.70326158801928884, 12.9809638755686,#395d33
  0.71941218327526990, 12.9800788175787,#395d33
  0.73556166482561580, 12.9791736654241,#395d33
  0.75171000766968732, 12.9782484205061,#395d33
  0.76785718680859949, 12.9773030842570,#395d33
  0.78400317724526891, 12.9763376581403,#395d33
  0.80014795398446081, 12.9753521436505,#395d33
  0.81629149203281082, 12.9743465423132,#395d33
  0.83243376639887190, 12.9733208556853,#395d33
  0.84857475209316535, 12.9722750853545,#395d33
  0.86471442412818689, 12.9712092329399,#395d33
  0.88085275751848591, 12.9701233000913,#395d33
  0.89698972728067294, 12.9690172884900,#395d33
  0.91312530843346962, 12.9678911998481,#395d33
  0.92925947599775505, 12.9667450359089,#395d33
  0.94539220499658916, 12.9655787984467,#395d33
  0.96152347045525821, 12.9643924892670,#395d33
  0.97765324740132298, 12.9631861102063,#395d33
  0.99378151086463973, 12.9619596631321,#395d33
  1.00990823587740808, 12.9607131499431,#395d33
  1.02603339747421751, 12.9594465725689,#395d33
  1.04215697069206947, 12.9581599329703,#395d33
  1.05827893057042455, 12.9568532331392,#395d33
  1.07439925215125176, 12.9555264750984,#395d33
  1.09051791047903635, 12.9541796609019,#395d33
  1.10663488060085635, 12.9528127926346,#395d33
  1.12275013756640241, 12.9514258724125,#395d33
  1.13886365642800058, 12.9500189023826,#395d33
  1.15497541224068767, 12.9485918847232,#395d33
  1.17108538006221785, 12.9471448216433,#395d33
  1.18719353495311375, 12.9456777153831,#395d33
  1.20329985197671330, 12.9441905682137,#395d33
  1.21940430619919038, 12.9426833824375,#395d33
  1.23550687268960324, 12.9411561603876,#395d33
  1.25160752651994045, 12.9396089044282,#395d33
  1.26770624276514354, 12.9380416169548,#395d33
  1.28380299650315344, 12.9364543003935,#395d33
  1.29989776281495750, 12.9348469572016,#395d33
  1.31599051678461110, 12.9332195898675,#395d33
  1.33208123349928531, 12.9315722009104,#395d33
  1.34816988804931648, 12.9299047928806,#395d33
  1.36425645552821306, 12.9282173683594,#395d33
  1.38034091103273426, 12.9265099299590,#395d33
  1.39642322966289778, 12.9247824803227,#395d33
  1.41250338652202911, 12.9230350221248,#395d33
  1.42858135671680930, 12.9212675580703,#395d33
  1.44465711535729557, 12.9194800908956,#395d33
  1.46073063755696841, 12.9176726233677,#395d33
  1.47680189843278020, 12.9158451582847,#395d33
  1.49287087310517430, 12.9139976984756,#395d33
  1.50893753669813413, 12.9121302468006,#395d33
  1.52500186433922869, 12.9102428061505,#395d33
  1.54106383115963519, 12.9083353794473,#395d33
  1.55712341229418572, 12.9064079696438,#395d33
  1.57318058288141605, 12.9044605797238,#395d33
  1.58923531806357499, 12.9024932127019,#395d33
  1.60528759298669721, 12.9005058716239,#395d33
  1.62133738280062767, 12.8984985595663,#395d33
  1.63738466265904004, 12.8964712796365,#395d33
  1.65342940771951419, 12.8944240349730,#395d33
  1.66947159314354243, 12.8923568287450,#395d33
  1.68551119409657968, 12.8902696641527,#395d33
  1.70154818574809075, 12.8881625444272,#395d33
  1.71758254327157012, 12.8860354728306,#395d33
  1.73361424184459145, 12.8838884526557,#395d33
  1.74964325664885245, 12.8817214872261,#395d33
  1.76566956287019750, 12.8795345798967,#395d33
  1.78169313569866317, 12.8773277340528,#395d33
  1.79771395032852666, 12.8751009531108,#395d33
  1.81373198195832708, 12.8728542405180,#395d33
  1.82974720579091121, 12.8705875997524,#395d33
  1.84575959703348347, 12.8683010343230,#395d33
  1.86176913089761409, 12.8659945477696,#395d33
  1.87777578259931355, 12.8636681436627,#395d33
  1.89377952735905475, 12.8613218256039,#395d33
  1.90978034040179279, 12.8589555972254,#395d33
  1.92577819695704155, 12.8565694621903,#395d33
  1.94177307225888063, 12.8541634241926,#395d33
  1.95776494154600433, 12.8517374869569,#395d33
  1.97375378006176971, 12.8492916542388,#395d33
  1.98973956305421695, 12.8468259298247,#395d33
  2.00572226577611579, 12.8443403175317,#395d33
  2.02170186348501391, 12.8418348212076,#395d33
  2.03767833144325650, 12.8393094447313,#395d33
  2.05365164491803442, 12.8367641920122,#395d33
  2.06962177918143020, 12.8341990669904,#395d33
  2.08558870951043884, 12.8316140736371,#395d33
  2.10155241118701763, 12.8290092159541,#395d33
  2.11751285949813006, 12.8263844979737,#395d33
  2.13347002973575828, 12.8237399237593,#395d33
  2.14942389719697902, 12.8210754974050,#395d33
  2.16537443718397027, 12.8183912230354,#395d33
  2.18132162500406013, 12.8156871048060,#395d33
  2.19726543596977741, 12.8129631469029,#395d33
  2.21320584539886678, 12.8102193535432,#395d33
  2.22914282861434110, 12.8074557289743,#395d33
  2.24507636094452412, 12.8046722774747,#395d33
  2.26100641772307487, 12.8018690033532,#395d33
  2.27693297428903207, 12.7990459109496,#395d33
  2.29285600598686123, 12.7962030046342,#395d33
  2.30877548816647638, 12.7933402888081,#395d33
  2.32469139618328713, 12.7904577679030,#395d33
  2.34060370539824625, 12.7875554463813,#395d33
  2.35651239117785893, 12.7846333287359,#395d33
  2.37241742889425566, 12.7816914194906,#395d33
  2.38831879392521618, 12.7787297231995,#395d33
  2.40421646165418679, 12.7757482444478,#395d33
  2.42011040747035899, 12.7727469878509,#395d33
  2.43600060676867392, 12.7697259580550,#395d33
  2.45188703494987248, 12.7666851597368,#395d33
  2.46776966742054249, 12.7636245976039,#395d33
  2.48364847959313906, 12.7605442763941,#395d33
  2.49952344688603212, 12.7574442008761,#395d33
  2.51539454472355040, 12.7543243758490,#395d33
  2.53126174853600716, 12.7511848061425,#395d33
  2.54712503375974109, 12.7480254966169,#395d33
  2.56298437583716776, 12.7448464521631,#395d33
  2.57883975021679701, 12.7416476777025,#395d33
  2.59469113235328264, 12.7384291781871,#395d33
  2.61053849770746771, 12.7351909585992,#395d33
  2.62638182174639656, 12.7319330239520,#395d33
  2.64222107994338806, 12.7286553792890,#395d33
  2.65805624777804317, 12.7253580296842,#395d33
  2.67388730073629688, 12.7220409802422,#395d33
  2.68971421431046176, 12.7187042360980,#395d33
  2.70553696399925014, 12.7153478024171,#395d33
  2.72135552530781988, 12.7119716843956,#395d33
  2.73716987374782317, 12.7085758872600,#395d33
  2.75297998483742257, 12.7051604162673,#395d33
  2.76878583410134294, 12.7017252767047,#395d33
  2.78458739707091452, 12.6982704738903,#395d33
  2.80038464928409381, 12.6947960131722,#395d33
  2.81617756628551152, 12.6913018999293,#395d33
  2.83196612362652012, 12.6877881395707,#395d33
  2.84775029686520309, 12.6842547375360,#395d33
  2.86353006156644518, 12.6807016992951,#395d33
  2.87930539330195856, 12.6771290303484,#395d33
  2.89507626765029924, 12.6735367362267,#395d33
  2.91084266019694438, 12.6699248224912,#395d33
  2.92660454653429714, 12.6662932947333,#395d33
  2.94236190226173688, 12.6626421585749,#395d33
  2.95811470298566537, 12.6589714196683,#395d33
  2.97386292431952803, 12.6552810836962,#395d33
  2.98960654188385888, 12.6515711563713,#395d33
  3.00534553130632665, 12.6478416434369,#395d33
  3.02107986822175834, 12.6440925506667,#395d33
  3.03680952827218054, 12.6403238838645,#395d33
  3.05253448710687181, 12.6365356488645,#395d33
  3.06825472038237690, 12.6327278515312,#395d33
  3.08397020376255782, 12.6289004977593,#395d33
  3.09968091291864178, 12.6250535934739,#395d33
  3.11538682352922480, 12.6211871446303,#395d33
  3.13108791128035069, 12.6173011572140,#395d33
  3.14678415186552751, 12.6133956372409,#395d33
  3.16247552098575158, 12.6094705907570,#395d33
  3.17816199434957980, 12.6055260238386,#395d33
  3.19384354767313727, 12.6015619425921,#395d33
  3.20952015668016433, 12.5975783531544,#395d33
  3.22519179710206538, 12.5935752616922,#395d33
  3.24085844467792761, 12.5895526744027,#395d33
  3.25652007515456798, 12.5855105975131,#395d33
  3.27217666428657772, 12.5814490372810,#395d33
  3.28782818783634490, 12.5773679999938,#395d33
  3.30347462157409844, 12.5732674919695,#395d33
  3.31911594127796050, 12.5691475195558,#395d33
  3.33475212273394694, 12.5650080891308,#395d33
  3.35038314173604768, 12.5608492071026,#395d33
  3.36600897408624267, 12.5566708799096,#395d33
  3.38162959559452592, 12.5524731140202,#395d33
  3.39724498207897696, 12.5482559159327,#395d33
  3.41285510936576797, 12.5440192921757,#395d33
  3.42845995328921349, 12.5397632493079,#395d33
  3.44405948969181575, 12.5354877939179,#395d33
  3.45965369442428372, 12.5311929326244,#395d33
  3.47524254334558158, 12.5268786720763,#395d33
  3.49082601232297263, 12.5225450189524,#395d33
  3.50640407723204017, 12.5181919799614,#395d33
  3.52197671395673417, 12.5138195618423,#395d33
  3.53754389838941474, 12.5094277713638,#395d33
  3.55310560643087525, 12.5050166153248,#395d33
  3.56866181399038673, 12.5005861005541,#395d33
  3.58421249698574718, 12.4961362339105,#395d33
  3.59975763134328641, 12.4916670222827,#395d33
  3.61529719299794117, 12.4871784725894,#395d33
  3.63083115789327593, 12.4826705917793,#395d33
  3.64635950198150072, 12.4781433868308,#395d33
  3.66188220122354924, 12.4735968647525,#395d33
  3.67739923158907978, 12.4690310325826,#395d33
  3.69291056905652804, 12.4644458973895,#395d33
  3.70841618961315111, 12.4598414662714,#395d33
  3.72391606925504925, 12.4552177463561,#395d33
  3.73941018398720670, 12.4505747448017,#395d33
  3.75489850982354323, 12.4459124687957,#395d33
  3.77038102278693188, 12.4412309255559,#395d33
  3.78585769890924295, 12.4365301223295,#395d33
  3.80132851423139240, 12.4318100663938,#395d33
  3.81679344480336002, 12.4270707650559,#395d33
  3.83225246668423569, 12.4223122256524,#395d33
  3.84770555594226815, 12.4175344555500,#395d33
  3.86315268865486994, 12.4127374621450,#395d33
  3.87859384090869552, 12.4079212528636,#395d33
  3.89402898879964443, 12.4030858351617,#395d33
  3.90945810843291364, 12.3982312165247,#395d33
  3.92488117592303887, 12.3933574044681,#395d33
  3.94029816739391814, 12.3884644065369,#395d33
  3.95570905897885483, 12.3835522303058,#395d33
  3.97111382682060388, 12.3786208833793,#395d33
  3.98651244707139174, 12.3736703733914,#395d33
  4.00190489589296128, 12.3687007080060,#395d33
  4.01729114945661969, 12.3637118949164,#395d33
  4.03267118394325408, 12.3587039418458,#395d33
  4.04804497554338116, 12.3536768565467,#395d33
  4.06341250045719171, 12.3486306468016,#395d33
  4.07877373489455852, 12.3435653204224,#395d33
  4.09412865507511015, 12.3384808852505,#395d33
  4.10947723722825042, 12.3333773491572,#395d33
  4.12481945759317536, 12.3282547200429,#395d33
  4.14015529241895219, 12.3231130058381,#395d33
  4.15548471796452201, 12.3179522145024,#395d33
  4.17080771049874599, 12.3127723540251,#395d33
  4.18612424630045332, 12.3075734324251,#395d33
  4.20143430165846166, 12.3023554577507,#395d33
  4.21673785287161884, 12.2971184380797,#395d33
  4.23203487624885266, 12.2918623815195,#395d33
  4.24732534810918505, 12.2865872962068,#395d33
  4.26260924478178183, 12.2812931903078,#395d33
  4.27788654260599621, 12.2759800720183,#395d33
  4.29315721793138838, 12.2706479495634,#395d33
  4.30842124711776897, 12.2652968311975,#395d33
  4.32367860653525238, 12.2599267252047,#395d33
  4.33892927256425587, 12.2545376398983,#395d33
  4.35417322159557774, 12.2491295836210,#395d33
  4.36941043003040530, 12.2437025647449,#395d33
  4.38464087428035931, 12.2382565916715,#395d33
  4.39986453076754191, 12.2327916728314,#395d33
  4.41508137592455441, 12.2273078166849,#395d33
  4.43029138619454166, 12.2218050317214,#395d33
  4.44549453803123829, 12.2162833264596,#395d33
  4.46069080789898820, 12.2107427094475,#395d33
  4.47588017227278900, 12.2051831892625,#395d33
  4.49106260763833731, 12.1996047745110,#395d33
  4.50623809049204649, 12.1940074738290,#395d33
  4.52140659734109551, 12.1883912958815,#395d33
  4.53656810470347160, 12.1827562493628,#395d33
  4.55172258910797911, 12.1771023429962,#395d33
  4.56687002709431056, 12.1714295855346,#395d33
  4.58201039521306797, 12.1657379857598,#395d33
  4.59714367002578150, 12.1600275524828,#395d33
  4.61226982810498054, 12.1542982945439,#395d33
  4.62738884603419987, 12.1485502208123,#395d33
  4.64250070040803031, 12.1427833401865,#395d33
  4.65760536783215962, 12.1369976615941,#395d33
  4.67270282492339373, 12.1311931939918,#395d33
  4.68779304830969767, 12.1253699463653,#395d33
  4.70287601463024796, 12.1195279277295,#395d33
  4.71795170053544322, 12.1136671471283,#395d33
  4.73302008268695573, 12.1077876136345,#395d33
  4.74808113775777052, 12.1018893363503,#395d33
  4.76313484243220842, 12.0959723244065,#395d33
  4.77818117340596782, 12.0900365869632,#395d33
  4.79322010738617621, 12.0840821332093,#395d33
  4.80825162109139015, 12.0781089723629,#395d33
  4.82327569125167432, 12.0721171136707,#395d33
  4.83829229460859978, 12.0661065664087,#395d33
  4.85330140791531317, 12.0600773398817,#395d33
  4.86830300793654303, 12.0540294434233,#395d33
  4.88329707144865388, 12.0479628863962,#395d33
  4.89828357523967473, 12.0418776781919,#395d33
  4.91326249610934518, 12.0357738282308,#395d33
  4.92823381086913681, 12.0296513459620,#395d33
  4.94319749634229400, 12.0235102408637,#395d33
  4.95815352936388187, 12.0173505224428,#395d33
  4.97310188678080234, 12.0111722002350,#395d33
  4.98804254545184467, 12.0049752838047,#395d33
  5.00297548224771127, 11.9987597827454,#395d33
  5.01790067405107010, 11.9925257066790,#395d33
  5.03281809775656530, 11.9862730652565,#395d33
  5.04772773027087229, 11.9800018681574,#395d33
  5.06262954851273328, 11.9737121250899,#395d33
  5.07752352941297858, 11.9674038457912,#395d33
  5.09240964991457457, 11.9610770400268,#395d33
  5.10728788697266012, 11.9547317175913,#395d33
  5.12215821755457412, 11.9483678883075,#395d33
  5.13702061863989456, 11.9419855620273,#395d33
  5.15187506722047495, 11.9355847486310,#395d33
  5.16672154030048514, 11.9291654580274,#395d33
  5.18156001489643714, 11.9227277001543,#395d33
  5.19639046803722326, 11.9162714849777,#395d33
  5.21121287676416056, 11.9097968224923,#395d33
  5.22602721813101390, 11.9033037227214,#395d33
  5.24083346920403770, 11.8967921957169,#395d33
  5.25563160706200883, 11.8902622515591,#395d33
  5.27042160879627186, 11.8837139003568,#395d33
  5.28520345151076043, 11.8771471522474,#395d33
  5.29997711232203539, 11.8705620173968,#395d33
  5.31474256835933545, 11.8639585059991,#395d33
  5.32949979676459229, 11.8573366282773,#395d33
  5.34424877469247317, 11.8506963944824,#395d33
  5.35898947931042180, 11.8440378148940,#395d33
  5.37372188779869120, 11.8373608998202,#395d33
  5.38844597735037389, 11.8306656595974,#395d33
  5.40316172517143922, 11.8239521045902,#395d33
  5.41786910848077774, 11.8172202451917,#395d33
  5.43256810451022076, 11.8104700918235,#395d33
  5.44725869050458833, 11.8037016549353,#395d33
  5.46194084372171496, 11.7969149450051,#395d33
  5.47661454143249937, 11.7901099725393,#395d33
  5.49127976092091963, 11.7832867480725,#395d33
  5.50593647948408282, 11.7764452821676,#395d33
  5.52058467443225975, 11.7695855854156,#395d33
  5.53522432308891155, 11.7627076684361,#395d33
  5.54985540279072787, 11.7558115418764,#395d33
  5.56447789088767397, 11.7488972164124,#395d33
  5.57909176474300317, 11.7419647027479,#395d33
  5.59369700173331275, 11.7350140116150,#395d33
  5.60829357924856353, 11.7280451537739,#395d33
  5.62288147469213140, 11.7210581400130,#395d33
  5.63746066548082592, 11.7140529811486,#395d33
  5.65203112904492855, 11.7070296880254,#395d33
  5.66659284282824416, 11.6999882715158,#395d33
  5.68114578428810990, 11.6929287425206,#395d33
  5.69568993089544939, 11.6858511119685,#395d33
  5.71022526013479759, 11.6787553908162,#395d33
  5.72475174950434695, 11.6716415900484,#395d33
  5.73926937651596791, 11.6645097206778,#395d33
  5.75377811869524791, 11.6573597937451,#395d33
  5.76827795358154116, 11.6501918203189,#395d33
  5.78276885872797930, 11.6430058114958,#395d33
  5.79725081170152112, 11.6358017784004,#395d33
  5.81172379008298190, 11.6285797321850,#395d33
  5.82618777146708045, 11.6213396840299,#395d33
  5.84064273346245244, 11.6140816451432,#395d33
  5.85508865369169662, 11.6068056267610,#395d33
  5.86952550979141918, 11.5995116401471,#395d33
  5.88395327941224799, 11.5921996965931,#395d33
  5.89837194021887967, 11.5848698074186,#395d33
  5.91278146989011777, 11.5775219839707,#395d33
  5.92718184611889409, 11.5701562376244,#395d33
  5.94157304661231578, 11.5627725797825,#395d33
  5.95595504909168927, 11.5553710218755,#395d33
  5.97032783129256828, 11.5479515753615,#395d33
  5.98469137096477422, 11.5405142517264,#395d33
  5.99904564587243438, 11.5330590624838,#395d33
  6.01339063379402905, 11.5255860191748,#395d33
  6.02772631252240476, 11.5180951333684,#395d33
  6.04205265986482321, 11.5105864166610,#395d33
  6.05636965364299140, 11.5030598806766,#395d33
  6.07067727169310078, 11.4955155370670,#395d33
  6.08497549186585029, 11.4879533975113,#395d33
  6.09926429202648990, 11.4803734737164,#395d33
  6.11354365005485700, 11.4727757774165,#395d33
  6.12781354384539956, 11.4651603203734,#395d33
  6.14207395130722045, 11.4575271143765,#395d33
  6.15632485036410415, 11.4498761712426,#395d33
  6.17056621895456381, 11.4422075028159,#395d33
  6.18479803503185810, 11.4345211209681,#395d33
  6.19902027656403387, 11.4268170375984,#395d33
  6.21323292153396700, 11.4190952646331,#395d33
  6.22743594793938282, 11.4113558140263,#395d33
  6.24162933379289964, 11.4035986977592,#395d33
  6.25581305712205715, 11.3958239278405,#395d33
  6.26998709596936177, 11.3880315163060,#395d33
  6.28415142839230256, 11.3802214752190,#395d33
  6.29830603246339660, 11.3723938166700,#395d33
  6.31245088627022888, 11.3645485527770,#395d33
  6.32658596791547101, 11.3566856956849,#395d33
  6.34071125551692027, 11.3488052575661,#395d33
  6.35482672720754760, 11.3409072506201,#395d33
  6.36893236113550909, 11.3329916870737,#395d33
  6.38302813546419312, 11.3250585791806,#395d33
  6.39711402837225052, 11.3171079392221,#395d33
  6.41119001805363631, 11.3091397795062,#395d33
  6.42525608271762749, 11.3011541123684,#395d33
  6.43931220058886744, 11.2931509501710,#395d33
  6.45335834990740498, 11.2851303053035,#395d33
  6.46739450892871304, 11.2770921901827,#395d33
  6.48142065592373395, 11.2690366172519,#395d33
  6.49543676917890522, 11.2609635989820,#395d33
  6.50944282699620658, 11.2528731478706,#395d33
  6.52343880769317597, 11.2447652764423,#395d33
  6.53742468960295131, 11.2366399972487,#395d33
  6.55140045107431312, 11.2284973228684,#395d33
  6.56536607047169785, 11.2203372659069,#395d33
  6.57932152617525023, 11.2121598389965,#395d33
  6.59326679658084380, 11.2039650547967,#395d33
  6.60720186010012878, 11.1957529259934,#395d33
  6.62112669516054630, 11.1875234652997,#395d33
  6.63504128020537287, 11.1792766854556,#395d33
  6.64894559369376470, 11.1710125992275,#395d33
  6.66283961410076309, 11.1627312194091,#395d33
  6.67672331991735302, 11.1544325588204,#395d33
  6.69059668965048715, 11.1461166303084,#395d33
  6.70445970182311513, 11.1377834467469,#395d33
  6.71831233497422531, 11.1294330210363,#395d33
  6.73215456765886877, 11.1210653661036,#395d33
  6.74598637844820370, 11.1126804949027,#395d33
  6.75980774592951583, 11.1042784204140,#395d33
  6.77361864870626018, 11.0958591556445,#395d33
  6.78741906539809570, 11.0874227136278,#395d33
  6.80120897464090834, 11.0789691074244,#395d33
  6.81498835508685463, 11.0704983501209,#395d33
  6.82875718540438648, 11.0620104548309,#395d33
  6.84251544427829650, 11.0535054346941,#395d33
  6.85626311040973313, 11.0449833028771,#395d33
  6.87000016251624590, 11.0364440725728,#395d33
  6.88372657933182275, 11.0278877570005,#395d33
  6.89744233960690423, 11.0193143694060,#395d33
  6.91114742210843769, 11.0107239230617,#395d33
  6.92484180561989326, 11.0021164312663,#395d33
  6.93852546894131006, 10.9934919073447,#395d33
  6.95219839088932190, 10.9848503646484,#395d33
  6.96586055029718221, 10.9761918165552,#395d33
  6.97951192601482262, 10.9675162764692,#395d33
  6.99315249690885299, 10.9588237578208,#395d33
  7.00678224186261467, 10.9501142740667,#395d33
  7.02040113977621516, 10.9413878386898,#395d33
  7.03400916956654498, 10.9326444651993,#395d33
  7.04760631016732209, 10.9238841671307,#395d33
  7.06119254052912204, 10.9151069580456,#395d33
  7.07476783961941535, 10.9063128515318,#395d33
  7.08833218642258611, 10.8975018612031,#395d33
  7.10188555993997728, 10.8886740006998,#395d33
  7.11542793918992356, 10.8798292836880,#395d33
  7.12895930320777271, 10.8709677238601,#395d33
  7.14247963104592820, 10.8620893349343,#395d33
  7.15598890177387759, 10.8531941306552,#395d33
  7.16948709447823074, 10.8442821247932,#395d33
  7.18297418826273670, 10.8353533311448,#395d33
  7.19645016224833345, 10.8264077635325,#395d33
  7.20991499557317628, 10.8174454358046,#395d33
  7.22336866739266092, 10.8084663618355,#395d33
  7.23681115687946352, 10.7994705555256,#395d33
  7.25024244322357081, 10.7904580308011,#395d33
  7.26366250563231652, 10.7814288016140,#395d33
  7.27707132333040718, 10.7723828819422,#395d33
  7.29046887555995404, 10.7633202857897,#395d33
  7.30385514158051574, 10.7542410271859,#395d33
  7.31723010066911606, 10.7451451201862,#395d33
  7.33059373212028476, 10.7360325788719,#395d33
  7.34394601524608781, 10.7269034173498,#395d33
  7.35728692937616024, 10.7177576497526,#395d33
  7.37061645385773900, 10.7085952902387,#395d33
  7.38393456805568515, 10.6994163529920,#395d33
  7.39724125135253452, 10.6902208522223,#395d33
  7.41053648314850921, 10.6810088021649,#395d33
  7.42382024286156472, 10.6717802170809,#395d33
  7.43709250992741655, 10.6625351112567,#395d33
  7.45035326379957041, 10.6532734990045,#395d33
  7.46360248394935244, 10.6439953946620,#395d33
  7.47684014986594558, 10.6347008125924,#395d33
  7.49006624105642427, 10.6253897671844,#395d33
  7.50328073704577481, 10.6160622728523,#395d33
  7.51648361737693538, 10.6067183440357,#395d33
  7.52967486161083066, 10.5973579951998,#395d33
  7.54285444932639670, 10.5879812408351,#395d33
  7.55602236012060935, 10.5785880954576,#395d33
  7.56917857360852597, 10.5691785736085,#395d33
 46.71689595067874734, 49.7168959506788,#395d33
 46.70856758699018485, 49.7288864498496,#395d33
 46.70025381700338585, 49.7408870723627,#395d33
 46.69195465302350811, 49.7528978004560,#395d33
 46.68367010733412314, 49.7649186163524,#395d33
 46.67540019219713088, 49.7769495022600,#395d33
 46.66714491985280233, 49.7889904403720,#395d33
 46.65890430251972276, 49.8010414128665,#395d33
 46.65067835239479166, 49.8131024019071,#395d33
 46.64246708165320854, 49.8251733896423,#395d33
 46.63427050244841610, 49.8372543582059,#395d33
 46.62608862691214995, 49.8493452897169,#395d33
 46.61792146715434626, 49.8614461662796,#395d33
 46.60976903526319859, 49.8735569699835,#395d33
 46.60163134330507262, 49.8856776829036,#395d33
 46.59350840332453458, 49.8978082870999,#395d33
 46.58540022734429442, 49.9099487646180,#395d33
 46.57730682736524130, 49.9220990974889,#395d33
 46.56922821536636548, 49.9342592677290,#395d33
 46.56116440330478667, 49.9464292573399,#395d33
 46.55311540311571861, 49.9586090483090,#395d33
 46.54508122671244053, 49.9707986226091,#395d33
 46.53706188598630433, 49.9829979621983,#395d33
 46.52905739280669906, 49.9952070490205,#395d33
 46.52106775902102953, 50.0074258650051,#395d33
 46.51309299645471640, 50.0196543920671,#395d33
 46.50513311691117480, 50.0318926121071,#395d33
 46.49718813217178592, 50.0441405070114,#395d33
 46.48925805399586153, 50.0563980586518,#395d33
 46.48134289412070075, 50.0686652488862,#395d33
 46.47344266426146930, 50.0809420595578,#395d33
 46.46555737611128478, 50.0932284724958,#395d33
 46.45768704134110294, 50.1055244695152,#395d33
 46.44983167159978166, 50.1178300324166,#395d33
 46.44199127851400988, 50.1301451429868,#395d33
 46.43416587368831472, 50.1424697829981,#395d33
 46.42635546870504726, 50.1548039342090,#395d33
 46.41856007512434701, 50.1671475783637,#395d33
 46.41077970448414192, 50.1795006971924,#395d33
 46.40301436830010573, 50.1918632724113,#395d33
 46.39526407806570063, 50.2042352857227,#395d33
 46.38752884525207776, 50.2166167188148,#395d33
 46.37980868130811984, 50.2290075533619,#395d33
 46.37210359766040568, 50.2414077710244,#395d33
 46.36441360571319592, 50.2538173534487,#395d33
 46.35673871684841174, 50.2662362822676,#395d33
 46.34907894242560644, 50.2786645390998,#395d33
 46.34143429378200096, 50.2911021055503,#395d33
 46.33380478223237731, 50.3035489632103,#395d33
 46.32619041906914958, 50.3160050936573,#395d33
 46.31859121556230718, 50.3284704784551,#395d33
 46.31100718295937924, 50.3409450991537,#395d33
 46.30343833248547014, 50.3534289372894,#395d33
 46.29588467534319562, 50.3659219743850,#395d33
 46.28834622271268273, 50.3784241919496,#395d33
 46.28082298575156273, 50.3909355714787,#395d33
 46.27331497559494267, 50.4034560944543,#395d33
 46.26582220335539830, 50.4159857423449,#395d33
 46.25834468012293144, 50.4285244966053,#395d33
 46.25088241696500546, 50.4410723386770,#395d33
 46.24343542492646719, 50.4536292499880,#395d33
 46.23600371502958239, 50.4661952119529,#395d33
 46.22858729827397894, 50.4787702059729,#395d33
 46.22118618563666814, 50.4913542134357,#395d33
 46.21380038807200918, 50.5039472157159,#395d33
 46.20642991651166653, 50.5165491941746,#395d33
 46.19907478186465966, 50.5291601301597,#395d33
 46.19173499501727065, 50.5417800050057,#395d33
 46.18441056683309398, 50.5544088000341,#395d33
 46.17710150815297965, 50.5670464965531,#395d33
 46.16980782979502607, 50.5796930758576,#395d33
 46.16252954255457297, 50.5923485192296,#395d33
 46.15526665720418720, 50.6050128079377,#395d33
 46.14801918449361295, 50.6176859232376,#395d33
 46.14078713514982155, 50.6303678463719,#395d33
 46.13357051987691193, 50.6430585585701,#395d33
 46.12636934935618171, 50.6557580410488,#395d33
 46.11918363424603484, 50.6684662750115,#395d33
 46.11201338518202419, 50.6811832416488,#395d33
 46.10485861277679476, 50.6939089221384,#395d33
 46.09771932762009783, 50.7066432976452,#395d33
 46.09059554027874839, 50.7193863493209,#395d33
 46.08348726129662509, 50.7321380583047,#395d33
 46.07639450119467739, 50.7448984057228,#395d33
 46.06931727047084735, 50.7576673726887,#395d33
 46.06225557960010519, 50.7704449403031,#395d33
 46.05520943903444930, 50.7832310896540,#395d33
 46.04817885920282095, 50.7960258018167,#395d33
 46.04116385051115401, 50.8088290578538,#395d33
 46.03416442334233238, 50.8216408388152,#395d33
 46.02718058805616863, 50.8344611257383,#395d33
 46.02021235498939689, 50.8472898996479,#395d33
 46.01325973445568707, 50.8601271415561,#395d33
 46.00632273674555961, 50.8729728324625,#395d33
 45.99940137212644231, 50.8858269533545,#395d33
 45.99249565084261349, 50.8986894852065,#395d33
 45.98560558311518776, 50.9115604089809,#395d33
 45.97873117914213736, 50.9244397056275,#395d33
 45.97187244909822113, 50.9373273560836,#395d33
 45.96502940313501995, 50.9502233412744,#395d33
 45.95820205138089420, 50.9631276421125,#395d33
 45.95139040394096952, 50.9760402394983,#395d33
 45.94459447089712967, 50.9889611143201,#395d33
 45.93781426230801657, 51.0018902474535,#395d33
 45.93104978820897344, 51.0148276197624,#395d33
 45.92430105861207323, 51.0277732120981,#395d33
 45.91756808350606889, 51.0407270053000,#395d33
 45.91085087285640753, 51.0536889801952,#395d33
 45.90414943660520919, 51.0666591175987,#395d33
 45.89746378467123122, 51.0796373983135,#395d33
 45.89079392694986836, 51.0926238031306,#395d33
 45.88413987331315980, 51.1056183128287,#395d33
 45.87750163360972522, 51.1186209081748,#395d33
 45.87087921766480036, 51.1316315699238,#395d33
 45.86427263528018727, 51.1446502788187,#395d33
 45.85768189623425428, 51.1576770155906,#395d33
 45.85110701028193603, 51.1707117609586,#395d33
 45.84454798715466950, 51.1837544956301,#395d33
 45.83800483656045088, 51.1968052003006,#395d33
 45.83147756818375740, 51.2098638556538,#395d33
 45.82496619168556862, 51.2229304423616,#395d33
 45.81847071670334515, 51.2360049410843,#395d33
 45.81199115285100731, 51.2490873324704,#395d33
 45.80552750971892095, 51.2621775971567,#395d33
 45.79907979687389741, 51.2752757157683,#395d33
 45.79264802385917221, 51.2883816689187,#395d33
 45.78623220019437667, 51.3014954372100,#395d33
 45.77983233537553076, 51.3146170012324,#395d33
 45.77344843887506443, 51.3277463415649,#395d33
 45.76708052014173234, 51.3408834387748,#395d33
 45.76072858860067072, 51.3540282734178,#395d33
 45.75439265365334052, 51.3671808260384,#395d33
 45.74807272467753450, 51.3803410771696,#395d33
 45.74176881102734171, 51.3935090073329,#395d33
 45.73548092203316173, 51.4066845970386,#395d33
 45.72920906700166199, 51.4198678267854,#395d33
 45.72295325521578491, 51.4330586770611,#395d33
 45.71671349593473366, 51.4462571283418,#395d33
 45.71048979839394377, 51.4594631610926,#395d33
 45.70428217180508312, 51.4726767557674,#395d33
 45.69809062535602351, 51.4858978928086,#395d33
 45.69191516821084065, 51.4991265526479,#395d33
 45.68575580950981418, 51.5123627157055,#395d33
 45.67961255836937084, 51.5256063623906,#395d33
 45.67348542388210575, 51.5388574731014,#395d33
 45.66737441511676820, 51.5521160282250,#395d33
 45.66127954111822618, 51.5653820081374,#395d33
 45.65520081090747340, 51.5786553932038,#395d33
 45.64913823348162225, 51.5919361637782,#395d33
 45.64309181781384694, 51.6052243002039,#395d33
 45.63706157285343323, 51.6185197828131,#395d33
 45.63104750752570737, 51.6318225919273,#395d33
 45.62504963073206454, 51.6451327078571,#395d33
 45.61906795134993331, 51.6584501109021,#395d33
 45.61310247823276143, 51.6717747813515,#395d33
 45.60715322021002294, 51.6851066994833,#395d33
 45.60122018608718975, 51.6984458455651,#395d33
 45.59530338464571031, 51.7117921998537,#395d33
 45.58940282464301674, 51.7251457425952,#395d33
 45.58351851481251060, 51.7385064540252,#395d33
 45.57765046386351315, 51.7518743143683,#395d33
 45.57179868048130800, 51.7652493038391,#395d33
 45.56596317332708423, 51.7786314026412,#395d33
 45.56014395103795778, 51.7920205909677,#395d33
 45.55434102222692871, 51.8054168490016,#395d33
 45.54855439548288132, 51.8188201569149,#395d33
 45.54278407937057693, 51.8322304948696,#395d33
 45.53703008243063266, 51.8456478430171,#395d33
 45.53129241317951426, 51.8590721814983,#395d33
 45.52557108010951481, 51.8725034904441,#395d33
 45.51986609168874764, 51.8859417499748,#395d33
 45.51417745636114631, 51.8993869402005,#395d33
 45.50850518254642907, 51.9128390412210,#395d33
 45.50284927864010598, 51.9262980331259,#395d33
 45.49720975301345050, 51.9397638959947,#395d33
 45.49158661401349235, 51.9532366098966,#395d33
 45.48597986996302467, 51.9667161548907,#395d33
 45.48038952916054711, 51.9802025110260,#395d33
 45.47481559988031563, 51.9936956583413,#395d33
 45.46925809037225719, 52.0071955768656,#395d33
 45.46371700886201950, 52.0207022466177,#395d33
 45.45819236355094972, 52.0342156476064,#395d33
 45.45268416261602340, 52.0477357598306,#395d33
 45.44719241420990841, 52.0612625632793,#395d33
 45.44171712646092942, 52.0747960379315,#395d33
 45.43625830747301819, 52.0883361637563,#395d33
 45.43081596532575617, 52.1018829207131,#395d33
 45.42539010807432476, 52.1154362887514,#395d33
 45.41998074374950534, 52.1289962478110,#395d33
 45.41458788035767924, 52.1425627778217,#395d33
 45.40921152588079224, 52.1561358587039,#395d33
 45.40385168827636164, 52.1697154703680,#395d33
 45.39850837547746210, 52.1833015927151,#395d33
 45.39318159539270425, 52.1968942056362,#395d33
 45.38787135590622057, 52.2104932890131,#395d33
 45.38257766487768663, 52.2240988227177,#395d33
 45.37730053014225007, 52.2377107866127,#395d33
 45.37203995951059454, 52.2513291605511,#395d33
 45.36679596076885446, 52.2649539243762,#395d33
 45.36156854167863628, 52.2785850579223,#395d33
 45.35635770997703986, 52.2922225410139,#395d33
 45.35116347337658027, 52.3058663534662,#395d33
 45.34598583956521622, 52.3195164750850,#395d33
 45.34082481620635718, 52.3331728856670,#395d33
 45.33568041093879231, 52.3468355649994,#395d33
 45.33055263137673307, 52.3605044928600,#395d33
 45.32544148510979198, 52.3741796490175,#395d33
 45.32034697970294701, 52.3878610132314,#395d33
 45.31526912269654872, 52.4015485652521,#395d33
 45.31020792160630606, 52.4152422848205,#395d33
 45.30516338392328635, 52.4289421516688,#395d33
 45.30013551711388686, 52.4426481455197,#395d33
 45.29512432861982063, 52.4563602460871,#395d33
 45.29012982585812352, 52.4700784330759,#395d33
 45.28515201622114716, 52.4838026861817,#395d33
 45.28019090707650918, 52.4975329850914,#395d33
 45.27524650576713583, 52.5112693094829,#395d33
 45.27031881961120519, 52.5250116390250,#395d33
 45.26540785590216132, 52.5387599533778,#395d33
 45.26051362190870009, 52.5525142321925,#395d33
 45.25563612487475496, 52.5662744551114,#395d33
 45.25077537201948985, 52.5800406017681,#395d33
 45.24593137053727077, 52.5938126517875,#395d33
 45.24110412759769417, 52.6075905847855,#395d33
 45.23629365034552308, 52.6213743803695,#395d33
 45.23149994590073675, 52.6351640181381,#395d33
 45.22672302135846678, 52.6489594776815,#395d33
 45.22196288378901841, 52.6627607385810,#395d33
 45.21721954023785628, 52.6765677804093,#395d33
 45.21249299772556185, 52.6903805827309,#395d33
 45.20778326324789020, 52.7041991251014,#395d33
 45.20309034377567770, 52.7180233870680,#395d33
 45.19841424625489879, 52.7318533481696,#395d33
 45.19375497760663052, 52.7456889879365,#395d33
 45.18911254472702410, 52.7595302858905,#395d33
 45.18448695448732622, 52.7733772215454,#395d33
 45.17987821373385060, 52.7872297744062,#395d33
 45.17528632928797094, 52.8010879239699,#395d33
 45.17071130794612088, 52.8149516497252,#395d33
 45.16615315647975848, 52.8288209311523,#395d33
 45.16161188163538043, 52.8426957477234,#395d33
 45.15708749013451495, 52.8565760789026,#395d33
 45.15257998867369338, 52.8704619041454,#395d33
 45.14808938392443594, 52.8843532028997,#395d33
 45.14361568253327306, 52.8982499546050,#395d33
 45.13915889112170987, 52.9121521386927,#395d33
 45.13471901628621197, 52.9260597345863,#395d33
 45.13029606459822674, 52.9399727217013,#395d33
 45.12589004260414072, 52.9538910794450,#395d33
 45.12150095682529383, 52.9678147872170,#395d33
 45.11712881375793671, 52.9817438244089,#395d33
 45.11277361987326628, 52.9956781704044,#395d33
 45.10843538161738309, 53.0096178045793,#395d33
 45.10411410541128419, 53.0235627063017,#395d33
 45.09980979765088449, 53.0375128549316,#395d33
 45.09552246470695991, 53.0514682298217,#395d33
 45.09125211292517577, 53.0654288103166,#395d33
 45.08699874862605839, 53.0793945757534,#395d33
 45.08276237810499509, 53.0933655054613,#395d33
 45.07854300763220579, 53.1073415787621,#395d33
 45.07434064345277136, 53.1213227749698,#395d33
 45.07015529178659108, 53.1353090733909,#395d33
 45.06598695882838257, 53.1493004533244,#395d33
 45.06183565074766761, 53.1632968940618,#395d33
 45.05770137368878636, 53.1772983748869,#395d33
 45.05358413377086180, 53.1913048750762,#395d33
 45.04948393708779975, 53.2053163738988,#395d33
 45.04540078970827466, 53.2193328506163,#395d33
 45.04133469767574383, 53.2333542844830,#395d33
 45.03728566700841185, 53.2473806547458,#395d33
 45.03325370369921643, 53.2614119406444,#395d33
 45.02923881371586390, 53.2754481214111,#395d33
 45.02524100300075816, 53.2894891762711,#395d33
 45.02126027747105041, 53.3035350844423,#395d33
 45.01729664301858946, 53.3175858251353,#395d33
 45.01335010550992877, 53.3316413775537,#395d33
 45.00942067078632647, 53.3457017208940,#395d33
 45.00550834466372407, 53.3597668343456,#395d33
 45.00161313293271803, 53.3738366970907,#395d33
 44.99773504135860946, 53.3879112883046,#395d33
 44.99387407568133312, 53.4019905871555,#395d33
 44.99003024161549291, 53.4160745728048,#395d33
 44.98620354485032635, 53.4301632244068,#395d33
 44.98239399104971881, 53.4442565211089,#395d33
 44.97860158585214663, 53.4583544420519,#395d33
 44.97482633487076242, 53.4724569663692,#395d33
 44.97106824369327427, 53.4865640731880,#395d33
 44.96732731788202386, 53.5006757416284,#395d33
 44.96360356297394389, 53.5147919508036,#395d33
 44.95989698448052962, 53.5289126798205,#395d33
 44.95620758788788152, 53.5430379077789,#395d33
 44.95253537865665550, 53.5571676137722,#395d33
 44.94888036222207006, 53.5713017768870,#395d33
 44.94524254399390628, 53.5854403762036,#395d33
 44.94162192935647226, 53.5995833907953,#395d33
 44.93801852366861738, 53.6137307997293,#395d33
 44.93443233226373223, 53.6278825820659,#395d33
 44.93086336044972740, 53.6420387168591,#395d33
 44.92731161350901203, 53.6561991831567,#395d33
 44.92377709669851527, 53.6703639599997,#395d33
 44.92025981524965061, 53.6845330264228,#395d33
 44.91675977436833733, 53.6987063614547,#395d33
 44.91327697923496487, 53.7128839441172,#395d33
 44.90981143500440709, 53.7270657534264,#395d33
 44.90636314680600094, 53.7412517683917,#395d33
 44.90293211974352516, 53.7554419680165,#395d33
 44.89951835889524290, 53.7696363312979,#395d33
 44.89612186931383775, 53.7838348372270,#395d33
 44.89274265602644221, 53.7980374647886,#395d33
 44.88938072403460922, 53.8122441929615,#395d33
 44.88603607831432640, 53.8264550007183,#395d33
 44.88270872381598053, 53.8406698670257,#395d33
 44.87939866546437173, 53.8548887708443,#395d33
 44.87610590815870637, 53.8691116911289,#395d33
 44.87283045677257576, 53.8833386068281,#395d33
 44.86957231615396324, 53.8975694968847,#395d33
 44.86633149112522290, 53.9118043402357,#395d33
 44.86310798648308662, 53.9260431158122,#395d33
 44.85990180699864993, 53.9402858025394,#395d33
 44.85671295741735776, 53.9545323793367,#395d33
 44.85354144245901864, 53.9687828251180,#395d33
 44.85038726681776922, 53.9830371187911,#395d33
 44.84725043516209553, 53.9972952392583,#395d33
 44.84413095213480460, 54.0115571654164,#395d33
 44.84102882235303866, 54.0258228761562,#395d33
 44.83794405040822539, 54.0400923503632,#395d33
 44.83487664086613478, 54.0543655669171,#395d33
 44.83182659826682226, 54.0686425046923,#395d33
 44.82879392712463584, 54.0829231425576,#395d33
 44.82577863192823031, 54.0972074593762,#395d33
 44.82278071714051748, 54.1114954340059,#395d33
 44.81980018719870174, 54.1257870452993,#395d33
 44.81683704651425160, 54.1400822721033,#395d33
 44.81389129947289263, 54.1543810932598,#395d33
 44.81096295043461453, 54.1686834876049,#395d33
 44.80805200373365693, 54.1829894339700,#395d33
 44.80515846367849520, 54.1972989111807,#395d33
 44.80228233455184039, 54.2116118980577,#395d33
 44.79942362061063932, 54.2259283734164,#395d33
 44.79658232608606738, 54.2402483160672,#395d33
 44.79375845518349308, 54.2545717048150,#395d33
 44.79095201208253485, 54.2688985184599,#395d33
 44.78816300093698999, 54.2832287357968,#395d33
 44.78539142587484889, 54.2975623356158,#395d33
 44.78263729099832346, 54.3118992967016,#395d33
 44.77990060038378317, 54.3262395978343,#395d33
 44.77718135808180477, 54.3405832177888,#395d33
 44.77447956811710128, 54.3549301353351,#395d33
 44.77179523448860721, 54.3692803292385,#395d33
 44.76912836116937200, 54.3836337782594,#395d33
 44.76647895210663108, 54.3979904611532,#395d33
 44.76384701122175613, 54.4123503566707,#395d33
 44.76123254241028349, 54.4267134435579,#395d33
 44.75863554954185730, 54.4410797005560,#395d33
 44.75605603646028641, 54.4554491064017,#395d33
 44.75349400698349456, 54.4698216398267,#395d33
 44.75094946490352754, 54.4841972795585,#395d33
 44.74842241398654608, 54.4985760043197,#395d33
 44.74591285797283291, 54.5129577928284,#395d33
 44.74342080057677151, 54.5273426237982,#395d33
 44.74094624548683896, 54.5417304759382,#395d33
 44.73848919636560595, 54.5561213279530,#395d33
 44.73604965684975099, 54.5705151585427,#395d33
 44.73362763055001778, 54.5849119464031,#395d33
 44.73122312105124365, 54.5993116702256,#395d33
 44.72883613191233110, 54.6137143086973,#395d33
 44.72646666666624071, 54.6281198405008,#395d33
 44.72411472882000538, 54.6425282443147,#395d33
 44.72178032185473029, 54.6569394988130,#395d33
 44.71946344922555738, 54.6713535826658,#395d33
 44.71716411436167249, 54.6857704745388,#395d33
 44.71488232066631952, 54.7001901530937,#395d33
 44.71261807151675782, 54.7146125969880,#395d33
 44.71037137026429775, 54.7290377848751,#395d33
 44.70814222023426510, 54.7434656954043,#395d33
 44.70593062472603663, 54.7578963072209,#395d33
 44.70373658701295483, 54.7723295989664,#395d33
 44.70156011034242027, 54.7867655492779,#395d33
 44.69940119793582767, 54.8012041367890,#395d33
 44.69725985298856585, 54.8156453401292,#395d33
 44.69513607867003202, 54.8300891379240,#395d33
 44.69302987812361749, 54.8445355087954,#395d33
 44.69094125446669352, 54.8589844313613,#395d33
 44.68887021079062549, 54.8734358842359,#395d33
 44.68681675016075161, 54.8878898460297,#395d33
 44.68478087561639001, 54.9023462953494,#395d33
 44.68276259017083873, 54.9168052107982,#395d33
 44.68076189681134025, 54.9312665709755,#395d33
 44.67877879849911693, 54.9457303544770,#395d33
 44.67681329816933555, 54.9601965398950,#395d33
 44.67486539873114282, 54.9746651058182,#395d33
 44.67293510306759430, 54.9891360308317,#395d33
 44.67102241403571838, 55.0036092935172,#395d33
 44.66912733446648076, 55.0180848724528,#395d33
 44.66724986716478440, 55.0325627462133,#395d33
 44.66539001490944116, 55.0470428933701,#395d33
 44.66354778045322860, 55.0615252924913,#395d33
 44.66172316652281893, 55.0760099221413,#395d33
 44.65991617581881457, 55.0904967608817,#395d33
 44.65812681101573389, 55.1049857872706,#395d33
 44.65635507476201838, 55.1194769798627,#395d33
 44.65460096967998993, 55.1339703172098,#395d33
 44.65286449836590066, 55.1484657778603,#395d33
 44.65114566338989732, 55.1629633403596,#395d33
 44.64944446729600713, 55.1774629832498,#395d33
 44.64776091260216617, 55.1919646850702,#395d33
 44.64609500180020518, 55.2064684243569,#395d33
 44.64444673735582114, 55.2209741796428,#395d33
 44.64281612170859859, 55.2354819294582,#395d33
 44.64120315727201671, 55.2499916523302,#395d33
 44.63960784643341384, 55.2645033267830,#395d33
 44.63803019155399454, 55.2790169313379,#395d33
 44.63647019496883672, 55.2935324445134,#395d33
 44.63492785898689874, 55.3080498448252,#395d33
 44.63340318589096967, 55.3225691107862,#395d33
 44.63189617793771902, 55.3370902209065,#395d33
 44.63040683735765413, 55.3516131536933,#395d33
 44.62893516635514857, 55.3661378876515,#395d33
 44.62748116710841373, 55.3806644012829,#395d33
 44.62604484176951303, 55.3951926730871,#395d33
 44.62462619246432638, 55.4097226815608,#395d33
 44.62322522129260705, 55.4242544051981,#395d33
 44.62184193032791768, 55.4387878224907,#395d33
 44.62047632161767297, 55.4533229119278,#395d33
 44.61912839718308277, 55.4678596519961,#395d33
 44.61779815901921609, 55.4823980211799,#395d33
 44.61648560909495842, 55.4969379979608,#395d33
 44.61519074935299045, 55.5114795608185,#395d33
 44.61391358170985200, 55.5260226882300,#395d33
 44.61265410805584963, 55.5405673586700,#395d33
 44.61141233025513486, 55.5551135506112,#395d33
 44.61018825014565437, 55.5696612425237,#395d33
 44.60898186953917133, 55.5842104128755,#395d33
 44.60779319022122991, 55.5987610401326,#395d33
 44.60662221395120497, 55.6133131027586,#395d33
 44.60546894246223815, 55.6278665792150,#395d33
 44.60433337746128757, 55.6424214479613,#395d33
 44.60321552062909944, 55.6569776874550,#395d33
 44.60211537362020806, 55.6715352761514,#395d33
 44.60103293806292868, 55.6860941925039,#395d33
 44.59996821555937885, 55.7006544149640,#395d33
 44.59892120768544288, 55.7152159219810,#395d33
 44.59789191599079317, 55.7297786920026,#395d33
 44.59688034199888307, 55.7443427034745,#395d33
 44.59588648720693271, 55.7589079348406,#395d33
 44.59491035308595031, 55.7734743645429,#395d33
 44.59395194108068949, 55.7880419710218,#395d33
 44.59301125260971332, 55.8026107327158,#395d33
 44.59208828906531608, 55.8171806280617,#395d33
 44.59118305181357300, 55.8317516354947,#395d33
 44.59029554219433322, 55.8463237334483,#395d33
 44.58942576152118420, 55.8608969003545,#395d33
 44.58857371108148016, 55.8754711146436,#395d33
 44.58773939213634918, 55.8900463547443,#395d33
 44.58692280592065771, 55.9046225990838,#395d33
 44.58612395364302472, 55.9191998260881,#395d33
 44.58534283648583596, 55.9337780141813,#395d33
 44.58457945560522262, 55.9483571417864,#395d33
 44.58383381213104713, 55.9629371873249,#395d33
 44.58310590716694577, 55.9775181292169,#395d33
 44.58239574179027898, 55.9920999458813,#395d33
 44.58170331705215972, 56.0066826157355,#395d33
 44.58102863397745352, 56.0212661171958,#395d33
 44.58037169356474294, 56.0358504286773,#395d33
 44.57973249678636307, 56.0504355285938,#395d33
 44.57911104458838736, 56.0650213953579,#395d33
 44.57850733789063469, 56.0796080073812,#395d33
 44.57792137758663387, 56.0941953430741,#395d33
 44.57735316454366625, 56.1087833808460,#395d33
 44.57680269960275155, 56.1233720991051,#395d33
 44.57626998357861936, 56.1379614762588,#395d33
 44.57575501725973766, 56.1525514907134,#395d33
 44.57525780140831273, 56.1671421208743,#395d33
 44.57477833676027501, 56.1817333451459,#395d33
 44.57431662402527195, 56.1963251419320,#395d33
 44.57387266388667513, 56.2109174896352,#395d33
 44.57344645700159447, 56.2255103666574,#395d33
 44.57303800400086402, 56.2401037513998,#395d33
 44.57264730548902776, 56.2546976222629,#395d33
 44.57227436204435378, 56.2692919576463,#395d33
 44.57191917421883431, 56.2838867359489,#395d33
 44.57158174253817862, 56.2984819355692,#395d33
 44.57126206750182718, 56.3130775349048,#395d33
 44.57096014958291619, 56.3276735123529,#395d33
 44.57067598922833440, 56.3422698463100,#395d33
 44.57040958685864496, 56.3568665151722,#395d33
 44.57016094286815644, 56.3714634973350,#395d33
 44.56993005762488025, 56.3860607711935,#395d33
 44.56971693147055902, 56.4006583151423,#395d33
 44.56952156472063109, 56.4152561075757,#395d33
 44.56934395766426604, 56.4298541268875,#395d33
 44.56918411056433627, 56.4444523514713,#395d33
 44.56904202365741696, 56.4590507597204,#395d33
 44.56891769715383589, 56.4736493300276,#395d33
 44.56881113123758809, 56.4882480407858,#395d33
 44.56872232606640694, 56.5028468703874,#395d33
 44.56865128177173574, 56.5174457972248,#395d33
 44.56859799845872061, 56.5320447996901,#395d33
 44.56856247620623179, 56.5466438561755,#395d33
 44.56854471506684234, 56.5612429450730,#395d33
 44.56854471506684234, 56.5758420447746,#395d33
 44.56856247620623179, 56.5904411336721,#395d33
 44.56859799845872061, 56.6050401901575,#395d33
 44.56865128177173574, 56.6196391926228,#395d33
 44.56872232606640694, 56.6342381194602,#395d33
 44.56881113123758809, 56.6488369490618,#395d33
 44.56891769715383589, 56.6634356598200,#395d33
 44.56904202365741696, 56.6780342301272,#395d33
 44.56918411056433627, 56.6926326383763,#395d33
 44.56934395766426604, 56.7072308629601,#395d33
 44.56952156472063109, 56.7218288822719,#395d33
 44.56971693147055902, 56.7364266747053,#395d33
 44.56993005762488025, 56.7510242186541,#395d33
 44.57016094286815644, 56.7656214925126,#395d33
 44.57040958685864496, 56.7802184746754,#395d33
 44.57067598922833440, 56.7948151435376,#395d33
 44.57096014958291619, 56.8094114774947,#395d33
 44.57126206750182718, 56.8240074549428,#395d33
 44.57158174253817862, 56.8386030542784,#395d33
 44.57191917421883431, 56.8531982538987,#395d33
 44.57227436204435378, 56.8677930322013,#395d33
 44.57264730548902776, 56.8823873675847,#395d33
 44.57303800400086402, 56.8969812384478,#395d33
 44.57344645700159447, 56.9115746231902,#395d33
 44.57387266388667513, 56.9261675002124,#395d33
 44.57431662402527195, 56.9407598479156,#395d33
 44.57477833676027501, 56.9553516447017,#395d33
 44.57525780140831273, 56.9699428689733,#395d33
 44.57575501725973766, 56.9845334991342,#395d33
 44.57626998357861936, 56.9991235135888,#395d33
 44.57680269960275155, 57.0137128907425,#395d33
 44.57735316454366625, 57.0283016090016,#395d33
 44.57792137758663387, 57.0428896467735,#395d33
 44.57850733789063469, 57.0574769824664,#395d33
 44.57911104458838736, 57.0720635944897,#395d33
 44.57973249678636307, 57.0866494612538,#395d33
 44.58037169356474294, 57.1012345611703,#395d33
 44.58102863397745352, 57.1158188726518,#395d33
 44.58170331705215972, 57.1304023741121,#395d33
 44.58239574179027898, 57.1449850439663,#395d33
 44.58310590716694577, 57.1595668606307,#395d33
 44.58383381213104713, 57.1741478025227,#395d33
 44.58457945560522262, 57.1887278480612,#395d33
 44.58534283648583596, 57.2033069756663,#395d33
 44.58612395364302472, 57.2178851637595,#395d33
 44.58692280592065771, 57.2324623907638,#395d33
 44.58773939213634918, 57.2470386351033,#395d33
 44.58857371108148016, 57.2616138752040,#395d33
 44.58942576152118420, 57.2761880894931,#395d33
 44.59029554219433322, 57.2907612563993,#395d33
 44.59118305181358011, 57.3053333543529,#395d33
 44.59208828906531608, 57.3199043617859,#395d33
 44.59301125260971332, 57.3344742571318,#395d33
 44.59395194108068949, 57.3490430188258,#395d33
 44.59491035308595031, 57.3636106253047,#395d33
 44.59588648720693271, 57.3781770550070,#395d33
 44.59688034199888307, 57.3927422863731,#395d33
 44.59789191599079317, 57.4073062978450,#395d33
 44.59892120768544288, 57.4218690678666,#395d33
 44.59996821555937885, 57.4364305748836,#395d33
 44.60103293806292868, 57.4509907973437,#395d33
 44.60211537362020806, 57.4655497136962,#395d33
 44.60321552062909944, 57.4801073023926,#395d33
 44.60433337746128757, 57.4946635418863,#395d33
 44.60546894246223815, 57.5092184106326,#395d33
 44.60662221395120497, 57.5237718870890,#395d33
 44.60779319022122991, 57.5383239497150,#395d33
 44.60898186953917133, 57.5528745769721,#395d33
 44.61018825014565437, 57.5674237473239,#395d33
 44.61141233025513486, 57.5819714392364,#395d33
 44.61265410805584963, 57.5965176311776,#395d33
 44.61391358170985200, 57.6110623016176,#395d33
 44.61519074935299045, 57.6256054290291,#395d33
 44.61648560909495842, 57.6401469918868,#395d33
 44.61779815901921609, 57.6546869686677,#395d33
 44.61912839718308277, 57.6692253378515,#395d33
 44.62047632161767297, 57.6837620779198,#395d33
 44.62184193032791768, 57.6982971673569,#395d33
 44.62322522129260705, 57.7128305846495,#395d33
 44.62462619246432638, 57.7273623082868,#395d33
 44.62604484176951303, 57.7418923167605,#395d33
 44.62748116710841373, 57.7564205885647,#395d33
 44.62893516635514857, 57.7709471021961,#395d33
 44.63040683735765413, 57.7854718361543,#395d33
 44.63189617793771902, 57.7999947689411,#395d33
 44.63340318589096967, 57.8145158790614,#395d33
 44.63492785898689874, 57.8290351450223,#395d33
 44.63647019496883672, 57.8435525453342,#395d33
 44.63803019155399454, 57.8580680585097,#395d33
 44.63960784643341384, 57.8725816630646,#395d33
 44.64120315727201671, 57.8870933375174,#395d33
 44.64281612170860569, 57.9016030603894,#395d33
 44.64444673735582114, 57.9161108102048,#395d33
 44.64609500180020518, 57.9306165654907,#395d33
 44.64776091260216617, 57.9451203047774,#395d33
 44.64944446729600713, 57.9596220065978,#395d33
 44.65114566338989022, 57.9741216494880,#395d33
 44.65286449836590066, 57.9886192119873,#395d33
 44.65460096967998993, 58.0031146726378,#395d33
 44.65635507476201838, 58.0176080099849,#395d33
 44.65812681101573389, 58.0320992025770,#395d33
 44.65991617581881457, 58.0465882289659,#395d33
 44.66172316652281893, 58.0610750677063,#395d33
 44.66354778045322860, 58.0755596973563,#395d33
 44.66539001490944116, 58.0900420964775,#395d33
 44.66724986716478440, 58.1045222436343,#395d33
 44.66912733446648076, 58.1190001173948,#395d33
 44.67102241403571838, 58.1334756963304,#395d33
 44.67293510306759430, 58.1479489590159,#395d33
 44.67486539873114282, 58.1624198840294,#395d33
 44.67681329816934266, 58.1768884499526,#395d33
 44.67877879849911693, 58.1913546353706,#395d33
 44.68076189681134025, 58.2058184188721,#395d33
 44.68276259017083873, 58.2202797790494,#395d33
 44.68478087561639711, 58.2347386944982,#395d33
 44.68681675016075161, 58.2491951438179,#395d33
 44.68887021079062549, 58.2636491056117,#395d33
 44.69094125446669352, 58.2781005584863,#395d33
 44.69302987812361749, 58.2925494810522,#395d33
 44.69513607867003202, 58.3069958519236,#395d33
 44.69725985298856585, 58.3214396497184,#395d33
 44.69940119793582767, 58.3358808530586,#395d33
 44.70156011034242738, 58.3503194405697,#395d33
 44.70373658701295483, 58.3647553908812,#395d33
 44.70593062472603663, 58.3791886826267,#395d33
 44.70814222023427220, 58.3936192944433,#395d33
 44.71037137026429775, 58.4080472049725,#395d33
 44.71261807151675782, 58.4224723928596,#395d33
 44.71488232066631952, 58.4368948367539,#395d33
 44.71716411436167249, 58.4513145153088,#395d33
 44.71946344922555738, 58.4657314071818,#395d33
 44.72178032185473739, 58.4801454910346,#395d33
 44.72411472882001249, 58.4945567455329,#395d33
 44.72646666666623361, 58.5089651493467,#395d33
 44.72883613191233110, 58.5233706811503,#395d33
 44.73122312105124365, 58.5377733196220,#395d33
 44.73362763055001778, 58.5521730434445,#395d33
 44.73604965684975099, 58.5665698313049,#395d33
 44.73848919636560595, 58.5809636618946,#395d33
 44.74094624548683896, 58.5953545139094,#395d33
 44.74342080057677151, 58.6097423660494,#395d33
 44.74591285797283291, 58.6241271970192,#395d33
 44.74842241398654608, 58.6385089855279,#395d33
 44.75094946490352754, 58.6528877102891,#395d33
 44.75349400698349456, 58.6672633500209,#395d33
 44.75605603646028641, 58.6816358834459,#395d33
 44.75863554954185730, 58.6960052892916,#395d33
 44.76123254241028349, 58.7103715462897,#395d33
 44.76384701122175613, 58.7247346331769,#395d33
 44.76647895210663108, 58.7390945286944,#395d33
 44.76912836116937200, 58.7534512115882,#395d33
 44.77179523448860721, 58.7678046606091,#395d33
 44.77447956811710128, 58.7821548545125,#395d33
 44.77718135808180477, 58.7965017720588,#395d33
 44.77990060038378317, 58.8108453920133,#395d33
 44.78263729099832346, 58.8251856931460,#395d33
 44.78539142587485600, 58.8395226542318,#395d33
 44.78816300093698999, 58.8538562540507,#395d33
 44.79095201208253485, 58.8681864713877,#395d33
 44.79375845518349308, 58.8825132850326,#395d33
 44.79658232608606738, 58.8968366737804,#395d33
 44.79942362061063932, 58.9111566164311,#395d33
 44.80228233455184039, 58.9254730917899,#395d33
 44.80515846367849520, 58.9397860786669,#395d33
 44.80805200373365693, 58.9540955558776,#395d33
 44.81096295043461453, 58.9684015022427,#395d33
 44.81389129947289263, 58.9827038965878,#395d33
 44.81683704651425160, 58.9970027177443,#395d33
 44.81980018719870174, 59.0112979445483,#395d33
 44.82278071714051748, 59.0255895558417,#395d33
 44.82577863192823031, 59.0398775304714,#395d33
 44.82879392712463584, 59.0541618472900,#395d33
 44.83182659826682226, 59.0684424851553,#395d33
 44.83487664086613478, 59.0827194229305,#395d33
 44.83794405040822539, 59.0969926394844,#395d33
 44.84102882235303866, 59.1112621136914,#395d33
 44.84413095213480460, 59.1255278244312,#395d33
 44.84725043516209553, 59.1397897505893,#395d33
 44.85038726681776922, 59.1540478710565,#395d33
 44.85354144245901864, 59.1683021647296,#395d33
 44.85671295741735776, 59.1825526105109,#395d33
 44.85990180699864993, 59.1967991873082,#395d33
 44.86310798648308662, 59.2110418740354,#395d33
 44.86633149112522290, 59.2252806496119,#395d33
 44.86957231615396324, 59.2395154929629,#395d33
 44.87283045677257576, 59.2537463830195,#395d33
 44.87610590815870637, 59.2679732987187,#395d33
 44.87939866546437173, 59.2821962190033,#395d33
 44.88270872381598053, 59.2964151228219,#395d33
 44.88603607831432640, 59.3106299891293,#395d33
 44.88938072403461632, 59.3248407968861,#395d33
 44.89274265602644221, 59.3390475250590,#395d33
 44.89612186931383775, 59.3532501526206,#395d33
 44.89951835889524290, 59.3674486585497,#395d33
 44.90293211974352516, 59.3816430218311,#395d33
 44.90636314680600094, 59.3958332214559,#395d33
 44.90981143500440709, 59.4100192364212,#395d33
 44.91327697923496487, 59.4242010457304,#395d33
 44.91675977436833733, 59.4383786283929,#395d33
 44.92025981524965061, 59.4525519634247,#395d33
 44.92377709669851527, 59.4667210298479,#395d33
 44.92731161350901203, 59.4808858066909,#395d33
 44.93086336044972740, 59.4950462729885,#395d33
 44.93443233226373934, 59.5092024077817,#395d33
 44.93801852366861738, 59.5233541901183,#395d33
 44.94162192935647226, 59.5375015990523,#395d33
 44.94524254399390628, 59.5516446136440,#395d33
 44.94888036222207006, 59.5657832129606,#395d33
 44.95253537865666260, 59.5799173760754,#395d33
 44.95620758788788152, 59.5940470820687,#395d33
 44.95989698448052962, 59.6081723100271,#395d33
 44.96360356297394389, 59.6222930390440,#395d33
 44.96732731788202386, 59.6364092482192,#395d33
 44.97106824369327427, 59.6505209166596,#395d33
 44.97482633487076242, 59.6646280234784,#395d33
 44.97860158585215373, 59.6787305477957,#395d33
 44.98239399104971881, 59.6928284687386,#395d33
 44.98620354485032635, 59.7069217654408,#395d33
 44.99003024161550002, 59.7210104170428,#395d33
 44.99387407568133312, 59.7350944026921,#395d33
 44.99773504135860946, 59.7491737015430,#395d33
 45.00161313293271803, 59.7632482927569,#395d33
 45.00550834466372407, 59.7773181555020,#395d33
 45.00942067078632647, 59.7913832689536,#395d33
 45.01335010550992877, 59.8054436122939,#395d33
 45.01729664301858946, 59.8194991647123,#395d33
 45.02126027747105041, 59.8335499054053,#395d33
 45.02524100300075816, 59.8475958135765,#395d33
 45.02923881371586390, 59.8616368684365,#395d33
 45.03325370369921643, 59.8756730492032,#395d33
 45.03728566700841185, 59.8897043351018,#395d33
 45.04133469767574383, 59.9037307053646,#395d33
 45.04540078970827466, 59.9177521392313,#395d33
 45.04948393708779975, 59.9317686159488,#395d33
 45.05358413377086180, 59.9457801147714,#395d33
 45.05770137368878636, 59.9597866149607,#395d33
 45.06183565074766761, 59.9737880957858,#395d33
 45.06598695882838257, 59.9877845365232,#395d33
 45.07015529178659108, 60.0017759164567,#395d33
 45.07434064345277847, 60.0157622148778,#395d33
 45.07854300763220579, 60.0297434110855,#395d33
 45.08276237810499509, 60.0437194843863,#395d33
 45.08699874862605839, 60.0576904140942,#395d33
 45.09125211292517577, 60.0716561795309,#395d33
 45.09552246470696701, 60.0856167600259,#395d33
 45.09980979765089160, 60.0995721349159,#395d33
 45.10411410541128419, 60.1135222835459,#395d33
 45.10843538161738309, 60.1274671852683,#395d33
 45.11277361987326628, 60.1414068194432,#395d33
 45.11712881375793671, 60.1553411654387,#395d33
 45.12150095682529383, 60.1692702026306,#395d33
 45.12589004260414072, 60.1831939104026,#395d33
 45.13029606459822674, 60.1971122681463,#395d33
 45.13471901628621197, 60.2110252552613,#395d33
 45.13915889112170987, 60.2249328511549,#395d33
 45.14361568253327306, 60.2388350352426,#395d33
 45.14808938392443594, 60.2527317869479,#395d33
 45.15257998867369338, 60.2666230857022,#395d33
 45.15708749013452206, 60.2805089109450,#395d33
 45.16161188163538043, 60.2943892421241,#395d33
 45.16615315647975848, 60.3082640586953,#395d33
 45.17071130794612088, 60.3221333401224,#395d33
 45.17528632928797094, 60.3359970658777,#395d33
 45.17987821373385060, 60.3498552154414,#395d33
 45.18448695448732622, 60.3637077683022,#395d33
 45.18911254472702410, 60.3775547039571,#395d33
 45.19375497760663052, 60.3913960019111,#395d33
 45.19841424625489879, 60.4052316416780,#395d33
 45.20309034377567770, 60.4190616027796,#395d33
 45.20778326324789020, 60.4328858647462,#395d33
 45.21249299772556185, 60.4467044071167,#395d33
 45.21721954023785628, 60.4605172094383,#395d33
 45.22196288378902551, 60.4743242512666,#395d33
 45.22672302135846678, 60.4881255121661,#395d33
 45.23149994590073675, 60.5019209717094,#395d33
 45.23629365034553018, 60.5157106094781,#395d33
 45.24110412759769417, 60.5294944050621,#395d33
 45.24593137053727077, 60.5432723380601,#395d33
 45.25077537201948985, 60.5570443880794,#395d33
 45.25563612487475496, 60.5708105347362,#395d33
 45.26051362190870009, 60.5845707576551,#395d33
 45.26540785590216132, 60.5983250364698,#395d33
 45.27031881961120519, 60.6120733508226,#395d33
 45.27524650576713583, 60.6258156803647,#395d33
 45.28019090707650918, 60.6395520047562,#395d33
 45.28515201622114716, 60.6532823036659,#395d33
 45.29012982585812352, 60.6670065567717,#395d33
 45.29512432861982063, 60.6807247437605,#395d33
 45.30013551711388686, 60.6944368443279,#395d33
 45.30516338392328635, 60.7081428381788,#395d33
 45.31020792160630606, 60.7218427050271,#395d33
 45.31526912269654872, 60.7355364245955,#395d33
 45.32034697970294701, 60.7492239766162,#395d33
 45.32544148510979198, 60.7629053408301,#395d33
 45.33055263137674018, 60.7765804969876,#395d33
 45.33568041093879231, 60.7902494248482,#395d33
 45.34082481620635718, 60.8039121041805,#395d33
 45.34598583956522333, 60.8175685147626,#395d33
 45.35116347337658027, 60.8312186363814,#395d33
 45.35635770997703986, 60.8448624488337,#395d33
 45.36156854167863628, 60.8584999319253,#395d33
 45.36679596076885446, 60.8721310654714,#395d33
 45.37203995951059454, 60.8857558292965,#395d33
 45.37730053014225717, 60.8993742032348,#395d33
 45.38257766487768663, 60.9129861671299,#395d33
 45.38787135590622057, 60.9265917008345,#395d33
 45.39318159539270425, 60.9401907842114,#395d33
 45.39850837547746210, 60.9537833971325,#395d33
 45.40385168827636164, 60.9673695194796,#395d33
 45.40921152588079224, 60.9809491311437,#395d33
 45.41458788035767924, 60.9945222120259,#395d33
 45.41998074374950534, 61.0080887420366,#395d33
 45.42539010807432476, 61.0216487010962,#395d33
 45.43081596532575617, 61.0352020691345,#395d33
 45.43625830747301819, 61.0487488260913,#395d33
 45.44171712646092942, 61.0622889519161,#395d33
 45.44719241420990841, 61.0758224265683,#395d33
 45.45268416261602340, 61.0893492300169,#395d33
 45.45819236355094972, 61.1028693422412,#395d33
 45.46371700886202660, 61.1163827432299,#395d33
 45.46925809037225719, 61.1298894129820,#395d33
 45.47481559988031563, 61.1433893315063,#395d33
 45.48038952916054711, 61.1568824788216,#395d33
 45.48597986996302467, 61.1703688349569,#395d33
 45.49158661401349946, 61.1838483799510,#395d33
 45.49720975301345050, 61.1973210938529,#395d33
 45.50284927864010598, 61.2107869567217,#395d33
 45.50850518254642907, 61.2242459486266,#395d33
 45.51417745636114631, 61.2376980496471,#395d33
 45.51986609168874764, 61.2511432398728,#395d33
 45.52557108010951481, 61.2645814994035,#395d33
 45.53129241317951426, 61.2780128083493,#395d33
 45.53703008243063266, 61.2914371468305,#395d33
 45.54278407937057693, 61.3048544949780,#395d33
 45.54855439548288132, 61.3182648329327,#395d33
 45.55434102222693582, 61.3316681408460,#395d33
 45.56014395103795778, 61.3450643988799,#395d33
 45.56596317332708423, 61.3584535872064,#395d33
 45.57179868048130800, 61.3718356860085,#395d33
 45.57765046386351315, 61.3852106754793,#395d33
 45.58351851481251060, 61.3985785358224,#395d33
 45.58940282464302385, 61.4119392472523,#395d33
 45.59530338464571741, 61.4252927899939,#395d33
 45.60122018608718975, 61.4386391442825,#395d33
 45.60715322021002294, 61.4519782903643,#395d33
 45.61310247823276143, 61.4653102084961,#395d33
 45.61906795134993331, 61.4786348789455,#395d33
 45.62504963073206454, 61.4919522819905,#395d33
 45.63104750752570737, 61.5052623979203,#395d33
 45.63706157285343323, 61.5185652070345,#395d33
 45.64309181781385405, 61.5318606896437,#395d33
 45.64913823348162225, 61.5451488260694,#395d33
 45.65520081090748050, 61.5584295966438,#395d33
 45.66127954111822618, 61.5717029817102,#395d33
 45.66737441511676820, 61.5849689616226,#395d33
 45.67348542388210575, 61.5982275167462,#395d33
 45.67961255836937084, 61.6114786274570,#395d33
 45.68575580950981418, 61.6247222741421,#395d33
 45.69191516821084065, 61.6379584371997,#395d33
 45.69809062535602351, 61.6511870970390,#395d33
 45.70428217180508312, 61.6644082340802,#395d33
 45.71048979839395088, 61.6776218287550,#395d33
 45.71671349593474076, 61.6908278615058,#395d33
 45.72295325521578491, 61.7040263127865,#395d33
 45.72920906700166199, 61.7172171630622,#395d33
 45.73548092203316173, 61.7304003928090,#395d33
 45.74176881102734171, 61.7435759825147,#395d33
 45.74807272467753450, 61.7567439126780,#395d33
 45.75439265365334762, 61.7699041638092,#395d33
 45.76072858860067072, 61.7830567164298,#395d33
 45.76708052014173234, 61.7962015510728,#395d33
 45.77344843887506443, 61.8093386482827,#395d33
 45.77983233537553076, 61.8224679886152,#395d33
 45.78623220019437667, 61.8355895526376,#395d33
 45.79264802385917221, 61.8487033209289,#395d33
 45.79907979687389741, 61.8618092740793,#395d33
 45.80552750971892095, 61.8749073926909,#395d33
 45.81199115285100731, 61.8879976573772,#395d33
 45.81847071670334515, 61.9010800487632,#395d33
 45.82496619168557572, 61.9141545474860,#395d33
 45.83147756818375740, 61.9272211341938,#395d33
 45.83800483656045088, 61.9402797895470,#395d33
 45.84454798715466950, 61.9533304942175,#395d33
 45.85110701028193603, 61.9663732288890,#395d33
 45.85768189623426139, 61.9794079742570,#395d33
 45.86427263528018727, 61.9924347110289,#395d33
 45.87087921766480036, 62.0054534199238,#395d33
 45.87750163360972522, 62.0184640816728,#395d33
 45.88413987331315980, 62.0314666770189,#395d33
 45.89079392694986836, 62.0444611867170,#395d33
 45.89746378467123122, 62.0574475915341,#395d33
 45.90414943660520919, 62.0704258722489,#395d33
 45.91085087285641464, 62.0833960096524,#395d33
 45.91756808350606889, 62.0963579845476,#395d33
 45.92430105861207323, 62.1093117777495,#395d33
 45.93104978820897344, 62.1222573700852,#395d33
 45.93781426230802367, 62.1351947423941,#395d33
 45.94459447089713677, 62.1481238755275,#395d33
 45.95139040394096952, 62.1610447503493,#395d33
 45.95820205138089420, 62.1739573477351,#395d33
 45.96502940313501995, 62.1868616485732,#395d33
 45.97187244909822113, 62.1997576337640,#395d33
 45.97873117914213736, 62.2126452842201,#395d33
 45.98560558311518776, 62.2255245808667,#395d33
 45.99249565084261349, 62.2383955046411,#395d33
 45.99940137212644231, 62.2512580364931,#395d33
 46.00632273674555961, 62.2641121573851,#395d33
 46.01325973445568707, 62.2769578482915,#395d33
 46.02021235498940399, 62.2897950901997,#395d33
 46.02718058805616863, 62.3026238641093,#395d33
 46.03416442334233238, 62.3154441510324,#395d33
 46.04116385051115401, 62.3282559319938,#395d33
 46.04817885920282095, 62.3410591880309,#395d33
 46.05520943903445641, 62.3538539001935,#395d33
 46.06225557960011230, 62.3666400495445,#395d33
 46.06931727047084735, 62.3794176171589,#395d33
 46.07639450119467028, 62.3921865841248,#395d33
 46.08348726129663220, 62.4049469315429,#395d33
 46.09059554027874839, 62.4176986405267,#395d33
 46.09771932762009783, 62.4304416922024,#395d33
 46.10485861277680186, 62.4431760677092,#395d33
 46.11201338518202419, 62.4559017481988,#395d33
 46.11918363424604195, 62.4686187148361,#395d33
 46.12636934935618171, 62.4813269487988,#395d33
 46.13357051987691193, 62.4940264312775,#395d33
 46.14078713514982155, 62.5067171434757,#395d33
 46.14801918449362006, 62.5193990666100,#395d33
 46.15526665720418009, 62.5320721819099,#395d33
 46.16252954255457297, 62.5447364706180,#395d33
 46.16980782979502607, 62.5573919139900,#395d33
 46.17710150815297965, 62.5700384932945,#395d33
 46.18441056683309398, 62.5826761898135,#395d33
 46.19173499501727065, 62.5953049848419,#395d33
 46.19907478186465966, 62.6079248596879,#395d33
 46.20642991651166653, 62.6205357956730,#395d33
 46.21380038807200918, 62.6331377741317,#395d33
 46.22118618563667525, 62.6457307764119,#395d33
 46.22858729827397894, 62.6583147838747,#395d33
 46.23600371502958239, 62.6708897778947,#395d33
 46.24343542492646719, 62.6834557398596,#395d33
 46.25088241696500546, 62.6960126511706,#395d33
 46.25834468012293854, 62.7085604932423,#395d33
 46.26582220335539830, 62.7210992475027,#395d33
 46.27331497559494267, 62.7336288953933,#395d33
 46.28082298575156273, 62.7461494183689,#395d33
 46.28834622271268273, 62.7586607978980,#395d33
 46.29588467534319562, 62.7711630154626,#395d33
 46.30343833248547014, 62.7836560525582,#395d33
 46.31100718295937924, 62.7961398906939,#395d33
 46.31859121556230718, 62.8086145113925,#395d33
 46.32619041906914958, 62.8210798961903,#395d33
 46.33380478223237731, 62.8335360266373,#395d33
 46.34143429378200096, 62.8459828842973,#395d33
 46.34907894242561355, 62.8584204507478,#395d33
 46.35673871684841174, 62.8708487075800,#395d33
 46.36441360571319592, 62.8832676363989,#395d33
 46.37210359766041279, 62.8956772188232,#395d33
 46.37980868130811984, 62.9080774364857,#395d33
 46.38752884525207776, 62.9204682710328,#395d33
 46.39526407806570063, 62.9328497041249,#395d33
 46.40301436830011284, 62.9452217174363,#395d33
 46.41077970448414192, 62.9575842926552,#395d33
 46.41856007512434701, 62.9699374114839,#395d33
 46.42635546870505436, 62.9822810556386,#395d33
 46.43416587368831472, 62.9946152068495,#395d33
 46.44199127851400988, 63.0069398468608,#395d33
 46.44983167159978166, 63.0192549574310,#395d33
 46.45768704134110294, 63.0315605203324,#395d33
 46.46555737611128478, 63.0438565173518,#395d33
 46.47344266426147641, 63.0561429302898,#395d33
 46.48134289412070075, 63.0684197409614,#395d33
 46.48925805399586864, 63.0806869311958,#395d33
 46.49718813217177882, 63.0929444828362,#395d33
 46.50513311691118190, 63.1051923777405,#395d33
 46.51309299645472350, 63.1174305977805,#395d33
 46.52106775902103664, 63.1296591248425,#395d33
 46.52905739280669906, 63.1418779408271,#395d33
 46.53706188598630433, 63.1540870276493,#395d33
 46.54508122671244053, 63.1662863672385,#395d33
 46.55311540311571861, 63.1784759415386,#395d33
 46.56116440330478667, 63.1906557325077,#395d33
 46.56922821536636548, 63.2028257221186,#395d33
 46.57730682736524130, 63.2149858923587,#395d33
 46.58540022734429442, 63.2271362252296,#395d33
 46.59350840332453458, 63.2392767027477,#395d33
 46.60163134330507262, 63.2514073069440,#395d33
 46.60976903526319859, 63.2635280198641,#395d33
 46.61792146715434626, 63.2756388235680,#395d33
 46.62608862691214995, 63.2877397001307,#395d33
 46.63427050244841610, 63.2998306316417,#395d33
 46.64246708165320854, 63.3119116002053,#395d33
 46.65067835239479876, 63.3239825879405,#395d33
 46.65890430251972987, 63.3360435769811,#395d33
 46.66714491985280233, 63.3480945494756,#395d33
 46.67540019219713088, 63.3601354875876,#395d33
 46.68367010733412314, 63.3721663734952,#395d33
 46.69195465302351522, 63.3841871893916,#395d33
 46.70025381700338585, 63.3961979174849,#395d33
 46.70856758699019196, 63.4081985399980,#395d33
 46.71689595067874734, 63.4201890391688,#395d33
  6.85164654424499631,103.2854384456026,#395d33
  6.83965604507415037,103.2771100819140,#395d33
  6.82765542256106706,103.2687963119272,#395d33
  6.81564469446781551,103.2604971479473,#395d33
  6.80362387857140494,103.2522126022579,#395d33
  6.79159299266379257,103.2439426871209,#395d33
  6.77955205455183396,103.2356874147766,#395d33
  6.76750108205726786,103.2274467974435,#395d33
  6.75544009301667892,103.2192208473186,#395d33
  6.74336910528148969,103.2110095765770,#395d33
  6.73128813671789139,103.2028129973722,#395d33
  6.71919720520688024,103.1946311218360,#395d33
  6.70709632864418204,103.1864639620782,#395d33
  6.69498552494024857,103.1783115301870,#395d33
  6.68286481202023097,103.1701738382289,#395d33
  6.67073420782392290,103.1620508982483,#395d33
  6.65859373030578006,103.1539427222681,#395d33
  6.64644339743486334,103.1458493222890,#395d33
  6.63428322719482733,103.1377707102902,#395d33
  6.62211323758388026,103.1297068982286,#395d33
  6.60993344661477256,103.1216578980395,#395d33
  6.59774387231473725,103.1136237216362,#395d33
  6.58554453272551577,103.1056043809101,#395d33
  6.57333544590329133,103.0975998877305,#395d33
  6.56111662991867384,103.0896102539448,#395d33
  6.54888810285667766,103.0816354913785,#395d33
  6.53664988281669324,103.0736756118350,#395d33
  6.52440198791243375,103.0657306270956,#395d33
  6.51214443627196093,103.0578005489197,#395d33
  6.49987724603761663,103.0498853890445,#395d33
  6.48760043536601216,103.0419851591853,#395d33
  6.47531402242800347,103.0340998710351,#395d33
  6.46301802540863513,103.0262295362649,#395d33
  6.45071246250716079,103.0183741665236,#395d33
  6.43839735193698637,103.0105337734378,#395d33
  6.42607271192565044,103.0027083686121,#395d33
  6.41373856071478965,102.9948979636288,#395d33
  6.40139491656013426,102.9871025700482,#395d33
  6.38904179773143444,102.9793221994079,#395d33
  6.37667922251249131,102.9715568632239,#395d33
  6.36430720920109128,102.9638065729895,#395d33
  6.35192577610899534,102.9560713401759,#395d33
  6.33953494156191155,102.9483511762319,#395d33
  6.32713472389943554,102.9406460925842,#395d33
  6.31472514147507979,102.9329561006370,#395d33
  6.30230621265620883,102.9252812117722,#395d33
  6.28987795582401876,102.9176214373494,#395d33
  6.27744038937351512,102.9099767887058,#395d33
  6.26499353171348705,102.9023472771562,#395d33
  6.25253740126645319,102.8947329139930,#395d33
  6.24007201646868026,102.8871337104861,#395d33
  6.22759739577012539,102.8795496778832,#395d33
  6.21511355763441475,102.8719808274093,#395d33
  6.20262052053882762,102.8644271702670,#395d33
  6.19011830297422883,102.8568887176365,#395d33
  6.17760692344510165,102.8493654806754,#395d33
  6.16508640046947676,102.8418574705187,#395d33
  6.15255675257892243,102.8343646982792,#395d33
  6.14001799831851081,102.8268871750467,#395d33
  6.12747015624680103,102.8194249118888,#395d33
  6.11491324493577437,102.8119779198503,#395d33
  6.10234728297086537,102.8045462099534,#395d33
  6.08977228895089606,102.7971297931978,#395d33
  6.07718828148805201,102.7897286805605,#395d33
  6.06459527920786368,102.7823428829958,#395d33
  6.05199330074918418,102.7749724114355,#395d33
  6.03938236476412094,102.7676172767885,#395d33
  6.02676248991807206,102.7602774899411,#395d33
  6.01413369488965088,102.7529530617569,#395d33
  6.00149599837067882,102.7456440030768,#395d33
  5.98884941906615964,102.7383503247188,#395d33
  5.97619397569421373,102.7310720374784,#395d33
  5.96352968698611363,102.7238091521280,#395d33
  5.95085657168621385,102.7165616794174,#395d33
  5.93817464855192867,102.7093296300736,#395d33
  5.92548393635371440,102.7021130148007,#395d33
  5.91278445387504181,102.6949118442800,#395d33
  5.90007621991233577,102.6877261291698,#395d33
  5.88735925327500187,102.6805558801058,#395d33
  5.87463357278536158,102.6734011077006,#395d33
  5.86189919727863362,102.6662618225439,#395d33
  5.84915614560291708,102.6591380352025,#395d33
  5.83640443661912212,102.6520297562204,#395d33
  5.82364408920100196,102.6449369961185,#395d33
  5.81087512223508451,102.6378597653946,#395d33
  5.79809755462065901,102.6307980745239,#395d33
  5.78531140526973964,102.6237519339582,#395d33
  5.77251669310705751,102.6167213541266,#395d33
  5.75971343706998340,102.6097063454350,#395d33
  5.74690165610856596,102.6027069182661,#395d33
  5.73408136918546152,102.5957230829800,#395d33
  5.72125259527591457,102.5887548499132,#395d33
  5.70841535336773287,102.5818022293795,#395d33
  5.69556966246126528,102.5748652316694,#395d33
  5.68271554156933956,102.5679438670502,#395d33
  5.66985300971728723,102.5610381457664,#395d33
  5.65698208594288143,102.5541480780390,#395d33
  5.64410278929631470,102.5472736740659,#395d33
  5.63121513884018121,102.5404149440220,#395d33
  5.61831915364941104,102.5335718980588,#395d33
  5.60541485281130214,102.5267445463047,#395d33
  5.59250225542544754,102.5199328988648,#395d33
  5.57958138060372022,102.5131369658209,#395d33
  5.56665224747024556,102.5063567572318,#395d33
  5.55371487516138185,102.4995922831328,#395d33
  5.54076928282565273,102.4928435535359,#395d33
  5.52781548962377656,102.4861105784299,#395d33
  5.51485351472860152,102.4793933677802,#395d33
  5.50188337732508437,102.4726919315290,#395d33
  5.48890509661027259,102.4660062795950,#395d33
  5.47591869179323965,102.4593364218737,#395d33
  5.46292418209510977,102.4526823682370,#395d33
  5.44992158674899585,102.4460441285335,#395d33
  5.43691092499997541,102.4394217125886,#395d33
  5.42389221610506844,102.4328151302040,#395d33
  5.41086547933321071,102.4262243911581,#395d33
  5.39783073396519786,102.4196495052057,#395d33
  5.38478799929370133,102.4130904820785,#395d33
  5.37173729462321070,102.4065473314842,#395d33
  5.35867863927001054,102.4000200631076,#395d33
  5.34561205256215644,102.3935086866094,#395d33
  5.33253755383944927,102.3870132116271,#395d33
  5.31945516245337302,102.3805336477748,#395d33
  5.30636489776712317,102.3740700046427,#395d33
  5.29326677915553745,102.3676222917977,#395d33
  5.28016082600507808,102.3611905187830,#395d33
  5.26704705771381398,102.3547746951182,#395d33
  5.25392549369135065,102.3483748302993,#395d33
  5.24079615335886295,102.3419909337989,#395d33
  5.22765905614902504,102.3356230150655,#395d33
  5.21451422150599075,102.3292710835245,#395d33
  5.20136166888536877,102.3229351485771,#395d33
  5.18820141775419597,102.3166152196013,#395d33
  5.17503348759088144,102.3103113059511,#395d33
  5.16185789788522253,102.3040234169570,#395d33
  5.14867466813834795,102.2977515619255,#395d33
  5.13548381786269292,102.2914957501396,#395d33
  5.12228536658198230,102.2852559908585,#395d33
  5.10907933383115953,102.2790322933178,#395d33
  5.09586573915642216,102.2728246667289,#395d33
  5.08264460211514724,102.2666331202798,#395d33
  5.06941594227587800,102.2604576631346,#395d33
  5.05617977921829009,102.2542983044336,#395d33
  5.04293613253317297,102.2481550532932,#395d33
  5.02968502182236854,102.2420279188059,#395d33
  5.01642646669878989,102.2359169100406,#395d33
  5.00316048678636172,102.2298220360420,#395d33
  4.98988710171999905,102.2237433058313,#395d33
  4.97660633114558326,102.2176807284054,#395d33
  4.96331819471989988,102.2116343127377,#395d33
  4.95002271211066880,102.2056040677772,#395d33
  4.93671990299646701,102.1995900024495,#395d33
  4.92340978706672061,102.1935921256559,#395d33
  4.91009238402166837,102.1876104462737,#395d33
  4.89676771357234397,102.1816449731566,#395d33
  4.88343579544050943,102.1756957151338,#395d33
  4.87009664935868258,102.1697626810110,#395d33
  4.85675029507007050,102.1638458795695,#395d33
  4.84339675232854816,102.1579453195668,#395d33
  4.83003604089862915,102.1520610097363,#395d33
  4.81666818055545054,102.1461929587873,#395d33
  4.80329319108469655,102.1403411754051,#395d33
  4.78991109228263756,102.1345056682509,#395d33
  4.77652190395605203,102.1286864459618,#395d33
  4.76312564592221577,102.1228835171507,#395d33
  4.74972233800887356,102.1170968904067,#395d33
  4.73631200005417963,102.1113265742944,#395d33
  4.72289465190671987,102.1055725773544,#395d33
  4.70947031342544875,102.0998349081033,#395d33
  4.69603900447966360,102.0941135750333,#395d33
  4.68260074494898149,102.0884085866125,#395d33
  4.66915555472331523,102.0827199512849,#395d33
  4.65570345370280858,102.0770476774702,#395d33
  4.64224446179786021,102.0713917735639,#395d33
  4.62877859892906152,102.0657522479373,#395d33
  4.61530588502716999,102.0601291089373,#395d33
  4.60182634003309587,102.0545223648868,#395d33
  4.58833998389783027,102.0489320240844,#395d33
  4.57484683658247260,102.0433580948041,#395d33
  4.56134691805816672,102.0378005852961,#395d33
  4.54784024830607780,102.0322595037858,#395d33
  4.53432684731736302,102.0267348584748,#395d33
  4.52080673509315289,102.0212266575398,#395d33
  4.50727993164447938,102.0157349091337,#395d33
  4.49374645699231223,102.0102596213847,#395d33
  4.48020633116748002,102.0048008023968,#395d33
  4.46665957421066029,101.9993584602496,#395d33
  4.45310620617235209,101.9939326029981,#395d33
  4.43954624711281198,101.9885232386733,#395d33
  4.42597971710207894,101.9831303752815,#395d33
  4.41240663621991036,101.9777540208046,#395d33
  4.39882702455575814,101.9723941832002,#395d33
  4.38524090220874108,101.9670508704013,#395d33
  4.37164828928762184,101.9617240903165,#395d33
  4.35804920591074474,101.9564138508300,#395d33
  4.34444367220605621,101.9511201598015,#395d33
  4.33083170831104347,101.9458430250661,#395d33
  4.31721333437270793,101.9405824544344,#395d33
  4.30358857054753940,101.9353384556927,#395d33
  4.28995743700149657,101.9301110366024,#395d33
  4.27631995390993502,101.9249002049008,#395d33
  4.26267614145763751,101.9197059683004,#395d33
  4.24902601983874728,101.9145283344890,#395d33
  4.23536960925674233,101.9093673111302,#395d33
  4.22170692992442209,101.9042229058626,#395d33
  4.20803800206383283,101.8990951263005,#395d33
  4.19436284590629782,101.8939839800336,#395d33
  4.18068148169235254,101.8888894746268,#395d33
  4.16699392967171800,101.8838116176204,#395d33
  4.15330021010327322,101.8787504165301,#395d33
  4.13960034325503923,101.8737058788471,#395d33
  4.12589434940410271,101.8686780120377,#395d33
  4.11218224883664885,101.8636668235436,#395d33
  4.09846406184789380,101.8586723207819,#395d33
  4.08473980874205900,101.8536945111450,#395d33
  4.07100950983234622,101.8487334020003,#395d33
  4.05727318544091542,101.8437890006909,#395d33
  4.04353085589881545,101.8388613145350,#395d33
  4.02978254154601245,101.8339503508260,#395d33
  4.01602826273132063,101.8290561168325,#395d33
  4.00226803981238088,101.8241786197986,#395d33
  3.98850189315564574,101.8193178669433,#395d33
  3.97472984313630207,101.8144738654611,#395d33
  3.96095191013830528,101.8096466225215,#395d33
  3.94716811455430783,101.8048361452693,#395d33
  3.93337847678564057,101.8000424408245,#395d33
  3.91958301724228964,101.7952655162823,#395d33
  3.90578175634282942,101.7905053787128,#395d33
  3.89197471451445054,101.7857620351617,#395d33
  3.87816191219288831,101.7810354926494,#395d33
  3.86434336982240634,101.7763257581717,#395d33
  3.85051910785576323,101.7716328386995,#395d33
  3.83668914675419304,101.7669567411787,#395d33
  3.82285350698733506,101.7622974725304,#395d33
  3.80901220903326365,101.7576550396508,#395d33
  3.79516527337841802,101.7530294494111,#395d33
  3.78131272051758049,101.7484207086576,#395d33
  3.76745457095384984,101.7438288242118,#395d33
  3.75359084519861597,101.7392538028699,#395d33
  3.73972156377149378,101.7346956514036,#395d33
  3.72584674720034936,101.7301543765592,#395d33
  3.71196641602123378,101.7256299850583,#395d33
  3.69808059077835871,101.7211224835975,#395d33
  3.68418929202407686,101.7166318788482,#395d33
  3.67029254031881358,101.7121581774571,#395d33
  3.65639035623109487,101.7077013860455,#395d33
  3.64248276033747675,101.7032615112100,#395d33
  3.62856977322252661,101.6988385595220,#395d33
  3.61465141547878810,101.6944325375279,#395d33
  3.60072770770676787,101.6900434517491,#395d33
  3.58679867051485779,101.6856713086817,#395d33
  3.57286432451937142,101.6813161147971,#395d33
  3.55892469034446446,101.6769778765412,#395d33
  3.54497978862212593,101.6726566003351,#395d33
  3.53102963999213681,101.6683522925747,#395d33
  3.51707426510205634,101.6640649596308,#395d33
  3.50311368460714689,101.6597946078490,#395d33
  3.48914791917040779,101.6555412435499,#395d33
  3.47517698946250064,101.6513048730288,#395d33
  3.46120091616173431,101.6470855025560,#395d33
  3.44721971995403553,101.6428831383766,#395d33
  3.43323342153288724,101.6386977867104,#395d33
  3.41924204159935297,101.6345294537522,#395d33
  3.40524560086200623,101.6303781456715,#395d33
  3.39124412003691411,101.6262438686126,#395d33
  3.37723761984760973,101.6221266286947,#395d33
  3.36322612102502738,101.6180264320116,#395d33
  3.34920964430753010,101.6139432846321,#395d33
  3.33518821044083813,101.6098771925996,#395d33
  3.32116184017800808,101.6058281619322,#395d33
  3.30713055427940406,101.6017961986230,#395d33
  3.29309437351267587,101.5977813086397,#395d33
  3.27905331865268623,101.5937834979246,#395d33
  3.26500741048154364,101.5898027723948,#395d33
  3.25095666978853082,101.5858391379424,#395d33
  3.23690111737008124,101.5818926004337,#395d33
  3.22284077402975067,101.5779631657101,#395d33
  3.20877566057819630,101.5740508395875,#395d33
  3.19470579783310527,101.5701556278565,#395d33
  3.18063120661922483,101.5662775362824,#395d33
  3.16655190776828910,101.5624165706051,#395d33
  3.15246792211900217,101.5585727365393,#395d33
  3.13837927051701371,101.5547460397741,#395d33
  3.12428597381484874,101.5509364859735,#395d33
  3.11018805287193967,101.5471440807760,#395d33
  3.09608552855455077,101.5433688297946,#395d33
  3.08197842173576131,101.5396107386171,#395d33
  3.06786675329543312,101.5358698128058,#395d33
  3.05375054412018887,101.5321460578977,#395d33
  3.03962981510334274,101.5284394794043,#395d33
  3.02550458714492709,101.5247500828117,#395d33
  3.01137488115162544,101.5210778735805,#395d33
  2.99724071803674841,101.5174228571459,#395d33
  2.98310211872020226,101.5137850389177,#395d33
  2.96895910412847153,101.5101644242803,#395d33
  2.95481169519454312,101.5065610185924,#395d33
  2.94065991285794048,101.5029748271875,#395d33
  2.92650377806464856,101.4994058553735,#395d33
  2.91234331176709516,101.4958541084328,#395d33
  2.89817853492412869,101.4923195916223,#395d33
  2.88400946850094719,101.4888023101735,#395d33
  2.86983613346912891,101.4853022692921,#395d33
  2.85565855080655906,101.4818194741588,#395d33
  2.84147674149740936,101.4783539299282,#395d33
  2.82729072653211988,101.4749056417298,#395d33
  2.81310052690732171,101.4714746146673,#395d33
  2.79890616362587163,101.4680608538191,#395d33
  2.78470765769678019,101.4646643642376,#395d33
  2.77050503013518723,101.4612851509502,#395d33
  2.75629830196233394,101.4579232189584,#395d33
  2.74208749420554199,101.4545785732381,#395d33
  2.72787262789813845,101.4512512187398,#395d33
  2.71365372407948957,101.4479411603882,#395d33
  2.69943080379492706,101.4446484030825,#395d33
  2.68520388809572763,101.4413729516964,#395d33
  2.67097299803908106,101.4381148110778,#395d33
  2.65673815468806973,101.4348739860490,#395d33
  2.64249937911159716,101.4316504814069,#395d33
  2.62825669238441684,101.4284443019225,#395d33
  2.61401011558706209,101.4252554523412,#395d33
  2.59975966980582207,101.4220839373828,#395d33
  2.58550537613272446,101.4189297617416,#395d33
  2.57124725566546086,101.4157929300859,#395d33
  2.55698532950741741,101.4126734470586,#395d33
  2.54271961876760244,101.4095713172768,#395d33
  2.52845014456062689,101.4064865453320,#395d33
  2.51417692800667103,101.4034191357899,#395d33
  2.49989999023146492,101.4003690931906,#395d33
  2.48561935236621512,101.3973364220484,#395d33
  2.47133503554763578,101.3943211268520,#395d33
  2.45704706091787628,101.3913232120643,#395d33
  2.44275544962449986,101.3883426821225,#395d33
  2.42846022282045126,101.3853795414381,#395d33
  2.41416140166403892,101.3824337943967,#395d33
  2.39985900731885771,101.3795054453584,#395d33
  2.38555306095382491,101.3765944986575,#395d33
  2.37124358374310162,101.3737009586023,#395d33
  2.35693059686607853,101.3708248294756,#395d33
  2.34261412150734838,101.3679661155344,#395d33
  2.32829417885663803,101.3651248210099,#395d33
  2.31397079010883555,101.3623009501073,#395d33
  2.29964397646392138,101.3594945070063,#395d33
  2.28531375912694257,101.3567054958608,#395d33
  2.27098015930798658,101.3539339207987,#395d33
  2.25664319822215553,101.3511797859221,#395d33
  2.24230289708949737,101.3484430953076,#395d33
  2.22795927713503250,101.3457238530056,#395d33
  2.21361235958868452,101.3430220630409,#395d33
  2.19926216568525801,101.3403377294124,#395d33
  2.18490871666441677,101.3376708560932,#395d33
  2.17055203377061101,101.3350214470304,#395d33
  2.15619213825310885,101.3323895061456,#395d33
  2.14182905136592350,101.3297750373341,#395d33
  2.12746279436779107,101.3271780444657,#395d33
  2.11309338852213946,101.3245985313841,#395d33
  2.09872085509706885,101.3220365019073,#395d33
  2.08434521536527573,101.3194919598273,#395d33
  2.06996649060408666,101.3169649089104,#395d33
  2.05558470209538324,101.3144553528966,#395d33
  2.04119987112558210,101.3119632955006,#395d33
  2.02681201898561358,101.3094887404106,#395d33
  2.01242116697084672,101.3070316912894,#395d33
  1.99802733638112517,101.3045921517736,#395d33
  1.98363054852068732,101.3021701254738,#395d33
  1.96923082469815069,101.2997656159750,#395d33
  1.95482818622647780,101.2973786268361,#395d33
  1.94042265442295525,101.2950091615900,#395d33
  1.92601425060912113,101.2926572237438,#395d33
  1.91160299611079543,101.2903228167785,#395d33
  1.89718891225800701,101.2880059441494,#395d33
  1.88277202038497293,101.2857066092855,#395d33
  1.86835234183006560,101.2834248155901,#395d33
  1.85392989793579277,101.2811605664406,#395d33
  1.83950471004872429,101.2789138651881,#395d33
  1.82507679951952184,101.2766847151581,#395d33
  1.81064618770286678,101.2744731196498,#395d33
  1.79621289595743927,101.2722790819368,#395d33
  1.78177694564589562,101.2701026052662,#395d33
  1.76733835813479612,101.2679436928596,#395d33
  1.75289715479463526,101.2658023479124,#395d33
  1.73845335699976955,101.2636785735938,#395d33
  1.72400698612839465,101.2615723730474,#395d33
  1.70955806356251561,101.2594837493905,#395d33
  1.69510661068792379,101.2574127057144,#395d33
  1.68065264889412513,101.2553592450845,#395d33
  1.66619619957436926,101.2533233705402,#395d33
  1.65173728412557796,101.2513050850946,#395d33
  1.63727592394832300,101.2493043917351,#395d33
  1.62281214044679478,101.2473212934229,#395d33
  1.60834595502877975,101.2453557930931,#395d33
  1.59387738910558996,101.2434078936549,#395d33
  1.57940646409209018,101.2414775979914,#395d33
  1.56493320140662862,101.2395649089595,#395d33
  1.55045762247101093,101.2376698293903,#395d33
  1.53597974871048359,101.2357923620886,#395d33
  1.52149960155365749,101.2339325098332,#395d33
  1.50701720243253900,101.2320902753770,#395d33
  1.49253257278245877,101.2302656614466,#395d33
  1.47804573404204742,101.2284586707426,#395d33
  1.46355670765321655,101.2266693059395,#395d33
  1.44906551506108383,101.2248975696858,#395d33
  1.43457217771400458,101.2231434646038,#395d33
  1.42007671706349803,101.2214069932897,#395d33
  1.40557915456422644,101.2196881583137,#395d33
  1.39107951167396293,101.2179869622198,#395d33
  1.37657780985357014,101.2163034075260,#395d33
  1.36207407056692631,101.2146374967240,#395d33
  1.34756831528095744,101.2129892322796,#395d33
  1.33306056546556295,101.2113586166324,#395d33
  1.31855084259359323,101.2097456521958,#395d33
  1.30403916814082055,101.2081503413572,#395d33
  1.28952556358591508,101.2065726864778,#395d33
  1.27501005041037274,101.2050126898926,#395d33
  1.26049265009854561,101.2034703539107,#395d33
  1.24597338413756842,101.2019456808148,#395d33
  1.23145227401733792,101.2004386728615,#395d33
  1.21692934123048957,101.1989493322815,#395d33
  1.20240460727232645,101.1974776612790,#395d33
  1.18787809364084795,101.1960236620322,#395d33
  1.17334982183667780,101.1945873366933,#395d33
  1.15881981336304163,101.1931686873881,#395d33
  1.14428808972574592,101.1917677162164,#395d33
  1.12975467243310446,101.1903844252517,#395d33
  1.11521958299596924,101.1890188165415,#395d33
  1.10068284292765695,101.1876708921069,#395d33
  1.08614447374392675,101.1863406539430,#395d33
  1.07160449696294968,101.1850281040188,#395d33
  1.05706293410527574,101.1837332442768,#395d33
  1.04251980669381350,101.1824560766337,#395d33
  1.02797513625375503,101.1811966029797,#395d33
  1.01342894431260810,101.1799548251789,#395d33
  0.99888125240012182,101.1787307450695,#395d33
  0.98433208204826583,101.1775243644630,#395d33
  0.96978145479120814,101.1763356851450,#395d33
  0.95522939216524128,101.1751647088750,#395d33
  0.94067591570881404,101.1740114373860,#395d33
  0.92612104696245789,101.1728758723851,#395d33
  0.91156480746876456,101.1717580155529,#395d33
  0.89700721877236467,101.1706578685440,#395d33
  0.88244830241985484,101.1695754329867,#395d33
  0.86788807995982831,101.1685107104832,#395d33
  0.85332657294280034,101.1674637026092,#395d33
  0.83876380292118835,101.1664344109146,#395d33
  0.82419979144927868,101.1654228369227,#395d33
  0.80963456008320533,101.1644289821307,#395d33
  0.79506813038087687,101.1634528480098,#395d33
  0.78050052390200675,101.1624944360045,#395d33
  0.76593176220803960,101.1615537475335,#395d33
  0.75136186686213025,101.1606307839891,#395d33
  0.73679085942911116,101.1597255467374,#395d33
  0.72221876147547137,101.1588380371181,#395d33
  0.70764559456928233,101.1579682564450,#395d33
  0.69307138028022908,101.1571162060053,#395d33
  0.67849614017953686,101.1562818870602,#395d33
  0.66391989583994870,101.1554653008445,#395d33
  0.64934266883570513,101.1546664485668,#395d33
  0.63476448074246861,101.1538853314096,#395d33
  0.62018535313735668,101.1531219505290,#395d33
  0.60560530759886610,101.1523763070549,#395d33
  0.59102436570685279,101.1516484020907,#395d33
  0.57644254904249936,101.1509382367141,#395d33
  0.56185987918829328,101.1502458119760,#395d33
  0.54727637772795357,101.1495711289013,#395d33
  0.53269206624646148,101.1489141884885,#395d33
  0.51810696632998687,101.1482749917102,#395d33
  0.50352109956586655,101.1476535395122,#395d33
  0.48893448754257218,101.1470498328144,#395d33
  0.47434715184968901,101.1464638725104,#395d33
  0.45975911407784187,101.1458956594675,#395d33
  0.44517039581872619,101.1453451945266,#395d33
  0.43058101866503440,101.1448124785024,#395d33
  0.41599100421043372,101.1442975121835,#395d33
  0.40140037404954565,101.1438002963321,#395d33
  0.38680914977787084,101.1433208316841,#395d33
  0.37221735299182124,101.1428591189491,#395d33
  0.35762500528864566,101.1424151588105,#395d33
  0.34303212826640811,101.1419889519254,#395d33
  0.32843874352396696,101.1415804989247,#395d33
  0.31384487266089978,101.1411898004128,#395d33
  0.29925053727753587,101.1408168569682,#395d33
  0.28465575897488127,101.1404616691426,#395d33
  0.27006055935459766,101.1401242374620,#395d33
  0.25546496001897023,101.1398045624256,#395d33
  0.24086898257087591,101.1395026445067,#395d33
  0.22627264861376178,101.1392184841521,#395d33
  0.21167597975157076,101.1389520817824,#395d33
  0.19707899758877323,101.1387034377920,#395d33
  0.18248172373029289,101.1384725525487,#395d33
  0.16788417978148498,101.1382594263944,#395d33
  0.15328638734811526,101.1380640596444,#395d33
  0.13868836803628520,101.1378864525881,#395d33
  0.12409014345246414,101.1377266054881,#395d33
  0.10949173520341457,101.1375845185812,#395d33
  0.09489316489617078,101.1374601920776,#395d33
  0.08029445413801758,101.1373536261614,#395d33
  0.06569562453641575,101.1372648209902,#395d33
  0.05109669769903387,101.1371937766955,#395d33
  0.03649769523367382,101.1371404933825,#395d33
  0.02189863874824941,101.1371049711300,#395d33
  0.00729954985075440,101.1370872099907,#395d33
 -0.00729954985075881,101.1370872099907,#395d33
 -0.02189863874825382,101.1371049711300,#395d33
 -0.03649769523367823,101.1371404933825,#395d33
 -0.05109669769903828,101.1371937766955,#395d33
 -0.06569562453642017,101.1372648209902,#395d33
 -0.08029445413802200,101.1373536261614,#395d33
 -0.09489316489617516,101.1374601920776,#395d33
 -0.10949173520341898,101.1375845185812,#395d33
 -0.12409014345246855,101.1377266054881,#395d33
 -0.13868836803628959,101.1378864525881,#395d33
 -0.15328638734811964,101.1380640596444,#395d33
 -0.16788417978148940,101.1382594263944,#395d33
 -0.18248172373029731,101.1384725525487,#395d33
 -0.19707899758877767,101.1387034377920,#395d33
 -0.21167597975157512,101.1389520817824,#395d33
 -0.22627264861376623,101.1392184841521,#395d33
 -0.24086898257088035,101.1395026445067,#395d33
 -0.25546496001897467,101.1398045624256,#395d33
 -0.27006055935460205,101.1401242374620,#395d33
 -0.28465575897488571,101.1404616691426,#395d33
 -0.29925053727754025,101.1408168569682,#395d33
 -0.31384487266090416,101.1411898004128,#395d33
 -0.32843874352397134,101.1415804989247,#395d33
 -0.34303212826641255,101.1419889519254,#395d33
 -0.35762500528865004,101.1424151588105,#395d33
 -0.37221735299182568,101.1428591189491,#395d33
 -0.38680914977787523,101.1433208316841,#395d33
 -0.40140037404955009,101.1438002963321,#395d33
 -0.41599100421043811,101.1442975121835,#395d33
 -0.43058101866503873,101.1448124785024,#395d33
 -0.44517039581873064,101.1453451945266,#395d33
 -0.45975911407784625,101.1458956594675,#395d33
 -0.47434715184969345,101.1464638725104,#395d33
 -0.48893448754257651,101.1470498328144,#395d33
 -0.50352109956587099,101.1476535395122,#395d33
 -0.51810696632999131,101.1482749917102,#395d33
 -0.53269206624646592,101.1489141884885,#395d33
 -0.54727637772795790,101.1495711289013,#395d33
 -0.56185987918829761,101.1502458119760,#395d33
 -0.57644254904250369,101.1509382367141,#395d33
 -0.59102436570685724,101.1516484020907,#395d33
 -0.60560530759887055,101.1523763070549,#395d33
 -0.62018535313736101,101.1531219505290,#395d33
 -0.63476448074247305,101.1538853314096,#395d33
 -0.64934266883570946,101.1546664485668,#395d33
 -0.66391989583995314,101.1554653008445,#395d33
 -0.67849614017954119,101.1562818870602,#395d33
 -0.69307138028023341,101.1571162060053,#395d33
 -0.70764559456928655,101.1579682564450,#395d33
 -0.72221876147547581,101.1588380371181,#395d33
 -0.73679085942911560,101.1597255467374,#395d33
 -0.75136186686213480,101.1606307839891,#395d33
 -0.76593176220804415,101.1615537475335,#395d33
 -0.78050052390201108,101.1624944360045,#395d33
 -0.79506813038088131,101.1634528480098,#395d33
 -0.80963456008319912,101.1644289821307,#395d33
 -0.82419979144928290,101.1654228369227,#395d33
 -0.83876380292119279,101.1664344109146,#395d33
 -0.85332657294280478,101.1674637026093,#395d33
 -0.86788807995983253,101.1685107104832,#395d33
 -0.88244830241985928,101.1695754329867,#395d33
 -0.89700721877236900,101.1706578685440,#395d33
 -0.91156480746876878,101.1717580155529,#395d33
 -0.92612104696246245,101.1728758723851,#395d33
 -0.94067591570881859,101.1740114373860,#395d33
 -0.95522939216524549,101.1751647088750,#395d33
 -0.96978145479121247,101.1763356851450,#395d33
 -0.98433208204827038,101.1775243644630,#395d33
 -0.99888125240012637,101.1787307450695,#395d33
 -1.01342894431261255,101.1799548251789,#395d33
 -1.02797513625375947,101.1811966029797,#395d33
 -1.04251980669381794,101.1824560766337,#395d33
 -1.05706293410528041,101.1837332442768,#395d33
 -1.07160449696295412,101.1850281040188,#395d33
 -1.08614447374393119,101.1863406539430,#395d33
 -1.10068284292766139,101.1876708921069,#395d33
 -1.11521958299597346,101.1890188165415,#395d33
 -1.12975467243310868,101.1903844252517,#395d33
 -1.14428808972573948,101.1917677162164,#395d33
 -1.15881981336304585,101.1931686873881,#395d33
 -1.17334982183668202,101.1945873366933,#395d33
 -1.18787809364085239,101.1960236620322,#395d33
 -1.20240460727233067,101.1974776612790,#395d33
 -1.21692934123049401,101.1989493322815,#395d33
 -1.23145227401734214,101.2004386728615,#395d33
 -1.24597338413757308,101.2019456808148,#395d33
 -1.26049265009854983,101.2034703539107,#395d33
 -1.27501005041037718,101.2050126898926,#395d33
 -1.28952556358591952,101.2065726864778,#395d33
 -1.30403916814082477,101.2081503413572,#395d33
 -1.31855084259359767,101.2097456521958,#395d33
 -1.33306056546556717,101.2113586166324,#395d33
 -1.34756831528096188,101.2129892322796,#395d33
 -1.36207407056693075,101.2146374967240,#395d33
 -1.37657780985356371,101.2163034075260,#395d33
 -1.39107951167396715,101.2179869622198,#395d33
 -1.40557915456423088,101.2196881583137,#395d33
 -1.42007671706350225,101.2214069932897,#395d33
 -1.43457217771400880,101.2231434646038,#395d33
 -1.44906551506108805,101.2248975696858,#395d33
 -1.46355670765322099,101.2266693059395,#395d33
 -1.47804573404205186,101.2284586707426,#395d33
 -1.49253257278246299,101.2302656614466,#395d33
 -1.50701720243254345,101.2320902753770,#395d33
 -1.52149960155366171,101.2339325098333,#395d33
 -1.53597974871048804,101.2357923620886,#395d33
 -1.55045762247101515,101.2376698293903,#395d33
 -1.56493320140663283,101.2395649089595,#395d33
 -1.57940646409209484,101.2414775979914,#395d33
 -1.59387738910559418,101.2434078936549,#395d33
 -1.60834595502878397,101.2453557930931,#395d33
 -1.62281214044679900,101.2473212934229,#395d33
 -1.63727592394832744,101.2493043917351,#395d33
 -1.65173728412558218,101.2513050850946,#395d33
 -1.66619619957437348,101.2533233705402,#395d33
 -1.68065264889412935,101.2553592450845,#395d33
 -1.69510661068792867,101.2574127057144,#395d33
 -1.70955806356252005,101.2594837493905,#395d33
 -1.72400698612839909,101.2615723730474,#395d33
 -1.73845335699977399,101.2636785735938,#395d33
 -1.75289715479463948,101.2658023479124,#395d33
 -1.76733835813480034,101.2679436928596,#395d33
 -1.78177694564589983,101.2701026052662,#395d33
 -1.79621289595744349,101.2722790819368,#395d33
 -1.81064618770287122,101.2744731196498,#395d33
 -1.82507679951952606,101.2766847151581,#395d33
 -1.83950471004872851,101.2789138651881,#395d33
 -1.85392989793579721,101.2811605664406,#395d33
 -1.86835234183006982,101.2834248155901,#395d33
 -1.88277202038497737,101.2857066092855,#395d33
 -1.89718891225801123,101.2880059441494,#395d33
 -1.91160299611079987,101.2903228167785,#395d33
 -1.92601425060912534,101.2926572237438,#395d33
 -1.94042265442295969,101.2950091615900,#395d33
 -1.95482818622648202,101.2973786268361,#395d33
 -1.96923082469815491,101.2997656159750,#395d33
 -1.98363054852069176,101.3021701254738,#395d33
 -1.99802733638112962,101.3045921517736,#395d33
 -2.01242116697085116,101.3070316912894,#395d33
 -2.02681201898561758,101.3094887404106,#395d33
 -2.04119987112558654,101.3119632955006,#395d33
 -2.05558470209538768,101.3144553528966,#395d33
 -2.06996649060409110,101.3169649089104,#395d33
 -2.08434521536528017,101.3194919598273,#395d33
 -2.09872085509707329,101.3220365019073,#395d33
 -2.11309338852214390,101.3245985313841,#395d33
 -2.12746279436779551,101.3271780444657,#395d33
 -2.14182905136592794,101.3297750373341,#395d33
 -2.15619213825311329,101.3323895061456,#395d33
 -2.17055203377061545,101.3350214470304,#395d33
 -2.18490871666441056,101.3376708560932,#395d33
 -2.19926216568526245,101.3403377294124,#395d33
 -2.21361235958868896,101.3430220630409,#395d33
 -2.22795927713503650,101.3457238530056,#395d33
 -2.24230289708950137,101.3484430953076,#395d33
 -2.25664319822215997,101.3511797859221,#395d33
 -2.27098015930800123,101.3539339207987,#395d33
 -2.28531375912694701,101.3567054958608,#395d33
 -2.29964397646392538,101.3594945070063,#395d33
 -2.31397079010883999,101.3623009501073,#395d33
 -2.32829417885664247,101.3651248210099,#395d33
 -2.34261412150735282,101.3679661155344,#395d33
 -2.35693059686608297,101.3708248294757,#395d33
 -2.37124358374310606,101.3737009586023,#395d33
 -2.38555306095382935,101.3765944986575,#395d33
 -2.39985900731886215,101.3795054453584,#395d33
 -2.41416140166404336,101.3824337943967,#395d33
 -2.42846022282045571,101.3853795414381,#395d33
 -2.44275544962450386,101.3883426821225,#395d33
 -2.45704706091788072,101.3913232120643,#395d33
 -2.47133503554764022,101.3943211268520,#395d33
 -2.48561935236621911,101.3973364220484,#395d33
 -2.49989999023146936,101.4003690931906,#395d33
 -2.51417692800667547,101.4034191357899,#395d33
 -2.52845014456063133,101.4064865453320,#395d33
 -2.54271961876760688,101.4095713172768,#395d33
 -2.55698532950742186,101.4126734470586,#395d33
 -2.57124725566546530,101.4157929300859,#395d33
 -2.58550537613272891,101.4189297617416,#395d33
 -2.59975966980582607,101.4220839373828,#395d33
 -2.61401011558706609,101.4252554523412,#395d33
 -2.62825669238442128,101.4284443019225,#395d33
 -2.64249937911160160,101.4316504814069,#395d33
 -2.65673815468807417,101.4348739860490,#395d33
 -2.67097299803908550,101.4381148110778,#395d33
 -2.68520388809573207,101.4413729516964,#395d33
 -2.69943080379493150,101.4446484030825,#395d33
 -2.71365372407949401,101.4479411603882,#395d33
 -2.72787262789814244,101.4512512187398,#395d33
 -2.74208749420553577,101.4545785732381,#395d33
 -2.75629830196233838,101.4579232189584,#395d33
 -2.77050503013519167,101.4612851509502,#395d33
 -2.78470765769678419,101.4646643642376,#395d33
 -2.79890616362587608,101.4680608538191,#395d33
 -2.81310052690732615,101.4714746146673,#395d33
 -2.82729072653212388,101.4749056417298,#395d33
 -2.84147674149741380,101.4783539299282,#395d33
 -2.85565855080656350,101.4818194741588,#395d33
 -2.86983613346913291,101.4853022692921,#395d33
 -2.88400946850095163,101.4888023101735,#395d33
 -2.89817853492413269,101.4923195916223,#395d33
 -2.91234331176709915,101.4958541084328,#395d33
 -2.92650377806465301,101.4994058553735,#395d33
 -2.94065991285794492,101.5029748271875,#395d33
 -2.95481169519454756,101.5065610185924,#395d33
 -2.96895910412847597,101.5101644242803,#395d33
 -2.98310211872020670,101.5137850389177,#395d33
 -2.99724071803675240,101.5174228571459,#395d33
 -3.01137488115162988,101.5210778735805,#395d33
 -3.02550458714493109,101.5247500828117,#395d33
 -3.03962981510334629,101.5284394794043,#395d33
 -3.05375054412019331,101.5321460578977,#395d33
 -3.06786675329543712,101.5358698128058,#395d33
 -3.08197842173576575,101.5396107386171,#395d33
 -3.09608552855455477,101.5433688297946,#395d33
 -3.11018805287194366,101.5471440807760,#395d33
 -3.12428597381485318,101.5509364859735,#395d33
 -3.13837927051701815,101.5547460397741,#395d33
 -3.15246792211900662,101.5585727365393,#395d33
 -3.16655190776829398,101.5624165706051,#395d33
 -3.18063120661922882,101.5662775362824,#395d33
 -3.19470579783310971,101.5701556278565,#395d33
 -3.20877566057820029,101.5740508395875,#395d33
 -3.22284077402975466,101.5779631657101,#395d33
 -3.23690111737008479,101.5818926004337,#395d33
 -3.25095666978853481,101.5858391379424,#395d33
 -3.26500741048154808,101.5898027723948,#395d33
 -3.27905331865269023,101.5937834979246,#395d33
 -3.29309437351266965,101.5977813086397,#395d33
 -3.30713055427940805,101.6017961986230,#395d33
 -3.32116184017801253,101.6058281619322,#395d33
 -3.33518821044084213,101.6098771925996,#395d33
 -3.34920964430753454,101.6139432846321,#395d33
 -3.36322612102503227,101.6180264320116,#395d33
 -3.37723761984761417,101.6221266286947,#395d33
 -3.39124412003691811,101.6262438686126,#395d33
 -3.40524560086201111,101.6303781456715,#395d33
 -3.41924204159935696,101.6345294537522,#395d33
 -3.43323342153289168,101.6386977867104,#395d33
 -3.44721971995403997,101.6428831383766,#395d33
 -3.46120091616173831,101.6470855025560,#395d33
 -3.47517698946250553,101.6513048730288,#395d33
 -3.48914791917041178,101.6555412435499,#395d33
 -3.50311368460715045,101.6597946078490,#395d33
 -3.51707426510206034,101.6640649596308,#395d33
 -3.53102963999214126,101.6683522925747,#395d33
 -3.54497978862213081,101.6726566003351,#395d33
 -3.55892469034446934,101.6769778765412,#395d33
 -3.57286432451937497,101.6813161147971,#395d33
 -3.58679867051486267,101.6856713086817,#395d33
 -3.60072770770677231,101.6900434517491,#395d33
 -3.61465141547879210,101.6944325375279,#395d33
 -3.62856977322253016,101.6988385595220,#395d33
 -3.64248276033748120,101.7032615112100,#395d33
 -3.65639035623109887,101.7077013860455,#395d33
 -3.67029254031881802,101.7121581774571,#395d33
 -3.68418929202408041,101.7166318788482,#395d33
 -3.69808059077836226,101.7211224835975,#395d33
 -3.71196641602123822,101.7256299850583,#395d33
 -3.72584674720035336,101.7301543765592,#395d33
 -3.73972156377149734,101.7346956514036,#395d33
 -3.75359084519861996,101.7392538028699,#395d33
 -3.76745457095385383,101.7438288242118,#395d33
 -3.78131272051758449,101.7484207086576,#395d33
 -3.79516527337842202,101.7530294494111,#395d33
 -3.80901220903326809,101.7576550396508,#395d33
 -3.82285350698733950,101.7622974725304,#395d33
 -3.83668914675418726,101.7669567411787,#395d33
 -3.85051910785576723,101.7716328386995,#395d33
 -3.86434336982241078,101.7763257581717,#395d33
 -3.87816191219289230,101.7810354926494,#395d33
 -3.89197471451445409,101.7857620351617,#395d33
 -3.90578175634283387,101.7905053787128,#395d33
 -3.91958301724229408,101.7952655162823,#395d33
 -3.93337847678564412,101.8000424408245,#395d33
 -3.94716811455431182,101.8048361452693,#395d33
 -3.96095191013830927,101.8096466225215,#395d33
 -3.97472984313630606,101.8144738654611,#395d33
 -3.98850189315565018,101.8193178669433,#395d33
 -4.00226803981238533,101.8241786197986,#395d33
 -4.01602826273132507,101.8290561168325,#395d33
 -4.02978254154601689,101.8339503508260,#395d33
 -4.04353085589882077,101.8388613145350,#395d33
 -4.05727318544091986,101.8437890006909,#395d33
 -4.07100950983235066,101.8487334020003,#395d33
 -4.08473980874206255,101.8536945111450,#395d33
 -4.09846406184789736,101.8586723207819,#395d33
 -4.11218224883665329,101.8636668235436,#395d33
 -4.12589434940410626,101.8686780120377,#395d33
 -4.13960034325504367,101.8737058788471,#395d33
 -4.15330021010327766,101.8787504165301,#395d33
 -4.16699392967172244,101.8838116176204,#395d33
 -4.18068148169235698,101.8888894746268,#395d33
 -4.19436284590630315,101.8939839800336,#395d33
 -4.20803800206383638,101.8990951263005,#395d33
 -4.22170692992442653,101.9042229058626,#395d33
 -4.23536960925674677,101.9093673111302,#395d33
 -4.24902601983875172,101.9145283344890,#395d33
 -4.26267614145764195,101.9197059683004,#395d33
 -4.27631995390993858,101.9249002049009,#395d33
 -4.28995743700150101,101.9301110366024,#395d33
 -4.30358857054754296,101.9353384556927,#395d33
 -4.31721333437271149,101.9405824544344,#395d33
 -4.33083170831104702,101.9458430250661,#395d33
 -4.34444367220606154,101.9511201598015,#395d33
 -4.35804920591074918,101.9564138508300,#395d33
 -4.37164828928762628,101.9617240903165,#395d33
 -4.38524090220874463,101.9670508704013,#395d33
 -4.39882702455576258,101.9723941832002,#395d33
 -4.41240663621991480,101.9777540208046,#395d33
 -4.42597971710208249,101.9831303752815,#395d33
 -4.43954624711281554,101.9885232386733,#395d33
 -4.45310620617235653,101.9939326029981,#395d33
 -4.46665957421066473,101.9993584602496,#395d33
 -4.48020633116748446,102.0048008023968,#395d33
 -4.49374645699231667,102.0102596213847,#395d33
 -4.50727993164448382,102.0157349091337,#395d33
 -4.52080673509315645,102.0212266575398,#395d33
 -4.53432684731736746,102.0267348584748,#395d33
 -4.54784024830608224,102.0322595037858,#395d33
 -4.56134691805817116,102.0378005852961,#395d33
 -4.57484683658247704,102.0433580948041,#395d33
 -4.58833998389783382,102.0489320240844,#395d33
 -4.60182634003309055,102.0545223648868,#395d33
 -4.61530588502717443,102.0601291089373,#395d33
 -4.62877859892906596,102.0657522479373,#395d33
 -4.64224446179786465,102.0713917735639,#395d33
 -4.65570345370281302,102.0770476774702,#395d33
 -4.66915555472330990,102.0827199512849,#395d33
 -4.68260074494899481,102.0884085866126,#395d33
 -4.69603900447966716,102.0941135750333,#395d33
 -4.70947031342545230,102.0998349081033,#395d33
 -4.72289465190672431,102.1055725773544,#395d33
 -4.73631200005418407,102.1113265742944,#395d33
 -4.74972233800887800,102.1170968904067,#395d33
 -4.76312564592221932,102.1228835171507,#395d33
 -4.77652190395605647,102.1286864459618,#395d33
 -4.78991109228264200,102.1345056682509,#395d33
 -4.80329319108470099,102.1403411754051,#395d33
 -4.81666818055545498,102.1461929587873,#395d33
 -4.83003604089863359,102.1520610097363,#395d33
 -4.84339675232855171,102.1579453195668,#395d33
 -4.85675029507007494,102.1638458795695,#395d33
 -4.87009664935868702,102.1697626810110,#395d33
 -4.88343579544051387,102.1756957151338,#395d33
 -4.89676771357233775,102.1816449731566,#395d33
 -4.91009238402168258,102.1876104462737,#395d33
 -4.92340978706672505,102.1935921256559,#395d33
 -4.93671990299647145,102.1995900024495,#395d33
 -4.95002271211067235,102.2056040677772,#395d33
 -4.96331819471990432,102.2116343127377,#395d33
 -4.97660633114558770,102.2176807284054,#395d33
 -4.98988710172000260,102.2237433058313,#395d33
 -5.00316048678636616,102.2298220360420,#395d33
 -5.01642646669879344,102.2359169100406,#395d33
 -5.02968502182237209,102.2420279188059,#395d33
 -5.04293613253317652,102.2481550532932,#395d33
 -5.05617977921829365,102.2542983044336,#395d33
 -5.06941594227588155,102.2604576631346,#395d33
 -5.08264460211515168,102.2666331202798,#395d33
 -5.09586573915642660,102.2728246667289,#395d33
 -5.10907933383116397,102.2790322933178,#395d33
 -5.12228536658197608,102.2852559908585,#395d33
 -5.13548381786269736,102.2914957501396,#395d33
 -5.14867466813835239,102.2977515619255,#395d33
 -5.16185789788522698,102.3040234169570,#395d33
 -5.17503348759088411,102.3103113059511,#395d33
 -5.18820141775420041,102.3166152196013,#395d33
 -5.20136166888538121,102.3229351485771,#395d33
 -5.21451422150599520,102.3292710835245,#395d33
 -5.22765905614902859,102.3356230150655,#395d33
 -5.24079615335886739,102.3419909337989,#395d33
 -5.25392549369135509,102.3483748302993,#395d33
 -5.26704705771381754,102.3547746951182,#395d33
 -5.28016082600508163,102.3611905187830,#395d33
 -5.29326677915554100,102.3676222917977,#395d33
 -5.30636489776712761,102.3740700046427,#395d33
 -5.31945516245337746,102.3805336477748,#395d33
 -5.33253755383945371,102.3870132116271,#395d33
 -5.34561205256215999,102.3935086866094,#395d33
 -5.35867863927001409,102.4000200631076,#395d33
 -5.37173729462321425,102.4065473314843,#395d33
 -5.38478799929370489,102.4130904820785,#395d33
 -5.39783073396520230,102.4196495052057,#395d33
 -5.41086547933320539,102.4262243911581,#395d33
 -5.42389221610508176,102.4328151302040,#395d33
 -5.43691092499997985,102.4394217125886,#395d33
 -5.44992158674899940,102.4460441285335,#395d33
 -5.46292418209511421,102.4526823682370,#395d33
 -5.47591869179324320,102.4593364218737,#395d33
 -5.48890509661027703,102.4660062795950,#395d33
 -5.50188337732508792,102.4726919315290,#395d33
 -5.51485351472860508,102.4793933677802,#395d33
 -5.52781548962378011,102.4861105784299,#395d33
 -5.54076928282565628,102.4928435535359,#395d33
 -5.55371487516138629,102.4995922831328,#395d33
 -5.56665224747024912,102.5063567572318,#395d33
 -5.57958138060372377,102.5131369658209,#395d33
 -5.59250225542545110,102.5199328988648,#395d33
 -5.60541485281130658,102.5267445463047,#395d33
 -5.61831915364941548,102.5335718980588,#395d33
 -5.63121513884017499,102.5404149440220,#395d33
 -5.64410278929631826,102.5472736740659,#395d33
 -5.65698208594288587,102.5541480780390,#395d33
 -5.66985300971729167,102.5610381457664,#395d33
 -5.68271554156934311,102.5679438670502,#395d33
 -5.69556966246126883,102.5748652316694,#395d33
 -5.70841535336774619,102.5818022293795,#395d33
 -5.72125259527591901,102.5887548499132,#395d33
 -5.73408136918546596,102.5957230829800,#395d33
 -5.74690165610857040,102.6027069182661,#395d33
 -5.75971343706998695,102.6097063454350,#395d33
 -5.77251669310706106,102.6167213541266,#395d33
 -5.78531140526974319,102.6237519339583,#395d33
 -5.79809755462066256,102.6307980745239,#395d33
 -5.81087512223508806,102.6378597653947,#395d33
 -5.82364408920100463,102.6449369961185,#395d33
 -5.83640443661912656,102.6520297562204,#395d33
 -5.84915614560291175,102.6591380352025,#395d33
 -5.86189919727863806,102.6662618225439,#395d33
 -5.87463357278536513,102.6734011077006,#395d33
 -5.88735925327500542,102.6805558801058,#395d33
 -5.90007621991233933,102.6877261291698,#395d33
 -5.91278445387503648,102.6949118442800,#395d33
 -5.92548393635372772,102.7021130148007,#395d33
 -5.93817464855193222,102.7093296300736,#395d33
 -5.95085657168621740,102.7165616794174,#395d33
 -5.96352968698611807,102.7238091521280,#395d33
 -5.97619397569421729,102.7310720374784,#395d33
 -5.98884941906616319,102.7383503247188,#395d33
 -6.00149599837068326,102.7456440030768,#395d33
 -6.01413369488965444,102.7529530617569,#395d33
 -6.02676248991807562,102.7602774899411,#395d33
 -6.03938236476412538,102.7676172767885,#395d33
 -6.05199330074918862,102.7749724114355,#395d33
 -6.06459527920786812,102.7823428829958,#395d33
 -6.07718828148805557,102.7897286805605,#395d33
 -6.08977228895089873,102.7971297931978,#395d33
 -6.10234728297086981,102.8045462099534,#395d33
 -6.11491324493577881,102.8119779198503,#395d33
 -6.12747015624679570,102.8194249118888,#395d33
 -6.14001799831851436,102.8268871750467,#395d33
 -6.15255675257892687,102.8343646982792,#395d33
 -6.16508640046948031,102.8418574705187,#395d33
 -6.17760692344510609,102.8493654806754,#395d33
 -6.19011830297423327,102.8568887176365,#395d33
 -6.20262052053883117,102.8644271702670,#395d33
 -6.21511355763441919,102.8719808274093,#395d33
 -6.22759739577012983,102.8795496778832,#395d33
 -6.24007201646868381,102.8871337104861,#395d33
 -6.25253740126645674,102.8947329139930,#395d33
 -6.26499353171349149,102.9023472771562,#395d33
 -6.27744038937351867,102.9099767887058,#395d33
 -6.28987795582402320,102.9176214373494,#395d33
 -6.30230621265621238,102.9252812117722,#395d33
 -6.31472514147508335,102.9329561006370,#395d33
 -6.32713472389943909,102.9406460925842,#395d33
 -6.33953494156190622,102.9483511762319,#395d33
 -6.35192577610899978,102.9560713401759,#395d33
 -6.36430720920109572,102.9638065729895,#395d33
 -6.37667922251249397,102.9715568632239,#395d33
 -6.38904179773143888,102.9793221994079,#395d33
 -6.40139491656012893,102.9871025700482,#395d33
 -6.41373856071480297,102.9948979636289,#395d33
 -6.42607271192565399,103.0027083686121,#395d33
 -6.43839735193699081,103.0105337734378,#395d33
 -6.45071246250716523,103.0183741665236,#395d33
 -6.46301802540863868,103.0262295362649,#395d33
 -6.47531402242800702,103.0340998710351,#395d33
 -6.48760043536601572,103.0419851591853,#395d33
 -6.49987724603762018,103.0498853890445,#395d33
 -6.51214443627196538,103.0578005489197,#395d33
 -6.52440198791243819,103.0657306270956,#395d33
 -6.53664988281669679,103.0736756118350,#395d33
 -6.54888810285668121,103.0816354913785,#395d33
 -6.56111662991867828,103.0896102539448,#395d33
 -6.57333544590329488,103.0975998877305,#395d33
 -6.58554453272551932,103.1056043809101,#395d33
 -6.59774387231474080,103.1136237216362,#395d33
 -6.60993344661476723,103.1216578980395,#395d33
 -6.62211323758389181,103.1297068982286,#395d33
 -6.63428322719483177,103.1377707102902,#395d33
 -6.64644339743486778,103.1458493222890,#395d33
 -6.65859373030578183,103.1539427222681,#395d33
 -6.67073420782392557,103.1620508982483,#395d33
 -6.68286481202023541,103.1701738382289,#395d33
 -6.69498552494025212,103.1783115301870,#395d33
 -6.70709632864418470,103.1864639620782,#395d33
 -6.71919720520688202,103.1946311218360,#395d33
 -6.73128813671789494,103.2028129973722,#395d33
 -6.74336910528149325,103.2110095765770,#395d33
 -6.75544009301668336,103.2192208473186,#395d33
 -6.76750108205727230,103.2274467974435,#395d33
 -6.77955205455183840,103.2356874147766,#395d33
 -6.79159299266379435,103.2439426871209,#395d33
 -6.80362387857140760,103.2522126022579,#395d33
 -6.81564469446781196,103.2604971479473,#395d33
 -6.82765542256106883,103.2687963119272,#395d33
 -6.83965604507415392,103.2771100819140,#395d33
 -6.85164654424499986,103.2854384456026,#395d33
-46.71689595067874023, 63.4201890391688,#395d33
-46.70856758699017774, 63.4081985399980,#395d33
-46.70025381700337874, 63.3961979174849,#395d33
-46.69195465302350101, 63.3841871893916,#395d33
-46.68367010733410893, 63.3721663734952,#395d33
-46.67540019219712377, 63.3601354875876,#395d33
-46.66714491985279523, 63.3480945494756,#395d33
-46.65890430251971566, 63.3360435769811,#395d33
-46.65067835239479166, 63.3239825879405,#395d33
-46.64246708165319433, 63.3119116002053,#395d33
-46.63427050244840899, 63.2998306316417,#395d33
-46.62608862691213574, 63.2877397001307,#395d33
-46.61792146715433915, 63.2756388235680,#395d33
-46.60976903526319148, 63.2635280198641,#395d33
-46.60163134330506551, 63.2514073069440,#395d33
-46.59350840332452037, 63.2392767027477,#395d33
-46.58540022734428732, 63.2271362252296,#395d33
-46.57730682736523420, 63.2149858923587,#395d33
-46.56922821536635837, 63.2028257221186,#395d33
-46.56116440330477957, 63.1906557325077,#395d33
-46.55311540311571150, 63.1784759415386,#395d33
-46.54508122671244053, 63.1662863672385,#395d33
-46.53706188598629723, 63.1540870276493,#395d33
-46.52905739280669195, 63.1418779408271,#395d33
-46.52106775902102243, 63.1296591248425,#395d33
-46.51309299645471640, 63.1174305977805,#395d33
-46.50513311691116769, 63.1051923777405,#395d33
-46.49718813217177171, 63.0929444828362,#395d33
-46.48925805399585443, 63.0806869311958,#395d33
-46.48134289412068654, 63.0684197409614,#395d33
-46.47344266426146930, 63.0561429302898,#395d33
-46.46555737611127768, 63.0438565173518,#395d33
-46.45768704134109583, 63.0315605203324,#395d33
-46.44983167159976745, 63.0192549574310,#395d33
-46.44199127851400277, 63.0069398468608,#395d33
-46.43416587368830761, 62.9946152068495,#395d33
-46.42635546870504015, 62.9822810556386,#395d33
-46.41856007512433990, 62.9699374114839,#395d33
-46.41077970448412771, 62.9575842926552,#395d33
-46.40301436830010573, 62.9452217174363,#395d33
-46.39526407806569352, 62.9328497041249,#395d33
-46.38752884525207065, 62.9204682710328,#395d33
-46.37980868130811274, 62.9080774364857,#395d33
-46.37210359766039858, 62.8956772188232,#395d33
-46.36441360571318882, 62.8832676363989,#395d33
-46.35673871684839753, 62.8708487075800,#395d33
-46.34907894242560644, 62.8584204507478,#395d33
-46.34143429378198675, 62.8459828842973,#395d33
-46.33380478223237020, 62.8335360266373,#395d33
-46.32619041906914248, 62.8210798961903,#395d33
-46.31859121556229297, 62.8086145113925,#395d33
-46.31100718295937213, 62.7961398906939,#395d33
-46.30343833248546304, 62.7836560525582,#395d33
-46.29588467534318852, 62.7711630154626,#395d33
-46.28834622271267563, 62.7586607978980,#395d33
-46.28082298575155562, 62.7461494183689,#395d33
-46.27331497559493556, 62.7336288953933,#395d33
-46.26582220335539120, 62.7210992475027,#395d33
-46.25834468012292433, 62.7085604932423,#395d33
-46.25088241696499836, 62.6960126511706,#395d33
-46.24343542492646009, 62.6834557398596,#395d33
-46.23600371502956818, 62.6708897778947,#395d33
-46.22858729827397184, 62.6583147838747,#395d33
-46.22118618563666814, 62.6457307764119,#395d33
-46.21380038807200208, 62.6331377741317,#395d33
-46.20642991651166653, 62.6205357956730,#395d33
-46.19907478186465255, 62.6079248596879,#395d33
-46.19173499501726354, 62.5953049848419,#395d33
-46.18441056683308688, 62.5826761898135,#395d33
-46.17710150815297254, 62.5700384932945,#395d33
-46.16980782979501896, 62.5573919139900,#395d33
-46.16252954255456586, 62.5447364706180,#395d33
-46.15526665720418009, 62.5320721819099,#395d33
-46.14801918449360585, 62.5193990666100,#395d33
-46.14078713514980734, 62.5067171434757,#395d33
-46.13357051987690483, 62.4940264312775,#395d33
-46.12636934935617461, 62.4813269487988,#395d33
-46.11918363424602774, 62.4686187148361,#395d33
-46.11201338518202419, 62.4559017481988,#395d33
-46.10485861277679476, 62.4431760677092,#395d33
-46.09771932762009072, 62.4304416922024,#395d33
-46.09059554027874128, 62.4176986405267,#395d33
-46.08348726129662509, 62.4049469315429,#395d33
-46.07639450119467028, 62.3921865841248,#395d33
-46.06931727047083314, 62.3794176171589,#395d33
-46.06225557960010519, 62.3666400495445,#395d33
-46.05520943903444220, 62.3538539001935,#395d33
-46.04817885920282095, 62.3410591880309,#395d33
-46.04116385051115401, 62.3282559319938,#395d33
-46.03416442334232528, 62.3154441510324,#395d33
-46.02718058805616153, 62.3026238641093,#395d33
-46.02021235498939689, 62.2897950901997,#395d33
-46.01325973445567996, 62.2769578482915,#395d33
-46.00632273674555250, 62.2641121573851,#395d33
-45.99940137212643521, 62.2512580364931,#395d33
-45.99249565084259928, 62.2383955046411,#395d33
-45.98560558311518065, 62.2255245808667,#395d33
-45.97873117914213026, 62.2126452842201,#395d33
-45.97187244909821402, 62.1997576337640,#395d33
-45.96502940313501284, 62.1868616485732,#395d33
-45.95820205138087999, 62.1739573477351,#395d33
-45.95139040394096241, 62.1610447503493,#395d33
-45.94459447089712967, 62.1481238755275,#395d33
-45.93781426230800946, 62.1351947423941,#395d33
-45.93104978820896633, 62.1222573700852,#395d33
-45.92430105861205902, 62.1093117777495,#395d33
-45.91756808350606178, 62.0963579845476,#395d33
-45.91085087285640043, 62.0833960096524,#395d33
-45.90414943660520208, 62.0704258722489,#395d33
-45.89746378467121701, 62.0574475915341,#395d33
-45.89079392694986126, 62.0444611867170,#395d33
-45.88413987331315269, 62.0314666770189,#395d33
-45.87750163360971811, 62.0184640816728,#395d33
-45.87087921766479326, 62.0054534199238,#395d33
-45.86427263528018017, 61.9924347110289,#395d33
-45.85768189623425428, 61.9794079742570,#395d33
-45.85110701028192892, 61.9663732288890,#395d33
-45.84454798715466950, 61.9533304942175,#395d33
-45.83800483656044378, 61.9402797895470,#395d33
-45.83147756818375029, 61.9272211341938,#395d33
-45.82496619168556151, 61.9141545474860,#395d33
-45.81847071670333804, 61.9010800487633,#395d33
-45.81199115285100021, 61.8879976573772,#395d33
-45.80552750971891385, 61.8749073926909,#395d33
-45.79907979687389741, 61.8618092740793,#395d33
-45.79264802385916511, 61.8487033209289,#395d33
-45.78623220019436246, 61.8355895526376,#395d33
-45.77983233537552366, 61.8224679886152,#395d33
-45.77344843887505021, 61.8093386482827,#395d33
-45.76708052014172523, 61.7962015510728,#395d33
-45.76072858860066361, 61.7830567164298,#395d33
-45.75439265365334052, 61.7699041638092,#395d33
-45.74807272467752739, 61.7567439126780,#395d33
-45.74176881102733461, 61.7435759825147,#395d33
-45.73548092203315463, 61.7304003928090,#395d33
-45.72920906700165489, 61.7172171630622,#395d33
-45.72295325521577780, 61.7040263127865,#395d33
-45.71671349593472655, 61.6908278615058,#395d33
-45.71048979839393667, 61.6776218287550,#395d33
-45.70428217180507602, 61.6644082340802,#395d33
-45.69809062535601640, 61.6511870970390,#395d33
-45.69191516821084065, 61.6379584371997,#395d33
-45.68575580950980708, 61.6247222741421,#395d33
-45.67961255836936374, 61.6114786274570,#395d33
-45.67348542388209864, 61.5982275167462,#395d33
-45.66737441511676110, 61.5849689616226,#395d33
-45.66127954111821907, 61.5717029817102,#395d33
-45.65520081090747340, 61.5584295966438,#395d33
-45.64913823348161515, 61.5451488260694,#395d33
-45.64309181781383984, 61.5318606896437,#395d33
-45.63706157285342613, 61.5185652070345,#395d33
-45.63104750752570027, 61.5052623979203,#395d33
-45.62504963073205033, 61.4919522819905,#395d33
-45.61906795134991910, 61.4786348789455,#395d33
-45.61310247823274722, 61.4653102084961,#395d33
-45.60715322021001583, 61.4519782903643,#395d33
-45.60122018608718264, 61.4386391442825,#395d33
-45.59530338464570320, 61.4252927899939,#395d33
-45.58940282464301674, 61.4119392472524,#395d33
-45.58351851481250350, 61.3985785358224,#395d33
-45.57765046386350605, 61.3852106754793,#395d33
-45.57179868048129379, 61.3718356860085,#395d33
-45.56596317332707713, 61.3584535872064,#395d33
-45.56014395103795067, 61.3450643988799,#395d33
-45.55434102222692161, 61.3316681408460,#395d33
-45.54855439548287421, 61.3182648329327,#395d33
-45.54278407937056983, 61.3048544949780,#395d33
-45.53703008243062555, 61.2914371468305,#395d33
-45.53129241317950715, 61.2780128083493,#395d33
-45.52557108010950060, 61.2645814994035,#395d33
-45.51986609168874054, 61.2511432398728,#395d33
-45.51417745636113921, 61.2376980496471,#395d33
-45.50850518254642196, 61.2242459486266,#395d33
-45.50284927864009887, 61.2107869567217,#395d33
-45.49720975301344339, 61.1973210938529,#395d33
-45.49158661401348525, 61.1838483799510,#395d33
-45.48597986996301756, 61.1703688349569,#395d33
-45.48038952916054711, 61.1568824788216,#395d33
-45.47481559988030142, 61.1433893315063,#395d33
-45.46925809037225008, 61.1298894129820,#395d33
-45.46371700886201950, 61.1163827432299,#395d33
-45.45819236355093551, 61.1028693422412,#395d33
-45.45268416261600919, 61.0893492300170,#395d33
-45.44719241420990130, 61.0758224265683,#395d33
-45.44171712646092232, 61.0622889519161,#395d33
-45.43625830747301109, 61.0487488260913,#395d33
-45.43081596532574906, 61.0352020691345,#395d33
-45.42539010807431765, 61.0216487010962,#395d33
-45.41998074374949823, 61.0080887420366,#395d33
-45.41458788035767213, 60.9945222120259,#395d33
-45.40921152588078513, 60.9809491311437,#395d33
-45.40385168827635454, 60.9673695194796,#395d33
-45.39850837547745499, 60.9537833971326,#395d33
-45.39318159539269004, 60.9401907842114,#395d33
-45.38787135590621347, 60.9265917008345,#395d33
-45.38257766487767242, 60.9129861671299,#395d33
-45.37730053014225007, 60.8993742032348,#395d33
-45.37203995951058744, 60.8857558292965,#395d33
-45.36679596076884025, 60.8721310654714,#395d33
-45.36156854167863628, 60.8584999319253,#395d33
-45.35635770997703275, 60.8448624488337,#395d33
-45.35116347337657317, 60.8312186363814,#395d33
-45.34598583956521622, 60.8175685147626,#395d33
-45.34082481620635008, 60.8039121041806,#395d33
-45.33568041093878520, 60.7902494248482,#395d33
-45.33055263137673307, 60.7765804969876,#395d33
-45.32544148510978488, 60.7629053408301,#395d33
-45.32034697970293990, 60.7492239766162,#395d33
-45.31526912269654161, 60.7355364245955,#395d33
-45.31020792160630606, 60.7218427050271,#395d33
-45.30516338392328635, 60.7081428381788,#395d33
-45.30013551711387265, 60.6944368443279,#395d33
-45.29512432861980642, 60.6807247437605,#395d33
-45.29012982585811642, 60.6670065567717,#395d33
-45.28515201622114006, 60.6532823036659,#395d33
-45.28019090707650207, 60.6395520047562,#395d33
-45.27524650576712872, 60.6258156803647,#395d33
-45.27031881961119808, 60.6120733508226,#395d33
-45.26540785590215421, 60.5983250364698,#395d33
-45.26051362190869298, 60.5845707576551,#395d33
-45.25563612487475496, 60.5708105347362,#395d33
-45.25077537201948275, 60.5570443880794,#395d33
-45.24593137053726366, 60.5432723380601,#395d33
-45.24110412759767996, 60.5294944050621,#395d33
-45.23629365034551597, 60.5157106094781,#395d33
-45.23149994590072964, 60.5019209717095,#395d33
-45.22672302135846678, 60.4881255121661,#395d33
-45.22196288378901841, 60.4743242512666,#395d33
-45.21721954023784917, 60.4605172094383,#395d33
-45.21249299772556185, 60.4467044071167,#395d33
-45.20778326324787599, 60.4328858647462,#395d33
-45.20309034377567059, 60.4190616027796,#395d33
-45.19841424625489168, 60.4052316416780,#395d33
-45.19375497760662341, 60.3913960019111,#395d33
-45.18911254472701700, 60.3775547039571,#395d33
-45.18448695448731911, 60.3637077683022,#395d33
-45.17987821373384349, 60.3498552154414,#395d33
-45.17528632928796384, 60.3359970658777,#395d33
-45.17071130794611378, 60.3221333401224,#395d33
-45.16615315647975137, 60.3082640586953,#395d33
-45.16161188163538043, 60.2943892421242,#395d33
-45.15708749013451495, 60.2805089109450,#395d33
-45.15257998867368627, 60.2666230857022,#395d33
-45.14808938392442883, 60.2527317869479,#395d33
-45.14361568253326595, 60.2388350352426,#395d33
-45.13915889112169566, 60.2249328511549,#395d33
-45.13471901628620486, 60.2110252552613,#395d33
-45.13029606459821963, 60.1971122681463,#395d33
-45.12589004260414072, 60.1831939104026,#395d33
-45.12150095682528672, 60.1692702026306,#395d33
-45.11712881375792961, 60.1553411654387,#395d33
-45.11277361987325918, 60.1414068194432,#395d33
-45.10843538161736888, 60.1274671852683,#395d33
-45.10411410541128419, 60.1135222835459,#395d33
-45.09980979765087739, 60.0995721349160,#395d33
-45.09552246470695991, 60.0856167600259,#395d33
-45.09125211292517577, 60.0716561795310,#395d33
-45.08699874862605839, 60.0576904140942,#395d33
-45.08276237810498799, 60.0437194843863,#395d33
-45.07854300763220579, 60.0297434110855,#395d33
-45.07434064345277136, 60.0157622148778,#395d33
-45.07015529178658397, 60.0017759164567,#395d33
-45.06598695882837546, 59.9877845365232,#395d33
-45.06183565074766051, 59.9737880957858,#395d33
-45.05770137368877926, 59.9597866149607,#395d33
-45.05358413377085469, 59.9457801147714,#395d33
-45.04948393708779264, 59.9317686159488,#395d33
-45.04540078970826755, 59.9177521392313,#395d33
-45.04133469767573672, 59.9037307053646,#395d33
-45.03728566700840474, 59.8897043351018,#395d33
-45.03325370369920932, 59.8756730492032,#395d33
-45.02923881371585679, 59.8616368684365,#395d33
-45.02524100300075105, 59.8475958135765,#395d33
-45.02126027747104331, 59.8335499054053,#395d33
-45.01729664301858236, 59.8194991647123,#395d33
-45.01335010550992166, 59.8054436122939,#395d33
-45.00942067078632647, 59.7913832689536,#395d33
-45.00550834466370986, 59.7773181555020,#395d33
-45.00161313293271093, 59.7632482927569,#395d33
-44.99773504135860236, 59.7491737015430,#395d33
-44.99387407568132602, 59.7350944026921,#395d33
-44.99003024161548581, 59.7210104170428,#395d33
-44.98620354485032635, 59.7069217654408,#395d33
-44.98239399104970460, 59.6928284687387,#395d33
-44.97860158585214663, 59.6787305477957,#395d33
-44.97482633487075532, 59.6646280234784,#395d33
-44.97106824369326716, 59.6505209166596,#395d33
-44.96732731788201676, 59.6364092482192,#395d33
-44.96360356297392968, 59.6222930390440,#395d33
-44.95989698448052252, 59.6081723100272,#395d33
-44.95620758788787441, 59.5940470820687,#395d33
-44.95253537865664839, 59.5799173760754,#395d33
-44.94888036222207006, 59.5657832129606,#395d33
-44.94524254399389918, 59.5516446136440,#395d33
-44.94162192935645805, 59.5375015990523,#395d33
-44.93801852366861027, 59.5233541901183,#395d33
-44.93443233226372513, 59.5092024077817,#395d33
-44.93086336044972029, 59.4950462729885,#395d33
-44.92731161350900493, 59.4808858066909,#395d33
-44.92377709669850105, 59.4667210298479,#395d33
-44.92025981524964351, 59.4525519634248,#395d33
-44.91675977436833023, 59.4383786283929,#395d33
-44.91327697923496487, 59.4242010457304,#395d33
-44.90981143500439998, 59.4100192364212,#395d33
-44.90636314680598673, 59.3958332214559,#395d33
-44.90293211974351806, 59.3816430218311,#395d33
-44.89951835889523579, 59.3674486585497,#395d33
-44.89612186931383064, 59.3532501526206,#395d33
-44.89274265602644221, 59.3390475250590,#395d33
-44.88938072403460922, 59.3248407968861,#395d33
-44.88603607831431930, 59.3106299891293,#395d33
-44.88270872381597343, 59.2964151228219,#395d33
-44.87939866546436463, 59.2821962190033,#395d33
-44.87610590815869926, 59.2679732987187,#395d33
-44.87283045677256865, 59.2537463830195,#395d33
-44.86957231615395614, 59.2395154929629,#395d33
-44.86633149112521579, 59.2252806496119,#395d33
-44.86310798648307951, 59.2110418740354,#395d33
-44.85990180699863572, 59.1967991873082,#395d33
-44.85671295741735065, 59.1825526105109,#395d33
-44.85354144245900443, 59.1683021647296,#395d33
-44.85038726681776211, 59.1540478710565,#395d33
-44.84725043516208842, 59.1397897505893,#395d33
-44.84413095213480460, 59.1255278244312,#395d33
-44.84102882235302445, 59.1112621136914,#395d33
-44.83794405040821829, 59.0969926394844,#395d33
-44.83487664086612767, 59.0827194229305,#395d33
-44.83182659826681515, 59.0684424851553,#395d33
-44.82879392712463584, 59.0541618472900,#395d33
-44.82577863192822321, 59.0398775304714,#395d33
-44.82278071714051038, 59.0255895558417,#395d33
-44.81980018719869463, 59.0112979445483,#395d33
-44.81683704651424449, 58.9970027177443,#395d33
-44.81389129947288552, 58.9827038965878,#395d33
-44.81096295043461453, 58.9684015022427,#395d33
-44.80805200373364983, 58.9540955558776,#395d33
-44.80515846367848809, 58.9397860786669,#395d33
-44.80228233455183329, 58.9254730917899,#395d33
-44.79942362061063221, 58.9111566164311,#395d33
-44.79658232608605317, 58.8968366737804,#395d33
-44.79375845518349308, 58.8825132850326,#395d33
-44.79095201208252774, 58.8681864713877,#395d33
-44.78816300093698288, 58.8538562540508,#395d33
-44.78539142587484889, 58.8395226542318,#395d33
-44.78263729099831636, 58.8251856931460,#395d33
-44.77990060038378317, 58.8108453920133,#395d33
-44.77718135808179056, 58.7965017720588,#395d33
-44.77447956811710128, 58.7821548545125,#395d33
-44.77179523448860010, 58.7678046606091,#395d33
-44.76912836116936489, 58.7534512115882,#395d33
-44.76647895210662398, 58.7390945286944,#395d33
-44.76384701122175613, 58.7247346331769,#395d33
-44.76123254241026928, 58.7103715462897,#395d33
-44.75863554954185020, 58.6960052892916,#395d33
-44.75605603646027930, 58.6816358834459,#395d33
-44.75349400698348745, 58.6672633500209,#395d33
-44.75094946490352044, 58.6528877102891,#395d33
-44.74842241398653897, 58.6385089855279,#395d33
-44.74591285797282580, 58.6241271970192,#395d33
-44.74342080057676441, 58.6097423660494,#395d33
-44.74094624548682475, 58.5953545139094,#395d33
-44.73848919636559884, 58.5809636618946,#395d33
-44.73604965684974388, 58.5665698313049,#395d33
-44.73362763055001778, 58.5521730434445,#395d33
-44.73122312105123655, 58.5377733196220,#395d33
-44.72883613191231689, 58.5233706811503,#395d33
-44.72646666666622650, 58.5089651493468,#395d33
-44.72411472881999828, 58.4945567455329,#395d33
-44.72178032185472318, 58.4801454910346,#395d33
-44.71946344922555028, 58.4657314071818,#395d33
-44.71716411436166538, 58.4513145153088,#395d33
-44.71488232066630530, 58.4368948367539,#395d33
-44.71261807151674361, 58.4224723928596,#395d33
-44.71037137026428354, 58.4080472049725,#395d33
-44.70814222023426510, 58.3936192944433,#395d33
-44.70593062472602242, 58.3791886826267,#395d33
-44.70373658701294772, 58.3647553908812,#395d33
-44.70156011034241317, 58.3503194405697,#395d33
-44.69940119793582056, 58.3358808530586,#395d33
-44.69725985298855875, 58.3214396497184,#395d33
-44.69513607867002492, 58.3069958519236,#395d33
-44.69302987812361039, 58.2925494810522,#395d33
-44.69094125446667931, 58.2781005584863,#395d33
-44.68887021079061128, 58.2636491056117,#395d33
-44.68681675016074450, 58.2491951438179,#395d33
-44.68478087561638290, 58.2347386944982,#395d33
-44.68276259017083163, 58.2202797790494,#395d33
-44.68076189681133314, 58.2058184188721,#395d33
-44.67877879849910983, 58.1913546353706,#395d33
-44.67681329816933555, 58.1768884499526,#395d33
-44.67486539873113571, 58.1624198840294,#395d33
-44.67293510306758719, 58.1479489590159,#395d33
-44.67102241403571838, 58.1334756963304,#395d33
-44.66912733446648076, 58.1190001173948,#395d33
-44.66724986716477019, 58.1045222436343,#395d33
-44.66539001490943406, 58.0900420964775,#395d33
-44.66354778045322149, 58.0755596973563,#395d33
-44.66172316652280472, 58.0610750677063,#395d33
-44.65991617581880746, 58.0465882289659,#395d33
-44.65812681101573389, 58.0320992025770,#395d33
-44.65635507476201127, 58.0176080099849,#395d33
-44.65460096967998282, 58.0031146726378,#395d33
-44.65286449836589355, 57.9886192119873,#395d33
-44.65114566338988311, 57.9741216494880,#395d33
-44.64944446729599292, 57.9596220065978,#395d33
-44.64776091260215907, 57.9451203047774,#395d33
-44.64609500180019808, 57.9306165654907,#395d33
-44.64444673735580693, 57.9161108102048,#395d33
-44.64281612170859148, 57.9016030603894,#395d33
-44.64120315727201671, 57.8870933375174,#395d33
-44.63960784643340673, 57.8725816630646,#395d33
-44.63803019155398744, 57.8580680585097,#395d33
-44.63647019496883672, 57.8435525453342,#395d33
-44.63492785898689164, 57.8290351450224,#395d33
-44.63340318589096256, 57.8145158790614,#395d33
-44.63189617793771191, 57.7999947689411,#395d33
-44.63040683735764702, 57.7854718361543,#395d33
-44.62893516635514146, 57.7709471021961,#395d33
-44.62748116710841373, 57.7564205885647,#395d33
-44.62604484176949882, 57.7418923167605,#395d33
-44.62462619246431927, 57.7273623082868,#395d33
-44.62322522129259994, 57.7128305846495,#395d33
-44.62184193032791768, 57.6982971673569,#395d33
-44.62047632161765875, 57.6837620779198,#395d33
-44.61912839718307566, 57.6692253378515,#395d33
-44.61779815901921609, 57.6546869686677,#395d33
-44.61648560909495131, 57.6401469918868,#395d33
-44.61519074935299045, 57.6256054290291,#395d33
-44.61391358170983779, 57.6110623016176,#395d33
-44.61265410805584253, 57.5965176311776,#395d33
-44.61141233025512776, 57.5819714392364,#395d33
-44.61018825014564726, 57.5674237473239,#395d33
-44.60898186953916422, 57.5528745769721,#395d33
-44.60779319022122991, 57.5383239497150,#395d33
-44.60662221395119786, 57.5237718870890,#395d33
-44.60546894246223104, 57.5092184106326,#395d33
-44.60433337746128046, 57.4946635418863,#395d33
-44.60321552062909234, 57.4801073023926,#395d33
-44.60211537362020096, 57.4655497136962,#395d33
-44.60103293806292868, 57.4509907973437,#395d33
-44.59996821555937174, 57.4364305748836,#395d33
-44.59892120768543577, 57.4218690678666,#395d33
-44.59789191599078606, 57.4073062978450,#395d33
-44.59688034199887596, 57.3927422863731,#395d33
-44.59588648720692561, 57.3781770550070,#395d33
-44.59491035308593609, 57.3636106253047,#395d33
-44.59395194108068949, 57.3490430188258,#395d33
-44.59301125260970622, 57.3344742571318,#395d33
-44.59208828906530897, 57.3199043617859,#395d33
-44.59118305181357300, 57.3053333543529,#395d33
-44.59029554219432612, 57.2907612563993,#395d33
-44.58942576152117709, 57.2761880894931,#395d33
-44.58857371108148016, 57.2616138752040,#395d33
-44.58773939213634208, 57.2470386351033,#395d33
-44.58692280592065060, 57.2324623907638,#395d33
-44.58612395364302472, 57.2178851637595,#395d33
-44.58534283648583596, 57.2033069756663,#395d33
-44.58457945560521551, 57.1887278480612,#395d33
-44.58383381213104002, 57.1741478025227,#395d33
-44.58310590716693866, 57.1595668606307,#395d33
-44.58239574179027187, 57.1449850439663,#395d33
-44.58170331705215261, 57.1304023741121,#395d33
-44.58102863397743931, 57.1158188726518,#395d33
-44.58037169356472873, 57.1012345611703,#395d33
-44.57973249678635597, 57.0866494612538,#395d33
-44.57911104458838025, 57.0720635944897,#395d33
-44.57850733789062758, 57.0574769824664,#395d33
-44.57792137758662676, 57.0428896467735,#395d33
-44.57735316454366625, 57.0283016090016,#395d33
-44.57680269960274444, 57.0137128907425,#395d33
-44.57626998357861225, 56.9991235135888,#395d33
-44.57575501725973055, 56.9845334991342,#395d33
-44.57525780140831273, 56.9699428689733,#395d33
-44.57477833676026790, 56.9553516447017,#395d33
-44.57431662402525774, 56.9407598479156,#395d33
-44.57387266388666802, 56.9261675002125,#395d33
-44.57344645700159447, 56.9115746231902,#395d33
-44.57303800400085692, 56.8969812384478,#395d33
-44.57264730548901355, 56.8823873675847,#395d33
-44.57227436204433957, 56.8677930322013,#395d33
-44.57191917421882010, 56.8531982538987,#395d33
-44.57158174253817151, 56.8386030542784,#395d33
-44.57126206750182007, 56.8240074549428,#395d33
-44.57096014958291619, 56.8094114774947,#395d33
-44.57067598922832019, 56.7948151435376,#395d33
-44.57040958685863075, 56.7802184746754,#395d33
-44.57016094286814223, 56.7656214925126,#395d33
-44.56993005762487314, 56.7510242186541,#395d33
-44.56971693147055191, 56.7364266747053,#395d33
-44.56952156472062399, 56.7218288822719,#395d33
-44.56934395766425894, 56.7072308629601,#395d33
-44.56918411056432205, 56.6926326383763,#395d33
-44.56904202365741696, 56.6780342301272,#395d33
-44.56891769715382878, 56.6634356598200,#395d33
-44.56881113123758098, 56.6488369490618,#395d33
-44.56872232606639983, 56.6342381194602,#395d33
-44.56865128177172863, 56.6196391926228,#395d33
-44.56859799845871350, 56.6050401901575,#395d33
-44.56856247620622469, 56.5904411336721,#395d33
-44.56854471506683524, 56.5758420447746,#395d33
-44.56854471506683524, 56.5612429450730,#395d33
-44.56856247620622469, 56.5466438561755,#395d33
-44.56859799845871350, 56.5320447996901,#395d33
-44.56865128177172863, 56.5174457972248,#395d33
-44.56872232606639983, 56.5028468703874,#395d33
-44.56881113123758098, 56.4882480407858,#395d33
-44.56891769715382878, 56.4736493300276,#395d33
-44.56904202365741696, 56.4590507597204,#395d33
-44.56918411056432205, 56.4444523514713,#395d33
-44.56934395766425894, 56.4298541268875,#395d33
-44.56952156472062399, 56.4152561075757,#395d33
-44.56971693147055191, 56.4006583151423,#395d33
-44.56993005762487314, 56.3860607711935,#395d33
-44.57016094286814223, 56.3714634973350,#395d33
-44.57040958685863075, 56.3568665151722,#395d33
-44.57067598922832019, 56.3422698463100,#395d33
-44.57096014958291619, 56.3276735123529,#395d33
-44.57126206750182007, 56.3130775349048,#395d33
-44.57158174253817151, 56.2984819355692,#395d33
-44.57191917421882010, 56.2838867359489,#395d33
-44.57227436204433957, 56.2692919576463,#395d33
-44.57264730548901355, 56.2546976222629,#395d33
-44.57303800400085692, 56.2401037513998,#395d33
-44.57344645700159447, 56.2255103666574,#395d33
-44.57387266388666802, 56.2109174896352,#395d33
-44.57431662402525774, 56.1963251419320,#395d33
-44.57477833676026790, 56.1817333451459,#395d33
-44.57525780140831273, 56.1671421208743,#395d33
-44.57575501725973055, 56.1525514907134,#395d33
-44.57626998357861225, 56.1379614762588,#395d33
-44.57680269960274444, 56.1233720991051,#395d33
-44.57735316454366625, 56.1087833808460,#395d33
-44.57792137758662676, 56.0941953430741,#395d33
-44.57850733789062758, 56.0796080073812,#395d33
-44.57911104458838025, 56.0650213953579,#395d33
-44.57973249678635597, 56.0504355285938,#395d33
-44.58037169356472873, 56.0358504286773,#395d33
-44.58102863397743931, 56.0212661171959,#395d33
-44.58170331705215261, 56.0066826157355,#395d33
-44.58239574179027187, 55.9920999458813,#395d33
-44.58310590716693866, 55.9775181292169,#395d33
-44.58383381213104002, 55.9629371873249,#395d33
-44.58457945560521551, 55.9483571417864,#395d33
-44.58534283648583596, 55.9337780141813,#395d33
-44.58612395364302472, 55.9191998260881,#395d33
-44.58692280592065060, 55.9046225990839,#395d33
-44.58773939213634208, 55.8900463547443,#395d33
-44.58857371108148016, 55.8754711146436,#395d33
-44.58942576152117709, 55.8608969003545,#395d33
-44.59029554219432612, 55.8463237334483,#395d33
-44.59118305181357300, 55.8317516354947,#395d33
-44.59208828906530897, 55.8171806280617,#395d33
-44.59301125260970622, 55.8026107327158,#395d33
-44.59395194108068239, 55.7880419710218,#395d33
-44.59491035308593609, 55.7734743645429,#395d33
-44.59588648720692561, 55.7589079348406,#395d33
-44.59688034199887596, 55.7443427034745,#395d33
-44.59789191599078606, 55.7297786920026,#395d33
-44.59892120768543577, 55.7152159219810,#395d33
-44.59996821555937174, 55.7006544149640,#395d33
-44.60103293806292868, 55.6860941925040,#395d33
-44.60211537362020096, 55.6715352761514,#395d33
-44.60321552062909234, 55.6569776874550,#395d33
-44.60433337746128046, 55.6424214479613,#395d33
-44.60546894246223104, 55.6278665792150,#395d33
-44.60662221395119786, 55.6133131027586,#395d33
-44.60779319022122991, 55.5987610401326,#395d33
-44.60898186953916422, 55.5842104128755,#395d33
-44.61018825014564726, 55.5696612425237,#395d33
-44.61141233025512776, 55.5551135506112,#395d33
-44.61265410805584253, 55.5405673586700,#395d33
-44.61391358170983779, 55.5260226882300,#395d33
-44.61519074935299045, 55.5114795608185,#395d33
-44.61648560909495131, 55.4969379979608,#395d33
-44.61779815901921609, 55.4823980211799,#395d33
-44.61912839718307566, 55.4678596519961,#395d33
-44.62047632161765875, 55.4533229119278,#395d33
-44.62184193032791768, 55.4387878224907,#395d33
-44.62322522129259994, 55.4242544051981,#395d33
-44.62462619246431927, 55.4097226815608,#395d33
-44.62604484176949882, 55.3951926730871,#395d33
-44.62748116710841373, 55.3806644012830,#395d33
-44.62893516635514146, 55.3661378876515,#395d33
-44.63040683735764702, 55.3516131536933,#395d33
-44.63189617793771191, 55.3370902209065,#395d33
-44.63340318589096256, 55.3225691107862,#395d33
-44.63492785898689164, 55.3080498448253,#395d33
-44.63647019496883672, 55.2935324445134,#395d33
-44.63803019155398744, 55.2790169313379,#395d33
-44.63960784643340673, 55.2645033267830,#395d33
-44.64120315727201671, 55.2499916523302,#395d33
-44.64281612170859148, 55.2354819294582,#395d33
-44.64444673735580693, 55.2209741796428,#395d33
-44.64609500180019808, 55.2064684243569,#395d33
-44.64776091260215907, 55.1919646850702,#395d33
-44.64944446729599292, 55.1774629832498,#395d33
-44.65114566338988311, 55.1629633403596,#395d33
-44.65286449836589355, 55.1484657778603,#395d33
-44.65460096967998282, 55.1339703172098,#395d33
-44.65635507476201127, 55.1194769798627,#395d33
-44.65812681101573389, 55.1049857872706,#395d33
-44.65991617581880746, 55.0904967608817,#395d33
-44.66172316652280472, 55.0760099221413,#395d33
-44.66354778045322149, 55.0615252924913,#395d33
-44.66539001490943406, 55.0470428933701,#395d33
-44.66724986716477019, 55.0325627462133,#395d33
-44.66912733446648076, 55.0180848724528,#395d33
-44.67102241403571838, 55.0036092935172,#395d33
-44.67293510306758719, 54.9891360308317,#395d33
-44.67486539873113571, 54.9746651058182,#395d33
-44.67681329816933555, 54.9601965398950,#395d33
-44.67877879849910983, 54.9457303544770,#395d33
-44.68076189681133314, 54.9312665709755,#395d33
-44.68276259017083163, 54.9168052107982,#395d33
-44.68478087561638290, 54.9023462953494,#395d33
-44.68681675016074450, 54.8878898460297,#395d33
-44.68887021079061128, 54.8734358842359,#395d33
-44.69094125446667931, 54.8589844313613,#395d33
-44.69302987812361039, 54.8445355087954,#395d33
-44.69513607867002492, 54.8300891379240,#395d33
-44.69725985298855875, 54.8156453401292,#395d33
-44.69940119793582056, 54.8012041367890,#395d33
-44.70156011034241317, 54.7867655492779,#395d33
-44.70373658701294772, 54.7723295989664,#395d33
-44.70593062472602242, 54.7578963072209,#395d33
-44.70814222023426510, 54.7434656954043,#395d33
-44.71037137026428354, 54.7290377848751,#395d33
-44.71261807151674361, 54.7146125969880,#395d33
-44.71488232066630530, 54.7001901530937,#395d33
-44.71716411436166538, 54.6857704745388,#395d33
-44.71946344922555028, 54.6713535826658,#395d33
-44.72178032185472318, 54.6569394988130,#395d33
-44.72411472881999828, 54.6425282443147,#395d33
-44.72646666666622650, 54.6281198405009,#395d33
-44.72883613191231689, 54.6137143086973,#395d33
-44.73122312105123655, 54.5993116702256,#395d33
-44.73362763055001778, 54.5849119464031,#395d33
-44.73604965684974388, 54.5705151585427,#395d33
-44.73848919636559884, 54.5561213279530,#395d33
-44.74094624548682475, 54.5417304759382,#395d33
-44.74342080057676441, 54.5273426237982,#395d33
-44.74591285797282580, 54.5129577928284,#395d33
-44.74842241398653897, 54.4985760043197,#395d33
-44.75094946490352044, 54.4841972795585,#395d33
-44.75349400698348745, 54.4698216398267,#395d33
-44.75605603646027930, 54.4554491064017,#395d33
-44.75863554954185020, 54.4410797005560,#395d33
-44.76123254241026928, 54.4267134435579,#395d33
-44.76384701122175613, 54.4123503566707,#395d33
-44.76647895210662398, 54.3979904611532,#395d33
-44.76912836116936489, 54.3836337782594,#395d33
-44.77179523448860010, 54.3692803292385,#395d33
-44.77447956811710128, 54.3549301353351,#395d33
-44.77718135808179056, 54.3405832177888,#395d33
-44.77990060038378317, 54.3262395978343,#395d33
-44.78263729099831636, 54.3118992967016,#395d33
-44.78539142587484889, 54.2975623356158,#395d33
-44.78816300093698288, 54.2832287357969,#395d33
-44.79095201208252774, 54.2688985184599,#395d33
-44.79375845518349308, 54.2545717048150,#395d33
-44.79658232608605317, 54.2402483160672,#395d33
-44.79942362061063221, 54.2259283734165,#395d33
-44.80228233455183329, 54.2116118980577,#395d33
-44.80515846367848809, 54.1972989111807,#395d33
-44.80805200373364983, 54.1829894339700,#395d33
-44.81096295043461453, 54.1686834876049,#395d33
-44.81389129947288552, 54.1543810932598,#395d33
-44.81683704651424449, 54.1400822721033,#395d33
-44.81980018719869463, 54.1257870452993,#395d33
-44.82278071714051038, 54.1114954340059,#395d33
-44.82577863192822321, 54.0972074593762,#395d33
-44.82879392712463584, 54.0829231425576,#395d33
-44.83182659826681515, 54.0686425046923,#395d33
-44.83487664086612767, 54.0543655669171,#395d33
-44.83794405040821829, 54.0400923503632,#395d33
-44.84102882235302445, 54.0258228761562,#395d33
-44.84413095213480460, 54.0115571654164,#395d33
-44.84725043516208842, 53.9972952392583,#395d33
-44.85038726681776211, 53.9830371187911,#395d33
-44.85354144245900443, 53.9687828251180,#395d33
-44.85671295741735065, 53.9545323793367,#395d33
-44.85990180699863572, 53.9402858025394,#395d33
-44.86310798648307951, 53.9260431158122,#395d33
-44.86633149112521579, 53.9118043402357,#395d33
-44.86957231615395614, 53.8975694968847,#395d33
-44.87283045677256865, 53.8833386068281,#395d33
-44.87610590815869926, 53.8691116911289,#395d33
-44.87939866546436463, 53.8548887708443,#395d33
-44.88270872381597343, 53.8406698670257,#395d33
-44.88603607831431930, 53.8264550007183,#395d33
-44.88938072403460922, 53.8122441929615,#395d33
-44.89274265602644221, 53.7980374647886,#395d33
-44.89612186931383064, 53.7838348372270,#395d33
-44.89951835889523579, 53.7696363312979,#395d33
-44.90293211974351806, 53.7554419680165,#395d33
-44.90636314680598673, 53.7412517683917,#395d33
-44.90981143500439998, 53.7270657534264,#395d33
-44.91327697923496487, 53.7128839441172,#395d33
-44.91675977436833023, 53.6987063614547,#395d33
-44.92025981524964351, 53.6845330264229,#395d33
-44.92377709669850105, 53.6703639599997,#395d33
-44.92731161350900493, 53.6561991831567,#395d33
-44.93086336044972029, 53.6420387168591,#395d33
-44.93443233226372513, 53.6278825820659,#395d33
-44.93801852366861027, 53.6137307997293,#395d33
-44.94162192935645805, 53.5995833907953,#395d33
-44.94524254399389918, 53.5854403762036,#395d33
-44.94888036222207006, 53.5713017768870,#395d33
-44.95253537865664839, 53.5571676137722,#395d33
-44.95620758788787441, 53.5430379077789,#395d33
-44.95989698448052252, 53.5289126798205,#395d33
-44.96360356297392968, 53.5147919508036,#395d33
-44.96732731788201676, 53.5006757416284,#395d33
-44.97106824369326716, 53.4865640731880,#395d33
-44.97482633487075532, 53.4724569663693,#395d33
-44.97860158585214663, 53.4583544420519,#395d33
-44.98239399104970460, 53.4442565211090,#395d33
-44.98620354485032635, 53.4301632244068,#395d33
-44.99003024161548581, 53.4160745728048,#395d33
-44.99387407568132602, 53.4019905871555,#395d33
-44.99773504135860236, 53.3879112883046,#395d33
-45.00161313293271093, 53.3738366970907,#395d33
-45.00550834466370986, 53.3597668343456,#395d33
-45.00942067078631936, 53.3457017208940,#395d33
-45.01335010550992166, 53.3316413775537,#395d33
-45.01729664301858236, 53.3175858251353,#395d33
-45.02126027747104331, 53.3035350844423,#395d33
-45.02524100300075105, 53.2894891762711,#395d33
-45.02923881371585679, 53.2754481214111,#395d33
-45.03325370369920932, 53.2614119406444,#395d33
-45.03728566700840474, 53.2473806547458,#395d33
-45.04133469767573672, 53.2333542844830,#395d33
-45.04540078970826755, 53.2193328506163,#395d33
-45.04948393708779264, 53.2053163738988,#395d33
-45.05358413377085469, 53.1913048750762,#395d33
-45.05770137368877926, 53.1772983748869,#395d33
-45.06183565074766051, 53.1632968940618,#395d33
-45.06598695882837546, 53.1493004533245,#395d33
-45.07015529178658397, 53.1353090733909,#395d33
-45.07434064345277136, 53.1213227749698,#395d33
-45.07854300763220579, 53.1073415787621,#395d33
-45.08276237810498799, 53.0933655054613,#395d33
-45.08699874862605839, 53.0793945757534,#395d33
-45.09125211292517577, 53.0654288103167,#395d33
-45.09552246470695991, 53.0514682298218,#395d33
-45.09980979765087739, 53.0375128549317,#395d33
-45.10411410541128419, 53.0235627063017,#395d33
-45.10843538161736888, 53.0096178045793,#395d33
-45.11277361987325918, 52.9956781704044,#395d33
-45.11712881375792961, 52.9817438244089,#395d33
-45.12150095682528672, 52.9678147872170,#395d33
-45.12589004260413361, 52.9538910794450,#395d33
-45.13029606459821963, 52.9399727217013,#395d33
-45.13471901628620486, 52.9260597345863,#395d33
-45.13915889112169566, 52.9121521386927,#395d33
-45.14361568253326595, 52.8982499546050,#395d33
-45.14808938392442883, 52.8843532028997,#395d33
-45.15257998867368627, 52.8704619041454,#395d33
-45.15708749013451495, 52.8565760789026,#395d33
-45.16161188163538043, 52.8426957477235,#395d33
-45.16615315647975137, 52.8288209311523,#395d33
-45.17071130794611378, 52.8149516497252,#395d33
-45.17528632928796384, 52.8010879239699,#395d33
-45.17987821373384349, 52.7872297744062,#395d33
-45.18448695448731911, 52.7733772215454,#395d33
-45.18911254472701700, 52.7595302858905,#395d33
-45.19375497760662341, 52.7456889879365,#395d33
-45.19841424625489168, 52.7318533481696,#395d33
-45.20309034377567059, 52.7180233870680,#395d33
-45.20778326324787599, 52.7041991251014,#395d33
-45.21249299772556185, 52.6903805827309,#395d33
-45.21721954023784917, 52.6765677804093,#395d33
-45.22196288378901841, 52.6627607385810,#395d33
-45.22672302135846678, 52.6489594776815,#395d33
-45.23149994590072964, 52.6351640181382,#395d33
-45.23629365034551597, 52.6213743803695,#395d33
-45.24110412759767996, 52.6075905847855,#395d33
-45.24593137053726366, 52.5938126517875,#395d33
-45.25077537201948275, 52.5800406017682,#395d33
-45.25563612487474785, 52.5662744551114,#395d33
-45.26051362190869298, 52.5525142321925,#395d33
-45.26540785590215421, 52.5387599533778,#395d33
-45.27031881961119808, 52.5250116390250,#395d33
-45.27524650576712872, 52.5112693094829,#395d33
-45.28019090707650207, 52.4975329850915,#395d33
-45.28515201622114006, 52.4838026861817,#395d33
-45.29012982585811642, 52.4700784330759,#395d33
-45.29512432861980642, 52.4563602460872,#395d33
-45.30013551711387265, 52.4426481455197,#395d33
-45.30516338392328635, 52.4289421516688,#395d33
-45.31020792160630606, 52.4152422848205,#395d33
-45.31526912269654161, 52.4015485652521,#395d33
-45.32034697970293990, 52.3878610132314,#395d33
-45.32544148510978488, 52.3741796490175,#395d33
-45.33055263137673307, 52.3605044928600,#395d33
-45.33568041093878520, 52.3468355649994,#395d33
-45.34082481620635008, 52.3331728856671,#395d33
-45.34598583956521622, 52.3195164750851,#395d33
-45.35116347337657317, 52.3058663534662,#395d33
-45.35635770997703275, 52.2922225410139,#395d33
-45.36156854167863628, 52.2785850579223,#395d33
-45.36679596076884025, 52.2649539243763,#395d33
-45.37203995951058744, 52.2513291605511,#395d33
-45.37730053014225007, 52.2377107866128,#395d33
-45.38257766487767242, 52.2240988227177,#395d33
-45.38787135590621347, 52.2104932890131,#395d33
-45.39318159539269004, 52.1968942056362,#395d33
-45.39850837547745499, 52.1833015927151,#395d33
-45.40385168827635454, 52.1697154703680,#395d33
-45.40921152588078513, 52.1561358587039,#395d33
-45.41458788035767213, 52.1425627778217,#395d33
-45.41998074374949823, 52.1289962478110,#395d33
-45.42539010807431765, 52.1154362887515,#395d33
-45.43081596532574906, 52.1018829207131,#395d33
-45.43625830747301109, 52.0883361637563,#395d33
-45.44171712646092232, 52.0747960379315,#395d33
-45.44719241420990130, 52.0612625632793,#395d33
-45.45268416261600919, 52.0477357598307,#395d33
-45.45819236355093551, 52.0342156476064,#395d33
-45.46371700886201950, 52.0207022466177,#395d33
-45.46925809037225008, 52.0071955768656,#395d33
-45.47481559988030142, 51.9936956583413,#395d33
-45.48038952916054001, 51.9802025110260,#395d33
-45.48597986996301756, 51.9667161548907,#395d33
-45.49158661401348525, 51.9532366098966,#395d33
-45.49720975301344339, 51.9397638959947,#395d33
-45.50284927864009887, 51.9262980331259,#395d33
-45.50850518254642196, 51.9128390412210,#395d33
-45.51417745636113921, 51.8993869402005,#395d33
-45.51986609168874054, 51.8859417499748,#395d33
-45.52557108010950060, 51.8725034904441,#395d33
-45.53129241317950715, 51.8590721814983,#395d33
-45.53703008243062555, 51.8456478430171,#395d33
-45.54278407937056983, 51.8322304948696,#395d33
-45.54855439548287421, 51.8188201569149,#395d33
-45.55434102222692161, 51.8054168490016,#395d33
-45.56014395103795067, 51.7920205909677,#395d33
-45.56596317332707713, 51.7786314026412,#395d33
-45.57179868048129379, 51.7652493038391,#395d33
-45.57765046386350605, 51.7518743143684,#395d33
-45.58351851481250350, 51.7385064540252,#395d33
-45.58940282464301674, 51.7251457425953,#395d33
-45.59530338464570320, 51.7117921998537,#395d33
-45.60122018608718264, 51.6984458455651,#395d33
-45.60715322021001583, 51.6851066994833,#395d33
-45.61310247823274722, 51.6717747813515,#395d33
-45.61906795134991910, 51.6584501109021,#395d33
-45.62504963073205744, 51.6451327078571,#395d33
-45.63104750752570027, 51.6318225919273,#395d33
-45.63706157285342613, 51.6185197828131,#395d33
-45.64309181781383984, 51.6052243002039,#395d33
-45.64913823348161515, 51.5919361637782,#395d33
-45.65520081090747340, 51.5786553932038,#395d33
-45.66127954111821907, 51.5653820081374,#395d33
-45.66737441511676110, 51.5521160282250,#395d33
-45.67348542388209864, 51.5388574731014,#395d33
-45.67961255836936374, 51.5256063623906,#395d33
-45.68575580950980708, 51.5123627157055,#395d33
-45.69191516821084065, 51.4991265526479,#395d33
-45.69809062535601640, 51.4858978928087,#395d33
-45.70428217180507602, 51.4726767557674,#395d33
-45.71048979839393667, 51.4594631610926,#395d33
-45.71671349593472655, 51.4462571283418,#395d33
-45.72295325521577780, 51.4330586770611,#395d33
-45.72920906700165489, 51.4198678267854,#395d33
-45.73548092203315463, 51.4066845970386,#395d33
-45.74176881102733461, 51.3935090073329,#395d33
-45.74807272467752739, 51.3803410771696,#395d33
-45.75439265365334052, 51.3671808260384,#395d33
-45.76072858860066361, 51.3540282734178,#395d33
-45.76708052014172523, 51.3408834387748,#395d33
-45.77344843887505021, 51.3277463415649,#395d33
-45.77983233537552366, 51.3146170012324,#395d33
-45.78623220019436246, 51.3014954372100,#395d33
-45.79264802385916511, 51.2883816689187,#395d33
-45.79907979687389741, 51.2752757157683,#395d33
-45.80552750971891385, 51.2621775971567,#395d33
-45.81199115285100021, 51.2490873324704,#395d33
-45.81847071670333804, 51.2360049410844,#395d33
-45.82496619168556151, 51.2229304423616,#395d33
-45.83147756818375029, 51.2098638556538,#395d33
-45.83800483656044378, 51.1968052003006,#395d33
-45.84454798715466950, 51.1837544956301,#395d33
-45.85110701028192892, 51.1707117609586,#395d33
-45.85768189623425428, 51.1576770155906,#395d33
-45.86427263528018017, 51.1446502788187,#395d33
-45.87087921766479326, 51.1316315699238,#395d33
-45.87750163360971811, 51.1186209081748,#395d33
-45.88413987331315269, 51.1056183128287,#395d33
-45.89079392694986836, 51.0926238031306,#395d33
-45.89746378467121701, 51.0796373983135,#395d33
-45.90414943660520208, 51.0666591175987,#395d33
-45.91085087285640043, 51.0536889801952,#395d33
-45.91756808350606178, 51.0407270053000,#395d33
-45.92430105861205902, 51.0277732120981,#395d33
-45.93104978820896633, 51.0148276197624,#395d33
-45.93781426230800946, 51.0018902474536,#395d33
-45.94459447089712967, 50.9889611143201,#395d33
-45.95139040394096241, 50.9760402394984,#395d33
-45.95820205138087999, 50.9631276421125,#395d33
-45.96502940313501284, 50.9502233412744,#395d33
-45.97187244909821402, 50.9373273560836,#395d33
-45.97873117914213026, 50.9244397056275,#395d33
-45.98560558311518065, 50.9115604089809,#395d33
-45.99249565084259928, 50.8986894852065,#395d33
-45.99940137212643521, 50.8858269533545,#395d33
-46.00632273674555250, 50.8729728324625,#395d33
-46.01325973445567996, 50.8601271415561,#395d33
-46.02021235498939689, 50.8472898996479,#395d33
-46.02718058805615442, 50.8344611257383,#395d33
-46.03416442334232528, 50.8216408388152,#395d33
-46.04116385051115401, 50.8088290578538,#395d33
-46.04817885920282095, 50.7960258018167,#395d33
-46.05520943903444220, 50.7832310896541,#395d33
-46.06225557960010519, 50.7704449403031,#395d33
-46.06931727047083314, 50.7576673726887,#395d33
-46.07639450119467028, 50.7448984057228,#395d33
-46.08348726129662509, 50.7321380583047,#395d33
-46.09059554027874128, 50.7193863493209,#395d33
-46.09771932762009072, 50.7066432976452,#395d33
-46.10485861277678765, 50.6939089221384,#395d33
-46.11201338518202419, 50.6811832416488,#395d33
-46.11918363424602774, 50.6684662750115,#395d33
-46.12636934935617461, 50.6557580410488,#395d33
-46.13357051987690483, 50.6430585585701,#395d33
-46.14078713514980734, 50.6303678463719,#395d33
-46.14801918449360585, 50.6176859232376,#395d33
-46.15526665720418009, 50.6050128079377,#395d33
-46.16252954255456586, 50.5923485192296,#395d33
-46.16980782979501896, 50.5796930758576,#395d33
-46.17710150815297254, 50.5670464965531,#395d33
-46.18441056683308688, 50.5544088000341,#395d33
-46.19173499501726354, 50.5417800050057,#395d33
-46.19907478186465255, 50.5291601301597,#395d33
-46.20642991651165943, 50.5165491941746,#395d33
-46.21380038807200208, 50.5039472157159,#395d33
-46.22118618563666814, 50.4913542134357,#395d33
-46.22858729827397184, 50.4787702059729,#395d33
-46.23600371502956818, 50.4661952119529,#395d33
-46.24343542492646009, 50.4536292499880,#395d33
-46.25088241696499836, 50.4410723386770,#395d33
-46.25834468012292433, 50.4285244966053,#395d33
-46.26582220335539120, 50.4159857423449,#395d33
-46.27331497559493556, 50.4034560944543,#395d33
-46.28082298575155562, 50.3909355714787,#395d33
-46.28834622271267563, 50.3784241919496,#395d33
-46.29588467534318852, 50.3659219743850,#395d33
-46.30343833248546304, 50.3534289372894,#395d33
-46.31100718295937213, 50.3409450991537,#395d33
-46.31859121556229297, 50.3284704784551,#395d33
-46.32619041906914248, 50.3160050936574,#395d33
-46.33380478223237020, 50.3035489632103,#395d33
-46.34143429378198675, 50.2911021055503,#395d33
-46.34907894242560644, 50.2786645390998,#395d33
-46.35673871684839753, 50.2662362822676,#395d33
-46.36441360571318882, 50.2538173534487,#395d33
-46.37210359766039858, 50.2414077710244,#395d33
-46.37980868130811274, 50.2290075533619,#395d33
-46.38752884525206355, 50.2166167188148,#395d33
-46.39526407806569352, 50.2042352857227,#395d33
-46.40301436830010573, 50.1918632724113,#395d33
-46.41077970448412771, 50.1795006971924,#395d33
-46.41856007512433990, 50.1671475783637,#395d33
-46.42635546870504015, 50.1548039342090,#395d33
-46.43416587368830761, 50.1424697829981,#395d33
-46.44199127851400277, 50.1301451429868,#395d33
-46.44983167159976745, 50.1178300324166,#395d33
-46.45768704134109583, 50.1055244695152,#395d33
-46.46555737611127768, 50.0932284724958,#395d33
-46.47344266426146930, 50.0809420595578,#395d33
-46.48134289412068654, 50.0686652488862,#395d33
-46.48925805399585443, 50.0563980586518,#395d33
-46.49718813217177171, 50.0441405070114,#395d33
-46.50513311691116769, 50.0318926121071,#395d33
-46.51309299645471640, 50.0196543920671,#395d33
-46.52106775902102243, 50.0074258650051,#395d33
-46.52905739280669195, 49.9952070490205,#395d33
-46.53706188598630433, 49.9829979621983,#395d33
-46.54508122671244053, 49.9707986226091,#395d33
-46.55311540311571150, 49.9586090483090,#395d33
-46.56116440330477957, 49.9464292573399,#395d33
-46.56922821536635837, 49.9342592677290,#395d33
-46.57730682736523420, 49.9220990974889,#395d33
-46.58540022734428732, 49.9099487646180,#395d33
-46.59350840332452037, 49.8978082870999,#395d33
-46.60163134330506551, 49.8856776829036,#395d33
-46.60976903526319148, 49.8735569699835,#395d33
-46.61792146715433915, 49.8614461662796,#395d33
-46.62608862691213574, 49.8493452897169,#395d33
-46.63427050244840899, 49.8372543582059,#395d33
-46.64246708165319433, 49.8251733896423,#395d33
-46.65067835239479166, 49.8131024019071,#395d33
-46.65890430251971566, 49.8010414128665,#395d33
-46.66714491985279523, 49.7889904403720,#395d33
-46.67540019219712377, 49.7769495022600,#395d33
-46.68367010733410893, 49.7649186163524,#395d33
-46.69195465302350101, 49.7528978004560,#395d33
-46.70025381700337164, 49.7408870723627,#395d33
-46.70856758699017774, 49.7288864498496,#395d33
-46.71689595067874023, 49.7168959506788,#395d33
 -7.56917857360852864, 10.5691785736085,#395d33
