x,y,fill
 77.3646088698149725, 74.3646088698149725,#9b7653
 77.3107939326457512, 74.5679639610726781,#9b7653
 77.2564444717807532, 74.7711768462611985,#9b7653
 77.2015608629899361, 74.9742461203748860,#9b7653
 77.1461434857363457, 75.1771703794009909,#9b7653
 77.0901927231735016, 75.3799482203294247,#9b7653
 77.0337089621426827, 75.5825782411624090,#9b7653
 76.9766925931703554, 75.7850590409241818,#9b7653
 76.9191440104653452, 75.9873892196707175,#9b7653
 76.8610636119162507, 76.1895673784993619,#9b7653
 76.8024517990885869, 76.3915921195585099,#9b7653
 76.7433089772220285, 76.5934620460572830,#9b7653
 76.6836355552276956, 76.7951757622752069,#9b7653
 76.6234319456851694, 76.9967318735718322,#9b7653
 76.5626985648397635, 77.1981289863963411,#9b7653
 76.5014358325996398, 77.3993657082972675,#9b7653
 76.4396441725328515, 77.6004406479320892,#9b7653
 76.3773240118643884, 77.8013524150768205,#9b7653
 76.3144757814733481, 78.0020996206356472,#9b7653
 76.2510999158898386, 78.2026808766505184,#9b7653
 76.1871968532920221, 78.4030947963107536,#9b7653
 76.1227670355031023, 78.6033399939626491,#9b7653
 76.0578109079882125, 78.8034150851190134,#9b7653
 75.9923289198513743, 79.0033186864687877,#9b7653
 75.9263215238324278, 79.2030494158865679,#9b7653
 75.8597891763038206, 79.4026058924421818,#9b7653
 75.7927323372674948, 79.6019867364102538,#9b7653
 75.7251514703517330, 79.8011905692796830,#9b7653
 75.6570470428079034, 80.0002160137632643,#9b7653
 75.5884195255072626, 80.1990616938071383,#9b7653
 75.5192693929376730, 80.3977262346003272,#9b7653
 75.4495971232003626, 80.5962082625842555,#9b7653
 75.3794031980065711, 80.7945064054622151,#9b7653
 75.3086881026742674, 80.9926192922089001,#9b7653
 75.2374523261247248, 81.1905455530798292,#9b7653
 75.1656963608792381, 81.3882838196208525,#9b7653
 75.0934207030556422, 81.5858327246776014,#9b7653
 75.0206258523649012, 81.7831909024049963,#9b7653
 74.9473123121076554, 81.9803569882765544,#9b7653
 74.8734805891707680, 82.1773296190939533,#9b7653
 74.7991311940237438, 82.3741074329964249,#9b7653
 74.7242646407153330, 82.5706890694701201,#9b7653
 74.6488814468698223, 82.7670731693575874,#9b7653
 74.5729821336835812, 82.9632583748671095,#9b7653
 74.4965672259213534, 83.1592433295821394,#9b7653
 74.4196372519127323, 83.3550266784706366,#9b7653
 74.3421927435484378, 83.5506070678944610,#9b7653
 74.2642342362766641, 83.7459831456187231,#9b7653
 74.1857622690993708, 83.9411535608211352,#9b7653
 74.1067773845685593, 84.1361169641013760,#9b7653
 74.0272801287825075, 84.3308720074903704,#9b7653
 73.9472710513820317, 84.5254173444596404,#9b7653
 73.8667507055466501, 84.7197516299306130,#9b7653
 73.7857196479907600, 84.9138735202839001,#9b7653
 73.7041784389598149, 85.1077816733686348,#9b7653
 73.6221276422264452, 85.3014747485117084,#9b7653
 73.5395678250865217, 85.4949514065270364,#9b7653
 73.4564995583552616, 85.6882103097248660,#9b7653
 73.3729234163633066, 85.8812501219209423,#9b7653
 73.2888399769527297, 86.0740695084458594,#9b7653
 73.2042498214729846, 86.2666671361541830,#9b7653
 73.1191535347769985, 86.4590416734337310,#9b7653
 73.0335517052170644, 86.6511917902147246,#9b7653
 72.9474449246407488, 86.8431161579790682,#9b7653
 72.8608337883868273, 87.0348134497694446,#9b7653
 72.7737188952812062, 87.2262823401985656,#9b7653
 72.6861008476327299, 87.4175215054582679,#9b7653
 72.5979802512290036, 87.6085296233287210,#9b7653
 72.5093577153322713, 87.7993053731875364,#9b7653
 72.4202338526751674, 87.9898474360189198,#9b7653
 72.3306092794564535, 88.1801544944227516,#9b7653
 72.2404846153367970, 88.3702252326237669,#9b7653
 72.1498604834344661, 88.5600583364805800,#9b7653
 72.0587375103210519, 88.7496524934948070,#9b7653
 71.9671163260170772, 88.9390063928201187,#9b7653
 71.8749975639877334, 89.1281187252713210,#9b7653
 71.7823818611383615, 89.3169881833334500,#9b7653
 71.6892698578102028, 89.5056134611706966,#9b7653
 71.5956621977758658, 89.6939932546355294,#9b7653
 71.5015595282349352, 89.8821262612777190,#9b7653
 71.4069624998094241, 90.0700111803532764,#9b7653
 71.3118717665393831, 90.2576467128334627,#9b7653
 71.2162879858782674, 90.4450315614138276,#9b7653
 71.1202118186884746, 90.6321644305231189,#9b7653
 71.0236439292367265, 90.8190440263322785,#9b7653
 70.9265849851894927, 91.0056690567633524,#9b7653
 70.8290356576083866, 91.1920382314984295,#9b7653
 70.7309966209454899, 91.3781502619885941,#9b7653
 70.6324685530387484, 91.5640038614628224,#9b7653
 70.5334521351072112, 91.7495977449368354,#9b7653
 70.4339480517463983, 91.9349306292220660,#9b7653
 70.3339569909234967, 92.1200012329344702,#9b7653
 70.2334796439726290, 92.3048082765033655,#9b7653
 70.1325167055901488, 92.4893504821803845,#9b7653
 70.0310688738296818, 92.6736265740481571,#9b7653
 69.9291368500974357, 92.8576352780292638,#9b7653
 69.8267213391472978, 93.0413753218950035,#9b7653
 69.7238230490759463, 93.2248454352741334,#9b7653
 69.6204426913179901, 93.4080443496617363,#9b7653
 69.5165809806410380, 93.5909707984279464,#9b7653
 69.4122386351407670, 93.7736235168267314,#9b7653
 69.3074163762358921, 93.9560012420045609,#9b7653
 69.2021149286632777, 94.1381027130092463,#9b7653
 69.0963350204728499, 94.3199266707986084,#9b7653
 68.9900773830226228, 94.5014718582491611,#9b7653
 68.8833427509736111, 94.6827370201648364,#9b7653
 68.7761318622847000, 94.8637209032856816,#9b7653
 68.6684454582076569, 95.0444222562964285,#9b7653
 68.5602842832818880, 95.2248398298352470,#9b7653
 68.4516490853293789, 95.4049723765023714,#9b7653
 68.3425406154495079, 95.5848186508686695,#9b7653
 68.2329596280138020, 95.7643774094842541,#9b7653
 68.1229068806607501, 95.9436474108871948,#9b7653
 68.0123831342906158, 96.1226274156119302,#9b7653
 67.9013891530600802, 96.3013161861979796,#9b7653
 67.7899257043770262, 96.4797124871984408,#9b7653
 67.6779935588952384, 96.6578150851884885,#9b7653
 67.5655934905090305, 96.8356227487739858,#9b7653
 67.4527262763479172, 97.0131342485999824,#9b7653
 67.3393926967712417, 97.1903483573590989,#9b7653
 67.2255935353627763, 97.3672638498002527,#9b7653
 67.1113295789253073, 97.5438795027368428,#9b7653
 66.9966016174752212, 97.7201940950554047,#9b7653
 66.8814104442369626, 97.8962064077240370,#9b7653
 66.7657568556376333, 98.0719152238006870,#9b7653
 66.6496416513015077, 98.2473193284417619,#9b7653
 66.5330656340443483, 98.4224175089103710,#9b7653
 66.4160296098680334, 98.5972085545848103,#9b7653
 66.2985343879549021, 98.7716912569668466,#9b7653
 66.1805807806621260, 98.9458644096901878,#9b7653
 66.0621696035161960, 99.1197268085286680,#9b7653
 65.9433016752071808, 99.2932772514047599,#9b7653
 65.8239778175830992, 99.4665145383976892,#9b7653
 65.7041988556443073, 99.6394374717518758,#9b7653
 65.5839656175376575, 99.8120448558852189,#9b7653
 65.4632789345508854, 99.9843354973972112,#9b7653
 65.3421396411068542,100.1563082050773517,#9b7653
 65.2205485747577143,100.3279617899133171,#9b7653
 65.0985065761791617,100.4992950650991901,#9b7653
 64.9760144891646405,100.6703068460436157,#9b7653
 64.8530731606194735,100.8409959503781010,#9b7653
 64.7296834405550072,101.0113611979651012,#9b7653
 64.6058461820827858,101.1814014109061617,#9b7653
 64.4815622414085965,101.3511154135501755,#9b7653
 64.3568324778265435,101.5205020325014118,#9b7653
 64.2316577537131934,101.6895600966276021,#9b7653
 64.1060389345214645,101.8582884370682109,#9b7653
 63.9799768887748215,102.0266858872423086,#9b7653
 63.8534724880611435,102.1947512828567142,#9b7653
 63.7265266070266989,102.3624834619141382,#9b7653
 63.5991401233701836,102.5298812647210696,#9b7653
 63.4713139178365822,102.6969435338958903,#9b7653
 63.3430488742110853,102.8636691143768473,#9b7653
 63.2143458793130293,103.0300568534300254,#9b7653
 63.0852058229896784,103.1961056006573472,#9b7653
 62.9556295981101641,103.3618142080045175,#9b7653
 62.8256181005592467,103.5271815297688960,#9b7653
 62.6951722292311686,103.6922064226075690,#9b7653
 62.5642928860233667,103.8568877455451087,#9b7653
 62.4329809758303327,104.0212243599815025,#9b7653
 62.3012374065372967,104.1852151297000830,#9b7653
 62.1690630890139388,104.3488589208753012,#9b7653
 62.0364589371081507,104.5121546020806136,#9b7653
 61.9034258676396689,104.6751010442962979,#9b7653
 61.7699648003937156,104.8376971209172837,#9b7653
 61.6360766581147317,104.9999417077608541,#9b7653
 61.5017623664998894,105.1618336830745193,#9b7653
 61.3670228541927543,105.3233719275437466,#9b7653
 61.2318590527768620,105.4845553242996345,#9b7653
 61.0962718967692524,105.6453827589267007,#9b7653
 60.9602623236140246,105.8058531194706262,#9b7653
 60.8238312736758644,105.9659652964458019,#9b7653
 60.6869796902335139,106.1257181828431442,#9b7653
 60.5497085194732776,106.2851106741376697,#9b7653
 60.4120187104824780,106.4441416682961403,#9b7653
 60.2739112152428334,106.6028100657847233,#9b7653
 60.1353869886240133,106.7611147695765510,#9b7653
 59.9964469883768885,106.9190546851593098,#9b7653
 59.8570921751269864,107.0766287205428284,#9b7653
 59.7173235123678410,107.2338357862666101,#9b7653
 59.5771419664543274,107.3906747954073637,#9b7653
 59.4365485065959476,107.5471446635865647,#9b7653
 59.2955441048502152,107.7032443089778440,#9b7653
 59.1541297361158414,107.8589726523146339,#9b7653
 59.0123063781260271,108.0143286168974441,#9b7653
 58.8700750114417417,108.1693111286014357,#9b7653
 58.7274366194448660,108.3239191158838111,#9b7653
 58.5843921883314707,108.4781515097912177,#9b7653
 58.4409427071049663,108.6320072439671094,#9b7653
 58.2970891675692400,108.7854852546592070,#9b7653
 58.1528325643218267,108.9385844807267461,#9b7653
 58.0081738947470527,109.0913038636478944,#9b7653
 57.8631141590090863,109.2436423475270288,#9b7653
 57.7176543600450671,109.3955988791020388,#9b7653
 57.5717955035581426,109.5471724077516171,#9b7653
 57.4255385980105260,109.6983618855025497,#9b7653
 57.2788846546165615,109.8491662670368925,#9b7653
 57.1318346873356404,109.9995845096992895,#9b7653
 56.9843897128652870,110.1496155735040929,#9b7653
 56.8365507506340961,110.2992584211425964,#9b7653
 56.6883188227946277,110.4485120179902395,#9b7653
 56.5396949542164506,110.5973753321136854,#9b7653
 56.3906801724789659,110.7458473342780252,#9b7653
 56.2412755078643158,110.8939269979538551,#9b7653
 56.0914819933503068,111.0416132993243536,#9b7653
 55.9413006646032329,111.1889052172924721,#9b7653
 55.7907325599707065,111.3358017334878127,#9b7653
 55.6397787204745100,111.4823018322738335,#9b7653
 55.4884401898033559,111.6284045007547974,#9b7653
 55.3367180143057240,111.7741087287827639,#9b7653
 55.1846132429825786,111.9194135089646096,#9b7653
 55.0321269274801494,112.0643178366689767,#9b7653
 54.8792601220826342,112.2088207100332085,#9b7653
 54.7260138837049368,112.3529211299702979,#9b7653
 54.5723892718853421,112.4966181001757946,#9b7653
 54.4183873487781824,112.6399106271346540,#9b7653
 54.2640091791464982,112.7827977201281726,#9b7653
 54.1092558303547264,112.9252783912407381,#9b7653
 53.9541283723612324,113.0673516553668208,#9b7653
 53.7986278777109703,113.2090165302175819,#9b7653
 53.6427554215280722,113.3502720363278513,#9b7653
 53.4865120815083657,113.4911171970627919,#9b7653
 53.3298989379119774,113.6315510386246359,#9b7653
 53.1729170735558370,113.7715725900595203,#9b7653
 53.0155675738061944,113.9111808832640946,#9b7653
 52.8578515265711104,114.0503749529922999,#9b7653
 52.6997700222929311,114.1891538368619621,#9b7653
 52.5413241539407849,114.3275165753615283,#9b7653
 52.3825150170029872,114.4654622118565896,#9b7653
 52.2233437094794510,114.6029897925966452,#9b7653
 52.0638113318741773,114.7400983667215542,#9b7653
 51.9039189871875379,114.8767869862682005,#9b7653
 51.7436677809087158,115.0130547061770159,#9b7653
 51.5830588210080876,115.1489005842984881,#9b7653
 51.4220932179294650,115.2843236813997407,#9b7653
 51.2607720845824986,115.4193230611709708,#9b7653
 51.0990965363349972,115.5538977902319147,#9b7653
 50.9370676910051259,115.6880469381383705,#9b7653
 50.7746866688537608,115.8217695773885509,#9b7653
 50.6119545925766872,115.9550647834295773,#9b7653
 50.4488725872969184,116.0879316346637609,#9b7653
 50.2854417805568161,116.2203692124550969,#9b7653
 50.1216633023103384,116.3523766011355463,#9b7653
 49.9575382849152660,116.4839528880113733,#9b7653
 49.7930678631253159,116.6150971633694553,#9b7653
 49.6282531740823032,116.7458085204835925,#9b7653
 49.4630953573083261,116.8760860556207319,#9b7653
 49.2975955546978213,117.0059288680473060,#9b7653
 49.1317549105097200,117.1353360600353852,#9b7653
 48.9655745713595181,117.2643067368688605,#9b7653
 48.7990556862113465,117.3928400068496956,#9b7653
 48.6321994063700203,117.5209349813040944,#9b7653
 48.4650068854730947,117.6485907745885982,#9b7653
 48.2974792794829000,117.7758065040962094,#9b7653
 48.1296177466785053,117.9025812902625177,#9b7653
 47.9614234476477179,118.0289142565718237,#9b7653
 47.7928975452791533,118.1548045295631084,#9b7653
 47.6240412047540289,118.2802512388361009,#9b7653
 47.4548555935382552,118.4052535170573748,#9b7653
 47.2853418813743005,118.5298104999662172,#9b7653
 47.1155012402730833,118.6539213263807113,#9b7653
 46.9453348445059149,118.7775851382036194,#9b7653
 46.7748438705963636,118.9008010804283799,#9b7653
 46.6040294973121263,119.0235683011449481,#9b7653
 46.4328929056568285,119.1458859515457362,#9b7653
 46.2614352788619385,119.2677531859314684,#9b7653
 46.0896578023785608,119.3891691617170210,#9b7653
 45.9175616638691793,119.5101330394372781,#9b7653
 45.7451480531995287,119.6306439827528720,#9b7653
 45.5724181624303171,119.7507011584560246,#9b7653
 45.3993731858090328,119.8703037364763020,#9b7653
 45.2260143197615960,119.9894508898863137,#9b7653
 45.0523427628842086,120.1081417949074819,#9b7653
 44.8783597159349696,120.2263756309157117,#9b7653
 44.7040663818255979,120.3441515804470185,#9b7653
 44.5294639656131608,120.4614688292032838,#9b7653
 44.3545536744916831,120.5783265660577968,#9b7653
 44.1793367177838192,120.6947239830608964,#9b7653
 44.0038143069325116,120.8106602754455849,#9b7653
 43.8279876554925991,120.9261346416329985,#9b7653
 43.6518579791224113,121.0411462832380778,#9b7653
 43.4754264955753982,121.1556944050749962,#9b7653
 43.2986944246917034,121.2697782151626598,#9b7653
 43.1216629883896729,121.3833969247302349,#9b7653
 42.9443334106575136,121.4965497482225771,#9b7653
 42.7667069175446954,121.6092359033056596,#9b7653
 42.5887847371536310,121.7214546108719446,#9b7653
 42.4105680996310568,121.8332050950458694,#9b7653
 42.2320582371595705,121.9444865831891036,#9b7653
 42.0532563839491189,122.0552983059059216,#9b7653
 41.8741637762284995,122.1656394970486019,#9b7653
 41.6947816522367134,122.2755093937226150,#9b7653
 41.5151112522145027,122.3849072362919372,#9b7653
 41.3351538183957530,122.4938322683843097,#9b7653
 41.1549105949988245,122.6022837368964957,#9b7653
 40.9743828282180900,122.7102608919994253,#9b7653
 40.7935717662152157,122.8177629871434391,#9b7653
 40.6124786591105362,122.9247892790633898,#9b7653
 40.4311047589744632,123.0313390277838437,#9b7653
 40.2494513198188031,123.1374114966241393,#9b7653
 40.0675195975880456,123.2430059522035606,#9b7653
 39.8853108501507592,123.3481216644462961,#9b7653
 39.7028263372908512,123.4527579065865694,#9b7653
 39.5200673206988213,123.5569139551736555,#9b7653
 39.3370350639631141,123.6605890900768685,#9b7653
 39.1537308325613580,123.7637825944904932,#9b7653
 38.9701558938515475,123.8664937549388441,#9b7653
 38.7863115170633534,123.9687218612811250,#9b7653
 38.6021989732893971,124.0704662067163326,#9b7653
 38.4178195354763190,124.1717260877882012,#9b7653
 38.2331744784160392,124.2725008043900203,#9b7653
 38.0482650787370744,124.3727896597694667,#9b7653
 37.8630926148954785,124.4725919605334781,#9b7653
 37.6776583671661385,124.5719070166530003,#9b7653
 37.4919636176339779,124.6707341414677046,#9b7653
 37.3060096501849472,124.7690726516909194,#9b7653
 37.1197977504972059,124.8669218674141490,#9b7653
 36.9333292060323402,124.9642811121118768,#9b7653
 36.7466053060262823,125.0611497126462268,#9b7653
 36.5596273414804926,125.1575269992716386,#9b7653
 36.3723966051530496,125.2534123056394435,#9b7653
 36.1849143915497109,125.3488049688025114,#9b7653
 35.9971819969148399,125.4437043292198695,#9b7653
 35.8092007192226447,125.5381097307611640,#9b7653
 35.6209718581680619,125.6320205207112650,#9b7653
 35.4324967151577894,125.7254360497747854,#9b7653
 35.2437765933013338,125.8183556720805569,#9b7653
 35.0548127974019792,125.9107787451860503,#9b7653
 34.8656066339477348,126.0027046300819222,#9b7653
 34.6761594111023470,126.0941326911962932,#9b7653
 34.4864724386962678,126.1850622963992663,#9b7653
 34.2965470282174891,126.2754928170072475,#9b7653
 34.1063844928026185,126.3654236277872798,#9b7653
 33.9159861472277484,126.4548541069613634,#9b7653
 33.7253533078992760,126.5437836362108044,#9b7653
 33.5344872928449504,126.6322116006804492,#9b7653
 33.3433894217046785,126.7201373889829341,#9b7653
 33.1520610157213582,126.8075603932029054,#9b7653
 32.9605033977318556,126.8944800089012688,#9b7653
 32.7687178921577953,126.9808956351193103,#9b7653
 32.5767058249963597,127.0668066743829172,#9b7653
 32.3844685238112007,127.1522125327066277,#9b7653
 32.1920073177232524,127.2371126195978093,#9b7653
 31.9993235374014660,127.3215063480606943,#9b7653
 31.8064185150536929,127.4053931346004731,#9b7653
 31.6132935844174696,127.4887723992272726,#9b7653
 31.4199500807506915,127.5716435654602918,#9b7653
 31.2263893408225357,127.6540060603316107,#9b7653
 31.0326127029041245,127.7358593143902681,#9b7653
 30.8386215067592389,127.8172027617061985,#9b7653
 30.6444170936351767,127.8980358398741259,#9b7653
 30.4500008062533851,127.9783579900173862,#9b7653
 30.2553739888001658,128.0581686567919064,#9b7653
 30.0605379869174598,128.1374672883899848,#9b7653
 29.8654941476935107,128.2162533365440424,#9b7653
 29.6702438196534715,128.2945262565306166,#9b7653
 29.4747883527502275,128.3722855071738422,#9b7653
 29.2791290983549679,128.4495305508494312,#9b7653
 29.0832674092478207,128.5262608534883100,#9b7653
 28.8872046396085480,128.6024758845802580,#9b7653
 28.6909421450072486,128.6781751171776307,#9b7653
 28.4944812823948226,128.7533580278989973,#9b7653
 28.2978234100936845,128.8280240969327792,#9b7653
 28.1009698877884517,128.9021728080408025,#9b7653
 27.9039220765163734,128.9758036485618504,#9b7653
 27.7066813386579902,129.0489161094153303,#9b7653
 27.5092490379278409,129.1215096851046269,#9b7653
 27.3116265393648128,129.1935838737206836,#9b7653
 27.1138152093228193,129.2651381769454701,#9b7653
 26.9158164154614425,129.3361721000554780,#9b7653
 26.7176315267362980,129.4066851519249894,#9b7653
 26.5192619133896414,129.4766768450297150,#9b7653
 26.3207089469409610,129.5461466954498064,#9b7653
 26.1219740001774383,129.6150942228736085,#9b7653
 25.9230584471444061,129.6835189506006998,#9b7653
 25.7239636631359545,129.7514204055452751,#9b7653
 25.5246910246853673,129.8187981182394424,#9b7653
 25.3252419095555510,129.8856516228364057,#9b7653
 25.1256176967296199,129.9519804571137342,#9b7653
 24.9258197664013181,130.0177841624766018,#9b7653
 24.7258494999653955,130.0830622839608282,#9b7653
 24.5257082800081889,130.1478143702361194,#9b7653
 24.3253974902979948,130.2120399736091940,#9b7653
 24.1249185157754482,130.2757386500268240,#9b7653
 23.9242727425441224,130.3389099590789328,#9b7653
 23.7234615578607198,130.4015534640016654,#9b7653
 23.5224863501256038,130.4636687316803716,#9b7653
 23.3213485088732817,130.5252553326525913,#9b7653
 23.1200494247626018,130.5863128411110665,#9b7653
 22.9185904895672401,130.6468408349066976,#9b7653
 22.7169730961661713,130.7068388955513001,#9b7653
 22.5151986385338603,130.7663066082207877,#9b7653
 22.3132685117307190,130.8252435617577873,#9b7653
 22.1111841118934258,130.8836493486745951,#9b7653
 21.9089468362254003,130.9415235651559613,#9b7653
 21.7065580829869376,130.9988658110618758,#9b7653
 21.5040192514856408,131.0556756899304389,#9b7653
 21.3013317420668429,131.1119528089803907,#9b7653
 21.0984969561037445,131.1676967791140100,#9b7653
 20.8955162959877967,131.2229072149197577,#9b7653
 20.6923911651191190,131.2775837346749768,#9b7653
 20.4891229678966091,131.3317259603483080,#9b7653
 20.2857131097083041,131.3853335176027315,#9b7653
 20.0821629969217881,131.4384060357976693,#9b7653
 19.8784740368742554,131.4909431479919135,#9b7653
 19.6746476378628934,131.5429444909460130,#9b7653
 19.4706852091352225,131.5944097051247752,#9b7653
 19.2665881608791771,131.6453384346997950,#9b7653
 19.0623579042134459,131.6957303275519280,#9b7653
 18.8579958511778081,131.7455850352736206,#9b7653
 18.6535034147231862,131.7949022131714685,#9b7653
 18.4488820087019647,131.8436815202685182,#9b7653
 18.2441330478583126,131.8919226193065697,#9b7653
 18.0392579478182178,131.9396251767486774,#9b7653
 17.8342581250797849,131.9867888627812818,#9b7653
 17.6291349970035469,132.0334133513165398,#9b7653
 17.4238899818024606,132.0794983199946273,#9b7653
 17.2185244985322079,132.1250434501859559,#9b7653
 17.0130399670814896,132.1700484269933611,#9b7653
 16.8074378081619891,132.2145129392542344,#9b7653
 16.6017194432986699,132.2584366795427400,#9b7653
 16.3958862948200306,132.3018193441719177,#9b7653
 16.1899397858480896,132.3446606331957582,#9b7653
 15.9838813402886259,132.3869602504113914,#9b7653
 15.7777123828214485,132.4287179033609050,#9b7653
 15.5714343388903416,132.4699333033336188,#9b7653
 15.3650486346933022,132.5106061653679319,#9b7653
 15.1585566971727932,132.5507362082533120,#9b7653
 14.9519599540056713,132.5903231545322569,#9b7653
 14.7452598335934049,132.6293667305022836,#9b7653
 14.5384577650523212,132.6678666662176056,#9b7653
 14.3315551782035051,132.7058226954912641,#9b7653
 14.1245535035630212,132.7432345558968336,#9b7653
 13.9174541723321283,132.7801019887701841,#9b7653
 13.7102586163871720,132.8164247392114419,#9b7653
 13.5029682682697967,132.8522025560865245,#9b7653
 13.2955845611771331,132.8874351920290735,#9b7653
 13.0881089289516961,132.9221224034420743,#9b7653
 12.8805428060715599,132.9562639504995900,#9b7653
 12.6728876276405558,132.9898595971482678,#9b7653
 12.4651448293781364,133.0229091111092146,#9b7653
 12.2573158476095561,133.0554122638794468,#9b7653
 12.0494021192560368,133.0873688307334533,#9b7653
 11.8414050818246359,133.1187785907248440,#9b7653
 11.6333261733984052,133.1496413266877994,#9b7653
 11.4251668326265570,133.1799568252386052,#9b7653
 11.2169284987142976,133.2097248767771589,#9b7653
 11.0086126114130316,133.2389452754883621,#9b7653
 10.8002206110103209,133.2676178193435135,#9b7653
 10.5917539383200818,133.2957423101018719,#9b7653
 10.3832140346724060,133.3233185533118217,#9b7653
 10.1746023419036984,133.3503463583123221,#9b7653
  9.9659203023468184,133.3768255382342147,#9b7653
  9.7571693588208959,133.4027559100015594,#9b7653
  9.5483509546214567,133.4281372943327995,#9b7653
  9.3394665335105547,133.4529695157420406,#9b7653
  9.1305175397065756,133.4772524025403868,#9b7653
  8.9215054178743571,133.5009857868368783,#9b7653
  8.7124316131153137,133.5241695045398842,#9b7653
  8.5032975709572174,133.5468033953580971,#9b7653
  8.2941047373443251,133.5688873028017269,#9b7653
  8.0848545586274803,133.5904210741835527,#9b7653
  7.8755484815539045,133.6114045606199170,#9b7653
  7.6661879532572925,133.6318376170318629,#9b7653
  7.4567744212479248,133.6517201021461005,#9b7653
  7.2473093334024359,133.6710518784958595,#9b7653
  7.0377941379539211,133.6898328124220825,#9b7653
  6.8282302834820188,133.7080627740741079,#9b7653
  6.6186192189026904,133.7257416374107493,#9b7653
  6.4089623934583040,133.7428692802010914,#9b7653
  6.1992612567077252,133.7594455840252294,#9b7653
  5.9895172585160790,133.7754704342753485,#9b7653
  5.7797318490448326,133.7909437201562355,#9b7653
  5.5699064787418724,133.8058653346861888,#9b7653
  5.3600425983312725,133.8202351746978707,#9b7653
  5.1501416588033591,133.8340531408387051,#9b7653
  4.9402051114047900,133.8473191375718443,#9b7653
  4.7302344076283118,133.8600330731767940,#9b7653
  4.5202309992028242,133.8721948597498113,#9b7653
  4.3101963380834523,133.8838044132048708,#9b7653
  4.1001318764412940,133.8948616532739777,#9b7653
  3.8900390666534879,133.9053665035078211,#9b7653
  3.6799193612932775,133.9153188912762857,#9b7653
  3.4697742131197522,133.9247187477689636,#9b7653
  3.2596050750679155,133.9335660079956085,#9b7653
  3.0494134002387390,133.9418606107866481,#9b7653
  2.8392006418889086,133.9496024987935812,#9b7653
  2.6289682534208803,133.9567916184892056,#9b7653
  2.4187176883729364,133.9634279201683000,#9b7653
  2.2084504004089287,133.9695113579477379,#9b7653
  1.9981678433083268,133.9750418897668851,#9b7653
  1.7878714709562791,133.9800194773878559,#9b7653
  1.5775627373333447,133.9844440863957971,#9b7653
  1.3672430965055493,133.9883156861992006,#9b7653
  1.1569140026144353,133.9916342500299038,#9b7653
  0.9465769098667980,133.9943997549435153,#9b7653
  0.7362332725247357,133.9966121818194722,#9b7653
  0.5258845448957030,133.9982715153611252,#9b7653
  0.3155321813222413,133.9993777440959093,#9b7653
  0.1051776361720667,133.9999308603754287,#9b7653
 -0.1051776361720569,133.9999308603754287,#9b7653
 -0.3155321813222315,133.9993777440959093,#9b7653
 -0.5258845448956933,133.9982715153611252,#9b7653
 -0.7362332725247616,133.9966121818194722,#9b7653
 -0.9465769098667882,133.9943997549435153,#9b7653
 -1.1569140026144256,133.9916342500299038,#9b7653
 -1.3672430965055749,133.9883156861992006,#9b7653
 -1.5775627373333352,133.9844440863957971,#9b7653
 -1.7878714709562691,133.9800194773878559,#9b7653
 -1.9981678433083525,133.9750418897668851,#9b7653
 -2.2084504004089185,133.9695113579477379,#9b7653
 -2.4187176883729271,133.9634279201683000,#9b7653
 -2.6289682534209060,133.9567916184892056,#9b7653
 -2.8392006418888993,133.9496024987935812,#9b7653
 -3.0494134002387296,133.9418606107866481,#9b7653
 -3.2596050750679413,133.9335660079956085,#9b7653
 -3.4697742131197429,133.9247187477689636,#9b7653
 -3.6799193612932672,133.9153188912762857,#9b7653
 -3.8900390666535141,133.9053665035078211,#9b7653
 -4.1001318764412842,133.8948616532739777,#9b7653
 -4.3101963380834425,133.8838044132048708,#9b7653
 -4.5202309992028500,133.8721948597498113,#9b7653
 -4.7302344076283021,133.8600330731767940,#9b7653
 -4.9402051114047802,133.8473191375718443,#9b7653
 -5.1501416588033848,133.8340531408387051,#9b7653
 -5.3600425983312627,133.8202351746978707,#9b7653
 -5.5699064787418626,133.8058653346862172,#9b7653
 -5.7797318490448575,133.7909437201562355,#9b7653
 -5.9895172585160692,133.7754704342753485,#9b7653
 -6.1992612567077163,133.7594455840252294,#9b7653
 -6.4089623934583297,133.7428692802010914,#9b7653
 -6.6186192189026807,133.7257416374107493,#9b7653
 -6.8282302834820090,133.7080627740741079,#9b7653
 -7.0377941379539468,133.6898328124220825,#9b7653
 -7.2473093334024261,133.6710518784958595,#9b7653
 -7.4567744212479150,133.6517201021461005,#9b7653
 -7.6661879532573183,133.6318376170318629,#9b7653
 -7.8755484815538948,133.6114045606199170,#9b7653
 -8.0848545586274714,133.5904210741835527,#9b7653
 -8.2941047373443499,133.5688873028017269,#9b7653
 -8.5032975709572067,133.5468033953580971,#9b7653
 -8.7124316131153030,133.5241695045398842,#9b7653
 -8.9215054178743838,133.5009857868368783,#9b7653
 -9.1305175397065650,133.4772524025403868,#9b7653
 -9.3394665335105440,133.4529695157420406,#9b7653
 -9.5483509546214815,133.4281372943327710,#9b7653
 -9.7571693588208870,133.4027559100015594,#9b7653
 -9.9659203023468095,133.3768255382342147,#9b7653
-10.1746023419037215,133.3503463583123221,#9b7653
-10.3832140346723953,133.3233185533118217,#9b7653
-10.5917539383200712,133.2957423101018719,#9b7653
-10.8002206110103458,133.2676178193435135,#9b7653
-11.0086126114130209,133.2389452754883621,#9b7653
-11.2169284987142888,133.2097248767771589,#9b7653
-11.4251668326265481,133.1799568252386052,#9b7653
-11.6333261733984337,133.1496413266877994,#9b7653
-11.8414050818246253,133.1187785907248440,#9b7653
-12.0494021192560261,133.0873688307334533,#9b7653
-12.2573158476095792,133.0554122638794183,#9b7653
-12.4651448293781275,133.0229091111092146,#9b7653
-12.6728876276405451,132.9898595971482678,#9b7653
-12.8805428060715865,132.9562639504995616,#9b7653
-13.0881089289516872,132.9221224034420743,#9b7653
-13.2955845611771259,132.8874351920290735,#9b7653
-13.5029682682698216,132.8522025560865245,#9b7653
-13.7102586163871631,132.8164247392114419,#9b7653
-13.9174541723321177,132.7801019887701841,#9b7653
-14.1245535035630461,132.7432345558968336,#9b7653
-14.3315551782034944,132.7058226954912641,#9b7653
-14.5384577650523106,132.6678666662176056,#9b7653
-14.7452598335934297,132.6293667305022836,#9b7653
-14.9519599540056607,132.5903231545322569,#9b7653
-15.1585566971727843,132.5507362082533120,#9b7653
-15.3650486346933270,132.5106061653679319,#9b7653
-15.5714343388903327,132.4699333033336188,#9b7653
-15.7777123828214414,132.4287179033609050,#9b7653
-15.9838813402886526,132.3869602504113629,#9b7653
-16.1899397858480825,132.3446606331957582,#9b7653
-16.3958862948200199,132.3018193441719177,#9b7653
-16.6017194432986912,132.2584366795427400,#9b7653
-16.8074378081619784,132.2145129392542344,#9b7653
-17.0130399670814789,132.1700484269933611,#9b7653
-17.2185244985322328,132.1250434501859559,#9b7653
-17.4238899818024500,132.0794983199946273,#9b7653
-17.6291349970035363,132.0334133513165398,#9b7653
-17.8342581250798133,131.9867888627812818,#9b7653
-18.0392579478182107,131.9396251767486774,#9b7653
-18.2441330478583055,131.8919226193065697,#9b7653
-18.4488820087019860,131.8436815202684897,#9b7653
-18.6535034147231791,131.7949022131714685,#9b7653
-18.8579958511778010,131.7455850352736206,#9b7653
-19.0623579042134708,131.6957303275519280,#9b7653
-19.2665881608791665,131.6453384346997950,#9b7653
-19.4706852091352118,131.5944097051247752,#9b7653
-19.6746476378629183,131.5429444909460130,#9b7653
-19.8784740368742483,131.4909431479919135,#9b7653
-20.0821629969217774,131.4384060357976693,#9b7653
-20.2857131097083290,131.3853335176027315,#9b7653
-20.4891229678965985,131.3317259603483080,#9b7653
-20.6923911651191084,131.2775837346749768,#9b7653
-20.8955162959878180,131.2229072149197577,#9b7653
-21.0984969561037339,131.1676967791140100,#9b7653
-21.3013317420668358,131.1119528089803907,#9b7653
-21.5040192514856621,131.0556756899304105,#9b7653
-21.7065580829869305,130.9988658110618758,#9b7653
-21.9089468362253896,130.9415235651559613,#9b7653
-22.1111841118934507,130.8836493486745951,#9b7653
-22.3132685117307084,130.8252435617577873,#9b7653
-22.5151986385338532,130.7663066082207877,#9b7653
-22.7169730961661642,130.7068388955513001,#9b7653
-22.9185904895672650,130.6468408349066692,#9b7653
-23.1200494247625912,130.5863128411110665,#9b7653
-23.3213485088732710,130.5252553326525913,#9b7653
-23.5224863501256287,130.4636687316803432,#9b7653
-23.7234615578607091,130.4015534640016654,#9b7653
-23.9242727425441082,130.3389099590789328,#9b7653
-24.1249185157754731,130.2757386500268240,#9b7653
-24.3253974902979841,130.2120399736091940,#9b7653
-24.5257082800081783,130.1478143702361194,#9b7653
-24.7258494999654062,130.0830622839608282,#9b7653
-24.9258197664013110,130.0177841624766018,#9b7653
-25.1256176967296128,129.9519804571137342,#9b7653
-25.3252419095555581,129.8856516228364057,#9b7653
-25.5246910246853567,129.8187981182394424,#9b7653
-25.7239636631359438,129.7514204055452751,#9b7653
-25.9230584471444168,129.6835189506006998,#9b7653
-26.1219740001774312,129.6150942228736085,#9b7653
-26.3207089469409539,129.5461466954498064,#9b7653
-26.5192619133896486,129.4766768450297150,#9b7653
-26.7176315267362874,129.4066851519249894,#9b7653
-26.9158164154614354,129.3361721000554780,#9b7653
-27.1138152093228442,129.2651381769454701,#9b7653
-27.3116265393648021,129.1935838737206836,#9b7653
-27.5092490379278303,129.1215096851046269,#9b7653
-27.7066813386580151,129.0489161094153303,#9b7653
-27.9039220765163662,128.9758036485618504,#9b7653
-28.1009698877884446,128.9021728080408025,#9b7653
-28.2978234100937058,128.8280240969327792,#9b7653
-28.4944812823948155,128.7533580278989973,#9b7653
-28.6909421450072379,128.6781751171776307,#9b7653
-28.8872046396085693,128.6024758845802580,#9b7653
-29.0832674092478136,128.5262608534883100,#9b7653
-29.2791290983549537,128.4495305508494312,#9b7653
-29.4747883527502523,128.3722855071738422,#9b7653
-29.6702438196534821,128.2945262565305882,#9b7653
-29.8654941476934965,128.2162533365440709,#9b7653
-30.0605379869174847,128.1374672883899564,#9b7653
-30.2553739888001729,128.0581686567919064,#9b7653
-30.4500008062533745,127.9783579900173862,#9b7653
-30.6444170936351981,127.8980358398741117,#9b7653
-30.8386215067592495,127.8172027617061985,#9b7653
-31.0326127029041103,127.7358593143902681,#9b7653
-31.2263893408225570,127.6540060603315965,#9b7653
-31.4199500807507022,127.5716435654602776,#9b7653
-31.6132935844174590,127.4887723992272868,#9b7653
-31.8064185150537213,127.4053931346004589,#9b7653
-31.9993235374014695,127.3215063480606943,#9b7653
-32.1920073177232453,127.2371126195978093,#9b7653
-32.3844685238112220,127.1522125327066277,#9b7653
-32.5767058249963597,127.0668066743829172,#9b7653
-32.7687178921577882,126.9808956351193245,#9b7653
-32.9605033977318485,126.8944800089012688,#9b7653
-33.1520610157213653,126.8075603932029054,#9b7653
-33.3433894217046713,126.7201373889829341,#9b7653
-33.5344872928449433,126.6322116006804492,#9b7653
-33.7253533078992831,126.5437836362108044,#9b7653
-33.9159861472277342,126.4548541069613634,#9b7653
-34.1063844928026114,126.3654236277872798,#9b7653
-34.2965470282174962,126.2754928170072475,#9b7653
-34.4864724386962536,126.1850622963992663,#9b7653
-34.6761594111023399,126.0941326911962932,#9b7653
-34.8656066339477420,126.0027046300819222,#9b7653
-35.0548127974019721,125.9107787451860645,#9b7653
-35.2437765933013196,125.8183556720805569,#9b7653
-35.4324967151577965,125.7254360497747854,#9b7653
-35.6209718581680548,125.6320205207112650,#9b7653
-35.8092007192226376,125.5381097307611640,#9b7653
-35.9971819969148470,125.4437043292198695,#9b7653
-36.1849143915496967,125.3488049688025257,#9b7653
-36.3723966051530425,125.2534123056394435,#9b7653
-36.5596273414804998,125.1575269992716244,#9b7653
-36.7466053060262752,125.0611497126462268,#9b7653
-36.9333292060323330,124.9642811121118768,#9b7653
-37.1197977504972272,124.8669218674141490,#9b7653
-37.3060096501849330,124.7690726516909194,#9b7653
-37.4919636176339708,124.6707341414677188,#9b7653
-37.6776583671661598,124.5719070166529718,#9b7653
-37.8630926148954714,124.4725919605334781,#9b7653
-38.0482650787370673,124.3727896597694809,#9b7653
-38.2331744784160605,124.2725008043900061,#9b7653
-38.4178195354763048,124.1717260877882012,#9b7653
-38.6021989732893829,124.0704662067163326,#9b7653
-38.7863115170633748,123.9687218612811108,#9b7653
-38.9701558938515404,123.8664937549388441,#9b7653
-39.1537308325613438,123.7637825944904932,#9b7653
-39.3370350639631354,123.6605890900768543,#9b7653
-39.5200673206988355,123.5569139551736555,#9b7653
-39.7028263372908441,123.4527579065865694,#9b7653
-39.8853108501507805,123.3481216644462819,#9b7653
-40.0675195975880527,123.2430059522035606,#9b7653
-40.2494513198187960,123.1374114966241535,#9b7653
-40.4311047589744916,123.0313390277838295,#9b7653
-40.6124786591105504,122.9247892790633756,#9b7653
-40.7935717662152086,122.8177629871434391,#9b7653
-40.9743828282181184,122.7102608919994253,#9b7653
-41.1549105949988387,122.6022837368964957,#9b7653
-41.3351538183957388,122.4938322683843097,#9b7653
-41.5151112522145240,122.3849072362919230,#9b7653
-41.6947816522367205,122.2755093937226150,#9b7653
-41.8741637762284924,122.1656394970486019,#9b7653
-42.0532563839491402,122.0552983059059216,#9b7653
-42.2320582371595705,121.9444865831890894,#9b7653
-42.4105680996310497,121.8332050950458694,#9b7653
-42.5887847371536452,121.7214546108719446,#9b7653
-42.7667069175447097,121.6092359033056454,#9b7653
-42.9443334106575065,121.4965497482225771,#9b7653
-43.1216629883896658,121.3833969247302491,#9b7653
-43.2986944246917105,121.2697782151626456,#9b7653
-43.4754264955753982,121.1556944050749962,#9b7653
-43.6518579791223971,121.0411462832380920,#9b7653
-43.8279876554925991,120.9261346416329985,#9b7653
-44.0038143069325045,120.8106602754455849,#9b7653
-44.1793367177837979,120.6947239830609107,#9b7653
-44.3545536744916902,120.5783265660577825,#9b7653
-44.5294639656131608,120.4614688292032838,#9b7653
-44.7040663818255908,120.3441515804470185,#9b7653
-44.8783597159349767,120.2263756309156975,#9b7653
-45.0523427628842086,120.1081417949074819,#9b7653
-45.2260143197615889,119.9894508898863279,#9b7653
-45.3993731858090328,119.8703037364763020,#9b7653
-45.5724181624303171,119.7507011584560246,#9b7653
-45.7451480531995145,119.6306439827528862,#9b7653
-45.9175616638691864,119.5101330394372781,#9b7653
-46.0896578023785608,119.3891691617170210,#9b7653
-46.2614352788619314,119.2677531859314684,#9b7653
-46.4328929056568356,119.1458859515457220,#9b7653
-46.6040294973121263,119.0235683011449481,#9b7653
-46.7748438705963565,118.9008010804283799,#9b7653
-46.9453348445059220,118.7775851382036052,#9b7653
-47.1155012402730833,118.6539213263807113,#9b7653
-47.2853418813742934,118.5298104999662172,#9b7653
-47.4548555935382694,118.4052535170573606,#9b7653
-47.6240412047540289,118.2802512388361009,#9b7653
-47.7928975452791462,118.1548045295631084,#9b7653
-47.9614234476477392,118.0289142565718237,#9b7653
-48.1296177466784911,117.9025812902625177,#9b7653
-48.2974792794828929,117.7758065040962094,#9b7653
-48.4650068854731160,117.6485907745885982,#9b7653
-48.6321994063700203,117.5209349813040944,#9b7653
-48.7990556862113394,117.3928400068496956,#9b7653
-48.9655745713595394,117.2643067368688463,#9b7653
-49.1317549105097200,117.1353360600353710,#9b7653
-49.2975955546978071,117.0059288680473202,#9b7653
-49.4630953573083332,116.8760860556207177,#9b7653
-49.6282531740823103,116.7458085204835783,#9b7653
-49.7930678631253087,116.6150971633694553,#9b7653
-49.9575382849152874,116.4839528880113591,#9b7653
-50.1216633023103384,116.3523766011355463,#9b7653
-50.2854417805568090,116.2203692124551111,#9b7653
-50.4488725872969326,116.0879316346637609,#9b7653
-50.6119545925766943,115.9550647834295773,#9b7653
-50.7746866688537466,115.8217695773885652,#9b7653
-50.9370676910051046,115.6880469381383705,#9b7653
-51.0990965363350043,115.5538977902319004,#9b7653
-51.2607720845824986,115.4193230611709708,#9b7653
-51.4220932179294437,115.2843236813997549,#9b7653
-51.5830588210080876,115.1489005842984881,#9b7653
-51.7436677809087158,115.0130547061770159,#9b7653
-51.9039189871875237,114.8767869862682005,#9b7653
-52.0638113318741773,114.7400983667215542,#9b7653
-52.2233437094794510,114.6029897925966452,#9b7653
-52.3825150170029730,114.4654622118565896,#9b7653
-52.5413241539407920,114.3275165753615141,#9b7653
-52.6997700222929311,114.1891538368619621,#9b7653
-52.8578515265710962,114.0503749529923141,#9b7653
-53.0155675738062016,113.9111808832640804,#9b7653
-53.1729170735558370,113.7715725900595203,#9b7653
-53.3298989379119703,113.6315510386246359,#9b7653
-53.4865120815083728,113.4911171970627777,#9b7653
-53.6427554215280722,113.3502720363278513,#9b7653
-53.7986278777109632,113.2090165302175961,#9b7653
-53.9541283723612395,113.0673516553668065,#9b7653
-54.1092558303547264,112.9252783912407381,#9b7653
-54.2640091791464911,112.7827977201281726,#9b7653
-54.4183873487781611,112.6399106271346682,#9b7653
-54.5723892718853421,112.4966181001757946,#9b7653
-54.7260138837049297,112.3529211299703121,#9b7653
-54.8792601220826199,112.2088207100332227,#9b7653
-55.0321269274801494,112.0643178366689767,#9b7653
-55.1846132429825715,111.9194135089646238,#9b7653
-55.3367180143057027,111.7741087287827781,#9b7653
-55.4884401898033559,111.6284045007547974,#9b7653
-55.6397787204744958,111.4823018322738477,#9b7653
-55.7907325599706923,111.3358017334878411,#9b7653
-55.9413006646032329,111.1889052172924721,#9b7653
-56.0914819933503068,111.0416132993243679,#9b7653
-56.2412755078642945,110.8939269979538551,#9b7653
-56.3906801724789659,110.7458473342780252,#9b7653
-56.5396949542164506,110.5973753321136996,#9b7653
-56.6883188227946206,110.4485120179902538,#9b7653
-56.8365507506340961,110.2992584211425964,#9b7653
-56.9843897128652870,110.1496155735040929,#9b7653
-57.1318346873356191,109.9995845096993037,#9b7653
-57.2788846546165615,109.8491662670368925,#9b7653
-57.4255385980105260,109.6983618855025497,#9b7653
-57.5717955035581213,109.5471724077516313,#9b7653
-57.7176543600450671,109.3955988791020388,#9b7653
-57.8631141590090863,109.2436423475270431,#9b7653
-58.0081738947470456,109.0913038636479087,#9b7653
-58.1528325643218409,108.9385844807267461,#9b7653
-58.2970891675692258,108.7854852546592213,#9b7653
-58.4409427071049521,108.6320072439671378,#9b7653
-58.5843921883314778,108.4781515097912035,#9b7653
-58.7274366194448589,108.3239191158838253,#9b7653
-58.8700750114417204,108.1693111286014499,#9b7653
-59.0123063781260342,108.0143286168974299,#9b7653
-59.1541297361158342,107.8589726523146339,#9b7653
-59.2955441048502081,107.7032443089778724,#9b7653
-59.4365485065959547,107.5471446635865505,#9b7653
-59.5771419664543203,107.3906747954073637,#9b7653
-59.7173235123678268,107.2338357862666101,#9b7653
-59.8570921751269935,107.0766287205428142,#9b7653
-59.9964469883768814,106.9190546851593240,#9b7653
-60.1353869886240062,106.7611147695765652,#9b7653
-60.2739112152428476,106.6028100657847233,#9b7653
-60.4120187104824709,106.4441416682961403,#9b7653
-60.5497085194732705,106.2851106741376839,#9b7653
-60.6869796902335281,106.1257181828431442,#9b7653
-60.8238312736758644,105.9659652964458019,#9b7653
-60.9602623236140246,105.8058531194706404,#9b7653
-61.0962718967692524,105.6453827589267007,#9b7653
-61.2318590527768620,105.4845553242996345,#9b7653
-61.3670228541927472,105.3233719275437466,#9b7653
-61.5017623664998965,105.1618336830745193,#9b7653
-61.6360766581147317,104.9999417077608541,#9b7653
-61.7699648003937156,104.8376971209172837,#9b7653
-61.9034258676396476,104.6751010442963263,#9b7653
-62.0364589371081507,104.5121546020806136,#9b7653
-62.1690630890139388,104.3488589208753012,#9b7653
-62.3012374065372825,104.1852151297001114,#9b7653
-62.4329809758303327,104.0212243599815025,#9b7653
-62.5642928860233525,103.8568877455451229,#9b7653
-62.6951722292311473,103.6922064226075975,#9b7653
-62.8256181005592467,103.5271815297688960,#9b7653
-62.9556295981101570,103.3618142080045175,#9b7653
-63.0852058229896642,103.1961056006573614,#9b7653
-63.2143458793130293,103.0300568534300254,#9b7653
-63.3430488742110853,102.8636691143768473,#9b7653
-63.4713139178365608,102.6969435338959045,#9b7653
-63.5991401233701836,102.5298812647210696,#9b7653
-63.7265266070266918,102.3624834619141382,#9b7653
-63.8534724880611293,102.1947512828567426,#9b7653
-63.9799768887748286,102.0266858872423086,#9b7653
-64.1060389345214645,101.8582884370682251,#9b7653
-64.2316577537131792,101.6895600966276305,#9b7653
-64.3568324778265435,101.5205020325013976,#9b7653
-64.4815622414085965,101.3511154135501897,#9b7653
-64.6058461820827858,101.1814014109061759,#9b7653
-64.7296834405550214,101.0113611979650869,#9b7653
-64.8530731606194735,100.8409959503781010,#9b7653
-64.9760144891646405,100.6703068460436441,#9b7653
-65.0985065761791617,100.4992950650991901,#9b7653
-65.2205485747577143,100.3279617899133314,#9b7653
-65.3421396411068542,100.1563082050773801,#9b7653
-65.4632789345508854, 99.9843354973972112,#9b7653
-65.5839656175376433, 99.8120448558852331,#9b7653
-65.7041988556442931, 99.6394374717519042,#9b7653
-65.8239778175831134, 99.4665145383976892,#9b7653
-65.9433016752071666, 99.2932772514047599,#9b7653
-66.0621696035161818, 99.1197268085286964,#9b7653
-66.1805807806621260, 98.9458644096901736,#9b7653
-66.2985343879548878, 98.7716912569668608,#9b7653
-66.4160296098680334, 98.5972085545848245,#9b7653
-66.5330656340443483, 98.4224175089103710,#9b7653
-66.6496416513014935, 98.2473193284417619,#9b7653
-66.7657568556376333, 98.0719152238007013,#9b7653
-66.8814104442369626, 97.8962064077240228,#9b7653
-66.9966016174752070, 97.7201940950554047,#9b7653
-67.1113295789252930, 97.5438795027368428,#9b7653
-67.2255935353627763, 97.3672638498002527,#9b7653
-67.3393926967712417, 97.1903483573591132,#9b7653
-67.4527262763479172, 97.0131342485999824,#9b7653
-67.5655934905090447, 96.8356227487739716,#9b7653
-67.6779935588952384, 96.6578150851884885,#9b7653
-67.7899257043770262, 96.4797124871984408,#9b7653
-67.9013891530600802, 96.3013161861979796,#9b7653
-68.0123831342906158, 96.1226274156119302,#9b7653
-68.1229068806607359, 95.9436474108871948,#9b7653
-68.2329596280138020, 95.7643774094842541,#9b7653
-68.3425406154495079, 95.5848186508686695,#9b7653
-68.4516490853293789, 95.4049723765023856,#9b7653
-68.5602842832818737, 95.2248398298352754,#9b7653
-68.6684454582076569, 95.0444222562964285,#9b7653
-68.7761318622847000, 94.8637209032856958,#9b7653
-68.8833427509735969, 94.6827370201648648,#9b7653
-68.9900773830226228, 94.5014718582491611,#9b7653
-69.0963350204728499, 94.3199266707986226,#9b7653
-69.2021149286632635, 94.1381027130092605,#9b7653
-69.3074163762358921, 93.9560012420045609,#9b7653
-69.4122386351407528, 93.7736235168267314,#9b7653
-69.5165809806410380, 93.5909707984279748,#9b7653
-69.6204426913179901, 93.4080443496617363,#9b7653
-69.7238230490759463, 93.2248454352741476,#9b7653
-69.8267213391472836, 93.0413753218950177,#9b7653
-69.9291368500974357, 92.8576352780292638,#9b7653
-70.0310688738296818, 92.6736265740481713,#9b7653
-70.1325167055901346, 92.4893504821803987,#9b7653
-70.2334796439726290, 92.3048082765033655,#9b7653
-70.3339569909234825, 92.1200012329344702,#9b7653
-70.4339480517463841, 91.9349306292220945,#9b7653
-70.5334521351072112, 91.7495977449368354,#9b7653
-70.6324685530387342, 91.5640038614628224,#9b7653
-70.7309966209454757, 91.3781502619886226,#9b7653
-70.8290356576083866, 91.1920382314984295,#9b7653
-70.9265849851894927, 91.0056690567633666,#9b7653
-71.0236439292367265, 90.8190440263323069,#9b7653
-71.1202118186884746, 90.6321644305231189,#9b7653
-71.2162879858782674, 90.4450315614138276,#9b7653
-71.3118717665393689, 90.2576467128334770,#9b7653
-71.4069624998094383, 90.0700111803532621,#9b7653
-71.5015595282349352, 89.8821262612777190,#9b7653
-71.5956621977758658, 89.6939932546355436,#9b7653
-71.6892698578102170, 89.5056134611706824,#9b7653
-71.7823818611383615, 89.3169881833334500,#9b7653
-71.8749975639877192, 89.1281187252713494,#9b7653
-71.9671163260170914, 88.9390063928201045,#9b7653
-72.0587375103210519, 88.7496524934948070,#9b7653
-72.1498604834344661, 88.5600583364805942,#9b7653
-72.2404846153367970, 88.3702252326237669,#9b7653
-72.3306092794564535, 88.1801544944227658,#9b7653
-72.4202338526751674, 87.9898474360189198,#9b7653
-72.5093577153322713, 87.7993053731875364,#9b7653
-72.5979802512290036, 87.6085296233287210,#9b7653
-72.6861008476327157, 87.4175215054582821,#9b7653
-72.7737188952812062, 87.2262823401985514,#9b7653
-72.8608337883868273, 87.0348134497694446,#9b7653
-72.9474449246407346, 86.8431161579790825,#9b7653
-73.0335517052170644, 86.6511917902147104,#9b7653
-73.1191535347769985, 86.4590416734337310,#9b7653
-73.2042498214729846, 86.2666671361542114,#9b7653
-73.2888399769527297, 86.0740695084458594,#9b7653
-73.3729234163633066, 85.8812501219209423,#9b7653
-73.4564995583552616, 85.6882103097248660,#9b7653
-73.5395678250865217, 85.4949514065270364,#9b7653
-73.6221276422264452, 85.3014747485117084,#9b7653
-73.7041784389598149, 85.1077816733686490,#9b7653
-73.7857196479907600, 84.9138735202839143,#9b7653
-73.8667507055466501, 84.7197516299306130,#9b7653
-73.9472710513820317, 84.5254173444596546,#9b7653
-74.0272801287824933, 84.3308720074903988,#9b7653
-74.1067773845685593, 84.1361169641013760,#9b7653
-74.1857622690993566, 83.9411535608211494,#9b7653
-74.2642342362766499, 83.7459831456187374,#9b7653
-74.3421927435484378, 83.5506070678944610,#9b7653
-74.4196372519127323, 83.3550266784706508,#9b7653
-74.4965672259213534, 83.1592433295821678,#9b7653
-74.5729821336835812, 82.9632583748671095,#9b7653
-74.6488814468698223, 82.7670731693576016,#9b7653
-74.7242646407153330, 82.5706890694701485,#9b7653
-74.7991311940237580, 82.3741074329964249,#9b7653
-74.8734805891707538, 82.1773296190939675,#9b7653
-74.9473123121076554, 81.9803569882765686,#9b7653
-75.0206258523649012, 81.7831909024049821,#9b7653
-75.0934207030556422, 81.5858327246776156,#9b7653
-75.1656963608792381, 81.3882838196208667,#9b7653
-75.2374523261247248, 81.1905455530798150,#9b7653
-75.3086881026742674, 80.9926192922089001,#9b7653
-75.3794031980065711, 80.7945064054622435,#9b7653
-75.4495971232003768, 80.5962082625842555,#9b7653
-75.5192693929376730, 80.3977262346003272,#9b7653
-75.5884195255072484, 80.1990616938071526,#9b7653
-75.6570470428079034, 80.0002160137632643,#9b7653
-75.7251514703517330, 79.8011905692796972,#9b7653
-75.7927323372674948, 79.6019867364102538,#9b7653
-75.8597891763038206, 79.4026058924421818,#9b7653
-75.9263215238324278, 79.2030494158865679,#9b7653
-75.9923289198513743, 79.0033186864688162,#9b7653
-76.0578109079882125, 78.8034150851190134,#9b7653
-76.1227670355031023, 78.6033399939626491,#9b7653
-76.1871968532920221, 78.4030947963107678,#9b7653
-76.2510999158898386, 78.2026808766505042,#9b7653
-76.3144757814733481, 78.0020996206356472,#9b7653
-76.3773240118643884, 77.8013524150768490,#9b7653
-76.4396441725328515, 77.6004406479320892,#9b7653
-76.5014358325996398, 77.3993657082972817,#9b7653
-76.5626985648397635, 77.1981289863963411,#9b7653
-76.6234319456851694, 76.9967318735718180,#9b7653
-76.6836355552276956, 76.7951757622752211,#9b7653
-76.7433089772220285, 76.5934620460573115,#9b7653
-76.8024517990885869, 76.3915921195585099,#9b7653
-76.8610636119162507, 76.1895673784993619,#9b7653
-76.9191440104653452, 75.9873892196707459,#9b7653
-76.9766925931703554, 75.7850590409241818,#9b7653
-77.0337089621426827, 75.5825782411624090,#9b7653
-77.0901927231735016, 75.3799482203294389,#9b7653
-77.1461434857363457, 75.1771703794009909,#9b7653
-77.2015608629899361, 74.9742461203748860,#9b7653
-77.2564444717807532, 74.7711768462612270,#9b7653
-77.3107939326457512, 74.5679639610727065,#9b7653
-77.3646088698149725, 74.3646088698149725,#9b7653
-10.5691785736085286,  7.5691785736085260,#9b7653
-10.6022974545758508,  7.5227181712925031,#9b7653
-10.6352121046002424,  7.4761128596460145,#9b7653
-10.6679218896502501,  7.4293635364222856,#9b7653
-10.7004261796407203,  7.3824711021486218,#9b7653
-10.7327243484449255,  7.3354364601090678,#9b7653
-10.7648157739066335,  7.2882605163269876,#9b7653
-10.7966998378520831,  7.2409441795476370,#9b7653
-10.8283759261018968,  7.1934883612206457,#9b7653
-10.8598434284829128,  7.1458939754824593,#9b7653
-10.8911017388399340,  7.0981619391387349,#9b7653
-10.9221502550474110,  7.0502931716466790,#9b7653
-10.9529883790210345,  7.0022885950973341,#9b7653
-10.9836155167292588,  6.9541491341978201,#9b7653
-11.0140310782047415,  6.9058757162535223,#9b7653
-11.0442344775557242,  6.8574692711502143,#9b7653
-11.0742251329772898,  6.8089307313361722,#9b7653
-11.1040024667625925,  6.7602610318041929,#9b7653
-11.1335659053139757,  6.7114611100735884,#9b7653
-11.1629148791540267,  6.6625319061721306,#9b7653
-11.1920488229365436,  6.6134743626179375,#9b7653
-11.2209671754574245,  6.5642894244013199,#9b7653
-11.2496693796654821,  6.5149780389665812,#9b7653
-11.2781548826731690,  6.4655411561937610,#9b7653
-11.3064231357672274,  6.4159797283803490,#9b7653
-11.3344735944192703,  6.3662947102229159,#9b7653
-11.3623057182962572,  6.3164870587987565,#9b7653
-11.3899189712709052,  6.2665577335474323,#9b7653
-11.4173128214320201,  6.2165076962522932,#9b7653
-11.4444867410947442,  6.1663379110219552,#9b7653
-11.4714402068107137,  6.1160493442717225,#9b7653
-11.4981726993781486,  6.0656429647049803,#9b7653
-11.5246837038518493,  6.0151197432945258,#9b7653
-11.5509727095531201,  5.9644806532638741,#9b7653
-11.5770392100796045,  5.9137266700684918,#9b7653
-11.6028827033150410,  5.8628587713770344,#9b7653
-11.6285026914389302,  5.8118779370524933,#9b7653
-11.6538986809361305,  5.7607851491333308,#9b7653
-11.6790701826063597,  5.7095813918145550,#9b7653
-11.7040167115736278,  5.6582676514287700,#9b7653
-11.7287377872955627,  5.6068449164271694,#9b7653
-11.7532329335726775,  5.5553141773605006,#9b7653
-11.7775016785575417,  5.5036764268599851,#9b7653
-11.8015435547638692,  5.4519326596181807,#9b7653
-11.8253580990755225,  5.4000838723698488,#9b7653
-11.8489448527554337,  5.3481310638727360,#9b7653
-11.8723033614544420,  5.2960752348883382,#9b7653
-11.8954331752200453,  5.2439173881626262,#9b7653
-11.9183338485050712,  5.1916585284067249,#9b7653
-11.9410049401762546,  5.1392996622775655,#9b7653
-11.9634460135227325,  5.0868417983584884,#9b7653
-11.9856566362644674,  5.0342859471398258,#9b7653
-12.0076363805605659,  4.9816331209994127,#9b7653
-12.0293848230175211,  4.9288843341831177,#9b7653
-12.0509015446973660,  4.8760406027852818,#9b7653
-12.0721861311257506,  4.8231029447291593,#9b7653
-12.0932381722999214,  4.7700723797472975,#9b7653
-12.1140572626966208,  4.7169499293619035,#9b7653
-12.1346430012798923,  4.6637366168651644,#9b7653
-12.1549949915088167,  4.6104334672995320,#9b7653
-12.1751128413451397,  4.5570415074379858,#9b7653
-12.1949961632608375,  4.5035617657642346,#9b7653
-12.2146445742455629,  4.4499952724529326,#9b7653
-12.2340576958140375,  4.3963430593498174,#9b7653
-12.2532351540133408,  4.3426061599518393,#9b7653
-12.2721765794301074,  4.2887856093872498,#9b7653
-12.2908816071976474,  4.2348824443956641,#9b7653
-12.3093498770029726,  4.1808977033080925,#9b7653
-12.3275810330937450,  4.1268324260269358,#9b7653
-12.3455747242851110,  4.0726876540059598,#9b7653
-12.3633306039664959,  4.0184644302302130,#9b7653
-12.3808483301082468,  3.9641637991959700,#9b7653
-12.3981275652682470,  3.9097868068905850,#9b7653
-12.4151679765983989,  3.8553345007723530,#9b7653
-12.4319692358510512,  3.8008079297503312,#9b7653
-12.4485310193853120,  3.7462081441641337,#9b7653
-12.4648530081732805,  3.6915361957636974,#9b7653
-12.4809348878062014,  3.6367931376890277,#9b7653
-12.4967763485005143,  3.5819800244499094,#9b7653
-12.5123770851038252,  3.5270979119055794,#9b7653
-12.5277367971007845,  3.4721478572444151,#9b7653
-12.5428551886188711,  3.4171309189635517,#9b7653
-12.5577319684340942,  3.3620481568484966,#9b7653
-12.5723668499766088,  3.3069006319527130,#9b7653
-12.5867595513362254,  3.2516894065771851,#9b7653
-12.6009097952678513,  3.1964155442499522,#9b7653
-12.6148173091968214,  3.1410801097056207,#9b7653
-12.6284818252241529,  3.0856841688648644,#9b7653
-12.6419030801317120,  3.0302287888138650,#9b7653
-12.6550808153872723,  2.9747150377837932,#9b7653
-12.6680147771495015,  2.9191439851302072,#9b7653
-12.6807047162728548,  2.8635167013124607,#9b7653
-12.6931503883123629,  2.8078342578730839,#9b7653
-12.7053515535283559,  2.7520977274171385,#9b7653
-12.7173079768910675,  2.6963081835915608,#9b7653
-12.7290194280851701,  2.6404667010644767,#9b7653
-12.7404856815142047,  2.5845743555045084,#9b7653
-12.7517065163049388,  2.5286322235600300,#9b7653
-12.7626817163116115,  2.4726413828384617,#9b7653
-12.7734110701200940,  2.4166029118854917,#9b7653
-12.7838943710519715,  2.3605178901643034,#9b7653
-12.7941314171685168,  2.3043873980347831,#9b7653
-12.8041220112745879,  2.2482125167327078,#9b7653
-12.8138659609224170,  2.1919943283489203,#9b7653
-12.8233630784153263,  2.1357339158084816,#9b7653
-12.8326131808113360,  2.0794323628498192,#9b7653
-12.8416160899266973,  2.0230907540038250,#9b7653
-12.8503716323393178,  1.9667101745730025,#9b7653
-12.8588796393920983,  1.9102917106105350,#9b7653
-12.8671399471961969,  1.8538364488993713,#9b7653
-12.8751523966341708,  1.7973454769312913,#9b7653
-12.8829168333630459,  1.7408198828859587,#9b7653
-12.8904331078172909,  1.6842607556099574,#9b7653
-12.8977010752117049,  1.6276691845958198,#9b7653
-12.9047205955441910,  1.5710462599610431,#9b7653
-12.9114915335984684,  1.5143930724270633,#9b7653
-12.9180137589466639,  1.4577107132983087,#9b7653
-12.9242871459518405,  1.4010002744410952,#9b7653
-12.9303115737703997,  1.3442628482626597,#9b7653
-12.9360869263544238,  1.2874995276900867,#9b7653
-12.9416130924538955,  1.2307114061492621,#9b7653
-12.9468899656188654,  1.1738995775438097,#9b7653
-12.9519174442014755,  1.1170651362340207,#9b7653
-12.9566954313579323,  1.0602091770157778,#9b7653
-12.9612238350503759,  1.0033327950994375,#9b7653
-12.9655025680486347,  0.9464370860887978,#9b7653
-12.9695315479319291,  0.8895231459599113,#9b7653
-12.9733106970904402,  0.8325920710400386,#9b7653
-12.9768399427268157,  0.7756449579864994,#9b7653
-12.9801192168575668,  0.7186829037655547,#9b7653
-12.9831484563143817,  0.6617070056312757,#9b7653
-12.9859276027453348,  0.6047183611044072,#9b7653
-12.9884566026160222,  0.5477180679512326,#9b7653
-12.9907354072105878,  0.4907072241623980,#9b7653
-12.9927639726326536,  0.4336869279318259,#9b7653
-12.9945422598061793,  0.3766582776354799,#9b7653
-12.9960702344762051,  0.3196223718102699,#9b7653
-12.9973478672095144,  0.2625803091328629,#9b7653
-12.9983751333952018,  0.2055331883985244,#9b7653
-12.9991520132451495,  0.1484821084999528,#9b7653
-12.9996784917944002,  0.0914281684061115,#9b7653
-12.9999545589014502,  0.0343724671410653,#9b7653
-12.9999802092484558, -0.0226838962372189,#9b7653
-12.9997554423413071, -0.0797398226579795,#9b7653
-12.9992802625096733, -0.1367942130589124,#9b7653
-12.9985546789068920, -0.1938459684072785,#9b7653
-12.9975787055098007, -0.2508939897211034,#9b7653
-12.9963523611184755, -0.3079371780903409,#9b7653
-12.9948756693558565, -0.3649744346980415,#9b7653
-12.9931486586673071, -0.4220046608415181,#9b7653
-12.9911713623200491, -0.4790267579535055,#9b7653
-12.9889438184025359, -0.5360396276233498,#9b7653
-12.9864660698237113, -0.5930421716181042,#9b7653
-12.9837381643121859, -0.6500332919037650,#9b7653
-12.9807601544153179, -0.7070118906663584,#9b7653
-12.9775320974981998, -0.7639768703331177,#9b7653
-12.9740540557425508, -0.8209271335936191,#9b7653
-12.9703260961455289, -0.8778615834209199,#9b7653
-12.9663482905184235, -0.9347791230926891,#9b7653
-12.9621207154852911, -0.9916786562123291,#9b7653
-12.9576434524814612, -1.0485590867301238,#9b7653
-12.9529165877519841, -1.1054193189642874,#9b7653
-12.9479402123499607, -1.1622582576221527,#9b7653
-12.9427144221347827, -1.2190748078212048,#9b7653
-12.9372393177703024, -1.2758678751102013,#9b7653
-12.9315150047228791, -1.3326363654902489,#9b7653
-12.9255415932593518, -1.3893791854358764,#9b7653
-12.9193191984449260, -1.4460952419160991,#9b7653
-12.9128479401409315, -1.5027834424154694,#9b7653
-12.9061279430025415, -1.5594426949551485,#9b7653
-12.8991593364763570, -1.6160719081138797,#9b7653
-12.8919422547979110, -1.6726699910490914,#9b7653
-12.8844768369890907, -1.7292358535178469,#9b7653
-12.8767632268554575, -1.7857684058978764,#9b7653
-12.8688015729834717, -1.8422665592085568,#9b7653
-12.8605920287376367, -1.8987292251318919,#9b7653
-12.8521347522575429, -1.9551553160334747,#9b7653
-12.8434299064548174, -2.0115437449834399,#9b7653
-12.8344776590099929, -2.0678934257773984,#9b7653
-12.8252781823692708, -2.1242032729573599,#9b7653
-12.8158316537412045, -2.1804722018326599,#9b7653
-12.8061382550932841, -2.2366991285008231,#9b7653
-12.7961981731484293, -2.2928829698684616,#9b7653
-12.7860115993813945, -2.3490226436721384,#9b7653
-12.7755787300150825, -2.4051170684992091,#9b7653
-12.7648997660167591, -2.4611651638086576,#9b7653
-12.7539749130941882, -2.5171658499519061,#9b7653
-12.7428043816916627, -2.5731180481936167,#9b7653
-12.7313883869859623, -2.6290206807324621,#9b7653
-12.7197271488821873, -2.6848726707219113,#9b7653
-12.7078208920095470, -2.7406729422909382,#9b7653
-12.6956698457170187, -2.7964204205647691,#9b7653
-12.6832742440689277, -2.8521140316855820,#9b7653
-12.6706343258404495, -2.9077527028331915,#9b7653
-12.6577503345130040, -2.9633353622457164,#9b7653
-12.6446225182695606, -3.0188609392402226,#9b7653
-12.6312511299898667, -3.0743283642333492,#9b7653
-12.6176364272455732, -3.1297365687619054,#9b7653
-12.6037786722952685, -3.1850844855034754,#9b7653
-12.5896781320794275, -3.2403710482969426,#9b7653
-12.5753350782152840, -3.2955951921630513,#9b7653
-12.5607497869915719, -3.3507558533249151,#9b7653
-12.5459225393632288, -3.4058519692285087,#9b7653
-12.5308536209459689, -3.4608824785631351,#9b7653
-12.5155433220107835, -3.5158463212818698,#9b7653
-12.4999919374783577, -3.5707424386219788,#9b7653
-12.4841997669133793, -3.6255697731253123,#9b7653
-12.4681671145187689, -3.6803272686586910,#9b7653
-12.4518942891298270, -3.7350138704342219,#9b7653
-12.4353816042082812, -3.7896285250296344,#9b7653
-12.4186293778362487, -3.8441701804085713,#9b7653
-12.4016379327101092, -3.8986377859408488,#9b7653
-12.3844075961342828, -3.9530302924226994,#9b7653
-12.3669387000149360, -4.0073466520969809,#9b7653
-12.3492315808535835, -4.0615858186733593,#9b7653
-12.3312865797406008, -4.1157467473484557,#9b7653
-12.3131040423486553, -4.1698283948260029,#9b7653
-12.2946843189260679, -4.2238297193368801,#9b7653
-12.2760277642900277, -4.2777496806592596,#9b7653
-12.2571347378197917, -4.3315872401385809,#9b7653
-12.2380056034497429, -4.3853413607075860,#9b7653
-12.2186407296623951, -4.4390110069062931,#9b7653
-12.1990404894812734, -4.4925951449019426,#9b7653
-12.1792052604637480, -4.5460927425089084,#9b7653
-12.1591354246937566, -4.5995027692085779,#9b7653
-12.1388313687744329, -4.6528241961692292,#9b7653
-12.1182934838206826, -4.7060559962657900,#9b7653
-12.0975221654516201, -4.7591971440997005,#9b7653
-12.0765178137829743, -4.8122466160186024,#9b7653
-12.0552808334193653, -4.8652033901360863,#9b7653
-12.0338116334465202, -4.9180664463513706,#9b7653
-12.0121106274233824, -4.9708347663689487,#9b7653
-11.9901782333741487, -5.0235073337182268,#9b7653
-11.9680148737802305, -5.0760831337730474,#9b7653
-11.9456209755720888, -5.1285611537713143,#9b7653
-11.9229969701210443, -5.1809403828344163,#9b7653
-11.9001432932309292, -5.2332198119867774,#9b7653
-11.8770603851297292, -5.2853984341752369,#9b7653
-11.8537486904610780, -5.3374752442884725,#9b7653
-11.8302086582757013, -5.3894492391763578,#9b7653
-11.8064407420227724, -5.4413194176692850,#9b7653
-11.7824453995411602, -5.4930847805974503,#9b7653
-11.7582230930506366, -5.5447443308100972,#9b7653
-11.7337742891429411, -5.5962970731947470,#9b7653
-11.7090994587728225, -5.6477420146963144,#9b7653
-11.6841990772489446, -5.6990781643363073,#9b7653
-11.6590736242247441, -5.7503045332318594,#9b7653
-11.6337235836891857, -5.8014201346148031,#9b7653
-11.6081494439574389, -5.8524239838506746,#9b7653
-11.5823516976614727, -5.9033150984576803,#9b7653
-11.5563308417405661, -5.9540924981256218,#9b7653
-11.5300873774317356, -6.0047552047347734,#9b7653
-11.5036218102600749, -6.0553022423747525,#9b7653
-11.4769346500290368, -6.1057326373632579,#9b7653
-11.4500264108105760, -6.1560454182648998,#9b7653
-11.4228976109352871, -6.2062396159098556,#9b7653
-11.3955487729823908, -6.2563142634125661,#9b7653
-11.3679804237696835, -6.3062683961903518,#9b7653
-11.3401930943433822, -6.3561010519819972,#9b7653
-11.3121873199678973, -6.4058112708662858,#9b7653
-11.2839636401155214, -6.4553980952804828,#9b7653
-11.2555225984560288, -6.5048605700388098,#9b7653
-11.2268647428462334, -6.5541977423507882,#9b7653
-11.1979906253193882, -6.6034086618396630,#9b7653
-11.1689008020745923, -6.6524923805606502,#9b7653
-11.1395958334660587, -6.7014479530192297,#9b7653
-11.1100762839923188, -6.7502744361893479,#9b7653
-11.0803427222853568, -6.7989708895315859,#9b7653
-11.0503957210996511, -6.8475363750112743,#9b7653
-11.0202358573011434, -6.8959699571165576,#9b7653
-10.9898637118561151, -6.9442707028764445,#9b7653
-10.9592798698200315, -6.9924376818787195,#9b7653
-10.9284849203262180, -7.0404699662879366,#9b7653
-10.8974794565745583, -7.0883666308632396,#9b7653
-10.8662640758200464, -7.1361267529762049,#9b7653
-10.8348393793612860, -7.1837494126286128,#9b7653
-10.8032059725289038, -7.2312336924701723,#9b7653
-10.7713644646738977, -7.2785786778161832,#9b7653
-10.7393154691558941, -7.3257834566651603,#9b7653
-10.7070596033313183, -7.3728471197164147,#9b7653
-10.6745974885415400, -7.4197687603875275,#9b7653
-10.6419297501008572, -7.4665474748318799,#9b7653
-10.6090570172844991, -7.5131823619559865,#9b7653
-10.5759799233164582, -7.5596725234369249,#9b7653
-10.5426991053573254, -7.6060170637395927,#9b7653
-10.5092152044920049, -7.6522150901339723,#9b7653
-10.4755288657173615, -7.6982657127123328,#9b7653
-10.4416407379298111, -7.7441680444063579,#9b7653
-10.4075514739127879, -7.7899212010042680,#9b7653
-10.3732617303242201, -7.8355243011677871,#9b7653
-10.3387721676838282, -7.8809764664492086,#9b7653
-10.3040834503604479, -7.9262768213082193,#9b7653
-10.2691962465591899, -7.9714244931288567,#9b7653
-10.2341112283086026, -8.0164186122362526,#9b7653
-10.1988290714477099, -8.0612583119134111,#9b7653
-10.1633504556129939, -8.1059427284179062,#9b7653
-10.1276760642253141, -8.1504710009985075,#9b7653
-10.0918065844767142, -8.1948422719117922,#9b7653
-10.0557427073172345, -8.2390556864386024,#9b7653
-10.0194851274415360, -8.2831103929005963,#9b7653
 -9.9830345432755916, -8.3270055426765701,#9b7653
 -9.9463916569631632, -8.3707402902188743,#9b7653
 -9.9095571743523330, -8.4143137930696525,#9b7653
 -9.8725318049818700, -8.4577252118770954,#9b7653
 -9.8353162620675754, -8.5009737104115963,#9b7653
 -9.7979112624885527, -8.5440584555818671,#9b7653
 -9.7603175267733704, -8.5869786174509937,#9b7653
 -9.7225357790862272, -8.6297333692523885,#9b7653
 -9.6845667472129477, -8.6723218874057721,#9b7653
 -9.6464111625470252, -8.7147433515329720,#9b7653
 -9.6080697600754679, -8.7569969444737925,#9b7653
 -9.5695432783646908, -8.7990818523017023,#9b7653
 -9.5308324595462697, -8.8409972643395403,#9b7653
 -9.4919380493026395, -8.8827423731751232,#9b7653
 -9.4528607968527485, -8.9243163746767991,#9b7653
 -9.4136014549375950, -8.9657184680089514,#9b7653
 -9.3741607798057807, -9.0069478556473879,#9b7653
 -9.3345395311988728, -9.0480037433947569,#9b7653
 -9.2947384723368387, -9.0888853403957892,#9b7653
 -9.2547583699032874, -9.1295918591525815,#9b7653
 -9.2145999940307366, -9.1701225155397328,#9b7653
 -9.1742641182857678, -9.2104765288194663,#9b7653
 -9.1337515196541190, -9.2506531216566579,#9b7653
 -9.0930629785257313, -9.2906515201338138,#9b7653
 -9.0521992786796890, -9.3304709537659942,#9b7653
 -9.0111612072691685, -9.3701106555156155,#9b7653
 -8.9699495548062149, -9.4095698618072756,#9b7653
 -8.9285651151465810, -9.4488478125424127,#9b7653
 -8.8870086854743704, -9.4879437511139955,#9b7653
 -8.8452810662867289, -9.5268569244210610,#9b7653
 -8.8033830613784065, -9.5655865828832347,#9b7653
 -8.7613154778262725, -9.6041319804551719,#9b7653
 -8.7190791259737779, -9.6424923746409217,#9b7653
 -8.6766748194153234, -9.6806670265082495,#9b7653
 -8.6341033749806293, -9.7186552007028268,#9b7653
 -8.5913656127189455, -9.7564561654624598,#9b7653
 -8.5484623558833164, -9.7940691926311132,#9b7653
 -8.5053944309146647, -9.8314935576730065,#9b7653
 -8.4621626674259076, -9.8687285396865203,#9b7653
 -8.4187678981859762, -9.9057734214181021,#9b7653
 -8.3752109591037396, -9.9426274892760915,#9b7653
 -8.3314926892119612, -9.9792900333444390,#9b7653
 -8.2876139306510659,-10.0157603473964159,#9b7653
 -8.2435755286529950,-10.0520377289081786,#9b7653
 -8.1993783315248425,-10.0881214790723508,#9b7653
 -8.1550231906325958,-10.1240109028114222,#9b7653
 -8.1105109603846675,-10.1597053087912030,#9b7653
 -8.0658424982154724,-10.1952040094341019,#9b7653
 -8.0210186645689117,-10.2305063209323688,#9b7653
 -7.9760403228817998,-10.2656115632612739,#9b7653
 -7.9309083395672015,-10.3005190601922294,#9b7653
 -7.8856235839977646,-10.3352281393057908,#9b7653
 -7.8401869284890005,-10.3697381320045974,#9b7653
 -7.7945992482824167,-10.4040483735262974,#9b7653
 -7.7488614215287290,-10.4381582029562932,#9b7653
 -7.7029743292708757,-10.4720669632405379,#9b7653
 -7.6569388554271169,-10.5057740011981267,#9b7653
 -7.6107558867739407,-10.5392786675339316,#9b7653
 -7.5644263129290188,-10.5725803168510897,#9b7653
 -7.5179510263340852,-10.6056783076634122,#9b7653
 -7.4713309222376889,-10.6385720024077912,#9b7653
 -7.4245668986780213,-10.6712607674564222,#9b7653
 -7.3776598564655389,-10.7037439731290700,#9b7653
 -7.3306106991656916,-10.7360209937051394,#9b7653
 -7.2834203330814482,-10.7680912074357789,#9b7653
 -7.2360896672358672,-10.7999539965558338,#9b7653
 -7.1886196133546072,-10.8316087472957339,#9b7653
 -7.1410110858483407,-10.8630548498933344,#9b7653
 -7.0932650017951255,-10.8942916986056701,#9b7653
 -7.0453822809227589,-10.9253186917206051,#9b7653
 -6.9973638455910869,-10.9561352315684157,#9b7653
 -6.9492106207741680,-10.9867407245333446,#9b7653
 -6.9009235340425370,-11.0171345810649814,#9b7653
 -6.8525035155452567,-11.0473162156896691,#9b7653
 -6.8039514979920801,-11.0772850470217357,#9b7653
 -6.7552684166354151,-11.1070404977747366,#9b7653
 -6.7064552092523400,-11.1365819947725502,#9b7653
 -6.6575128161265509,-11.1659089689604194,#9b7653
 -6.6084421800302424,-11.1950208554159083,#9b7653
 -6.5592442462059140,-11.2239170933598142,#9b7653
 -6.5099199623481905,-11.2525971261669415,#9b7653
 -6.4604702785855972,-11.2810604013768199,#9b7653
 -6.4108961474621884,-11.3093063707043697,#9b7653
 -6.3611985239192412,-11.3373344900504591,#9b7653
 -6.3113783652768678,-11.3651442195123540,#9b7653
 -6.2614366312155658,-11.3927350233941560,#9b7653
 -6.2113742837577073,-11.4201063702171108,#9b7653
 -6.1611922872490252,-11.4472577327298399,#9b7653
 -6.1108916083400704,-11.4741885879184888,#9b7653
 -6.0604732159675203,-11.5008984170168329,#9b7653
 -6.0099380813355960,-11.5273867055162249,#9b7653
 -5.9592871778972691,-11.5536529431755568,#9b7653
 -5.9085214813355975,-11.5796966240310368,#9b7653
 -5.8576419695448552,-11.6055172464059826,#9b7653
 -5.8066496226117259,-11.6311143129204559,#9b7653
 -5.7555454227964455,-11.6564873305008518,#9b7653
 -5.7043303545138624,-11.6816358103893876,#9b7653
 -5.6530054043144498,-11.7065592681535424,#9b7653
 -5.6015715608653247,-11.7312572236953692,#9b7653
 -5.5500298149312375,-11.7557292012607348,#9b7653
 -5.4983811593554162,-11.7799747294485062,#9b7653
 -5.4466265890404832,-11.8039933412196234,#9b7653
 -5.3947671009293021,-11.8277845739060901,#9b7653
 -5.3428036939857622,-11.8513479692198764,#9b7653
 -5.2907373691755044,-11.8746830732617816,#9b7653
 -5.2385691294466676,-11.8977894365301484,#9b7653
 -5.1862999797105998,-11.9206666139295177,#9b7653
 -5.1339309268224218,-11.9433141647792329,#9b7653
 -5.0814629795617261,-11.9657316528218889,#9b7653
 -5.0288971486130514,-11.9879186462317779,#9b7653
 -4.9762344465465018,-12.0098747176231626,#9b7653
 -4.9234758877981681,-12.0315994440585516,#9b7653
 -4.8706224886506195,-12.0530924070568233,#9b7653
 -4.8176752672133469,-12.0743531926012828,#9b7653
 -4.7646352434031298,-12.0953813911476473,#9b7653
 -4.7115034389243666,-12.1161765976319380,#9b7653
 -4.6582808772494211,-12.1367384114782819,#9b7653
 -4.6049685835989314,-12.1570664366066055,#9b7653
 -4.5515675849219939,-12.1771602814403064,#9b7653
 -4.4980789098764618,-12.1970195589137500,#9b7653
 -4.4445035888090452,-12.2166438864797691,#9b7653
 -4.3908426537355529,-12.2360328861169911,#9b7653
 -4.3370971383209334,-12.2551861843371590,#9b7653
 -4.2832680778593968,-12.2741034121923001,#9b7653
 -4.2293565092545062,-12.2927842052818352,#9b7653
 -4.1753634709991267,-12.3112282037596135,#9b7653
 -4.1212900031555089,-12.3294350523408198,#9b7653
 -4.0671371473351652,-12.3474044003088501,#9b7653
 -4.0129059466788952,-12.3651359015220361,#9b7653
 -3.9585974458366131,-12.3826292144203300,#9b7653
 -3.9042126909472592,-12.3998840020318877,#9b7653
 -3.8497527296186682,-12.4168999319795432,#9b7653
 -3.7952186109073707,-12.4336766764872220,#9b7653
 -3.7406113852983598,-12.4502139123862570,#9b7653
 -3.6859321046848779,-12.4665113211216116,#9b7653
 -3.6311818223481906,-12.4825685887580065,#9b7653
 -3.5763615929372179,-12.4983854059859905,#9b7653
 -3.5214724724483051,-12.5139614681278619,#9b7653
 -3.4665155182047971,-12.5292964751435782,#9b7653
 -3.4114917888367575,-12.5443901316365078,#9b7653
 -3.3564023442604971,-12.5592421468591251,#9b7653
 -3.3012482456581926,-12.5738522347186308,#9b7653
 -3.2460305554574793,-12.5882201137824250,#9b7653
 -3.1907503373109041,-12.6023455072835695,#9b7653
 -3.1354086560755290,-12.6162281431260848,#9b7653
 -3.0800065777923273,-12.6298677538902204,#9b7653
 -3.0245451696657404,-12.6432640768375801,#9b7653
 -2.9690255000430406,-12.6564168539162054,#9b7653
 -2.9134486383937830,-12.6693258317655317,#9b7653
 -2.8578156552892322,-12.6819907617212753,#9b7653
 -2.8021276223817129,-12.6944113998202148,#9b7653
 -2.7463856123839454,-12.7065875068049046,#9b7653
 -2.6905906990484061,-12.7185188481282765,#9b7653
 -2.6347439571466769,-12.7302051939581506,#9b7653
 -2.5788464624486616,-12.7416463191816778,#9b7653
 -2.5228992917019553,-12.7528420034096630,#9b7653
 -2.4669035226110139,-12.7637920309808148,#9b7653
 -2.4108602338164804,-12.7744961909659018,#9b7653
 -2.3547705048743333,-12.7849542771718152,#9b7653
 -2.2986354162351228,-12.7951660881455371,#9b7653
 -2.2424560492231791,-12.8051314271780274,#9b7653
 -2.1862334860157637,-12.8148501023080001,#9b7653
 -2.1299688096221985,-12.8243219263256414,#9b7653
 -2.0736631038630264,-12.8335467167761994,#9b7653
 -2.0173174533491713,-12.8425242959635000,#9b7653
 -1.9609329434609719,-12.8512544909533819,#9b7653
 -1.9045106603273125,-12.8597371335770170,#9b7653
 -1.8480516908047218,-12.8679720604341465,#9b7653
 -1.7915571224564146,-12.8759591128962381,#9b7653
 -1.7350280435313188,-12.8836981371095423,#9b7653
 -1.6784655429431368,-12.8911889839980471,#9b7653
 -1.6218707102494028,-12.8984315092663522,#9b7653
 -1.5652446356304268,-12.9054255734024590,#9b7653
 -1.5085884098683287,-12.9121710416804394,#9b7653
 -1.4519031243260490,-12.9186677841630502,#9b7653
 -1.3951898709263049,-12.9249156757042183,#9b7653
 -1.3384497421305317,-12.9309145959514691,#9b7653
 -1.2816838309178626,-12.9366644293482285,#9b7653
 -1.2248932307640985,-12.9421650651360611,#9b7653
 -1.1680790356206197,-12.9474163973567951,#9b7653
 -1.1112423398932925,-12.9524183248545715,#9b7653
 -1.0543842384214084,-12.9571707512777845,#9b7653
 -0.9975058264566311,-12.9616735850809430,#9b7653
 -0.9406081996418281,-12.9659267395264326,#9b7653
 -0.8836924539900003,-12.9699301326861871,#9b7653
 -0.8267596858631934,-12.9736836874432608,#9b7653
 -0.7698109919513553,-12.9771873314933259,#9b7653
 -0.7128474692511868,-12.9804409973460526,#9b7653
 -0.6558702150450351,-12.9834446223264166,#9b7653
 -0.5988803268797783,-12.9861981485759088,#9b7653
 -0.5418789025456731,-12.9887015230536385,#9b7653
 -0.4848670400551265,-12.9909546975373669,#9b7653
 -0.4278458376216844,-12.9929576286244313,#9b7653
 -0.3708163936387951,-12.9947102777325796,#9b7653
 -0.3137798066586402,-12.9962126111007148,#9b7653
 -0.2567371753709959,-12.9974645997895486,#9b7653
 -0.1996895985820923,-12.9984662196821574,#9b7653
 -0.1426381751934245,-12.9992174514844354,#9b7653
 -0.0855840041805607,-12.9997182807254870,#9b7653
 -0.0285281845719968,-12.9999686977578914,#9b7653
  0.0285281845719804,-12.9999686977578914,#9b7653
  0.0855840041805329,-12.9997182807254870,#9b7653
  0.1426381751934082,-12.9992174514844354,#9b7653
  0.1996895985820876,-12.9984662196821574,#9b7653
  0.2567371753709796,-12.9974645997895486,#9b7653
  0.3137798066586124,-12.9962126111007166,#9b7653
  0.3708163936387788,-12.9947102777325796,#9b7653
  0.4278458376216796,-12.9929576286244313,#9b7653
  0.4848670400550987,-12.9909546975373669,#9b7653
  0.5418789025456452,-12.9887015230536385,#9b7653
  0.5988803268797736,-12.9861981485759088,#9b7653
  0.6558702150450187,-12.9834446223264184,#9b7653
  0.7128474692511590,-12.9804409973460544,#9b7653
  0.7698109919513390,-12.9771873314933259,#9b7653
  0.8267596858631887,-12.9736836874432608,#9b7653
  0.8836924539899841,-12.9699301326861889,#9b7653
  0.9406081996418003,-12.9659267395264344,#9b7653
  0.9975058264566149,-12.9616735850809448,#9b7653
  1.0543842384213922,-12.9571707512777863,#9b7653
  1.1112423398932645,-12.9524183248545732,#9b7653
  1.1680790356206034,-12.9474163973567968,#9b7653
  1.2248932307640936,-12.9421650651360611,#9b7653
  1.2816838309178464,-12.9366644293482302,#9b7653
  1.3384497421305039,-12.9309145959514709,#9b7653
  1.3951898709262887,-12.9249156757042201,#9b7653
  1.4519031243260443,-12.9186677841630519,#9b7653
  1.5085884098683007,-12.9121710416804447,#9b7653
  1.5652446356303991,-12.9054255734024608,#9b7653
  1.6218707102493868,-12.8984315092663557,#9b7653
  1.6784655429431208,-12.8911889839980489,#9b7653
  1.7350280435312910,-12.8836981371095458,#9b7653
  1.7915571224563984,-12.8759591128962416,#9b7653
  1.8480516908047171,-12.8679720604341465,#9b7653
  1.9045106603272968,-12.8597371335770188,#9b7653
  1.9609329434609446,-12.8512544909533872,#9b7653
  2.0173174533491554,-12.8425242959635035,#9b7653
  2.0736631038630104,-12.8335467167762012,#9b7653
  2.1299688096221705,-12.8243219263256449,#9b7653
  2.1862334860157473,-12.8148501023080037,#9b7653
  2.2424560492231742,-12.8051314271780274,#9b7653
  2.2986354162351064,-12.7951660881455407,#9b7653
  2.3547705048743062,-12.7849542771718205,#9b7653
  2.4108602338164644,-12.7744961909659054,#9b7653
  2.4669035226110090,-12.7637920309808166,#9b7653
  2.5228992917019282,-12.7528420034096666,#9b7653
  2.5788464624486456,-12.7416463191816831,#9b7653
  2.6347439571466609,-12.7302051939581542,#9b7653
  2.6905906990483901,-12.7185188481282800,#9b7653
  2.7463856123839179,-12.7065875068049099,#9b7653
  2.8021276223816969,-12.6944113998202184,#9b7653
  2.8578156552892273,-12.6819907617212770,#9b7653
  2.9134486383937674,-12.6693258317655371,#9b7653
  2.9690255000430130,-12.6564168539162125,#9b7653
  3.0245451696657244,-12.6432640768375837,#9b7653
  3.0800065777923114,-12.6298677538902240,#9b7653
  3.1354086560755019,-12.6162281431260919,#9b7653
  3.1907503373108881,-12.6023455072835731,#9b7653
  3.2460305554574638,-12.5882201137824303,#9b7653
  3.3012482456581775,-12.5738522347186343,#9b7653
  3.3564023442604705,-12.5592421468591322,#9b7653
  3.4114917888367415,-12.5443901316365114,#9b7653
  3.4665155182047926,-12.5292964751435800,#9b7653
  3.5214724724482895,-12.5139614681278655,#9b7653
  3.5763615929372019,-12.4983854059859940,#9b7653
  3.6311818223481747,-12.4825685887580118,#9b7653
  3.6859321046848619,-12.4665113211216152,#9b7653
  3.7406113852983331,-12.4502139123862641,#9b7653
  3.7952186109073551,-12.4336766764872255,#9b7653
  3.8497527296186642,-12.4168999319795450,#9b7653
  3.9042126909472432,-12.3998840020318930,#9b7653
  3.9585974458365869,-12.3826292144203389,#9b7653
  4.0129059466788801,-12.3651359015220415,#9b7653
  4.0671371473351492,-12.3474044003088572,#9b7653
  4.1212900031554822,-12.3294350523408287,#9b7653
  4.1753634709991116,-12.3112282037596170,#9b7653
  4.2293565092544911,-12.2927842052818388,#9b7653
  4.2832680778593808,-12.2741034121923072,#9b7653
  4.3370971383209067,-12.2551861843371679,#9b7653
  4.3908426537355378,-12.2360328861169982,#9b7653
  4.4445035888090407,-12.2166438864797708,#9b7653
  4.4980789098764467,-12.1970195589137571,#9b7653
  4.5515675849219788,-12.1771602814403117,#9b7653
  4.6049685835989163,-12.1570664366066126,#9b7653
  4.6582808772494060,-12.1367384114782872,#9b7653
  4.7115034389243409,-12.1161765976319487,#9b7653
  4.7646352434031147,-12.0953813911476544,#9b7653
  4.8176752672133434,-12.0743531926012864,#9b7653
  4.8706224886506044,-12.0530924070568286,#9b7653
  4.9234758877981424,-12.0315994440585623,#9b7653
  4.9762344465464867,-12.0098747176231679,#9b7653
  5.0288971486130363,-11.9879186462317833,#9b7653
  5.0814629795617003,-11.9657316528219013,#9b7653
  5.1339309268224076,-11.9433141647792400,#9b7653
  5.1862999797105847,-11.9206666139295248,#9b7653
  5.2385691294466525,-11.8977894365301555,#9b7653
  5.2907373691754787,-11.8746830732617923,#9b7653
  5.3428036939857479,-11.8513479692198835,#9b7653
  5.3947671009292986,-11.8277845739060901,#9b7653
  5.4466265890404681,-11.8039933412196305,#9b7653
  5.4983811593553913,-11.7799747294485169,#9b7653
  5.5500298149312215,-11.7557292012607402,#9b7653
  5.6015715608653105,-11.7312572236953763,#9b7653
  5.6530054043144249,-11.7065592681535549,#9b7653
  5.7043303545138473,-11.6816358103893947,#9b7653
  5.7555454227964420,-11.6564873305008554,#9b7653
  5.8066496226117108,-11.6311143129204630,#9b7653
  5.8576419695448303,-11.6055172464059932,#9b7653
  5.9085214813355833,-11.5796966240310439,#9b7653
  5.9592871778972647,-11.5536529431755586,#9b7653
  6.0099380813355703,-11.5273867055162391,#9b7653
  6.0604732159675061,-11.5008984170168418,#9b7653
  6.1108916083400553,-11.4741885879184977,#9b7653
  6.1611922872490110,-11.4472577327298488,#9b7653
  6.2113742837576833,-11.4201063702171233,#9b7653
  6.2614366312155516,-11.3927350233941649,#9b7653
  6.3113783652768634,-11.3651442195123575,#9b7653
  6.3611985239192261,-11.3373344900504662,#9b7653
  6.4108961474621644,-11.3093063707043839,#9b7653
  6.4604702785855830,-11.2810604013768288,#9b7653
  6.5099199623481763,-11.2525971261669504,#9b7653
  6.5592442462058891,-11.2239170933598285,#9b7653
  6.6084421800302273,-11.1950208554159172,#9b7653
  6.6575128161265473,-11.1659089689604212,#9b7653
  6.7064552092523257,-11.1365819947725591,#9b7653
  6.7552684166353920,-11.1070404977747508,#9b7653
  6.8039514979920659,-11.0772850470217428,#9b7653
  6.8525035155452523,-11.0473162156896709,#9b7653
  6.9009235340425130,-11.0171345810649974,#9b7653
  6.9492106207741537,-10.9867407245333535,#9b7653
  6.9973638455910736,-10.9561352315684246,#9b7653
  7.0453822809227464,-10.9253186917206122,#9b7653
  7.0932650017951024,-10.8942916986056844,#9b7653
  7.1410110858483256,-10.8630548498933432,#9b7653
  7.1886196133546028,-10.8316087472957374,#9b7653
  7.2360896672358539,-10.7999539965558427,#9b7653
  7.2834203330814251,-10.7680912074357948,#9b7653
  7.3306106991656783,-10.7360209937051483,#9b7653
  7.3776598564655256,-10.7037439731290789,#9b7653
  7.4245668986779982,-10.6712607674564381,#9b7653
  7.4713309222376756,-10.6385720024078001,#9b7653
  7.5179510263340728,-10.6056783076634229,#9b7653
  7.5644263129290055,-10.5725803168510986,#9b7653
  7.6107558867739193,-10.5392786675339476,#9b7653
  7.6569388554271018,-10.5057740011981355,#9b7653
  7.7029743292708712,-10.4720669632405414,#9b7653
  7.7488614215287068,-10.4381582029563091,#9b7653
  7.7945992482824042,-10.4040483735263063,#9b7653
  7.8401869284889871,-10.3697381320046080,#9b7653
  7.8856235839977513,-10.3352281393058014,#9b7653
  7.9309083395671802,-10.3005190601922472,#9b7653
  7.9760403228817864,-10.2656115632612845,#9b7653
  8.0210186645689081,-10.2305063209323723,#9b7653
  8.0658424982154582,-10.1952040094341125,#9b7653
  8.1105109603846461,-10.1597053087912208,#9b7653
  8.1550231906325816,-10.1240109028114329,#9b7653
  8.1993783315248283,-10.0881214790723597,#9b7653
  8.2435755286529737,-10.0520377289081964,#9b7653
  8.2876139306510535,-10.0157603473964265,#9b7653
  8.3314926892119487, -9.9792900333444496,#9b7653
  8.3752109591037271, -9.9426274892761040,#9b7653
  8.4187678981859548, -9.9057734214181199,#9b7653
  8.4621626674258952, -9.8687285396865310,#9b7653
  8.5053944309146559, -9.8314935576730118,#9b7653
  8.5484623558832968, -9.7940691926311310,#9b7653
  8.5913656127189331, -9.7564561654624686,#9b7653
  8.6341033749806169, -9.7186552007028375,#9b7653
  8.6766748194153109, -9.6806670265082602,#9b7653
  8.7190791259737583, -9.6424923746409394,#9b7653
  8.7613154778262619, -9.6041319804551826,#9b7653
  8.8033830613783994, -9.5655865828832418,#9b7653
  8.8452810662867165, -9.5268569244210717,#9b7653
  8.8870086854743544, -9.4879437511140114,#9b7653
  8.9285651151465686, -9.4488478125424233,#9b7653
  8.9699495548062025, -9.4095698618072863,#9b7653
  9.0111612072691489, -9.3701106555156333,#9b7653
  9.0521992786796783, -9.3304709537660067,#9b7653
  9.0930629785257207, -9.2906515201338244,#9b7653
  9.1337515196541084, -9.2506531216566685,#9b7653
  9.1742641182857518, -9.2104765288194823,#9b7653
  9.2145999940307242, -9.1701225155397434,#9b7653
  9.2547583699032785, -9.1295918591525886,#9b7653
  9.2947384723368280, -9.0888853403957999,#9b7653
  9.3345395311988604, -9.0480037433947675,#9b7653
  9.3741607798057700, -9.0069478556474003,#9b7653
  9.4136014549375862, -8.9657184680089621,#9b7653
  9.4528607968527290, -8.9243163746768186,#9b7653
  9.4919380493026271, -8.8827423731751338,#9b7653
  9.5308324595462608, -8.8409972643395474,#9b7653
  9.5695432783646819, -8.7990818523017147,#9b7653
  9.6080697600754519, -8.7569969444738103,#9b7653
  9.6464111625470146, -8.7147433515329844,#9b7653
  9.6845667472129389, -8.6723218874057846,#9b7653
  9.7225357790862077, -8.6297333692524081,#9b7653
  9.7603175267733580, -8.5869786174510061,#9b7653
  9.7979112624885421, -8.5440584555818777,#9b7653
  9.8353162620675647, -8.5009737104116088,#9b7653
  9.8725318049818558, -8.4577252118771113,#9b7653
  9.9095571743523223, -8.4143137930696650,#9b7653
  9.9463916569631579, -8.3707402902188814,#9b7653
  9.9830345432755809, -8.3270055426765826,#9b7653
 10.0194851274415253, -8.2831103929006087,#9b7653
 10.0557427073172239, -8.2390556864386149,#9b7653
 10.0918065844767053, -8.1948422719118028,#9b7653
 10.1276760642252981, -8.1504710009985306,#9b7653
 10.1633504556129850, -8.1059427284179186,#9b7653
 10.1988290714477028, -8.0612583119134182,#9b7653
 10.2341112283085920, -8.0164186122362633,#9b7653
 10.2691962465591757, -7.9714244931288745,#9b7653
 10.3040834503604373, -7.9262768213082326,#9b7653
 10.3387721676838176, -7.8809764664492210,#9b7653
 10.3732617303242041, -7.8355243011678102,#9b7653
 10.4075514739127772, -7.7899212010042804,#9b7653
 10.4416407379298004, -7.7441680444063712,#9b7653
 10.4755288657173526, -7.6982657127123453,#9b7653
 10.5092152044919906, -7.6522150901339909,#9b7653
 10.5426991053573165, -7.6060170637396052,#9b7653
 10.5759799233164511, -7.5596725234369337,#9b7653
 10.6090570172844902, -7.5131823619559999,#9b7653
 10.6419297501008465, -7.4665474748318932,#9b7653
 10.6745974885415293, -7.4197687603875400,#9b7653
 10.7070596033313077, -7.3728471197164271,#9b7653
 10.7393154691558781, -7.3257834566651834,#9b7653
 10.7713644646738889, -7.2785786778161965,#9b7653
 10.8032059725288985, -7.2312336924701812,#9b7653
 10.8348393793612772, -7.1837494126286270,#9b7653
 10.8662640758200340, -7.1361267529762218,#9b7653
 10.8974794565745494, -7.0883666308632529,#9b7653
 10.9284849203262056, -7.0404699662879553,#9b7653
 10.9592798698200156, -6.9924376818787426,#9b7653
 10.9898637118561062, -6.9442707028764588,#9b7653
 11.0202358573011345, -6.8959699571165718,#9b7653
 11.0503957210996422, -6.8475363750112876,#9b7653
 11.0803427222853461, -6.7989708895316046,#9b7653
 11.1100762839923117, -6.7502744361893621,#9b7653
 11.1395958334660534, -6.7014479530192395,#9b7653
 11.1689008020745835, -6.6524923805606644,#9b7653
 11.1979906253193775, -6.6034086618396817,#9b7653
 11.2268647428462245, -6.5541977423508033,#9b7653
 11.2555225984560199, -6.5048605700388240,#9b7653
 11.2839636401155072, -6.4553980952805068,#9b7653
 11.3121873199678884, -6.4058112708663000,#9b7653
 11.3401930943433769, -6.3561010519820069,#9b7653
 11.3679804237696764, -6.3062683961903661,#9b7653
 11.3955487729823801, -6.2563142634125857,#9b7653
 11.4228976109352800, -6.2062396159098698,#9b7653
 11.4500264108105725, -6.1560454182649087,#9b7653
 11.4769346500290226, -6.1057326373632828,#9b7653
 11.5036218102600678, -6.0553022423747667,#9b7653
 11.5300873774317285, -6.0047552047347876,#9b7653
 11.5563308417405572, -5.9540924981256369,#9b7653
 11.5823516976614620, -5.9033150984576999,#9b7653
 11.6081494439574300, -5.8524239838506888,#9b7653
 11.6337235836891821, -5.8014201346148129,#9b7653
 11.6590736242247370, -5.7503045332318745,#9b7653
 11.6841990772489357, -5.6990781643363277,#9b7653
 11.7090994587728154, -5.6477420146963295,#9b7653
 11.7337742891429340, -5.5962970731947612,#9b7653
 11.7582230930506242, -5.5447443308101221,#9b7653
 11.7824453995411549, -5.4930847805974645,#9b7653
 11.8064407420227653, -5.4413194176692947,#9b7653
 11.8302086582756960, -5.3894492391763729,#9b7653
 11.8537486904610692, -5.3374752442884921,#9b7653
 11.8770603851297221, -5.2853984341752520,#9b7653
 11.9001432932309257, -5.2332198119867872,#9b7653
 11.9229969701210319, -5.1809403828344420,#9b7653
 11.9456209755720817, -5.1285611537713294,#9b7653
 11.9680148737802217, -5.0760831337730625,#9b7653
 11.9901782333741416, -5.0235073337182419,#9b7653
 12.0121106274233718, -4.9708347663689745,#9b7653
 12.0338116334465131, -4.9180664463513857,#9b7653
 12.0552808334193635, -4.8652033901360952,#9b7653
 12.0765178137829690, -4.8122466160186175,#9b7653
 12.0975221654516130, -4.7591971440997218,#9b7653
 12.1182934838206755, -4.7060559962658051,#9b7653
 12.1388313687744276, -4.6528241961692443,#9b7653
 12.1591354246937478, -4.5995027692086037,#9b7653
 12.1792052604637426, -4.5460927425089235,#9b7653
 12.1990404894812698, -4.4925951449019532,#9b7653
 12.2186407296623898, -4.4390110069063082,#9b7653
 12.2380056034497358, -4.3853413607076064,#9b7653
 12.2571347378197864, -4.3315872401385960,#9b7653
 12.2760277642900242, -4.2777496806592694,#9b7653
 12.2946843189260573, -4.2238297193369068,#9b7653
 12.3131040423486500, -4.1698283948260180,#9b7653
 12.3312865797405937, -4.1157467473484708,#9b7653
 12.3492315808535764, -4.0615858186733744,#9b7653
 12.3669387000149289, -4.0073466520970022,#9b7653
 12.3844075961342757, -3.9530302924227150,#9b7653
 12.4016379327101038, -3.8986377859408585,#9b7653
 12.4186293778362433, -3.8441701804085864,#9b7653
 12.4353816042082741, -3.7896285250296553,#9b7653
 12.4518942891298217, -3.7350138704342370,#9b7653
 12.4681671145187618, -3.6803272686587127,#9b7653
 12.4841997669133704, -3.6255697731253389,#9b7653
 12.4999919374783541, -3.5707424386219948,#9b7653
 12.5155433220107817, -3.5158463212818800,#9b7653
 12.5308536209459636, -3.4608824785631511,#9b7653
 12.5459225393632217, -3.4058519692285305,#9b7653
 12.5607497869915683, -3.3507558533249311,#9b7653
 12.5753350782152804, -3.2955951921630615,#9b7653
 12.5896781320794222, -3.2403710482969692,#9b7653
 12.6037786722952614, -3.1850844855034968,#9b7653
 12.6176364272455697, -3.1297365687619214,#9b7653
 12.6312511299898631, -3.0743283642333652,#9b7653
 12.6446225182695553, -3.0188609392402443,#9b7653
 12.6577503345129987, -2.9633353622457324,#9b7653
 12.6706343258404477, -2.9077527028332018,#9b7653
 12.6832742440689241, -2.8521140316855975,#9b7653
 12.6956698457170116, -2.7964204205647909,#9b7653
 12.7078208920095435, -2.7406729422909542,#9b7653
 12.7197271488821837, -2.6848726707219330,#9b7653
 12.7313883869859570, -2.6290206807324896,#9b7653
 12.7428043816916610, -2.5731180481936327,#9b7653
 12.7539749130941864, -2.5171658499519167,#9b7653
 12.7648997660167556, -2.4611651638086731,#9b7653
 12.7755787300150772, -2.4051170684992309,#9b7653
 12.7860115993813928, -2.3490226436721544,#9b7653
 12.7961981731484276, -2.2928829698684723,#9b7653
 12.8061382550932805, -2.2366991285008386,#9b7653
 12.8158316537412027, -2.1804722018326821,#9b7653
 12.8252781823692672, -2.1242032729573763,#9b7653
 12.8344776590099894, -2.0678934257774149,#9b7653
 12.8434299064548139, -2.0115437449834612,#9b7653
 12.8521347522575411, -1.9551553160334909,#9b7653
 12.8605920287376350, -1.8987292251319023,#9b7653
 12.8688015729834682, -1.8422665592085732,#9b7653
 12.8767632268554539, -1.7857684058978984,#9b7653
 12.8844768369890872, -1.7292358535178631,#9b7653
 12.8919422547979075, -1.6726699910491130,#9b7653
 12.8991593364763535, -1.6160719081139072,#9b7653
 12.9061279430025397, -1.5594426949551647,#9b7653
 12.9128479401409315, -1.5027834424154856,#9b7653
 12.9193191984449225, -1.4460952419161155,#9b7653
 12.9255415932593518, -1.3893791854358981,#9b7653
 12.9315150047228773, -1.3326363654902651,#9b7653
 12.9372393177703007, -1.2758678751102119,#9b7653
 12.9427144221347810, -1.2190748078212210,#9b7653
 12.9479402123499572, -1.1622582576221747,#9b7653
 12.9529165877519823, -1.1054193189643036,#9b7653
 12.9576434524814594, -1.0485590867301400,#9b7653
 12.9621207154852893, -0.9916786562123570,#9b7653
 12.9663482905184235, -0.9347791230927053,#9b7653
 12.9703260961455289, -0.8778615834209303,#9b7653
 12.9740540557425508, -0.8209271335936356,#9b7653
 12.9775320974981980, -0.7639768703331398,#9b7653
 12.9807601544153162, -0.7070118906663746,#9b7653
 12.9837381643121841, -0.6500332919037870,#9b7653
 12.9864660698237095, -0.5930421716181321,#9b7653
 12.9889438184025341, -0.5360396276233661,#9b7653
 12.9911713623200491, -0.4790267579535217,#9b7653
 12.9931486586673071, -0.4220046608415344,#9b7653
 12.9948756693558565, -0.3649744346980636,#9b7653
 12.9963523611184755, -0.3079371780903573,#9b7653
 12.9975787055098007, -0.2508939897211140,#9b7653
 12.9985546789068920, -0.1938459684072948,#9b7653
 12.9992802625096733, -0.1367942130589345,#9b7653
 12.9997554423413071, -0.0797398226579958,#9b7653
 12.9999802092484558, -0.0226838962372352,#9b7653
 12.9999545589014502,  0.0343724671410374,#9b7653
 12.9996784917944002,  0.0914281684060952,#9b7653
 12.9991520132451495,  0.1484821084999423,#9b7653
 12.9983751333952018,  0.2055331883985081,#9b7653
 12.9973478672095144,  0.2625803091328408,#9b7653
 12.9960702344762051,  0.3196223718102536,#9b7653
 12.9945422598061793,  0.3766582776354693,#9b7653
 12.9927639726326536,  0.4336869279317980,#9b7653
 12.9907354072105896,  0.4907072241623816,#9b7653
 12.9884566026160240,  0.5477180679512162,#9b7653
 12.9859276027453348,  0.6047183611043909,#9b7653
 12.9831484563143817,  0.6617070056312536,#9b7653
 12.9801192168575685,  0.7186829037655383,#9b7653
 12.9768399427268175,  0.7756449579864888,#9b7653
 12.9733106970904419,  0.8325920710400222,#9b7653
 12.9695315479319309,  0.8895231459598893,#9b7653
 12.9655025680486364,  0.9464370860887815,#9b7653
 12.9612238350503759,  1.0033327950994213,#9b7653
 12.9566954313579341,  1.0602091770157500,#9b7653
 12.9519174442014755,  1.1170651362340045,#9b7653
 12.9468899656188654,  1.1738995775437993,#9b7653
 12.9416130924538972,  1.2307114061492459,#9b7653
 12.9360869263544238,  1.2874995276900647,#9b7653
 12.9303115737704033,  1.3442628482626433,#9b7653
 12.9242871459518422,  1.4010002744410845,#9b7653
 12.9180137589466675,  1.4577107132982809,#9b7653
 12.9114915335984701,  1.5143930724270473,#9b7653
 12.9047205955441928,  1.5710462599610266,#9b7653
 12.8977010752117067,  1.6276691845958036,#9b7653
 12.8904331078172945,  1.6842607556099358,#9b7653
 12.8829168333630477,  1.7408198828859425,#9b7653
 12.8751523966341725,  1.7973454769312809,#9b7653
 12.8671399471962005,  1.8538364488993551,#9b7653
 12.8588796393921019,  1.9102917106105131,#9b7653
 12.8503716323393178,  1.9667101745729862,#9b7653
 12.8416160899267009,  2.0230907540038032,#9b7653
 12.8326131808113395,  2.0794323628497917,#9b7653
 12.8233630784153281,  2.1357339158084661,#9b7653
 12.8138659609224170,  2.1919943283489101,#9b7653
 12.8041220112745897,  2.2482125167326923,#9b7653
 12.7941314171685221,  2.3043873980347609,#9b7653
 12.7838943710519750,  2.3605178901642874,#9b7653
 12.7734110701200958,  2.4166029118854815,#9b7653
 12.7626817163116169,  2.4726413828384342,#9b7653
 12.7517065163049441,  2.5286322235600083,#9b7653
 12.7404856815142065,  2.5845743555044924,#9b7653
 12.7290194280851718,  2.6404667010644611,#9b7653
 12.7173079768910711,  2.6963081835915395,#9b7653
 12.7053515535283594,  2.7520977274171230,#9b7653
 12.6931503883123664,  2.8078342578730737,#9b7653
 12.6807047162728566,  2.8635167013124452,#9b7653
 12.6680147771495069,  2.9191439851301855,#9b7653
 12.6550808153872758,  2.9747150377837772,#9b7653
 12.6419030801317174,  3.0302287888138433,#9b7653
 12.6284818252241600,  3.0856841688648373,#9b7653
 12.6148173091968250,  3.1410801097056051,#9b7653
 12.6009097952678548,  3.1964155442499416,#9b7653
 12.5867595513362325,  3.2516894065771584,#9b7653
 12.5723668499766141,  3.3069006319526921,#9b7653
 12.5577319684340978,  3.3620481568484810,#9b7653
 12.5428551886188728,  3.4171309189635415,#9b7653
 12.5277367971007916,  3.4721478572443880,#9b7653
 12.5123770851038323,  3.5270979119055577,#9b7653
 12.4967763485005179,  3.5819800244498943,#9b7653
 12.4809348878062032,  3.6367931376890228,#9b7653
 12.4648530081732876,  3.6915361957636765,#9b7653
 12.4485310193853174,  3.7462081441641177,#9b7653
 12.4319692358510565,  3.8008079297503210,#9b7653
 12.4151679765984078,  3.8553345007723263,#9b7653
 12.3981275652682523,  3.9097868068905632,#9b7653
 12.3808483301082521,  3.9641637991959540,#9b7653
 12.3633306039664994,  4.0184644302302033,#9b7653
 12.3455747242851199,  4.0726876540059331,#9b7653
 12.3275810330937485,  4.1268324260269207,#9b7653
 12.3093498770029779,  4.1808977033080827,#9b7653
 12.2908816071976563,  4.2348824443956383,#9b7653
 12.2721765794301145,  4.2887856093872285,#9b7653
 12.2532351540133462,  4.3426061599518242,#9b7653
 12.2340576958140410,  4.3963430593498076,#9b7653
 12.2146445742455718,  4.4499952724529059,#9b7653
 12.1949961632608446,  4.5035617657642133,#9b7653
 12.1751128413451468,  4.5570415074379707,#9b7653
 12.1549949915088185,  4.6104334672995275,#9b7653
 12.1346430012799011,  4.6637366168651440,#9b7653
 12.1140572626966261,  4.7169499293618884,#9b7653
 12.0932381722999267,  4.7700723797472877,#9b7653
 12.0721861311257612,  4.8231029447291327,#9b7653
 12.0509015446973731,  4.8760406027852614,#9b7653
 12.0293848230175264,  4.9288843341831026,#9b7653
 12.0076363805605695,  4.9816331209994029,#9b7653
 11.9856566362644781,  5.0342859471398000,#9b7653
 11.9634460135227396,  5.0868417983584733,#9b7653
 11.9410049401762581,  5.1392996622775557,#9b7653
 11.9183338485050836,  5.1916585284066992,#9b7653
 11.8954331752200542,  5.2439173881626058,#9b7653
 11.8723033614544473,  5.2960752348883240,#9b7653
 11.8489448527554373,  5.3481310638727262,#9b7653
 11.8253580990755331,  5.4000838723698239,#9b7653
 11.8015435547638781,  5.4519326596181603,#9b7653
 11.7775016785575488,  5.5036764268599701,#9b7653
 11.7532329335726811,  5.5553141773604962,#9b7653
 11.7287377872955716,  5.6068449164271499,#9b7653
 11.7040167115736349,  5.6582676514287558,#9b7653
 11.6790701826063650,  5.7095813918145453,#9b7653
 11.6538986809361429,  5.7607851491333060,#9b7653
 11.6285026914389409,  5.8118779370524738,#9b7653
 11.6028827033150481,  5.8628587713770202,#9b7653
 11.5770392100796116,  5.9137266700684830,#9b7653
 11.5509727095531325,  5.9644806532638501,#9b7653
 11.5246837038518564,  6.0151197432945116,#9b7653
 11.4981726993781539,  6.0656429647049714,#9b7653
 11.4714402068107155,  6.1160493442717181,#9b7653
 11.4444867410947548,  6.1663379110219356,#9b7653
 11.4173128214320272,  6.2165076962522789,#9b7653
 11.3899189712709106,  6.2665577335474225,#9b7653
 11.3623057182962715,  6.3164870587987325,#9b7653
 11.3344735944192827,  6.3662947102228973,#9b7653
 11.3064231357672362,  6.4159797283803339,#9b7653
 11.2781548826731708,  6.4655411561937566,#9b7653
 11.2496693796654945,  6.5149780389665626,#9b7653
 11.2209671754574334,  6.5642894244013057,#9b7653
 11.1920488229365489,  6.6134743626179286,#9b7653
 11.1629148791540409,  6.6625319061721076,#9b7653
 11.1335659053139864,  6.7114611100735697,#9b7653
 11.1040024667626014,  6.7602610318041787,#9b7653
 11.0742251329772952,  6.8089307313361633,#9b7653
 11.0442344775557384,  6.8574692711501912,#9b7653
 11.0140310782047539,  6.9058757162535036,#9b7653
 10.9836155167292624,  6.9541491341978112,#9b7653
 10.9529883790210345,  7.0022885950973297,#9b7653
 10.9221502550474217,  7.0502931716466604,#9b7653
 10.8911017388399429,  7.0981619391387216,#9b7653
 10.8598434284829182,  7.1458939754824504,#9b7653
 10.8283759261019128,  7.1934883612206226,#9b7653
 10.7966998378520955,  7.2409441795476184,#9b7653
 10.7648157739066423,  7.2882605163269742,#9b7653
 10.7327243484449308,  7.3354364601090598,#9b7653
 10.7004261796407327,  7.3824711021486040,#9b7653
 10.6679218896502590,  7.4293635364222714,#9b7653
 10.6352121046002477,  7.4761128596460056,#9b7653
 10.6022974545758668,  7.5227181712924809,#9b7653
 10.5691785736085340,  7.5691785736085180,#9b7653
