x,y,fill
-1.10218211923262e-16, 1.80000000000000004,#000000
 5.66051797392531e-03, 1.79999109957140280,#000000
 1.13209799689218e-02, 1.79996439837362998,#000000
 1.69813300066140e-02, 1.79991989667073971,#000000
 2.26415121097337e-02, 1.79985759490282593,#000000
 2.83014703026735e-02, 1.79977749368601314,#000000
 3.39611486120405e-02, 1.79967959381245168,#000000
 3.96204910672097e-02, 1.79956389625030910,#000000
 4.52794417008766e-02, 1.79943040214376104,#000000
 5.09379445496126e-02, 1.79927911281297903,#000000
 5.65959436544171e-02, 1.79911002975411871,#000000
 6.22533830612711e-02, 1.79892315463930430,#000000
 6.79102068216908e-02, 1.79871848931661216,#000000
 7.35663589932807e-02, 1.79849603581005213,#000000
 7.92217836402868e-02, 1.79825579631954802,#000000
 8.48764248341500e-02, 1.79799777322091625,#000000
 9.05302266540589e-02, 1.79772196906584103,#000000
 9.61831331875031e-02, 1.79742838658185078,#000000
 1.01835088530826e-01, 1.79711702867228973,#000000
 1.07486036789777e-01, 1.79678789841628950,#000000
 1.13135922080068e-01, 1.79644099906874000,#000000
 1.18784688527917e-01, 1.79607633406025546,#000000
 1.24432280270612e-01, 1.79569390699714071,#000000
 1.30078641457057e-01, 1.79529372166135714,#000000
 1.35723716248323e-01, 1.79487578201048370,#000000
 1.41367448818205e-01, 1.79444009217767775,#000000
 1.47009783353772e-01, 1.79398665647163535,#000000
 1.52650664055916e-01, 1.79351547937654776,#000000
 1.58290035139910e-01, 1.79302656555205719,#000000
 1.63927840835953e-01, 1.79251991983321135,#000000
 1.69564025389727e-01, 1.79199554723041432,#000000
 1.75198533062944e-01, 1.79145345292937841,#000000
 1.80831308133902e-01, 1.79089364229107195,#000000
 1.86462294898031e-01, 1.79031612085166691,#000000
 1.92091437668446e-01, 1.78972089432248338,#000000
 1.97718680776500e-01, 1.78910796858993404,#000000
 2.03343968572331e-01, 1.78847734971546535,#000000
 2.08967245425414e-01, 1.78782904393549757,#000000
 2.14588455725112e-01, 1.78716305766136285,#000000
 2.20207543881223e-01, 1.78647939747924300,#000000
 2.25824454324533e-01, 1.78577807015010337,#000000
 2.31439131507363e-01, 1.78505908260962531,#000000
 2.37051519904122e-01, 1.78432244196813983,#000000
 2.42661564011851e-01, 1.78356815551055470,#000000
 2.48269208350777e-01, 1.78279623069628435,#000000
 2.53874397464854e-01, 1.78200667515917499,#000000
 2.59477075922325e-01, 1.78119949670742961,#000000
 2.65077188316254e-01, 1.78037470332353065,#000000
 2.70674679265086e-01, 1.77953230316416078,#000000
 2.76269493413189e-01, 1.77867230456012337,#000000
 2.81861575431404e-01, 1.77779471601625794,#000000
 2.87450870017589e-01, 1.77689954621135837,#000000
 2.93037321897170e-01, 1.77598680399808573,#000000
 2.98620875823684e-01, 1.77505649840288071,#000000
 3.04201476579328e-01, 1.77410863862587531,#000000
 3.09779068975504e-01, 1.77314323404080088,#000000
 3.15353597853364e-01, 1.77216029419489551,#000000
 3.20925008084357e-01, 1.77115982880881062,#000000
 3.26493244570772e-01, 1.77014184777651384,#000000
 3.32058252246286e-01, 1.76910636116519071,#000000
 3.37619976076507e-01, 1.76805337921514671,#000000
 3.43178361059516e-01, 1.76698291233970473,#000000
 3.48733352226416e-01, 1.76589497112510263,#000000
 3.54284894641870e-01, 1.76478956633038808,#000000
 3.59832933404648e-01, 1.76366670888731303,#000000
 3.65377413648170e-01, 1.76252640990022447,#000000
 3.70918280541046e-01, 1.76136868064595542,#000000
 3.76455479287621e-01, 1.76019353257371325,#000000
 3.81988955128514e-01, 1.75900097730496618,#000000
 3.87518653341162e-01, 1.75779102663332876,#000000
 3.93044519240362e-01, 1.75656369252444500,#000000
 3.98566498178806e-01, 1.75531898711587009,#000000
 4.04084535547631e-01, 1.75405692271694980,#000000
 4.09598576776948e-01, 1.75277751180870034,#000000
 4.15108567336392e-01, 1.75148076704368294,#000000
 4.20614452735654e-01, 1.75016670124588036,#000000
 4.26116178525023e-01, 1.74883532741056857,#000000
 4.31613690295925e-01, 1.74748665870418995,#000000
 4.37106933681457e-01, 1.74612070846422140,#000000
 4.42595854356930e-01, 1.74473749019904401,#000000
 4.48080398040405e-01, 1.74333701758780779,#000000
 4.53560510493225e-01, 1.74191930448029808,#000000
 4.59036137520558e-01, 1.74048436489679692,#000000
 4.64507224971930e-01, 1.73903221302794631,#000000
 4.69973718741758e-01, 1.73756286323460607,#000000
 4.75435564769891e-01, 1.73607633004771267,#000000
 4.80892709042138e-01, 1.73457262816813551,#000000
 4.86345097590808e-01, 1.73305177246653175,#000000
 4.91792676495238e-01, 1.73151377798319861,#000000
 4.97235391882334e-01, 1.72995865992792486,#000000
 5.02673189927094e-01, 1.72838643367984113,#000000
 5.08106016853149e-01, 1.72679711478726627,#000000
 5.13533818933289e-01, 1.72519071896755571,#000000
 5.18956542489999e-01, 1.72356726210694355,#000000
 5.24374133895985e-01, 1.72192676026038827,#000000
 5.29786539574707e-01, 1.72026922965141060,#000000
 5.35193706000910e-01, 1.71859468667193638,#000000
 5.40595579701150e-01, 1.71690314788213305,#000000
 5.45992107254328e-01, 1.71519463001024408,#000000
 5.51383235292210e-01, 1.71346914995242772,#000000
 5.56768910499964e-01, 1.71172672477258558,#000000
 5.62149079616681e-01, 1.70996737170219681,#000000
 5.67523689435904e-01, 1.70819110814014574,#000000
 5.72892686806155e-01, 1.70639795165255181,#000000
 5.78256018631458e-01, 1.70458791997259396,#000000
 5.83613631871867e-01, 1.70276103100033649,#000000
 5.88965473543989e-01, 1.70091730280255105,#000000
 5.94311490721506e-01, 1.69905675361253938,#000000
 5.99651630535703e-01, 1.69717940182995153,#000000
 6.04985840175989e-01, 1.69528526602060481,#000000
 6.10314066890415e-01, 1.69337436491630000,#000000
 6.15636257986204e-01, 1.69144671741463526,#000000
 6.20952360830263e-01, 1.68950234257882093,#000000
 6.26262322849711e-01, 1.68754125963748947,#000000
 6.31566091532395e-01, 1.68556348798450628,#000000
 6.36863614427410e-01, 1.68356904717877742,#000000
 6.42154839145617e-01, 1.68155795694405596,#000000
 6.47439713360164e-01, 1.67953023716874750,#000000
 6.52718184807000e-01, 1.67748590790571317,#000000
 6.57990201285394e-01, 1.67542498937207163,#000000
 6.63255710658450e-01, 1.67334750194899873,#000000
 6.68514660853622e-01, 1.67125346618152659,#000000
 6.73766999863234e-01, 1.66914290277833821,#000000
 6.79012675744985e-01, 1.66701583261156672,#000000
 6.84251636622474e-01, 1.66487227671658511,#000000
 6.89483830685702e-01, 1.66271225629180064,#000000
 6.94709206191592e-01, 1.66053579269844365,#000000
 6.99927711464497e-01, 1.65834290746035729,#000000
 7.05139294896715e-01, 1.65613362226378458,#000000
 7.10343904948993e-01, 1.65390795895715303,#000000
 7.15541490151043e-01, 1.65166593955085994,#000000
 7.20731999102047e-01, 1.64940758621705386,#000000
 7.25915380471166e-01, 1.64713292128941502,#000000
 7.31091582998050e-01, 1.64484196726293597,#000000
 7.36260555493342e-01, 1.64253474679369726,#000000
 7.41422246839187e-01, 1.64021128269864436,#000000
 7.46576605989732e-01, 1.63787159795536241,#000000
 7.51723581971640e-01, 1.63551571570184762,#000000
 7.56863123884585e-01, 1.63314365923628002,#000000
 7.61995180901762e-01, 1.63075545201679195,#000000
 7.67119702270384e-01, 1.62835111766123641,#000000
 7.72236637312188e-01, 1.62593067994695439,#000000
 7.77345935423935e-01, 1.62349416281053749,#000000
 7.82447546077912e-01, 1.62104159034759321,#000000
 7.87541418822428e-01, 1.61857298681250628,#000000
 7.92627503282315e-01, 1.61608837661819860,#000000
 7.97705749159427e-01, 1.61358778433588701,#000000
 8.02776106233136e-01, 1.61107123469484259,#000000
 8.07838524360832e-01, 1.60853875258214218,#000000
 8.12892953478411e-01, 1.60599036304242704,#000000
 8.17939343600779e-01, 1.60342609127765101,#000000
 8.22977644822342e-01, 1.60084596264683499,#000000
 8.28007807317500e-01, 1.59825000266581152,#000000
 8.33029781341138e-01, 1.59563823700697749,#000000
 8.38043517229123e-01, 1.59301069149903740,#000000
 8.43048965398788e-01, 1.59036739212674760,#000000
 8.48046076349432e-01, 1.58770836503066071,#000000
 8.53034800662798e-01, 1.58503363650686646,#000000
 8.58015089003569e-01, 1.58234323300673219,#000000
 8.62986892119858e-01, 1.57963718113663965,#000000
 8.67950160843686e-01, 1.57691550765772504,#000000
 8.72904846091478e-01, 1.57417823948560964,#000000
 8.77850898864542e-01, 1.57142540369013894,#000000
 8.82788270249557e-01, 1.56865702749511038,#000000
 8.87716911419053e-01, 1.56587313827800756,#000000
 8.92636773631901e-01, 1.56307376356972694,#000000
 8.97547808233785e-01, 1.56025893105430713,#000000
 9.02449966657690e-01, 1.55742866856865514,#000000
 9.07343200424384e-01, 1.55458300410226946,#000000
 9.12227461142890e-01, 1.55172196579696475,#000000
 9.17102700510972e-01, 1.54884558194659383,#000000
 9.21968870315605e-01, 1.54595388099676723,#000000
 9.26825922433463e-01, 1.54304689154457031,#000000
 9.31673808831381e-01, 1.54012464233828417,#000000
 9.36512481566842e-01, 1.53718716227709740,#000000
 9.41341892788444e-01, 1.53423448041082344,#000000
 9.46161994736377e-01, 1.53126662593961083,#000000
 9.50972739742892e-01, 1.52828362821365649,#000000
 9.55774080232777e-01, 1.52528551673291335,#000000
 9.60565968723820e-01, 1.52227232114680078,#000000
 9.65348357827288e-01, 1.51924407125391081,#000000
 9.70121200248389e-01, 1.51620079700171151,#000000
 9.74884448786742e-01, 1.51314252848625275,#000000
 9.79638056336842e-01, 1.51006929595186912,#000000
 9.84381975888529e-01, 1.50698112979087950,#000000
 9.89116160527451e-01, 1.50387806054328554,#000000
 9.93840563435526e-01, 1.50076011889647321,#000000
 9.98555137891411e-01, 1.49762733568490458,#000000
 1.00325983727096e+00, 1.49447974188981769,#000000
 1.00795461504767e+00, 1.49131736863891606,#000000
 1.01263942479319e+00, 1.48814024720606386,#000000
 1.01731422017771e+00, 1.48494840901097458,#000000
 1.02197895497047e+00, 1.48174188561890130,#000000
 1.02663358304022e+00, 1.47852070874032560,#000000
 1.03127805835564e+00, 1.47528491023064112,#000000
 1.03591233498580e+00, 1.47203452208984009,#000000
 1.04053636710067e+00, 1.46876957646219841,#000000
 1.04515010897149e+00, 1.46549010563595528,#000000
 1.04975351497129e+00, 1.46219614204299453,#000000
 1.05434653957531e+00, 1.45888771825852603,#000000
 1.05892913736145e+00, 1.45556486700075904,#000000
 1.06350126301072e+00, 1.45222762113058401,#000000
 1.06806287130772e+00, 1.44887601365124286,#000000
 1.07261391714102e+00, 1.44551007770800655,#000000
 1.07715435550367e+00, 1.44212984658784360,#000000
 1.08168414149362e+00, 1.43873535371909433,#000000
 1.08620323031417e+00, 1.43532663267113825,#000000
 1.09071157727439e+00, 1.43190371715406228,#000000
 1.09520913778959e+00, 1.42846664101832688,#000000
 1.09969586738176e+00, 1.42501543825443355,#000000
 1.10417172167999e+00, 1.42155014299258720,#000000
 1.10863665642092e+00, 1.41807078950235632,#000000
 1.11309062744919e+00, 1.41457741219233912,#000000
 1.11753359071784e+00, 1.41107004560981841,#000000
 1.12196550228879e+00, 1.40754872444042389,#000000
 1.12638631833325e+00, 1.40401348350778488,#000000
 1.13079599513216e+00, 1.40046435777319167,#000000
 1.13519448907660e+00, 1.39690138233524230,#000000
 1.13958175666828e+00, 1.39332459242950302,#000000
 1.14395775451989e+00, 1.38973402342815544,#000000
 1.14832243935560e+00, 1.38612971083964664,#000000
 1.15267576801145e+00, 1.38251169030833942,#000000
 1.15701769743577e+00, 1.37887999761416036,#000000
 1.16134818468965e+00, 1.37523466867224498,#000000
 1.16566718694731e+00, 1.37157573953258116,#000000
 1.16997466149656e+00, 1.36790324637965588,#000000
 1.17427056573922e+00, 1.36421722553209390,#000000
 1.17855485719152e+00, 1.36051771344230210,#000000
 1.18282749348454e+00, 1.35680474669610529,#000000
 1.18708843236461e+00, 1.35307836201238829,#000000
 1.19133763169376e+00, 1.34933859624272867,#000000
 1.19557504945011e+00, 1.34558548637103637,#000000
 1.19980064372827e+00, 1.34181906951318530,#000000
 1.20401437273981e+00, 1.33803938291664659,#000000
 1.20821619481362e+00, 1.33424646396012059,#000000
 1.21240606839636e+00, 1.33044035015316808,#000000
 1.21658395205282e+00, 1.32662107913583860,#000000
 1.22074980446640e+00, 1.32278868867829669,#000000
 1.22490358443945e+00, 1.31894321668045200,#000000
 1.22904525089374e+00, 1.31508470117157961,#000000
 1.23317476287081e+00, 1.31121318030994960,#000000
 1.23729207953240e+00, 1.30732869238244476,#000000
 1.24139716016087e+00, 1.30343127580418483,#000000
 1.24548996415958e+00, 1.29952096911814419,#000000
 1.24957045105330e+00, 1.29559781099477433,#000000
 1.25363858048860e+00, 1.29166184023161845,#000000
 1.25769431223426e+00, 1.28771309575292814,#000000
 1.26173760618168e+00, 1.28375161660927861,#000000
 1.26576842234523e+00, 1.27977744197718413,#000000
 1.26978672086272e+00, 1.27579061115870940,#000000
 1.27379246199571e+00, 1.27179116358107835,#000000
 1.27778560612997e+00, 1.26777913879628978,#000000
 1.28176611377585e+00, 1.26375457648072076,#000000
 1.28573394556864e+00, 1.25971751643473739,#000000
 1.28968906226901e+00, 1.25566799858230138,#000000
 1.29363142476337e+00, 1.25160606297057275,#000000
 1.29756099406425e+00, 1.24753174976951509,#000000
 1.30147773131072e+00, 1.24344509927149960,#000000
 1.30538159776872e+00, 1.23934615189090613,#000000
 1.30927255483149e+00, 1.23523494816372104,#000000
 1.31315056401994e+00, 1.23111152874713836,#000000
 1.31701558698302e+00, 1.22697593441915909,#000000
 1.32086758549811e+00, 1.22282820607818588,#000000
 1.32470652147139e+00, 1.21866838474261763,#000000
 1.32853235693821e+00, 1.21449651155044691,#000000
 1.33234505406350e+00, 1.21031262775885051,#000000
 1.33614457514210e+00, 1.20611677474378309,#000000
 1.33993088259915e+00, 1.20190899399956752,#000000
 1.34370393899049e+00, 1.19768932713848342,#000000
 1.34746370700298e+00, 1.19345781589035638,#000000
 1.35121014945490e+00, 1.18921450210214652,#000000
 1.35494322929632e+00, 1.18495942773753415,#000000
 1.35866290960944e+00, 1.18069263487650233,#000000
 1.36236915360898e+00, 1.17641416571492297,#000000
 1.36606192464256e+00, 1.17212406256414026,#000000
 1.36974118619100e+00, 1.16782236785055149,#000000
 1.37340690186875e+00, 1.16350912411518470,#000000
 1.37705903542420e+00, 1.15918437401328323,#000000
 1.38069755074008e+00, 1.15484816031387916,#000000
 1.38432241183377e+00, 1.15050052589937257,#000000
 1.38793358285770e+00, 1.14614151376510920,#000000
 1.39153102809969e+00, 1.14177116701895032,#000000
 1.39511471198328e+00, 1.13738952888085021,#000000
 1.39868459906812e+00, 1.13299664268242850,#000000
 1.40224065405028e+00, 1.12859255186654139,#000000
 1.40578284176265e+00, 1.12417729998685001,#000000
 1.40931112717523e+00, 1.11975093070739318,#000000
 1.41282547539553e+00, 1.11531348780215178,#000000
 1.41632585166886e+00, 1.11086501515461977,#000000
 1.41981222137874e+00, 1.10640555675736629,#000000
 1.42328455004717e+00, 1.10193515671160491,#000000
 1.42674280333503e+00, 1.09745385922675265,#000000
 1.43018694704240e+00, 1.09296170861999675,#000000
 1.43361694710887e+00, 1.08845874931585596,#000000
 1.43703276961393e+00, 1.08394502584573771,#000000
 1.44043438077726e+00, 1.07942058284750098,#000000
 1.44382174695908e+00, 1.07488546506501526,#000000
 1.44719483466049e+00, 1.07033971734771627,#000000
 1.45055361052380e+00, 1.06578338465016209,#000000
 1.45389804133285e+00, 1.06121651203159129,#000000
 1.45722809401334e+00, 1.05663914465547371,#000000
 1.46054373563316e+00, 1.05205132778906751,#000000
 1.46384493340272e+00, 1.04745310680296733,#000000
 1.46713165467527e+00, 1.04284452717066101,#000000
 1.47040386694723e+00, 1.03822563446807359,#000000
 1.47366153785849e+00, 1.03359647437312230,#000000
 1.47690463519276e+00, 1.02895709266526203,#000000
 1.48013312687786e+00, 1.02430753522503126,#000000
 1.48334698098606e+00, 1.01964784803360131,#000000
 1.48654616573438e+00, 1.01497807717232025,#000000
 1.48973064948492e+00, 1.01029826882225771,#000000
 1.49290040074515e+00, 1.00560846926374570,#000000
 1.49605538816825e+00, 1.00090872487592608,#000000
 1.49919558055339e+00, 0.99619908213628527,#000000
 1.50232094684607e+00, 0.99147958762020150,#000000
 1.50543145613840e+00, 0.98675028800047782,#000000
 1.50852707766941e+00, 0.98201123004688584,#000000
 1.51160778082537e+00, 0.97726246062569899,#000000
 1.51467353514009e+00, 0.97250402669923242,#000000
 1.51772431029520e+00, 0.96773597532537714,#000000
 1.52076007612047e+00, 0.96295835365713356,#000000
 1.52378080259411e+00, 0.95817120894214602,#000000
 1.52678645984304e+00, 0.95337458852223689,#000000
 1.52977701814324e+00, 0.94856853983293765,#000000
 1.53275244791996e+00, 0.94375311040301779,#000000
 1.53571271974811e+00, 0.93892834785401647,#000000
 1.53865780435247e+00, 0.93409429989977255,#000000
 1.54158767260802e+00, 0.92925101434595159,#000000
 1.54450229554024e+00, 0.92439853908957315,#000000
 1.54740164432534e+00, 0.91953692211853599,#000000
 1.55028569029062e+00, 0.91466621151114502,#000000
 1.55315440491468e+00, 0.90978645543563597,#000000
 1.55600775982776e+00, 0.90489770214969933,#000000
 1.55884572681199e+00, 0.90000000000000058,#000000
 1.56166827780168e+00, 0.89509339742170380,#000000
 1.56447538488360e+00, 0.89017794293799379,#000000
 1.56726702029723e+00, 0.88525368515959535,#000000
 1.57004315643507e+00, 0.88032067278429116,#000000
 1.57280376584291e+00, 0.87537895459644055,#000000
 1.57554882122006e+00, 0.87042857946649999,#000000
 1.57827829541968e+00, 0.86546959635053633,#000000
 1.58099216144898e+00, 0.86050205428974502,#000000
 1.58369039246957e+00, 0.85552600240996246,#000000
 1.58637296179765e+00, 0.85054148992118161,#000000
 1.58903984290432e+00, 0.84554856611706741,#000000
 1.59169100941580e+00, 0.84054728037446669,#000000
 1.59432643511375e+00, 0.83553768215291957,#000000
 1.59694609393549e+00, 0.83051982099417132,#000000
 1.59954995997424e+00, 0.82549374652168361,#000000
 1.60213800747943e+00, 0.82045950844014259,#000000
 1.60471021085691e+00, 0.81541715653496616,#000000
 1.60726654466922e+00, 0.81036674067181247,#000000
 1.60980698363585e+00, 0.80530831079608856,#000000
 1.61233150263346e+00, 0.80024191693245461,#000000
 1.61484007669617e+00, 0.79516760918432983,#000000
 1.61733268101576e+00, 0.79008543773339557,#000000
 1.61980929094197e+00, 0.78499545283910011,#000000
 1.62226988198270e+00, 0.77989770483816334,#000000
 1.62471442980426e+00, 0.77479224414407688,#000000
 1.62714291023163e+00, 0.76967912124660509,#000000
 1.62955529924867e+00, 0.76455838671128640,#000000
 1.63195157299840e+00, 0.75943009117893490,#000000
 1.63433170778318e+00, 0.75429428536513832,#000000
 1.63669568006500e+00, 0.74915102005975465,#000000
 1.63904346646566e+00, 0.74400034612641164,#000000
 1.64137504376706e+00, 0.73884231450200499,#000000
 1.64369038891137e+00, 0.73367697619619299,#000000
 1.64598947900130e+00, 0.72850438229089254,#000000
 1.64827229130030e+00, 0.72332458393977273,#000000
 1.65053880323282e+00, 0.71813763236774975,#000000
 1.65278899238449e+00, 0.71294357887048221,#000000
 1.65502283650237e+00, 0.70774247481386243,#000000
 1.65724031349515e+00, 0.70253437163350663,#000000
 1.65944140143340e+00, 0.69731932083424797,#000000
 1.66162607854976e+00, 0.69209737398962834,#000000
 1.66379432323915e+00, 0.68686858274138762,#000000
 1.66594611405902e+00, 0.68163299879895090,#000000
 1.66808142972951e+00, 0.67639067393891850,#000000
 1.67020024913372e+00, 0.67114166000455566,#000000
 1.67230255131785e+00, 0.66588600890527772,#000000
 1.67438831549149e+00, 0.66062377261613781,#000000
 1.67645752102774e+00, 0.65535500317731143,#000000
 1.67851014746347e+00, 0.65007975269358231,#000000
 1.68054617449952e+00, 0.64479807333382932,#000000
 1.68256558200087e+00, 0.63951001733050883,#000000
 1.68456834999686e+00, 0.63421563697913652,#000000
 1.68655445868139e+00, 0.62891498463777207,#000000
 1.68852388841310e+00, 0.62360811272650241,#000000
 1.69047661971558e+00, 0.61829507372692227,#000000
 1.69241263327757e+00, 0.61297592018161351,#000000
 1.69433190995311e+00, 0.60765070469362659,#000000
 1.69623443076177e+00, 0.60231947992596280,#000000
 1.69812017688885e+00, 0.59698229860105012,#000000
 1.69998912968549e+00, 0.59163921350022419,#000000
 1.70184127066895e+00, 0.58629027746320361,#000000
 1.70367658152273e+00, 0.58093554338756892,#000000
 1.70549504409677e+00, 0.57557506422824145,#000000
 1.70729664040763e+00, 0.57020889299695732,#000000
 1.70908135263866e+00, 0.56483708276174227,#000000
 1.71084916314020e+00, 0.55945968664638857,#000000
 1.71260005442972e+00, 0.55407675782993004,#000000
 1.71433400919201e+00, 0.54868834954611623,#000000
 1.71605101027937e+00, 0.54329451508288307,#000000
 1.71775104071175e+00, 0.53789530778182815,#000000
 1.71943408367692e+00, 0.53249078103768455,#000000
 1.72110012253065e+00, 0.52708098829779049,#000000
 1.72274914079689e+00, 0.52166598306156231,#000000
 1.72438112216788e+00, 0.51624581887996313,#000000
 1.72599605050437e+00, 0.51082054935497456,#000000
 1.72759390983574e+00, 0.50539022813906875,#000000
 1.72917468436018e+00, 0.49995490893467537,#000000
 1.73073835844483e+00, 0.49451464549364987,#000000
 1.73228491662594e+00, 0.48906949161674307,#000000
 1.73381434360904e+00, 0.48361950115307029,#000000
 1.73532662426907e+00, 0.47816472799957788,#000000
 1.73682174365053e+00, 0.47270522610050841,#000000
 1.73829968696764e+00, 0.46724104944686867,#000000
 1.73976043960447e+00, 0.46177225207589734,#000000
 1.74120398711512e+00, 0.45629888807052843,#000000
 1.74263031522381e+00, 0.45082101155885757,#000000
 1.74403940982507e+00, 0.44533867671360505,#000000
 1.74543125698384e+00, 0.43985193775158088,#000000
 1.74680584293563e+00, 0.43436084893315063,#000000
 1.74816315408668e+00, 0.42886546456169738,#000000
 1.74950317701402e+00, 0.42336583898308278,#000000
 1.75082589846569e+00, 0.41786202658511129,#000000
 1.75213130536080e+00, 0.41235408179699407,#000000
 1.75341938478973e+00, 0.40684205908880877,#000000
 1.75469012401416e+00, 0.40132601297095982,#000000
 1.75594351046731e+00, 0.39580599799364041,#000000
 1.75717953175397e+00, 0.39028206874629473,#000000
 1.75839817565069e+00, 0.38475427985707605,#000000
 1.75959943010584e+00, 0.37922268599230768,#000000
 1.76078328323977e+00, 0.37368734185594016,#000000
 1.76194972334495e+00, 0.36814830218901190,#000000
 1.76309873888601e+00, 0.36260562176910938,#000000
 1.76423031849992e+00, 0.35705935540982364,#000000
 1.76534445099607e+00, 0.35150955796020683,#000000
 1.76644112535641e+00, 0.34595628430423164,#000000
 1.76752033073551e+00, 0.34039958936024944,#000000
 1.76858205646073e+00, 0.33483952808044615,#000000
 1.76962629203227e+00, 0.32927615545029698,#000000
 1.77065302712330e+00, 0.32370952648802431,#000000
 1.77166225158006e+00, 0.31813969624405519,#000000
 1.77265395542197e+00, 0.31256671980047451,#000000
 1.77362812884171e+00, 0.30699065227048178,#000000
 1.77458476220531e+00, 0.30141154879784399,#000000
 1.77552384605229e+00, 0.29582946455635145,#000000
 1.77644537109569e+00, 0.29024445474927413,#000000
 1.77734932822222e+00, 0.28465657460881394,#000000
 1.77823570849232e+00, 0.27906587939555694,#000000
 1.77910450314025e+00, 0.27347242439792863,#000000
 1.77995570357418e+00, 0.26787626493164834,#000000
 1.78078930137629e+00, 0.26227745633918109,#000000
 1.78160528830281e+00, 0.25667605398918852,#000000
 1.78240365628416e+00, 0.25107211327598267,#000000
 1.78318439742498e+00, 0.24546568961898010,#000000
 1.78394750400424e+00, 0.23985683846215136,#000000
 1.78469296847529e+00, 0.23424561527347415,#000000
 1.78542078346598e+00, 0.22863207554438247,#000000
 1.78613094177866e+00, 0.22301627478921951,#000000
 1.78682343639034e+00, 0.21739826854469005,#000000
 1.78749826045266e+00, 0.21177811236930985,#000000
 1.78815540729206e+00, 0.20615586184285450,#000000
 1.78879487040976e+00, 0.20053157256581139,#000000
 1.78941664348189e+00, 0.19490530015883142,#000000
 1.79002072035950e+00, 0.18927710026217745,#000000
 1.79060709506865e+00, 0.18364702853517237,#000000
 1.79117576181048e+00, 0.17801514065565024,#000000
 1.79172671496122e+00, 0.17238149231940739,#000000
 1.79225994907231e+00, 0.16674613923964907,#000000
 1.79277545887039e+00, 0.16110913714644021,#000000
 1.79327323925740e+00, 0.15547054178615186,#000000
 1.79375328531061e+00, 0.14983040892091140,#000000
 1.79421559228266e+00, 0.14418879432805276,#000000
 1.79466015560164e+00, 0.13854575379956333,#000000
 1.79508697087110e+00, 0.13290134314153038,#000000
 1.79549603387010e+00, 0.12725561817359091,#000000
 1.79588734055327e+00, 0.12160863472838125,#000000
 1.79626088705084e+00, 0.11596044865098323,#000000
 1.79661666966866e+00, 0.11031111579836959,#000000
 1.79695468488828e+00, 0.10466069203885713,#000000
 1.79727492936694e+00, 0.09900923325154780,#000000
 1.79757739993762e+00, 0.09335679532578177,#000000
 1.79786209360908e+00, 0.08770343416058222,#000000
 1.79812900756589e+00, 0.08204920566410101,#000000
 1.79837813916843e+00, 0.07639416575306734,#000000
 1.79860948595294e+00, 0.07073837035223640,#000000
 1.79882304563157e+00, 0.06508187539383468,#000000
 1.79901881609232e+00, 0.05942473681700527,#000000
 1.79919679539917e+00, 0.05376701056725621,#000000
 1.79935698179201e+00, 0.04810875259590888,#000000
 1.79949937368670e+00, 0.04245001885954301,#000000
 1.79962396967507e+00, 0.03679086531944099,#000000
 1.79973076852494e+00, 0.03113134794103998,#000000
 1.79981976918015e+00, 0.02547152269337206,#000000
 1.79989097076053e+00, 0.01981144554851638,#000000
 1.79994437256194e+00, 0.01415117248104313,#000000
 1.79997997405629e+00, 0.00849075946745851,#000000
 1.79999777489148e+00, 0.00283026248565268,#000000
 1.79999777489148e+00,-0.00283026248565223,#000000
 1.79997997405629e+00,-0.00849075946745727,#000000
 1.79994437256194e+00,-0.01415117248104189,#000000
 1.79989097076053e+00,-0.01981144554851593,#000000
 1.79981976918015e+00,-0.02547152269337162,#000000
 1.79973076852494e+00,-0.03113134794103873,#000000
 1.79962396967507e+00,-0.03679086531944054,#000000
 1.79949937368670e+00,-0.04245001885954177,#000000
 1.79935698179201e+00,-0.04810875259590843,#000000
 1.79919679539917e+00,-0.05376701056725577,#000000
 1.79901881609232e+00,-0.05942473681700403,#000000
 1.79882304563157e+00,-0.06508187539383345,#000000
 1.79860948595294e+00,-0.07073837035223596,#000000
 1.79837813916843e+00,-0.07639416575306690,#000000
 1.79812900756589e+00,-0.08204920566409976,#000000
 1.79786209360908e+00,-0.08770343416058099,#000000
 1.79757739993762e+00,-0.09335679532578132,#000000
 1.79727492936694e+00,-0.09900923325154737,#000000
 1.79695468488828e+00,-0.10466069203885588,#000000
 1.79661666966866e+00,-0.11031111579836915,#000000
 1.79626088705084e+00,-0.11596044865098198,#000000
 1.79588734055327e+00,-0.12160863472838079,#000000
 1.79549603387010e+00,-0.12725561817359046,#000000
 1.79508697087110e+00,-0.13290134314152913,#000000
 1.79466015560164e+00,-0.13854575379956208,#000000
 1.79421559228266e+00,-0.14418879432805232,#000000
 1.79375328531061e+00,-0.14983040892091093,#000000
 1.79327323925740e+00,-0.15547054178615061,#000000
 1.79277545887039e+00,-0.16110913714643899,#000000
 1.79225994907231e+00,-0.16674613923964862,#000000
 1.79172671496122e+00,-0.17238149231940694,#000000
 1.79117576181048e+00,-0.17801514065564900,#000000
 1.79060709506865e+00,-0.18364702853517112,#000000
 1.79002072035950e+00,-0.18927710026217623,#000000
 1.78941664348189e+00,-0.19490530015883098,#000000
 1.78879487040976e+00,-0.20053157256581094,#000000
 1.78815540729206e+00,-0.20615586184285328,#000000
 1.78749826045266e+00,-0.21177811236930863,#000000
 1.78682343639034e+00,-0.21739826854468963,#000000
 1.78613094177866e+00,-0.22301627478921907,#000000
 1.78542078346598e+00,-0.22863207554438128,#000000
 1.78469296847529e+00,-0.23424561527347290,#000000
 1.78394750400424e+00,-0.23985683846215092,#000000
 1.78318439742498e+00,-0.24546568961897966,#000000
 1.78240365628416e+00,-0.25107211327598139,#000000
 1.78160528830281e+00,-0.25667605398918725,#000000
 1.78078930137629e+00,-0.26227745633917993,#000000
 1.77995570357418e+00,-0.26787626493164790,#000000
 1.77910450314025e+00,-0.27347242439792818,#000000
 1.77823570849232e+00,-0.27906587939555572,#000000
 1.77734932822222e+00,-0.28465657460881266,#000000
 1.77644537109569e+00,-0.29024445474927368,#000000
 1.77552384605229e+00,-0.29582946455635101,#000000
 1.77458476220531e+00,-0.30141154879784271,#000000
 1.77362812884171e+00,-0.30699065227048056,#000000
 1.77265395542197e+00,-0.31256671980047407,#000000
 1.77166225158006e+00,-0.31813969624405480,#000000
 1.77065302712330e+00,-0.32370952648802387,#000000
 1.76962629203227e+00,-0.32927615545029570,#000000
 1.76858205646073e+00,-0.33483952808044487,#000000
 1.76752033073551e+00,-0.34039958936024900,#000000
 1.76644112535641e+00,-0.34595628430423120,#000000
 1.76534445099607e+00,-0.35150955796020567,#000000
 1.76423031849992e+00,-0.35705935540982237,#000000
 1.76309873888601e+00,-0.36260562176910893,#000000
 1.76194972334495e+00,-0.36814830218901146,#000000
 1.76078328323978e+00,-0.37368734185593894,#000000
 1.75959943010584e+00,-0.37922268599230641,#000000
 1.75839817565069e+00,-0.38475427985707561,#000000
 1.75717953175397e+00,-0.39028206874629429,#000000
 1.75594351046731e+00,-0.39580599799363997,#000000
 1.75469012401416e+00,-0.40132601297095866,#000000
 1.75341938478973e+00,-0.40684205908880761,#000000
 1.75213130536080e+00,-0.41235408179699362,#000000
 1.75082589846569e+00,-0.41786202658511085,#000000
 1.74950317701402e+00,-0.42336583898308161,#000000
 1.74816315408668e+00,-0.42886546456169622,#000000
 1.74680584293563e+00,-0.43436084893315019,#000000
 1.74543125698384e+00,-0.43985193775158038,#000000
 1.74403940982507e+00,-0.44533867671360378,#000000
 1.74263031522381e+00,-0.45082101155885634,#000000
 1.74120398711512e+00,-0.45629888807052793,#000000
 1.73976043960447e+00,-0.46177225207589684,#000000
 1.73829968696764e+00,-0.46724104944686817,#000000
 1.73682174365053e+00,-0.47270522610050719,#000000
 1.73532662426907e+00,-0.47816472799957671,#000000
 1.73381434360904e+00,-0.48361950115306979,#000000
 1.73228491662594e+00,-0.48906949161674257,#000000
 1.73073835844483e+00,-0.49451464549364871,#000000
 1.72917468436018e+00,-0.49995490893467415,#000000
 1.72759390983574e+00,-0.50539022813906831,#000000
 1.72599605050437e+00,-0.51082054935497423,#000000
 1.72438112216788e+00,-0.51624581887996190,#000000
 1.72274914079689e+00,-0.52166598306156109,#000000
 1.72110012253065e+00,-0.52708098829779004,#000000
 1.71943408367692e+00,-0.53249078103768421,#000000
 1.71775104071175e+00,-0.53789530778182770,#000000
 1.71605101027937e+00,-0.54329451508288185,#000000
 1.71433400919201e+00,-0.54868834954611501,#000000
 1.71260005442972e+00,-0.55407675782992960,#000000
 1.71084916314020e+00,-0.55945968664638801,#000000
 1.70908135263866e+00,-0.56483708276174116,#000000
 1.70729664040763e+00,-0.57020889299695610,#000000
 1.70549504409677e+00,-0.57557506422824112,#000000
 1.70367658152273e+00,-0.58093554338756848,#000000
 1.70184127066895e+00,-0.58629027746320239,#000000
 1.69998912968549e+00,-0.59163921350022297,#000000
 1.69812017688885e+00,-0.59698229860104968,#000000
 1.69623443076177e+00,-0.60231947992596235,#000000
 1.69433190995311e+00,-0.60765070469362614,#000000
 1.69241263327757e+00,-0.61297592018161229,#000000
 1.69047661971558e+00,-0.61829507372692105,#000000
 1.68852388841310e+00,-0.62360811272650196,#000000
 1.68655445868139e+00,-0.62891498463777162,#000000
 1.68456834999686e+00,-0.63421563697913530,#000000
 1.68256558200087e+00,-0.63951001733050761,#000000
 1.68054617449952e+00,-0.64479807333382888,#000000
 1.67851014746347e+00,-0.65007975269358187,#000000
 1.67645752102774e+00,-0.65535500317731021,#000000
 1.67438831549149e+00,-0.66062377261613670,#000000
 1.67230255131785e+00,-0.66588600890527727,#000000
 1.67020024913372e+00,-0.67114166000455522,#000000
 1.66808142972951e+00,-0.67639067393891805,#000000
 1.66594611405902e+00,-0.68163299879894990,#000000
 1.66379432323916e+00,-0.68686858274138662,#000000
 1.66162607854976e+00,-0.69209737398962801,#000000
 1.65944140143341e+00,-0.69731932083424741,#000000
 1.65724031349515e+00,-0.70253437163350552,#000000
 1.65502283650237e+00,-0.70774247481386132,#000000
 1.65278899238449e+00,-0.71294357887048188,#000000
 1.65053880323282e+00,-0.71813763236774930,#000000
 1.64827229130030e+00,-0.72332458393977150,#000000
 1.64598947900130e+00,-0.72850438229089143,#000000
 1.64369038891137e+00,-0.73367697619619265,#000000
 1.64137504376706e+00,-0.73884231450200466,#000000
 1.63904346646566e+00,-0.74400034612641119,#000000
 1.63669568006500e+00,-0.74915102005975343,#000000
 1.63433170778318e+00,-0.75429428536513710,#000000
 1.63195157299840e+00,-0.75943009117893445,#000000
 1.62955529924867e+00,-0.76455838671128529,#000000
 1.62714291023163e+00,-0.76967912124660398,#000000
 1.62471442980426e+00,-0.77479224414407644,#000000
 1.62226988198270e+00,-0.77989770483816290,#000000
 1.61980929094197e+00,-0.78499545283909966,#000000
 1.61733268101576e+00,-0.79008543773339446,#000000
 1.61484007669617e+00,-0.79516760918432949,#000000
 1.61233150263346e+00,-0.80024191693245417,#000000
 1.60980698363585e+00,-0.80530831079608811,#000000
 1.60726654466922e+00,-0.81036674067181136,#000000
 1.60471021085691e+00,-0.81541715653496505,#000000
 1.60213800747943e+00,-0.82045950844014148,#000000
 1.59954995997424e+00,-0.82549374652168317,#000000
 1.59694609393549e+00,-0.83051982099417021,#000000
 1.59432643511375e+00,-0.83553768215291857,#000000
 1.59169100941580e+00,-0.84054728037446635,#000000
 1.58903984290432e+00,-0.84554856611706708,#000000
 1.58637296179765e+00,-0.85054148992118128,#000000
 1.58369039246957e+00,-0.85552600240996135,#000000
 1.58099216144898e+00,-0.86050205428974469,#000000
 1.57827829541968e+00,-0.86546959635053600,#000000
 1.57554882122006e+00,-0.87042857946649965,#000000
 1.57280376584291e+00,-0.87537895459643944,#000000
 1.57004315643508e+00,-0.88032067278429005,#000000
 1.56726702029723e+00,-0.88525368515959435,#000000
 1.56447538488360e+00,-0.89017794293799335,#000000
 1.56166827780168e+00,-0.89509339742170269,#000000
 1.55884572681199e+00,-0.89999999999999947,#000000
 1.55600775982776e+00,-0.90489770214969911,#000000
 1.55315440491468e+00,-0.90978645543563563,#000000
 1.55028569029062e+00,-0.91466621151114458,#000000
 1.54740164432534e+00,-0.91953692211853499,#000000
 1.54450229554024e+00,-0.92439853908957281,#000000
 1.54158767260802e+00,-0.92925101434595125,#000000
 1.53865780435247e+00,-0.93409429989977222,#000000
 1.53571271974811e+00,-0.93892834785401524,#000000
 1.53275244791996e+00,-0.94375311040301657,#000000
 1.52977701814324e+00,-0.94856853983293665,#000000
 1.52678645984304e+00,-0.95337458852223655,#000000
 1.52378080259411e+00,-0.95817120894214503,#000000
 1.52076007612047e+00,-0.96295835365713256,#000000
 1.51772431029520e+00,-0.96773597532537681,#000000
 1.51467353514009e+00,-0.97250402669923197,#000000
 1.51160778082537e+00,-0.97726246062569855,#000000
 1.50852707766941e+00,-0.98201123004688484,#000000
 1.50543145613840e+00,-0.98675028800047748,#000000
 1.50232094684607e+00,-0.99147958762020050,#000000
 1.49919558055339e+00,-0.99619908213628494,#000000
 1.49605538816825e+00,-1.00090872487592519,#000000
 1.49290040074515e+00,-1.00560846926374525,#000000
 1.48973064948492e+00,-1.01029826882225660,#000000
 1.48654616573438e+00,-1.01497807717231980,#000000
 1.48334698098606e+00,-1.01964784803360020,#000000
 1.48013312687786e+00,-1.02430753522503037,#000000
 1.47690463519276e+00,-1.02895709266526159,#000000
 1.47366153785849e+00,-1.03359647437312185,#000000
 1.47040386694723e+00,-1.03822563446807337,#000000
 1.46713165467527e+00,-1.04284452717065990,#000000
 1.46384493340272e+00,-1.04745310680296688,#000000
 1.46054373563316e+00,-1.05205132778906640,#000000
 1.45722809401334e+00,-1.05663914465547326,#000000
 1.45389804133285e+00,-1.06121651203159040,#000000
 1.45055361052380e+00,-1.06578338465016165,#000000
 1.44719483466049e+00,-1.07033971734771538,#000000
 1.44382174695908e+00,-1.07488546506501481,#000000
 1.44043438077726e+00,-1.07942058284750075,#000000
 1.43703276961393e+00,-1.08394502584573682,#000000
 1.43361694710887e+00,-1.08845874931585551,#000000
 1.43018694704240e+00,-1.09296170861999675,#000000
 1.42674280333503e+00,-1.09745385922675243,#000000
 1.42328455004717e+00,-1.10193515671160380,#000000
 1.41981222137874e+00,-1.10640555675736585,#000000
 1.41632585166886e+00,-1.11086501515461866,#000000
 1.41282547539553e+00,-1.11531348780215134,#000000
 1.40931112717523e+00,-1.11975093070739207,#000000
 1.40578284176265e+00,-1.12417729998684957,#000000
 1.40224065405028e+00,-1.12859255186654051,#000000
 1.39868459906812e+00,-1.13299664268242806,#000000
 1.39511471198328e+00,-1.13738952888084977,#000000
 1.39153102809969e+00,-1.14177116701894943,#000000
 1.38793358285770e+00,-1.14614151376510898,#000000
 1.38432241183377e+00,-1.15050052589937257,#000000
 1.38069755074008e+00,-1.15484816031387871,#000000
 1.37705903542420e+00,-1.15918437401328256,#000000
 1.37340690186875e+00,-1.16350912411518448,#000000
 1.36974118619100e+00,-1.16782236785055060,#000000
 1.36606192464256e+00,-1.17212406256414003,#000000
 1.36236915360899e+00,-1.17641416571492208,#000000
 1.35866290960944e+00,-1.18069263487650145,#000000
 1.35494322929632e+00,-1.18495942773753304,#000000
 1.35121014945490e+00,-1.18921450210214630,#000000
 1.34746370700298e+00,-1.19345781589035593,#000000
 1.34370393899049e+00,-1.19768932713848231,#000000
 1.33993088259915e+00,-1.20190899399956708,#000000
 1.33614457514210e+00,-1.20611677474378287,#000000
 1.33234505406350e+00,-1.21031262775885029,#000000
 1.32853235693821e+00,-1.21449651155044602,#000000
 1.32470652147139e+00,-1.21866838474261718,#000000
 1.32086758549811e+00,-1.22282820607818499,#000000
 1.31701558698302e+00,-1.22697593441915886,#000000
 1.31315056401994e+00,-1.23111152874713770,#000000
 1.30927255483149e+00,-1.23523494816372015,#000000
 1.30538159776872e+00,-1.23934615189090525,#000000
 1.30147773131072e+00,-1.24344509927149938,#000000
 1.29756099406425e+00,-1.24753174976951464,#000000
 1.29363142476337e+00,-1.25160606297057186,#000000
 1.28968906226901e+00,-1.25566799858230116,#000000
 1.28573394556864e+00,-1.25971751643473717,#000000
 1.28176611377585e+00,-1.26375457648072032,#000000
 1.27778560612997e+00,-1.26777913879628912,#000000
 1.27379246199571e+00,-1.27179116358107791,#000000
 1.26978672086272e+00,-1.27579061115870829,#000000
 1.26576842234523e+00,-1.27977744197718390,#000000
 1.26173760618168e+00,-1.28375161660927772,#000000
 1.25769431223426e+00,-1.28771309575292725,#000000
 1.25363858048860e+00,-1.29166184023161734,#000000
 1.24957045105330e+00,-1.29559781099477389,#000000
 1.24548996415958e+00,-1.29952096911814396,#000000
 1.24139716016087e+00,-1.30343127580418394,#000000
 1.23729207953240e+00,-1.30732869238244453,#000000
 1.23317476287081e+00,-1.31121318030994916,#000000
 1.22904525089374e+00,-1.31508470117157961,#000000
 1.22490358443945e+00,-1.31894321668045089,#000000
 1.22074980446640e+00,-1.32278868867829646,#000000
 1.21658395205282e+00,-1.32662107913583771,#000000
 1.21240606839636e+00,-1.33044035015316764,#000000
 1.20821619481363e+00,-1.33424646396011992,#000000
 1.20401437273981e+00,-1.33803938291664570,#000000
 1.19980064372827e+00,-1.34181906951318441,#000000
 1.19557504945011e+00,-1.34558548637103592,#000000
 1.19133763169376e+00,-1.34933859624272845,#000000
 1.18708843236461e+00,-1.35307836201238740,#000000
 1.18282749348454e+00,-1.35680474669610507,#000000
 1.17855485719152e+00,-1.36051771344230121,#000000
 1.17427056573922e+00,-1.36421722553209346,#000000
 1.16997466149656e+00,-1.36790324637965544,#000000
 1.16566718694731e+00,-1.37157573953258138,#000000
 1.16134818468965e+00,-1.37523466867224431,#000000
 1.15701769743577e+00,-1.37887999761416036,#000000
 1.15267576801145e+00,-1.38251169030833831,#000000
 1.14832243935560e+00,-1.38612971083964531,#000000
 1.14395775451989e+00,-1.38973402342815455,#000000
 1.13958175666828e+00,-1.39332459242950280,#000000
 1.13519448907660e+00,-1.39690138233524208,#000000
 1.13079599513216e+00,-1.40046435777319123,#000000
 1.12638631833325e+00,-1.40401348350778532,#000000
 1.12196550228879e+00,-1.40754872444042300,#000000
 1.11753359071784e+00,-1.41107004560981819,#000000
 1.11309062744919e+00,-1.41457741219233779,#000000
 1.10863665642092e+00,-1.41807078950235543,#000000
 1.10417172167999e+00,-1.42155014299258631,#000000
 1.09969586738176e+00,-1.42501543825443333,#000000
 1.09520913778959e+00,-1.42846664101832665,#000000
 1.09071157727439e+00,-1.43190371715406206,#000000
 1.08620323031417e+00,-1.43532663267113758,#000000
 1.08168414149362e+00,-1.43873535371909411,#000000
 1.07715435550367e+00,-1.44212984658784338,#000000
 1.07261391714102e+00,-1.44551007770800521,#000000
 1.06806287130772e+00,-1.44887601365124197,#000000
 1.06350126301073e+00,-1.45222762113058335,#000000
 1.05892913736145e+00,-1.45556486700075882,#000000
 1.05434653957531e+00,-1.45888771825852581,#000000
 1.04975351497129e+00,-1.46219614204299475,#000000
 1.04515010897149e+00,-1.46549010563595461,#000000
 1.04053636710067e+00,-1.46876957646219797,#000000
 1.03591233498580e+00,-1.47203452208983898,#000000
 1.03127805835564e+00,-1.47528491023064001,#000000
 1.02663358304022e+00,-1.47852070874032493,#000000
 1.02197895497047e+00,-1.48174188561890130,#000000
 1.01731422017771e+00,-1.48494840901097436,#000000
 1.01263942479319e+00,-1.48814024720606364,#000000
 1.00795461504767e+00,-1.49131736863891606,#000000
 1.00325983727096e+00,-1.49447974188981680,#000000
 9.98555137891411e-01,-1.49762733568490414,#000000
 9.93840563435528e-01,-1.50076011889647187,#000000
 9.89116160527452e-01,-1.50387806054328488,#000000
 9.84381975888530e-01,-1.50698112979087862,#000000
 9.79638056336843e-01,-1.51006929595186890,#000000
 9.74884448786742e-01,-1.51314252848625252,#000000
 9.70121200248389e-01,-1.51620079700171129,#000000
 9.65348357827289e-01,-1.51924407125391014,#000000
 9.60565968723821e-01,-1.52227232114680078,#000000
 9.55774080232777e-01,-1.52528551673291313,#000000
 9.50972739742894e-01,-1.52828362821365538,#000000
 9.46161994736378e-01,-1.53126662593960994,#000000
 9.41341892788445e-01,-1.53423448041082278,#000000
 9.36512481566842e-01,-1.53718716227709717,#000000
 9.31673808831381e-01,-1.54012464233828394,#000000
 9.26825922433463e-01,-1.54304689154457053,#000000
 9.21968870315607e-01,-1.54595388099676656,#000000
 9.17102700510972e-01,-1.54884558194659361,#000000
 9.12227461142892e-01,-1.55172196579696386,#000000
 9.07343200424385e-01,-1.55458300410226857,#000000
 9.02449966657692e-01,-1.55742866856865447,#000000
 8.97547808233785e-01,-1.56025893105430691,#000000
 8.92636773631901e-01,-1.56307376356972672,#000000
 8.87716911419054e-01,-1.56587313827800734,#000000
 8.82788270249557e-01,-1.56865702749511060,#000000
 8.77850898864543e-01,-1.57142540369013828,#000000
 8.72904846091478e-01,-1.57417823948560942,#000000
 8.67950160843687e-01,-1.57691550765772415,#000000
 8.62986892119859e-01,-1.57963718113663920,#000000
 8.58015089003570e-01,-1.58234323300673152,#000000
 8.53034800662798e-01,-1.58503363650686624,#000000
 8.48046076349432e-01,-1.58770836503066048,#000000
 8.43048965398789e-01,-1.59036739212674738,#000000
 8.38043517229122e-01,-1.59301069149903762,#000000
 8.33029781341139e-01,-1.59563823700697749,#000000
 8.28007807317500e-01,-1.59825000266581130,#000000
 8.22977644822344e-01,-1.60084596264683388,#000000
 8.17939343600780e-01,-1.60342609127765057,#000000
 8.12892953478412e-01,-1.60599036304242659,#000000
 8.07838524360832e-01,-1.60853875258214196,#000000
 8.02776106233137e-01,-1.61107123469484237,#000000
 7.97705749159427e-01,-1.61358778433588723,#000000
 7.92627503282316e-01,-1.61608837661819815,#000000
 7.87541418822428e-01,-1.61857298681250605,#000000
 7.82447546077914e-01,-1.62104159034759232,#000000
 7.77345935423937e-01,-1.62349416281053660,#000000
 7.72236637312189e-01,-1.62593067994695395,#000000
 7.67119702270384e-01,-1.62835111766123619,#000000
 7.61995180901762e-01,-1.63075545201679173,#000000
 7.56863123884586e-01,-1.63314365923627980,#000000
 7.51723581971640e-01,-1.63551571570184762,#000000
 7.46576605989733e-01,-1.63787159795536197,#000000
 7.41422246839187e-01,-1.64021128269864414,#000000
 7.36260555493344e-01,-1.64253474679369660,#000000
 7.31091582998052e-01,-1.64484196726293530,#000000
 7.25915380471167e-01,-1.64713292128941458,#000000
 7.20731999102047e-01,-1.64940758621705341,#000000
 7.15541490151044e-01,-1.65166593955085972,#000000
 7.10343904948993e-01,-1.65390795895715303,#000000
 7.05139294896715e-01,-1.65613362226378458,#000000
 6.99927711464498e-01,-1.65834290746035706,#000000
 6.94709206191592e-01,-1.66053579269844342,#000000
 6.89483830685703e-01,-1.66271225629180019,#000000
 6.84251636622475e-01,-1.66487227671658466,#000000
 6.79012675744987e-01,-1.66701583261156649,#000000
 6.73766999863234e-01,-1.66914290277833799,#000000
 6.68514660853623e-01,-1.67125346618152637,#000000
 6.63255710658450e-01,-1.67334750194899895,#000000
 6.57990201285395e-01,-1.67542498937207140,#000000
 6.52718184807001e-01,-1.67748590790571273,#000000
 6.47439713360166e-01,-1.67953023716874661,#000000
 6.42154839145618e-01,-1.68155795694405530,#000000
 6.36863614427411e-01,-1.68356904717877698,#000000
 6.31566091532396e-01,-1.68556348798450584,#000000
 6.26262322849711e-01,-1.68754125963748924,#000000
 6.20952360830263e-01,-1.68950234257882093,#000000
 6.15636257986203e-01,-1.69144671741463526,#000000
 6.10314066890416e-01,-1.69337436491629956,#000000
 6.04985840175989e-01,-1.69528526602060459,#000000
 5.99651630535705e-01,-1.69717940182995108,#000000
 5.94311490721507e-01,-1.69905675361253894,#000000
 5.88965473543990e-01,-1.70091730280255060,#000000
 5.83613631871868e-01,-1.70276103100033627,#000000
 5.78256018631459e-01,-1.70458791997259373,#000000
 5.72892686806155e-01,-1.70639795165255181,#000000
 5.67523689435904e-01,-1.70819110814014596,#000000
 5.62149079616682e-01,-1.70996737170219659,#000000
 5.56768910499964e-01,-1.71172672477258558,#000000
 5.51383235292212e-01,-1.71346914995242727,#000000
 5.45992107254329e-01,-1.71519463001024386,#000000
 5.40595579701152e-01,-1.71690314788213261,#000000
 5.35193706000911e-01,-1.71859468667193616,#000000
 5.29786539574707e-01,-1.72026922965141038,#000000
 5.24374133895985e-01,-1.72192676026038805,#000000
 5.18956542490000e-01,-1.72356726210694333,#000000
 5.13533818933290e-01,-1.72519071896755549,#000000
 5.08106016853151e-01,-1.72679711478726583,#000000
 5.02673189927096e-01,-1.72838643367984068,#000000
 4.97235391882335e-01,-1.72995865992792464,#000000
 4.91792676495239e-01,-1.73151377798319839,#000000
 4.86345097590808e-01,-1.73305177246653175,#000000
 4.80892709042138e-01,-1.73457262816813551,#000000
 4.75435564769891e-01,-1.73607633004771267,#000000
 4.69973718741760e-01,-1.73756286323460585,#000000
 4.64507224971931e-01,-1.73903221302794608,#000000
 4.59036137520560e-01,-1.74048436489679670,#000000
 4.53560510493227e-01,-1.74191930448029764,#000000
 4.48080398040406e-01,-1.74333701758780757,#000000
 4.42595854356931e-01,-1.74473749019904378,#000000
 4.37106933681457e-01,-1.74612070846422140,#000000
 4.31613690295925e-01,-1.74748665870418995,#000000
 4.26116178525023e-01,-1.74883532741056857,#000000
 4.20614452735655e-01,-1.75016670124588014,#000000
 4.15108567336393e-01,-1.75148076704368294,#000000
 4.09598576776950e-01,-1.75277751180869990,#000000
 4.04084535547632e-01,-1.75405692271694957,#000000
 3.98566498178807e-01,-1.75531898711586964,#000000
 3.93044519240362e-01,-1.75656369252444478,#000000
 3.87518653341163e-01,-1.75779102663332876,#000000
 3.81988955128514e-01,-1.75900097730496618,#000000
 3.76455479287622e-01,-1.76019353257371303,#000000
 3.70918280541047e-01,-1.76136868064595542,#000000
 3.65377413648172e-01,-1.76252640990022402,#000000
 3.59832933404650e-01,-1.76366670888731258,#000000
 3.54284894641871e-01,-1.76478956633038786,#000000
 3.48733352226416e-01,-1.76589497112510241,#000000
 3.43178361059517e-01,-1.76698291233970450,#000000
 3.37619976076507e-01,-1.76805337921514671,#000000
 3.32058252246286e-01,-1.76910636116519071,#000000
 3.26493244570773e-01,-1.77014184777651340,#000000
 3.20925008084357e-01,-1.77115982880881062,#000000
 3.15353597853366e-01,-1.77216029419489529,#000000
 3.09779068975506e-01,-1.77314323404080043,#000000
 3.04201476579329e-01,-1.77410863862587509,#000000
 2.98620875823685e-01,-1.77505649840288071,#000000
 2.93037321897170e-01,-1.77598680399808551,#000000
 2.87450870017589e-01,-1.77689954621135837,#000000
 2.81861575431403e-01,-1.77779471601625794,#000000
 2.76269493413190e-01,-1.77867230456012315,#000000
 2.70674679265086e-01,-1.77953230316416078,#000000
 2.65077188316256e-01,-1.78037470332353043,#000000
 2.59477075922326e-01,-1.78119949670742939,#000000
 2.53874397464856e-01,-1.78200667515917477,#000000
 2.48269208350777e-01,-1.78279623069628412,#000000
 2.42661564011852e-01,-1.78356815551055470,#000000
 2.37051519904122e-01,-1.78432244196813983,#000000
 2.31439131507365e-01,-1.78505908260962531,#000000
 2.25824454324534e-01,-1.78577807015010315,#000000
 2.20207543881223e-01,-1.78647939747924300,#000000
 2.14588455725114e-01,-1.78716305766136285,#000000
 2.08967245425416e-01,-1.78782904393549735,#000000
 2.03343968572332e-01,-1.78847734971546535,#000000
 1.97718680776500e-01,-1.78910796858993404,#000000
 1.92091437668446e-01,-1.78972089432248338,#000000
 1.86462294898030e-01,-1.79031612085166691,#000000
 1.80831308133903e-01,-1.79089364229107195,#000000
 1.75198533062945e-01,-1.79145345292937819,#000000
 1.69564025389729e-01,-1.79199554723041410,#000000
 1.63927840835955e-01,-1.79251991983321113,#000000
 1.58290035139911e-01,-1.79302656555205719,#000000
 1.52650664055917e-01,-1.79351547937654776,#000000
 1.47009783353772e-01,-1.79398665647163535,#000000
 1.41367448818205e-01,-1.79444009217767775,#000000
 1.35723716248322e-01,-1.79487578201048370,#000000
 1.30078641457057e-01,-1.79529372166135714,#000000
 1.24432280270613e-01,-1.79569390699714071,#000000
 1.18784688527919e-01,-1.79607633406025524,#000000
 1.13135922080069e-01,-1.79644099906874000,#000000
 1.07486036789779e-01,-1.79678789841628950,#000000
 1.01835088530827e-01,-1.79711702867228951,#000000
 9.61831331875036e-02,-1.79742838658185078,#000000
 9.05302266540590e-02,-1.79772196906584103,#000000
 8.48764248341513e-02,-1.79799777322091603,#000000
 7.92217836402877e-02,-1.79825579631954779,#000000
 7.35663589932812e-02,-1.79849603581005191,#000000
 6.79102068216925e-02,-1.79871848931661216,#000000
 6.22533830612724e-02,-1.79892315463930430,#000000
 5.65959436544179e-02,-1.79911002975411871,#000000
 5.09379445496130e-02,-1.79927911281297881,#000000
 4.52794417008766e-02,-1.79943040214376104,#000000
 3.96204910672093e-02,-1.79956389625030910,#000000
 3.39611486120417e-02,-1.79967959381245168,#000000
 2.83014703026744e-02,-1.79977749368601314,#000000
 2.26415121097357e-02,-1.79985759490282593,#000000
 1.69813300066156e-02,-1.79991989667073971,#000000
 1.13209799689230e-02,-1.79996439837362998,#000000
 5.66051797392615e-03,-1.79999109957140258,#000000
 3.30654635769785e-16,-1.80000000000000004,#000000
 3.21469784776180e-16,-1.75000000000000000,#000000
 5.50328136353931e-03,-1.74999134680553015,#000000
 1.10065083031196e-02,-1.74996538730769569,#000000
 1.65096263953192e-02,-1.74992212176321926,#000000
 2.20125812177971e-02,-1.74986155059996951,#000000
 2.75153183498223e-02,-1.74978367441695704,#000000
 3.30177833728183e-02,-1.74968849398432802,#000000
 3.85199218708979e-02,-1.74957601024335618,#000000
 4.40216794314078e-02,-1.74944622430643415,#000000
 4.95230016454571e-02,-1.74929913745706278,#000000
 5.50238341084618e-02,-1.74913475114983763,#000000
 6.05241224206799e-02,-1.74895306701043474,#000000
 6.60238121877550e-02,-1.74875408683559508,#000000
 7.15228490212456e-02,-1.74853781259310592,#000000
 7.70211785391686e-02,-1.74830424642178262,#000000
 8.25187463665359e-02,-1.74805339063144616,#000000
 8.80154981358907e-02,-1.74778524770290100,#000000
 9.35113794878507e-02,-1.74749982028791040,#000000
 9.90063360716372e-02,-1.74719711120917021,#000000
 1.04500313545618e-01,-1.74687712346028157,#000000
 1.09993257577843e-01,-1.74653986020571939,#000000
 1.15485113846586e-01,-1.74618532478080368,#000000
 1.20975828040873e-01,-1.74581352069166451,#000000
 1.26465345861028e-01,-1.74542445161520821,#000000
 1.31953613019202e-01,-1.74501812139908119,#000000
 1.37440575239922e-01,-1.74459453406163112,#000000
 1.42926178260612e-01,-1.74415369379186758,#000000
 1.48410367832142e-01,-1.74369560494942144,#000000
 1.53893089719358e-01,-1.74322027206450003,#000000
 1.59374289701621e-01,-1.74272769983784448,#000000
 1.64853913573346e-01,-1.74221789314068065,#000000
 1.70331907144530e-01,-1.74169085701467319,#000000
 1.75808216241295e-01,-1.74114659667187532,#000000
 1.81282786706418e-01,-1.74058511749467604,#000000
 1.86755564399878e-01,-1.74000642503574765,#000000
 1.92226495199375e-01,-1.73941052501799143,#000000
 1.97695525000878e-01,-1.73879742333448006,#000000
 2.03162599719152e-01,-1.73816712604840040,#000000
 2.08627665288303e-01,-1.73751963939299170,#000000
 2.14090667662300e-01,-1.73685496977148635,#000000
 2.19551552815519e-01,-1.73617312375704458,#000000
 2.25010266743271e-01,-1.73547410809269120,#000000
 2.30466755462341e-01,-1.73475792969124698,#000000
 2.35920965011523e-01,-1.73402459563526157,#000000
 2.41372841452144e-01,-1.73327411317694291,#000000
 2.46822330868610e-01,-1.73250648973808663,#000000
 2.52269379368927e-01,-1.73172173291000098,#000000
 2.57713933085247e-01,-1.73091985045343244,#000000
 2.63155938174390e-01,-1.73010085029848959,#000000
 2.68595340818379e-01,-1.72926474054456403,#000000
 2.74032087224976e-01,-1.72841152946025067,#000000
 2.79466123628211e-01,-1.72754122548326494,#000000
 2.84897396288915e-01,-1.72665383722036081,#000000
 2.90325851495249e-01,-1.72574937344724511,#000000
 2.95751435563237e-01,-1.72482784310848958,#000000
 3.01174094837296e-01,-1.72388925531744519,#000000
 3.06593775690771e-01,-1.72293361935614842,#000000
 3.12010424526458e-01,-1.72196094467523264,#000000
 3.17423987777140e-01,-1.72097124089383247,#000000
 3.22834411906111e-01,-1.71996451779949089,#000000
 3.28241643407715e-01,-1.71894078534805916,#000000
 3.33645628807863e-01,-1.71790005366360155,#000000
 3.39046314664572e-01,-1.71684233303829403,#000000
 3.44443647568484e-01,-1.71576763393232179,#000000
 3.49837574143408e-01,-1.71467596697377656,#000000
 3.55228041046833e-01,-1.71356734295855140,#000000
 3.60614994970463e-01,-1.71244177285023436,#000000
 3.65998382640744e-01,-1.71129926777999875,#000000
 3.71378150819389e-01,-1.71013983904649480,#000000
 3.76754246303908e-01,-1.70896349811573645,#000000
 3.82126615928130e-01,-1.70777025662098803,#000000
 3.87495206562729e-01,-1.70656012636265109,#000000
 3.92859965115752e-01,-1.70533311930814557,#000000
 3.98220838533144e-01,-1.70408924759179192,#000000
 4.03577773799271e-01,-1.70282852351469161,#000000
 4.08930717937442e-01,-1.70155095954460567,#000000
 4.14279618010439e-01,-1.70025656831583061,#000000
 4.19624421121038e-01,-1.69894536262907359,#000000
 4.24965074412528e-01,-1.69761735545132630,#000000
 4.30301525069239e-01,-1.69627255991573711,#000000
 4.35633720317061e-01,-1.69491098932147954,#000000
 4.40961607423969e-01,-1.69353265713362311,#000000
 4.46285133700543e-01,-1.69213757698299716,#000000
 4.51604246500488e-01,-1.69072576266605878,#000000
 4.56918893221155e-01,-1.68929722814475558,#000000
 4.62229021304061e-01,-1.68785198754638732,#000000
 4.67534578235412e-01,-1.68639005516346518,#000000
 4.72835511546619e-01,-1.68491144545357252,#000000
 4.78131768814816e-01,-1.68341617303922075,#000000
 4.83423297663381e-01,-1.68190425270770461,#000000
 4.88710045762452e-01,-1.68037569941095666,#000000
 4.93991960829451e-01,-1.67883052826539791,#000000
 4.99268990629588e-01,-1.67726875455178992,#000000
 5.04541082976389e-01,-1.67569039371508377,#000000
 5.09808185732207e-01,-1.67409546136426601,#000000
 5.15070246808743e-01,-1.67248397327220455,#000000
 5.20327214167552e-01,-1.67085594537549342,#000000
 5.25579035820564e-01,-1.66921139377429562,#000000
 5.30825659830596e-01,-1.66755033473218206,#000000
 5.36067034311871e-01,-1.66587278467597133,#000000
 5.41303107430521e-01,-1.66417876019556932,#000000
 5.46533827405107e-01,-1.66246827804380226,#000000
 5.51759142507129e-01,-1.66074135513625287,#000000
 5.56979001061540e-01,-1.65899800855109203,#000000
 5.62193351447252e-01,-1.65723825552891046,#000000
 5.67402142097650e-01,-1.65546211347254912,#000000
 5.72605321501101e-01,-1.65366959994692420,#000000
 5.77802838201464e-01,-1.65186073267885769,#000000
 5.82994640798601e-01,-1.65003552955689736,#000000
 5.88180677948879e-01,-1.64819400863114329,#000000
 5.93360898365682e-01,-1.64633618811306892,#000000
 5.98535250819920e-01,-1.64446208637533964,#000000
 6.03703684140533e-01,-1.64257172195163137,#000000
 6.08866147214997e-01,-1.64066511353644784,#000000
 6.14022588989829e-01,-1.63874227998493627,#000000
 6.19172958471094e-01,-1.63680324031269975,#000000
 6.24317204724905e-01,-1.63484801369560961,#000000
 6.29455276877938e-01,-1.63287661946961538,#000000
 6.34587124117918e-01,-1.63088907713055398,#000000
 6.39712695694134e-01,-1.62888540633395817,#000000
 6.44831940917937e-01,-1.62686562689486003,#000000
 6.49944809163244e-01,-1.62482975878759506,#000000
 6.55051249867033e-01,-1.62277782214560640,#000000
 6.60151212529848e-01,-1.62070983726124518,#000000
 6.65244646716294e-01,-1.61862582458556892,#000000
 6.70331502055543e-01,-1.61652580472813945,#000000
 6.75411728241826e-01,-1.61440979845681998,#000000
 6.80485275034929e-01,-1.61227782669756947,#000000
 6.85552092260695e-01,-1.61012991053423504,#000000
 6.90612129811521e-01,-1.60796607120834323,#000000
 6.95665337646848e-01,-1.60578633011889149,#000000
 7.00711665793657e-01,-1.60359070882213528,#000000
 7.05751064346968e-01,-1.60137922903137531,#000000
 7.10783483470326e-01,-1.59915191261674328,#000000
 7.15808873396305e-01,-1.59690878160498317,#000000
 7.20827184426988e-01,-1.59464985817923721,#000000
 7.25838366934463e-01,-1.59237516467882401,#000000
 7.30842371361317e-01,-1.59008472359901853,#000000
 7.35839148221125e-01,-1.58777855759082764,#000000
 7.40828648098936e-01,-1.58545668946076979,#000000
 7.45810821651762e-01,-1.58311914217064631,#000000
 7.50785619609072e-01,-1.58076593883731631,#000000
 7.55752992773270e-01,-1.57839710273246681,#000000
 7.60712892020192e-01,-1.57601265728238205,#000000
 7.65665268299583e-01,-1.57361262606771413,#000000
 7.70610072635585e-01,-1.57119703282324807,#000000
 7.75547256127220e-01,-1.56876590143766803,#000000
 7.80476769948883e-01,-1.56631925595331878,#000000
 7.85398565350809e-01,-1.56385712056597126,#000000
 7.90312593659567e-01,-1.56137951962458121,#000000
 7.95218806278535e-01,-1.55888647763104982,#000000
 8.00117154688388e-01,-1.55637801923997809,#000000
 8.05007590447570e-01,-1.55385416925842756,#000000
 8.09890065192774e-01,-1.55131495264567243,#000000
 8.14764530639424e-01,-1.54876039451295311,#000000
 8.19630938582156e-01,-1.54619052012322666,#000000
 8.24489240895281e-01,-1.54360535489091988,#000000
 8.29339389533276e-01,-1.54100492438167547,#000000
 8.34181336531249e-01,-1.53838925431210005,#000000
 8.39015034005417e-01,-1.53575837054951103,#000000
 8.43840434153584e-01,-1.53311229911167679,#000000
 8.48657489255604e-01,-1.53045106616656468,#000000
 8.53466151673861e-01,-1.52777469803207877,#000000
 8.58266373853735e-01,-1.52508322117580208,#000000
 8.63058108324080e-01,-1.52237666221472945,#000000
 8.67841307697682e-01,-1.51965504791501194,#000000
 8.72615924671736e-01,-1.51691840519168708,#000000
 8.77381912028311e-01,-1.51416676110841397,#000000
 8.82139222634818e-01,-1.51140014287720614,#000000
 8.86887809444477e-01,-1.50861857785816000,#000000
 8.91627625496779e-01,-1.50582209355918817,#000000
 8.96358623917951e-01,-1.50301071763574523,#000000
 9.01080757921422e-01,-1.50018447789055465,#000000
 9.05793980808287e-01,-1.49734340227333163,#000000
 9.10498245967763e-01,-1.49448751888051112,#000000
 9.15193506877655e-01,-1.49161685595496674,#000000
 9.19879717104812e-01,-1.48873144188573203,#000000
 9.24556830305590e-01,-1.48583130520772122,#000000
 9.29224800226311e-01,-1.48291647460144338,#000000
 9.33883580703714e-01,-1.47998697889272290,#000000
 9.38533125665419e-01,-1.47704284705241351,#000000
 9.43173389130379e-01,-1.47408410819610824,#000000
 9.47804325209333e-01,-1.47111079158385660,#000000
 9.52425888105264e-01,-1.46812292661987254,#000000
 9.57038032113849e-01,-1.46512054285224314,#000000
 9.61640711623910e-01,-1.46210366997263885,#000000
 9.66233881117873e-01,-1.45907233781601531,#000000
 9.70817495172205e-01,-1.45602657636032351,#000000
 9.75391508457874e-01,-1.45296641572621077,#000000
 9.79955875740792e-01,-1.44989188617672404,#000000
 9.84510551882265e-01,-1.44680301811700618,#000000
 9.89055491839438e-01,-1.44369984209400282,#000000
 9.93590650665739e-01,-1.44058238879615397,#000000
 9.98115983511328e-01,-1.43745068905309359,#000000
 1.00263144562353e+00,-1.43430477383534538,#000000
 1.00713699234731e+00,-1.43114467425401104,#000000
 1.01163257912565e+00,-1.42797042156047027,#000000
 1.01611816150006e+00,-1.42478204714606704,#000000
 1.02059369511098e+00,-1.42157958254180050,#000000
 1.02505913569822e+00,-1.41836305941801122,#000000
 1.02951443910141e+00,-1.41513250958407100,#000000
 1.03395956126043e+00,-1.41188796498806690,#000000
 1.03839445821584e+00,-1.40862945771648529,#000000
 1.04281908610932e+00,-1.40535701999389495,#000000
 1.04723340118412e+00,-1.40207068418262537,#000000
 1.05163735978547e+00,-1.39877048278245253,#000000
 1.05603091836100e+00,-1.39545644843027361,#000000
 1.06041403346121e+00,-1.39212861389978237,#000000
 1.06478666173988e+00,-1.38878701210115096,#000000
 1.06914875995449e+00,-1.38543167608069906,#000000
 1.07350028496666e+00,-1.38206263902056992,#000000
 1.07784119374256e+00,-1.37867993423840196,#000000
 1.08217144335338e+00,-1.37528359518699594,#000000
 1.08649099097568e+00,-1.37187365545398987,#000000
 1.09079979389188e+00,-1.36845014876152238,#000000
 1.09509780949066e+00,-1.36501310896590233,#000000
 1.09938499526737e+00,-1.36156257005726911,#000000
 1.10366130882448e+00,-1.35809856615926305,#000000
 1.10792670787194e+00,-1.35462113152868313,#000000
 1.11218115022767e+00,-1.35113030055515027,#000000
 1.11642459381795e+00,-1.34762610776076741,#000000
 1.12065699667780e+00,-1.34410858779977427,#000000
 1.12487831695144e+00,-1.34057777545821133,#000000
 1.12908851289271e+00,-1.33703370565357083,#000000
 1.13328754286544e+00,-1.33347641343445411,#000000
 1.13747536534388e+00,-1.32990593398022061,#000000
 1.14165193891313e+00,-1.32632230260064632,#000000
 1.14581722226954e+00,-1.32272555473557119,#000000
 1.14997117422108e+00,-1.31911572595454651,#000000
 1.15411375368782e+00,-1.31549285195648813,#000000
 1.15824491970227e+00,-1.31185696856931933,#000000
 1.16236463140983e+00,-1.30820811174961826,#000000
 1.16647284806915e+00,-1.30454631758226314,#000000
 1.17056952905259e+00,-1.30087162228007291,#000000
 1.17465463384658e+00,-1.29718406218345028,#000000
 1.17872812205202e+00,-1.29348367376002416,#000000
 1.18278995338469e+00,-1.28977049360428708,#000000
 1.18684008767567e+00,-1.28604455843723264,#000000
 1.19087848487169e+00,-1.28230590510599463,#000000
 1.19490510503558e+00,-1.27855457058347999,#000000
 1.19891990834662e+00,-1.27479059196800604,#000000
 1.20292285510094e+00,-1.27101400648293228,#000000
 1.20691390571196e+00,-1.26722485147629049,#000000
 1.21089302071071e+00,-1.26342316442041769,#000000
 1.21486016074627e+00,-1.25960898291158574,#000000
 1.21881528658614e+00,-1.25578234466962857,#000000
 1.22275835911664e+00,-1.25194328753756845,#000000
 1.22668933934330e+00,-1.24809184948124274,#000000
 1.23060818839120e+00,-1.24422806858892865,#000000
 1.23451486750542e+00,-1.24035198307096706,#000000
 1.23840933805138e+00,-1.23646363125938130,#000000
 1.24229156151525e+00,-1.23256305160750368,#000000
 1.24616149950429e+00,-1.22865028268958909,#000000
 1.25001911374729e+00,-1.22472536320043890,#000000
 1.25386436609487e+00,-1.22078833195501502,#000000
 1.25769721851994e+00,-1.21683922788805665,#000000
 1.26151763311802e+00,-1.21287809005369485,#000000
 1.26532557210764e+00,-1.20890495762506878,#000000
 1.26912099783070e+00,-1.20491986989393607,#000000
 1.27290387275284e+00,-1.20092286627028400,#000000
 1.27667415946383e+00,-1.19691398628194001,#000000
 1.28043182067794e+00,-1.19289326957418229,#000000
 1.28417681923427e+00,-1.18886075590934714,#000000
 1.28790911809718e+00,-1.18481648516643334,#000000
 1.29162868035659e+00,-1.18076049734071198,#000000
 1.29533546922840e+00,-1.17669283254332657,#000000
 1.29902944805482e+00,-1.17261353100089982,#000000
 1.30271058030473e+00,-1.16852263305513460,#000000
 1.30637882957409e+00,-1.16442017916241403,#000000
 1.31003415958623e+00,-1.16030620989340161,#000000
 1.31367653419227e+00,-1.15618076593264218,#000000
 1.31730591737142e+00,-1.15204388807815783,#000000
 1.32092227323140e+00,-1.14789561724104350,#000000
 1.32452556600874e+00,-1.14373599444506380,#000000
 1.32811576006916e+00,-1.13956506082624731,#000000
 1.33169281990792e+00,-1.13538285763248026,#000000
 1.33525671015017e+00,-1.13118942622309593,#000000
 1.33880739555131e+00,-1.12698480806846968,#000000
 1.34234484099730e+00,-1.12276904474960437,#000000
 1.34586901150505e+00,-1.11854217795772315,#000000
 1.34937987222277e+00,-1.11430424949385576,#000000
 1.35287738843026e+00,-1.11005530126842356,#000000
 1.35636152553930e+00,-1.10579537530082606,#000000
 1.35983224909401e+00,-1.10152451371902727,#000000
 1.36328952477111e+00,-1.09724275875913713,#000000
 1.36673331838036e+00,-1.09295015276499274,#000000
 1.37016359586481e+00,-1.08864673818774316,#000000
 1.37358032330121e+00,-1.08433255758542502,#000000
 1.37698346690028e+00,-1.08000765362254669,#000000
 1.38037299300711e+00,-1.07567206906966129,#000000
 1.38374886810141e+00,-1.07132584680294896,#000000
 1.38711105879795e+00,-1.06696902980378705,#000000
 1.39045953184678e+00,-1.06260166115832999,#000000
 1.39379425413363e+00,-1.05822378405708184,#000000
 1.39711519268021e+00,-1.05383544179446687,#000000
 1.40042231464456e+00,-1.04943667776840344,#000000
 1.40371558732133e+00,-1.04502753547987548,#000000
 1.40699497814215e+00,-1.04060805853250149,#000000
 1.41026045467592e+00,-1.03617829063210154,#000000
 1.41351198462916e+00,-1.03173827558626896,#000000
 1.41674953584630e+00,-1.02728805730393224,#000000
 1.41997307631002e+00,-1.02282767979492628,#000000
 1.42318257414153e+00,-1.01835718716955115,#000000
 1.42637799760096e+00,-1.01387662363814224,#000000
 1.42955931508758e+00,-1.00938603351062683,#000000
 1.43272649514020e+00,-1.00488546119609068,#000000
 1.43587950643740e+00,-1.00037495120233766,#000000
 1.43901831779792e+00,-0.99585454813544694,#000000
 1.44214289818089e+00,-0.99132429669933431,#000000
 1.44525321668620e+00,-0.98678424169531087,#000000
 1.44834924255478e+00,-0.98223442802163896,#000000
 1.45143094516889e+00,-0.97767490067308571,#000000
 1.45449829405246e+00,-0.97310570474048330,#000000
 1.45755125887135e+00,-0.96852688541027698,#000000
 1.46058980943368e+00,-0.96393848796408454,#000000
 1.46361391569011e+00,-0.95934055777824190,#000000
 1.46662354773415e+00,-0.95473314032336087,#000000
 1.46961867580244e+00,-0.95011628116387359,#000000
 1.47259927027509e+00,-0.94549002595758669,#000000
 1.47556530167589e+00,-0.94085442045522738,#000000
 1.47851674067268e+00,-0.93620951049999057,#000000
 1.48145355807761e+00,-0.93155534202708601,#000000
 1.48437572484740e+00,-0.92689196106328553,#000000
 1.48728321208370e+00,-0.92221941372646676,#000000
 1.49017599103329e+00,-0.91753774622515583,#000000
 1.49305403308844e+00,-0.91284700485807113,#000000
 1.49591730978712e+00,-0.90814723601366731,#000000
 1.49876579281336e+00,-0.90343848616967481,#000000
 1.50159945399745e+00,-0.89872080189264014,#000000
 1.50441826531630e+00,-0.89399422983746524,#000000
 1.50722219889365e+00,-0.88925881674694607,#000000
 1.51001122700038e+00,-0.88451460945131233,#000000
 1.51278532205476e+00,-0.87976165486776303,#000000
 1.51554445662277e+00,-0.87500000000000022,#000000
 1.51828860341830e+00,-0.87022969193776722,#000000
 1.52101773530350e+00,-0.86545077785638247,#000000
 1.52373182528897e+00,-0.86066330501627286,#000000
 1.52643084653410e+00,-0.85586732076250494,#000000
 1.52911477234727e+00,-0.85106287252431678,#000000
 1.53178357618617e+00,-0.84625000781465243,#000000
 1.53443723165802e+00,-0.84142877422968776,#000000
 1.53707571251985e+00,-0.83659921944836280,#000000
 1.53969899267875e+00,-0.83176139123190751,#000000
 1.54230704619216e+00,-0.82691533742337064,#000000
 1.54489984726808e+00,-0.82206110594714854,#000000
 1.54747737026536e+00,-0.81719874480850896,#000000
 1.55003958969393e+00,-0.81232830209311591,#000000
 1.55258648021506e+00,-0.80744982596655501,#000000
 1.55511801664162e+00,-0.80256336467385858,#000000
 1.55763417393834e+00,-0.79766896653902708,#000000
 1.56013492722200e+00,-0.79276667996454997,#000000
 1.56262025176174e+00,-0.78785655343092831,#000000
 1.56509012297930e+00,-0.78293863549619680,#000000
 1.56754451644920e+00,-0.77801297479544163,#000000
 1.56998340789905e+00,-0.77307962004032027,#000000
 1.57240677320977e+00,-0.76813862001857869,#000000
 1.57481458841581e+00,-0.76319002359356913,#000000
 1.57720682970540e+00,-0.75823387970376943,#000000
 1.57958347342081e+00,-0.75327023736229659,#000000
 1.58194449605853e+00,-0.74829914565642119,#000000
 1.58428987426954e+00,-0.74332065374708356,#000000
 1.58661958485956e+00,-0.73833481086840846,#000000
 1.58893360478921e+00,-0.73334166632721742,#000000
 1.59123191117430e+00,-0.72834126950253886,#000000
 1.59351448128606e+00,-0.72333366984512193,#000000
 1.59578129255131e+00,-0.71831891687694893,#000000
 1.59803232255272e+00,-0.71329706019074279,#000000
 1.60026754902904e+00,-0.70826814944947847,#000000
 1.60248694987530e+00,-0.70323223438588967,#000000
 1.60469050314302e+00,-0.69818936480197846,#000000
 1.60687818704048e+00,-0.69313959056852403,#000000
 1.60904997993286e+00,-0.68808296162458804,#000000
 1.61120586034251e+00,-0.68301952797701992,#000000
 1.61334580694914e+00,-0.67794933969996274,#000000
 1.61546979859005e+00,-0.67287244693436055,#000000
 1.61757781426029e+00,-0.66778889988745982,#000000
 1.61966983311294e+00,-0.66269874883231306,#000000
 1.62174583445925e+00,-0.65760204410728151,#000000
 1.62380579776889e+00,-0.65249883611553983,#000000
 1.62584970267014e+00,-0.64738917532457507,#000000
 1.62787752895006e+00,-0.64227311226568917,#000000
 1.62988925655474e+00,-0.63715069753349685,#000000
 1.63188486558949e+00,-0.63202198178542679,#000000
 1.63386433631898e+00,-0.62688701574122252,#000000
 1.63582764916751e+00,-0.62174585018243878,#000000
 1.63777478471917e+00,-0.61659853595193792,#000000
 1.63970572371802e+00,-0.61144512395338901,#000000
 1.64162044706829e+00,-0.60628566515076576,#000000
 1.64351893583459e+00,-0.60112021056784071,#000000
 1.64540117124208e+00,-0.59594881128767940,#000000
 1.64726713467663e+00,-0.59077151845213660,#000000
 1.64911680768506e+00,-0.58558838326135232,#000000
 1.65095017197527e+00,-0.58039945697324269,#000000
 1.65276720941645e+00,-0.57520479090299537,#000000
 1.65456790203926e+00,-0.57000443642255871,#000000
 1.65635223203599e+00,-0.56479844496013609,#000000
 1.65812018176075e+00,-0.55958686799967883,#000000
 1.65987173372964e+00,-0.55436975708037473,#000000
 1.66160687062092e+00,-0.54914716379613793,#000000
 1.66332557527520e+00,-0.54391913979509943,#000000
 1.66502783069556e+00,-0.53868573677909826,#000000
 1.66671362004779e+00,-0.53344700650316812,#000000
 1.66838292666050e+00,-0.52820300077502480,#000000
 1.67003573402531e+00,-0.52295377145455468,#000000
 1.67167202579700e+00,-0.51769937045330405,#000000
 1.67329178579369e+00,-0.51243984973396262,#000000
 1.67489499799697e+00,-0.50717526130985191,#000000
 1.67648164655211e+00,-0.50190565724440817,#000000
 1.67805171576814e+00,-0.49663108965066932,#000000
 1.67960519011808e+00,-0.49135161069076083,#000000
 1.68114205423906e+00,-0.48606727257537841,#000000
 1.68266229293247e+00,-0.48077812756327032,#000000
 1.68416589116411e+00,-0.47548422796072193,#000000
 1.68565283406435e+00,-0.47018562612104003,#000000
 1.68712310692826e+00,-0.46488237444403357,#000000
 1.68857669521579e+00,-0.45957452537549376,#000000
 1.69001358455187e+00,-0.45426213140667737,#000000
 1.69143376072657e+00,-0.44894524507378858,#000000
 1.69283720969526e+00,-0.44362391895745767,#000000
 1.69422391757871e+00,-0.43829820568222222,#000000
 1.69559387066326e+00,-0.43296815791600446,#000000
 1.69694705540095e+00,-0.42763382836959207,#000000
 1.69828345840964e+00,-0.42229526979611826,#000000
 1.69960306647316e+00,-0.41695253499053869,#000000
 1.70090586654141e+00,-0.41160567678910781,#000000
 1.70219184573053e+00,-0.40625474806885775,#000000
 1.70346099132300e+00,-0.40089980174707712,#000000
 1.70471329076779e+00,-0.39554089078078591,#000000
 1.70594873168043e+00,-0.39017806816621053,#000000
 1.70716730184322e+00,-0.38481138693826106,#000000
 1.70836898920525e+00,-0.37944090017000831,#000000
 1.70955378188261e+00,-0.37406666097215679,#000000
 1.71072166815845e+00,-0.36868872249252088,#000000
 1.71187263648311e+00,-0.36330713791549696,#000000
 1.71300667547426e+00,-0.35792196046153890,#000000
 1.71412377391695e+00,-0.35253324338663367,#000000
 1.71522392076381e+00,-0.34714103998177254,#000000
 1.71630710513507e+00,-0.34174540357242295,#000000
 1.71737331631873e+00,-0.33634638751800255,#000000
 1.71842254377064e+00,-0.33094404521135323,#000000
 1.71945477711460e+00,-0.32553843007821109,#000000
 1.72047000614248e+00,-0.32012959557667720,#000000
 1.72146822081432e+00,-0.31471759519668985,#000000
 1.72244941125840e+00,-0.30930248245949771,#000000
 1.72341356777136e+00,-0.30388431091712753,#000000
 1.72436068081833e+00,-0.29846313415185688,#000000
 1.72529074103294e+00,-0.29303900577568121,#000000
 1.72620373921750e+00,-0.28761197942978567,#000000
 1.72709966634303e+00,-0.28218210878401606,#000000
 1.72797851354938e+00,-0.27674944753634645,#000000
 1.72884027214531e+00,-0.27131404941234660,#000000
 1.72968493360858e+00,-0.26587596816465237,#000000
 1.73051248958601e+00,-0.26043525757243546,#000000
 1.73132293189361e+00,-0.25499197144087010,#000000
 1.73211625251662e+00,-0.24954616360059950,#000000
 1.73289244360960e+00,-0.24409788790720491,#000000
 1.73365149749651e+00,-0.23864719824067465,#000000
 1.73439340667078e+00,-0.23319414850486894,#000000
 1.73511816379542e+00,-0.22773879262698832,#000000
 1.73582576170303e+00,-0.22228118455703808,#000000
 1.73651619339592e+00,-0.21682137826729631,#000000
 1.73718945204616e+00,-0.21135942775178157,#000000
 1.73784553099564e+00,-0.20589538702571750,#000000
 1.73848442375617e+00,-0.20042931012499698,#000000
 1.73910612400949e+00,-0.19496125110564952,#000000
 1.73971062560739e+00,-0.18949126404330791,#000000
 1.74029792257174e+00,-0.18401940303267211,#000000
 1.74086800909452e+00,-0.17854572218697271,#000000
 1.74142087953797e+00,-0.17307027563743729,#000000
 1.74195652843452e+00,-0.16759311753275674,#000000
 1.74247495048697e+00,-0.16211430203854726,#000000
 1.74297614056843e+00,-0.15663388333681647,#000000
 1.74346009372247e+00,-0.15115191562542496,#000000
 1.74392680516309e+00,-0.14566845311755230,#000000
 1.74437627027481e+00,-0.14018355004116198,#000000
 1.74480848461271e+00,-0.13469726063846391,#000000
 1.74522344390246e+00,-0.12920963916537631,#000000
 1.74562114404037e+00,-0.12372073989099072,#000000
 1.74600158109346e+00,-0.11823061709703689,#000000
 1.74636475129943e+00,-0.11273932507734437,#000000
 1.74671065106676e+00,-0.10724691813730335,#000000
 1.74703927697472e+00,-0.10175345059333288,#000000
 1.74735062577341e+00,-0.09625897677233772,#000000
 1.74764469438380e+00,-0.09076355101117629,#000000
 1.74792147989772e+00,-0.08526722765612117,#000000
 1.74818097957795e+00,-0.07977006106231999,#000000
 1.74842319085819e+00,-0.07427210559325947,#000000
 1.74864811134314e+00,-0.06877341562022940,#000000
 1.74885573880847e+00,-0.06327404552178330,#000000
 1.74904607120087e+00,-0.05777404968319914,#000000
 1.74921910663809e+00,-0.05227348249594311,#000000
 1.74937484340890e+00,-0.04677239835713320,#000000
 1.74951327997318e+00,-0.04127085166899972,#000000
 1.74963441496187e+00,-0.03576889683834497,#000000
 1.74973824717703e+00,-0.03026658827601066,#000000
 1.74982477559181e+00,-0.02476398039633352,#000000
 1.74989399935051e+00,-0.01926112761661272,#000000
 1.74994591776856e+00,-0.01375808435656928,#000000
 1.74998053033250e+00,-0.00825490503780646,#000000
 1.74999783670005e+00,-0.00275164408327301,#000000
 1.74999783670005e+00, 0.00275164408327343,#000000
 1.74998053033250e+00, 0.00825490503780611,#000000
 1.74994591776856e+00, 0.01375808435656893,#000000
 1.74989399935051e+00, 0.01926112761661314,#000000
 1.74982477559181e+00, 0.02476398039633395,#000000
 1.74973824717703e+00, 0.03026658827601031,#000000
 1.74963441496187e+00, 0.03576889683834540,#000000
 1.74951327997318e+00, 0.04127085166899937,#000000
 1.74937484340890e+00, 0.04677239835713363,#000000
 1.74921910663809e+00, 0.05227348249594354,#000000
 1.74904607120087e+00, 0.05777404968319879,#000000
 1.74885573880847e+00, 0.06327404552178294,#000000
 1.74864811134314e+00, 0.06877341562022984,#000000
 1.74842319085819e+00, 0.07427210559325992,#000000
 1.74818097957795e+00, 0.07977006106231965,#000000
 1.74792147989772e+00, 0.08526722765612083,#000000
 1.74764469438380e+00, 0.09076355101117672,#000000
 1.74735062577341e+00, 0.09625897677233813,#000000
 1.74703927697472e+00, 0.10175345059333253,#000000
 1.74671065106676e+00, 0.10724691813730378,#000000
 1.74636475129943e+00, 0.11273932507734402,#000000
 1.74600158109346e+00, 0.11823061709703732,#000000
 1.74562114404037e+00, 0.12372073989099117,#000000
 1.74522344390246e+00, 0.12920963916537598,#000000
 1.74480848461271e+00, 0.13469726063846357,#000000
 1.74437627027481e+00, 0.14018355004116242,#000000
 1.74392680516309e+00, 0.14566845311755272,#000000
 1.74346009372247e+00, 0.15115191562542463,#000000
 1.74297614056843e+00, 0.15663388333681610,#000000
 1.74247495048697e+00, 0.16211430203854771,#000000
 1.74195652843452e+00, 0.16759311753275716,#000000
 1.74142087953797e+00, 0.17307027563743696,#000000
 1.74086800909452e+00, 0.17854572218697237,#000000
 1.74029792257174e+00, 0.18401940303267175,#000000
 1.73971062560739e+00, 0.18949126404330832,#000000
 1.73910612400949e+00, 0.19496125110564996,#000000
 1.73848442375617e+00, 0.20042931012499665,#000000
 1.73784553099564e+00, 0.20589538702571714,#000000
 1.73718945204616e+00, 0.21135942775178199,#000000
 1.73651619339592e+00, 0.21682137826729672,#000000
 1.73582576170303e+00, 0.22228118455703771,#000000
 1.73511816379542e+00, 0.22773879262698796,#000000
 1.73439340667078e+00, 0.23319414850486939,#000000
 1.73365149749651e+00, 0.23864719824067510,#000000
 1.73289244360960e+00, 0.24409788790720455,#000000
 1.73211625251662e+00, 0.24954616360059917,#000000
 1.73132293189361e+00, 0.25499197144086971,#000000
 1.73051248958601e+00, 0.26043525757243591,#000000
 1.72968493360858e+00, 0.26587596816465281,#000000
 1.72884027214531e+00, 0.27131404941234627,#000000
 1.72797851354938e+00, 0.27674944753634606,#000000
 1.72709966634303e+00, 0.28218210878401651,#000000
 1.72620373921750e+00, 0.28761197942978611,#000000
 1.72529074103294e+00, 0.29303900577568087,#000000
 1.72436068081833e+00, 0.29846313415185655,#000000
 1.72341356777136e+00, 0.30388431091712798,#000000
 1.72244941125840e+00, 0.30930248245949810,#000000
 1.72146822081432e+00, 0.31471759519669029,#000000
 1.72047000614248e+00, 0.32012959557667681,#000000
 1.71945477711460e+00, 0.32553843007821071,#000000
 1.71842254377064e+00, 0.33094404521135357,#000000
 1.71737331631873e+00, 0.33634638751800300,#000000
 1.71630710513507e+00, 0.34174540357242256,#000000
 1.71522392076381e+00, 0.34714103998177215,#000000
 1.71412377391695e+00, 0.35253324338663411,#000000
 1.71300667547426e+00, 0.35792196046153935,#000000
 1.71187263648311e+00, 0.36330713791549663,#000000
 1.71072166815845e+00, 0.36868872249252055,#000000
 1.70955378188261e+00, 0.37406666097215724,#000000
 1.70836898920525e+00, 0.37944090017000875,#000000
 1.70716730184322e+00, 0.38481138693826150,#000000
 1.70594873168043e+00, 0.39017806816621020,#000000
 1.70471329076779e+00, 0.39554089078078558,#000000
 1.70346099132300e+00, 0.40089980174707757,#000000
 1.70219184573053e+00, 0.40625474806885820,#000000
 1.70090586654141e+00, 0.41160567678910748,#000000
 1.69960306647316e+00, 0.41695253499053836,#000000
 1.69828345840964e+00, 0.42229526979611864,#000000
 1.69694705540095e+00, 0.42763382836959252,#000000
 1.69559387066326e+00, 0.43296815791600413,#000000
 1.69422391757871e+00, 0.43829820568222194,#000000
 1.69283720969526e+00, 0.44362391895745817,#000000
 1.69143376072657e+00, 0.44894524507378908,#000000
 1.69001358455187e+00, 0.45426213140667782,#000000
 1.68857669521579e+00, 0.45957452537549348,#000000
 1.68712310692826e+00, 0.46488237444403324,#000000
 1.68565283406435e+00, 0.47018562612104053,#000000
 1.68416589116411e+00, 0.47548422796072243,#000000
 1.68266229293247e+00, 0.48077812756327004,#000000
 1.68114205423906e+00, 0.48606727257537813,#000000
 1.67960519011808e+00, 0.49135161069076122,#000000
 1.67805171576814e+00, 0.49663108965066971,#000000
 1.67648164655211e+00, 0.50190565724440783,#000000
 1.67489499799697e+00, 0.50717526130985147,#000000
 1.67329178579369e+00, 0.51243984973396295,#000000
 1.67167202579700e+00, 0.51769937045330439,#000000
 1.67003573402531e+00, 0.52295377145455513,#000000
 1.66838292666050e+00, 0.52820300077502436,#000000
 1.66671362004779e+00, 0.53344700650316779,#000000
 1.66502783069556e+00, 0.53868573677909870,#000000
 1.66332557527519e+00, 0.54391913979509998,#000000
 1.66160687062092e+00, 0.54914716379613759,#000000
 1.65987173372964e+00, 0.55436975708037439,#000000
 1.65812018176075e+00, 0.55958686799967916,#000000
 1.65635223203599e+00, 0.56479844496013643,#000000
 1.65456790203926e+00, 0.57000443642255827,#000000
 1.65276720941645e+00, 0.57520479090299503,#000000
 1.65095017197527e+00, 0.58039945697324313,#000000
 1.64911680768506e+00, 0.58558838326135265,#000000
 1.64726713467663e+00, 0.59077151845213693,#000000
 1.64540117124208e+00, 0.59594881128767896,#000000
 1.64351893583459e+00, 0.60112021056784037,#000000
 1.64162044706829e+00, 0.60628566515076621,#000000
 1.63970572371802e+00, 0.61144512395338946,#000000
 1.63777478471917e+00, 0.61659853595193748,#000000
 1.63582764916751e+00, 0.62174585018243833,#000000
 1.63386433631898e+00, 0.62688701574122296,#000000
 1.63188486558949e+00, 0.63202198178542723,#000000
 1.62988925655474e+00, 0.63715069753349651,#000000
 1.62787752895006e+00, 0.64227311226568884,#000000
 1.62584970267014e+00, 0.64738917532457552,#000000
 1.62380579776889e+00, 0.65249883611554016,#000000
 1.62174583445925e+00, 0.65760204410728185,#000000
 1.61966983311294e+00, 0.66269874883231272,#000000
 1.61757781426029e+00, 0.66778889988745949,#000000
 1.61546979859005e+00, 0.67287244693436088,#000000
 1.61334580694914e+00, 0.67794933969996318,#000000
 1.61120586034251e+00, 0.68301952797701959,#000000
 1.60904997993286e+00, 0.68808296162458782,#000000
 1.60687818704048e+00, 0.69313959056852437,#000000
 1.60469050314302e+00, 0.69818936480197891,#000000
 1.60248694987530e+00, 0.70323223438588933,#000000
 1.60026754902904e+00, 0.70826814944947813,#000000
 1.59803232255272e+00, 0.71329706019074313,#000000
 1.59578129255131e+00, 0.71831891687694926,#000000
 1.59351448128606e+00, 0.72333366984512237,#000000
 1.59123191117430e+00, 0.72834126950253841,#000000
 1.58893360478921e+00, 0.73334166632721698,#000000
 1.58661958485956e+00, 0.73833481086840891,#000000
 1.58428987426954e+00, 0.74332065374708334,#000000
 1.58194449605853e+00, 0.74829914565642097,#000000
 1.57958347342081e+00, 0.75327023736229692,#000000
 1.57720682970540e+00, 0.75823387970376988,#000000
 1.57481458841581e+00, 0.76319002359356958,#000000
 1.57240677320977e+00, 0.76813862001857836,#000000
 1.56998340789905e+00, 0.77307962004032071,#000000
 1.56754451644920e+00, 0.77801297479544196,#000000
 1.56509012297930e+00, 0.78293863549619713,#000000
 1.56262025176175e+00, 0.78785655343092797,#000000
 1.56013492722200e+00, 0.79276667996454964,#000000
 1.55763417393834e+00, 0.79766896653902686,#000000
 1.55511801664162e+00, 0.80256336467385903,#000000
 1.55258648021506e+00, 0.80744982596655479,#000000
 1.55003958969393e+00, 0.81232830209311557,#000000
 1.54747737026536e+00, 0.81719874480850918,#000000
 1.54489984726808e+00, 0.82206110594714887,#000000
 1.54230704619216e+00, 0.82691533742337109,#000000
 1.53969899267875e+00, 0.83176139123190729,#000000
 1.53707571251985e+00, 0.83659921944836324,#000000
 1.53443723165802e+00, 0.84142877422968809,#000000
 1.53178357618617e+00, 0.84625000781465276,#000000
 1.52911477234728e+00, 0.85106287252431656,#000000
 1.52643084653410e+00, 0.85586732076250460,#000000
 1.52373182528897e+00, 0.86066330501627264,#000000
 1.52101773530350e+00, 0.86545077785638280,#000000
 1.51828860341830e+00, 0.87022969193776689,#000000
 1.51554445662277e+00, 0.87499999999999989,#000000
 1.51278532205476e+00, 0.87976165486776314,#000000
 1.51001122700038e+00, 0.88451460945131277,#000000
 1.50722219889365e+00, 0.88925881674694651,#000000
 1.50441826531630e+00, 0.89399422983746479,#000000
 1.50159945399745e+00, 0.89872080189264059,#000000
 1.49876579281336e+00, 0.90343848616967515,#000000
 1.49591730978712e+00, 0.90814723601366776,#000000
 1.49305403308844e+00, 0.91284700485807080,#000000
 1.49017599103329e+00, 0.91753774622515538,#000000
 1.48728321208370e+00, 0.92221941372646654,#000000
 1.48437572484740e+00, 0.92689196106328586,#000000
 1.48145355807761e+00, 0.93155534202708556,#000000
 1.47851674067268e+00, 0.93620951049999035,#000000
 1.47556530167589e+00, 0.94085442045522782,#000000
 1.47259927027509e+00, 0.94549002595758702,#000000
 1.46961867580244e+00, 0.95011628116387392,#000000
 1.46662354773415e+00, 0.95473314032336065,#000000
 1.46361391569011e+00, 0.95934055777824234,#000000
 1.46058980943368e+00, 0.96393848796408421,#000000
 1.45755125887135e+00, 0.96852688541027732,#000000
 1.45449829405246e+00, 0.97310570474048297,#000000
 1.45143094516889e+00, 0.97767490067308604,#000000
 1.44834924255478e+00, 0.98223442802163863,#000000
 1.44525321668620e+00, 0.98678424169531131,#000000
 1.44214289818089e+00, 0.99132429669933386,#000000
 1.43901831779792e+00, 0.99585454813544649,#000000
 1.43587950643740e+00, 1.00037495120233810,#000000
 1.43272649514020e+00, 1.00488546119609112,#000000
 1.42955931508758e+00, 1.00938603351062706,#000000
 1.42637799760096e+00, 1.01387662363814202,#000000
 1.42318257414153e+00, 1.01835718716955137,#000000
 1.41997307631002e+00, 1.02282767979492584,#000000
 1.41674953584630e+00, 1.02728805730393269,#000000
 1.41351198462916e+00, 1.03173827558626874,#000000
 1.41026045467592e+00, 1.03617829063210198,#000000
 1.40699497814215e+00, 1.04060805853250127,#000000
 1.40371558732133e+00, 1.04502753547987570,#000000
 1.40042231464456e+00, 1.04943667776840366,#000000
 1.39711519268021e+00, 1.05383544179446642,#000000
 1.39379425413363e+00, 1.05822378405708228,#000000
 1.39045953184678e+00, 1.06260166115833021,#000000
 1.38711105879795e+00, 1.06696902980378727,#000000
 1.38374886810141e+00, 1.07132584680294851,#000000
 1.38037299300710e+00, 1.07567206906966173,#000000
 1.37698346690028e+00, 1.08000765362254625,#000000
 1.37358032330121e+00, 1.08433255758542524,#000000
 1.37016359586481e+00, 1.08864673818774271,#000000
 1.36673331838036e+00, 1.09295015276499297,#000000
 1.36328952477111e+00, 1.09724275875913690,#000000
 1.35983224909400e+00, 1.10152451371902771,#000000
 1.35636152553930e+00, 1.10579537530082650,#000000
 1.35287738843026e+00, 1.11005530126842333,#000000
 1.34937987222277e+00, 1.11430424949385620,#000000
 1.34586901150505e+00, 1.11854217795772337,#000000
 1.34234484099730e+00, 1.12276904474960459,#000000
 1.33880739555131e+00, 1.12698480806846923,#000000
 1.33525671015017e+00, 1.13118942622309615,#000000
 1.33169281990792e+00, 1.13538285763248004,#000000
 1.32811576006916e+00, 1.13956506082624753,#000000
 1.32452556600874e+00, 1.14373599444506335,#000000
 1.32092227323140e+00, 1.14789561724104328,#000000
 1.31730591737142e+00, 1.15204388807815761,#000000
 1.31367653419227e+00, 1.15618076593264241,#000000
 1.31003415958623e+00, 1.16030620989340205,#000000
 1.30637882957409e+00, 1.16442017916241380,#000000
 1.30271058030473e+00, 1.16852263305513504,#000000
 1.29902944805482e+00, 1.17261353100090004,#000000
 1.29533546922840e+00, 1.17669283254332679,#000000
 1.29162868035659e+00, 1.18076049734071176,#000000
 1.28790911809718e+00, 1.18481648516643379,#000000
 1.28417681923427e+00, 1.18886075590934692,#000000
 1.28043182067794e+00, 1.19289326957418229,#000000
 1.27667415946383e+00, 1.19691398628193957,#000000
 1.27290387275284e+00, 1.20092286627028377,#000000
 1.26912099783070e+00, 1.20491986989393585,#000000
 1.26532557210764e+00, 1.20890495762506900,#000000
 1.26151763311802e+00, 1.21287809005369507,#000000
 1.25769721851994e+00, 1.21683922788805621,#000000
 1.25386436609487e+00, 1.22078833195501524,#000000
 1.25001911374729e+00, 1.22472536320043912,#000000
 1.24616149950429e+00, 1.22865028268958953,#000000
 1.24229156151525e+00, 1.23256305160750346,#000000
 1.23840933805138e+00, 1.23646363125938175,#000000
 1.23451486750542e+00, 1.24035198307096683,#000000
 1.23060818839120e+00, 1.24422806858892887,#000000
 1.22668933934330e+00, 1.24809184948124252,#000000
 1.22275835911664e+00, 1.25194328753756823,#000000
 1.21881528658614e+00, 1.25578234466962835,#000000
 1.21486016074626e+00, 1.25960898291158596,#000000
 1.21089302071071e+00, 1.26342316442041791,#000000
 1.20691390571196e+00, 1.26722485147629005,#000000
 1.20292285510094e+00, 1.27101400648293250,#000000
 1.19891990834662e+00, 1.27479059196800648,#000000
 1.19490510503558e+00, 1.27855457058348021,#000000
 1.19087848487169e+00, 1.28230590510599440,#000000
 1.18684008767567e+00, 1.28604455843723287,#000000
 1.18278995338469e+00, 1.28977049360428686,#000000
 1.17872812205202e+00, 1.29348367376002438,#000000
 1.17465463384658e+00, 1.29718406218345006,#000000
 1.17056952905259e+00, 1.30087162228007269,#000000
 1.16647284806915e+00, 1.30454631758226292,#000000
 1.16236463140982e+00, 1.30820811174961871,#000000
 1.15824491970227e+00, 1.31185696856931955,#000000
 1.15411375368782e+00, 1.31549285195648791,#000000
 1.14997117422108e+00, 1.31911572595454674,#000000
 1.14581722226954e+00, 1.32272555473557074,#000000
 1.14165193891313e+00, 1.32632230260064676,#000000
 1.13747536534388e+00, 1.32990593398022039,#000000
 1.13328754286544e+00, 1.33347641343445389,#000000
 1.12908851289271e+00, 1.33703370565357105,#000000
 1.12487831695144e+00, 1.34057777545821155,#000000
 1.12065699667780e+00, 1.34410858779977405,#000000
 1.11642459381795e+00, 1.34762610776076697,#000000
 1.11218115022767e+00, 1.35113030055515049,#000000
 1.10792670787194e+00, 1.35462113152868335,#000000
 1.10366130882448e+00, 1.35809856615926350,#000000
 1.09938499526737e+00, 1.36156257005726888,#000000
 1.09509780949066e+00, 1.36501310896590211,#000000
 1.09079979389188e+00, 1.36845014876152260,#000000
 1.08649099097568e+00, 1.37187365545399009,#000000
 1.08217144335338e+00, 1.37528359518699572,#000000
 1.07784119374256e+00, 1.37867993423840174,#000000
 1.07350028496666e+00, 1.38206263902057014,#000000
 1.06914875995449e+00, 1.38543167608069928,#000000
 1.06478666173988e+00, 1.38878701210115074,#000000
 1.06041403346121e+00, 1.39212861389978215,#000000
 1.05603091836100e+00, 1.39545644843027294,#000000
 1.05163735978547e+00, 1.39877048278245275,#000000
 1.04723340118412e+00, 1.40207068418262581,#000000
 1.04281908610932e+00, 1.40535701999389473,#000000
 1.03839445821584e+00, 1.40862945771648596,#000000
 1.03395956126043e+00, 1.41188796498806712,#000000
 1.02951443910141e+00, 1.41513250958407122,#000000
 1.02505913569822e+00, 1.41836305941801100,#000000
 1.02059369511098e+00, 1.42157958254180028,#000000
 1.01611816150006e+00, 1.42478204714606704,#000000
 1.01163257912565e+00, 1.42797042156047049,#000000
 1.00713699234731e+00, 1.43114467425401082,#000000
 1.00263144562354e+00, 1.43430477383534516,#000000
 9.98115983511328e-01, 1.43745068905309403,#000000
 9.93590650665739e-01, 1.44058238879615419,#000000
 9.89055491839437e-01, 1.44369984209400304,#000000
 9.84510551882265e-01, 1.44680301811700596,#000000
 9.79955875740792e-01, 1.44989188617672382,#000000
 9.75391508457874e-01, 1.45296641572621121,#000000
 9.70817495172205e-01, 1.45602657636032395,#000000
 9.66233881117873e-01, 1.45907233781601509,#000000
 9.61640711623911e-01, 1.46210366997263863,#000000
 9.57038032113848e-01, 1.46512054285224358,#000000
 9.52425888105263e-01, 1.46812292661987276,#000000
 9.47804325209333e-01, 1.47111079158385660,#000000
 9.43173389130379e-01, 1.47408410819610802,#000000
 9.38533125665420e-01, 1.47704284705241284,#000000
 9.33883580703714e-01, 1.47998697889272313,#000000
 9.29224800226310e-01, 1.48291647460144338,#000000
 9.24556830305590e-01, 1.48583130520772100,#000000
 9.19879717104811e-01, 1.48873144188573270,#000000
 9.15193506877654e-01, 1.49161685595496696,#000000
 9.10498245967763e-01, 1.49448751888051135,#000000
 9.05793980808288e-01, 1.49734340227333140,#000000
 9.01080757921422e-01, 1.50018447789055442,#000000
 8.96358623917951e-01, 1.50301071763574545,#000000
 8.91627625496778e-01, 1.50582209355918839,#000000
 8.86887809444477e-01, 1.50861857785815978,#000000
 8.82139222634818e-01, 1.51140014287720614,#000000
 8.77381912028311e-01, 1.51416676110841419,#000000
 8.72615924671735e-01, 1.51691840519168730,#000000
 8.67841307697681e-01, 1.51965504791501216,#000000
 8.63058108324080e-01, 1.52237666221472923,#000000
 8.58266373853736e-01, 1.52508322117580186,#000000
 8.53466151673861e-01, 1.52777469803207899,#000000
 8.48657489255604e-01, 1.53045106616656490,#000000
 8.43840434153584e-01, 1.53311229911167679,#000000
 8.39015034005417e-01, 1.53575837054951081,#000000
 8.34181336531248e-01, 1.53838925431210027,#000000
 8.29339389533276e-01, 1.54100492438167569,#000000
 8.24489240895282e-01, 1.54360535489091966,#000000
 8.19630938582156e-01, 1.54619052012322644,#000000
 8.14764530639425e-01, 1.54876039451295289,#000000
 8.09890065192773e-01, 1.55131495264567265,#000000
 8.05007590447569e-01, 1.55385416925842779,#000000
 8.00117154688389e-01, 1.55637801923997809,#000000
 7.95218806278535e-01, 1.55888647763104959,#000000
 7.90312593659567e-01, 1.56137951962458144,#000000
 7.85398565350809e-01, 1.56385712056597148,#000000
 7.80476769948883e-01, 1.56631925595331856,#000000
 7.75547256127221e-01, 1.56876590143766803,#000000
 7.70610072635584e-01, 1.57119703282324830,#000000
 7.65665268299583e-01, 1.57361262606771435,#000000
 7.60712892020193e-01, 1.57601265728238205,#000000
 7.55752992773271e-01, 1.57839710273246681,#000000
 7.50785619609071e-01, 1.58076593883731675,#000000
 7.45810821651762e-01, 1.58311914217064653,#000000
 7.40828648098935e-01, 1.58545668946077001,#000000
 7.35839148221125e-01, 1.58777855759082764,#000000
 7.30842371361317e-01, 1.59008472359901853,#000000
 7.25838366934463e-01, 1.59237516467882423,#000000
 7.20827184426987e-01, 1.59464985817923743,#000000
 7.15808873396306e-01, 1.59690878160498295,#000000
 7.10783483470327e-01, 1.59915191261674328,#000000
 7.05751064346968e-01, 1.60137922903137531,#000000
 7.00711665793657e-01, 1.60359070882213528,#000000
 6.95665337646848e-01, 1.60578633011889127,#000000
 6.90612129811522e-01, 1.60796607120834301,#000000
 6.85552092260695e-01, 1.61012991053423482,#000000
 6.80485275034928e-01, 1.61227782669756969,#000000
 6.75411728241825e-01, 1.61440979845682020,#000000
 6.70331502055544e-01, 1.61652580472813945,#000000
 6.65244646716294e-01, 1.61862582458556892,#000000
 6.60151212529848e-01, 1.62070983726124540,#000000
 6.55051249867033e-01, 1.62277782214560640,#000000
 6.49944809163245e-01, 1.62482975878759484,#000000
 6.44831940917937e-01, 1.62686562689486003,#000000
 6.39712695694134e-01, 1.62888540633395840,#000000
 6.34587124117917e-01, 1.63088907713055420,#000000
 6.29455276877938e-01, 1.63287661946961515,#000000
 6.24317204724906e-01, 1.63484801369560961,#000000
 6.19172958471093e-01, 1.63680324031270019,#000000
 6.14022588989829e-01, 1.63874227998493649,#000000
 6.08866147214997e-01, 1.64066511353644806,#000000
 6.03703684140534e-01, 1.64257172195163115,#000000
 5.98535250819920e-01, 1.64446208637533964,#000000
 5.93360898365682e-01, 1.64633618811306914,#000000
 5.88180677948878e-01, 1.64819400863114351,#000000
 5.82994640798601e-01, 1.65003552955689714,#000000
 5.77802838201464e-01, 1.65186073267885769,#000000
 5.72605321501101e-01, 1.65366959994692442,#000000
 5.67402142097649e-01, 1.65546211347254912,#000000
 5.62193351447252e-01, 1.65723825552891046,#000000
 5.56979001061540e-01, 1.65899800855109181,#000000
 5.51759142507129e-01, 1.66074135513625265,#000000
 5.46533827405107e-01, 1.66246827804380226,#000000
 5.41303107430520e-01, 1.66417876019556932,#000000
 5.36067034311871e-01, 1.66587278467597111,#000000
 5.30825659830597e-01, 1.66755033473218184,#000000
 5.25579035820564e-01, 1.66921139377429562,#000000
 5.20327214167552e-01, 1.67085594537549365,#000000
 5.15070246808744e-01, 1.67248397327220455,#000000
 5.09808185732208e-01, 1.67409546136426601,#000000
 5.04541082976389e-01, 1.67569039371508399,#000000
 4.99268990629587e-01, 1.67726875455179014,#000000
 4.93991960829451e-01, 1.67883052826539769,#000000
 4.88710045762453e-01, 1.68037569941095644,#000000
 4.83423297663380e-01, 1.68190425270770483,#000000
 4.78131768814816e-01, 1.68341617303922098,#000000
 4.72835511546619e-01, 1.68491144545357252,#000000
 4.67534578235413e-01, 1.68639005516346518,#000000
 4.62229021304061e-01, 1.68785198754638732,#000000
 4.56918893221155e-01, 1.68929722814475558,#000000
 4.51604246500488e-01, 1.69072576266605901,#000000
 4.46285133700544e-01, 1.69213757698299694,#000000
 4.40961607423969e-01, 1.69353265713362311,#000000
 4.35633720317061e-01, 1.69491098932147954,#000000
 4.30301525069238e-01, 1.69627255991573711,#000000
 4.24965074412528e-01, 1.69761735545132630,#000000
 4.19624421121038e-01, 1.69894536262907336,#000000
 4.14279618010439e-01, 1.70025656831583061,#000000
 4.08930717937442e-01, 1.70155095954460567,#000000
 4.03577773799270e-01, 1.70282852351469161,#000000
 3.98220838533145e-01, 1.70408924759179192,#000000
 3.92859965115752e-01, 1.70533311930814557,#000000
 3.87495206562729e-01, 1.70656012636265131,#000000
 3.82126615928130e-01, 1.70777025662098825,#000000
 3.76754246303909e-01, 1.70896349811573622,#000000
 3.71378150819389e-01, 1.71013983904649480,#000000
 3.65998382640743e-01, 1.71129926777999875,#000000
 3.60614994970462e-01, 1.71244177285023436,#000000
 3.55228041046833e-01, 1.71356734295855140,#000000
 3.49837574143408e-01, 1.71467596697377633,#000000
 3.44443647568484e-01, 1.71576763393232179,#000000
 3.39046314664571e-01, 1.71684233303829403,#000000
 3.33645628807863e-01, 1.71790005366360177,#000000
 3.28241643407715e-01, 1.71894078534805894,#000000
 3.22834411906112e-01, 1.71996451779949089,#000000
 3.17423987777140e-01, 1.72097124089383269,#000000
 3.12010424526458e-01, 1.72196094467523264,#000000
 3.06593775690771e-01, 1.72293361935614842,#000000
 3.01174094837296e-01, 1.72388925531744519,#000000
 2.95751435563236e-01, 1.72482784310848980,#000000
 2.90325851495249e-01, 1.72574937344724511,#000000
 2.84897396288916e-01, 1.72665383722036081,#000000
 2.79466123628212e-01, 1.72754122548326494,#000000
 2.74032087224976e-01, 1.72841152946025067,#000000
 2.68595340818379e-01, 1.72926474054456403,#000000
 2.63155938174389e-01, 1.73010085029848959,#000000
 2.57713933085247e-01, 1.73091985045343222,#000000
 2.52269379368927e-01, 1.73172173291000098,#000000
 2.46822330868609e-01, 1.73250648973808663,#000000
 2.41372841452144e-01, 1.73327411317694313,#000000
 2.35920965011523e-01, 1.73402459563526135,#000000
 2.30466755462341e-01, 1.73475792969124698,#000000
 2.25010266743271e-01, 1.73547410809269120,#000000
 2.19551552815518e-01, 1.73617312375704480,#000000
 2.14090667662300e-01, 1.73685496977148635,#000000
 2.08627665288304e-01, 1.73751963939299148,#000000
 2.03162599719153e-01, 1.73816712604840040,#000000
 1.97695525000878e-01, 1.73879742333448006,#000000
 1.92226495199375e-01, 1.73941052501799143,#000000
 1.86755564399878e-01, 1.74000642503574765,#000000
 1.81282786706419e-01, 1.74058511749467604,#000000
 1.75808216241294e-01, 1.74114659667187532,#000000
 1.70331907144530e-01, 1.74169085701467341,#000000
 1.64853913573346e-01, 1.74221789314068065,#000000
 1.59374289701622e-01, 1.74272769983784448,#000000
 1.53893089719358e-01, 1.74322027206450003,#000000
 1.48410367832141e-01, 1.74369560494942144,#000000
 1.42926178260611e-01, 1.74415369379186758,#000000
 1.37440575239922e-01, 1.74459453406163112,#000000
 1.31953613019203e-01, 1.74501812139908119,#000000
 1.26465345861028e-01, 1.74542445161520843,#000000
 1.20975828040873e-01, 1.74581352069166451,#000000
 1.15485113846586e-01, 1.74618532478080368,#000000
 1.09993257577843e-01, 1.74653986020571939,#000000
 1.04500313545618e-01, 1.74687712346028157,#000000
 9.90063360716367e-02, 1.74719711120917043,#000000
 9.35113794878510e-02, 1.74749982028791040,#000000
 8.80154981358910e-02, 1.74778524770290100,#000000
 8.25187463665355e-02, 1.74805339063144638,#000000
 7.70211785391682e-02, 1.74830424642178262,#000000
 7.15228490212451e-02, 1.74853781259310614,#000000
 6.60238121877554e-02, 1.74875408683559508,#000000
 6.05241224206802e-02, 1.74895306701043474,#000000
 5.50238341084614e-02, 1.74913475114983763,#000000
 4.95230016454567e-02, 1.74929913745706300,#000000
 4.40216794314082e-02, 1.74944622430643415,#000000
 3.85199218708983e-02, 1.74957601024335618,#000000
 3.30177833728179e-02, 1.74968849398432802,#000000
 2.75153183498219e-02, 1.74978367441695704,#000000
 2.20125812177974e-02, 1.74986155059996951,#000000
 1.65096263953195e-02, 1.74992212176321926,#000000
 1.10065083031192e-02, 1.74996538730769569,#000000
 5.50328136353888e-03, 1.74999134680553037,#000000
-1.07156594925393e-16, 1.75000000000000000,#000000
