x,y,fill
-6.12303176911189e-16, 10.0000000000000000,#ffffff
 3.14473220773628e-02,  9.9999505531744592,#ffffff
 6.28943331606765e-02,  9.9998022131868325,#ffffff
 9.43407222589664e-02,  9.9995549815041098,#ffffff
 1.25786178387409e-01,  9.9992088605712546,#ffffff
 1.57230390570408e-01,  9.9987638538111838,#ffffff
 1.88673047844669e-01,  9.9982199656247310,#ffffff
 2.20113839262276e-01,  9.9975772013906052,#ffffff
 2.51552453893759e-01,  9.9968355674653395,#ffffff
 2.82988580831181e-01,  9.9959950711832164,#ffffff
 3.14421909191206e-01,  9.9950557208562145,#ffffff
 3.45852128118173e-01,  9.9940175257739128,#ffffff
 3.77278926787171e-01,  9.9928804962033997,#ffffff
 4.08701994407115e-01,  9.9916446433891775,#ffffff
 4.40121020223816e-01,  9.9903099795530448,#ffffff
 4.71535693523056e-01,  9.9888765178939778,#ffffff
 5.02945703633661e-01,  9.9873442725880057,#ffffff
 5.34350739930573e-01,  9.9857132587880599,#ffffff
 5.65750491837922e-01,  9.9839834926238318,#ffffff
 5.97144648832097e-01,  9.9821549912016074,#ffffff
 6.28532900444820e-01,  9.9802277726041115,#ffffff
 6.59914936266205e-01,  9.9782018558903083,#ffffff
 6.91290445947845e-01,  9.9760772610952273,#ffffff
 7.22659119205870e-01,  9.9738540092297630,#ffffff
 7.54020645824016e-01,  9.9715321222804647,#ffffff
 7.85374715656695e-01,  9.9691116232093204,#ffffff
 8.16721018632066e-01,  9.9665925359535290,#ffffff
 8.48059244755091e-01,  9.9639748854252659,#ffffff
 8.79389084110611e-01,  9.9612586975114290,#ffffff
 9.10710226866407e-01,  9.9584439990733955,#ffffff
 9.42022363276261e-01,  9.9555308179467463,#ffffff
 9.73325183683025e-01,  9.9525191829409909,#ffffff
 1.00461837852168e+00,  9.9494091238392883,#ffffff
 1.03590163832239e+00,  9.9462006713981488,#ffffff
 1.06717465371359e+00,  9.9428938573471299,#ffffff
 1.09843711542500e+00,  9.9394887143885224,#ffffff
 1.12968871429073e+00,  9.9359852761970284,#ffffff
 1.16092914125230e+00,  9.9323835774194293,#ffffff
 1.19215808736173e+00,  9.9286836536742378,#ffffff
 1.22337524378457e+00,  9.9248855415513511,#ffffff
 1.25458030180296e+00,  9.9209892786116853,#ffffff
 1.28577295281869e+00,  9.9169949033868079,#ffffff
 1.31695288835623e+00,  9.9129024553785534,#ffffff
 1.34811980006584e+00,  9.9087119750586368,#ffffff
 1.37927337972654e+00,  9.9044235038682462,#ffffff
 1.41041331924919e+00,  9.9000370842176384,#ffffff
 1.44153931067958e+00,  9.8955527594857191,#ffffff
 1.47265104620141e+00,  9.8909705740196134,#ffffff
 1.50374821813937e+00,  9.8862905731342270,#ffffff
 1.53483051896216e+00,  9.8815128031117965,#ffffff
 1.56589764128558e+00,  9.8766373112014332,#ffffff
 1.59694927787549e+00,  9.8716641456186576,#ffffff
 1.62798512165094e+00,  9.8665933555449197,#ffffff
 1.65900486568713e+00,  9.8614249911271141,#ffffff
 1.69000820321849e+00,  9.8561591034770846,#ffffff
 1.72099482764169e+00,  9.8507957446711156,#ffffff
 1.75196443251869e+00,  9.8453349677494195,#ffffff
 1.78291671157976e+00,  9.8397768267156156,#ffffff
 1.81385135872651e+00,  9.8341213765361886,#ffffff
 1.84476806803492e+00,  9.8283686731399484,#ffffff
 1.87566653375837e+00,  9.8225187734174817,#ffffff
 1.90654645033065e+00,  9.8165717352205810,#ffffff
 1.93740751236898e+00,  9.8105276173616804,#ffffff
 1.96824941467705e+00,  9.8043864796132674,#ffffff
 1.99907185224805e+00,  9.7981483827072946,#ffffff
 2.02987452026761e+00,  9.7918133883345799,#ffffff
 2.06065711411692e+00,  9.7853815591441968,#ffffff
 2.09141932937567e+00,  9.7788529587428510,#ffffff
 2.12216086182508e+00,  9.7722276516942568,#ffffff
 2.15288140745090e+00,  9.7655057035184925,#ffffff
 2.18358066244646e+00,  9.7586871806913607,#ffffff
 2.21425832321559e+00,  9.7517721506437223,#ffffff
 2.24491408637573e+00,  9.7447606817608321,#ffffff
 2.27554764876082e+00,  9.7376528433816674,#ffffff
 2.30615870742440e+00,  9.7304487057982385,#ffffff
 2.33674695964252e+00,  9.7231483402548911,#ffffff
 2.36731210291680e+00,  9.7157518189476040,#ffffff
 2.39785383497736e+00,  9.7082592150232774,#ffffff
 2.42837185378587e+00,  9.7006706025790077,#ffffff
 2.45886585753850e+00,  9.6929860566613559,#ffffff
 2.48933554466891e+00,  9.6852056532655979,#ffffff
 2.51978061385125e+00,  9.6773294693349889,#ffffff
 2.55020076400310e+00,  9.6693575827599823,#ffffff
 2.58059569428850e+00,  9.6612900723774793,#ffffff
 2.61096510412088e+00,  9.6531270179700339,#ffffff
 2.64130869316606e+00,  9.6448685002650709,#ffffff
 2.67162616134521e+00,  9.6365146009340865,#ffffff
 2.70191720883782e+00,  9.6280654025918437,#ffffff
 2.73218153608466e+00,  9.6195209887955482,#ffffff
 2.76241884379074e+00,  9.6108814440440273,#ffffff
 2.79262883292830e+00,  9.6021468537768957,#ffffff
 2.82281120473972e+00,  9.5933173043737021,#ffffff
 2.85296566074050e+00,  9.5843928831530860,#ffffff
 2.88309190272222e+00,  9.5753736783719088,#ffffff
 2.91318963275547e+00,  9.5662597792243780,#ffffff
 2.94325855319282e+00,  9.5570512758411699,#ffffff
 2.97329836667172e+00,  9.5477482592885359,#ffffff
 3.00330877611750e+00,  9.5383508215674055,#ffffff
 3.03328948474627e+00,  9.5288590556124682,#ffffff
 3.06324019606783e+00,  9.5192730552912650,#ffffff
 3.09316061388869e+00,  9.5095929154032532,#ffffff
 3.12305044231489e+00,  9.4998187316788716,#ffffff
 3.15290938575502e+00,  9.4899506007785881,#ffffff
 3.18273714892308e+00,  9.4799886202919552,#ffffff
 3.21253343684144e+00,  9.4699328887366327,#ffffff
 3.24229795484371e+00,  9.4597835055574251,#ffffff
 3.27203040857771e+00,  9.4495405711252829,#ffffff
 3.30173050400837e+00,  9.4392041867363297,#ffffff
 3.33139794742057e+00,  9.4287744546108421,#ffffff
 3.36103244542216e+00,  9.4182514778922481,#ffffff
 3.39063370494675e+00,  9.4076353606461112,#ffffff
 3.42020143325669e+00,  9.3969262078590852,#ffffff
 3.44973533794590e+00,  9.3861241254378935,#ffffff
 3.47923512694284e+00,  9.3752292202082739,#ffffff
 3.50870050851330e+00,  9.3642415999139246,#ffffff
 3.53813119126339e+00,  9.3531613732154302,#ffffff
 3.56752688414232e+00,  9.3419886496891991,#ffffff
 3.59688729644536e+00,  9.3307235398263746,#ffffff
 3.62621213781667e+00,  9.3193661550317390,#ffffff
 3.65550111825219e+00,  9.3079166076226212,#ffffff
 3.68475394810250e+00,  9.2963750108277701,#ffffff
 3.71397033807568e+00,  9.2847414787862590,#ffffff
 3.74314999924019e+00,  9.2730161265463238,#ffffff
 3.77229264302770e+00,  9.2611990700642597,#ffffff
 3.80139798123597e+00,  9.2492904262032507,#ffffff
 3.83046572603168e+00,  9.2372903127322257,#ffffff
 3.85949558995329e+00,  9.2251988483246876,#ffffff
 3.88848728591387e+00,  9.2130161525575396,#ffffff
 3.91744052720397e+00,  9.2007423459099140,#ffffff
 3.94635502749441e+00,  9.1883775497619613,#ffffff
 3.97523050083913e+00,  9.1759218863936667,#ffffff
 4.00406666167804e+00,  9.1633754789836317,#ffffff
 4.03286322483981e+00,  9.1507384516078609,#ffffff
 4.06161990554472e+00,  9.1380109292385328,#ffffff
 4.09033641940746e+00,  9.1251930377427630,#ffffff
 4.11901248243993e+00,  9.1122849038813563,#ffffff
 4.14764781105407e+00,  9.0992866553075693,#ffffff
 4.17624212206467e+00,  9.0861984205658199,#ffffff
 4.20479513269214e+00,  9.0730203290904434,#ffffff
 4.23330656056534e+00,  9.0597525112043993,#ffffff
 4.26177612372435e+00,  9.0463950981179799,#ffffff
 4.29020354062326e+00,  9.0329482219275228,#ffffff
 4.31858853013297e+00,  9.0194120156140976,#ffffff
 4.34693081154396e+00,  9.0057866130421829,#ffffff
 4.37523010456904e+00,  8.9920721489583677,#ffffff
 4.40348612934619e+00,  8.9782687589899925,#ffffff
 4.43169860644126e+00,  8.9643765796438171,#ffffff
 4.45986725685076e+00,  8.9503957483046808,#ffffff
 4.48799180200462e+00,  8.9363264032341228,#ffffff
 4.51607196376895e+00,  8.9221686835690388,#ffffff
 4.54410746444877e+00,  8.9079227293202834,#ffffff
 4.57209802679079e+00,  8.8935886813713054,#ffffff
 4.60004337398611e+00,  8.8791666814767307,#ffffff
 4.62794322967299e+00,  8.8646568722609871,#ffffff
 4.65579731793957e+00,  8.8500593972168744,#ffffff
 4.68360536332660e+00,  8.8353744007041541,#ffffff
 4.71136709083018e+00,  8.8206020279481141,#ffffff
 4.73908222590443e+00,  8.8057424250381473,#ffffff
 4.76675049446427e+00,  8.7907957389262883,#ffffff
 4.79437162288810e+00,  8.7757621174257761,#ffffff
 4.82194533802048e+00,  8.7606417092095832,#ffffff
 4.84947136717488e+00,  8.7454346638089415,#ffffff
 4.87694943813634e+00,  8.7301411316118820,#ffffff
 4.90437927916421e+00,  8.7147612638617247,#ffffff
 4.93176061899474e+00,  8.6992952126555974,#ffffff
 4.95909318684389e+00,  8.6837431309429274,#ffffff
 4.98637671240992e+00,  8.6681051725239282,#ffffff
 5.01361092587606e+00,  8.6523814920480842,#ffffff
 5.04079555791324e+00,  8.6365722450126086,#ffffff
 5.06793033968272e+00,  8.6206775877609161,#ffffff
 5.09501500283873e+00,  8.6046976774810773,#ffffff
 5.12204927953114e+00,  8.5886326722042625,#ffffff
 5.14903290240813e+00,  8.5724827308031681,#ffffff
 5.17596560461878e+00,  8.5562480129904674,#ffffff
 5.20284711981579e+00,  8.5399286793172084,#ffffff
 5.22967718215802e+00,  8.5235248911712418,#ffffff
 5.25645552631321e+00,  8.5070368107756149,#ffffff
 5.28318188746051e+00,  8.4904646011869804,#ffffff
 5.30985600129320e+00,  8.4738084262939637,#ffffff
 5.33647760402122e+00,  8.4570684508155605,#ffffff
 5.36304643237382e+00,  8.4402448402995045,#ffffff
 5.38956222360216e+00,  8.4233377611206190,#ffffff
 5.41602471548190e+00,  8.4063473804791826,#ffffff
 5.44243364631579e+00,  8.3892738663992734,#ffffff
 5.46878875493627e+00,  8.3721173877271085,#ffffff
 5.49508978070806e+00,  8.3548781141293631,#ffffff
 5.52133646353070e+00,  8.3375562160915173,#ffffff
 5.54752854384117e+00,  8.3201518649161361,#ffffff
 5.57366576261642e+00,  8.3026652327212087,#ffffff
 5.59974786137595e+00,  8.2850964924384218,#ffffff
 5.62577458218437e+00,  8.2674458178114669,#ffffff
 5.65174566765393e+00,  8.2497133833943028,#ffffff
 5.67766086094708e+00,  8.2318993645494523,#ffffff
 5.70351990577901e+00,  8.2140039374462539,#ffffff
 5.72932254642020e+00,  8.1960272790591162,#ffffff
 5.75506852769890e+00,  8.1779695671657784,#ffffff
 5.78075759500371e+00,  8.1598309803455464,#ffffff
 5.80638949428605e+00,  8.1416116979775293,#ffffff
 5.83196397206273e+00,  8.1233119002388587,#ffffff
 5.85748077541839e+00,  8.1049317681029223,#ffffff
 5.88293965200805e+00,  8.0864714833375491,#ffffff
 5.90834035005958e+00,  8.0679312285032445,#ffffff
 5.93368261837620e+00,  8.0493111869513498,#ffffff
 5.95896620633897e+00,  8.0306115428222586,#ffffff
 5.98419086390927e+00,  8.0118324810435766,#ffffff
 6.00935634163123e+00,  7.9929741873283007,#ffffff
 6.03446239063426e+00,  7.9740368481729904,#ffffff
 6.05950876263548e+00,  7.9550206508559018,#ffffff
 6.08449520994217e+00,  7.9359257834351506,#ffffff
 6.10942148545423e+00,  7.9167524347468534,#ffffff
 6.13428734266662e+00,  7.8975007944032614,#ffffff
 6.15909253567180e+00,  7.8781710527908677,#ffffff
 6.18383681916215e+00,  7.8587634010685505,#ffffff
 6.20851994843244e+00,  7.8392780311656569,#ffffff
 6.23314167938216e+00,  7.8197151357801324,#ffffff
 6.25770176851806e+00,  7.8000749083765832,#ffffff
 6.28219997295642e+00,  7.7803575431843974,#ffffff
 6.30663605042557e+00,  7.7605632351957912,#ffffff
 6.33100975926821e+00,  7.7406921801639053,#ffffff
 6.35532085844384e+00,  7.7207445746008627,#ffffff
 6.37956910753112e+00,  7.7007206157758148,#ffffff
 6.40375426673026e+00,  7.6806205017129967,#ffffff
 6.42787609686539e+00,  7.6604444311897799,#ffffff
 6.45193435938693e+00,  7.6401926037346950,#ffffff
 6.47592881637394e+00,  7.6198652196254502,#ffffff
 6.49985923053646e+00,  7.5994624798869772,#ffffff
 6.52372536521791e+00,  7.5789845862894101,#ffffff
 6.54752698439735e+00,  7.5584317413461219,#ffffff
 6.57126385269189e+00,  7.5378041483116949,#ffffff
 6.59493573535896e+00,  7.5171020111799347,#ffffff
 6.61854239829868e+00,  7.4963255346818256,#ffffff
 6.64208360805614e+00,  7.4754749242835352,#ffffff
 6.66555913182372e+00,  7.4545503861843629,#ffffff
 6.68896873744339e+00,  7.4335521273147034,#ffffff
 6.71231219340903e+00,  7.4124803553340035,#ffffff
 6.73558926886866e+00,  7.3913352786287110,#ffffff
 6.75879973362679e+00,  7.3701171063102144,#ffffff
 6.78194335814666e+00,  7.3488260482127590,#ffffff
 6.80501991355252e+00,  7.3274623148913998,#ffffff
 6.82802917163189e+00,  7.3060261176198873,#ffffff
 6.85097090483781e+00,  7.2845176683886077,#ffffff
 6.87384488629110e+00,  7.2629371799024707,#ffffff
 6.89665088978262e+00,  7.2412848655788045,#ffffff
 6.91938868977546e+00,  7.2195609395452456,#ffffff
 6.94205806140723e+00,  7.1977656166376347,#ffffff
 6.96465878049222e+00,  7.1758991123978797,#ffffff
 6.98719062352367e+00,  7.1539616430718223,#ffffff
 7.00965336767597e+00,  7.1319534256071027,#ffffff
 7.03204679080684e+00,  7.1098746776510229,#ffffff
 7.05437067145953e+00,  7.0877256175483847,#ffffff
 7.07662478886504e+00,  7.0655064643393235,#ffffff
 7.09880892294428e+00,  7.0432174377571659,#ffffff
 7.12092285431025e+00,  7.0208587582262263,#ffffff
 7.14296636427021e+00,  6.9984306468596529,#ffffff
 7.16493923482783e+00,  6.9759333254572296,#ffffff
 7.18684124868538e+00,  6.9533670165031811,#ffffff
 7.20867218924585e+00,  6.9307319431639725,#ffffff
 7.23043184061509e+00,  6.9080283292861093,#ffffff
 7.25211998760397e+00,  6.8852563993939233,#ffffff
 7.27373641573048e+00,  6.8624163786873389,#ffffff
 7.29528091122188e+00,  6.8395084930396575,#ffffff
 7.31675326101678e+00,  6.8165329689953280,#ffffff
 7.33815325276728e+00,  6.7934900337677000,#ffffff
 7.35948067484103e+00,  6.7703799152367639,#ffffff
 7.38073531632339e+00,  6.7472028419469279,#ffffff
 7.40191696701944e+00,  6.7239590431047249,#ffffff
 7.42302541745609e+00,  6.7006487485765724,#ffffff
 7.44406045888419e+00,  6.6772721888864863,#ffffff
 7.46502188328052e+00,  6.6538295952137965,#ffffff
 7.48590948334991e+00,  6.6303211993908686,#ffffff
 7.50672305252724e+00,  6.6067472339008138,#ffffff
 7.52746238497955e+00,  6.5831079318751895,#ffffff
 7.54812727560799e+00,  6.5594035270916793,#ffffff
 7.56871752004992e+00,  6.5356342539717938,#ffffff
 7.58923291468089e+00,  6.5118003475785571,#ffffff
 7.60967325661667e+00,  6.4879020436141746,#ffffff
 7.63003834371527e+00,  6.4639395784176923,#ffffff
 7.65032797457890e+00,  6.4399131889626844,#ffffff
 7.67054194855599e+00,  6.4158231128548842,#ffffff
 7.69068006574317e+00,  6.3916695883298482,#ffffff
 7.71074212698725e+00,  6.3674528542506073,#ffffff
 7.73072793388717e+00,  6.3431731501052795,#ffffff
 7.75063728879601e+00,  6.3188307160047232,#ffffff
 7.77046999482288e+00,  6.2944257926801583,#ffffff
 7.79022585583491e+00,  6.2699586214807859,#ffffff
 7.80990467645918e+00,  6.2454294443713891,#ffffff
 7.82950626208463e+00,  6.2208385039299614,#ffffff
 7.84903041886404e+00,  6.1961860433452873,#ffffff
 7.86847695371590e+00,  6.1714723064145538,#ffffff
 7.88784567432631e+00,  6.1466975375409234,#ffffff
 7.90713638915094e+00,  6.1218619817311382,#ffffff
 7.92634890741685e+00,  6.0969658845930699,#ffffff
 7.94548303912444e+00,  6.0720094923333159,#ffffff
 7.96453859504929e+00,  6.0469930517547557,#ffffff
 7.98351538674406e+00,  6.0219168102540985,#ffffff
 8.00241322654032e+00,  5.9967810158194501,#ffffff
 8.02123192755044e+00,  5.9715859170278618,#ffffff
 8.03997130366940e+00,  5.9463317630428678,#ffffff
 8.05863116957669e+00,  5.9210188036120117,#ffffff
 8.07721134073807e+00,  5.8956472890643958,#ffffff
 8.09571163340744e+00,  5.8702174703081864,#ffffff
 8.11413186462866e+00,  5.8447295988281525,#ffffff
 8.13247185223733e+00,  5.8191839266831513,#ffffff
 8.15073141486262e+00,  5.7935807065036720,#ffffff
 8.16891037192905e+00,  5.7679201914892975,#ffffff
 8.18700854365828e+00,  5.7422026354062350,#ffffff
 8.20502575107087e+00,  5.7164282925847889,#ffffff
 8.22296181598809e+00,  5.6905974179168410,#ffffff
 8.24081656103364e+00,  5.6647102668533398,#ffffff
 8.25858980963543e+00,  5.6387670954017786,#ffffff
 8.27628138602731e+00,  5.6127681601236539,#ffffff
 8.29389111525083e+00,  5.5867137181319206,#ffffff
 8.31141882315693e+00,  5.5606040270884787,#ffffff
 8.32886433640773e+00,  5.5344393452015854,#ffffff
 8.34622748247817e+00,  5.5082199312233415,#ffffff
 8.36350808965776e+00,  5.4819460444470991,#ffffff
 8.38070598705226e+00,  5.4556179447049216,#ffffff
 8.39782100458540e+00,  5.4292358923649946,#ffffff
 8.41485297300050e+00,  5.4028001483290691,#ffffff
 8.43180172386222e+00,  5.3763109740298729,#ffffff
 8.44866708955818e+00,  5.3497686314285193,#ffffff
 8.46544890330060e+00,  5.3231733830119223,#ffffff
 8.48214699912802e+00,  5.2965254917902049,#ffffff
 8.49876121190686e+00,  5.2698252212940977,#ffffff
 8.51529137733311e+00,  5.2430728355723213,#ffffff
 8.53173733193393e+00,  5.2162685991889806,#ffffff
 8.54809891306926e+00,  5.1894127772209586,#ffffff
 8.56437595893346e+00,  5.1625056352552869,#ffffff
 8.58056830855688e+00,  5.1355474393865173,#ffffff
 8.59667580180745e+00,  5.1085384562140890,#ffffff
 8.61269827939231e+00,  5.0814789528396940,#ffffff
 8.62863558285931e+00,  5.0543691968646440,#ffffff
 8.64448755459865e+00,  5.0272094563872187,#ffffff
 8.66025403784439e+00,  5.0000000000000036,#ffffff
 8.67593487667601e+00,  4.9727410967872432,#ffffff
 8.69152991601999e+00,  4.9454330163221876,#ffffff
 8.70703900165127e+00,  4.9180760286644185,#ffffff
 8.72246198019486e+00,  4.8906704043571727,#ffffff
 8.73779869912728e+00,  4.8632164144246701,#ffffff
 8.75304900677813e+00,  4.8357143303694441,#ffffff
 8.76821275233154e+00,  4.8081644241696466,#ffffff
 8.78328978582769e+00,  4.7805669682763616,#ffffff
 8.79827995816429e+00,  4.7529222356109022,#ffffff
 8.81318312109807e+00,  4.7252304995621204,#ffffff
 8.82799912724620e+00,  4.6974920339837078,#ffffff
 8.84272783008778e+00,  4.6697071131914818,#ffffff
 8.85736908396529e+00,  4.6418760119606643,#ffffff
 8.87192274408604e+00,  4.6139990055231737,#ffffff
 8.88638866652356e+00,  4.5860763695649087,#ffffff
 8.90076670821906e+00,  4.5581083802230147,#ffffff
 8.91505672698284e+00,  4.5300953140831455,#ffffff
 8.92925858149568e+00,  4.5020374481767353,#ffffff
 8.94337213131027e+00,  4.4739350599782695,#ffffff
 8.95739723685255e+00,  4.4457884274025252,#ffffff
 8.97133375942314e+00,  4.4175978288018323,#ffffff
 8.98518156119867e+00,  4.3893635429633084,#ffffff
 8.99894050523318e+00,  4.3610858491061117,#ffffff
 9.01261045545945e+00,  4.3327650268786853,#ffffff
 9.02619127669034e+00,  4.3044013563559824,#ffffff
 9.03968283462016e+00,  4.2759951180366951,#ffffff
 9.05308499582597e+00,  4.2475465928404796,#ffffff
 9.06639762776889e+00,  4.2190560621051940,#ffffff
 9.07962059879546e+00,  4.1905238075841016,#ffffff
 9.09275377813888e+00,  4.1619501114430815,#ffffff
 9.10579703592035e+00,  4.1333352562578423,#ffffff
 9.11875024315034e+00,  4.1046795250111394,#ffffff
 9.13161327172983e+00,  4.0759832010899615,#ffffff
 9.14438599445166e+00,  4.0472465682827359,#ffffff
 9.15706828500169e+00,  4.0184699107765152,#ffffff
 9.16966001796013e+00,  3.9896535131541651,#ffffff
 9.18216106880274e+00,  3.9607976603915680,#ffffff
 9.19457131390205e+00,  3.9319026378547912,#ffffff
 9.20689063052863e+00,  3.9029687312972587,#ffffff
 9.21911889685225e+00,  3.8739962268569328,#ffffff
 9.23125599194312e+00,  3.8449854110534911,#ffffff
 9.24330179577308e+00,  3.8159365707854871,#ffffff
 9.25525618921678e+00,  3.7868499933275053,#ffffff
 9.26711905405285e+00,  3.7577259663273250,#ffffff
 9.27889027296509e+00,  3.7285647778030868,#ffffff
 9.29056972954363e+00,  3.6993667161404313,#ffffff
 9.30215730828604e+00,  3.6701320700896547,#ffffff
 9.31365289459854e+00,  3.6408611287628414,#ffffff
 9.32505637479707e+00,  3.6115541816310124,#ffffff
 9.33636763610846e+00,  3.5822115185212740,#ffffff
 9.34758656667151e+00,  3.5528334296139379,#ffffff
 9.35871305553812e+00,  3.5234202054396473,#ffffff
 9.36974699267438e+00,  3.4939721368765113,#ffffff
 9.38068826896166e+00,  3.4644895151472355,#ffffff
 9.39153677619768e+00,  3.4349726318162350,#ffffff
 9.40229240709759e+00,  3.4054217787867413,#ffffff
 9.41295505529503e+00,  3.3758372482979255,#ffffff
 9.42352461534319e+00,  3.3462193329220153,#ffffff
 9.43400098271581e+00,  3.3165683255613891,#ffffff
 9.44438405380829e+00,  3.2868845194456897,#ffffff
 9.45467372593863e+00,  3.2571682081289088,#ffffff
 9.46486989734852e+00,  3.2274196854864940,#ffffff
 9.47497246720430e+00,  3.1976392457124527,#ffffff
 9.48498133559795e+00,  3.1678271833164295,#ffffff
 9.49489640354813e+00,  3.1379837931207906,#ffffff
 9.50471757300111e+00,  3.1081093702577141,#ffffff
 9.51444474683177e+00,  3.0782042101662781,#ffffff
 9.52407782884451e+00,  3.0482686085895345,#ffffff
 9.53361672377429e+00,  3.0183028615715726,#ffffff
 9.54306133728749e+00,  2.9883072654546003,#ffffff
 9.55241157598287e+00,  2.9582821168760254,#ffffff
 9.56166734739251e+00,  2.9282277127655028,#ffffff
 9.57082855998271e+00,  2.8981443503420130,#ffffff
 9.57989512315489e+00,  2.8680323271109058,#ffffff
 9.58886694724650e+00,  2.8378919408609700,#ffffff
 9.59774394353189e+00,  2.8077234896614929,#ffffff
 9.60652602422321e+00,  2.7775272718593076,#ffffff
 9.61521310247125e+00,  2.7473035860758328,#ffffff
 9.62380509236633e+00,  2.7170527312041282,#ffffff
 9.63230190893913e+00,  2.6867750064059459,#ffffff
 9.64070346816151e+00,  2.6564707111087662,#ffffff
 9.64900968694739e+00,  2.6261401450028243,#ffffff
 9.65722048315355e+00,  2.5957836080381593,#ffffff
 9.66533577558041e+00,  2.5654014004216519,#ffffff
 9.67335548397290e+00,  2.5349938226140467,#ffffff
 9.68127952902119e+00,  2.5045611753269865,#ffffff
 9.68910783236149e+00,  2.4741037595200281,#ffffff
 9.69684031657687e+00,  2.4436218763976711,#ffffff
 9.70447690519797e+00,  2.4131158274063926,#ffffff
 9.71201752270376e+00,  2.3825859142316523,#ffffff
 9.71946209452233e+00,  2.3520324387949043,#ffffff
 9.72681054703160e+00,  2.3214557032506185,#ffffff
 9.73406280756003e+00,  2.2908560099833002,#ffffff
 9.74121880438736e+00,  2.2602336616044933,#ffffff
 9.74827846674534e+00,  2.2295889609497768,#ffffff
 9.75524172481839e+00,  2.1989222110757800,#ffffff
 9.76210850974429e+00,  2.1682337152571929,#ffffff
 9.76887875361493e+00,  2.1375237769837558,#ffffff
 9.77555238947686e+00,  2.1067926999572646,#ffffff
 9.78212935133208e+00,  2.0760407880885565,#ffffff
 9.78860957413861e+00,  2.0452683454945104,#ffffff
 9.79499299381116e+00,  2.0144756764950520,#ffffff
 9.80127954722177e+00,  1.9836630856101312,#ffffff
 9.80746917220040e+00,  1.9528308775567047,#ffffff
 9.81356180753559e+00,  1.9219793572457313,#ffffff
 9.81955739297507e+00,  1.8911088297791634,#ffffff
 9.82545586922628e+00,  1.8602196004469229,#ffffff
 9.83125717795704e+00,  1.8293119747238720,#ffffff
 9.83696126179610e+00,  1.7983862582668018,#ffffff
 9.84256806433369e+00,  1.7674427569114175,#ffffff
 9.84807753012208e+00,  1.7364817766693028,#ffffff
 9.85348960467616e+00,  1.7055036237248988,#ffffff
 9.85880423447396e+00,  1.6745086044324664,#ffffff
 9.86402136695714e+00,  1.6434970253130634,#ffffff
 9.86914095053160e+00,  1.6124691930515227,#ffffff
 9.87416293456789e+00,  1.5814254144934106,#ffffff
 9.87908726940178e+00,  1.5503659966419829,#ffffff
 9.88391390633473e+00,  1.5192912466551589,#ffffff
 9.88864279763436e+00,  1.4882014718424907,#ffffff
 9.89327389653494e+00,  1.4570969796621172,#ffffff
 9.89780715723784e+00,  1.4259780777177138,#ffffff
 9.90224253491198e+00,  1.3948450737554592,#ffffff
 9.90657998569432e+00,  1.3636982756610005,#ffffff
 9.91081946669020e+00,  1.3325379914563964,#ffffff
 9.91496093597385e+00,  1.3013645292970786,#ffffff
 9.91900435258877e+00,  1.2701781974687916,#ffffff
 9.92294967654814e+00,  1.2389793043845527,#ffffff
 9.92679686883520e+00,  1.2077681585816114,#ffffff
 9.93054589140368e+00,  1.1765450687183880,#ffffff
 9.93419670717811e+00,  1.1453103435714138,#ffffff
 9.93774928005424e+00,  1.1140642920322854,#ffffff
 9.94120357489939e+00,  1.0828072231046191,#ffffff
 9.94455955755278e+00,  1.0515394459009859,#ffffff
 9.94781719482585e+00,  1.0202612696398465,#ffffff
 9.95097645450266e+00,  0.9889730036425014,#ffffff
 9.95403730534013e+00,  0.9576749573300409,#ffffff
 9.95699971706838e+00,  0.9263674402202726,#ffffff
 9.95986366039104e+00,  0.8950507619246678,#ffffff
 9.96262910698554e+00,  0.8637252321452881,#ffffff
 9.96529602950337e+00,  0.8323911606717299,#ffffff
 9.96786440157034e+00,  0.8010488573780710,#ffffff
 9.97033419778690e+00,  0.7696986322197963,#ffffff
 9.97270539372833e+00,  0.7383407952307243,#ffffff
 9.97497796594500e+00,  0.7069756565199494,#ffffff
 9.97715189196261e+00,  0.6756035262687847,#ffffff
 9.97922715028243e+00,  0.6442247147276846,#ffffff
 9.98120372038146e+00,  0.6128395322131643,#ffffff
 9.98308158271268e+00,  0.5814482891047618,#ffffff
 9.98486071870522e+00,  0.5500512958419322,#ffffff
 9.98654111076456e+00,  0.5186488629210098,#ffffff
 9.98812274227269e+00,  0.4872413008921234,#ffffff
 9.98960559758827e+00,  0.4558289203561167,#ffffff
 9.99098966204681e+00,  0.4244120319614852,#ffffff
 9.99227492196079e+00,  0.3929909464013134,#ffffff
 9.99346136461981e+00,  0.3615659744101927,#ffffff
 9.99454897829069e+00,  0.3301374267611404,#ffffff
 9.99553775221764e+00,  0.2987056142625345,#ffffff
 9.99642767662230e+00,  0.2672708477550493,#ffffff
 9.99721874270389e+00,  0.2358334381085722,#ffffff
 9.99791094263926e+00,  0.2043936962191166,#ffffff
 9.99850426958300e+00,  0.1729519330057777,#ffffff
 9.99899871766749e+00,  0.1415084594076226,#ffffff
 9.99939428200294e+00,  0.1100635863806465,#ffffff
 9.99969095867747e+00,  0.0786176248946841,#ffffff
 9.99988874475714e+00,  0.0471708859303251,#ffffff
 9.99998763828597e+00,  0.0157236804758482,#ffffff
 9.99998763828597e+00, -0.0157236804758457,#ffffff
 9.99988874475714e+00, -0.0471708859303182,#ffffff
 9.99969095867747e+00, -0.0786176248946772,#ffffff
 9.99939428200294e+00, -0.1100635863806441,#ffffff
 9.99899871766749e+00, -0.1415084594076201,#ffffff
 9.99850426958300e+00, -0.1729519330057707,#ffffff
 9.99791094263926e+00, -0.2043936962191141,#ffffff
 9.99721874270389e+00, -0.2358334381085654,#ffffff
 9.99642767662230e+00, -0.2672708477550468,#ffffff
 9.99553775221764e+00, -0.2987056142625321,#ffffff
 9.99454897829069e+00, -0.3301374267611335,#ffffff
 9.99346136461981e+00, -0.3615659744101858,#ffffff
 9.99227492196079e+00, -0.3929909464013109,#ffffff
 9.99098966204681e+00, -0.4244120319614827,#ffffff
 9.98960559758827e+00, -0.4558289203561098,#ffffff
 9.98812274227269e+00, -0.4872413008921166,#ffffff
 9.98654111076456e+00, -0.5186488629210074,#ffffff
 9.98486071870522e+00, -0.5500512958419298,#ffffff
 9.98308158271268e+00, -0.5814482891047549,#ffffff
 9.98120372038146e+00, -0.6128395322131620,#ffffff
 9.97922715028243e+00, -0.6442247147276776,#ffffff
 9.97715189196261e+00, -0.6756035262687822,#ffffff
 9.97497796594500e+00, -0.7069756565199470,#ffffff
 9.97270539372833e+00, -0.7383407952307174,#ffffff
 9.97033419778690e+00, -0.7696986322197894,#ffffff
 9.96786440157034e+00, -0.8010488573780684,#ffffff
 9.96529602950337e+00, -0.8323911606717274,#ffffff
 9.96262910698554e+00, -0.8637252321452811,#ffffff
 9.95986366039104e+00, -0.8950507619246610,#ffffff
 9.95699971706838e+00, -0.9263674402202702,#ffffff
 9.95403730534013e+00, -0.9576749573300386,#ffffff
 9.95097645450266e+00, -0.9889730036424944,#ffffff
 9.94781719482585e+00, -1.0202612696398397,#ffffff
 9.94455955755278e+00, -1.0515394459009790,#ffffff
 9.94120357489939e+00, -1.0828072231046164,#ffffff
 9.93774928005424e+00, -1.1140642920322830,#ffffff
 9.93419670717811e+00, -1.1453103435714072,#ffffff
 9.93054589140368e+00, -1.1765450687183812,#ffffff
 9.92679686883520e+00, -1.2077681585816089,#ffffff
 9.92294967654814e+00, -1.2389793043845505,#ffffff
 9.91900435258877e+00, -1.2701781974687849,#ffffff
 9.91496093597385e+00, -1.3013645292970715,#ffffff
 9.91081946669020e+00, -1.3325379914563940,#ffffff
 9.90657998569432e+00, -1.3636982756609981,#ffffff
 9.90224253491199e+00, -1.3948450737554521,#ffffff
 9.89780715723784e+00, -1.4259780777177069,#ffffff
 9.89327389653494e+00, -1.4570969796621105,#ffffff
 9.88864279763436e+00, -1.4882014718424883,#ffffff
 9.88391390633473e+00, -1.5192912466551565,#ffffff
 9.87908726940178e+00, -1.5503659966419761,#ffffff
 9.87416293456789e+00, -1.5814254144934037,#ffffff
 9.86914095053160e+00, -1.6124691930515203,#ffffff
 9.86402136695715e+00, -1.6434970253130610,#ffffff
 9.85880423447396e+00, -1.6745086044324595,#ffffff
 9.85348960467616e+00, -1.7055036237248919,#ffffff
 9.84807753012208e+00, -1.7364817766693004,#ffffff
 9.84256806433369e+00, -1.7674427569114153,#ffffff
 9.83696126179610e+00, -1.7983862582667993,#ffffff
 9.83125717795704e+00, -1.8293119747238651,#ffffff
 9.82545586922628e+00, -1.8602196004469160,#ffffff
 9.81955739297507e+00, -1.8911088297791612,#ffffff
 9.81356180753559e+00, -1.9219793572457289,#ffffff
 9.80746917220040e+00, -1.9528308775566980,#ffffff
 9.80127954722177e+00, -1.9836630856101243,#ffffff
 9.79499299381117e+00, -2.0144756764950493,#ffffff
 9.78860957413861e+00, -2.0452683454945082,#ffffff
 9.78212935133208e+00, -2.0760407880885494,#ffffff
 9.77555238947686e+00, -2.1067926999572579,#ffffff
 9.76887875361493e+00, -2.1375237769837532,#ffffff
 9.76210850974430e+00, -2.1682337152571902,#ffffff
 9.75524172481839e+00, -2.1989222110757773,#ffffff
 9.74827846674534e+00, -2.2295889609497701,#ffffff
 9.74121880438736e+00, -2.2602336616044867,#ffffff
 9.73406280756003e+00, -2.2908560099832980,#ffffff
 9.72681054703160e+00, -2.3214557032506158,#ffffff
 9.71946209452234e+00, -2.3520324387948972,#ffffff
 9.71201752270376e+00, -2.3825859142316457,#ffffff
 9.70447690519797e+00, -2.4131158274063900,#ffffff
 9.69684031657688e+00, -2.4436218763976689,#ffffff
 9.68910783236150e+00, -2.4741037595200210,#ffffff
 9.68127952902119e+00, -2.5045611753269799,#ffffff
 9.67335548397290e+00, -2.5349938226140440,#ffffff
 9.66533577558041e+00, -2.5654014004216492,#ffffff
 9.65722048315355e+00, -2.5957836080381562,#ffffff
 9.64900968694739e+00, -2.6261401450028177,#ffffff
 9.64070346816151e+00, -2.6564707111087591,#ffffff
 9.63230190893913e+00, -2.6867750064059432,#ffffff
 9.62380509236634e+00, -2.7170527312041255,#ffffff
 9.61521310247126e+00, -2.7473035860758261,#ffffff
 9.60652602422321e+00, -2.7775272718593009,#ffffff
 9.59774394353189e+00, -2.8077234896614907,#ffffff
 9.58886694724650e+00, -2.8378919408609677,#ffffff
 9.57989512315489e+00, -2.8680323271108992,#ffffff
 9.57082855998271e+00, -2.8981443503420063,#ffffff
 9.56166734739251e+00, -2.9282277127655005,#ffffff
 9.55241157598287e+00, -2.9582821168760232,#ffffff
 9.54306133728749e+00, -2.9883072654545986,#ffffff
 9.53361672377429e+00, -3.0183028615715655,#ffffff
 9.52407782884452e+00, -3.0482686085895279,#ffffff
 9.51444474683177e+00, -3.0782042101662754,#ffffff
 9.50471757300112e+00, -3.1081093702577114,#ffffff
 9.49489640354813e+00, -3.1379837931207843,#ffffff
 9.48498133559795e+00, -3.1678271833164229,#ffffff
 9.47497246720430e+00, -3.1976392457124501,#ffffff
 9.46486989734852e+00, -3.2274196854864918,#ffffff
 9.45467372593864e+00, -3.2571682081289022,#ffffff
 9.44438405380829e+00, -3.2868845194456831,#ffffff
 9.43400098271581e+00, -3.3165683255613869,#ffffff
 9.42352461534319e+00, -3.3462193329220131,#ffffff
 9.41295505529503e+00, -3.3758372482979233,#ffffff
 9.40229240709759e+00, -3.4054217787867347,#ffffff
 9.39153677619768e+00, -3.4349726318162284,#ffffff
 9.38068826896166e+00, -3.4644895151472332,#ffffff
 9.36974699267438e+00, -3.4939721368765086,#ffffff
 9.35871305553812e+00, -3.5234202054396406,#ffffff
 9.34758656667151e+00, -3.5528334296139312,#ffffff
 9.33636763610846e+00, -3.5822115185212717,#ffffff
 9.32505637479708e+00, -3.6115541816310106,#ffffff
 9.31365289459854e+00, -3.6408611287628343,#ffffff
 9.30215730828604e+00, -3.6701320700896485,#ffffff
 9.29056972954363e+00, -3.6993667161404291,#ffffff
 9.27889027296509e+00, -3.7285647778030846,#ffffff
 9.26711905405285e+00, -3.7577259663273228,#ffffff
 9.25525618921678e+00, -3.7868499933274991,#ffffff
 9.24330179577309e+00, -3.8159365707854809,#ffffff
 9.23125599194312e+00, -3.8449854110534885,#ffffff
 9.21911889685225e+00, -3.8739962268569301,#ffffff
 9.20689063052863e+00, -3.9029687312972525,#ffffff
 9.19457131390206e+00, -3.9319026378547850,#ffffff
 9.18216106880274e+00, -3.9607976603915658,#ffffff
 9.16966001796013e+00, -3.9896535131541628,#ffffff
 9.15706828500169e+00, -4.0184699107765081,#ffffff
 9.14438599445166e+00, -4.0472465682827305,#ffffff
 9.13161327172983e+00, -4.0759832010899588,#ffffff
 9.11875024315034e+00, -4.1046795250111368,#ffffff
 9.10579703592036e+00, -4.1333352562578396,#ffffff
 9.09275377813888e+00, -4.1619501114430744,#ffffff
 9.07962059879546e+00, -4.1905238075840954,#ffffff
 9.06639762776889e+00, -4.2190560621051914,#ffffff
 9.05308499582597e+00, -4.2475465928404734,#ffffff
 9.03968283462016e+00, -4.2759951180366889,#ffffff
 9.02619127669034e+00, -4.3044013563559798,#ffffff
 9.01261045545945e+00, -4.3327650268786826,#ffffff
 8.99894050523318e+00, -4.3610858491061091,#ffffff
 8.98518156119867e+00, -4.3893635429633022,#ffffff
 8.97133375942314e+00, -4.4175978288018305,#ffffff
 8.95739723685256e+00, -4.4457884274025234,#ffffff
 8.94337213131027e+00, -4.4739350599782677,#ffffff
 8.92925858149569e+00, -4.5020374481767291,#ffffff
 8.91505672698284e+00, -4.5300953140831393,#ffffff
 8.90076670821906e+00, -4.5581083802230085,#ffffff
 8.88638866652356e+00, -4.5860763695649069,#ffffff
 8.87192274408604e+00, -4.6139990055231674,#ffffff
 8.85736908396530e+00, -4.6418760119606581,#ffffff
 8.84272783008778e+00, -4.6697071131914800,#ffffff
 8.82799912724620e+00, -4.6974920339837052,#ffffff
 8.81318312109807e+00, -4.7252304995621177,#ffffff
 8.79827995816430e+00, -4.7529222356108960,#ffffff
 8.78328978582769e+00, -4.7805669682763590,#ffffff
 8.76821275233154e+00, -4.8081644241696440,#ffffff
 8.75304900677813e+00, -4.8357143303694423,#ffffff
 8.73779869912729e+00, -4.8632164144246639,#ffffff
 8.72246198019486e+00, -4.8906704043571665,#ffffff
 8.70703900165128e+00, -4.9180760286644132,#ffffff
 8.69152991601999e+00, -4.9454330163221858,#ffffff
 8.67593487667602e+00, -4.9727410967872370,#ffffff
 8.66025403784439e+00, -4.9999999999999973,#ffffff
 8.64448755459865e+00, -5.0272094563872169,#ffffff
 8.62863558285931e+00, -5.0543691968646423,#ffffff
 8.61269827939231e+00, -5.0814789528396922,#ffffff
 8.59667580180745e+00, -5.1085384562140836,#ffffff
 8.58056830855688e+00, -5.1355474393865155,#ffffff
 8.56437595893346e+00, -5.1625056352552843,#ffffff
 8.54809891306926e+00, -5.1894127772209568,#ffffff
 8.53173733193393e+00, -5.2162685991889735,#ffffff
 8.51529137733311e+00, -5.2430728355723142,#ffffff
 8.49876121190687e+00, -5.2698252212940924,#ffffff
 8.48214699912802e+00, -5.2965254917902023,#ffffff
 8.46544890330061e+00, -5.3231733830119161,#ffffff
 8.44866708955818e+00, -5.3497686314285140,#ffffff
 8.43180172386223e+00, -5.3763109740298711,#ffffff
 8.41485297300050e+00, -5.4028001483290664,#ffffff
 8.39782100458540e+00, -5.4292358923649919,#ffffff
 8.38070598705227e+00, -5.4556179447049153,#ffffff
 8.36350808965776e+00, -5.4819460444470973,#ffffff
 8.34622748247818e+00, -5.5082199312233362,#ffffff
 8.32886433640773e+00, -5.5344393452015828,#ffffff
 8.31141882315694e+00, -5.5606040270884725,#ffffff
 8.29389111525083e+00, -5.5867137181319180,#ffffff
 8.27628138602731e+00, -5.6127681601236477,#ffffff
 8.25858980963543e+00, -5.6387670954017768,#ffffff
 8.24081656103365e+00, -5.6647102668533345,#ffffff
 8.22296181598810e+00, -5.6905974179168348,#ffffff
 8.20502575107088e+00, -5.7164282925847862,#ffffff
 8.18700854365828e+00, -5.7422026354062332,#ffffff
 8.16891037192906e+00, -5.7679201914892966,#ffffff
 8.15073141486262e+00, -5.7935807065036657,#ffffff
 8.13247185223733e+00, -5.8191839266831487,#ffffff
 8.11413186462866e+00, -5.8447295988281471,#ffffff
 8.09571163340744e+00, -5.8702174703081846,#ffffff
 8.07721134073807e+00, -5.8956472890643905,#ffffff
 8.05863116957669e+00, -5.9210188036120091,#ffffff
 8.03997130366941e+00, -5.9463317630428625,#ffffff
 8.02123192755044e+00, -5.9715859170278591,#ffffff
 8.00241322654032e+00, -5.9967810158194474,#ffffff
 7.98351538674406e+00, -6.0219168102540932,#ffffff
 7.96453859504929e+00, -6.0469930517547530,#ffffff
 7.94548303912444e+00, -6.0720094923333150,#ffffff
 7.92634890741685e+00, -6.0969658845930681,#ffffff
 7.90713638915094e+00, -6.1218619817311328,#ffffff
 7.88784567432632e+00, -6.1466975375409216,#ffffff
 7.86847695371590e+00, -6.1714723064145485,#ffffff
 7.84903041886405e+00, -6.1961860433452856,#ffffff
 7.82950626208463e+00, -6.2208385039299561,#ffffff
 7.80990467645918e+00, -6.2454294443713865,#ffffff
 7.79022585583491e+00, -6.2699586214807805,#ffffff
 7.77046999482289e+00, -6.2944257926801566,#ffffff
 7.75063728879602e+00, -6.3188307160047206,#ffffff
 7.73072793388718e+00, -6.3431731501052742,#ffffff
 7.71074212698725e+00, -6.3674528542506046,#ffffff
 7.69068006574317e+00, -6.3916695883298473,#ffffff
 7.67054194855599e+00, -6.4158231128548815,#ffffff
 7.65032797457890e+00, -6.4399131889626808,#ffffff
 7.63003834371527e+00, -6.4639395784176914,#ffffff
 7.60967325661668e+00, -6.4879020436141701,#ffffff
 7.58923291468089e+00, -6.5118003475785553,#ffffff
 7.56871752004992e+00, -6.5356342539717893,#ffffff
 7.54812727560799e+00, -6.5594035270916740,#ffffff
 7.52746238497955e+00, -6.5831079318751842,#ffffff
 7.50672305252725e+00, -6.6067472339008129,#ffffff
 7.48590948334991e+00, -6.6303211993908659,#ffffff
 7.46502188328052e+00, -6.6538295952137902,#ffffff
 7.44406045888419e+00, -6.6772721888864837,#ffffff
 7.42302541745610e+00, -6.7006487485765707,#ffffff
 7.40191696701944e+00, -6.7239590431047240,#ffffff
 7.38073531632339e+00, -6.7472028419469225,#ffffff
 7.35948067484103e+00, -6.7703799152367612,#ffffff
 7.33815325276728e+00, -6.7934900337676938,#ffffff
 7.31675326101679e+00, -6.8165329689953271,#ffffff
 7.29528091122189e+00, -6.8395084930396530,#ffffff
 7.27373641573049e+00, -6.8624163786873336,#ffffff
 7.25211998760398e+00, -6.8852563993939171,#ffffff
 7.23043184061510e+00, -6.9080283292861075,#ffffff
 7.20867218924585e+00, -6.9307319431639698,#ffffff
 7.18684124868538e+00, -6.9533670165031767,#ffffff
 7.16493923482783e+00, -6.9759333254572287,#ffffff
 7.14296636427021e+00, -6.9984306468596502,#ffffff
 7.12092285431026e+00, -7.0208587582262236,#ffffff
 7.09880892294429e+00, -7.0432174377571606,#ffffff
 7.07662478886505e+00, -7.0655064643393217,#ffffff
 7.05437067145953e+00, -7.0877256175483794,#ffffff
 7.03204679080684e+00, -7.1098746776510211,#ffffff
 7.00965336767598e+00, -7.1319534256070982,#ffffff
 6.98719062352368e+00, -7.1539616430718178,#ffffff
 6.96465878049222e+00, -7.1758991123978744,#ffffff
 6.94205806140723e+00, -7.1977656166376320,#ffffff
 6.91938868977546e+00, -7.2195609395452447,#ffffff
 6.89665088978262e+00, -7.2412848655788000,#ffffff
 6.87384488629110e+00, -7.2629371799024698,#ffffff
 6.85097090483781e+00, -7.2845176683886059,#ffffff
 6.82802917163189e+00, -7.3060261176198864,#ffffff
 6.80501991355253e+00, -7.3274623148913944,#ffffff
 6.78194335814666e+00, -7.3488260482127572,#ffffff
 6.75879973362679e+00, -7.3701171063102091,#ffffff
 6.73558926886866e+00, -7.3913352786287092,#ffffff
 6.71231219340903e+00, -7.4124803553339991,#ffffff
 6.68896873744340e+00, -7.4335521273146989,#ffffff
 6.66555913182372e+00, -7.4545503861843576,#ffffff
 6.64208360805614e+00, -7.4754749242835326,#ffffff
 6.61854239829868e+00, -7.4963255346818247,#ffffff
 6.59493573535896e+00, -7.5171020111799303,#ffffff
 6.57126385269189e+00, -7.5378041483116940,#ffffff
 6.54752698439735e+00, -7.5584317413461175,#ffffff
 6.52372536521791e+00, -7.5789845862894083,#ffffff
 6.49985923053647e+00, -7.5994624798869745,#ffffff
 6.47592881637394e+00, -7.6198652196254528,#ffffff
 6.45193435938694e+00, -7.6401926037346897,#ffffff
 6.42787609686540e+00, -7.6604444311897790,#ffffff
 6.40375426673027e+00, -7.6806205017129905,#ffffff
 6.37956910753112e+00, -7.7007206157758068,#ffffff
 6.35532085844384e+00, -7.7207445746008583,#ffffff
 6.33100975926822e+00, -7.7406921801639044,#ffffff
 6.30663605042557e+00, -7.7605632351957885,#ffffff
 6.28219997295642e+00, -7.7803575431843957,#ffffff
 6.25770176851806e+00, -7.8000749083765850,#ffffff
 6.23314167938217e+00, -7.8197151357801271,#ffffff
 6.20851994843244e+00, -7.8392780311656560,#ffffff
 6.18383681916216e+00, -7.8587634010685425,#ffffff
 6.15909253567180e+00, -7.8781710527908633,#ffffff
 6.13428734266662e+00, -7.8975007944032569,#ffffff
 6.10942148545423e+00, -7.9167524347468525,#ffffff
 6.08449520994217e+00, -7.9359257834351480,#ffffff
 6.05950876263548e+00, -7.9550206508559000,#ffffff
 6.03446239063427e+00, -7.9740368481729860,#ffffff
 6.00935634163123e+00, -7.9929741873282998,#ffffff
 5.98419086390927e+00, -8.0118324810435730,#ffffff
 5.95896620633898e+00, -8.0306115428222515,#ffffff
 5.93368261837621e+00, -8.0493111869513445,#ffffff
 5.90834035005958e+00, -8.0679312285032410,#ffffff
 5.88293965200805e+00, -8.0864714833375491,#ffffff
 5.85748077541839e+00, -8.1049317681029205,#ffffff
 5.83196397206273e+00, -8.1233119002388605,#ffffff
 5.80638949428606e+00, -8.1416116979775257,#ffffff
 5.78075759500371e+00, -8.1598309803455429,#ffffff
 5.75506852769891e+00, -8.1779695671657713,#ffffff
 5.72932254642021e+00, -8.1960272790591109,#ffffff
 5.70351990577902e+00, -8.2140039374462486,#ffffff
 5.67766086094708e+00, -8.2318993645494505,#ffffff
 5.65174566765393e+00, -8.2497133833943010,#ffffff
 5.62577458218437e+00, -8.2674458178114634,#ffffff
 5.59974786137595e+00, -8.2850964924384236,#ffffff
 5.57366576261643e+00, -8.3026652327212052,#ffffff
 5.54752854384117e+00, -8.3201518649161343,#ffffff
 5.52133646353071e+00, -8.3375562160915102,#ffffff
 5.49508978070807e+00, -8.3548781141293595,#ffffff
 5.46878875493628e+00, -8.3721173877271031,#ffffff
 5.44243364631579e+00, -8.3892738663992716,#ffffff
 5.41602471548190e+00, -8.4063473804791808,#ffffff
 5.38956222360216e+00, -8.4233377611206190,#ffffff
 5.36304643237383e+00, -8.4402448402994992,#ffffff
 5.33647760402123e+00, -8.4570684508155587,#ffffff
 5.30985600129321e+00, -8.4738084262939619,#ffffff
 5.28318188746052e+00, -8.4904646011869751,#ffffff
 5.25645552631321e+00, -8.5070368107756114,#ffffff
 5.22967718215803e+00, -8.5235248911712382,#ffffff
 5.20284711981579e+00, -8.5399286793172067,#ffffff
 5.17596560461878e+00, -8.5562480129904657,#ffffff
 5.14903290240813e+00, -8.5724827308031699,#ffffff
 5.12204927953115e+00, -8.5886326722042590,#ffffff
 5.09501500283873e+00, -8.6046976774810755,#ffffff
 5.06793033968273e+00, -8.6206775877609090,#ffffff
 5.04079555791325e+00, -8.6365722450126032,#ffffff
 5.01361092587606e+00, -8.6523814920480806,#ffffff
 4.98637671240992e+00, -8.6681051725239264,#ffffff
 4.95909318684390e+00, -8.6837431309429256,#ffffff
 4.93176061899474e+00, -8.6992952126555974,#ffffff
 4.90437927916420e+00, -8.7147612638617247,#ffffff
 4.87694943813635e+00, -8.7301411316118802,#ffffff
 4.84947136717488e+00, -8.7454346638089415,#ffffff
 4.82194533802048e+00, -8.7606417092095779,#ffffff
 4.79437162288810e+00, -8.7757621174257725,#ffffff
 4.76675049446428e+00, -8.7907957389262865,#ffffff
 4.73908222590443e+00, -8.8057424250381455,#ffffff
 4.71136709083018e+00, -8.8206020279481141,#ffffff
 4.68360536332660e+00, -8.8353744007041524,#ffffff
 4.65579731793957e+00, -8.8500593972168744,#ffffff
 4.62794322967299e+00, -8.8646568722609853,#ffffff
 4.60004337398611e+00, -8.8791666814767289,#ffffff
 4.57209802679080e+00, -8.8935886813713001,#ffffff
 4.54410746444878e+00, -8.9079227293202816,#ffffff
 4.51607196376895e+00, -8.9221686835690370,#ffffff
 4.48799180200462e+00, -8.9363264032341210,#ffffff
 4.45986725685076e+00, -8.9503957483046790,#ffffff
 4.43169860644126e+00, -8.9643765796438188,#ffffff
 4.40348612934620e+00, -8.9782687589899890,#ffffff
 4.37523010456905e+00, -8.9920721489583659,#ffffff
 4.34693081154396e+00, -9.0057866130421793,#ffffff
 4.31858853013298e+00, -9.0194120156140922,#ffffff
 4.29020354062327e+00, -9.0329482219275210,#ffffff
 4.26177612372436e+00, -9.0463950981179782,#ffffff
 4.23330656056535e+00, -9.0597525112043993,#ffffff
 4.20479513269214e+00, -9.0730203290904434,#ffffff
 4.17624212206467e+00, -9.0861984205658199,#ffffff
 4.14764781105407e+00, -9.0992866553075658,#ffffff
 4.11901248243993e+00, -9.1122849038813563,#ffffff
 4.09033641940747e+00, -9.1251930377427577,#ffffff
 4.06161990554473e+00, -9.1380109292385292,#ffffff
 4.03286322483982e+00, -9.1507384516078574,#ffffff
 4.00406666167804e+00, -9.1633754789836299,#ffffff
 3.97523050083913e+00, -9.1759218863936649,#ffffff
 3.94635502749441e+00, -9.1883775497619613,#ffffff
 3.91744052720397e+00, -9.2007423459099140,#ffffff
 3.88848728591388e+00, -9.2130161525575396,#ffffff
 3.85949558995329e+00, -9.2251988483246858,#ffffff
 3.83046572603168e+00, -9.2372903127322221,#ffffff
 3.80139798123597e+00, -9.2492904262032489,#ffffff
 3.77229264302770e+00, -9.2611990700642579,#ffffff
 3.74314999924019e+00, -9.2730161265463220,#ffffff
 3.71397033807568e+00, -9.2847414787862572,#ffffff
 3.68475394810250e+00, -9.2963750108277718,#ffffff
 3.65550111825220e+00, -9.3079166076226176,#ffffff
 3.62621213781667e+00, -9.3193661550317373,#ffffff
 3.59688729644537e+00, -9.3307235398263693,#ffffff
 3.56752688414232e+00, -9.3419886496891955,#ffffff
 3.53813119126339e+00, -9.3531613732154266,#ffffff
 3.50870050851331e+00, -9.3642415999139210,#ffffff
 3.47923512694284e+00, -9.3752292202082739,#ffffff
 3.44973533794591e+00, -9.3861241254378935,#ffffff
 3.42020143325669e+00, -9.3969262078590852,#ffffff
 3.39063370494676e+00, -9.4076353606461076,#ffffff
 3.36103244542216e+00, -9.4182514778922481,#ffffff
 3.33139794742058e+00, -9.4287744546108385,#ffffff
 3.30173050400837e+00, -9.4392041867363279,#ffffff
 3.27203040857772e+00, -9.4495405711252811,#ffffff
 3.24229795484371e+00, -9.4597835055574233,#ffffff
 3.21253343684144e+00, -9.4699328887366327,#ffffff
 3.18273714892308e+00, -9.4799886202919552,#ffffff
 3.15290938575502e+00, -9.4899506007785881,#ffffff
 3.12305044231490e+00, -9.4998187316788698,#ffffff
 3.09316061388869e+00, -9.5095929154032532,#ffffff
 3.06324019606784e+00, -9.5192730552912614,#ffffff
 3.03328948474627e+00, -9.5288590556124646,#ffffff
 3.00330877611751e+00, -9.5383508215674020,#ffffff
 2.97329836667173e+00, -9.5477482592885341,#ffffff
 2.94325855319282e+00, -9.5570512758411681,#ffffff
 2.91318963275547e+00, -9.5662597792243780,#ffffff
 2.88309190272222e+00, -9.5753736783719070,#ffffff
 2.85296566074050e+00, -9.5843928831530860,#ffffff
 2.82281120473973e+00, -9.5933173043736986,#ffffff
 2.79262883292831e+00, -9.6021468537768921,#ffffff
 2.76241884379075e+00, -9.6108814440440256,#ffffff
 2.73218153608466e+00, -9.6195209887955464,#ffffff
 2.70191720883782e+00, -9.6280654025918437,#ffffff
 2.67162616134521e+00, -9.6365146009340865,#ffffff
 2.64130869316606e+00, -9.6448685002650709,#ffffff
 2.61096510412089e+00, -9.6531270179700321,#ffffff
 2.58059569428851e+00, -9.6612900723774793,#ffffff
 2.55020076400311e+00, -9.6693575827599805,#ffffff
 2.51978061385126e+00, -9.6773294693349872,#ffffff
 2.48933554466892e+00, -9.6852056532655979,#ffffff
 2.45886585753851e+00, -9.6929860566613542,#ffffff
 2.42837185378587e+00, -9.7006706025790077,#ffffff
 2.39785383497736e+00, -9.7082592150232774,#ffffff
 2.36731210291679e+00, -9.7157518189476040,#ffffff
 2.33674695964253e+00, -9.7231483402548893,#ffffff
 2.30615870742440e+00, -9.7304487057982385,#ffffff
 2.27554764876083e+00, -9.7376528433816656,#ffffff
 2.24491408637573e+00, -9.7447606817608303,#ffffff
 2.21425832321560e+00, -9.7517721506437205,#ffffff
 2.18358066244646e+00, -9.7586871806913607,#ffffff
 2.15288140745090e+00, -9.7655057035184925,#ffffff
 2.12216086182508e+00, -9.7722276516942568,#ffffff
 2.09141932937568e+00, -9.7788529587428492,#ffffff
 2.06065711411693e+00, -9.7853815591441968,#ffffff
 2.02987452026762e+00, -9.7918133883345781,#ffffff
 1.99907185224805e+00, -9.7981483827072928,#ffffff
 1.96824941467706e+00, -9.8043864796132656,#ffffff
 1.93740751236898e+00, -9.8105276173616787,#ffffff
 1.90654645033065e+00, -9.8165717352205810,#ffffff
 1.87566653375837e+00, -9.8225187734174817,#ffffff
 1.84476806803492e+00, -9.8283686731399484,#ffffff
 1.81385135872652e+00, -9.8341213765361850,#ffffff
 1.78291671157976e+00, -9.8397768267156156,#ffffff
 1.75196443251870e+00, -9.8453349677494177,#ffffff
 1.72099482764170e+00, -9.8507957446711139,#ffffff
 1.69000820321850e+00, -9.8561591034770828,#ffffff
 1.65900486568714e+00, -9.8614249911271141,#ffffff
 1.62798512165095e+00, -9.8665933555449197,#ffffff
 1.59694927787549e+00, -9.8716641456186576,#ffffff
 1.56589764128557e+00, -9.8766373112014332,#ffffff
 1.53483051896217e+00, -9.8815128031117947,#ffffff
 1.50374821813937e+00, -9.8862905731342270,#ffffff
 1.47265104620142e+00, -9.8909705740196134,#ffffff
 1.44153931067959e+00, -9.8955527594857191,#ffffff
 1.41041331924920e+00, -9.9000370842176384,#ffffff
 1.37927337972654e+00, -9.9044235038682444,#ffffff
 1.34811980006584e+00, -9.9087119750586368,#ffffff
 1.31695288835624e+00, -9.9129024553785534,#ffffff
 1.28577295281869e+00, -9.9169949033868061,#ffffff
 1.25458030180296e+00, -9.9209892786116836,#ffffff
 1.22337524378457e+00, -9.9248855415513511,#ffffff
 1.19215808736174e+00, -9.9286836536742378,#ffffff
 1.16092914125231e+00, -9.9323835774194293,#ffffff
 1.12968871429073e+00, -9.9359852761970284,#ffffff
 1.09843711542500e+00, -9.9394887143885224,#ffffff
 1.06717465371359e+00, -9.9428938573471299,#ffffff
 1.03590163832239e+00, -9.9462006713981488,#ffffff
 1.00461837852168e+00, -9.9494091238392883,#ffffff
 9.73325183683029e-01, -9.9525191829409891,#ffffff
 9.42022363276272e-01, -9.9555308179467445,#ffffff
 9.10710226866416e-01, -9.9584439990733955,#ffffff
 8.79389084110618e-01, -9.9612586975114290,#ffffff
 8.48059244755096e-01, -9.9639748854252659,#ffffff
 8.16721018632068e-01, -9.9665925359535290,#ffffff
 7.85374715656696e-01, -9.9691116232093204,#ffffff
 7.54020645824014e-01, -9.9715321222804647,#ffffff
 7.22659119205874e-01, -9.9738540092297612,#ffffff
 6.91290445947848e-01, -9.9760772610952273,#ffffff
 6.59914936266214e-01, -9.9782018558903065,#ffffff
 6.28532900444827e-01, -9.9802277726041115,#ffffff
 5.97144648832104e-01, -9.9821549912016074,#ffffff
 5.65750491837927e-01, -9.9839834926238300,#ffffff
 5.34350739930575e-01, -9.9857132587880599,#ffffff
 5.02945703633661e-01, -9.9873442725880057,#ffffff
 4.71535693523063e-01, -9.9888765178939778,#ffffff
 4.40121020223820e-01, -9.9903099795530430,#ffffff
 4.08701994407118e-01, -9.9916446433891775,#ffffff
 3.77278926787180e-01, -9.9928804962033997,#ffffff
 3.45852128118180e-01, -9.9940175257739128,#ffffff
 3.14421909191210e-01, -9.9950557208562145,#ffffff
 2.82988580831183e-01, -9.9959950711832164,#ffffff
 2.51552453893759e-01, -9.9968355674653395,#ffffff
 2.20113839262274e-01, -9.9975772013906052,#ffffff
 1.88673047844676e-01, -9.9982199656247310,#ffffff
 1.57230390570413e-01, -9.9987638538111838,#ffffff
 1.25786178387421e-01, -9.9992088605712546,#ffffff
 9.43407222589755e-02, -9.9995549815041098,#ffffff
 6.28943331606834e-02, -9.9998022131868325,#ffffff
 3.14473220773675e-02, -9.9999505531744575,#ffffff
 1.83690953073357e-15,-10.0000000000000000,#ffffff
 1.81137648825637e-15, -9.8610000000000007,#ffffff
 3.10102043004921e-02, -9.8609512404853330,#ffffff
 6.20201019297499e-02, -9.8608049624235363,#ffffff
 9.30293862195670e-02, -9.8605611672612028,#ffffff
 1.24037750507827e-01, -9.8602198574093158,#ffffff
 1.55044888141484e-01, -9.8597810362432092,#ffffff
 1.86050492479635e-01, -9.8592447081025494,#ffffff
 2.17054256896528e-01, -9.8586108782912767,#ffffff
 2.48055874784636e-01, -9.8578795530775718,#ffffff
 2.79055039557630e-01, -9.8570507396937703,#ffffff
 3.10051444653453e-01, -9.8561244463363149,#ffffff
 3.41044783537328e-01, -9.8551006821656557,#ffffff
 3.72034749704830e-01, -9.8539794573061741,#ffffff
 4.03021036684859e-01, -9.8527607828460688,#ffffff
 4.34003338042709e-01, -9.8514446708372567,#ffffff
 4.64981347383092e-01, -9.8500311342952518,#ffffff
 4.95954758353153e-01, -9.8485201871990338,#ffffff
 5.26923264645540e-01, -9.8469118444909061,#ffffff
 5.57886560001379e-01, -9.8452061220763589,#ffffff
 5.88844338213338e-01, -9.8434030368239060,#ffffff
 6.19796293128635e-01, -9.8415026065649140,#ffffff
 6.50742118652105e-01, -9.8395048500934319,#ffffff
 6.81681508749173e-01, -9.8374097871660027,#ffffff
 7.12614157448913e-01, -9.8352174385014681,#ffffff
 7.43539758847060e-01, -9.8329278257807662,#ffffff
 7.74458007109068e-01, -9.8305409716467107,#ffffff
 8.05368596473082e-01, -9.8280568997037765,#ffffff
 8.36271221253000e-01, -9.8254756345178542,#ffffff
 8.67165575841481e-01, -9.8227972016160212,#ffffff
 8.98051354712964e-01, -9.8200216274862768,#ffffff
 9.28928252426723e-01, -9.8171489395772866,#ffffff
 9.59795963629835e-01, -9.8141791662981106,#ffffff
 9.90654183060233e-01, -9.8111123370179225,#ffffff
 1.02150260554971e+00, -9.8079484820657150,#ffffff
 1.05234092602697e+00, -9.8046876327300048,#ffffff
 1.08316883952059e+00, -9.8013298212585234,#ffffff
 1.11398604116209e+00, -9.7978750808578905,#ffffff
 1.14479222618889e+00, -9.7943234456933013,#ffffff
 1.17558708994741e+00, -9.7906749508881674,#ffffff
 1.20637032789597e+00, -9.7869296325237869,#ffffff
 1.23714163560790e+00, -9.7830875276389815,#ffffff
 1.26790070877451e+00, -9.7791486742297309,#ffffff
 1.29864724320808e+00, -9.7751131112487926,#ffffff
 1.32938093484493e+00, -9.7709808786053234,#ffffff
 1.36010147974834e+00, -9.7667520171644764,#ffffff
 1.39080857411163e+00, -9.7624265687470135,#ffffff
 1.42150191426114e+00, -9.7580045761288687,#ffffff
 1.45218119665921e+00, -9.7534860830407428,#ffffff
 1.48284611790723e+00, -9.7488711341676613,#ffffff
 1.51349637474859e+00, -9.7441597751485425,#ffffff
 1.54413166407170e+00, -9.7393520525757342,#ffffff
 1.57475168291302e+00, -9.7344480139945588,#ffffff
 1.60535612846000e+00, -9.7294477079028461,#ffffff
 1.63594469805409e+00, -9.7243511837504482,#ffffff
 1.66651708919376e+00, -9.7191584919387530,#ffffff
 1.69707299953747e+00, -9.7138696838201888,#ffffff
 1.72761212690668e+00, -9.7084848116977032,#ffffff
 1.75813416928880e+00, -9.7030039288242680,#ffffff
 1.78863882484022e+00, -9.6974270894023338,#ffffff
 1.81912579188924e+00, -9.6917543485833040,#ffffff
 1.84959476893913e+00, -9.6859857624669790,#ffffff
 1.88004545467105e+00, -9.6801213881010160,#ffffff
 1.91047754794705e+00, -9.6741612834803536,#ffffff
 1.94089074781304e+00, -9.6681055075466436,#ffffff
 1.97128475350180e+00, -9.6619541201876640,#ffffff
 2.00165926443590e+00, -9.6557071822367284,#ffffff
 2.03201398023070e+00, -9.6493647554720923,#ffffff
 2.06234860069736e+00, -9.6429269026163240,#ffffff
 2.09266282584571e+00, -9.6363936873357066,#ffffff
 2.12295635588734e+00, -9.6297651742395871,#ffffff
 2.15322889123845e+00, -9.6230414288797501,#ffffff
 2.18348013252290e+00, -9.6162225177497742,#ffffff
 2.21370978057510e+00, -9.6093085082843572,#ffffff
 2.24391753644305e+00, -9.6022994688586625,#ffffff
 2.27410310139120e+00, -9.5951954687876437,#ffffff
 2.30426617690350e+00, -9.5879965783253471,#ffffff
 2.33440646468625e+00, -9.5807028686642326,#ffffff
 2.36452366667117e+00, -9.5733144119344544,#ffffff
 2.39461748501825e+00, -9.5658312812031596,#ffffff
 2.42468762211872e+00, -9.5582535504737631,#ffffff
 2.45473378059802e+00, -9.5505812946852053,#ffffff
 2.48475566331872e+00, -9.5428145897112326,#ffffff
 2.51475297338346e+00, -9.5349535123596194,#ffffff
 2.54472541413789e+00, -9.5269981403714326,#ffffff
 2.57467268917361e+00, -9.5189485524202500,#ffffff
 2.60459450233105e+00, -9.5108048281113859,#ffffff
 2.63449055770251e+00, -9.5025670479811026,#ffffff
 2.66436055963498e+00, -9.4942352934958176,#ffffff
 2.69420421273309e+00, -9.4858096470512887,#ffffff
 2.72402122186206e+00, -9.4772901919718144,#ffffff
 2.75381129215060e+00, -9.4686770125093975,#ffffff
 2.78357412899384e+00, -9.4599701938429082,#ffffff
 2.81330943805621e+00, -9.4511698220772580,#ffffff
 2.84301692527438e+00, -9.4422759842425386,#ffffff
 2.87269629686017e+00, -9.4332887682931599,#ffffff
 2.90234725930344e+00, -9.4242082631069763,#ffffff
 2.93196951937499e+00, -9.4150345584844235,#ffffff
 2.96156278412948e+00, -9.4057677451476174,#ffffff
 2.99112676090829e+00, -9.3964079147394557,#ffffff
 3.02066115734249e+00, -9.3869551598227172,#ffffff
 3.05016568135564e+00, -9.3774095738791488,#ffffff
 3.07964004116672e+00, -9.3677712513085343,#ffffff
 3.10908394529303e+00, -9.3580402874277659,#ffffff
 3.13849710255305e+00, -9.3482167784698973,#ffffff
 3.16787922206934e+00, -9.3383008215831929,#ffffff
 3.19723001327139e+00, -9.3282925148301761,#ffffff
 3.22654918589849e+00, -9.3181919571866398,#ffffff
 3.25583645000265e+00, -9.3079992485406962,#ffffff
 3.28509151595143e+00, -9.2977144896917512,#ffffff
 3.31431409443080e+00, -9.2873377823495460,#ffffff
 3.34350389644800e+00, -9.2768692291331281,#ffffff
 3.37266063333442e+00, -9.2663089335698441,#ffffff
 3.40178401674846e+00, -9.2556570000943079,#ffffff
 3.43087375867834e+00, -9.2449135340473791,#ffffff
 3.45992957144497e+00, -9.2340786416751186,#ffffff
 3.48895116770483e+00, -9.2231524301277332,#ffffff
 3.51793826045274e+00, -9.2121350074585191,#ffffff
 3.54689056302477e+00, -9.2010264826227868,#ffffff
 3.57580778910102e+00, -9.1898269654767972,#ffffff
 3.60468965270849e+00, -9.1785365667766641,#ffffff
 3.63353586822387e+00, -9.1671553981772664,#ffffff
 3.66234615037643e+00, -9.1556835722311281,#ffffff
 3.69112021425075e+00, -9.1441212023873284,#ffffff
 3.71985777528962e+00, -9.1324684029903658,#ffffff
 3.74855854929679e+00, -9.1207252892790276,#ffffff
 3.77722225243984e+00, -9.1088919773852481,#ffffff
 3.80584860125294e+00, -9.0969685843329735,#ffffff
 3.83443731263968e+00, -9.0849552280369910,#ffffff
 3.86298810387584e+00, -9.0728520273017672,#ffffff
 3.89150069261224e+00, -9.0606591018202707,#ffffff
 3.91997479687747e+00, -9.0483765721727938,#ffffff
 3.94841013508072e+00, -9.0360045598257575,#ffffff
 3.97680642601454e+00, -9.0235431871305103,#ffffff
 4.00516338885765e+00, -9.0109925773221171,#ffffff
 4.03348074317770e+00, -8.9983528545181368,#ffffff
 4.06175820893401e+00, -8.9856241437174056,#ffffff
 4.08999550648042e+00, -8.9728065707987916,#ffffff
 4.11819235656797e+00, -8.9599002625199553,#ffffff
 4.14634848034772e+00, -8.9469053465160862,#ffffff
 4.17446359937349e+00, -8.9338219512986576,#ffffff
 4.20253743560459e+00, -8.9206502062541393,#ffffff
 4.23056971140861e+00, -8.9073902416427302,#ffffff
 4.25856014956412e+00, -8.8940421885970604,#ffffff
 4.28650847326350e+00, -8.8806061791208961,#ffffff
 4.31441440611554e+00, -8.8670823460878463,#ffffff
 4.34227767214829e+00, -8.8534708232400288,#ffffff
 4.37009799581173e+00, -8.8397717451867699,#ffffff
 4.39787510198054e+00, -8.8259852474032456,#ffffff
 4.42560871595676e+00, -8.8121114662291671,#ffffff
 4.45329856347257e+00, -8.7981505388674268,#ffffff
 4.48094437069293e+00, -8.7841026033827330,#ffffff
 4.50854586421840e+00, -8.7699677987002431,#ffffff
 4.53610277108770e+00, -8.7557462646042037,#ffffff
 4.56361481878054e+00, -8.7414381417365590,#ffffff
 4.59108173522021e+00, -8.7270435715955603,#ffffff
 4.61850324877637e+00, -8.7125626965343645,#ffffff
 4.64587908826764e+00, -8.6979956597596360,#ffffff
 4.67320898296436e+00, -8.6833426053301164,#ffffff
 4.70049266259123e+00, -8.6686036781552112,#ffffff
 4.72772985732995e+00, -8.6537790239935592,#ffffff
 4.75492029782199e+00, -8.6388687894515694,#ffffff
 4.78206371517115e+00, -8.6238731219819975,#ffffff
 4.80915984094625e+00, -8.6087921698824754,#ffffff
 4.83620840718382e+00, -8.5936260822940476,#ffffff
 4.86320914639072e+00, -8.5783750091996840,#ffffff
 4.89016179154677e+00, -8.5630391014228202,#ffffff
 4.91706607610742e+00, -8.5476185106258438,#ffffff
 4.94392173400639e+00, -8.5321133893086127,#ffffff
 4.97072849965825e+00, -8.5165238908069316,#ffffff
 4.99748610796114e+00, -8.5008501692910379,#ffffff
 5.02419429429928e+00, -8.4850923797640885,#ffffff
 5.05085279454567e+00, -8.4692506780606198,#ffffff
 5.07746134506465e+00, -8.4533252208450058,#ffffff
 5.10401968271458e+00, -8.4373161656099001,#ffffff
 5.13052754485035e+00, -8.4212236706746975,#ffffff
 5.15698466932603e+00, -8.4050478951839587,#ffffff
 5.18339079449746e+00, -8.3887889991058309,#ffffff
 5.20974565922481e+00, -8.3724471432304810,#ffffff
 5.23604900287523e+00, -8.3560224891684758,#ffffff
 5.26230056532533e+00, -8.3395151993492238,#ffffff
 5.28850008696383e+00, -8.3229254370193431,#ffffff
 5.31464730869409e+00, -8.3062533662410427,#ffffff
 5.34074197193670e+00, -8.2894991518905208,#ffffff
 5.36678381863200e+00, -8.2726629596563228,#ffffff
 5.39277259124266e+00, -8.2557449560376970,#ffffff
 5.41870803275622e+00, -8.2387453083429669,#ffffff
 5.44458988668763e+00, -8.2216641846878442,#ffffff
 5.47041789708178e+00, -8.2045017539938012,#ffffff
 5.49619180851606e+00, -8.1872581859863800,#ffffff
 5.52191136610283e+00, -8.1699336511935297,#ffffff
 5.54757631549201e+00, -8.1525283209438850,#ffffff
 5.57318640287354e+00, -8.1350423673651218,#ffffff
 5.59874137497992e+00, -8.1174759633822138,#ffffff
 5.62424097908869e+00, -8.0998292827157474,#ffffff
 5.64968496302496e+00, -8.0821024998801949,#ffffff
 5.67507307516389e+00, -8.0642957901821735,#ffffff
 5.70040506443316e+00, -8.0464093297187418,#ffffff
 5.72568068031548e+00, -8.0284432953756379,#ffffff
 5.75089967285106e+00, -8.0103978648255403,#ffffff
 5.77606179264008e+00, -7.9922732165262911,#ffffff
 5.80116679084514e+00, -7.9740695297191566,#ffffff
 5.82621441919376e+00, -7.9557869844270455,#ffffff
 5.85120442998078e+00, -7.9374257614527215,#ffffff
 5.87613657607087e+00, -7.9189860423770284,#ffffff
 5.90101061090093e+00, -7.9004680095570690,#ffffff
 5.92582628848256e+00, -7.8818718461244375,#ffffff
 5.95058336340444e+00, -7.8631977359833876,#ffffff
 5.97528159083485e+00, -7.8444458638090033,#ffffff
 5.99992072652398e+00, -7.8256164150454000,#ffffff
 6.02450052680642e+00, -7.8067095759038709,#ffffff
 6.04902074860356e+00, -7.7877255333610522,#ffffff
 6.07348114942596e+00, -7.7686644751570766,#ffffff
 6.09788148737580e+00, -7.7495265897936960,#ffffff
 6.12222152114923e+00, -7.7303120665324538,#ffffff
 6.14650101003876e+00, -7.7110210953927840,#ffffff
 6.17071971393566e+00, -7.6916538671501513,#ffffff
 6.19487739333233e+00, -7.6722105733341328,#ffffff
 6.21897380932466e+00, -7.6526914062265678,#ffffff
 6.24300872361439e+00, -7.6330965588596262,#ffffff
 6.26698189851148e+00, -7.6134262250139066,#ffffff
 6.29089309693644e+00, -7.5936805992165297,#ffffff
 6.31474208242271e+00, -7.5738598767391858,#ffffff
 6.33852861911897e+00, -7.5539642535962415,#ffffff
 6.36225247179146e+00, -7.5339939265427782,#ffffff
 6.38591340582634e+00, -7.5139490930726591,#ffffff
 6.40951118723201e+00, -7.4938299514165463,#ffffff
 6.43304558264138e+00, -7.4736367005399860,#ffffff
 6.45651635931423e+00, -7.4533695401414102,#ffffff
 6.47992328513947e+00, -7.4330286706501623,#ffffff
 6.50326612863747e+00, -7.4126142932245322,#ffffff
 6.52654465896233e+00, -7.3921266097497478,#ffffff
 6.54975864590416e+00, -7.3715658228359926,#ffffff
 6.57290785989137e+00, -7.3509321358163984,#ffffff
 6.59599207199293e+00, -7.3302257527450285,#ffffff
 6.61901105392064e+00, -7.3094468783948594,#ffffff
 6.64196457803139e+00, -7.2885957182557704,#ffffff
 6.66485241732938e+00, -7.2676724785325009,#ffffff
 6.68767434546843e+00, -7.2466773661426007,#ffffff
 6.71043013675414e+00, -7.2256105887144075,#ffffff
 6.73311956614621e+00, -7.2044723545849703,#ffffff
 6.75574240926057e+00, -7.1832628727980046,#ffffff
 6.77829844237166e+00, -7.1619823531018261,#ffffff
 6.80078744241464e+00, -7.1406310059472586,#ffffff
 6.82320918698758e+00, -7.1192090424855659,#ffffff
 6.84556345435367e+00, -7.0977166745663700,#ffffff
 6.86785002344338e+00, -7.0761541147355480,#ffffff
 6.89006867385670e+00, -7.0545215762331219,#ffffff
 6.91221918586528e+00, -7.0328192729911629,#ffffff
 6.93430134041463e+00, -7.0110474196316730,#ffffff
 6.95631491912624e+00, -6.9892062314644603,#ffffff
 6.97825970429982e+00, -6.9672959244850059,#ffffff
 7.00013547891536e+00, -6.9453167153723401,#ffffff
 7.02194202663534e+00, -6.9232688214868796,#ffffff
 7.04367913180686e+00, -6.9011524608683015,#ffffff
 7.06534657946373e+00, -6.8789678522333739,#ffffff
 7.08694415532866e+00, -6.8567152149737867,#ffffff
 7.10847164581534e+00, -6.8343947691539917,#ffffff
 7.12992883803055e+00, -6.8120067355090317,#ffffff
 7.15131551977628e+00, -6.7895513354423462,#ffffff
 7.17263147955183e+00, -6.7670287910235833,#ffffff
 7.19387650655590e+00, -6.7444393249864056,#ffffff
 7.21505039068865e+00, -6.7217831607262921,#ffffff
 7.23615292255381e+00, -6.6990605222983266,#ffffff
 7.25718389346074e+00, -6.6762716344149711,#ffffff
 7.27814309542649e+00, -6.6534167224438638,#ffffff
 7.29903032117787e+00, -6.6304960124055681,#ffffff
 7.31984536415346e+00, -6.6075097309713566,#ffffff
 7.34058801850570e+00, -6.5844581054609623,#ffffff
 7.36125807910292e+00, -6.5613413638403228,#ffffff
 7.38185534153134e+00, -6.5381597347193336,#ffffff
 7.40237960209712e+00, -6.5149134473495920,#ffffff
 7.42283065782833e+00, -6.4916027316221223,#ffffff
 7.44320830647704e+00, -6.4682278180651034,#ffffff
 7.46351234652122e+00, -6.4447889378415848,#ffffff
 7.48374257716683e+00, -6.4212863227472141,#ffffff
 7.50389879834970e+00, -6.3977202052079365,#ffffff
 7.52398081073763e+00, -6.3740908182776854,#ffffff
 7.54398841573225e+00, -6.3503983956361028,#ffffff
 7.56392141547106e+00, -6.3266431715861993,#ffffff
 7.58377961282934e+00, -6.3028253810520622,#ffffff
 7.60356281142213e+00, -6.2789452595765214,#ffffff
 7.62327081560615e+00, -6.2550030433188146,#ffffff
 7.64290343048175e+00, -6.2309989690522558,#ffffff
 7.66246046189485e+00, -6.2069332741619023,#ffffff
 7.68194171643881e+00, -6.1828061966422005,#ffffff
 7.70134700145639e+00, -6.1586179750946251,#ffffff
 7.72067612504166e+00, -6.1343688487253347,#ffffff
 7.73992889604184e+00, -6.1100590573427862,#ffffff
 7.75910512405925e+00, -6.0856888413553909,#ffffff
 7.77820461945318e+00, -6.0612584417691036,#ffffff
 7.79722719334174e+00, -6.0367681001850748,#ffffff
 7.81617265760375e+00, -6.0122180587972256,#ffffff
 7.83504082488061e+00, -5.9876085603898819,#ffffff
 7.85383150857811e+00, -5.9629398483353624,#ffffff
 7.87254452286832e+00, -5.9382121665915646,#ffffff
 7.89117968269141e+00, -5.9134257596995576,#ffffff
 7.90973680375749e+00, -5.8885808727811728,#ffffff
 7.92821570254840e+00, -5.8636777515365708,#ffffff
 7.94661619631958e+00, -5.8387166422418026,#ffffff
 7.96493810310181e+00, -5.8136977917463994,#ffffff
 7.98318124170308e+00, -5.7886214474709012,#ffffff
 8.00134543171032e+00, -5.7634878574044395,#ffffff
 8.01943049349123e+00, -5.7382972701022537,#ffffff
 8.03743624819603e+00, -5.7130499346832702,#ffffff
 8.05536251775924e+00, -5.6877461008275958,#ffffff
 8.07320912490143e+00, -5.6623860187740869,#ffffff
 8.09097589313099e+00, -5.6369699393178587,#ffffff
 8.10866264674586e+00, -5.6114981138077962,#ffffff
 8.12626921083528e+00, -5.5859707941440782,#ffffff
 8.14379541128150e+00, -5.5603882327756926,#ffffff
 8.16124107476153e+00, -5.5347506826979327,#ffffff
 8.17860602874884e+00, -5.5090583974498850,#ffffff
 8.19589010151506e+00, -5.4833116311119463,#ffffff
 8.21309312213167e+00, -5.4575106383032814,#ffffff
 8.23021492047173e+00, -5.4316556741793365,#ffffff
 8.24725532721152e+00, -5.4057469944292826,#ffffff
 8.26421417383224e+00, -5.3797848552735212,#ffffff
 8.28109129262166e+00, -5.3537695134611187,#ffffff
 8.29788651667580e+00, -5.3277012262672931,#ffffff
 8.31459967990054e+00, -5.3015802514908561,#ffffff
 8.33123061701332e+00, -5.2754068474516611,#ffffff
 8.34777916354473e+00, -5.2491812729880545,#ffffff
 8.36424515584014e+00, -5.2229037874543192,#ffffff
 8.38062843106136e+00, -5.1965746507181079,#ffffff
 8.39692882718818e+00, -5.1701941231578639,#ffffff
 8.41314618302005e+00, -5.1437624656602514,#ffffff
 8.42928033817760e+00, -5.1172799396175854,#ffffff
 8.44533113310429e+00, -5.0907468069252362,#ffffff
 8.46129840906794e+00, -5.0641633299790429,#ffffff
 8.47718200816233e+00, -5.0375297716727117,#ffffff
 8.49298177330876e+00, -5.0108463953952205,#ffffff
 8.50869754825757e+00, -4.9841134650282237,#ffffff
 8.52432917758973e+00, -4.9573312449434352,#ffffff
 8.53987650671835e+00, -4.9305000000000012,#ffffff
 8.55533938189022e+00, -4.9036199955418986,#ffffff
 8.57071765018731e+00, -4.8766914973953073,#ffffff
 8.58601115952832e+00, -4.8497147718659814,#ffffff
 8.60121975867015e+00, -4.8226900857366068,#ffffff
 8.61634329720942e+00, -4.7956177062641654,#ffffff
 8.63138162558391e+00, -4.7684979011773070,#ffffff
 8.64633459507413e+00, -4.7413309386736868,#ffffff
 8.66120205780468e+00, -4.7141170874173177,#ffffff
 8.67598386674581e+00, -4.6868566165359091,#ffffff
 8.69067987571481e+00, -4.6595497956182053,#ffffff
 8.70528993937748e+00, -4.6321968947113321,#ffffff
 8.71981391324956e+00, -4.6047981843181187,#ffffff
 8.73425165369818e+00, -4.5773539353944095,#ffffff
 8.74860301794324e+00, -4.5498644193463997,#ffffff
 8.76286786405888e+00, -4.5223299080279542,#ffffff
 8.77704605097481e+00, -4.4947506737379124,#ffffff
 8.79113743847778e+00, -4.4671269892173875,#ffffff
 8.80514188721290e+00, -4.4394591276470772,#ffffff
 8.81905925868506e+00, -4.4117473626445696,#ffffff
 8.83288941526031e+00, -4.3839919682616282,#ffffff
 8.84663222016716e+00, -4.3561932189814847,#ffffff
 8.86028753749801e+00, -4.3283513897161168,#ffffff
 8.87385523221044e+00, -4.3004667558035345,#ffffff
 8.88733517012856e+00, -4.2725395930050691,#ffffff
 8.90072721794435e+00, -4.2445701775026325,#ffffff
 8.91403124321894e+00, -4.2165587858959830,#ffffff
 8.92724711438399e+00, -4.1885056951999955,#ffffff
 8.94037470074291e+00, -4.1604111828419299,#ffffff
 8.95341387247221e+00, -4.1322755266586810,#ffffff
 8.96636450062275e+00, -4.1040990048940209,#ffffff
 8.97922645712106e+00, -4.0758818961958561,#ffffff
 8.99199961477055e+00, -4.0476244796134822,#ffffff
 9.00468384725279e+00, -4.0193270345948084,#ffffff
 9.01727902912878e+00, -3.9909898409836044,#ffffff
 9.02978503584017e+00, -3.9626131790167194,#ffffff
 9.04220174371049e+00, -3.9341973293213202,#ffffff
 9.05452902994638e+00, -3.9057425729121231,#ffffff
 9.06676677263882e+00, -3.8772491911886076,#ffffff
 9.07891485076428e+00, -3.8487174659322250,#ffffff
 9.09097314418601e+00, -3.8201476793036191,#ffffff
 9.10294153365512e+00, -3.7915401138398455,#ffffff
 9.11481990081184e+00, -3.7628950524515670,#ffffff
 9.12660812818667e+00, -3.7342127784202508,#ffffff
 9.13830609920152e+00, -3.7054935753953733,#ffffff
 9.14991369817088e+00, -3.6767377273916217,#ffffff
 9.16143081030297e+00, -3.6479455187860776,#ffffff
 9.17285732170087e+00, -3.6191172343154063,#ffffff
 9.18419311936362e+00, -3.5902531590730358,#ffffff
 9.19543809118740e+00, -3.5613535785063397,#ffffff
 9.20659212596656e+00, -3.5324187784138261,#ffffff
 9.21765511339478e+00, -3.5034490449423021,#ffffff
 9.22862694406614e+00, -3.4744446645840346,#ffffff
 9.23950750947621e+00, -3.4454059241739254,#ffffff
 9.25029670202309e+00, -3.4163331108866868,#ffffff
 9.26099441500853e+00, -3.3872265122339873,#ffffff
 9.27160054263893e+00, -3.3580864160616035,#ffffff
 9.28211498002643e+00, -3.3289131105465821,#ffffff
 9.29253762318992e+00, -3.2997068841943973,#ffffff
 9.30286836905606e+00, -3.2704680258360841,#ffffff
 9.31310711546035e+00, -3.2411968246253928,#ffffff
 9.32325376114809e+00, -3.2118935700359152,#ffffff
 9.33330820577538e+00, -3.1825585518582296,#ffffff
 9.34327034991016e+00, -3.1531920601970476,#ffffff
 9.35314009503314e+00, -3.1237943854683285,#ffffff
 9.36291734353881e+00, -3.0943658183964096,#ffffff
 9.37260199873640e+00, -3.0649066500111291,#ffffff
 9.38219396485081e+00, -3.0354171716449643,#ffffff
 9.39169314702358e+00, -3.0058976749301380,#ffffff
 9.40109945131383e+00, -2.9763484517957255,#ffffff
 9.41041278469919e+00, -2.9467697944647795,#ffffff
 9.41963305507671e+00, -2.9171619954514467,#ffffff
 9.42876017126376e+00, -2.8875253475580602,#ffffff
 9.43779404299895e+00, -2.8578601438722568,#ffffff
 9.44673458094304e+00, -2.8281666777640622,#ffffff
 9.45558169667977e+00, -2.7984452428830005,#ffffff
 9.46433530271680e+00, -2.7686961331551960,#ffffff
 9.47299531248651e+00, -2.7389196427804610,#ffffff
 9.48156164034690e+00, -2.7091160662293765,#ffffff
 9.49003420158244e+00, -2.6792856982403883,#ffffff
 9.49841291240487e+00, -2.6494288338169008,#ffffff
 9.50669768995406e+00, -2.6195457682243517,#ffffff
 9.51488845229882e+00, -2.5896367969872824,#ffffff
 9.52298511843771e+00, -2.5597022158864262,#ffffff
 9.53098760829985e+00, -2.5297423209557883,#ffffff
 9.53889584274568e+00, -2.4997574084797090,#ffffff
 9.54670974356779e+00, -2.4697477749899392,#ffffff
 9.55442923349167e+00, -2.4397137172626975,#ffffff
 9.56205423617646e+00, -2.4096555323157416,#ffffff
 9.56958467621572e+00, -2.3795735174054413,#ffffff
 9.57702047913818e+00, -2.3494679700238299,#ffffff
 9.58436157140848e+00, -2.3193391878956526,#ffffff
 9.59160788042786e+00, -2.2891874689754323,#ffffff
 9.59875933453494e+00, -2.2590131114445300,#ffffff
 9.60581586300638e+00, -2.2288164137081887,#ffffff
 9.61277739605758e+00, -2.1985976743925728,#ffffff
 9.61964386484341e+00, -2.1683571923418246,#ffffff
 9.62641520145885e+00, -2.1380952666151156,#ffffff
 9.63309133893968e+00, -2.1078121964836791,#ffffff
 9.63967221126313e+00, -2.0775082814278565,#ffffff
 9.64615775334857e+00, -2.0471838211341233,#ffffff
 9.65254790105809e+00, -2.0168391154921346,#ffffff
 9.65884259119719e+00, -1.9864744645917685,#ffffff
 9.66504176151538e+00, -1.9560901687201480,#ffffff
 9.67114535070681e+00, -1.9256865283586644,#ffffff
 9.67715329841085e+00, -1.8952638441800134,#ffffff
 9.68306554521271e+00, -1.8648224170452310,#ffffff
 9.68888203264403e+00, -1.8343625480007084,#ffffff
 9.69460270318344e+00, -1.8038845382752078,#ffffff
 9.70022750025714e+00, -1.7733886892768909,#ffffff
 9.70575636823945e+00, -1.7428753025903467,#ffffff
 9.71118925245339e+00, -1.7123446799735971,#ffffff
 9.71652609917117e+00, -1.6817971233551203,#ffffff
 9.72176685561477e+00, -1.6512329348308528,#ffffff
 9.72691146995644e+00, -1.6206524166612095,#ffffff
 9.73195989131921e+00, -1.5900558712681043,#ffffff
 9.73691206977740e+00, -1.5594436012319499,#ffffff
 9.74176795635710e+00, -1.5288159092886571,#ffffff
 9.74652750303668e+00, -1.4981730983266499,#ffffff
 9.75119066274724e+00, -1.4675154713838778,#ffffff
 9.75575738937310e+00, -1.4368433316448117,#ffffff
 9.76022763775223e+00, -1.4061569824374354,#ffffff
 9.76460136367671e+00, -1.3754567272302558,#ffffff
 9.76887852389317e+00, -1.3447428696293102,#ffffff
 9.77305907610320e+00, -1.3140157133751502,#ffffff
 9.77714297896381e+00, -1.2832755623398469,#ffffff
 9.78113019208778e+00, -1.2525227205239728,#ffffff
 9.78502067604412e+00, -1.2217574920536052,#ffffff
 9.78881439235839e+00, -1.1909801811773246,#ffffff
 9.79251130351317e+00, -1.1601910922632002,#ffffff
 9.79611137294833e+00, -1.1293905297957689,#ffffff
 9.79961456506149e+00, -1.0985787983730344,#ffffff
 9.80302084520829e+00, -1.0677562027034624,#ffffff
 9.80633017970279e+00, -1.0369230476029598,#ffffff
 9.80954253581777e+00, -1.0060796379918502,#ffffff
 9.81265788178507e+00, -0.9752262788918682,#ffffff
 9.81567618679590e+00, -0.9443632754231511,#ffffff
 9.81859742100113e+00, -0.9134909328012084,#ffffff
 9.82142155551161e+00, -0.8826095563339127,#ffffff
 9.82414856239845e+00, -0.8517194514184662,#ffffff
 9.82677841469327e+00, -0.8208209235383904,#ffffff
 9.82931108638852e+00, -0.7899142782605133,#ffffff
 9.83174655243766e+00, -0.7589998212319387,#ffffff
 9.83408478875550e+00, -0.7280778581770148,#ffffff
 9.83632577221836e+00, -0.6971486948943197,#ffffff
 9.83846948066433e+00, -0.6662126372536462,#ffffff
 9.84051589289351e+00, -0.6352699911929673,#ffffff
 9.84246498866816e+00, -0.6043210627153991,#ffffff
 9.84431674871298e+00, -0.5733661578862033,#ffffff
 9.84607115471522e+00, -0.5424055828297270,#ffffff
 9.84772818932494e+00, -0.5114396437264054,#ffffff
 9.84928783615510e+00, -0.4804686468097206,#ffffff
 9.85075007978180e+00, -0.4494928983631643,#ffffff
 9.85211490574437e+00, -0.4185127047172182,#ffffff
 9.85338230054554e+00, -0.3875283722463327,#ffffff
 9.85455225165159e+00, -0.3565402073658887,#ffffff
 9.85562474749245e+00, -0.3255485165291582,#ffffff
 9.85659977746181e+00, -0.2945536062242829,#ffffff
 9.85747733191725e+00, -0.2635557829712517,#ffffff
 9.85825740218030e+00, -0.2325553533188607,#ffffff
 9.85893998053658e+00, -0.2015526238416685,#ffffff
 9.85952506023580e+00, -0.1705479011369949,#ffffff
 9.86001263549191e+00, -0.1395414918218542,#ffffff
 9.86040270148310e+00, -0.1085337025299531,#ffffff
 9.86069525435185e+00, -0.0775248399086455,#ffffff
 9.86089029120502e+00, -0.0465152106158911,#ffffff
 9.86098781011380e+00, -0.0155051213172315,#ffffff
 9.86098781011380e+00,  0.0155051213172339,#ffffff
 9.86089029120502e+00,  0.0465152106158892,#ffffff
 9.86069525435185e+00,  0.0775248399086436,#ffffff
 9.86040270148310e+00,  0.1085337025299555,#ffffff
 9.86001263549191e+00,  0.1395414918218566,#ffffff
 9.85952506023580e+00,  0.1705479011369930,#ffffff
 9.85893998053658e+00,  0.2015526238416709,#ffffff
 9.85825740218030e+00,  0.2325553533188587,#ffffff
 9.85747733191725e+00,  0.2635557829712541,#ffffff
 9.85659977746181e+00,  0.2945536062242853,#ffffff
 9.85562474749245e+00,  0.3255485165291562,#ffffff
 9.85455225165159e+00,  0.3565402073658867,#ffffff
 9.85338230054554e+00,  0.3875283722463351,#ffffff
 9.85211490574436e+00,  0.4185127047172206,#ffffff
 9.85075007978180e+00,  0.4494928983631624,#ffffff
 9.84928783615510e+00,  0.4804686468097186,#ffffff
 9.84772818932494e+00,  0.5114396437264078,#ffffff
 9.84607115471522e+00,  0.5424055828297294,#ffffff
 9.84431674871298e+00,  0.5733661578862013,#ffffff
 9.84246498866816e+00,  0.6043210627154014,#ffffff
 9.84051589289351e+00,  0.6352699911929655,#ffffff
 9.83846948066433e+00,  0.6662126372536487,#ffffff
 9.83632577221836e+00,  0.6971486948943222,#ffffff
 9.83408478875550e+00,  0.7280778581770129,#ffffff
 9.83174655243766e+00,  0.7589998212319368,#ffffff
 9.82931108638852e+00,  0.7899142782605159,#ffffff
 9.82677841469327e+00,  0.8208209235383929,#ffffff
 9.82414856239845e+00,  0.8517194514184642,#ffffff
 9.82142155551161e+00,  0.8826095563339106,#ffffff
 9.81859742100113e+00,  0.9134909328012109,#ffffff
 9.81567618679590e+00,  0.9443632754231535,#ffffff
 9.81265788178507e+00,  0.9752262788918663,#ffffff
 9.80954253581777e+00,  1.0060796379918484,#ffffff
 9.80633017970279e+00,  1.0369230476029578,#ffffff
 9.80302084520829e+00,  1.0677562027034648,#ffffff
 9.79961456506149e+00,  1.0985787983730368,#ffffff
 9.79611137294833e+00,  1.1293905297957669,#ffffff
 9.79251130351317e+00,  1.1601910922631982,#ffffff
 9.78881439235839e+00,  1.1909801811773271,#ffffff
 9.78502067604412e+00,  1.2217574920536076,#ffffff
 9.78113019208779e+00,  1.2525227205239711,#ffffff
 9.77714297896381e+00,  1.2832755623398449,#ffffff
 9.77305907610320e+00,  1.3140157133751527,#ffffff
 9.76887852389317e+00,  1.3447428696293127,#ffffff
 9.76460136367671e+00,  1.3754567272302538,#ffffff
 9.76022763775223e+00,  1.4061569824374334,#ffffff
 9.75575738937310e+00,  1.4368433316448095,#ffffff
 9.75119066274724e+00,  1.4675154713838803,#ffffff
 9.74652750303668e+00,  1.4981730983266524,#ffffff
 9.74176795635710e+00,  1.5288159092886553,#ffffff
 9.73691206977740e+00,  1.5594436012319479,#ffffff
 9.73195989131921e+00,  1.5900558712681068,#ffffff
 9.72691146995644e+00,  1.6206524166612120,#ffffff
 9.72176685561477e+00,  1.6512329348308508,#ffffff
 9.71652609917117e+00,  1.6817971233551186,#ffffff
 9.71118925245338e+00,  1.7123446799735995,#ffffff
 9.70575636823945e+00,  1.7428753025903490,#ffffff
 9.70022750025714e+00,  1.7733886892768933,#ffffff
 9.69460270318344e+00,  1.8038845382752060,#ffffff
 9.68888203264403e+00,  1.8343625480007064,#ffffff
 9.68306554521271e+00,  1.8648224170452332,#ffffff
 9.67715329841085e+00,  1.8952638441800158,#ffffff
 9.67114535070681e+00,  1.9256865283586624,#ffffff
 9.66504176151538e+00,  1.9560901687201462,#ffffff
 9.65884259119719e+00,  1.9864744645917709,#ffffff
 9.65254790105809e+00,  2.0168391154921372,#ffffff
 9.64615775334857e+00,  2.0471838211341211,#ffffff
 9.63967221126313e+00,  2.0775082814278547,#ffffff
 9.63309133893968e+00,  2.1078121964836818,#ffffff
 9.62641520145885e+00,  2.1380952666151178,#ffffff
 9.61964386484341e+00,  2.1683571923418268,#ffffff
 9.61277739605758e+00,  2.1985976743925710,#ffffff
 9.60581586300638e+00,  2.2288164137081869,#ffffff
 9.59875933453494e+00,  2.2590131114445327,#ffffff
 9.59160788042786e+00,  2.2891874689754350,#ffffff
 9.58436157140848e+00,  2.3193391878956509,#ffffff
 9.57702047913818e+00,  2.3494679700238281,#ffffff
 9.56958467621572e+00,  2.3795735174054435,#ffffff
 9.56205423617646e+00,  2.4096555323157438,#ffffff
 9.55442923349167e+00,  2.4397137172626953,#ffffff
 9.54670974356779e+00,  2.4697477749899375,#ffffff
 9.53889584274568e+00,  2.4997574084797116,#ffffff
 9.53098760829985e+00,  2.5297423209557910,#ffffff
 9.52298511843771e+00,  2.5597022158864289,#ffffff
 9.51488845229882e+00,  2.5896367969872807,#ffffff
 9.50669768995406e+00,  2.6195457682243499,#ffffff
 9.49841291240487e+00,  2.6494288338169034,#ffffff
 9.49003420158244e+00,  2.6792856982403910,#ffffff
 9.48156164034691e+00,  2.7091160662293752,#ffffff
 9.47299531248651e+00,  2.7389196427804596,#ffffff
 9.46433530271680e+00,  2.7686961331551982,#ffffff
 9.45558169667977e+00,  2.7984452428830027,#ffffff
 9.44673458094304e+00,  2.8281666777640608,#ffffff
 9.43779404299895e+00,  2.8578601438722546,#ffffff
 9.42876017126375e+00,  2.8875253475580624,#ffffff
 9.41963305507671e+00,  2.9171619954514489,#ffffff
 9.41041278469919e+00,  2.9467697944647817,#ffffff
 9.40109945131383e+00,  2.9763484517957233,#ffffff
 9.39169314702358e+00,  3.0058976749301358,#ffffff
 9.38219396485081e+00,  3.0354171716449669,#ffffff
 9.37260199873640e+00,  3.0649066500111317,#ffffff
 9.36291734353881e+00,  3.0943658183964078,#ffffff
 9.35314009503314e+00,  3.1237943854683272,#ffffff
 9.34327034991016e+00,  3.1531920601970498,#ffffff
 9.33330820577538e+00,  3.1825585518582318,#ffffff
 9.32325376114809e+00,  3.2118935700359130,#ffffff
 9.31310711546036e+00,  3.2411968246253910,#ffffff
 9.30286836905606e+00,  3.2704680258360863,#ffffff
 9.29253762318992e+00,  3.2997068841943995,#ffffff
 9.28211498002643e+00,  3.3289131105465843,#ffffff
 9.27160054263893e+00,  3.3580864160616013,#ffffff
 9.26099441500853e+00,  3.3872265122339851,#ffffff
 9.25029670202309e+00,  3.4163331108866890,#ffffff
 9.23950750947621e+00,  3.4454059241739281,#ffffff
 9.22862694406614e+00,  3.4744446645840323,#ffffff
 9.21765511339478e+00,  3.5034490449422999,#ffffff
 9.20659212596656e+00,  3.5324187784138283,#ffffff
 9.19543809118739e+00,  3.5613535785063419,#ffffff
 9.18419311936362e+00,  3.5902531590730340,#ffffff
 9.17285732170087e+00,  3.6191172343154046,#ffffff
 9.16143081030297e+00,  3.6479455187860799,#ffffff
 9.14991369817088e+00,  3.6767377273916240,#ffffff
 9.13830609920151e+00,  3.7054935753953755,#ffffff
 9.12660812818667e+00,  3.7342127784202495,#ffffff
 9.11481990081184e+00,  3.7628950524515652,#ffffff
 9.10294153365511e+00,  3.7915401138398477,#ffffff
 9.09097314418600e+00,  3.8201476793036218,#ffffff
 9.07891485076428e+00,  3.8487174659322232,#ffffff
 9.06676677263882e+00,  3.8772491911886058,#ffffff
 9.05452902994638e+00,  3.9057425729121253,#ffffff
 9.04220174371049e+00,  3.9341973293213224,#ffffff
 9.02978503584017e+00,  3.9626131790167172,#ffffff
 9.01727902912878e+00,  3.9909898409836027,#ffffff
 9.00468384725279e+00,  4.0193270345948111,#ffffff
 8.99199961477055e+00,  4.0476244796134848,#ffffff
 8.97922645712106e+00,  4.0758818961958587,#ffffff
 8.96636450062275e+00,  4.1040990048940182,#ffffff
 8.95341387247221e+00,  4.1322755266586784,#ffffff
 8.94037470074291e+00,  4.1604111828419317,#ffffff
 8.92724711438399e+00,  4.1885056951999937,#ffffff
 8.91403124321894e+00,  4.2165587858959812,#ffffff
 8.90072721794435e+00,  4.2445701775026343,#ffffff
 8.88733517012856e+00,  4.2725395930050718,#ffffff
 8.87385523221044e+00,  4.3004667558035372,#ffffff
 8.86028753749801e+00,  4.3283513897161150,#ffffff
 8.84663222016716e+00,  4.3561932189814874,#ffffff
 8.83288941526030e+00,  4.3839919682616308,#ffffff
 8.81905925868506e+00,  4.4117473626445722,#ffffff
 8.80514188721290e+00,  4.4394591276470745,#ffffff
 8.79113743847778e+00,  4.4671269892173857,#ffffff
 8.77704605097482e+00,  4.4947506737379106,#ffffff
 8.76286786405888e+00,  4.5223299080279569,#ffffff
 8.74860301794325e+00,  4.5498644193463980,#ffffff
 8.73425165369818e+00,  4.5773539353944077,#ffffff
 8.71981391324956e+00,  4.6047981843181205,#ffffff
 8.70528993937748e+00,  4.6321968947113348,#ffffff
 8.69067987571481e+00,  4.6595497956182070,#ffffff
 8.67598386674581e+00,  4.6868566165359073,#ffffff
 8.66120205780468e+00,  4.7141170874173204,#ffffff
 8.64633459507413e+00,  4.7413309386736886,#ffffff
 8.63138162558391e+00,  4.7684979011773097,#ffffff
 8.61634329720942e+00,  4.7956177062641636,#ffffff
 8.60121975867015e+00,  4.8226900857366051,#ffffff
 8.58601115952832e+00,  4.8497147718659797,#ffffff
 8.57071765018731e+00,  4.8766914973953099,#ffffff
 8.55533938189022e+00,  4.9036199955418969,#ffffff
 8.53987650671835e+00,  4.9304999999999994,#ffffff
 8.52432917758973e+00,  4.9573312449434361,#ffffff
 8.50869754825757e+00,  4.9841134650282264,#ffffff
 8.49298177330875e+00,  5.0108463953952231,#ffffff
 8.47718200816233e+00,  5.0375297716727090,#ffffff
 8.46129840906793e+00,  5.0641633299790456,#ffffff
 8.44533113310429e+00,  5.0907468069252388,#ffffff
 8.42928033817760e+00,  5.1172799396175872,#ffffff
 8.41314618302005e+00,  5.1437624656602496,#ffffff
 8.39692882718818e+00,  5.1701941231578621,#ffffff
 8.38062843106136e+00,  5.1965746507181070,#ffffff
 8.36424515584014e+00,  5.2229037874543218,#ffffff
 8.34777916354473e+00,  5.2491812729880527,#ffffff
 8.33123061701332e+00,  5.2754068474516602,#ffffff
 8.31459967990054e+00,  5.3015802514908579,#ffffff
 8.29788651667580e+00,  5.3277012262672949,#ffffff
 8.28109129262166e+00,  5.3537695134611214,#ffffff
 8.26421417383224e+00,  5.3797848552735203,#ffffff
 8.24725532721152e+00,  5.4057469944292844,#ffffff
 8.23021492047173e+00,  5.4316556741793338,#ffffff
 8.21309312213167e+00,  5.4575106383032832,#ffffff
 8.19589010151506e+00,  5.4833116311119445,#ffffff
 8.17860602874884e+00,  5.5090583974498868,#ffffff
 8.16124107476153e+00,  5.5347506826979309,#ffffff
 8.14379541128150e+00,  5.5603882327756944,#ffffff
 8.12626921083528e+00,  5.5859707941440755,#ffffff
 8.10866264674586e+00,  5.6114981138077935,#ffffff
 8.09097589313099e+00,  5.6369699393178605,#ffffff
 8.07320912490143e+00,  5.6623860187740886,#ffffff
 8.05536251775924e+00,  5.6877461008275967,#ffffff
 8.03743624819603e+00,  5.7130499346832675,#ffffff
 8.01943049349123e+00,  5.7382972701022563,#ffffff
 8.00134543171032e+00,  5.7634878574044368,#ffffff
 7.98318124170308e+00,  5.7886214474709030,#ffffff
 7.96493810310181e+00,  5.8136977917463986,#ffffff
 7.94661619631958e+00,  5.8387166422418053,#ffffff
 7.92821570254840e+00,  5.8636777515365690,#ffffff
 7.90973680375749e+00,  5.8885808727811746,#ffffff
 7.89117968269141e+00,  5.9134257596995603,#ffffff
 7.87254452286832e+00,  5.9382121665915628,#ffffff
 7.85383150857811e+00,  5.9629398483353651,#ffffff
 7.83504082488061e+00,  5.9876085603898828,#ffffff
 7.81617265760375e+00,  6.0122180587972265,#ffffff
 7.79722719334174e+00,  6.0367681001850722,#ffffff
 7.77820461945318e+00,  6.0612584417691053,#ffffff
 7.75910512405925e+00,  6.0856888413553882,#ffffff
 7.73992889604184e+00,  6.1100590573427889,#ffffff
 7.72067612504166e+00,  6.1343688487253329,#ffffff
 7.70134700145639e+00,  6.1586179750946268,#ffffff
 7.68194171643881e+00,  6.1828061966421997,#ffffff
 7.66246046189485e+00,  6.2069332741619050,#ffffff
 7.64290343048175e+00,  6.2309989690522576,#ffffff
 7.62327081560615e+00,  6.2550030433188128,#ffffff
 7.60356281142212e+00,  6.2789452595765241,#ffffff
 7.58377961282934e+00,  6.3028253810520631,#ffffff
 7.56392141547106e+00,  6.3266431715862010,#ffffff
 7.54398841573225e+00,  6.3503983956361010,#ffffff
 7.52398081073763e+00,  6.3740908182776872,#ffffff
 7.50389879834971e+00,  6.3977202052079347,#ffffff
 7.48374257716682e+00,  6.4212863227472150,#ffffff
 7.46351234652123e+00,  6.4447889378415830,#ffffff
 7.44320830647704e+00,  6.4682278180651025,#ffffff
 7.42283065782833e+00,  6.4916027316221214,#ffffff
 7.40237960209712e+00,  6.5149134473495929,#ffffff
 7.38185534153134e+00,  6.5381597347193354,#ffffff
 7.36125807910292e+00,  6.5613413638403211,#ffffff
 7.34058801850570e+00,  6.5844581054609641,#ffffff
 7.31984536415345e+00,  6.6075097309713584,#ffffff
 7.29903032117787e+00,  6.6304960124055699,#ffffff
 7.27814309542650e+00,  6.6534167224438630,#ffffff
 7.25718389346074e+00,  6.6762716344149728,#ffffff
 7.23615292255381e+00,  6.6990605222983257,#ffffff
 7.21505039068865e+00,  6.7217831607262930,#ffffff
 7.19387650655590e+00,  6.7444393249864039,#ffffff
 7.17263147955183e+00,  6.7670287910235825,#ffffff
 7.15131551977628e+00,  6.7895513354423445,#ffffff
 7.12992883803054e+00,  6.8120067355090326,#ffffff
 7.10847164581533e+00,  6.8343947691539935,#ffffff
 7.08694415532866e+00,  6.8567152149737840,#ffffff
 7.06534657946373e+00,  6.8789678522333748,#ffffff
 7.04367913180685e+00,  6.9011524608683041,#ffffff
 7.02194202663534e+00,  6.9232688214868823,#ffffff
 7.00013547891536e+00,  6.9453167153723392,#ffffff
 6.97825970429982e+00,  6.9672959244850077,#ffffff
 6.95631491912625e+00,  6.9892062314644594,#ffffff
 6.93430134041462e+00,  7.0110474196316739,#ffffff
 6.91221918586528e+00,  7.0328192729911621,#ffffff
 6.89006867385670e+00,  7.0545215762331210,#ffffff
 6.86785002344338e+00,  7.0761541147355462,#ffffff
 6.84556345435367e+00,  7.0977166745663718,#ffffff
 6.82320918698758e+00,  7.1192090424855667,#ffffff
 6.80078744241464e+00,  7.1406310059472560,#ffffff
 6.77829844237166e+00,  7.1619823531018270,#ffffff
 6.75574240926056e+00,  7.1832628727980072,#ffffff
 6.73311956614621e+00,  7.2044723545849711,#ffffff
 6.71043013675415e+00,  7.2256105887144066,#ffffff
 6.68767434546843e+00,  7.2466773661426016,#ffffff
 6.66485241732938e+00,  7.2676724785325000,#ffffff
 6.64196457803139e+00,  7.2885957182557730,#ffffff
 6.61901105392064e+00,  7.3094468783948576,#ffffff
 6.59599207199293e+00,  7.3302257527450267,#ffffff
 6.57290785989137e+00,  7.3509321358163975,#ffffff
 6.54975864590416e+00,  7.3715658228359944,#ffffff
 6.52654465896233e+00,  7.3921266097497487,#ffffff
 6.50326612863747e+00,  7.4126142932245305,#ffffff
 6.47992328513947e+00,  7.4330286706501631,#ffffff
 6.45651635931423e+00,  7.4533695401414084,#ffffff
 6.43304558264138e+00,  7.4736367005399877,#ffffff
 6.40951118723201e+00,  7.4938299514165454,#ffffff
 6.38591340582634e+00,  7.5139490930726565,#ffffff
 6.36225247179146e+00,  7.5339939265427809,#ffffff
 6.33852861911897e+00,  7.5539642535962424,#ffffff
 6.31474208242271e+00,  7.5738598767391849,#ffffff
 6.29089309693644e+00,  7.5936805992165279,#ffffff
 6.26698189851147e+00,  7.6134262250139084,#ffffff
 6.24300872361439e+00,  7.6330965588596271,#ffffff
 6.21897380932466e+00,  7.6526914062265696,#ffffff
 6.19487739333233e+00,  7.6722105733341319,#ffffff
 6.17071971393566e+00,  7.6916538671501486,#ffffff
 6.14650101003876e+00,  7.7110210953927858,#ffffff
 6.12222152114923e+00,  7.7303120665324556,#ffffff
 6.09788148737580e+00,  7.7495265897936951,#ffffff
 6.07348114942596e+00,  7.7686644751570748,#ffffff
 6.04902074860355e+00,  7.7877255333610531,#ffffff
 6.02450052680642e+00,  7.8067095759038727,#ffffff
 5.99992072652398e+00,  7.8256164150453991,#ffffff
 5.97528159083485e+00,  7.8444458638090024,#ffffff
 5.95058336340445e+00,  7.8631977359833840,#ffffff
 5.92582628848256e+00,  7.8818718461244384,#ffffff
 5.90101061090093e+00,  7.9004680095570707,#ffffff
 5.87613657607087e+00,  7.9189860423770266,#ffffff
 5.85120442998077e+00,  7.9374257614527259,#ffffff
 5.82621441919375e+00,  7.9557869844270463,#ffffff
 5.80116679084514e+00,  7.9740695297191584,#ffffff
 5.77606179264008e+00,  7.9922732165262902,#ffffff
 5.75089967285106e+00,  8.0103978648255385,#ffffff
 5.72568068031548e+00,  8.0284432953756397,#ffffff
 5.70040506443316e+00,  8.0464093297187436,#ffffff
 5.67507307516389e+00,  8.0642957901821717,#ffffff
 5.64968496302496e+00,  8.0821024998801931,#ffffff
 5.62424097908869e+00,  8.0998292827157492,#ffffff
 5.59874137497992e+00,  8.1174759633822156,#ffffff
 5.57318640287354e+00,  8.1350423673651218,#ffffff
 5.54757631549201e+00,  8.1525283209438850,#ffffff
 5.52191136610283e+00,  8.1699336511935279,#ffffff
 5.49619180851606e+00,  8.1872581859863836,#ffffff
 5.47041789708178e+00,  8.2045017539938030,#ffffff
 5.44458988668763e+00,  8.2216641846878442,#ffffff
 5.41870803275622e+00,  8.2387453083429669,#ffffff
 5.39277259124266e+00,  8.2557449560377005,#ffffff
 5.36678381863200e+00,  8.2726629596563228,#ffffff
 5.34074197193670e+00,  8.2894991518905208,#ffffff
 5.31464730869410e+00,  8.3062533662410409,#ffffff
 5.28850008696383e+00,  8.3229254370193395,#ffffff
 5.26230056532533e+00,  8.3395151993492238,#ffffff
 5.23604900287523e+00,  8.3560224891684776,#ffffff
 5.20974565922481e+00,  8.3724471432304792,#ffffff
 5.18339079449745e+00,  8.3887889991058344,#ffffff
 5.15698466932603e+00,  8.4050478951839587,#ffffff
 5.13052754485035e+00,  8.4212236706746992,#ffffff
 5.10401968271459e+00,  8.4373161656098983,#ffffff
 5.07746134506465e+00,  8.4533252208450040,#ffffff
 5.05085279454566e+00,  8.4692506780606216,#ffffff
 5.02419429429927e+00,  8.4850923797640903,#ffffff
 4.99748610796114e+00,  8.5008501692910379,#ffffff
 4.97072849965825e+00,  8.5165238908069316,#ffffff
 4.94392173400639e+00,  8.5321133893086127,#ffffff
 4.91706607610742e+00,  8.5476185106258455,#ffffff
 4.89016179154676e+00,  8.5630391014228202,#ffffff
 4.86320914639072e+00,  8.5783750091996840,#ffffff
 4.83620840718382e+00,  8.5936260822940476,#ffffff
 4.80915984094625e+00,  8.6087921698824754,#ffffff
 4.78206371517115e+00,  8.6238731219819975,#ffffff
 4.75492029782199e+00,  8.6388687894515694,#ffffff
 4.72772985732995e+00,  8.6537790239935575,#ffffff
 4.70049266259122e+00,  8.6686036781552129,#ffffff
 4.67320898296436e+00,  8.6833426053301164,#ffffff
 4.64587908826764e+00,  8.6979956597596342,#ffffff
 4.61850324877637e+00,  8.7125626965343645,#ffffff
 4.59108173522021e+00,  8.7270435715955603,#ffffff
 4.56361481878054e+00,  8.7414381417365590,#ffffff
 4.53610277108770e+00,  8.7557462646042037,#ffffff
 4.50854586421840e+00,  8.7699677987002431,#ffffff
 4.48094437069294e+00,  8.7841026033827312,#ffffff
 4.45329856347256e+00,  8.7981505388674286,#ffffff
 4.42560871595676e+00,  8.8121114662291689,#ffffff
 4.39787510198054e+00,  8.8259852474032439,#ffffff
 4.37009799581173e+00,  8.8397717451867681,#ffffff
 4.34227767214828e+00,  8.8534708232400305,#ffffff
 4.31441440611553e+00,  8.8670823460878463,#ffffff
 4.28650847326350e+00,  8.8806061791208961,#ffffff
 4.25856014956413e+00,  8.8940421885970604,#ffffff
 4.23056971140860e+00,  8.9073902416427320,#ffffff
 4.20253743560459e+00,  8.9206502062541411,#ffffff
 4.17446359937349e+00,  8.9338219512986594,#ffffff
 4.14634848034772e+00,  8.9469053465160862,#ffffff
 4.11819235656797e+00,  8.9599002625199553,#ffffff
 4.08999550648042e+00,  8.9728065707987916,#ffffff
 4.06175820893401e+00,  8.9856241437174074,#ffffff
 4.03348074317770e+00,  8.9983528545181368,#ffffff
 4.00516338885765e+00,  9.0109925773221171,#ffffff
 3.97680642601454e+00,  9.0235431871305103,#ffffff
 3.94841013508071e+00,  9.0360045598257592,#ffffff
 3.91997479687747e+00,  9.0483765721727938,#ffffff
 3.89150069261224e+00,  9.0606591018202689,#ffffff
 3.86298810387584e+00,  9.0728520273017672,#ffffff
 3.83443731263967e+00,  9.0849552280369910,#ffffff
 3.80584860125294e+00,  9.0969685843329753,#ffffff
 3.77722225243984e+00,  9.1088919773852481,#ffffff
 3.74855854929679e+00,  9.1207252892790258,#ffffff
 3.71985777528962e+00,  9.1324684029903658,#ffffff
 3.69112021425075e+00,  9.1441212023873302,#ffffff
 3.66234615037643e+00,  9.1556835722311281,#ffffff
 3.63353586822387e+00,  9.1671553981772664,#ffffff
 3.60468965270849e+00,  9.1785365667766659,#ffffff
 3.57580778910102e+00,  9.1898269654767972,#ffffff
 3.54689056302477e+00,  9.2010264826227868,#ffffff
 3.51793826045274e+00,  9.2121350074585191,#ffffff
 3.48895116770483e+00,  9.2231524301277350,#ffffff
 3.45992957144497e+00,  9.2340786416751204,#ffffff
 3.43087375867833e+00,  9.2449135340473791,#ffffff
 3.40178401674846e+00,  9.2556570000943061,#ffffff
 3.37266063333442e+00,  9.2663089335698441,#ffffff
 3.34350389644799e+00,  9.2768692291331298,#ffffff
 3.31431409443079e+00,  9.2873377823495478,#ffffff
 3.28509151595143e+00,  9.2977144896917512,#ffffff
 3.25583645000265e+00,  9.3079992485406962,#ffffff
 3.22654918589849e+00,  9.3181919571866416,#ffffff
 3.19723001327138e+00,  9.3282925148301761,#ffffff
 3.16787922206934e+00,  9.3383008215831929,#ffffff
 3.13849710255306e+00,  9.3482167784698955,#ffffff
 3.10908394529303e+00,  9.3580402874277659,#ffffff
 3.07964004116672e+00,  9.3677712513085343,#ffffff
 3.05016568135564e+00,  9.3774095738791488,#ffffff
 3.02066115734249e+00,  9.3869551598227154,#ffffff
 2.99112676090829e+00,  9.3964079147394557,#ffffff
 2.96156278412947e+00,  9.4057677451476174,#ffffff
 2.93196951937499e+00,  9.4150345584844253,#ffffff
 2.90234725930344e+00,  9.4242082631069763,#ffffff
 2.87269629686017e+00,  9.4332887682931599,#ffffff
 2.84301692527438e+00,  9.4422759842425386,#ffffff
 2.81330943805621e+00,  9.4511698220772598,#ffffff
 2.78357412899384e+00,  9.4599701938429064,#ffffff
 2.75381129215060e+00,  9.4686770125093958,#ffffff
 2.72402122186205e+00,  9.4772901919718162,#ffffff
 2.69420421273308e+00,  9.4858096470512905,#ffffff
 2.66436055963498e+00,  9.4942352934958176,#ffffff
 2.63449055770252e+00,  9.5025670479811026,#ffffff
 2.60459450233105e+00,  9.5108048281113859,#ffffff
 2.57467268917360e+00,  9.5189485524202500,#ffffff
 2.54472541413789e+00,  9.5269981403714326,#ffffff
 2.51475297338346e+00,  9.5349535123596194,#ffffff
 2.48475566331872e+00,  9.5428145897112326,#ffffff
 2.45473378059802e+00,  9.5505812946852053,#ffffff
 2.42468762211872e+00,  9.5582535504737631,#ffffff
 2.39461748501825e+00,  9.5658312812031596,#ffffff
 2.36452366667118e+00,  9.5733144119344527,#ffffff
 2.33440646468625e+00,  9.5807028686642326,#ffffff
 2.30426617690350e+00,  9.5879965783253471,#ffffff
 2.27410310139120e+00,  9.5951954687876437,#ffffff
 2.24391753644305e+00,  9.6022994688586625,#ffffff
 2.21370978057510e+00,  9.6093085082843572,#ffffff
 2.18348013252290e+00,  9.6162225177497742,#ffffff
 2.15322889123845e+00,  9.6230414288797519,#ffffff
 2.12295635588734e+00,  9.6297651742395853,#ffffff
 2.09266282584571e+00,  9.6363936873357066,#ffffff
 2.06234860069736e+00,  9.6429269026163240,#ffffff
 2.03201398023070e+00,  9.6493647554720923,#ffffff
 2.00165926443590e+00,  9.6557071822367284,#ffffff
 1.97128475350180e+00,  9.6619541201876622,#ffffff
 1.94089074781304e+00,  9.6681055075466436,#ffffff
 1.91047754794705e+00,  9.6741612834803536,#ffffff
 1.88004545467105e+00,  9.6801213881010160,#ffffff
 1.84959476893913e+00,  9.6859857624669772,#ffffff
 1.81912579188924e+00,  9.6917543485833040,#ffffff
 1.78863882484021e+00,  9.6974270894023338,#ffffff
 1.75813416928880e+00,  9.7030039288242680,#ffffff
 1.72761212690668e+00,  9.7084848116977032,#ffffff
 1.69707299953747e+00,  9.7138696838201870,#ffffff
 1.66651708919376e+00,  9.7191584919387530,#ffffff
 1.63594469805408e+00,  9.7243511837504482,#ffffff
 1.60535612846000e+00,  9.7294477079028461,#ffffff
 1.57475168291303e+00,  9.7344480139945588,#ffffff
 1.54413166407171e+00,  9.7393520525757342,#ffffff
 1.51349637474859e+00,  9.7441597751485425,#ffffff
 1.48284611790723e+00,  9.7488711341676613,#ffffff
 1.45218119665921e+00,  9.7534860830407411,#ffffff
 1.42150191426114e+00,  9.7580045761288687,#ffffff
 1.39080857411163e+00,  9.7624265687470135,#ffffff
 1.36010147974834e+00,  9.7667520171644782,#ffffff
 1.32938093484493e+00,  9.7709808786053216,#ffffff
 1.29864724320809e+00,  9.7751131112487926,#ffffff
 1.26790070877451e+00,  9.7791486742297309,#ffffff
 1.23714163560790e+00,  9.7830875276389833,#ffffff
 1.20637032789597e+00,  9.7869296325237869,#ffffff
 1.17558708994741e+00,  9.7906749508881656,#ffffff
 1.14479222618889e+00,  9.7943234456933013,#ffffff
 1.11398604116209e+00,  9.7978750808578905,#ffffff
 1.08316883952059e+00,  9.8013298212585234,#ffffff
 1.05234092602697e+00,  9.8046876327300048,#ffffff
 1.02150260554971e+00,  9.8079484820657150,#ffffff
 9.90654183060231e-01,  9.8111123370179225,#ffffff
 9.59795963629833e-01,  9.8141791662981124,#ffffff
 9.28928252426725e-01,  9.8171489395772866,#ffffff
 8.98051354712966e-01,  9.8200216274862768,#ffffff
 8.67165575841478e-01,  9.8227972016160212,#ffffff
 8.36271221252997e-01,  9.8254756345178542,#ffffff
 8.05368596473080e-01,  9.8280568997037765,#ffffff
 7.74458007109070e-01,  9.8305409716467107,#ffffff
 7.43539758847062e-01,  9.8329278257807662,#ffffff
 7.12614157448910e-01,  9.8352174385014699,#ffffff
 6.81681508749170e-01,  9.8374097871660027,#ffffff
 6.50742118652107e-01,  9.8395048500934319,#ffffff
 6.19796293128637e-01,  9.8415026065649140,#ffffff
 5.88844338213335e-01,  9.8434030368239060,#ffffff
 5.57886560001377e-01,  9.8452061220763607,#ffffff
 5.26923264645542e-01,  9.8469118444909061,#ffffff
 4.95954758353155e-01,  9.8485201871990338,#ffffff
 4.64981347383090e-01,  9.8500311342952536,#ffffff
 4.34003338042707e-01,  9.8514446708372567,#ffffff
 4.03021036684856e-01,  9.8527607828460688,#ffffff
 3.72034749704832e-01,  9.8539794573061741,#ffffff
 3.41044783537330e-01,  9.8551006821656557,#ffffff
 3.10051444653450e-01,  9.8561244463363149,#ffffff
 2.79055039557628e-01,  9.8570507396937703,#ffffff
 2.48055874784638e-01,  9.8578795530775700,#ffffff
 2.17054256896530e-01,  9.8586108782912767,#ffffff
 1.86050492479633e-01,  9.8592447081025494,#ffffff
 1.55044888141482e-01,  9.8597810362432092,#ffffff
 1.24037750507829e-01,  9.8602198574093158,#ffffff
 9.30293862195690e-02,  9.8605611672612028,#ffffff
 6.20201019297475e-02,  9.8608049624235363,#ffffff
 3.10102043004897e-02,  9.8609512404853348,#ffffff
-6.03792162752123e-16,  9.8610000000000007,#ffffff
