x,y,fill
   0.0000000000000, 42.5000000000000,#ffa500
 -72.0000000000000, 42.5000000000000,#ffa500
 -72.0440263053324, 42.4999653872007,#ffa500
 -72.0880525018166, 42.4998615488885,#ffa500
 -72.1320784806049, 42.4996884853200,#ffa500
 -72.1761041328499, 42.4994461969231,#ffa500
 -72.2201293497051, 42.4991346842969,#ffa500
 -72.2641540223251, 42.4987539482115,#ffa500
 -72.3081780418658, 42.4983039896082,#ffa500
 -72.3522012994847, 42.4977848095995,#ffa500
 -72.3962236863413, 42.4971964094690,#ffa500
 -72.4402450935971, 42.4965387906713,#ffa500
 -72.4842654124162, 42.4958119548324,#ffa500
 -72.5282845339651, 42.4950159037492,#ffa500
 -72.5723023494135, 42.4941506393899,#ffa500
 -72.6163187499344, 42.4932161638937,#ffa500
 -72.6603336267040, 42.4922124795709,#ffa500
 -72.7043468709025, 42.4911395889029,#ffa500
 -72.7483583737141, 42.4899974945424,#ffa500
 -72.7923680263273, 42.4887861993130,#ffa500
 -72.8363757199351, 42.4875057062094,#ffa500
 -72.8803813457354, 42.4861560183974,#ffa500
 -72.9243847949312, 42.4847371392139,#ffa500
 -72.9683859587309, 42.4832490721670,#ffa500
 -73.0123847283485, 42.4816918209355,#ffa500
 -73.0563809950041, 42.4800653893695,#ffa500
 -73.1003746499237, 42.4783697814902,#ffa500
 -73.1443655843399, 42.4766050014897,#ffa500
 -73.1883536894922, 42.4747710537311,#ffa500
 -73.2323388566267, 42.4728679427485,#ffa500
 -73.2763209769971, 42.4708956732472,#ffa500
 -73.3202999418646, 42.4688542501031,#ffa500
 -73.3642756424979, 42.4667436783635,#ffa500
 -73.4082479701743, 42.4645639632464,#ffa500
 -73.4522168161788, 42.4623151101408,#ffa500
 -73.4961820718056, 42.4599971246066,#ffa500
 -73.5401436283574, 42.4576100123746,#ffa500
 -73.5841013771462, 42.4551537793467,#ffa500
 -73.6280552094933, 42.4526284315955,#ffa500
 -73.6720050167299, 42.4500339753645,#ffa500
 -73.7159506901969, 42.4473704170681,#ffa500
 -73.7598921212455, 42.4446377632915,#ffa500
 -73.8038292012375, 42.4418360207908,#ffa500
 -73.8477618215454, 42.4389651964929,#ffa500
 -73.8916898735526, 42.4360252974953,#ffa500
 -73.9356132486540, 42.4330163310666,#ffa500
 -73.9795318382559, 42.4299383046460,#ffa500
 -74.0234455337764, 42.4267912258433,#ffa500
 -74.0673542266460, 42.4235751024393,#ffa500
 -74.1112578083072, 42.4202899423853,#ffa500
 -74.1551561702154, 42.4169357538033,#ffa500
 -74.1990492038388, 42.4135125449861,#ffa500
 -74.2429368006586, 42.4100203243970,#ffa500
 -74.2868188521698, 42.4064591006699,#ffa500
 -74.3306952498808, 42.4028288826094,#ffa500
 -74.3745658853143, 42.3991296791907,#ffa500
 -74.4184306500068, 42.3953614995595,#ffa500
 -74.4622894355097, 42.3915243530320,#ffa500
 -74.5061421333891, 42.3876182490949,#ffa500
 -74.5499886352259, 42.3836431974055,#ffa500
 -74.5938288326168, 42.3795992077915,#ffa500
 -74.6376626171735, 42.3754862902509,#ffa500
 -74.6814898805241, 42.3713044549524,#ffa500
 -74.7253105143125, 42.3670537122348,#ffa500
 -74.7691244101990, 42.3627340726075,#ffa500
 -74.8129314598607, 42.3583455467500,#ffa500
 -74.8567315549916, 42.3538881455124,#ffa500
 -74.9005245873027, 42.3493618799148,#ffa500
 -74.9443104485228, 42.3447667611478,#ffa500
 -74.9880890303981, 42.3401028005720,#ffa500
 -75.0318602246929, 42.3353700097183,#ffa500
 -75.0756239231900, 42.3305684002879,#ffa500
 -75.1193800176904, 42.3256979841519,#ffa500
 -75.1631284000140, 42.3207587733517,#ffa500
 -75.2068689619999, 42.3157507800987,#ffa500
 -75.2506015955065, 42.3106740167744,#ffa500
 -75.2943261924115, 42.3055284959303,#ffa500
 -75.3380426446129, 42.3003142302879,#ffa500
 -75.3817508440285, 42.2950312327386,#ffa500
 -75.4254506825968, 42.2896795163438,#ffa500
 -75.4691420522768, 42.2842590943348,#ffa500
 -75.5128248450483, 42.2787699801127,#ffa500
 -75.5564989529126, 42.2732121872485,#ffa500
 -75.6001642678923, 42.2675857294831,#ffa500
 -75.6438206820318, 42.2618906207268,#ffa500
 -75.6874680873975, 42.2561268750599,#ffa500
 -75.7311063760779, 42.2502945067325,#ffa500
 -75.7747354401844, 42.2443935301642,#ffa500
 -75.8183551718508, 42.2384239599441,#ffa500
 -75.8619654632343, 42.2323858108311,#ffa500
 -75.9055662065153, 42.2262790977536,#ffa500
 -75.9491572938977, 42.2201038358094,#ffa500
 -75.9927386176096, 42.2138600402659,#ffa500
 -76.0363100699028, 42.2075477265600,#ffa500
 -76.0798715430539, 42.2011669102978,#ffa500
 -76.1234229293640, 42.1947176072549,#ffa500
 -76.1669641211590, 42.1881998333762,#ffa500
 -76.2104950107902, 42.1816136047758,#ffa500
 -76.2540154906344, 42.1749589377372,#ffa500
 -76.2975254530941, 42.1682358487130,#ffa500
 -76.3410247905975, 42.1614443543250,#ffa500
 -76.3845133955996, 42.1545844713640,#ffa500
 -76.4279911605815, 42.1476562167901,#ffa500
 -76.4714579780514, 42.1406596077322,#ffa500
 -76.5149137405443, 42.1335946614885,#ffa500
 -76.5583583406226, 42.1264613955258,#ffa500
 -76.6017916708766, 42.1192598274800,#ffa500
 -76.6452136239240, 42.1119899751559,#ffa500
 -76.6886240924109, 42.1046518565271,#ffa500
 -76.7320229690118, 42.0972454897358,#ffa500
 -76.7754101464297, 42.0897708930933,#ffa500
 -76.8187855173967, 42.0822280850791,#ffa500
 -76.8621489746741, 42.0746170843418,#ffa500
 -76.9055004110523, 42.0669379096984,#ffa500
 -76.9488397193520, 42.0591905801343,#ffa500
 -76.9921667924233, 42.0513751148037,#ffa500
 -77.0354815231470, 42.0434915330291,#ffa500
 -77.0787838044342, 42.0355398543013,#ffa500
 -77.1220735292268, 42.0275200982797,#ffa500
 -77.1653505904978, 42.0194322847919,#ffa500
 -77.2086148812514, 42.0112764338336,#ffa500
 -77.2518662945234, 42.0030525655690,#ffa500
 -77.2951047233817, 41.9947607003302,#ffa500
 -77.3383300609258, 41.9864008586176,#ffa500
 -77.3815422002880, 41.9779730610997,#ffa500
 -77.4247410346331, 41.9694773286127,#ffa500
 -77.4679264571588, 41.9609136821611,#ffa500
 -77.5110983610957, 41.9522821429171,#ffa500
 -77.5542566397084, 41.9435827322209,#ffa500
 -77.5974011862945, 41.9348154715804,#ffa500
 -77.6405318941861, 41.9259803826713,#ffa500
 -77.6836486567493, 41.9170774873368,#ffa500
 -77.7267513673846, 41.9081068075881,#ffa500
 -77.7698399195274, 41.8990683656038,#ffa500
 -77.8129142066479, 41.8899621837298,#ffa500
 -77.8559741222519, 41.8807882844800,#ffa500
 -77.8990195598803, 41.8715466905352,#ffa500
 -77.9420504131102, 41.8622374247439,#ffa500
 -77.9850665755545, 41.8528605101218,#ffa500
 -78.0280679408625, 41.8434159698518,#ffa500
 -78.0710544027201, 41.8339038272840,#ffa500
 -78.1140258548501, 41.8243241059358,#ffa500
 -78.1569821910122, 41.8146768294915,#ffa500
 -78.1999233050037, 41.8049620218024,#ffa500
 -78.2428490906594, 41.7951797068870,#ffa500
 -78.2857594418520, 41.7853299089303,#ffa500
 -78.3286542524926, 41.7754126522846,#ffa500
 -78.3715334165303, 41.7654279614687,#ffa500
 -78.4143968279532, 41.7553758611681,#ffa500
 -78.4572443807883, 41.7452563762351,#ffa500
 -78.5000759691017, 41.7350695316885,#ffa500
 -78.5428914869991, 41.7248153527137,#ffa500
 -78.5856908286257, 41.7144938646625,#ffa500
 -78.6284738881670, 41.7041050930533,#ffa500
 -78.6712405598486, 41.6936490635705,#ffa500
 -78.7139907379366, 41.6831258020652,#ffa500
 -78.7567243167379, 41.6725353345543,#ffa500
 -78.7994411906004, 41.6618776872212,#ffa500
 -78.8421412539135, 41.6511528864153,#ffa500
 -78.8848244011078, 41.6403609586518,#ffa500
 -78.9274905266561, 41.6295019306122,#ffa500
 -78.9701395250730, 41.6185758291437,#ffa500
 -79.0127712909156, 41.6075826812593,#ffa500
 -79.0553857187835, 41.5965225141380,#ffa500
 -79.0979827033193, 41.5853953551241,#ffa500
 -79.1405621392087, 41.5742012317280,#ffa500
 -79.1831239211806, 41.5629401716252,#ffa500
 -79.2256679440078, 41.5516122026569,#ffa500
 -79.2681941025068, 41.5402173528299,#ffa500
 -79.3107022915385, 41.5287556503161,#ffa500
 -79.3531924060079, 41.5172271234527,#ffa500
 -79.3956643408650, 41.5056318007422,#ffa500
 -79.4381179911045, 41.4939697108522,#ffa500
 -79.4805532517666, 41.4822408826154,#ffa500
 -79.5229700179366, 41.4704453450296,#ffa500
 -79.5653681847459, 41.4585831272572,#ffa500
 -79.6077476473716, 41.4466542586257,#ffa500
 -79.6501083010371, 41.4346587686275,#ffa500
 -79.6924500410123, 41.4225966869195,#ffa500
 -79.7347727626141, 41.4104680433233,#ffa500
 -79.7770763612061, 41.3982728678250,#ffa500
 -79.8193607321992, 41.3860111905753,#ffa500
 -79.8616257710522, 41.3736830418893,#ffa500
 -79.9038713732712, 41.3612884522464,#ffa500
 -79.9460974344107, 41.3488274522902,#ffa500
 -79.9883038500734, 41.3363000728286,#ffa500
 -80.0304905159105, 41.3237063448337,#ffa500
 -80.0726573276222, 41.3110462994413,#ffa500
 -80.1148041809576, 41.2983199679516,#ffa500
 -80.1569309717153, 41.2855273818283,#ffa500
 -80.1990375957434, 41.2726685726990,#ffa500
 -80.2411239489399, 41.2597435723553,#ffa500
 -80.2831899272529, 41.2467524127520,#ffa500
 -80.3252354266808, 41.2336951260079,#ffa500
 -80.3672603432729, 41.2205717444050,#ffa500
 -80.4092645731290, 41.2073823003887,#ffa500
 -80.4512480124004, 41.1941268265680,#ffa500
 -80.4932105572895, 41.1808053557149,#ffa500
 -80.5351521040507, 41.1674179207646,#ffa500
 -80.5770725489899, 41.1539645548155,#ffa500
 -80.6189717884656, 41.1404452911289,#ffa500
 -80.6608497188883, 41.1268601631291,#ffa500
 -80.7027062367216, 41.1132092044031,#ffa500
 -80.7445412384817, 41.0994924487008,#ffa500
 -80.7863546207382, 41.0857099299348,#ffa500
 -80.8281462801141, 41.0718616821800,#ffa500
 -80.8699161132860, 41.0579477396743,#ffa500
 -80.9116640169846, 41.0439681368175,#ffa500
 -80.9533898879949, 41.0299229081720,#ffa500
 -80.9950936231560, 41.0158120884626,#ffa500
 -81.0367751193622, 41.0016357125759,#ffa500
 -81.0784342735624, 40.9873938155608,#ffa500
 -81.1200709827609, 40.9730864326282,#ffa500
 -81.1616851440176, 40.9587135991508,#ffa500
 -81.2032766544479, 40.9442753506632,#ffa500
 -81.2448454112234, 40.9297717228617,#ffa500
 -81.2863913115719, 40.9152027516043,#ffa500
 -81.3279142527776, 40.9005684729104,#ffa500
 -81.3694141321816, 40.8858689229609,#ffa500
 -81.4108908471821, 40.8711041380983,#ffa500
 -81.4523442952342, 40.8562741548261,#ffa500
 -81.4937743738509, 40.8413790098091,#ffa500
 -81.5351809806029, 40.8264187398732,#ffa500
 -81.5765640131187, 40.8113933820054,#ffa500
 -81.6179233690854, 40.7963029733535,#ffa500
 -81.6592589462485, 40.7811475512261,#ffa500
 -81.7005706424123, 40.7659271530926,#ffa500
 -81.7418583554399, 40.7506418165832,#ffa500
 -81.7831219832542, 40.7352915794883,#ffa500
 -81.8243614238373, 40.7198764797590,#ffa500
 -81.8655765752310, 40.7043965555067,#ffa500
 -81.9067673355375, 40.6888518450032,#ffa500
 -81.9479336029190, 40.6732423866802,#ffa500
 -81.9890752755985, 40.6575682191298,#ffa500
 -82.0301922518596, 40.6418293811037,#ffa500
 -82.0712844300470, 40.6260259115138,#ffa500
 -82.1123517085668, 40.6101578494318,#ffa500
 -82.1533939858867, 40.5942252340889,#ffa500
 -82.1944111605359, 40.5782281048759,#ffa500
 -82.2354031311061, 40.5621665013433,#ffa500
 -82.2763697962510, 40.5460404632009,#ffa500
 -82.3173110546870, 40.5298500303178,#ffa500
 -82.3582268051932, 40.5135952427222,#ffa500
 -82.3991169466119, 40.4972761406015,#ffa500
 -82.4399813778486, 40.4808927643023,#ffa500
 -82.4808199978725, 40.4644451543297,#ffa500
 -82.5216327057165, 40.4479333513480,#ffa500
 -82.5624194004776, 40.4313573961799,#ffa500
 -82.6031799813170, 40.4147173298070,#ffa500
 -82.6439143474607, 40.3980131933691,#ffa500
 -82.6846223981994, 40.3812450281646,#ffa500
 -82.7253040328887, 40.3644128756502,#ffa500
 -82.7659591509498, 40.3475167774407,#ffa500
 -82.8065876518692, 40.3305567753091,#ffa500
 -82.8471894351994, 40.3135329111863,#ffa500
 -82.8877644005589, 40.2964452271611,#ffa500
 -82.9283124476323, 40.2792937654802,#ffa500
 -82.9688334761711, 40.2620785685478,#ffa500
 -83.0093273859934, 40.2447996789258,#ffa500
 -83.0497940769843, 40.2274571393335,#ffa500
 -83.0902334490964, 40.2100509926477,#ffa500
 -83.1306454023496, 40.1925812819023,#ffa500
 -83.1710298368317, 40.1750480502884,#ffa500
 -83.2113866526985, 40.1574513411542,#ffa500
 -83.2517157501742, 40.1397911980047,#ffa500
 -83.2920170295515, 40.1220676645020,#ffa500
 -83.3322903911917, 40.1042807844646,#ffa500
 -83.3725357355252, 40.0864306018679,#ffa500
 -83.4127529630519, 40.0685171608435,#ffa500
 -83.4529419743409, 40.0505405056797,#ffa500
 -83.4931026700312, 40.0325006808209,#ffa500
 -83.5332349508318, 40.0143977308678,#ffa500
 -83.5733387175219, 39.9962317005770,#ffa500
 -83.6134138709514, 39.9780026348612,#ffa500
 -83.6534603120406, 39.9597105787889,#ffa500
 -83.6934779417811, 39.9413555775843,#ffa500
 -83.7334666612355, 39.9229376766273,#ffa500
 -83.7734263715380, 39.9044569214532,#ffa500
 -83.8133569738945, 39.8859133577529,#ffa500
 -83.8532583695830, 39.8673070313723,#ffa500
 -83.8931304599533, 39.8486379883127,#ffa500
 -83.9329731464282, 39.8299062747303,#ffa500
 -83.9727863305027, 39.8111119369364,#ffa500
 -84.0125699137451, 39.7922550213971,#ffa500
 -84.0523237977967, 39.7733355747330,#ffa500
 -84.0920478843723, 39.7543536437195,#ffa500
 -84.1317420752603, 39.7353092752865,#ffa500
 -84.1714062723231, 39.7162025165181,#ffa500
 -84.2110403774971, 39.6970334146529,#ffa500
 -84.2506442927933, 39.6778020170834,#ffa500
 -84.2902179202973, 39.6585083713563,#ffa500
 -84.3297611621693, 39.6391525251720,#ffa500
 -84.3692739206451, 39.6197345263848,#ffa500
 -84.4087560980355, 39.6002544230027,#ffa500
 -84.4482075967271, 39.5807122631872,#ffa500
 -84.4876283191821, 39.5611080952531,#ffa500
 -84.5270181679392, 39.5414419676688,#ffa500
 -84.5663770456129, 39.5217139290555,#ffa500
 -84.6057048548949, 39.5019240281879,#ffa500
 -84.6450014985531, 39.4820723139933,#ffa500
 -84.6842668794328, 39.4621588355519,#ffa500
 -84.7235009004566, 39.4421836420968,#ffa500
 -84.7627034646244, 39.4221467830134,#ffa500
 -84.8018744750142, 39.4020483078396,#ffa500
 -84.8410138347817, 39.3818882662660,#ffa500
 -84.8801214471611, 39.3616667081348,#ffa500
 -84.9191972154649, 39.3413836834409,#ffa500
 -84.9582410430844, 39.3210392423308,#ffa500
 -84.9972528334899, 39.3006334351028,#ffa500
 -85.0362324902308, 39.2801663122072,#ffa500
 -85.0751799169362, 39.2596379242458,#ffa500
 -85.1140950173145, 39.2390483219716,#ffa500
 -85.1529776951544, 39.2183975562893,#ffa500
 -85.1918278543245, 39.1976856782547,#ffa500
 -85.2306453987739, 39.1769127390746,#ffa500
 -85.2694302325324, 39.1560787901068,#ffa500
 -85.3081822597105, 39.1351838828600,#ffa500
 -85.3469013845000, 39.1142280689936,#ffa500
 -85.3855875111738, 39.0932114003175,#ffa500
 -85.4242405440867, 39.0721339287922,#ffa500
 -85.4628603876750, 39.0509957065283,#ffa500
 -85.5014469464573, 39.0297967857868,#ffa500
 -85.5400001250344, 39.0085372189788,#ffa500
 -85.5785198280897, 38.9872170586650,#ffa500
 -85.6170059603891, 38.9658363575564,#ffa500
 -85.6554584267818, 38.9443951685133,#ffa500
 -85.6938771322001, 38.9228935445456,#ffa500
 -85.7322619816598, 38.9013315388128,#ffa500
 -85.7706128802604, 38.8797092046236,#ffa500
 -85.8089297331853, 38.8580265954357,#ffa500
 -85.8472124457021, 38.8362837648560,#ffa500
 -85.8854609231629, 38.8144807666402,#ffa500
 -85.9236750710043, 38.7926176546928,#ffa500
 -85.9618547947478, 38.7706944830670,#ffa500
 -86.0000000000000, 38.7487113059643,#ffa500
 -86.0381105924530, 38.7266681777346,#ffa500
 -86.0761864778842, 38.7045651528762,#ffa500
 -86.1142275621571, 38.6824022860353,#ffa500
 -86.1522337512210, 38.6601796320061,#ffa500
 -86.1902049511116, 38.6378972457306,#ffa500
 -86.2281410679511, 38.6155551822985,#ffa500
 -86.2660420079485, 38.5931534969470,#ffa500
 -86.3039076773995, 38.5706922450609,#ffa500
 -86.3417379826872, 38.5481714821719,#ffa500
 -86.3795328302822, 38.5255912639592,#ffa500
 -86.4172921267428, 38.5029516462489,#ffa500
 -86.4550157787148, 38.4802526850137,#ffa500
 -86.4927036929326, 38.4574944363733,#ffa500
 -86.5303557762187, 38.4346769565939,#ffa500
 -86.5679719354842, 38.4118003020882,#ffa500
 -86.6055520777291, 38.3888645294150,#ffa500
 -86.6430961100425, 38.3658696952795,#ffa500
 -86.6806039396025, 38.3428158565327,#ffa500
 -86.7180754736770, 38.3197030701717,#ffa500
 -86.7555106196235, 38.2965313933392,#ffa500
 -86.7929092848894, 38.2733008833235,#ffa500
 -86.8302713770126, 38.2500115975585,#ffa500
 -86.8675968036210, 38.2266635936231,#ffa500
 -86.9048854724334, 38.2032569292417,#ffa500
 -86.9421372912594, 38.1797916622836,#ffa500
 -86.9793521679998, 38.1562678507629,#ffa500
 -87.0165300106467, 38.1326855528386,#ffa500
 -87.0536707272836, 38.1090448268142,#ffa500
 -87.0907742260861, 38.0853457311377,#ffa500
 -87.1278404153214, 38.0615883244014,#ffa500
 -87.1648692033493, 38.0377726653417,#ffa500
 -87.2018604986220, 38.0138988128391,#ffa500
 -87.2388142096842, 37.9899668259180,#ffa500
 -87.2757302451738, 37.9659767637463,#ffa500
 -87.3126085138216, 37.9419286856359,#ffa500
 -87.3494489244519, 37.9178226510417,#ffa500
 -87.3862513859826, 37.8936587195622,#ffa500
 -87.4230158074253, 37.8694369509389,#ffa500
 -87.4597420978860, 37.8451574050562,#ffa500
 -87.4964301665644, 37.8208201419417,#ffa500
 -87.5330799227553, 37.7964252217652,#ffa500
 -87.5696912758477, 37.7719727048394,#ffa500
 -87.6062641353260, 37.7474626516194,#ffa500
 -87.6427984107694, 37.7228951227023,#ffa500
 -87.6792940118527, 37.6982701788276,#ffa500
 -87.7157508483462, 37.6735878808765,#ffa500
 -87.7521688301162, 37.6488482898721,#ffa500
 -87.7885478671250, 37.6240514669792,#ffa500
 -87.8248878694310, 37.5991974735040,#ffa500
 -87.8611887471893, 37.5742863708942,#ffa500
 -87.8974504106518, 37.5493182207385,#ffa500
 -87.9336727701671, 37.5242930847667,#ffa500
 -87.9698557361812, 37.4992110248495,#ffa500
 -88.0059992192374, 37.4740721029984,#ffa500
 -88.0421031299766, 37.4488763813655,#ffa500
 -88.0781673791375, 37.4236239222432,#ffa500
 -88.1141918775569, 37.3983147880642,#ffa500
 -88.1501765361700, 37.3729490414013,#ffa500
 -88.1861212660104, 37.3475267449675,#ffa500
 -88.2220259782103, 37.3220479616153,#ffa500
 -88.2578905840010, 37.2965127543371,#ffa500
 -88.2937149947128, 37.2709211862645,#ffa500
 -88.3294991217757, 37.2452733206688,#ffa500
 -88.3652428767188, 37.2195692209602,#ffa500
 -88.4009461711715, 37.1938089506882,#ffa500
 -88.4366089168629, 37.1679925735408,#ffa500
 -88.4722310256225, 37.1421201533451,#ffa500
 -88.5078124093803, 37.1161917540666,#ffa500
 -88.5433529801668, 37.0902074398091,#ffa500
 -88.5788526501136, 37.0641672748147,#ffa500
 -88.6143113314534, 37.0380713234638,#ffa500
 -88.6497289365200, 37.0119196502743,#ffa500
 -88.6851053777491, 36.9857123199023,#ffa500
 -88.7204405676780, 36.9594493971412,#ffa500
 -88.7557344189459, 36.9331309469220,#ffa500
 -88.7909868442945, 36.9067570343129,#ffa500
 -88.8261977565674, 36.8803277245192,#ffa500
 -88.8613670687115, 36.8538430828834,#ffa500
 -88.8964946937759, 36.8273031748844,#ffa500
 -88.9315805449133, 36.8007080661380,#ffa500
 -88.9666245353794, 36.7740578223965,#ffa500
 -89.0016265785333, 36.7473525095484,#ffa500
 -89.0365865878381, 36.7205921936184,#ffa500
 -89.0715044768606, 36.6937769407672,#ffa500
 -89.1063801592719, 36.6669068172912,#ffa500
 -89.1412135488472, 36.6399818896226,#ffa500
 -89.1760045594665, 36.6130022243291,#ffa500
 -89.2107531051146, 36.5859678881137,#ffa500
 -89.2454590998810, 36.5588789478144,#ffa500
 -89.2801224579607, 36.5317354704045,#ffa500
 -89.3147430936540, 36.5045375229919,#ffa500
 -89.3493209213668, 36.4772851728193,#ffa500
 -89.3838558556108, 36.4499784872638,#ffa500
 -89.4183478110039, 36.4226175338370,#ffa500
 -89.4527967022701, 36.3952023801844,#ffa500
 -89.4872024442399, 36.3677330940857,#ffa500
 -89.5215649518506, 36.3402097434544,#ffa500
 -89.5558841401462, 36.3126323963377,#ffa500
 -89.5901599242780, 36.2850011209163,#ffa500
 -89.6243922195044, 36.2573159855041,#ffa500
 -89.6585809411916, 36.2295770585482,#ffa500
 -89.6927260048132, 36.2017844086288,#ffa500
 -89.7268273259510, 36.1739381044589,#ffa500
 -89.7608848202948, 36.1460382148841,#ffa500
 -89.7948984036427, 36.1180848088824,#ffa500
 -89.8288679919017, 36.0900779555643,#ffa500
 -89.8627935010871, 36.0620177241723,#ffa500
 -89.8966748473236, 36.0339041840809,#ffa500
 -89.9305119468447, 36.0057374047964,#ffa500
 -89.9643047159937, 35.9775174559568,#ffa500
 -89.9980530712231, 35.9492444073314,#ffa500
 -90.0317569290955, 35.9209183288209,#ffa500
 -90.0654162062834, 35.8925392904571,#ffa500
 -90.0990308195695, 35.8641073624028,#ffa500
 -90.1326006858470, 35.8356226149513,#ffa500
 -90.1661257221197, 35.8070851185267,#ffa500
 -90.1996058455021, 35.7784949436835,#ffa500
 -90.2330409732200, 35.7498521611065,#ffa500
 -90.2664310226101, 35.7211568416104,#ffa500
 -90.2997759111210, 35.6924090561398,#ffa500
 -90.3330755563126, 35.6636088757691,#ffa500
 -90.3663298758567, 35.6347563717024,#ffa500
 -90.3995387875373, 35.6058516152727,#ffa500
 -90.4327022092505, 35.5768946779427,#ffa500
 -90.4658200590051, 35.5478856313038,#ffa500
 -90.4988922549223, 35.5188245470763,#ffa500
 -90.5319187152363, 35.4897114971091,#ffa500
 -90.5648993582944, 35.4605465533797,#ffa500
 -90.5978341025572, 35.4313297879939,#ffa500
 -90.6307228665986, 35.4020612731855,#ffa500
 -90.6635655691064, 35.3727410813162,#ffa500
 -90.6963621288822, 35.3433692848757,#ffa500
 -90.7291124648415, 35.3139459564812,#ffa500
 -90.7618164960144, 35.2844711688771,#ffa500
 -90.7944741415453, 35.2549449949352,#ffa500
 -90.8270853206932, 35.2253675076544,#ffa500
 -90.8596499528322, 35.1957387801604,#ffa500
 -90.8921679574514, 35.1660588857055,#ffa500
 -90.9246392541550, 35.1363278976686,#ffa500
 -90.9570637626629, 35.1065458895549,#ffa500
 -90.9894414028107, 35.0767129349957,#ffa500
 -91.0217720945496, 35.0468291077484,#ffa500
 -91.0540557579471, 35.0168944816959,#ffa500
 -91.0862923131869, 34.9869091308470,#ffa500
 -91.1184816805693, 34.9568731293357,#ffa500
 -91.1506237805110, 34.9267865514213,#ffa500
 -91.1827185335459, 34.8966494714881,#ffa500
 -91.2147658603245, 34.8664619640454,#ffa500
 -91.2467656816151, 34.8362241037269,#ffa500
 -91.2787179183030, 34.8059359652911,#ffa500
 -91.3106224913913, 34.7755976236206,#ffa500
 -91.3424793220011, 34.7452091537223,#ffa500
 -91.3742883313713, 34.7147706307267,#ffa500
 -91.4060494408591, 34.6842821298884,#ffa500
 -91.4377625719402, 34.6537437265854,#ffa500
 -91.4694276462089, 34.6231554963191,#ffa500
 -91.5010445853782, 34.5925175147141,#ffa500
 -91.5326133112802, 34.5618298575179,#ffa500
 -91.5641337458663, 34.5310926006011,#ffa500
 -91.5956058112070, 34.5003058199566,#ffa500
 -91.6270294294927, 34.4694695916999,#ffa500
 -91.6584045230334, 34.4385839920687,#ffa500
 -91.6897310142592, 34.4076490974229,#ffa500
 -91.7210088257201, 34.3766649842440,#ffa500
 -91.7522378800867, 34.3456317291355,#ffa500
 -91.7834181001501, 34.3145494088221,#ffa500
 -91.8145494088221, 34.2834181001501,#ffa500
 -91.8456317291355, 34.2522378800867,#ffa500
 -91.8766649842440, 34.2210088257201,#ffa500
 -91.9076490974229, 34.1897310142592,#ffa500
 -91.9385839920687, 34.1584045230334,#ffa500
 -91.9694695916999, 34.1270294294927,#ffa500
 -92.0003058199566, 34.0956058112070,#ffa500
 -92.0310926006011, 34.0641337458663,#ffa500
 -92.0618298575179, 34.0326133112802,#ffa500
 -92.0925175147141, 34.0010445853782,#ffa500
 -92.1231554963191, 33.9694276462089,#ffa500
 -92.1537437265854, 33.9377625719402,#ffa500
 -92.1842821298884, 33.9060494408591,#ffa500
 -92.2147706307267, 33.8742883313713,#ffa500
 -92.2452091537223, 33.8424793220011,#ffa500
 -92.2755976236206, 33.8106224913913,#ffa500
 -92.3059359652911, 33.7787179183030,#ffa500
 -92.3362241037269, 33.7467656816151,#ffa500
 -92.3664619640454, 33.7147658603245,#ffa500
 -92.3966494714881, 33.6827185335459,#ffa500
 -92.4267865514213, 33.6506237805110,#ffa500
 -92.4568731293357, 33.6184816805693,#ffa500
 -92.4869091308470, 33.5862923131869,#ffa500
 -92.5168944816959, 33.5540557579471,#ffa500
 -92.5468291077484, 33.5217720945496,#ffa500
 -92.5767129349957, 33.4894414028107,#ffa500
 -92.6065458895549, 33.4570637626629,#ffa500
 -92.6363278976686, 33.4246392541550,#ffa500
 -92.6660588857055, 33.3921679574514,#ffa500
 -92.6957387801604, 33.3596499528322,#ffa500
 -92.7253675076544, 33.3270853206932,#ffa500
 -92.7549449949352, 33.2944741415453,#ffa500
 -92.7844711688771, 33.2618164960144,#ffa500
 -92.8139459564812, 33.2291124648415,#ffa500
 -92.8433692848757, 33.1963621288822,#ffa500
 -92.8727410813162, 33.1635655691064,#ffa500
 -92.9020612731855, 33.1307228665986,#ffa500
 -92.9313297879939, 33.0978341025572,#ffa500
 -92.9605465533797, 33.0648993582944,#ffa500
 -92.9897114971091, 33.0319187152363,#ffa500
 -93.0188245470763, 32.9988922549223,#ffa500
 -93.0478856313038, 32.9658200590051,#ffa500
 -93.0768946779427, 32.9327022092505,#ffa500
 -93.1058516152727, 32.8995387875373,#ffa500
 -93.1347563717024, 32.8663298758567,#ffa500
 -93.1636088757691, 32.8330755563126,#ffa500
 -93.1924090561398, 32.7997759111210,#ffa500
 -93.2211568416103, 32.7664310226101,#ffa500
 -93.2498521611065, 32.7330409732200,#ffa500
 -93.2784949436835, 32.6996058455021,#ffa500
 -93.3070851185267, 32.6661257221197,#ffa500
 -93.3356226149513, 32.6326006858470,#ffa500
 -93.3641073624028, 32.5990308195695,#ffa500
 -93.3925392904571, 32.5654162062834,#ffa500
 -93.4209183288209, 32.5317569290955,#ffa500
 -93.4492444073314, 32.4980530712231,#ffa500
 -93.4775174559568, 32.4643047159937,#ffa500
 -93.5057374047964, 32.4305119468447,#ffa500
 -93.5339041840809, 32.3966748473236,#ffa500
 -93.5620177241723, 32.3627935010871,#ffa500
 -93.5900779555643, 32.3288679919017,#ffa500
 -93.6180848088824, 32.2948984036428,#ffa500
 -93.6460382148841, 32.2608848202948,#ffa500
 -93.6739381044589, 32.2268273259510,#ffa500
 -93.7017844086288, 32.1927260048132,#ffa500
 -93.7295770585482, 32.1585809411916,#ffa500
 -93.7573159855041, 32.1243922195044,#ffa500
 -93.7850011209163, 32.0901599242780,#ffa500
 -93.8126323963377, 32.0558841401462,#ffa500
 -93.8402097434544, 32.0215649518506,#ffa500
 -93.8677330940857, 31.9872024442399,#ffa500
 -93.8952023801844, 31.9527967022701,#ffa500
 -93.9226175338370, 31.9183478110039,#ffa500
 -93.9499784872638, 31.8838558556108,#ffa500
 -93.9772851728193, 31.8493209213668,#ffa500
 -94.0045375229919, 31.8147430936540,#ffa500
 -94.0317354704045, 31.7801224579607,#ffa500
 -94.0588789478144, 31.7454590998810,#ffa500
 -94.0859678881137, 31.7107531051146,#ffa500
 -94.1130022243291, 31.6760045594665,#ffa500
 -94.1399818896226, 31.6412135488472,#ffa500
 -94.1669068172912, 31.6063801592718,#ffa500
 -94.1937769407672, 31.5715044768606,#ffa500
 -94.2205921936184, 31.5365865878381,#ffa500
 -94.2473525095484, 31.5016265785333,#ffa500
 -94.2740578223965, 31.4666245353793,#ffa500
 -94.3007080661380, 31.4315805449133,#ffa500
 -94.3273031748844, 31.3964946937759,#ffa500
 -94.3538430828834, 31.3613670687115,#ffa500
 -94.3803277245192, 31.3261977565674,#ffa500
 -94.4067570343129, 31.2909868442945,#ffa500
 -94.4331309469220, 31.2557344189460,#ffa500
 -94.4594493971412, 31.2204405676780,#ffa500
 -94.4857123199023, 31.1851053777491,#ffa500
 -94.5119196502743, 31.1497289365200,#ffa500
 -94.5380713234638, 31.1143113314534,#ffa500
 -94.5641672748147, 31.0788526501136,#ffa500
 -94.5902074398091, 31.0433529801668,#ffa500
 -94.6161917540666, 31.0078124093803,#ffa500
 -94.6421201533451, 30.9722310256225,#ffa500
 -94.6679925735408, 30.9366089168629,#ffa500
 -94.6938089506882, 30.9009461711715,#ffa500
 -94.7195692209602, 30.8652428767188,#ffa500
 -94.7452733206688, 30.8294991217757,#ffa500
 -94.7709211862645, 30.7937149947128,#ffa500
 -94.7965127543371, 30.7578905840010,#ffa500
 -94.8220479616153, 30.7220259782103,#ffa500
 -94.8475267449675, 30.6861212660104,#ffa500
 -94.8729490414013, 30.6501765361700,#ffa500
 -94.8983147880642, 30.6141918775569,#ffa500
 -94.9236239222432, 30.5781673791375,#ffa500
 -94.9488763813655, 30.5421031299766,#ffa500
 -94.9740721029984, 30.5059992192374,#ffa500
 -94.9992110248495, 30.4698557361812,#ffa500
 -95.0242930847667, 30.4336727701671,#ffa500
 -95.0493182207385, 30.3974504106518,#ffa500
 -95.0742863708942, 30.3611887471894,#ffa500
 -95.0991974735040, 30.3248878694310,#ffa500
 -95.1240514669792, 30.2885478671250,#ffa500
 -95.1488482898721, 30.2521688301162,#ffa500
 -95.1735878808765, 30.2157508483462,#ffa500
 -95.1982701788276, 30.1792940118527,#ffa500
 -95.2228951227023, 30.1427984107694,#ffa500
 -95.2474626516194, 30.1062641353260,#ffa500
 -95.2719727048394, 30.0696912758477,#ffa500
 -95.2964252217652, 30.0330799227553,#ffa500
 -95.3208201419417, 29.9964301665644,#ffa500
 -95.3451574050562, 29.9597420978860,#ffa500
 -95.3694369509389, 29.9230158074254,#ffa500
 -95.3936587195622, 29.8862513859826,#ffa500
 -95.4178226510417, 29.8494489244519,#ffa500
 -95.4419286856359, 29.8126085138216,#ffa500
 -95.4659767637463, 29.7757302451738,#ffa500
 -95.4899668259180, 29.7388142096842,#ffa500
 -95.5138988128391, 29.7018604986220,#ffa500
 -95.5377726653417, 29.6648692033493,#ffa500
 -95.5615883244014, 29.6278404153214,#ffa500
 -95.5853457311377, 29.5907742260861,#ffa500
 -95.6090448268142, 29.5536707272836,#ffa500
 -95.6326855528386, 29.5165300106467,#ffa500
 -95.6562678507629, 29.4793521679998,#ffa500
 -95.6797916622836, 29.4421372912594,#ffa500
 -95.7032569292417, 29.4048854724334,#ffa500
 -95.7266635936231, 29.3675968036210,#ffa500
 -95.7500115975585, 29.3302713770126,#ffa500
 -95.7733008833235, 29.2929092848894,#ffa500
 -95.7965313933392, 29.2555106196235,#ffa500
 -95.8197030701717, 29.2180754736770,#ffa500
 -95.8428158565327, 29.1806039396025,#ffa500
 -95.8658696952795, 29.1430961100425,#ffa500
 -95.8888645294150, 29.1055520777291,#ffa500
 -95.9118003020882, 29.0679719354842,#ffa500
 -95.9346769565939, 29.0303557762187,#ffa500
 -95.9574944363733, 28.9927036929326,#ffa500
 -95.9802526850137, 28.9550157787148,#ffa500
 -96.0029516462489, 28.9172921267428,#ffa500
 -96.0255912639593, 28.8795328302822,#ffa500
 -96.0481714821719, 28.8417379826872,#ffa500
 -96.0706922450609, 28.8039076773994,#ffa500
 -96.0931534969470, 28.7660420079485,#ffa500
 -96.1155551822985, 28.7281410679511,#ffa500
 -96.1378972457306, 28.6902049511116,#ffa500
 -96.1601796320061, 28.6522337512210,#ffa500
 -96.1824022860353, 28.6142275621571,#ffa500
 -96.2045651528762, 28.5761864778842,#ffa500
 -96.2266681777346, 28.5381105924530,#ffa500
 -96.2487113059643, 28.5000000000000,#ffa500
 -96.2706944830670, 28.4618547947478,#ffa500
 -96.2926176546928, 28.4236750710043,#ffa500
 -96.3144807666402, 28.3854609231629,#ffa500
 -96.3362837648560, 28.3472124457021,#ffa500
 -96.3580265954357, 28.3089297331853,#ffa500
 -96.3797092046236, 28.2706128802604,#ffa500
 -96.4013315388128, 28.2322619816598,#ffa500
 -96.4228935445456, 28.1938771322001,#ffa500
 -96.4443951685133, 28.1554584267818,#ffa500
 -96.4658363575564, 28.1170059603891,#ffa500
 -96.4872170586650, 28.0785198280897,#ffa500
 -96.5085372189788, 28.0400001250344,#ffa500
 -96.5297967857868, 28.0014469464573,#ffa500
 -96.5509957065283, 27.9628603876750,#ffa500
 -96.5721339287922, 27.9242405440867,#ffa500
 -96.5932114003175, 27.8855875111738,#ffa500
 -96.6142280689936, 27.8469013845000,#ffa500
 -96.6351838828600, 27.8081822597105,#ffa500
 -96.6560787901068, 27.7694302325324,#ffa500
 -96.6769127390746, 27.7306453987739,#ffa500
 -96.6976856782547, 27.6918278543245,#ffa500
 -96.7183975562893, 27.6529776951544,#ffa500
 -96.7390483219716, 27.6140950173145,#ffa500
 -96.7596379242458, 27.5751799169361,#ffa500
 -96.7801663122072, 27.5362324902308,#ffa500
 -96.8006334351028, 27.4972528334899,#ffa500
 -96.8210392423308, 27.4582410430844,#ffa500
 -96.8413836834409, 27.4191972154649,#ffa500
 -96.8616667081348, 27.3801214471611,#ffa500
 -96.8818882662660, 27.3410138347817,#ffa500
 -96.9020483078396, 27.3018744750142,#ffa500
 -96.9221467830134, 27.2627034646244,#ffa500
 -96.9421836420968, 27.2235009004566,#ffa500
 -96.9621588355519, 27.1842668794328,#ffa500
 -96.9820723139933, 27.1450014985531,#ffa500
 -97.0019240281879, 27.1057048548949,#ffa500
 -97.0217139290556, 27.0663770456129,#ffa500
 -97.0414419676688, 27.0270181679392,#ffa500
 -97.0611080952531, 26.9876283191821,#ffa500
 -97.0807122631872, 26.9482075967271,#ffa500
 -97.1002544230027, 26.9087560980355,#ffa500
 -97.1197345263848, 26.8692739206451,#ffa500
 -97.1391525251720, 26.8297611621693,#ffa500
 -97.1585083713563, 26.7902179202973,#ffa500
 -97.1778020170834, 26.7506442927933,#ffa500
 -97.1970334146529, 26.7110403774971,#ffa500
 -97.2162025165181, 26.6714062723231,#ffa500
 -97.2353092752865, 26.6317420752603,#ffa500
 -97.2543536437195, 26.5920478843723,#ffa500
 -97.2733355747330, 26.5523237977967,#ffa500
 -97.2922550213971, 26.5125699137451,#ffa500
 -97.3111119369364, 26.4727863305027,#ffa500
 -97.3299062747303, 26.4329731464282,#ffa500
 -97.3486379883127, 26.3931304599533,#ffa500
 -97.3673070313723, 26.3532583695830,#ffa500
 -97.3859133577529, 26.3133569738945,#ffa500
 -97.4044569214532, 26.2734263715380,#ffa500
 -97.4229376766273, 26.2334666612355,#ffa500
 -97.4413555775843, 26.1934779417811,#ffa500
 -97.4597105787889, 26.1534603120406,#ffa500
 -97.4780026348612, 26.1134138709514,#ffa500
 -97.4962317005770, 26.0733387175220,#ffa500
 -97.5143977308678, 26.0332349508318,#ffa500
 -97.5325006808209, 25.9931026700312,#ffa500
 -97.5505405056797, 25.9529419743409,#ffa500
 -97.5685171608435, 25.9127529630519,#ffa500
 -97.5864306018679, 25.8725357355252,#ffa500
 -97.6042807844646, 25.8322903911917,#ffa500
 -97.6220676645020, 25.7920170295515,#ffa500
 -97.6397911980047, 25.7517157501742,#ffa500
 -97.6574513411542, 25.7113866526985,#ffa500
 -97.6750480502884, 25.6710298368317,#ffa500
 -97.6925812819023, 25.6306454023496,#ffa500
 -97.7100509926477, 25.5902334490964,#ffa500
 -97.7274571393335, 25.5497940769843,#ffa500
 -97.7447996789257, 25.5093273859934,#ffa500
 -97.7620785685478, 25.4688334761711,#ffa500
 -97.7792937654802, 25.4283124476323,#ffa500
 -97.7964452271611, 25.3877644005589,#ffa500
 -97.8135329111863, 25.3471894351994,#ffa500
 -97.8305567753091, 25.3065876518692,#ffa500
 -97.8475167774407, 25.2659591509498,#ffa500
 -97.8644128756502, 25.2253040328887,#ffa500
 -97.8812450281646, 25.1846223981994,#ffa500
 -97.8980131933691, 25.1439143474607,#ffa500
 -97.9147173298070, 25.1031799813170,#ffa500
 -97.9313573961799, 25.0624194004776,#ffa500
 -97.9479333513480, 25.0216327057165,#ffa500
 -97.9644451543297, 24.9808199978725,#ffa500
 -97.9808927643023, 24.9399813778486,#ffa500
 -97.9972761406015, 24.8991169466119,#ffa500
 -98.0135952427222, 24.8582268051932,#ffa500
 -98.0298500303178, 24.8173110546870,#ffa500
 -98.0460404632009, 24.7763697962510,#ffa500
 -98.0621665013433, 24.7354031311061,#ffa500
 -98.0782281048759, 24.6944111605359,#ffa500
 -98.0942252340889, 24.6533939858867,#ffa500
 -98.1101578494318, 24.6123517085668,#ffa500
 -98.1260259115138, 24.5712844300470,#ffa500
 -98.1418293811037, 24.5301922518596,#ffa500
 -98.1575682191298, 24.4890752755985,#ffa500
 -98.1732423866802, 24.4479336029190,#ffa500
 -98.1888518450032, 24.4067673355375,#ffa500
 -98.2043965555067, 24.3655765752310,#ffa500
 -98.2198764797590, 24.3243614238373,#ffa500
 -98.2352915794883, 24.2831219832542,#ffa500
 -98.2506418165832, 24.2418583554399,#ffa500
 -98.2659271530926, 24.2005706424123,#ffa500
 -98.2811475512261, 24.1592589462485,#ffa500
 -98.2963029733535, 24.1179233690855,#ffa500
 -98.3113933820054, 24.0765640131187,#ffa500
 -98.3264187398732, 24.0351809806029,#ffa500
 -98.3413790098091, 23.9937743738509,#ffa500
 -98.3562741548261, 23.9523442952342,#ffa500
 -98.3711041380983, 23.9108908471821,#ffa500
 -98.3858689229609, 23.8694141321816,#ffa500
 -98.4005684729104, 23.8279142527776,#ffa500
 -98.4152027516043, 23.7863913115719,#ffa500
 -98.4297717228617, 23.7448454112234,#ffa500
 -98.4442753506632, 23.7032766544479,#ffa500
 -98.4587135991508, 23.6616851440176,#ffa500
 -98.4730864326282, 23.6200709827609,#ffa500
 -98.4873938155608, 23.5784342735624,#ffa500
 -98.5016357125759, 23.5367751193622,#ffa500
 -98.5158120884626, 23.4950936231560,#ffa500
 -98.5299229081720, 23.4533898879949,#ffa500
 -98.5439681368175, 23.4116640169846,#ffa500
 -98.5579477396743, 23.3699161132860,#ffa500
 -98.5718616821800, 23.3281462801141,#ffa500
 -98.5857099299348, 23.2863546207382,#ffa500
 -98.5994924487008, 23.2445412384817,#ffa500
 -98.6132092044031, 23.2027062367216,#ffa500
 -98.6268601631291, 23.1608497188883,#ffa500
 -98.6404452911289, 23.1189717884656,#ffa500
 -98.6539645548155, 23.0770725489899,#ffa500
 -98.6674179207646, 23.0351521040507,#ffa500
 -98.6808053557149, 22.9932105572895,#ffa500
 -98.6941268265680, 22.9512480124004,#ffa500
 -98.7073823003887, 22.9092645731290,#ffa500
 -98.7205717444050, 22.8672603432729,#ffa500
 -98.7336951260079, 22.8252354266808,#ffa500
 -98.7467524127520, 22.7831899272529,#ffa500
 -98.7597435723553, 22.7411239489399,#ffa500
 -98.7726685726990, 22.6990375957434,#ffa500
 -98.7855273818283, 22.6569309717153,#ffa500
 -98.7983199679516, 22.6148041809576,#ffa500
 -98.8110462994413, 22.5726573276222,#ffa500
 -98.8237063448337, 22.5304905159105,#ffa500
 -98.8363000728286, 22.4883038500734,#ffa500
 -98.8488274522902, 22.4460974344107,#ffa500
 -98.8612884522464, 22.4038713732712,#ffa500
 -98.8736830418893, 22.3616257710522,#ffa500
 -98.8860111905753, 22.3193607321992,#ffa500
 -98.8982728678250, 22.2770763612061,#ffa500
 -98.9104680433233, 22.2347727626141,#ffa500
 -98.9225966869195, 22.1924500410123,#ffa500
 -98.9346587686275, 22.1501083010370,#ffa500
 -98.9466542586257, 22.1077476473716,#ffa500
 -98.9585831272572, 22.0653681847459,#ffa500
 -98.9704453450296, 22.0229700179367,#ffa500
 -98.9822408826154, 21.9805532517666,#ffa500
 -98.9939697108522, 21.9381179911045,#ffa500
 -99.0056318007422, 21.8956643408650,#ffa500
 -99.0172271234527, 21.8531924060079,#ffa500
 -99.0287556503161, 21.8107022915385,#ffa500
 -99.0402173528299, 21.7681941025068,#ffa500
 -99.0516122026569, 21.7256679440078,#ffa500
 -99.0629401716252, 21.6831239211806,#ffa500
 -99.0742012317280, 21.6405621392087,#ffa500
 -99.0853953551241, 21.5979827033193,#ffa500
 -99.0965225141380, 21.5553857187835,#ffa500
 -99.1075826812593, 21.5127712909156,#ffa500
 -99.1185758291437, 21.4701395250730,#ffa500
 -99.1295019306122, 21.4274905266561,#ffa500
 -99.1403609586518, 21.3848244011078,#ffa500
 -99.1511528864152, 21.3421412539135,#ffa500
 -99.1618776872212, 21.2994411906004,#ffa500
 -99.1725353345543, 21.2567243167379,#ffa500
 -99.1831258020652, 21.2139907379366,#ffa500
 -99.1936490635705, 21.1712405598486,#ffa500
 -99.2041050930533, 21.1284738881670,#ffa500
 -99.2144938646625, 21.0856908286257,#ffa500
 -99.2248153527137, 21.0428914869991,#ffa500
 -99.2350695316885, 21.0000759691017,#ffa500
 -99.2452563762351, 20.9572443807883,#ffa500
 -99.2553758611681, 20.9143968279532,#ffa500
 -99.2654279614687, 20.8715334165303,#ffa500
 -99.2754126522846, 20.8286542524926,#ffa500
 -99.2853299089303, 20.7857594418520,#ffa500
 -99.2951797068870, 20.7428490906594,#ffa500
 -99.3049620218024, 20.6999233050037,#ffa500
 -99.3146768294915, 20.6569821910122,#ffa500
 -99.3243241059358, 20.6140258548501,#ffa500
 -99.3339038272840, 20.5710544027201,#ffa500
 -99.3434159698518, 20.5280679408625,#ffa500
 -99.3528605101218, 20.4850665755545,#ffa500
 -99.3622374247439, 20.4420504131102,#ffa500
 -99.3715466905352, 20.3990195598803,#ffa500
 -99.3807882844800, 20.3559741222519,#ffa500
 -99.3899621837298, 20.3129142066479,#ffa500
 -99.3990683656038, 20.2698399195274,#ffa500
 -99.4081068075881, 20.2267513673846,#ffa500
 -99.4170774873368, 20.1836486567493,#ffa500
 -99.4259803826713, 20.1405318941861,#ffa500
 -99.4348154715804, 20.0974011862945,#ffa500
 -99.4435827322209, 20.0542566397084,#ffa500
 -99.4522821429171, 20.0110983610958,#ffa500
 -99.4609136821611, 19.9679264571588,#ffa500
 -99.4694773286127, 19.9247410346331,#ffa500
 -99.4779730610997, 19.8815422002880,#ffa500
 -99.4864008586176, 19.8383300609258,#ffa500
 -99.4947607003302, 19.7951047233817,#ffa500
 -99.5030525655690, 19.7518662945234,#ffa500
 -99.5112764338336, 19.7086148812514,#ffa500
 -99.5194322847919, 19.6653505904978,#ffa500
 -99.5275200982797, 19.6220735292268,#ffa500
 -99.5355398543013, 19.5787838044342,#ffa500
 -99.5434915330291, 19.5354815231470,#ffa500
 -99.5513751148037, 19.4921667924233,#ffa500
 -99.5591905801343, 19.4488397193520,#ffa500
 -99.5669379096984, 19.4055004110523,#ffa500
 -99.5746170843418, 19.3621489746740,#ffa500
 -99.5822280850791, 19.3187855173967,#ffa500
 -99.5897708930933, 19.2754101464297,#ffa500
 -99.5972454897358, 19.2320229690118,#ffa500
 -99.6046518565271, 19.1886240924109,#ffa500
 -99.6119899751559, 19.1452136239240,#ffa500
 -99.6192598274800, 19.1017916708766,#ffa500
 -99.6264613955258, 19.0583583406226,#ffa500
 -99.6335946614885, 19.0149137405443,#ffa500
 -99.6406596077322, 18.9714579780514,#ffa500
 -99.6476562167901, 18.9279911605815,#ffa500
 -99.6545844713640, 18.8845133955996,#ffa500
 -99.6614443543250, 18.8410247905975,#ffa500
 -99.6682358487130, 18.7975254530941,#ffa500
 -99.6749589377372, 18.7540154906344,#ffa500
 -99.6816136047758, 18.7104950107902,#ffa500
 -99.6881998333762, 18.6669641211590,#ffa500
 -99.6947176072549, 18.6234229293640,#ffa500
 -99.7011669102978, 18.5798715430539,#ffa500
 -99.7075477265600, 18.5363100699028,#ffa500
 -99.7138600402659, 18.4927386176096,#ffa500
 -99.7201038358094, 18.4491572938977,#ffa500
 -99.7262790977536, 18.4055662065153,#ffa500
 -99.7323858108311, 18.3619654632343,#ffa500
 -99.7384239599441, 18.3183551718508,#ffa500
 -99.7443935301642, 18.2747354401844,#ffa500
 -99.7502945067325, 18.2311063760779,#ffa500
 -99.7561268750599, 18.1874680873975,#ffa500
 -99.7618906207268, 18.1438206820318,#ffa500
 -99.7675857294831, 18.1001642678923,#ffa500
 -99.7732121872485, 18.0564989529126,#ffa500
 -99.7787699801127, 18.0128248450483,#ffa500
 -99.7842590943348, 17.9691420522767,#ffa500
 -99.7896795163438, 17.9254506825968,#ffa500
 -99.7950312327386, 17.8817508440285,#ffa500
 -99.8003142302879, 17.8380426446129,#ffa500
 -99.8055284959303, 17.7943261924115,#ffa500
 -99.8106740167744, 17.7506015955064,#ffa500
 -99.8157507800987, 17.7068689619999,#ffa500
 -99.8207587733517, 17.6631284000140,#ffa500
 -99.8256979841519, 17.6193800176904,#ffa500
 -99.8305684002879, 17.5756239231900,#ffa500
 -99.8353700097183, 17.5318602246929,#ffa500
 -99.8401028005720, 17.4880890303981,#ffa500
 -99.8447667611478, 17.4443104485228,#ffa500
 -99.8493618799148, 17.4005245873027,#ffa500
 -99.8538881455124, 17.3567315549916,#ffa500
 -99.8583455467500, 17.3129314598607,#ffa500
 -99.8627340726075, 17.2691244101990,#ffa500
 -99.8670537122348, 17.2253105143125,#ffa500
 -99.8713044549524, 17.1814898805241,#ffa500
 -99.8754862902509, 17.1376626171735,#ffa500
 -99.8795992077915, 17.0938288326168,#ffa500
 -99.8836431974055, 17.0499886352259,#ffa500
 -99.8876182490949, 17.0061421333891,#ffa500
 -99.8915243530320, 16.9622894355097,#ffa500
 -99.8953614995595, 16.9184306500068,#ffa500
 -99.8991296791907, 16.8745658853143,#ffa500
 -99.9028288826094, 16.8306952498808,#ffa500
 -99.9064591006699, 16.7868188521698,#ffa500
 -99.9100203243970, 16.7429368006586,#ffa500
 -99.9135125449861, 16.6990492038388,#ffa500
 -99.9169357538033, 16.6551561702154,#ffa500
 -99.9202899423853, 16.6112578083072,#ffa500
 -99.9235751024393, 16.5673542266460,#ffa500
 -99.9267912258433, 16.5234455337764,#ffa500
 -99.9299383046460, 16.4795318382559,#ffa500
 -99.9330163310666, 16.4356132486540,#ffa500
 -99.9360252974953, 16.3916898735526,#ffa500
 -99.9389651964929, 16.3477618215454,#ffa500
 -99.9418360207908, 16.3038292012375,#ffa500
 -99.9446377632915, 16.2598921212455,#ffa500
 -99.9473704170681, 16.2159506901969,#ffa500
 -99.9500339753645, 16.1720050167299,#ffa500
 -99.9526284315955, 16.1280552094933,#ffa500
 -99.9551537793467, 16.0841013771462,#ffa500
 -99.9576100123746, 16.0401436283574,#ffa500
 -99.9599971246066, 15.9961820718056,#ffa500
 -99.9623151101408, 15.9522168161788,#ffa500
 -99.9645639632464, 15.9082479701743,#ffa500
 -99.9667436783635, 15.8642756424979,#ffa500
 -99.9688542501031, 15.8202999418646,#ffa500
 -99.9708956732472, 15.7763209769971,#ffa500
 -99.9728679427485, 15.7323388566267,#ffa500
 -99.9747710537311, 15.6883536894922,#ffa500
 -99.9766050014897, 15.6443655843399,#ffa500
 -99.9783697814902, 15.6003746499237,#ffa500
 -99.9800653893695, 15.5563809950041,#ffa500
 -99.9816918209355, 15.5123847283485,#ffa500
 -99.9832490721670, 15.4683859587309,#ffa500
 -99.9847371392139, 15.4243847949312,#ffa500
 -99.9861560183974, 15.3803813457354,#ffa500
 -99.9875057062094, 15.3363757199351,#ffa500
 -99.9887861993130, 15.2923680263273,#ffa500
 -99.9899974945424, 15.2483583737141,#ffa500
 -99.9911395889029, 15.2043468709025,#ffa500
 -99.9922124795709, 15.1603336267040,#ffa500
 -99.9932161638937, 15.1163187499344,#ffa500
 -99.9941506393899, 15.0723023494135,#ffa500
 -99.9950159037492, 15.0282845339651,#ffa500
 -99.9958119548324, 14.9842654124162,#ffa500
 -99.9965387906713, 14.9402450935972,#ffa500
 -99.9971964094690, 14.8962236863413,#ffa500
 -99.9977848095995, 14.8522012994848,#ffa500
 -99.9983039896082, 14.8081780418658,#ffa500
 -99.9987539482115, 14.7641540223251,#ffa500
 -99.9991346842969, 14.7201293497051,#ffa500
 -99.9994461969231, 14.6761041328499,#ffa500
 -99.9996884853200, 14.6320784806049,#ffa500
 -99.9998615488885, 14.5880525018166,#ffa500
 -99.9999653872007, 14.5440263053324,#ffa500
-100.0000000000000, 14.5000000000000,#ffa500
-100.0000000000000,  0.0000000000000,#ffa500
-100.0000000000000,-14.5000000000000,#ffa500
 -99.9999653872007,-14.5440263053324,#ffa500
 -99.9998615488885,-14.5880525018166,#ffa500
 -99.9996884853200,-14.6320784806049,#ffa500
 -99.9994461969231,-14.6761041328499,#ffa500
 -99.9991346842969,-14.7201293497051,#ffa500
 -99.9987539482115,-14.7641540223251,#ffa500
 -99.9983039896082,-14.8081780418658,#ffa500
 -99.9977848095995,-14.8522012994847,#ffa500
 -99.9971964094690,-14.8962236863413,#ffa500
 -99.9965387906713,-14.9402450935971,#ffa500
 -99.9958119548324,-14.9842654124162,#ffa500
 -99.9950159037492,-15.0282845339651,#ffa500
 -99.9941506393899,-15.0723023494135,#ffa500
 -99.9932161638937,-15.1163187499344,#ffa500
 -99.9922124795709,-15.1603336267040,#ffa500
 -99.9911395889029,-15.2043468709025,#ffa500
 -99.9899974945424,-15.2483583737141,#ffa500
 -99.9887861993130,-15.2923680263273,#ffa500
 -99.9875057062094,-15.3363757199351,#ffa500
 -99.9861560183974,-15.3803813457354,#ffa500
 -99.9847371392139,-15.4243847949312,#ffa500
 -99.9832490721670,-15.4683859587309,#ffa500
 -99.9816918209355,-15.5123847283485,#ffa500
 -99.9800653893695,-15.5563809950041,#ffa500
 -99.9783697814902,-15.6003746499237,#ffa500
 -99.9766050014897,-15.6443655843399,#ffa500
 -99.9747710537311,-15.6883536894922,#ffa500
 -99.9728679427485,-15.7323388566267,#ffa500
 -99.9708956732472,-15.7763209769971,#ffa500
 -99.9688542501031,-15.8202999418646,#ffa500
 -99.9667436783635,-15.8642756424979,#ffa500
 -99.9645639632464,-15.9082479701743,#ffa500
 -99.9623151101408,-15.9522168161788,#ffa500
 -99.9599971246066,-15.9961820718056,#ffa500
 -99.9576100123746,-16.0401436283574,#ffa500
 -99.9551537793467,-16.0841013771462,#ffa500
 -99.9526284315955,-16.1280552094933,#ffa500
 -99.9500339753645,-16.1720050167299,#ffa500
 -99.9473704170681,-16.2159506901969,#ffa500
 -99.9446377632915,-16.2598921212455,#ffa500
 -99.9418360207908,-16.3038292012375,#ffa500
 -99.9389651964929,-16.3477618215454,#ffa500
 -99.9360252974953,-16.3916898735526,#ffa500
 -99.9330163310666,-16.4356132486540,#ffa500
 -99.9299383046460,-16.4795318382559,#ffa500
 -99.9267912258433,-16.5234455337764,#ffa500
 -99.9235751024393,-16.5673542266460,#ffa500
 -99.9202899423853,-16.6112578083072,#ffa500
 -99.9169357538033,-16.6551561702154,#ffa500
 -99.9135125449861,-16.6990492038387,#ffa500
 -99.9100203243970,-16.7429368006586,#ffa500
 -99.9064591006699,-16.7868188521698,#ffa500
 -99.9028288826094,-16.8306952498808,#ffa500
 -99.8991296791907,-16.8745658853143,#ffa500
 -99.8953614995595,-16.9184306500068,#ffa500
 -99.8915243530320,-16.9622894355097,#ffa500
 -99.8876182490949,-17.0061421333891,#ffa500
 -99.8836431974055,-17.0499886352259,#ffa500
 -99.8795992077915,-17.0938288326168,#ffa500
 -99.8754862902509,-17.1376626171735,#ffa500
 -99.8713044549524,-17.1814898805241,#ffa500
 -99.8670537122348,-17.2253105143125,#ffa500
 -99.8627340726075,-17.2691244101990,#ffa500
 -99.8583455467500,-17.3129314598607,#ffa500
 -99.8538881455124,-17.3567315549916,#ffa500
 -99.8493618799148,-17.4005245873027,#ffa500
 -99.8447667611478,-17.4443104485228,#ffa500
 -99.8401028005720,-17.4880890303981,#ffa500
 -99.8353700097183,-17.5318602246929,#ffa500
 -99.8305684002879,-17.5756239231900,#ffa500
 -99.8256979841519,-17.6193800176904,#ffa500
 -99.8207587733517,-17.6631284000140,#ffa500
 -99.8157507800987,-17.7068689619999,#ffa500
 -99.8106740167744,-17.7506015955064,#ffa500
 -99.8055284959303,-17.7943261924115,#ffa500
 -99.8003142302879,-17.8380426446129,#ffa500
 -99.7950312327386,-17.8817508440285,#ffa500
 -99.7896795163438,-17.9254506825968,#ffa500
 -99.7842590943348,-17.9691420522767,#ffa500
 -99.7787699801127,-18.0128248450483,#ffa500
 -99.7732121872486,-18.0564989529126,#ffa500
 -99.7675857294831,-18.1001642678923,#ffa500
 -99.7618906207268,-18.1438206820318,#ffa500
 -99.7561268750599,-18.1874680873975,#ffa500
 -99.7502945067325,-18.2311063760779,#ffa500
 -99.7443935301642,-18.2747354401844,#ffa500
 -99.7384239599441,-18.3183551718508,#ffa500
 -99.7323858108311,-18.3619654632343,#ffa500
 -99.7262790977536,-18.4055662065153,#ffa500
 -99.7201038358094,-18.4491572938977,#ffa500
 -99.7138600402659,-18.4927386176096,#ffa500
 -99.7075477265600,-18.5363100699028,#ffa500
 -99.7011669102978,-18.5798715430539,#ffa500
 -99.6947176072549,-18.6234229293640,#ffa500
 -99.6881998333762,-18.6669641211590,#ffa500
 -99.6816136047758,-18.7104950107902,#ffa500
 -99.6749589377372,-18.7540154906344,#ffa500
 -99.6682358487130,-18.7975254530941,#ffa500
 -99.6614443543250,-18.8410247905975,#ffa500
 -99.6545844713640,-18.8845133955996,#ffa500
 -99.6476562167901,-18.9279911605815,#ffa500
 -99.6406596077322,-18.9714579780514,#ffa500
 -99.6335946614885,-19.0149137405443,#ffa500
 -99.6264613955258,-19.0583583406226,#ffa500
 -99.6192598274800,-19.1017916708766,#ffa500
 -99.6119899751559,-19.1452136239240,#ffa500
 -99.6046518565271,-19.1886240924109,#ffa500
 -99.5972454897358,-19.2320229690118,#ffa500
 -99.5897708930933,-19.2754101464297,#ffa500
 -99.5822280850791,-19.3187855173967,#ffa500
 -99.5746170843418,-19.3621489746740,#ffa500
 -99.5669379096984,-19.4055004110523,#ffa500
 -99.5591905801343,-19.4488397193520,#ffa500
 -99.5513751148037,-19.4921667924233,#ffa500
 -99.5434915330291,-19.5354815231470,#ffa500
 -99.5355398543013,-19.5787838044342,#ffa500
 -99.5275200982797,-19.6220735292268,#ffa500
 -99.5194322847919,-19.6653505904978,#ffa500
 -99.5112764338336,-19.7086148812514,#ffa500
 -99.5030525655690,-19.7518662945234,#ffa500
 -99.4947607003302,-19.7951047233817,#ffa500
 -99.4864008586176,-19.8383300609258,#ffa500
 -99.4779730610997,-19.8815422002880,#ffa500
 -99.4694773286127,-19.9247410346331,#ffa500
 -99.4609136821611,-19.9679264571588,#ffa500
 -99.4522821429171,-20.0110983610958,#ffa500
 -99.4435827322209,-20.0542566397084,#ffa500
 -99.4348154715804,-20.0974011862945,#ffa500
 -99.4259803826713,-20.1405318941861,#ffa500
 -99.4170774873368,-20.1836486567493,#ffa500
 -99.4081068075881,-20.2267513673846,#ffa500
 -99.3990683656038,-20.2698399195274,#ffa500
 -99.3899621837298,-20.3129142066479,#ffa500
 -99.3807882844800,-20.3559741222519,#ffa500
 -99.3715466905352,-20.3990195598803,#ffa500
 -99.3622374247439,-20.4420504131102,#ffa500
 -99.3528605101218,-20.4850665755545,#ffa500
 -99.3434159698518,-20.5280679408625,#ffa500
 -99.3339038272840,-20.5710544027201,#ffa500
 -99.3243241059358,-20.6140258548501,#ffa500
 -99.3146768294915,-20.6569821910122,#ffa500
 -99.3049620218024,-20.6999233050037,#ffa500
 -99.2951797068870,-20.7428490906594,#ffa500
 -99.2853299089303,-20.7857594418520,#ffa500
 -99.2754126522846,-20.8286542524926,#ffa500
 -99.2654279614687,-20.8715334165303,#ffa500
 -99.2553758611681,-20.9143968279532,#ffa500
 -99.2452563762351,-20.9572443807883,#ffa500
 -99.2350695316885,-21.0000759691017,#ffa500
 -99.2248153527137,-21.0428914869991,#ffa500
 -99.2144938646625,-21.0856908286257,#ffa500
 -99.2041050930533,-21.1284738881670,#ffa500
 -99.1936490635705,-21.1712405598486,#ffa500
 -99.1831258020652,-21.2139907379366,#ffa500
 -99.1725353345543,-21.2567243167379,#ffa500
 -99.1618776872212,-21.2994411906004,#ffa500
 -99.1511528864152,-21.3421412539135,#ffa500
 -99.1403609586518,-21.3848244011078,#ffa500
 -99.1295019306122,-21.4274905266561,#ffa500
 -99.1185758291437,-21.4701395250730,#ffa500
 -99.1075826812593,-21.5127712909156,#ffa500
 -99.0965225141380,-21.5553857187835,#ffa500
 -99.0853953551241,-21.5979827033193,#ffa500
 -99.0742012317280,-21.6405621392087,#ffa500
 -99.0629401716252,-21.6831239211806,#ffa500
 -99.0516122026569,-21.7256679440078,#ffa500
 -99.0402173528299,-21.7681941025068,#ffa500
 -99.0287556503161,-21.8107022915385,#ffa500
 -99.0172271234527,-21.8531924060079,#ffa500
 -99.0056318007422,-21.8956643408650,#ffa500
 -98.9939697108522,-21.9381179911045,#ffa500
 -98.9822408826154,-21.9805532517666,#ffa500
 -98.9704453450296,-22.0229700179366,#ffa500
 -98.9585831272572,-22.0653681847459,#ffa500
 -98.9466542586257,-22.1077476473715,#ffa500
 -98.9346587686275,-22.1501083010370,#ffa500
 -98.9225966869195,-22.1924500410123,#ffa500
 -98.9104680433233,-22.2347727626141,#ffa500
 -98.8982728678250,-22.2770763612061,#ffa500
 -98.8860111905753,-22.3193607321992,#ffa500
 -98.8736830418893,-22.3616257710522,#ffa500
 -98.8612884522464,-22.4038713732712,#ffa500
 -98.8488274522902,-22.4460974344107,#ffa500
 -98.8363000728286,-22.4883038500734,#ffa500
 -98.8237063448337,-22.5304905159105,#ffa500
 -98.8110462994413,-22.5726573276222,#ffa500
 -98.7983199679516,-22.6148041809576,#ffa500
 -98.7855273818283,-22.6569309717153,#ffa500
 -98.7726685726990,-22.6990375957434,#ffa500
 -98.7597435723553,-22.7411239489399,#ffa500
 -98.7467524127520,-22.7831899272529,#ffa500
 -98.7336951260079,-22.8252354266808,#ffa500
 -98.7205717444050,-22.8672603432729,#ffa500
 -98.7073823003887,-22.9092645731290,#ffa500
 -98.6941268265680,-22.9512480124004,#ffa500
 -98.6808053557149,-22.9932105572895,#ffa500
 -98.6674179207646,-23.0351521040507,#ffa500
 -98.6539645548155,-23.0770725489899,#ffa500
 -98.6404452911289,-23.1189717884656,#ffa500
 -98.6268601631291,-23.1608497188883,#ffa500
 -98.6132092044031,-23.2027062367216,#ffa500
 -98.5994924487008,-23.2445412384817,#ffa500
 -98.5857099299348,-23.2863546207382,#ffa500
 -98.5718616821800,-23.3281462801141,#ffa500
 -98.5579477396743,-23.3699161132860,#ffa500
 -98.5439681368175,-23.4116640169846,#ffa500
 -98.5299229081720,-23.4533898879949,#ffa500
 -98.5158120884626,-23.4950936231560,#ffa500
 -98.5016357125759,-23.5367751193622,#ffa500
 -98.4873938155608,-23.5784342735624,#ffa500
 -98.4730864326282,-23.6200709827609,#ffa500
 -98.4587135991508,-23.6616851440176,#ffa500
 -98.4442753506632,-23.7032766544479,#ffa500
 -98.4297717228617,-23.7448454112234,#ffa500
 -98.4152027516043,-23.7863913115719,#ffa500
 -98.4005684729104,-23.8279142527776,#ffa500
 -98.3858689229609,-23.8694141321816,#ffa500
 -98.3711041380983,-23.9108908471820,#ffa500
 -98.3562741548261,-23.9523442952342,#ffa500
 -98.3413790098091,-23.9937743738509,#ffa500
 -98.3264187398732,-24.0351809806029,#ffa500
 -98.3113933820054,-24.0765640131187,#ffa500
 -98.2963029733535,-24.1179233690854,#ffa500
 -98.2811475512261,-24.1592589462485,#ffa500
 -98.2659271530926,-24.2005706424123,#ffa500
 -98.2506418165832,-24.2418583554399,#ffa500
 -98.2352915794883,-24.2831219832542,#ffa500
 -98.2198764797590,-24.3243614238373,#ffa500
 -98.2043965555067,-24.3655765752310,#ffa500
 -98.1888518450032,-24.4067673355375,#ffa500
 -98.1732423866802,-24.4479336029190,#ffa500
 -98.1575682191298,-24.4890752755985,#ffa500
 -98.1418293811037,-24.5301922518596,#ffa500
 -98.1260259115138,-24.5712844300470,#ffa500
 -98.1101578494318,-24.6123517085668,#ffa500
 -98.0942252340889,-24.6533939858867,#ffa500
 -98.0782281048759,-24.6944111605359,#ffa500
 -98.0621665013433,-24.7354031311061,#ffa500
 -98.0460404632009,-24.7763697962510,#ffa500
 -98.0298500303178,-24.8173110546870,#ffa500
 -98.0135952427222,-24.8582268051932,#ffa500
 -97.9972761406015,-24.8991169466119,#ffa500
 -97.9808927643023,-24.9399813778486,#ffa500
 -97.9644451543297,-24.9808199978725,#ffa500
 -97.9479333513480,-25.0216327057165,#ffa500
 -97.9313573961799,-25.0624194004776,#ffa500
 -97.9147173298070,-25.1031799813170,#ffa500
 -97.8980131933691,-25.1439143474607,#ffa500
 -97.8812450281646,-25.1846223981994,#ffa500
 -97.8644128756502,-25.2253040328887,#ffa500
 -97.8475167774407,-25.2659591509498,#ffa500
 -97.8305567753091,-25.3065876518692,#ffa500
 -97.8135329111863,-25.3471894351994,#ffa500
 -97.7964452271611,-25.3877644005589,#ffa500
 -97.7792937654802,-25.4283124476323,#ffa500
 -97.7620785685478,-25.4688334761711,#ffa500
 -97.7447996789257,-25.5093273859934,#ffa500
 -97.7274571393335,-25.5497940769843,#ffa500
 -97.7100509926477,-25.5902334490964,#ffa500
 -97.6925812819023,-25.6306454023496,#ffa500
 -97.6750480502884,-25.6710298368317,#ffa500
 -97.6574513411542,-25.7113866526985,#ffa500
 -97.6397911980047,-25.7517157501742,#ffa500
 -97.6220676645020,-25.7920170295515,#ffa500
 -97.6042807844646,-25.8322903911917,#ffa500
 -97.5864306018679,-25.8725357355252,#ffa500
 -97.5685171608435,-25.9127529630519,#ffa500
 -97.5505405056797,-25.9529419743409,#ffa500
 -97.5325006808209,-25.9931026700312,#ffa500
 -97.5143977308678,-26.0332349508318,#ffa500
 -97.4962317005770,-26.0733387175219,#ffa500
 -97.4780026348612,-26.1134138709514,#ffa500
 -97.4597105787889,-26.1534603120406,#ffa500
 -97.4413555775843,-26.1934779417811,#ffa500
 -97.4229376766273,-26.2334666612355,#ffa500
 -97.4044569214532,-26.2734263715380,#ffa500
 -97.3859133577529,-26.3133569738945,#ffa500
 -97.3673070313723,-26.3532583695830,#ffa500
 -97.3486379883127,-26.3931304599533,#ffa500
 -97.3299062747303,-26.4329731464282,#ffa500
 -97.3111119369364,-26.4727863305027,#ffa500
 -97.2922550213971,-26.5125699137451,#ffa500
 -97.2733355747330,-26.5523237977967,#ffa500
 -97.2543536437195,-26.5920478843723,#ffa500
 -97.2353092752865,-26.6317420752603,#ffa500
 -97.2162025165181,-26.6714062723231,#ffa500
 -97.1970334146529,-26.7110403774971,#ffa500
 -97.1778020170834,-26.7506442927933,#ffa500
 -97.1585083713563,-26.7902179202973,#ffa500
 -97.1391525251720,-26.8297611621693,#ffa500
 -97.1197345263848,-26.8692739206451,#ffa500
 -97.1002544230027,-26.9087560980355,#ffa500
 -97.0807122631872,-26.9482075967271,#ffa500
 -97.0611080952531,-26.9876283191821,#ffa500
 -97.0414419676688,-27.0270181679392,#ffa500
 -97.0217139290556,-27.0663770456129,#ffa500
 -97.0019240281879,-27.1057048548948,#ffa500
 -96.9820723139933,-27.1450014985531,#ffa500
 -96.9621588355519,-27.1842668794328,#ffa500
 -96.9421836420968,-27.2235009004566,#ffa500
 -96.9221467830134,-27.2627034646244,#ffa500
 -96.9020483078396,-27.3018744750142,#ffa500
 -96.8818882662660,-27.3410138347817,#ffa500
 -96.8616667081348,-27.3801214471611,#ffa500
 -96.8413836834409,-27.4191972154649,#ffa500
 -96.8210392423308,-27.4582410430844,#ffa500
 -96.8006334351028,-27.4972528334898,#ffa500
 -96.7801663122072,-27.5362324902308,#ffa500
 -96.7596379242458,-27.5751799169361,#ffa500
 -96.7390483219716,-27.6140950173145,#ffa500
 -96.7183975562893,-27.6529776951544,#ffa500
 -96.6976856782547,-27.6918278543245,#ffa500
 -96.6769127390746,-27.7306453987739,#ffa500
 -96.6560787901068,-27.7694302325324,#ffa500
 -96.6351838828600,-27.8081822597105,#ffa500
 -96.6142280689936,-27.8469013845000,#ffa500
 -96.5932114003175,-27.8855875111738,#ffa500
 -96.5721339287922,-27.9242405440867,#ffa500
 -96.5509957065283,-27.9628603876750,#ffa500
 -96.5297967857868,-28.0014469464573,#ffa500
 -96.5085372189788,-28.0400001250344,#ffa500
 -96.4872170586650,-28.0785198280897,#ffa500
 -96.4658363575564,-28.1170059603891,#ffa500
 -96.4443951685133,-28.1554584267818,#ffa500
 -96.4228935445456,-28.1938771322001,#ffa500
 -96.4013315388128,-28.2322619816598,#ffa500
 -96.3797092046236,-28.2706128802604,#ffa500
 -96.3580265954357,-28.3089297331853,#ffa500
 -96.3362837648560,-28.3472124457021,#ffa500
 -96.3144807666402,-28.3854609231629,#ffa500
 -96.2926176546928,-28.4236750710043,#ffa500
 -96.2706944830670,-28.4618547947478,#ffa500
 -96.2487113059643,-28.5000000000000,#ffa500
 -96.2266681777346,-28.5381105924530,#ffa500
 -96.2045651528762,-28.5761864778842,#ffa500
 -96.1824022860353,-28.6142275621571,#ffa500
 -96.1601796320061,-28.6522337512210,#ffa500
 -96.1378972457306,-28.6902049511116,#ffa500
 -96.1155551822985,-28.7281410679511,#ffa500
 -96.0931534969470,-28.7660420079484,#ffa500
 -96.0706922450609,-28.8039076773994,#ffa500
 -96.0481714821719,-28.8417379826872,#ffa500
 -96.0255912639593,-28.8795328302822,#ffa500
 -96.0029516462489,-28.9172921267428,#ffa500
 -95.9802526850137,-28.9550157787148,#ffa500
 -95.9574944363733,-28.9927036929326,#ffa500
 -95.9346769565939,-29.0303557762187,#ffa500
 -95.9118003020882,-29.0679719354842,#ffa500
 -95.8888645294150,-29.1055520777291,#ffa500
 -95.8658696952795,-29.1430961100425,#ffa500
 -95.8428158565327,-29.1806039396025,#ffa500
 -95.8197030701717,-29.2180754736770,#ffa500
 -95.7965313933392,-29.2555106196235,#ffa500
 -95.7733008833235,-29.2929092848894,#ffa500
 -95.7500115975585,-29.3302713770126,#ffa500
 -95.7266635936231,-29.3675968036210,#ffa500
 -95.7032569292417,-29.4048854724334,#ffa500
 -95.6797916622836,-29.4421372912594,#ffa500
 -95.6562678507629,-29.4793521679998,#ffa500
 -95.6326855528386,-29.5165300106467,#ffa500
 -95.6090448268142,-29.5536707272836,#ffa500
 -95.5853457311377,-29.5907742260861,#ffa500
 -95.5615883244014,-29.6278404153214,#ffa500
 -95.5377726653417,-29.6648692033493,#ffa500
 -95.5138988128391,-29.7018604986220,#ffa500
 -95.4899668259180,-29.7388142096842,#ffa500
 -95.4659767637463,-29.7757302451738,#ffa500
 -95.4419286856359,-29.8126085138216,#ffa500
 -95.4178226510417,-29.8494489244519,#ffa500
 -95.3936587195622,-29.8862513859826,#ffa500
 -95.3694369509389,-29.9230158074254,#ffa500
 -95.3451574050562,-29.9597420978860,#ffa500
 -95.3208201419417,-29.9964301665644,#ffa500
 -95.2964252217652,-30.0330799227553,#ffa500
 -95.2719727048394,-30.0696912758477,#ffa500
 -95.2474626516194,-30.1062641353260,#ffa500
 -95.2228951227023,-30.1427984107694,#ffa500
 -95.1982701788276,-30.1792940118527,#ffa500
 -95.1735878808765,-30.2157508483462,#ffa500
 -95.1488482898721,-30.2521688301162,#ffa500
 -95.1240514669792,-30.2885478671250,#ffa500
 -95.0991974735040,-30.3248878694310,#ffa500
 -95.0742863708942,-30.3611887471893,#ffa500
 -95.0493182207385,-30.3974504106518,#ffa500
 -95.0242930847667,-30.4336727701671,#ffa500
 -94.9992110248495,-30.4698557361812,#ffa500
 -94.9740721029984,-30.5059992192374,#ffa500
 -94.9488763813655,-30.5421031299766,#ffa500
 -94.9236239222432,-30.5781673791375,#ffa500
 -94.8983147880642,-30.6141918775569,#ffa500
 -94.8729490414013,-30.6501765361700,#ffa500
 -94.8475267449675,-30.6861212660104,#ffa500
 -94.8220479616153,-30.7220259782103,#ffa500
 -94.7965127543371,-30.7578905840010,#ffa500
 -94.7709211862645,-30.7937149947128,#ffa500
 -94.7452733206688,-30.8294991217757,#ffa500
 -94.7195692209602,-30.8652428767188,#ffa500
 -94.6938089506882,-30.9009461711715,#ffa500
 -94.6679925735408,-30.9366089168629,#ffa500
 -94.6421201533451,-30.9722310256225,#ffa500
 -94.6161917540666,-31.0078124093803,#ffa500
 -94.5902074398091,-31.0433529801668,#ffa500
 -94.5641672748147,-31.0788526501136,#ffa500
 -94.5380713234638,-31.1143113314534,#ffa500
 -94.5119196502743,-31.1497289365200,#ffa500
 -94.4857123199023,-31.1851053777491,#ffa500
 -94.4594493971412,-31.2204405676780,#ffa500
 -94.4331309469220,-31.2557344189459,#ffa500
 -94.4067570343129,-31.2909868442945,#ffa500
 -94.3803277245192,-31.3261977565674,#ffa500
 -94.3538430828834,-31.3613670687115,#ffa500
 -94.3273031748844,-31.3964946937759,#ffa500
 -94.3007080661380,-31.4315805449133,#ffa500
 -94.2740578223965,-31.4666245353793,#ffa500
 -94.2473525095484,-31.5016265785333,#ffa500
 -94.2205921936184,-31.5365865878381,#ffa500
 -94.1937769407672,-31.5715044768606,#ffa500
 -94.1669068172912,-31.6063801592718,#ffa500
 -94.1399818896226,-31.6412135488472,#ffa500
 -94.1130022243291,-31.6760045594665,#ffa500
 -94.0859678881137,-31.7107531051146,#ffa500
 -94.0588789478144,-31.7454590998810,#ffa500
 -94.0317354704045,-31.7801224579607,#ffa500
 -94.0045375229919,-31.8147430936540,#ffa500
 -93.9772851728193,-31.8493209213668,#ffa500
 -93.9499784872638,-31.8838558556108,#ffa500
 -93.9226175338370,-31.9183478110039,#ffa500
 -93.8952023801844,-31.9527967022701,#ffa500
 -93.8677330940857,-31.9872024442399,#ffa500
 -93.8402097434544,-32.0215649518506,#ffa500
 -93.8126323963378,-32.0558841401462,#ffa500
 -93.7850011209163,-32.0901599242780,#ffa500
 -93.7573159855041,-32.1243922195044,#ffa500
 -93.7295770585482,-32.1585809411916,#ffa500
 -93.7017844086288,-32.1927260048132,#ffa500
 -93.6739381044589,-32.2268273259510,#ffa500
 -93.6460382148841,-32.2608848202948,#ffa500
 -93.6180848088824,-32.2948984036428,#ffa500
 -93.5900779555643,-32.3288679919017,#ffa500
 -93.5620177241723,-32.3627935010871,#ffa500
 -93.5339041840809,-32.3966748473236,#ffa500
 -93.5057374047964,-32.4305119468447,#ffa500
 -93.4775174559568,-32.4643047159937,#ffa500
 -93.4492444073314,-32.4980530712231,#ffa500
 -93.4209183288209,-32.5317569290955,#ffa500
 -93.3925392904571,-32.5654162062834,#ffa500
 -93.3641073624028,-32.5990308195695,#ffa500
 -93.3356226149513,-32.6326006858470,#ffa500
 -93.3070851185267,-32.6661257221197,#ffa500
 -93.2784949436835,-32.6996058455021,#ffa500
 -93.2498521611065,-32.7330409732200,#ffa500
 -93.2211568416104,-32.7664310226101,#ffa500
 -93.1924090561398,-32.7997759111210,#ffa500
 -93.1636088757691,-32.8330755563126,#ffa500
 -93.1347563717024,-32.8663298758567,#ffa500
 -93.1058516152727,-32.8995387875373,#ffa500
 -93.0768946779427,-32.9327022092505,#ffa500
 -93.0478856313038,-32.9658200590051,#ffa500
 -93.0188245470763,-32.9988922549223,#ffa500
 -92.9897114971091,-33.0319187152363,#ffa500
 -92.9605465533797,-33.0648993582944,#ffa500
 -92.9313297879939,-33.0978341025572,#ffa500
 -92.9020612731855,-33.1307228665986,#ffa500
 -92.8727410813162,-33.1635655691064,#ffa500
 -92.8433692848757,-33.1963621288822,#ffa500
 -92.8139459564812,-33.2291124648415,#ffa500
 -92.7844711688771,-33.2618164960144,#ffa500
 -92.7549449949352,-33.2944741415453,#ffa500
 -92.7253675076544,-33.3270853206932,#ffa500
 -92.6957387801604,-33.3596499528322,#ffa500
 -92.6660588857055,-33.3921679574514,#ffa500
 -92.6363278976686,-33.4246392541550,#ffa500
 -92.6065458895549,-33.4570637626629,#ffa500
 -92.5767129349957,-33.4894414028107,#ffa500
 -92.5468291077484,-33.5217720945495,#ffa500
 -92.5168944816959,-33.5540557579471,#ffa500
 -92.4869091308470,-33.5862923131869,#ffa500
 -92.4568731293357,-33.6184816805693,#ffa500
 -92.4267865514213,-33.6506237805110,#ffa500
 -92.3966494714881,-33.6827185335459,#ffa500
 -92.3664619640454,-33.7147658603245,#ffa500
 -92.3362241037269,-33.7467656816151,#ffa500
 -92.3059359652911,-33.7787179183030,#ffa500
 -92.2755976236206,-33.8106224913913,#ffa500
 -92.2452091537223,-33.8424793220011,#ffa500
 -92.2147706307267,-33.8742883313713,#ffa500
 -92.1842821298884,-33.9060494408591,#ffa500
 -92.1537437265854,-33.9377625719402,#ffa500
 -92.1231554963191,-33.9694276462089,#ffa500
 -92.0925175147141,-34.0010445853782,#ffa500
 -92.0618298575179,-34.0326133112802,#ffa500
 -92.0310926006011,-34.0641337458663,#ffa500
 -92.0003058199566,-34.0956058112070,#ffa500
 -91.9694695916999,-34.1270294294927,#ffa500
 -91.9385839920687,-34.1584045230334,#ffa500
 -91.9076490974229,-34.1897310142592,#ffa500
 -91.8766649842440,-34.2210088257201,#ffa500
 -91.8456317291355,-34.2522378800867,#ffa500
 -91.8145494088221,-34.2834181001501,#ffa500
 -91.7834181001501,-34.3145494088221,#ffa500
 -91.7522378800867,-34.3456317291355,#ffa500
 -91.7210088257201,-34.3766649842440,#ffa500
 -91.6897310142592,-34.4076490974229,#ffa500
 -91.6584045230334,-34.4385839920687,#ffa500
 -91.6270294294927,-34.4694695916999,#ffa500
 -91.5956058112070,-34.5003058199566,#ffa500
 -91.5641337458663,-34.5310926006011,#ffa500
 -91.5326133112802,-34.5618298575179,#ffa500
 -91.5010445853782,-34.5925175147141,#ffa500
 -91.4694276462089,-34.6231554963191,#ffa500
 -91.4377625719402,-34.6537437265854,#ffa500
 -91.4060494408591,-34.6842821298884,#ffa500
 -91.3742883313713,-34.7147706307267,#ffa500
 -91.3424793220011,-34.7452091537223,#ffa500
 -91.3106224913913,-34.7755976236206,#ffa500
 -91.2787179183030,-34.8059359652911,#ffa500
 -91.2467656816151,-34.8362241037269,#ffa500
 -91.2147658603245,-34.8664619640454,#ffa500
 -91.1827185335459,-34.8966494714881,#ffa500
 -91.1506237805110,-34.9267865514213,#ffa500
 -91.1184816805693,-34.9568731293357,#ffa500
 -91.0862923131869,-34.9869091308470,#ffa500
 -91.0540557579471,-35.0168944816959,#ffa500
 -91.0217720945496,-35.0468291077484,#ffa500
 -90.9894414028107,-35.0767129349957,#ffa500
 -90.9570637626629,-35.1065458895549,#ffa500
 -90.9246392541550,-35.1363278976686,#ffa500
 -90.8921679574514,-35.1660588857055,#ffa500
 -90.8596499528323,-35.1957387801604,#ffa500
 -90.8270853206932,-35.2253675076544,#ffa500
 -90.7944741415453,-35.2549449949352,#ffa500
 -90.7618164960144,-35.2844711688771,#ffa500
 -90.7291124648415,-35.3139459564812,#ffa500
 -90.6963621288822,-35.3433692848757,#ffa500
 -90.6635655691064,-35.3727410813162,#ffa500
 -90.6307228665986,-35.4020612731855,#ffa500
 -90.5978341025572,-35.4313297879939,#ffa500
 -90.5648993582944,-35.4605465533797,#ffa500
 -90.5319187152363,-35.4897114971091,#ffa500
 -90.4988922549223,-35.5188245470763,#ffa500
 -90.4658200590051,-35.5478856313038,#ffa500
 -90.4327022092505,-35.5768946779427,#ffa500
 -90.3995387875373,-35.6058516152727,#ffa500
 -90.3663298758567,-35.6347563717024,#ffa500
 -90.3330755563126,-35.6636088757691,#ffa500
 -90.2997759111210,-35.6924090561398,#ffa500
 -90.2664310226101,-35.7211568416103,#ffa500
 -90.2330409732200,-35.7498521611065,#ffa500
 -90.1996058455021,-35.7784949436835,#ffa500
 -90.1661257221197,-35.8070851185267,#ffa500
 -90.1326006858470,-35.8356226149513,#ffa500
 -90.0990308195695,-35.8641073624028,#ffa500
 -90.0654162062834,-35.8925392904571,#ffa500
 -90.0317569290955,-35.9209183288209,#ffa500
 -89.9980530712231,-35.9492444073314,#ffa500
 -89.9643047159937,-35.9775174559568,#ffa500
 -89.9305119468447,-36.0057374047964,#ffa500
 -89.8966748473236,-36.0339041840809,#ffa500
 -89.8627935010871,-36.0620177241723,#ffa500
 -89.8288679919017,-36.0900779555643,#ffa500
 -89.7948984036427,-36.1180848088824,#ffa500
 -89.7608848202948,-36.1460382148841,#ffa500
 -89.7268273259510,-36.1739381044589,#ffa500
 -89.6927260048132,-36.2017844086288,#ffa500
 -89.6585809411916,-36.2295770585482,#ffa500
 -89.6243922195044,-36.2573159855041,#ffa500
 -89.5901599242780,-36.2850011209163,#ffa500
 -89.5558841401462,-36.3126323963377,#ffa500
 -89.5215649518506,-36.3402097434544,#ffa500
 -89.4872024442399,-36.3677330940857,#ffa500
 -89.4527967022701,-36.3952023801844,#ffa500
 -89.4183478110039,-36.4226175338370,#ffa500
 -89.3838558556108,-36.4499784872638,#ffa500
 -89.3493209213668,-36.4772851728193,#ffa500
 -89.3147430936540,-36.5045375229919,#ffa500
 -89.2801224579607,-36.5317354704045,#ffa500
 -89.2454590998810,-36.5588789478144,#ffa500
 -89.2107531051146,-36.5859678881137,#ffa500
 -89.1760045594665,-36.6130022243291,#ffa500
 -89.1412135488472,-36.6399818896226,#ffa500
 -89.1063801592719,-36.6669068172912,#ffa500
 -89.0715044768606,-36.6937769407672,#ffa500
 -89.0365865878381,-36.7205921936184,#ffa500
 -89.0016265785333,-36.7473525095484,#ffa500
 -88.9666245353794,-36.7740578223965,#ffa500
 -88.9315805449133,-36.8007080661380,#ffa500
 -88.8964946937759,-36.8273031748844,#ffa500
 -88.8613670687115,-36.8538430828834,#ffa500
 -88.8261977565674,-36.8803277245192,#ffa500
 -88.7909868442945,-36.9067570343129,#ffa500
 -88.7557344189460,-36.9331309469220,#ffa500
 -88.7204405676780,-36.9594493971412,#ffa500
 -88.6851053777491,-36.9857123199023,#ffa500
 -88.6497289365200,-37.0119196502743,#ffa500
 -88.6143113314534,-37.0380713234638,#ffa500
 -88.5788526501136,-37.0641672748147,#ffa500
 -88.5433529801668,-37.0902074398091,#ffa500
 -88.5078124093803,-37.1161917540666,#ffa500
 -88.4722310256225,-37.1421201533451,#ffa500
 -88.4366089168629,-37.1679925735408,#ffa500
 -88.4009461711715,-37.1938089506882,#ffa500
 -88.3652428767188,-37.2195692209602,#ffa500
 -88.3294991217757,-37.2452733206688,#ffa500
 -88.2937149947128,-37.2709211862645,#ffa500
 -88.2578905840010,-37.2965127543371,#ffa500
 -88.2220259782103,-37.3220479616153,#ffa500
 -88.1861212660104,-37.3475267449675,#ffa500
 -88.1501765361700,-37.3729490414013,#ffa500
 -88.1141918775569,-37.3983147880642,#ffa500
 -88.0781673791375,-37.4236239222432,#ffa500
 -88.0421031299766,-37.4488763813655,#ffa500
 -88.0059992192374,-37.4740721029984,#ffa500
 -87.9698557361812,-37.4992110248495,#ffa500
 -87.9336727701671,-37.5242930847667,#ffa500
 -87.8974504106518,-37.5493182207385,#ffa500
 -87.8611887471893,-37.5742863708942,#ffa500
 -87.8248878694310,-37.5991974735040,#ffa500
 -87.7885478671250,-37.6240514669792,#ffa500
 -87.7521688301162,-37.6488482898721,#ffa500
 -87.7157508483462,-37.6735878808765,#ffa500
 -87.6792940118527,-37.6982701788276,#ffa500
 -87.6427984107694,-37.7228951227023,#ffa500
 -87.6062641353260,-37.7474626516194,#ffa500
 -87.5696912758477,-37.7719727048394,#ffa500
 -87.5330799227553,-37.7964252217652,#ffa500
 -87.4964301665644,-37.8208201419417,#ffa500
 -87.4597420978860,-37.8451574050562,#ffa500
 -87.4230158074254,-37.8694369509389,#ffa500
 -87.3862513859826,-37.8936587195622,#ffa500
 -87.3494489244519,-37.9178226510417,#ffa500
 -87.3126085138216,-37.9419286856359,#ffa500
 -87.2757302451738,-37.9659767637463,#ffa500
 -87.2388142096842,-37.9899668259180,#ffa500
 -87.2018604986220,-38.0138988128391,#ffa500
 -87.1648692033493,-38.0377726653417,#ffa500
 -87.1278404153214,-38.0615883244014,#ffa500
 -87.0907742260861,-38.0853457311377,#ffa500
 -87.0536707272836,-38.1090448268142,#ffa500
 -87.0165300106467,-38.1326855528386,#ffa500
 -86.9793521679998,-38.1562678507629,#ffa500
 -86.9421372912594,-38.1797916622836,#ffa500
 -86.9048854724334,-38.2032569292417,#ffa500
 -86.8675968036210,-38.2266635936231,#ffa500
 -86.8302713770126,-38.2500115975585,#ffa500
 -86.7929092848894,-38.2733008833235,#ffa500
 -86.7555106196235,-38.2965313933392,#ffa500
 -86.7180754736770,-38.3197030701717,#ffa500
 -86.6806039396025,-38.3428158565327,#ffa500
 -86.6430961100425,-38.3658696952795,#ffa500
 -86.6055520777291,-38.3888645294150,#ffa500
 -86.5679719354842,-38.4118003020882,#ffa500
 -86.5303557762187,-38.4346769565939,#ffa500
 -86.4927036929326,-38.4574944363733,#ffa500
 -86.4550157787148,-38.4802526850137,#ffa500
 -86.4172921267428,-38.5029516462489,#ffa500
 -86.3795328302822,-38.5255912639592,#ffa500
 -86.3417379826872,-38.5481714821719,#ffa500
 -86.3039076773995,-38.5706922450609,#ffa500
 -86.2660420079485,-38.5931534969470,#ffa500
 -86.2281410679511,-38.6155551822985,#ffa500
 -86.1902049511116,-38.6378972457306,#ffa500
 -86.1522337512210,-38.6601796320061,#ffa500
 -86.1142275621571,-38.6824022860353,#ffa500
 -86.0761864778842,-38.7045651528762,#ffa500
 -86.0381105924530,-38.7266681777346,#ffa500
 -86.0000000000000,-38.7487113059643,#ffa500
 -85.9618547947478,-38.7706944830670,#ffa500
 -85.9236750710043,-38.7926176546928,#ffa500
 -85.8854609231629,-38.8144807666402,#ffa500
 -85.8472124457021,-38.8362837648560,#ffa500
 -85.8089297331853,-38.8580265954357,#ffa500
 -85.7706128802604,-38.8797092046236,#ffa500
 -85.7322619816598,-38.9013315388128,#ffa500
 -85.6938771322001,-38.9228935445456,#ffa500
 -85.6554584267818,-38.9443951685133,#ffa500
 -85.6170059603891,-38.9658363575564,#ffa500
 -85.5785198280897,-38.9872170586650,#ffa500
 -85.5400001250345,-39.0085372189788,#ffa500
 -85.5014469464573,-39.0297967857868,#ffa500
 -85.4628603876750,-39.0509957065283,#ffa500
 -85.4242405440867,-39.0721339287922,#ffa500
 -85.3855875111738,-39.0932114003175,#ffa500
 -85.3469013845000,-39.1142280689936,#ffa500
 -85.3081822597105,-39.1351838828600,#ffa500
 -85.2694302325324,-39.1560787901068,#ffa500
 -85.2306453987739,-39.1769127390746,#ffa500
 -85.1918278543245,-39.1976856782547,#ffa500
 -85.1529776951544,-39.2183975562893,#ffa500
 -85.1140950173145,-39.2390483219716,#ffa500
 -85.0751799169362,-39.2596379242458,#ffa500
 -85.0362324902308,-39.2801663122072,#ffa500
 -84.9972528334899,-39.3006334351028,#ffa500
 -84.9582410430844,-39.3210392423308,#ffa500
 -84.9191972154649,-39.3413836834409,#ffa500
 -84.8801214471611,-39.3616667081348,#ffa500
 -84.8410138347817,-39.3818882662660,#ffa500
 -84.8018744750142,-39.4020483078396,#ffa500
 -84.7627034646244,-39.4221467830134,#ffa500
 -84.7235009004566,-39.4421836420968,#ffa500
 -84.6842668794328,-39.4621588355519,#ffa500
 -84.6450014985531,-39.4820723139933,#ffa500
 -84.6057048548949,-39.5019240281879,#ffa500
 -84.5663770456129,-39.5217139290555,#ffa500
 -84.5270181679392,-39.5414419676688,#ffa500
 -84.4876283191821,-39.5611080952531,#ffa500
 -84.4482075967271,-39.5807122631872,#ffa500
 -84.4087560980355,-39.6002544230027,#ffa500
 -84.3692739206451,-39.6197345263848,#ffa500
 -84.3297611621693,-39.6391525251720,#ffa500
 -84.2902179202973,-39.6585083713563,#ffa500
 -84.2506442927933,-39.6778020170834,#ffa500
 -84.2110403774971,-39.6970334146529,#ffa500
 -84.1714062723231,-39.7162025165181,#ffa500
 -84.1317420752603,-39.7353092752865,#ffa500
 -84.0920478843723,-39.7543536437195,#ffa500
 -84.0523237977967,-39.7733355747330,#ffa500
 -84.0125699137451,-39.7922550213971,#ffa500
 -83.9727863305027,-39.8111119369364,#ffa500
 -83.9329731464282,-39.8299062747303,#ffa500
 -83.8931304599533,-39.8486379883127,#ffa500
 -83.8532583695830,-39.8673070313723,#ffa500
 -83.8133569738945,-39.8859133577529,#ffa500
 -83.7734263715380,-39.9044569214532,#ffa500
 -83.7334666612355,-39.9229376766273,#ffa500
 -83.6934779417811,-39.9413555775843,#ffa500
 -83.6534603120406,-39.9597105787889,#ffa500
 -83.6134138709514,-39.9780026348612,#ffa500
 -83.5733387175219,-39.9962317005770,#ffa500
 -83.5332349508318,-40.0143977308678,#ffa500
 -83.4931026700312,-40.0325006808209,#ffa500
 -83.4529419743409,-40.0505405056797,#ffa500
 -83.4127529630519,-40.0685171608435,#ffa500
 -83.3725357355252,-40.0864306018679,#ffa500
 -83.3322903911917,-40.1042807844646,#ffa500
 -83.2920170295515,-40.1220676645020,#ffa500
 -83.2517157501742,-40.1397911980047,#ffa500
 -83.2113866526985,-40.1574513411542,#ffa500
 -83.1710298368317,-40.1750480502884,#ffa500
 -83.1306454023496,-40.1925812819023,#ffa500
 -83.0902334490964,-40.2100509926477,#ffa500
 -83.0497940769843,-40.2274571393335,#ffa500
 -83.0093273859934,-40.2447996789258,#ffa500
 -82.9688334761711,-40.2620785685478,#ffa500
 -82.9283124476323,-40.2792937654802,#ffa500
 -82.8877644005589,-40.2964452271611,#ffa500
 -82.8471894351994,-40.3135329111863,#ffa500
 -82.8065876518692,-40.3305567753091,#ffa500
 -82.7659591509498,-40.3475167774407,#ffa500
 -82.7253040328887,-40.3644128756502,#ffa500
 -82.6846223981994,-40.3812450281646,#ffa500
 -82.6439143474607,-40.3980131933691,#ffa500
 -82.6031799813170,-40.4147173298070,#ffa500
 -82.5624194004776,-40.4313573961799,#ffa500
 -82.5216327057165,-40.4479333513480,#ffa500
 -82.4808199978725,-40.4644451543297,#ffa500
 -82.4399813778486,-40.4808927643023,#ffa500
 -82.3991169466119,-40.4972761406015,#ffa500
 -82.3582268051932,-40.5135952427222,#ffa500
 -82.3173110546870,-40.5298500303178,#ffa500
 -82.2763697962510,-40.5460404632009,#ffa500
 -82.2354031311061,-40.5621665013433,#ffa500
 -82.1944111605359,-40.5782281048759,#ffa500
 -82.1533939858867,-40.5942252340889,#ffa500
 -82.1123517085668,-40.6101578494318,#ffa500
 -82.0712844300470,-40.6260259115138,#ffa500
 -82.0301922518596,-40.6418293811037,#ffa500
 -81.9890752755985,-40.6575682191298,#ffa500
 -81.9479336029190,-40.6732423866802,#ffa500
 -81.9067673355375,-40.6888518450032,#ffa500
 -81.8655765752310,-40.7043965555067,#ffa500
 -81.8243614238373,-40.7198764797590,#ffa500
 -81.7831219832542,-40.7352915794883,#ffa500
 -81.7418583554399,-40.7506418165832,#ffa500
 -81.7005706424123,-40.7659271530926,#ffa500
 -81.6592589462485,-40.7811475512261,#ffa500
 -81.6179233690855,-40.7963029733535,#ffa500
 -81.5765640131187,-40.8113933820054,#ffa500
 -81.5351809806029,-40.8264187398732,#ffa500
 -81.4937743738509,-40.8413790098091,#ffa500
 -81.4523442952342,-40.8562741548261,#ffa500
 -81.4108908471821,-40.8711041380983,#ffa500
 -81.3694141321816,-40.8858689229609,#ffa500
 -81.3279142527776,-40.9005684729104,#ffa500
 -81.2863913115719,-40.9152027516043,#ffa500
 -81.2448454112234,-40.9297717228617,#ffa500
 -81.2032766544479,-40.9442753506632,#ffa500
 -81.1616851440176,-40.9587135991508,#ffa500
 -81.1200709827609,-40.9730864326282,#ffa500
 -81.0784342735624,-40.9873938155608,#ffa500
 -81.0367751193622,-41.0016357125759,#ffa500
 -80.9950936231560,-41.0158120884626,#ffa500
 -80.9533898879949,-41.0299229081720,#ffa500
 -80.9116640169846,-41.0439681368175,#ffa500
 -80.8699161132860,-41.0579477396743,#ffa500
 -80.8281462801141,-41.0718616821800,#ffa500
 -80.7863546207382,-41.0857099299348,#ffa500
 -80.7445412384817,-41.0994924487008,#ffa500
 -80.7027062367216,-41.1132092044031,#ffa500
 -80.6608497188883,-41.1268601631291,#ffa500
 -80.6189717884656,-41.1404452911289,#ffa500
 -80.5770725489899,-41.1539645548155,#ffa500
 -80.5351521040507,-41.1674179207646,#ffa500
 -80.4932105572895,-41.1808053557149,#ffa500
 -80.4512480124004,-41.1941268265680,#ffa500
 -80.4092645731290,-41.2073823003887,#ffa500
 -80.3672603432729,-41.2205717444050,#ffa500
 -80.3252354266808,-41.2336951260079,#ffa500
 -80.2831899272529,-41.2467524127520,#ffa500
 -80.2411239489399,-41.2597435723553,#ffa500
 -80.1990375957434,-41.2726685726990,#ffa500
 -80.1569309717153,-41.2855273818283,#ffa500
 -80.1148041809576,-41.2983199679516,#ffa500
 -80.0726573276222,-41.3110462994413,#ffa500
 -80.0304905159105,-41.3237063448337,#ffa500
 -79.9883038500734,-41.3363000728286,#ffa500
 -79.9460974344107,-41.3488274522902,#ffa500
 -79.9038713732712,-41.3612884522464,#ffa500
 -79.8616257710522,-41.3736830418893,#ffa500
 -79.8193607321992,-41.3860111905753,#ffa500
 -79.7770763612061,-41.3982728678250,#ffa500
 -79.7347727626141,-41.4104680433233,#ffa500
 -79.6924500410123,-41.4225966869195,#ffa500
 -79.6501083010371,-41.4346587686275,#ffa500
 -79.6077476473716,-41.4466542586257,#ffa500
 -79.5653681847459,-41.4585831272572,#ffa500
 -79.5229700179367,-41.4704453450296,#ffa500
 -79.4805532517666,-41.4822408826154,#ffa500
 -79.4381179911045,-41.4939697108522,#ffa500
 -79.3956643408650,-41.5056318007422,#ffa500
 -79.3531924060079,-41.5172271234527,#ffa500
 -79.3107022915385,-41.5287556503161,#ffa500
 -79.2681941025068,-41.5402173528299,#ffa500
 -79.2256679440078,-41.5516122026569,#ffa500
 -79.1831239211806,-41.5629401716252,#ffa500
 -79.1405621392087,-41.5742012317280,#ffa500
 -79.0979827033193,-41.5853953551241,#ffa500
 -79.0553857187835,-41.5965225141380,#ffa500
 -79.0127712909156,-41.6075826812593,#ffa500
 -78.9701395250730,-41.6185758291437,#ffa500
 -78.9274905266561,-41.6295019306122,#ffa500
 -78.8848244011078,-41.6403609586518,#ffa500
 -78.8421412539135,-41.6511528864153,#ffa500
 -78.7994411906004,-41.6618776872212,#ffa500
 -78.7567243167379,-41.6725353345543,#ffa500
 -78.7139907379366,-41.6831258020652,#ffa500
 -78.6712405598486,-41.6936490635705,#ffa500
 -78.6284738881670,-41.7041050930533,#ffa500
 -78.5856908286257,-41.7144938646625,#ffa500
 -78.5428914869991,-41.7248153527137,#ffa500
 -78.5000759691017,-41.7350695316885,#ffa500
 -78.4572443807883,-41.7452563762351,#ffa500
 -78.4143968279532,-41.7553758611681,#ffa500
 -78.3715334165303,-41.7654279614687,#ffa500
 -78.3286542524926,-41.7754126522846,#ffa500
 -78.2857594418520,-41.7853299089303,#ffa500
 -78.2428490906594,-41.7951797068870,#ffa500
 -78.1999233050037,-41.8049620218024,#ffa500
 -78.1569821910122,-41.8146768294915,#ffa500
 -78.1140258548501,-41.8243241059358,#ffa500
 -78.0710544027201,-41.8339038272840,#ffa500
 -78.0280679408625,-41.8434159698518,#ffa500
 -77.9850665755545,-41.8528605101218,#ffa500
 -77.9420504131102,-41.8622374247439,#ffa500
 -77.8990195598803,-41.8715466905352,#ffa500
 -77.8559741222519,-41.8807882844800,#ffa500
 -77.8129142066479,-41.8899621837298,#ffa500
 -77.7698399195274,-41.8990683656038,#ffa500
 -77.7267513673846,-41.9081068075881,#ffa500
 -77.6836486567493,-41.9170774873368,#ffa500
 -77.6405318941862,-41.9259803826713,#ffa500
 -77.5974011862945,-41.9348154715804,#ffa500
 -77.5542566397084,-41.9435827322209,#ffa500
 -77.5110983610957,-41.9522821429171,#ffa500
 -77.4679264571588,-41.9609136821611,#ffa500
 -77.4247410346331,-41.9694773286127,#ffa500
 -77.3815422002881,-41.9779730610997,#ffa500
 -77.3383300609258,-41.9864008586176,#ffa500
 -77.2951047233817,-41.9947607003302,#ffa500
 -77.2518662945234,-42.0030525655690,#ffa500
 -77.2086148812514,-42.0112764338336,#ffa500
 -77.1653505904978,-42.0194322847919,#ffa500
 -77.1220735292268,-42.0275200982797,#ffa500
 -77.0787838044342,-42.0355398543013,#ffa500
 -77.0354815231470,-42.0434915330291,#ffa500
 -76.9921667924233,-42.0513751148037,#ffa500
 -76.9488397193520,-42.0591905801343,#ffa500
 -76.9055004110523,-42.0669379096984,#ffa500
 -76.8621489746741,-42.0746170843418,#ffa500
 -76.8187855173967,-42.0822280850791,#ffa500
 -76.7754101464297,-42.0897708930933,#ffa500
 -76.7320229690118,-42.0972454897358,#ffa500
 -76.6886240924109,-42.1046518565271,#ffa500
 -76.6452136239240,-42.1119899751559,#ffa500
 -76.6017916708766,-42.1192598274800,#ffa500
 -76.5583583406226,-42.1264613955258,#ffa500
 -76.5149137405443,-42.1335946614885,#ffa500
 -76.4714579780514,-42.1406596077322,#ffa500
 -76.4279911605815,-42.1476562167901,#ffa500
 -76.3845133955996,-42.1545844713640,#ffa500
 -76.3410247905975,-42.1614443543250,#ffa500
 -76.2975254530941,-42.1682358487130,#ffa500
 -76.2540154906344,-42.1749589377372,#ffa500
 -76.2104950107902,-42.1816136047758,#ffa500
 -76.1669641211590,-42.1881998333762,#ffa500
 -76.1234229293640,-42.1947176072549,#ffa500
 -76.0798715430539,-42.2011669102978,#ffa500
 -76.0363100699028,-42.2075477265600,#ffa500
 -75.9927386176096,-42.2138600402659,#ffa500
 -75.9491572938977,-42.2201038358094,#ffa500
 -75.9055662065153,-42.2262790977536,#ffa500
 -75.8619654632343,-42.2323858108311,#ffa500
 -75.8183551718508,-42.2384239599441,#ffa500
 -75.7747354401844,-42.2443935301642,#ffa500
 -75.7311063760779,-42.2502945067325,#ffa500
 -75.6874680873975,-42.2561268750599,#ffa500
 -75.6438206820318,-42.2618906207268,#ffa500
 -75.6001642678923,-42.2675857294831,#ffa500
 -75.5564989529126,-42.2732121872485,#ffa500
 -75.5128248450483,-42.2787699801127,#ffa500
 -75.4691420522768,-42.2842590943348,#ffa500
 -75.4254506825968,-42.2896795163438,#ffa500
 -75.3817508440285,-42.2950312327386,#ffa500
 -75.3380426446129,-42.3003142302879,#ffa500
 -75.2943261924115,-42.3055284959303,#ffa500
 -75.2506015955065,-42.3106740167744,#ffa500
 -75.2068689619999,-42.3157507800987,#ffa500
 -75.1631284000140,-42.3207587733517,#ffa500
 -75.1193800176904,-42.3256979841519,#ffa500
 -75.0756239231900,-42.3305684002879,#ffa500
 -75.0318602246929,-42.3353700097183,#ffa500
 -74.9880890303981,-42.3401028005720,#ffa500
 -74.9443104485228,-42.3447667611478,#ffa500
 -74.9005245873027,-42.3493618799148,#ffa500
 -74.8567315549916,-42.3538881455124,#ffa500
 -74.8129314598607,-42.3583455467500,#ffa500
 -74.7691244101990,-42.3627340726075,#ffa500
 -74.7253105143125,-42.3670537122348,#ffa500
 -74.6814898805241,-42.3713044549524,#ffa500
 -74.6376626171735,-42.3754862902509,#ffa500
 -74.5938288326168,-42.3795992077915,#ffa500
 -74.5499886352259,-42.3836431974055,#ffa500
 -74.5061421333891,-42.3876182490949,#ffa500
 -74.4622894355097,-42.3915243530320,#ffa500
 -74.4184306500068,-42.3953614995595,#ffa500
 -74.3745658853143,-42.3991296791907,#ffa500
 -74.3306952498808,-42.4028288826094,#ffa500
 -74.2868188521698,-42.4064591006699,#ffa500
 -74.2429368006586,-42.4100203243970,#ffa500
 -74.1990492038388,-42.4135125449861,#ffa500
 -74.1551561702154,-42.4169357538033,#ffa500
 -74.1112578083072,-42.4202899423853,#ffa500
 -74.0673542266460,-42.4235751024393,#ffa500
 -74.0234455337764,-42.4267912258433,#ffa500
 -73.9795318382559,-42.4299383046460,#ffa500
 -73.9356132486540,-42.4330163310666,#ffa500
 -73.8916898735526,-42.4360252974953,#ffa500
 -73.8477618215454,-42.4389651964929,#ffa500
 -73.8038292012375,-42.4418360207908,#ffa500
 -73.7598921212455,-42.4446377632915,#ffa500
 -73.7159506901969,-42.4473704170681,#ffa500
 -73.6720050167299,-42.4500339753645,#ffa500
 -73.6280552094933,-42.4526284315955,#ffa500
 -73.5841013771462,-42.4551537793467,#ffa500
 -73.5401436283574,-42.4576100123746,#ffa500
 -73.4961820718056,-42.4599971246066,#ffa500
 -73.4522168161788,-42.4623151101408,#ffa500
 -73.4082479701743,-42.4645639632464,#ffa500
 -73.3642756424979,-42.4667436783635,#ffa500
 -73.3202999418646,-42.4688542501031,#ffa500
 -73.2763209769971,-42.4708956732472,#ffa500
 -73.2323388566267,-42.4728679427485,#ffa500
 -73.1883536894922,-42.4747710537311,#ffa500
 -73.1443655843399,-42.4766050014897,#ffa500
 -73.1003746499237,-42.4783697814902,#ffa500
 -73.0563809950041,-42.4800653893695,#ffa500
 -73.0123847283485,-42.4816918209355,#ffa500
 -72.9683859587309,-42.4832490721670,#ffa500
 -72.9243847949312,-42.4847371392139,#ffa500
 -72.8803813457354,-42.4861560183974,#ffa500
 -72.8363757199351,-42.4875057062094,#ffa500
 -72.7923680263273,-42.4887861993130,#ffa500
 -72.7483583737141,-42.4899974945424,#ffa500
 -72.7043468709025,-42.4911395889029,#ffa500
 -72.6603336267040,-42.4922124795709,#ffa500
 -72.6163187499344,-42.4932161638937,#ffa500
 -72.5723023494135,-42.4941506393899,#ffa500
 -72.5282845339651,-42.4950159037492,#ffa500
 -72.4842654124162,-42.4958119548324,#ffa500
 -72.4402450935972,-42.4965387906713,#ffa500
 -72.3962236863413,-42.4971964094690,#ffa500
 -72.3522012994848,-42.4977848095995,#ffa500
 -72.3081780418658,-42.4983039896082,#ffa500
 -72.2641540223251,-42.4987539482115,#ffa500
 -72.2201293497051,-42.4991346842969,#ffa500
 -72.1761041328499,-42.4994461969231,#ffa500
 -72.1320784806049,-42.4996884853200,#ffa500
 -72.0880525018166,-42.4998615488885,#ffa500
 -72.0440263053324,-42.4999653872007,#ffa500
 -72.0000000000000,-42.5000000000000,#ffa500
   0.0000000000000,-42.5000000000000,#ffa500
   0.0000000000000,-42.7500000000000,#ffa500
 -72.0000000000000,-42.7500000000000,#ffa500
 -72.0444193973443,-42.7499650781579,#ffa500
 -72.0888386848685,-42.7498603127178,#ffa500
 -72.1332577527532,-42.7496857039389,#ffa500
 -72.1776764911789,-42.7494412522528,#ffa500
 -72.2220947903275,-42.7491269582638,#ffa500
 -72.2665125403816,-42.7487428227491,#ffa500
 -72.3109296315253,-42.7482888466583,#ffa500
 -72.3553459539444,-42.7477650311138,#ffa500
 -72.3997613978265,-42.7471713774107,#ffa500
 -72.4441758533614,-42.7465078870166,#ffa500
 -72.4885892107413,-42.7457745615720,#ffa500
 -72.5330013601612,-42.7449714028899,#ffa500
 -72.5774121918190,-42.7440984129559,#ffa500
 -72.6218215959159,-42.7431555939285,#ffa500
 -72.6662294626567,-42.7421429481385,#ffa500
 -72.7106356822499,-42.7410604780896,#ffa500
 -72.7550401449080,-42.7399081864580,#ffa500
 -72.7994427408481,-42.7386860760926,#ffa500
 -72.8438433602917,-42.7373941500148,#ffa500
 -72.8882418934652,-42.7360324114188,#ffa500
 -72.9326382306002,-42.7346008636712,#ffa500
 -72.9770322619338,-42.7330995103113,#ffa500
 -73.0214238777088,-42.7315283550510,#ffa500
 -73.0658129681738,-42.7298874017746,#ffa500
 -73.1101994235837,-42.7281766545392,#ffa500
 -73.1545831342001,-42.7263961175744,#ffa500
 -73.1989639902912,-42.7245457952823,#ffa500
 -73.2433418821323,-42.7226256922373,#ffa500
 -73.2877167000060,-42.7206358131869,#ffa500
 -73.3320883342026,-42.7185761630505,#ffa500
 -73.3764566750203,-42.7164467469204,#ffa500
 -73.4208216127651,-42.7142475700611,#ffa500
 -73.4651830377519,-42.7119786379099,#ffa500
 -73.5095408403039,-42.7096399560763,#ffa500
 -73.5538949107535,-42.7072315303423,#ffa500
 -73.5982451394421,-42.7047533666623,#ffa500
 -73.6425914167209,-42.7022054711633,#ffa500
 -73.6869336329507,-42.6995878501445,#ffa500
 -73.7312716785022,-42.6969005100776,#ffa500
 -73.7756054437566,-42.6941434576066,#ffa500
 -73.8199348191057,-42.6913166995479,#ffa500
 -73.8642596949520,-42.6884202428901,#ffa500
 -73.9085799617093,-42.6854540947944,#ffa500
 -73.9528955098027,-42.6824182625940,#ffa500
 -73.9972062296688,-42.6793127537946,#ffa500
 -74.0415120117566,-42.6761375760741,#ffa500
 -74.0858127465268,-42.6728927372825,#ffa500
 -74.1301083244528,-42.6695782454423,#ffa500
 -74.1743986360209,-42.6661941087480,#ffa500
 -74.2186835717302,-42.6627403355663,#ffa500
 -74.2629630220930,-42.6592169344362,#ffa500
 -74.3072368776356,-42.6556239140687,#ffa500
 -74.3515050288976,-42.6519612833470,#ffa500
 -74.3957673664331,-42.6482290513264,#ffa500
 -74.4400237808104,-42.6444272272342,#ffa500
 -74.4842741626125,-42.6405558204698,#ffa500
 -74.5285184024372,-42.6366148406047,#ffa500
 -74.5727563908976,-42.6326042973823,#ffa500
 -74.6169880186223,-42.6285242007182,#ffa500
 -74.6612131762554,-42.6243745606996,#ffa500
 -74.7054317544574,-42.6201553875859,#ffa500
 -74.7496436439045,-42.6158666918083,#ffa500
 -74.7938487352901,-42.6115084839700,#ffa500
 -74.8380469193237,-42.6070807748460,#ffa500
 -74.8822380867326,-42.6025835753830,#ffa500
 -74.9264221282608,-42.5980168966998,#ffa500
 -74.9705989346703,-42.5933807500866,#ffa500
 -75.0147683967409,-42.5886751470056,#ffa500
 -75.0589304052705,-42.5839000990908,#ffa500
 -75.1030848510756,-42.5790556181476,#ffa500
 -75.1472316249912,-42.5741417161532,#ffa500
 -75.1913706178713,-42.5691584052566,#ffa500
 -75.2355017205892,-42.5641056977782,#ffa500
 -75.2796248240378,-42.5589836062099,#ffa500
 -75.3237398191294,-42.5537921432154,#ffa500
 -75.3678465967969,-42.5485313216297,#ffa500
 -75.4119450479930,-42.5432011544594,#ffa500
 -75.4560350636914,-42.5378016548826,#ffa500
 -75.5001165348864,-42.5323328362485,#ffa500
 -75.5441893525934,-42.5267947120780,#ffa500
 -75.5882534078493,-42.5211872960633,#ffa500
 -75.6323085917128,-42.5155106020677,#ffa500
 -75.6763547952642,-42.5097646441261,#ffa500
 -75.7203919096064,-42.5039494364444,#ffa500
 -75.7644198258643,-42.4980649933998,#ffa500
 -75.8084384351860,-42.4921113295406,#ffa500
 -75.8524476287423,-42.4860884595864,#ffa500
 -75.8964472977275,-42.4799963984278,#ffa500
 -75.9404373333592,-42.4738351611264,#ffa500
 -75.9844176268790,-42.4676047629148,#ffa500
 -76.0283880695525,-42.4613052191969,#ffa500
 -76.0723485526698,-42.4549365455472,#ffa500
 -76.1162989675455,-42.4484987577112,#ffa500
 -76.1602392055190,-42.4419918716054,#ffa500
 -76.2041691579550,-42.4354159033171,#ffa500
 -76.2480887162437,-42.4287708691042,#ffa500
 -76.2919977718008,-42.4220567853956,#ffa500
 -76.3358962160681,-42.4152736687908,#ffa500
 -76.3797839405136,-42.4084215360600,#ffa500
 -76.4236608366318,-42.4015004041440,#ffa500
 -76.4675267959439,-42.3945102901543,#ffa500
 -76.5113817099983,-42.3874512113727,#ffa500
 -76.5552254703705,-42.3803231852518,#ffa500
 -76.5990579686639,-42.3731262294144,#ffa500
 -76.6428790965094,-42.3658603616539,#ffa500
 -76.6866887455662,-42.3585255999341,#ffa500
 -76.7304868075217,-42.3511219623889,#ffa500
 -76.7742731740922,-42.3436494673228,#ffa500
 -76.8180477370228,-42.3361081332102,#ffa500
 -76.8618103880878,-42.3284979786959,#ffa500
 -76.9055610190908,-42.3208190225949,#ffa500
 -76.9492995218653,-42.3130712838921,#ffa500
 -76.9930257882747,-42.3052547817427,#ffa500
 -77.0367397102128,-42.2973695354716,#ffa500
 -77.0804411796037,-42.2894155645740,#ffa500
 -77.1241300884024,-42.2813928887147,#ffa500
 -77.1678063285949,-42.2733015277286,#ffa500
 -77.2114697921987,-42.2651415016203,#ffa500
 -77.2551203712625,-42.2569128305642,#ffa500
 -77.2987579578674,-42.2486155349044,#ffa500
 -77.3423824441261,-42.2402496351546,#ffa500
 -77.3859937221841,-42.2318151519981,#ffa500
 -77.4295916842192,-42.2233121062881,#ffa500
 -77.4731762224424,-42.2147405190467,#ffa500
 -77.5167472290977,-42.2061004114661,#ffa500
 -77.5603045964627,-42.1973918049075,#ffa500
 -77.6038482168486,-42.1886147209015,#ffa500
 -77.6473779826007,-42.1797691811481,#ffa500
 -77.6908937860985,-42.1708552075165,#ffa500
 -77.7343955197560,-42.1618728220452,#ffa500
 -77.7778830760220,-42.1528220469416,#ffa500
 -77.8213563473803,-42.1437029045824,#ffa500
 -77.8648152263502,-42.1345154175131,#ffa500
 -77.9082596054863,-42.1252596084486,#ffa500
 -77.9516893773793,-42.1159355002721,#ffa500
 -77.9951044346558,-42.1065431160363,#ffa500
 -78.0385046699791,-42.0970824789622,#ffa500
 -78.0818899760488,-42.0875536124397,#ffa500
 -78.1252602456016,-42.0779565400276,#ffa500
 -78.1686153714112,-42.0682912854531,#ffa500
 -78.2119552462891,-42.0585578726119,#ffa500
 -78.2552797630840,-42.0487563255685,#ffa500
 -78.2985888146831,-42.0388866685556,#ffa500
 -78.3418822940114,-42.0289489259743,#ffa500
 -78.3851600940327,-42.0189431223943,#ffa500
 -78.4284221077493,-42.0088692825532,#ffa500
 -78.4716682282028,-41.9987274313571,#ffa500
 -78.5148983484739,-41.9885175938800,#ffa500
 -78.5581123616830,-41.9782397953643,#ffa500
 -78.6013101609901,-41.9678940612201,#ffa500
 -78.6444916395956,-41.9574804170256,#ffa500
 -78.6876566907400,-41.9469988885270,#ffa500
 -78.7308052077044,-41.9364495016381,#ffa500
 -78.7739370838110,-41.9258322824408,#ffa500
 -78.8170522124231,-41.9151472571843,#ffa500
 -78.8601504869451,-41.9043944522857,#ffa500
 -78.9032318008234,-41.8935738943297,#ffa500
 -78.9462960475463,-41.8826856100683,#ffa500
 -78.9893431206441,-41.8717296264212,#ffa500
 -79.0323729136897,-41.8607059704753,#ffa500
 -79.0753853202987,-41.8496146694849,#ffa500
 -79.1183802341298,-41.8384557508713,#ffa500
 -79.1613575488847,-41.8272292422235,#ffa500
 -79.2043171583088,-41.8159351712970,#ffa500
 -79.2472589561912,-41.8045735660147,#ffa500
 -79.2901828363650,-41.7931444544664,#ffa500
 -79.3330886927078,-41.7816478649088,#ffa500
 -79.3759764191415,-41.7700838257653,#ffa500
 -79.4188459096330,-41.7584523656264,#ffa500
 -79.4616970581941,-41.7467535132488,#ffa500
 -79.5045297588823,-41.7349872975563,#ffa500
 -79.5473439058002,-41.7231537476388,#ffa500
 -79.5901393930968,-41.7112528927530,#ffa500
 -79.6329161149668,-41.6992847623220,#ffa500
 -79.6756739656517,-41.6872493859349,#ffa500
 -79.7184128394392,-41.6751467933474,#ffa500
 -79.7611326306642,-41.6629770144813,#ffa500
 -79.8038332337089,-41.6507400794244,#ffa500
 -79.8465145430025,-41.6384360184306,#ffa500
 -79.8891764530225,-41.6260648619197,#ffa500
 -79.9318188582937,-41.6136266404776,#ffa500
 -79.9744416533897,-41.6011213848557,#ffa500
 -80.0170447329322,-41.5885491259714,#ffa500
 -80.0596279915919,-41.5759098949075,#ffa500
 -80.1021913240883,-41.5632037229126,#ffa500
 -80.1447346251903,-41.5504306414006,#ffa500
 -80.1872577897162,-41.5375906819512,#ffa500
 -80.2297607125342,-41.5246838763089,#ffa500
 -80.2722432885625,-41.5117102563838,#ffa500
 -80.3147054127697,-41.4986698542513,#ffa500
 -80.3571469801748,-41.4855627021516,#ffa500
 -80.3995678858476,-41.4723888324901,#ffa500
 -80.4419680249092,-41.4591482778372,#ffa500
 -80.4843472925320,-41.4458410709279,#ffa500
 -80.5267055839397,-41.4324672446624,#ffa500
 -80.5690427944082,-41.4190268321052,#ffa500
 -80.6113588192654,-41.4055198664858,#ffa500
 -80.6536535538916,-41.3919463811978,#ffa500
 -80.6959268937197,-41.3783064097997,#ffa500
 -80.7381787342355,-41.3645999860142,#ffa500
 -80.7804089709780,-41.3508271437282,#ffa500
 -80.8226174995396,-41.3369879169928,#ffa500
 -80.8648042155662,-41.3230823400235,#ffa500
 -80.9069690147579,-41.3091104471995,#ffa500
 -80.9491117928689,-41.2950722730642,#ffa500
 -80.9912324457077,-41.2809678523248,#ffa500
 -81.0333308691377,-41.2667972198521,#ffa500
 -81.0754069590771,-41.2525604106810,#ffa500
 -81.1174606114993,-41.2382574600096,#ffa500
 -81.1594917224335,-41.2238884031997,#ffa500
 -81.2015001879642,-41.2094532757766,#ffa500
 -81.2434859042320,-41.1949521134289,#ffa500
 -81.2854487674341,-41.1803849520084,#ffa500
 -81.3273886738236,-41.1657518275301,#ffa500
 -81.3693055197109,-41.1510527761722,#ffa500
 -81.4111992014631,-41.1362878342756,#ffa500
 -81.4530696155047,-41.1214570383445,#ffa500
 -81.4949166583176,-41.1065604250456,#ffa500
 -81.5367402264416,-41.0915980312085,#ffa500
 -81.5785402164746,-41.0765698938253,#ffa500
 -81.6203165250725,-41.0614760500507,#ffa500
 -81.6620690489501,-41.0463165372019,#ffa500
 -81.7037976848809,-41.0310913927584,#ffa500
 -81.7455023296972,-41.0158006543620,#ffa500
 -81.7871828802909,-41.0004443598167,#ffa500
 -81.8288392336135,-40.9850225470884,#ffa500
 -81.8704712866761,-40.9695352543051,#ffa500
 -81.9120789365501,-40.9539825197568,#ffa500
 -81.9536620803670,-40.9383643818952,#ffa500
 -81.9952206153191,-40.9226808793336,#ffa500
 -82.0367544386594,-40.9069320508470,#ffa500
 -82.0782634477020,-40.8911179353720,#ffa500
 -82.1197475398226,-40.8752385720064,#ffa500
 -82.1612066124581,-40.8592940000095,#ffa500
 -82.2026405631076,-40.8432842588017,#ffa500
 -82.2440492893321,-40.8272093879647,#ffa500
 -82.2854326887550,-40.8110694272409,#ffa500
 -82.3267906590624,-40.7948644165339,#ffa500
 -82.3681230980033,-40.7785943959081,#ffa500
 -82.4094299033896,-40.7622594055885,#ffa500
 -82.4507109730967,-40.7458594859608,#ffa500
 -82.4919662050638,-40.7293946775712,#ffa500
 -82.5331954972937,-40.7128650211264,#ffa500
 -82.5743987478535,-40.6962705574934,#ffa500
 -82.6155758548747,-40.6796113276993,#ffa500
 -82.6567267165533,-40.6628873729315,#ffa500
 -82.6978512311502,-40.6460987345374,#ffa500
 -82.7389492969916,-40.6292454540242,#ffa500
 -82.7800208124690,-40.6123275730590,#ffa500
 -82.8210656760395,-40.5953451334685,#ffa500
 -82.8620837862261,-40.5782981772393,#ffa500
 -82.9030750416180,-40.5611867465172,#ffa500
 -82.9440393408708,-40.5440108836076,#ffa500
 -82.9849765827067,-40.5267706309751,#ffa500
 -83.0258866659147,-40.5094660312434,#ffa500
 -83.0667694893512,-40.4920971271955,#ffa500
 -83.1076249519398,-40.4746639617733,#ffa500
 -83.1484529526717,-40.4571665780775,#ffa500
 -83.1892533906062,-40.4396050193677,#ffa500
 -83.2300261648705,-40.4219793290621,#ffa500
 -83.2707711746605,-40.4042895507374,#ffa500
 -83.3114883192405,-40.3865357281288,#ffa500
 -83.3521774979436,-40.3687179051298,#ffa500
 -83.3928386101725,-40.3508361257922,#ffa500
 -83.4334715553987,-40.3328904343259,#ffa500
 -83.4740762331639,-40.3148808750989,#ffa500
 -83.5146525430791,-40.2968074926368,#ffa500
 -83.5552003848261,-40.2786703316233,#ffa500
 -83.5957196581565,-40.2604694368997,#ffa500
 -83.6362102628928,-40.2422048534648,#ffa500
 -83.6766720989284,-40.2238766264750,#ffa500
 -83.7171050662277,-40.2054848012439,#ffa500
 -83.7575090648267,-40.1870294232424,#ffa500
 -83.7978839948327,-40.1685105380984,#ffa500
 -83.8382297564251,-40.1499281915972,#ffa500
 -83.8785462498553,-40.1312824296805,#ffa500
 -83.9188333754472,-40.1125732984471,#ffa500
 -83.9590910335971,-40.0938008441524,#ffa500
 -83.9993191247744,-40.0749651132083,#ffa500
 -84.0395175495213,-40.0560661521833,#ffa500
 -84.0796862084537,-40.0371040078020,#ffa500
 -84.1198250022607,-40.0180787269453,#ffa500
 -84.1599338317056,-39.9989903566502,#ffa500
 -84.2000125976256,-39.9798389441098,#ffa500
 -84.2400612009323,-39.9606245366729,#ffa500
 -84.2800795426117,-39.9413471818442,#ffa500
 -84.3200675237248,-39.9220069272837,#ffa500
 -84.3600250454076,-39.9026038208074,#ffa500
 -84.3999520088713,-39.8831379103863,#ffa500
 -84.4398483154030,-39.8636092441467,#ffa500
 -84.4797138663652,-39.8440178703704,#ffa500
 -84.5195485631966,-39.8243638374938,#ffa500
 -84.5593523074121,-39.8046471941085,#ffa500
 -84.5991250006034,-39.7848679889607,#ffa500
 -84.6388665444386,-39.7650262709515,#ffa500
 -84.6785768406631,-39.7451220891364,#ffa500
 -84.7182557910993,-39.7251554927253,#ffa500
 -84.7579032976473,-39.7051265310825,#ffa500
 -84.7975192622849,-39.6850352537265,#ffa500
 -84.8371035870678,-39.6648817103298,#ffa500
 -84.8766561741300,-39.6446659507188,#ffa500
 -84.9161769256840,-39.6243880248739,#ffa500
 -84.9556657440209,-39.6040479829291,#ffa500
 -84.9951225315108,-39.5836458751718,#ffa500
 -85.0345471906030,-39.5631817520431,#ffa500
 -85.0739396238262,-39.5426556641373,#ffa500
 -85.1132997337889,-39.5220676622020,#ffa500
 -85.1526274231793,-39.5014177971377,#ffa500
 -85.1919225947659,-39.4807061199980,#ffa500
 -85.2311851513977,-39.4599326819892,#ffa500
 -85.2704149960040,-39.4390975344705,#ffa500
 -85.3096120315953,-39.4182007289534,#ffa500
 -85.3487761612630,-39.3972423171020,#ffa500
 -85.3879072881800,-39.3762223507328,#ffa500
 -85.4270053156008,-39.3551408818141,#ffa500
 -85.4660701468616,-39.3339979624668,#ffa500
 -85.5051016853807,-39.3127936449632,#ffa500
 -85.5440998346589,-39.2915279817278,#ffa500
 -85.5830644982793,-39.2702010253366,#ffa500
 -85.6219955799078,-39.2488128285171,#ffa500
 -85.6608929832937,-39.2273634441482,#ffa500
 -85.6997566122690,-39.2058529252603,#ffa500
 -85.7385863707497,-39.1842813250346,#ffa500
 -85.7773821627352,-39.1626486968036,#ffa500
 -85.8161438923090,-39.1409550940505,#ffa500
 -85.8548714636389,-39.1192005704094,#ffa500
 -85.8935647809770,-39.0973851796649,#ffa500
 -85.9322237486601,-39.0755089757521,#ffa500
 -85.9708482711102,-39.0535720127565,#ffa500
 -86.0094382528340,-39.0315743449138,#ffa500
 -86.0479935984240,-39.0095160266097,#ffa500
 -86.0865142125580,-38.9873971123801,#ffa500
 -86.1250000000000,-38.9652176569104,#ffa500
 -86.1634508655999,-38.9429777150358,#ffa500
 -86.2018667142939,-38.9206773417412,#ffa500
 -86.2402474511049,-38.8983165921606,#ffa500
 -86.2785929811426,-38.8758955215776,#ffa500
 -86.3169032096037,-38.8534141854246,#ffa500
 -86.3551780417721,-38.8308726392833,#ffa500
 -86.3934173830194,-38.8082709388840,#ffa500
 -86.4316211388048,-38.7856091401060,#ffa500
 -86.4697892146755,-38.7628872989770,#ffa500
 -86.5079215162669,-38.7401054716732,#ffa500
 -86.5460179493030,-38.7172637145189,#ffa500
 -86.5840784195962,-38.6943620839870,#ffa500
 -86.6221028330481,-38.6714006366981,#ffa500
 -86.6600910956492,-38.6483794294207,#ffa500
 -86.6980431134796,-38.6252985190711,#ffa500
 -86.7359587927089,-38.6021579627133,#ffa500
 -86.7738380395964,-38.5789578175588,#ffa500
 -86.8116807604918,-38.5556981409660,#ffa500
 -86.8494868618348,-38.5323789904411,#ffa500
 -86.8872562501558,-38.5090004236369,#ffa500
 -86.9249888320760,-38.4855624983532,#ffa500
 -86.9626845143073,-38.4620652725367,#ffa500
 -87.0003432036533,-38.4385088042804,#ffa500
 -87.0379648070087,-38.4148931518242,#ffa500
 -87.0755492313600,-38.3912183735540,#ffa500
 -87.1130963837856,-38.3674845280019,#ffa500
 -87.1506061714560,-38.3436916738461,#ffa500
 -87.1880785016344,-38.3198398699108,#ffa500
 -87.2255132816761,-38.2959291751657,#ffa500
 -87.2629104190296,-38.2719596487264,#ffa500
 -87.3002698212364,-38.2479313498537,#ffa500
 -87.3375913959311,-38.2238443379538,#ffa500
 -87.3748750508421,-38.1996986725779,#ffa500
 -87.4121206937914,-38.1754944134226,#ffa500
 -87.4493282326950,-38.1512316203291,#ffa500
 -87.4864975755630,-38.1269103532832,#ffa500
 -87.5236286305003,-38.1025306724155,#ffa500
 -87.5607213057059,-38.0780926380008,#ffa500
 -87.5977755094742,-38.0535963104585,#ffa500
 -87.6347911501945,-38.0290417503519,#ffa500
 -87.6717681363513,-38.0044290183881,#ffa500
 -87.7087063765249,-37.9797581754183,#ffa500
 -87.7456057793914,-37.9550292824374,#ffa500
 -87.7824662537227,-37.9302424005836,#ffa500
 -87.8192877083871,-37.9053975911385,#ffa500
 -87.8560700523493,-37.8804949155272,#ffa500
 -87.8928131946709,-37.8555344353174,#ffa500
 -87.9295170445100,-37.8305162122201,#ffa500
 -87.9661815111223,-37.8054403080889,#ffa500
 -88.0028065038607,-37.7803067849200,#ffa500
 -88.0393919321755,-37.7551157048522,#ffa500
 -88.0759377056151,-37.7298671301664,#ffa500
 -88.1124437338257,-37.7045611232857,#ffa500
 -88.1489099265520,-37.6791977467752,#ffa500
 -88.1853361936371,-37.6537770633420,#ffa500
 -88.2217224450226,-37.6282991358346,#ffa500
 -88.2580685907494,-37.6027640272433,#ffa500
 -88.2943745409573,-37.5771718006996,#ffa500
 -88.3306402058855,-37.5515225194762,#ffa500
 -88.3668654958729,-37.5258162469869,#ffa500
 -88.4030503213581,-37.5000530467865,#ffa500
 -88.4391945928799,-37.4742329825705,#ffa500
 -88.4752982210772,-37.4483561181748,#ffa500
 -88.5113611166895,-37.4224225175760,#ffa500
 -88.5473831905570,-37.3964322448907,#ffa500
 -88.5833643536206,-37.3703853643760,#ffa500
 -88.6193045169227,-37.3442819404286,#ffa500
 -88.6552035916069,-37.3181220375850,#ffa500
 -88.6910614889183,-37.2919057205217,#ffa500
 -88.7268781202039,-37.2656330540541,#ffa500
 -88.7626533969128,-37.2393041031376,#ffa500
 -88.7983872305961,-37.2129189328661,#ffa500
 -88.8340795329076,-37.1864776084729,#ffa500
 -88.8697302156037,-37.1599801953300,#ffa500
 -88.9053391905437,-37.1334267589481,#ffa500
 -88.9409063696899,-37.1068173649764,#ffa500
 -88.9764316651082,-37.0801520792024,#ffa500
 -89.0119149889678,-37.0534309675520,#ffa500
 -89.0473562535418,-37.0266540960887,#ffa500
 -89.0827553712072,-36.9998215310142,#ffa500
 -89.1181122544452,-36.9729333386679,#ffa500
 -89.1534268158416,-36.9459895855265,#ffa500
 -89.1886989680866,-36.9189903382043,#ffa500
 -89.2239286239754,-36.8919356634526,#ffa500
 -89.2591156964082,-36.8648256281599,#ffa500
 -89.2942600983905,-36.8376602993514,#ffa500
 -89.3293617430332,-36.8104397441892,#ffa500
 -89.3644205435531,-36.7831640299718,#ffa500
 -89.3994364132728,-36.7558332241342,#ffa500
 -89.4344092656211,-36.7284473942474,#ffa500
 -89.4693390141331,-36.7010066080186,#ffa500
 -89.5042255724504,-36.6735109332909,#ffa500
 -89.5390688543216,-36.6459604380430,#ffa500
 -89.5738687736021,-36.6183551903891,#ffa500
 -89.6086252442546,-36.5906952585789,#ffa500
 -89.6433381803492,-36.5629807109972,#ffa500
 -89.6780074960635,-36.5352116161638,#ffa500
 -89.7126331056832,-36.5073880427336,#ffa500
 -89.7472149236019,-36.4795100594959,#ffa500
 -89.7817528643214,-36.4515777353746,#ffa500
 -89.8162468424522,-36.4235911394281,#ffa500
 -89.8506967727133,-36.3955503408487,#ffa500
 -89.8851025699327,-36.3674554089630,#ffa500
 -89.9194641490474,-36.3393064132313,#ffa500
 -89.9537814251038,-36.3111034232474,#ffa500
 -89.9880543132580,-36.2828465087390,#ffa500
 -90.0222827287754,-36.2545357395667,#ffa500
 -90.0564665870318,-36.2261711857245,#ffa500
 -90.0906058035130,-36.1977529173392,#ffa500
 -90.1247002938150,-36.1692810046707,#ffa500
 -90.1587499736447,-36.1407555181111,#ffa500
 -90.1927547588196,-36.1121765281854,#ffa500
 -90.2267145652681,-36.0835441055505,#ffa500
 -90.2606293090300,-36.0548583209956,#ffa500
 -90.2944989062564,-36.0261192454419,#ffa500
 -90.3283232732100,-35.9973269499421,#ffa500
 -90.3621023262655,-35.9684815056807,#ffa500
 -90.3958359819094,-35.9395829839735,#ffa500
 -90.4295241567406,-35.9106314562676,#ffa500
 -90.4631667674703,-35.8816269941410,#ffa500
 -90.4967637309225,-35.8525696693028,#ffa500
 -90.5303149640340,-35.8234595535926,#ffa500
 -90.5638203838546,-35.7942967189805,#ffa500
 -90.5972799075474,-35.7650812375672,#ffa500
 -90.6306934523891,-35.7358131815833,#ffa500
 -90.6640609357698,-35.7064926233895,#ffa500
 -90.6973822751938,-35.6771196354762,#ffa500
 -90.7306573882792,-35.6476942904635,#ffa500
 -90.7638861927586,-35.6182166611010,#ffa500
 -90.7970686064790,-35.5886868202675,#ffa500
 -90.8302045474020,-35.5591048409708,#ffa500
 -90.8632939336043,-35.5294707963478,#ffa500
 -90.8963366832776,-35.4997847596640,#ffa500
 -90.9293327147288,-35.4700468043135,#ffa500
 -90.9622819463805,-35.4402570038186,#ffa500
 -90.9951842967708,-35.4104154318299,#ffa500
 -91.0280396845540,-35.3805221621261,#ffa500
 -91.0608480285001,-35.3505772686136,#ffa500
 -91.0936092474957,-35.3205808253263,#ffa500
 -91.1263232605439,-35.2905329064259,#ffa500
 -91.1589899867643,-35.2604335862010,#ffa500
 -91.1916093453937,-35.2302829390676,#ffa500
 -91.2241812557859,-35.2000810395682,#ffa500
 -91.2567056374118,-35.1698279623724,#ffa500
 -91.2891824098601,-35.1395237822762,#ffa500
 -91.3216114928370,-35.1091685742018,#ffa500
 -91.3539928061668,-35.0787624131978,#ffa500
 -91.3863262697917,-35.0483053744386,#ffa500
 -91.4186118037724,-35.0177975332245,#ffa500
 -91.4508493282878,-34.9872389649812,#ffa500
 -91.4830387636359,-34.9566297452601,#ffa500
 -91.5151800302333,-34.9259699497376,#ffa500
 -91.5472730486157,-34.8952596542153,#ffa500
 -91.5793177394382,-34.8644989346195,#ffa500
 -91.6113140234754,-34.8336878670013,#ffa500
 -91.6432618216215,-34.8028265275362,#ffa500
 -91.6751610548905,-34.7719149925240,#ffa500
 -91.7070116444167,-34.7409533383886,#ffa500
 -91.7388135114544,-34.7099416416779,#ffa500
 -91.7705665773785,-34.6788799790633,#ffa500
 -91.8022707636846,-34.6477684273401,#ffa500
 -91.8339259919891,-34.6166070634265,#ffa500
 -91.8655321840293,-34.5853959643641,#ffa500
 -91.8970892616640,-34.5541352073176,#ffa500
 -91.9285971468732,-34.5228248695742,#ffa500
 -91.9600557617586,-34.4914650285438,#ffa500
 -91.9914650285437,-34.4600557617586,#ffa500
 -92.0228248695742,-34.4285971468732,#ffa500
 -92.0541352073176,-34.3970892616640,#ffa500
 -92.0853959643641,-34.3655321840293,#ffa500
 -92.1166070634265,-34.3339259919891,#ffa500
 -92.1477684273401,-34.3022707636846,#ffa500
 -92.1788799790633,-34.2705665773785,#ffa500
 -92.2099416416779,-34.2388135114544,#ffa500
 -92.2409533383886,-34.2070116444167,#ffa500
 -92.2719149925240,-34.1751610548905,#ffa500
 -92.3028265275362,-34.1432618216215,#ffa500
 -92.3336878670013,-34.1113140234754,#ffa500
 -92.3644989346195,-34.0793177394382,#ffa500
 -92.3952596542153,-34.0472730486157,#ffa500
 -92.4259699497376,-34.0151800302333,#ffa500
 -92.4566297452601,-33.9830387636359,#ffa500
 -92.4872389649812,-33.9508493282878,#ffa500
 -92.5177975332245,-33.9186118037724,#ffa500
 -92.5483053744386,-33.8863262697917,#ffa500
 -92.5787624131978,-33.8539928061668,#ffa500
 -92.6091685742018,-33.8216114928370,#ffa500
 -92.6395237822762,-33.7891824098601,#ffa500
 -92.6698279623724,-33.7567056374118,#ffa500
 -92.7000810395682,-33.7241812557859,#ffa500
 -92.7302829390676,-33.6916093453937,#ffa500
 -92.7604335862010,-33.6589899867643,#ffa500
 -92.7905329064259,-33.6263232605439,#ffa500
 -92.8205808253263,-33.5936092474957,#ffa500
 -92.8505772686136,-33.5608480285001,#ffa500
 -92.8805221621261,-33.5280396845540,#ffa500
 -92.9104154318299,-33.4951842967708,#ffa500
 -92.9402570038186,-33.4622819463805,#ffa500
 -92.9700468043135,-33.4293327147288,#ffa500
 -92.9997847596640,-33.3963366832776,#ffa500
 -93.0294707963478,-33.3632939336043,#ffa500
 -93.0591048409708,-33.3302045474020,#ffa500
 -93.0886868202675,-33.2970686064790,#ffa500
 -93.1182166611010,-33.2638861927586,#ffa500
 -93.1476942904635,-33.2306573882792,#ffa500
 -93.1771196354762,-33.1973822751938,#ffa500
 -93.2064926233895,-33.1640609357698,#ffa500
 -93.2358131815833,-33.1306934523891,#ffa500
 -93.2650812375672,-33.0972799075474,#ffa500
 -93.2942967189805,-33.0638203838546,#ffa500
 -93.3234595535926,-33.0303149640340,#ffa500
 -93.3525696693028,-32.9967637309225,#ffa500
 -93.3816269941410,-32.9631667674703,#ffa500
 -93.4106314562676,-32.9295241567406,#ffa500
 -93.4395829839735,-32.8958359819094,#ffa500
 -93.4684815056807,-32.8621023262655,#ffa500
 -93.4973269499421,-32.8283232732100,#ffa500
 -93.5261192454419,-32.7944989062564,#ffa500
 -93.5548583209956,-32.7606293090300,#ffa500
 -93.5835441055505,-32.7267145652681,#ffa500
 -93.6121765281854,-32.6927547588196,#ffa500
 -93.6407555181111,-32.6587499736447,#ffa500
 -93.6692810046707,-32.6247002938150,#ffa500
 -93.6977529173392,-32.5906058035130,#ffa500
 -93.7261711857244,-32.5564665870318,#ffa500
 -93.7545357395667,-32.5222827287754,#ffa500
 -93.7828465087390,-32.4880543132580,#ffa500
 -93.8111034232474,-32.4537814251038,#ffa500
 -93.8393064132313,-32.4194641490474,#ffa500
 -93.8674554089630,-32.3851025699327,#ffa500
 -93.8955503408487,-32.3506967727133,#ffa500
 -93.9235911394281,-32.3162468424522,#ffa500
 -93.9515777353747,-32.2817528643214,#ffa500
 -93.9795100594959,-32.2472149236019,#ffa500
 -94.0073880427336,-32.2126331056832,#ffa500
 -94.0352116161638,-32.1780074960635,#ffa500
 -94.0629807109972,-32.1433381803492,#ffa500
 -94.0906952585789,-32.1086252442546,#ffa500
 -94.1183551903891,-32.0738687736021,#ffa500
 -94.1459604380430,-32.0390688543216,#ffa500
 -94.1735109332909,-32.0042255724504,#ffa500
 -94.2010066080186,-31.9693390141331,#ffa500
 -94.2284473942474,-31.9344092656211,#ffa500
 -94.2558332241342,-31.8994364132728,#ffa500
 -94.2831640299718,-31.8644205435531,#ffa500
 -94.3104397441892,-31.8293617430332,#ffa500
 -94.3376602993514,-31.7942600983905,#ffa500
 -94.3648256281599,-31.7591156964082,#ffa500
 -94.3919356634526,-31.7239286239754,#ffa500
 -94.4189903382043,-31.6886989680866,#ffa500
 -94.4459895855265,-31.6534268158416,#ffa500
 -94.4729333386679,-31.6181122544452,#ffa500
 -94.4998215310142,-31.5827553712072,#ffa500
 -94.5266540960887,-31.5473562535418,#ffa500
 -94.5534309675520,-31.5119149889678,#ffa500
 -94.5801520792024,-31.4764316651082,#ffa500
 -94.6068173649764,-31.4409063696899,#ffa500
 -94.6334267589481,-31.4053391905437,#ffa500
 -94.6599801953300,-31.3697302156037,#ffa500
 -94.6864776084729,-31.3340795329076,#ffa500
 -94.7129189328661,-31.2983872305961,#ffa500
 -94.7393041031376,-31.2626533969128,#ffa500
 -94.7656330540541,-31.2268781202039,#ffa500
 -94.7919057205217,-31.1910614889183,#ffa500
 -94.8181220375850,-31.1552035916069,#ffa500
 -94.8442819404286,-31.1193045169227,#ffa500
 -94.8703853643760,-31.0833643536206,#ffa500
 -94.8964322448907,-31.0473831905570,#ffa500
 -94.9224225175760,-31.0113611166895,#ffa500
 -94.9483561181748,-30.9752982210772,#ffa500
 -94.9742329825705,-30.9391945928799,#ffa500
 -95.0000530467865,-30.9030503213581,#ffa500
 -95.0258162469869,-30.8668654958729,#ffa500
 -95.0515225194762,-30.8306402058855,#ffa500
 -95.0771718006996,-30.7943745409573,#ffa500
 -95.1027640272433,-30.7580685907494,#ffa500
 -95.1282991358346,-30.7217224450226,#ffa500
 -95.1537770633420,-30.6853361936371,#ffa500
 -95.1791977467752,-30.6489099265520,#ffa500
 -95.2045611232857,-30.6124437338257,#ffa500
 -95.2298671301664,-30.5759377056151,#ffa500
 -95.2551157048522,-30.5393919321755,#ffa500
 -95.2803067849200,-30.5028065038607,#ffa500
 -95.3054403080889,-30.4661815111223,#ffa500
 -95.3305162122201,-30.4295170445100,#ffa500
 -95.3555344353174,-30.3928131946709,#ffa500
 -95.3804949155272,-30.3560700523493,#ffa500
 -95.4053975911385,-30.3192877083871,#ffa500
 -95.4302424005836,-30.2824662537227,#ffa500
 -95.4550292824374,-30.2456057793914,#ffa500
 -95.4797581754183,-30.2087063765249,#ffa500
 -95.5044290183881,-30.1717681363513,#ffa500
 -95.5290417503519,-30.1347911501945,#ffa500
 -95.5535963104585,-30.0977755094742,#ffa500
 -95.5780926380008,-30.0607213057059,#ffa500
 -95.6025306724155,-30.0236286305003,#ffa500
 -95.6269103532832,-29.9864975755630,#ffa500
 -95.6512316203291,-29.9493282326950,#ffa500
 -95.6754944134227,-29.9121206937914,#ffa500
 -95.6996986725779,-29.8748750508421,#ffa500
 -95.7238443379538,-29.8375913959311,#ffa500
 -95.7479313498537,-29.8002698212364,#ffa500
 -95.7719596487264,-29.7629104190296,#ffa500
 -95.7959291751657,-29.7255132816761,#ffa500
 -95.8198398699108,-29.6880785016344,#ffa500
 -95.8436916738461,-29.6506061714561,#ffa500
 -95.8674845280019,-29.6130963837856,#ffa500
 -95.8912183735540,-29.5755492313600,#ffa500
 -95.9148931518242,-29.5379648070087,#ffa500
 -95.9385088042804,-29.5003432036533,#ffa500
 -95.9620652725367,-29.4626845143073,#ffa500
 -95.9855624983532,-29.4249888320760,#ffa500
 -96.0090004236369,-29.3872562501558,#ffa500
 -96.0323789904411,-29.3494868618348,#ffa500
 -96.0556981409660,-29.3116807604918,#ffa500
 -96.0789578175587,-29.2738380395964,#ffa500
 -96.1021579627133,-29.2359587927089,#ffa500
 -96.1252985190711,-29.1980431134796,#ffa500
 -96.1483794294207,-29.1600910956492,#ffa500
 -96.1714006366981,-29.1221028330481,#ffa500
 -96.1943620839870,-29.0840784195962,#ffa500
 -96.2172637145189,-29.0460179493030,#ffa500
 -96.2401054716732,-29.0079215162669,#ffa500
 -96.2628872989770,-28.9697892146755,#ffa500
 -96.2856091401060,-28.9316211388048,#ffa500
 -96.3082709388840,-28.8934173830194,#ffa500
 -96.3308726392833,-28.8551780417721,#ffa500
 -96.3534141854246,-28.8169032096037,#ffa500
 -96.3758955215775,-28.7785929811426,#ffa500
 -96.3983165921606,-28.7402474511049,#ffa500
 -96.4206773417412,-28.7018667142939,#ffa500
 -96.4429777150358,-28.6634508655999,#ffa500
 -96.4652176569104,-28.6250000000000,#ffa500
 -96.4873971123801,-28.5865142125580,#ffa500
 -96.5095160266097,-28.5479935984240,#ffa500
 -96.5315743449138,-28.5094382528340,#ffa500
 -96.5535720127565,-28.4708482711102,#ffa500
 -96.5755089757521,-28.4322237486601,#ffa500
 -96.5973851796649,-28.3935647809770,#ffa500
 -96.6192005704094,-28.3548714636389,#ffa500
 -96.6409550940505,-28.3161438923090,#ffa500
 -96.6626486968036,-28.2773821627352,#ffa500
 -96.6842813250346,-28.2385863707497,#ffa500
 -96.7058529252603,-28.1997566122690,#ffa500
 -96.7273634441482,-28.1608929832937,#ffa500
 -96.7488128285171,-28.1219955799078,#ffa500
 -96.7702010253366,-28.0830644982793,#ffa500
 -96.7915279817278,-28.0440998346589,#ffa500
 -96.8127936449632,-28.0051016853807,#ffa500
 -96.8339979624668,-27.9660701468616,#ffa500
 -96.8551408818141,-27.9270053156008,#ffa500
 -96.8762223507328,-27.8879072881800,#ffa500
 -96.8972423171020,-27.8487761612630,#ffa500
 -96.9182007289534,-27.8096120315953,#ffa500
 -96.9390975344705,-27.7704149960040,#ffa500
 -96.9599326819892,-27.7311851513977,#ffa500
 -96.9807061199980,-27.6919225947659,#ffa500
 -97.0014177971377,-27.6526274231793,#ffa500
 -97.0220676622019,-27.6132997337889,#ffa500
 -97.0426556641373,-27.5739396238262,#ffa500
 -97.0631817520431,-27.5345471906030,#ffa500
 -97.0836458751718,-27.4951225315108,#ffa500
 -97.1040479829290,-27.4556657440209,#ffa500
 -97.1243880248739,-27.4161769256840,#ffa500
 -97.1446659507188,-27.3766561741300,#ffa500
 -97.1648817103298,-27.3371035870678,#ffa500
 -97.1850352537265,-27.2975192622849,#ffa500
 -97.2051265310825,-27.2579032976473,#ffa500
 -97.2251554927253,-27.2182557910993,#ffa500
 -97.2451220891364,-27.1785768406631,#ffa500
 -97.2650262709515,-27.1388665444386,#ffa500
 -97.2848679889607,-27.0991250006034,#ffa500
 -97.3046471941085,-27.0593523074121,#ffa500
 -97.3243638374938,-27.0195485631966,#ffa500
 -97.3440178703704,-26.9797138663652,#ffa500
 -97.3636092441467,-26.9398483154030,#ffa500
 -97.3831379103863,-26.8999520088713,#ffa500
 -97.4026038208074,-26.8600250454075,#ffa500
 -97.4220069272837,-26.8200675237248,#ffa500
 -97.4413471818442,-26.7800795426117,#ffa500
 -97.4606245366729,-26.7400612009323,#ffa500
 -97.4798389441098,-26.7000125976257,#ffa500
 -97.4989903566502,-26.6599338317056,#ffa500
 -97.5180787269452,-26.6198250022607,#ffa500
 -97.5371040078020,-26.5796862084537,#ffa500
 -97.5560661521833,-26.5395175495213,#ffa500
 -97.5749651132083,-26.4993191247744,#ffa500
 -97.5938008441524,-26.4590910335971,#ffa500
 -97.6125732984471,-26.4188333754472,#ffa500
 -97.6312824296805,-26.3785462498553,#ffa500
 -97.6499281915972,-26.3382297564251,#ffa500
 -97.6685105380984,-26.2978839948327,#ffa500
 -97.6870294232424,-26.2575090648267,#ffa500
 -97.7054848012439,-26.2171050662277,#ffa500
 -97.7238766264750,-26.1766720989284,#ffa500
 -97.7422048534648,-26.1362102628928,#ffa500
 -97.7604694368997,-26.0957196581565,#ffa500
 -97.7786703316233,-26.0552003848261,#ffa500
 -97.7968074926368,-26.0146525430791,#ffa500
 -97.8148808750989,-25.9740762331638,#ffa500
 -97.8328904343259,-25.9334715553987,#ffa500
 -97.8508361257922,-25.8928386101725,#ffa500
 -97.8687179051298,-25.8521774979436,#ffa500
 -97.8865357281288,-25.8114883192405,#ffa500
 -97.9042895507374,-25.7707711746605,#ffa500
 -97.9219793290621,-25.7300261648705,#ffa500
 -97.9396050193677,-25.6892533906062,#ffa500
 -97.9571665780775,-25.6484529526717,#ffa500
 -97.9746639617733,-25.6076249519398,#ffa500
 -97.9920971271955,-25.5667694893512,#ffa500
 -98.0094660312434,-25.5258866659147,#ffa500
 -98.0267706309751,-25.4849765827067,#ffa500
 -98.0440108836076,-25.4440393408708,#ffa500
 -98.0611867465172,-25.4030750416180,#ffa500
 -98.0782981772393,-25.3620837862261,#ffa500
 -98.0953451334685,-25.3210656760395,#ffa500
 -98.1123275730590,-25.2800208124690,#ffa500
 -98.1292454540242,-25.2389492969916,#ffa500
 -98.1460987345374,-25.1978512311502,#ffa500
 -98.1628873729315,-25.1567267165533,#ffa500
 -98.1796113276993,-25.1155758548747,#ffa500
 -98.1962705574934,-25.0743987478535,#ffa500
 -98.2128650211264,-25.0331954972937,#ffa500
 -98.2293946775712,-24.9919662050638,#ffa500
 -98.2458594859608,-24.9507109730967,#ffa500
 -98.2622594055885,-24.9094299033896,#ffa500
 -98.2785943959081,-24.8681230980033,#ffa500
 -98.2948644165339,-24.8267906590624,#ffa500
 -98.3110694272409,-24.7854326887550,#ffa500
 -98.3272093879647,-24.7440492893321,#ffa500
 -98.3432842588017,-24.7026405631076,#ffa500
 -98.3592940000095,-24.6612066124581,#ffa500
 -98.3752385720064,-24.6197475398226,#ffa500
 -98.3911179353720,-24.5782634477020,#ffa500
 -98.4069320508470,-24.5367544386594,#ffa500
 -98.4226808793336,-24.4952206153191,#ffa500
 -98.4383643818952,-24.4536620803670,#ffa500
 -98.4539825197568,-24.4120789365501,#ffa500
 -98.4695352543051,-24.3704712866761,#ffa500
 -98.4850225470884,-24.3288392336135,#ffa500
 -98.5004443598167,-24.2871828802909,#ffa500
 -98.5158006543620,-24.2455023296972,#ffa500
 -98.5310913927584,-24.2037976848809,#ffa500
 -98.5463165372019,-24.1620690489501,#ffa500
 -98.5614760500507,-24.1203165250725,#ffa500
 -98.5765698938253,-24.0785402164746,#ffa500
 -98.5915980312085,-24.0367402264416,#ffa500
 -98.6065604250456,-23.9949166583176,#ffa500
 -98.6214570383445,-23.9530696155047,#ffa500
 -98.6362878342756,-23.9111992014631,#ffa500
 -98.6510527761722,-23.8693055197109,#ffa500
 -98.6657518275301,-23.8273886738236,#ffa500
 -98.6803849520084,-23.7854487674341,#ffa500
 -98.6949521134289,-23.7434859042321,#ffa500
 -98.7094532757766,-23.7015001879642,#ffa500
 -98.7238884031997,-23.6594917224335,#ffa500
 -98.7382574600096,-23.6174606114993,#ffa500
 -98.7525604106810,-23.5754069590771,#ffa500
 -98.7667972198521,-23.5333308691377,#ffa500
 -98.7809678523248,-23.4912324457077,#ffa500
 -98.7950722730642,-23.4491117928689,#ffa500
 -98.8091104471995,-23.4069690147579,#ffa500
 -98.8230823400235,-23.3648042155662,#ffa500
 -98.8369879169928,-23.3226174995396,#ffa500
 -98.8508271437282,-23.2804089709780,#ffa500
 -98.8645999860142,-23.2381787342355,#ffa500
 -98.8783064097997,-23.1959268937197,#ffa500
 -98.8919463811978,-23.1536535538916,#ffa500
 -98.9055198664857,-23.1113588192654,#ffa500
 -98.9190268321052,-23.0690427944082,#ffa500
 -98.9324672446624,-23.0267055839397,#ffa500
 -98.9458410709279,-22.9843472925320,#ffa500
 -98.9591482778372,-22.9419680249092,#ffa500
 -98.9723888324901,-22.8995678858476,#ffa500
 -98.9855627021516,-22.8571469801748,#ffa500
 -98.9986698542513,-22.8147054127697,#ffa500
 -99.0117102563838,-22.7722432885625,#ffa500
 -99.0246838763089,-22.7297607125342,#ffa500
 -99.0375906819511,-22.6872577897162,#ffa500
 -99.0504306414006,-22.6447346251903,#ffa500
 -99.0632037229126,-22.6021913240883,#ffa500
 -99.0759098949075,-22.5596279915919,#ffa500
 -99.0885491259714,-22.5170447329322,#ffa500
 -99.1011213848557,-22.4744416533897,#ffa500
 -99.1136266404776,-22.4318188582937,#ffa500
 -99.1260648619197,-22.3891764530225,#ffa500
 -99.1384360184306,-22.3465145430025,#ffa500
 -99.1507400794244,-22.3038332337089,#ffa500
 -99.1629770144813,-22.2611326306642,#ffa500
 -99.1751467933474,-22.2184128394392,#ffa500
 -99.1872493859349,-22.1756739656517,#ffa500
 -99.1992847623220,-22.1329161149668,#ffa500
 -99.2112528927530,-22.0901393930968,#ffa500
 -99.2231537476388,-22.0473439058002,#ffa500
 -99.2349872975563,-22.0045297588823,#ffa500
 -99.2467535132488,-21.9616970581941,#ffa500
 -99.2584523656264,-21.9188459096330,#ffa500
 -99.2700838257653,-21.8759764191415,#ffa500
 -99.2816478649088,-21.8330886927078,#ffa500
 -99.2931444544664,-21.7901828363650,#ffa500
 -99.3045735660147,-21.7472589561912,#ffa500
 -99.3159351712970,-21.7043171583088,#ffa500
 -99.3272292422235,-21.6613575488847,#ffa500
 -99.3384557508713,-21.6183802341298,#ffa500
 -99.3496146694849,-21.5753853202987,#ffa500
 -99.3607059704753,-21.5323729136897,#ffa500
 -99.3717296264212,-21.4893431206441,#ffa500
 -99.3826856100683,-21.4462960475463,#ffa500
 -99.3935738943297,-21.4032318008234,#ffa500
 -99.4043944522857,-21.3601504869451,#ffa500
 -99.4151472571843,-21.3170522124231,#ffa500
 -99.4258322824408,-21.2739370838110,#ffa500
 -99.4364495016381,-21.2308052077044,#ffa500
 -99.4469988885270,-21.1876566907400,#ffa500
 -99.4574804170256,-21.1444916395956,#ffa500
 -99.4678940612201,-21.1013101609901,#ffa500
 -99.4782397953643,-21.0581123616830,#ffa500
 -99.4885175938800,-21.0148983484739,#ffa500
 -99.4987274313571,-20.9716682282028,#ffa500
 -99.5088692825532,-20.9284221077493,#ffa500
 -99.5189431223943,-20.8851600940327,#ffa500
 -99.5289489259743,-20.8418822940114,#ffa500
 -99.5388866685556,-20.7985888146831,#ffa500
 -99.5487563255685,-20.7552797630840,#ffa500
 -99.5585578726119,-20.7119552462891,#ffa500
 -99.5682912854531,-20.6686153714112,#ffa500
 -99.5779565400276,-20.6252602456016,#ffa500
 -99.5875536124397,-20.5818899760488,#ffa500
 -99.5970824789622,-20.5385046699791,#ffa500
 -99.6065431160363,-20.4951044346559,#ffa500
 -99.6159355002721,-20.4516893773793,#ffa500
 -99.6252596084485,-20.4082596054863,#ffa500
 -99.6345154175131,-20.3648152263502,#ffa500
 -99.6437029045824,-20.3213563473803,#ffa500
 -99.6528220469416,-20.2778830760220,#ffa500
 -99.6618728220452,-20.2343955197560,#ffa500
 -99.6708552075165,-20.1908937860985,#ffa500
 -99.6797691811481,-20.1473779826007,#ffa500
 -99.6886147209015,-20.1038482168486,#ffa500
 -99.6973918049075,-20.0603045964627,#ffa500
 -99.7061004114661,-20.0167472290977,#ffa500
 -99.7147405190468,-19.9731762224424,#ffa500
 -99.7233121062881,-19.9295916842192,#ffa500
 -99.7318151519981,-19.8859937221841,#ffa500
 -99.7402496351546,-19.8423824441261,#ffa500
 -99.7486155349044,-19.7987579578674,#ffa500
 -99.7569128305642,-19.7551203712626,#ffa500
 -99.7651415016203,-19.7114697921987,#ffa500
 -99.7733015277286,-19.6678063285949,#ffa500
 -99.7813928887147,-19.6241300884024,#ffa500
 -99.7894155645740,-19.5804411796037,#ffa500
 -99.7973695354716,-19.5367397102128,#ffa500
 -99.8052547817427,-19.4930257882747,#ffa500
 -99.8130712838921,-19.4492995218653,#ffa500
 -99.8208190225949,-19.4055610190908,#ffa500
 -99.8284979786959,-19.3618103880878,#ffa500
 -99.8361081332102,-19.3180477370228,#ffa500
 -99.8436494673228,-19.2742731740922,#ffa500
 -99.8511219623889,-19.2304868075217,#ffa500
 -99.8585255999341,-19.1866887455662,#ffa500
 -99.8658603616539,-19.1428790965094,#ffa500
 -99.8731262294144,-19.0990579686639,#ffa500
 -99.8803231852518,-19.0552254703706,#ffa500
 -99.8874512113727,-19.0113817099983,#ffa500
 -99.8945102901543,-18.9675267959439,#ffa500
 -99.9015004041440,-18.9236608366318,#ffa500
 -99.9084215360600,-18.8797839405136,#ffa500
 -99.9152736687908,-18.8358962160681,#ffa500
 -99.9220567853956,-18.7919977718008,#ffa500
 -99.9287708691042,-18.7480887162437,#ffa500
 -99.9354159033171,-18.7041691579550,#ffa500
 -99.9419918716054,-18.6602392055190,#ffa500
 -99.9484987577112,-18.6162989675455,#ffa500
 -99.9549365455472,-18.5723485526698,#ffa500
 -99.9613052191969,-18.5283880695525,#ffa500
 -99.9676047629148,-18.4844176268790,#ffa500
 -99.9738351611264,-18.4404373333592,#ffa500
 -99.9799963984278,-18.3964472977275,#ffa500
 -99.9860884595864,-18.3524476287423,#ffa500
 -99.9921113295406,-18.3084384351860,#ffa500
 -99.9980649933998,-18.2644198258643,#ffa500
-100.0039494364444,-18.2203919096064,#ffa500
-100.0097646441261,-18.1763547952642,#ffa500
-100.0155106020677,-18.1323085917128,#ffa500
-100.0211872960633,-18.0882534078493,#ffa500
-100.0267947120780,-18.0441893525934,#ffa500
-100.0323328362485,-18.0001165348864,#ffa500
-100.0378016548826,-17.9560350636914,#ffa500
-100.0432011544594,-17.9119450479931,#ffa500
-100.0485313216297,-17.8678465967969,#ffa500
-100.0537921432154,-17.8237398191294,#ffa500
-100.0589836062099,-17.7796248240378,#ffa500
-100.0641056977782,-17.7355017205892,#ffa500
-100.0691584052566,-17.6913706178713,#ffa500
-100.0741417161532,-17.6472316249912,#ffa500
-100.0790556181476,-17.6030848510756,#ffa500
-100.0839000990908,-17.5589304052706,#ffa500
-100.0886751470056,-17.5147683967409,#ffa500
-100.0933807500866,-17.4705989346703,#ffa500
-100.0980168966998,-17.4264221282608,#ffa500
-100.1025835753830,-17.3822380867326,#ffa500
-100.1070807748460,-17.3380469193237,#ffa500
-100.1115084839700,-17.2938487352901,#ffa500
-100.1158666918083,-17.2496436439046,#ffa500
-100.1201553875859,-17.2054317544574,#ffa500
-100.1243745606996,-17.1612131762554,#ffa500
-100.1285242007182,-17.1169880186223,#ffa500
-100.1326042973823,-17.0727563908976,#ffa500
-100.1366148406047,-17.0285184024372,#ffa500
-100.1405558204698,-16.9842741626125,#ffa500
-100.1444272272342,-16.9400237808104,#ffa500
-100.1482290513264,-16.8957673664331,#ffa500
-100.1519612833470,-16.8515050288976,#ffa500
-100.1556239140687,-16.8072368776356,#ffa500
-100.1592169344362,-16.7629630220931,#ffa500
-100.1627403355663,-16.7186835717302,#ffa500
-100.1661941087480,-16.6743986360209,#ffa500
-100.1695782454423,-16.6301083244528,#ffa500
-100.1728927372825,-16.5858127465268,#ffa500
-100.1761375760741,-16.5415120117566,#ffa500
-100.1793127537946,-16.4972062296689,#ffa500
-100.1824182625940,-16.4528955098027,#ffa500
-100.1854540947944,-16.4085799617093,#ffa500
-100.1884202428901,-16.3642596949520,#ffa500
-100.1913166995479,-16.3199348191057,#ffa500
-100.1941434576066,-16.2756054437566,#ffa500
-100.1969005100776,-16.2312716785022,#ffa500
-100.1995878501445,-16.1869336329507,#ffa500
-100.2022054711633,-16.1425914167209,#ffa500
-100.2047533666623,-16.0982451394421,#ffa500
-100.2072315303423,-16.0538949107535,#ffa500
-100.2096399560763,-16.0095408403039,#ffa500
-100.2119786379099,-15.9651830377519,#ffa500
-100.2142475700611,-15.9208216127651,#ffa500
-100.2164467469204,-15.8764566750202,#ffa500
-100.2185761630505,-15.8320883342026,#ffa500
-100.2206358131869,-15.7877167000060,#ffa500
-100.2226256922373,-15.7433418821323,#ffa500
-100.2245457952823,-15.6989639902912,#ffa500
-100.2263961175744,-15.6545831342001,#ffa500
-100.2281766545392,-15.6101994235837,#ffa500
-100.2298874017746,-15.5658129681738,#ffa500
-100.2315283550510,-15.5214238777088,#ffa500
-100.2330995103113,-15.4770322619338,#ffa500
-100.2346008636712,-15.4326382306002,#ffa500
-100.2360324114188,-15.3882418934652,#ffa500
-100.2373941500148,-15.3438433602917,#ffa500
-100.2386860760926,-15.2994427408481,#ffa500
-100.2399081864580,-15.2550401449080,#ffa500
-100.2410604780896,-15.2106356822499,#ffa500
-100.2421429481385,-15.1662294626567,#ffa500
-100.2431555939285,-15.1218215959159,#ffa500
-100.2440984129559,-15.0774121918190,#ffa500
-100.2449714028899,-15.0330013601612,#ffa500
-100.2457745615720,-14.9885892107413,#ffa500
-100.2465078870166,-14.9441758533614,#ffa500
-100.2471713774107,-14.8997613978265,#ffa500
-100.2477650311138,-14.8553459539444,#ffa500
-100.2482888466583,-14.8109296315253,#ffa500
-100.2487428227491,-14.7665125403816,#ffa500
-100.2491269582638,-14.7220947903275,#ffa500
-100.2494412522528,-14.6776764911789,#ffa500
-100.2496857039389,-14.6332577527532,#ffa500
-100.2498603127178,-14.5888386848686,#ffa500
-100.2499650781579,-14.5444193973443,#ffa500
-100.2500000000000,-14.5000000000000,#ffa500
-100.2500000000000,  0.0000000000000,#ffa500
-100.2500000000000, 14.5000000000000,#ffa500
-100.2499650781579, 14.5444193973443,#ffa500
-100.2498603127178, 14.5888386848686,#ffa500
-100.2496857039389, 14.6332577527532,#ffa500
-100.2494412522528, 14.6776764911789,#ffa500
-100.2491269582638, 14.7220947903275,#ffa500
-100.2487428227491, 14.7665125403816,#ffa500
-100.2482888466583, 14.8109296315253,#ffa500
-100.2477650311138, 14.8553459539444,#ffa500
-100.2471713774107, 14.8997613978265,#ffa500
-100.2465078870166, 14.9441758533614,#ffa500
-100.2457745615720, 14.9885892107413,#ffa500
-100.2449714028899, 15.0330013601612,#ffa500
-100.2440984129559, 15.0774121918190,#ffa500
-100.2431555939285, 15.1218215959159,#ffa500
-100.2421429481385, 15.1662294626567,#ffa500
-100.2410604780896, 15.2106356822499,#ffa500
-100.2399081864580, 15.2550401449080,#ffa500
-100.2386860760926, 15.2994427408481,#ffa500
-100.2373941500148, 15.3438433602917,#ffa500
-100.2360324114188, 15.3882418934652,#ffa500
-100.2346008636712, 15.4326382306002,#ffa500
-100.2330995103113, 15.4770322619338,#ffa500
-100.2315283550510, 15.5214238777088,#ffa500
-100.2298874017746, 15.5658129681738,#ffa500
-100.2281766545392, 15.6101994235837,#ffa500
-100.2263961175744, 15.6545831342001,#ffa500
-100.2245457952823, 15.6989639902912,#ffa500
-100.2226256922373, 15.7433418821323,#ffa500
-100.2206358131869, 15.7877167000060,#ffa500
-100.2185761630505, 15.8320883342026,#ffa500
-100.2164467469204, 15.8764566750202,#ffa500
-100.2142475700611, 15.9208216127651,#ffa500
-100.2119786379099, 15.9651830377519,#ffa500
-100.2096399560763, 16.0095408403039,#ffa500
-100.2072315303423, 16.0538949107535,#ffa500
-100.2047533666623, 16.0982451394421,#ffa500
-100.2022054711633, 16.1425914167209,#ffa500
-100.1995878501445, 16.1869336329507,#ffa500
-100.1969005100776, 16.2312716785022,#ffa500
-100.1941434576066, 16.2756054437566,#ffa500
-100.1913166995479, 16.3199348191057,#ffa500
-100.1884202428901, 16.3642596949520,#ffa500
-100.1854540947944, 16.4085799617093,#ffa500
-100.1824182625940, 16.4528955098027,#ffa500
-100.1793127537946, 16.4972062296688,#ffa500
-100.1761375760741, 16.5415120117566,#ffa500
-100.1728927372825, 16.5858127465268,#ffa500
-100.1695782454423, 16.6301083244528,#ffa500
-100.1661941087480, 16.6743986360209,#ffa500
-100.1627403355663, 16.7186835717302,#ffa500
-100.1592169344362, 16.7629630220931,#ffa500
-100.1556239140687, 16.8072368776356,#ffa500
-100.1519612833470, 16.8515050288976,#ffa500
-100.1482290513264, 16.8957673664331,#ffa500
-100.1444272272342, 16.9400237808104,#ffa500
-100.1405558204698, 16.9842741626125,#ffa500
-100.1366148406047, 17.0285184024372,#ffa500
-100.1326042973823, 17.0727563908976,#ffa500
-100.1285242007182, 17.1169880186223,#ffa500
-100.1243745606996, 17.1612131762554,#ffa500
-100.1201553875859, 17.2054317544574,#ffa500
-100.1158666918083, 17.2496436439045,#ffa500
-100.1115084839700, 17.2938487352901,#ffa500
-100.1070807748460, 17.3380469193237,#ffa500
-100.1025835753830, 17.3822380867325,#ffa500
-100.0980168966998, 17.4264221282608,#ffa500
-100.0933807500866, 17.4705989346703,#ffa500
-100.0886751470056, 17.5147683967409,#ffa500
-100.0839000990908, 17.5589304052705,#ffa500
-100.0790556181476, 17.6030848510756,#ffa500
-100.0741417161532, 17.6472316249912,#ffa500
-100.0691584052566, 17.6913706178713,#ffa500
-100.0641056977782, 17.7355017205892,#ffa500
-100.0589836062099, 17.7796248240378,#ffa500
-100.0537921432154, 17.8237398191294,#ffa500
-100.0485313216297, 17.8678465967969,#ffa500
-100.0432011544594, 17.9119450479931,#ffa500
-100.0378016548826, 17.9560350636914,#ffa500
-100.0323328362485, 18.0001165348864,#ffa500
-100.0267947120780, 18.0441893525934,#ffa500
-100.0211872960633, 18.0882534078493,#ffa500
-100.0155106020677, 18.1323085917128,#ffa500
-100.0097646441261, 18.1763547952642,#ffa500
-100.0039494364444, 18.2203919096064,#ffa500
 -99.9980649933998, 18.2644198258643,#ffa500
 -99.9921113295406, 18.3084384351860,#ffa500
 -99.9860884595864, 18.3524476287423,#ffa500
 -99.9799963984278, 18.3964472977275,#ffa500
 -99.9738351611264, 18.4404373333592,#ffa500
 -99.9676047629148, 18.4844176268790,#ffa500
 -99.9613052191969, 18.5283880695525,#ffa500
 -99.9549365455472, 18.5723485526698,#ffa500
 -99.9484987577112, 18.6162989675455,#ffa500
 -99.9419918716054, 18.6602392055190,#ffa500
 -99.9354159033171, 18.7041691579550,#ffa500
 -99.9287708691042, 18.7480887162437,#ffa500
 -99.9220567853956, 18.7919977718008,#ffa500
 -99.9152736687908, 18.8358962160681,#ffa500
 -99.9084215360600, 18.8797839405136,#ffa500
 -99.9015004041440, 18.9236608366318,#ffa500
 -99.8945102901543, 18.9675267959439,#ffa500
 -99.8874512113727, 19.0113817099983,#ffa500
 -99.8803231852518, 19.0552254703706,#ffa500
 -99.8731262294144, 19.0990579686639,#ffa500
 -99.8658603616539, 19.1428790965094,#ffa500
 -99.8585255999341, 19.1866887455662,#ffa500
 -99.8511219623889, 19.2304868075217,#ffa500
 -99.8436494673228, 19.2742731740922,#ffa500
 -99.8361081332102, 19.3180477370228,#ffa500
 -99.8284979786959, 19.3618103880878,#ffa500
 -99.8208190225949, 19.4055610190908,#ffa500
 -99.8130712838921, 19.4492995218653,#ffa500
 -99.8052547817427, 19.4930257882747,#ffa500
 -99.7973695354716, 19.5367397102128,#ffa500
 -99.7894155645740, 19.5804411796037,#ffa500
 -99.7813928887147, 19.6241300884024,#ffa500
 -99.7733015277286, 19.6678063285949,#ffa500
 -99.7651415016203, 19.7114697921987,#ffa500
 -99.7569128305642, 19.7551203712625,#ffa500
 -99.7486155349044, 19.7987579578674,#ffa500
 -99.7402496351546, 19.8423824441261,#ffa500
 -99.7318151519981, 19.8859937221841,#ffa500
 -99.7233121062881, 19.9295916842192,#ffa500
 -99.7147405190468, 19.9731762224424,#ffa500
 -99.7061004114661, 20.0167472290977,#ffa500
 -99.6973918049075, 20.0603045964627,#ffa500
 -99.6886147209015, 20.1038482168486,#ffa500
 -99.6797691811481, 20.1473779826007,#ffa500
 -99.6708552075165, 20.1908937860985,#ffa500
 -99.6618728220452, 20.2343955197560,#ffa500
 -99.6528220469416, 20.2778830760220,#ffa500
 -99.6437029045824, 20.3213563473803,#ffa500
 -99.6345154175131, 20.3648152263502,#ffa500
 -99.6252596084485, 20.4082596054863,#ffa500
 -99.6159355002721, 20.4516893773793,#ffa500
 -99.6065431160363, 20.4951044346558,#ffa500
 -99.5970824789622, 20.5385046699791,#ffa500
 -99.5875536124397, 20.5818899760488,#ffa500
 -99.5779565400276, 20.6252602456016,#ffa500
 -99.5682912854531, 20.6686153714112,#ffa500
 -99.5585578726119, 20.7119552462891,#ffa500
 -99.5487563255685, 20.7552797630840,#ffa500
 -99.5388866685556, 20.7985888146831,#ffa500
 -99.5289489259743, 20.8418822940114,#ffa500
 -99.5189431223943, 20.8851600940327,#ffa500
 -99.5088692825532, 20.9284221077493,#ffa500
 -99.4987274313571, 20.9716682282028,#ffa500
 -99.4885175938800, 21.0148983484739,#ffa500
 -99.4782397953643, 21.0581123616830,#ffa500
 -99.4678940612201, 21.1013101609901,#ffa500
 -99.4574804170256, 21.1444916395956,#ffa500
 -99.4469988885270, 21.1876566907400,#ffa500
 -99.4364495016381, 21.2308052077044,#ffa500
 -99.4258322824408, 21.2739370838110,#ffa500
 -99.4151472571843, 21.3170522124231,#ffa500
 -99.4043944522857, 21.3601504869451,#ffa500
 -99.3935738943297, 21.4032318008234,#ffa500
 -99.3826856100683, 21.4462960475463,#ffa500
 -99.3717296264212, 21.4893431206441,#ffa500
 -99.3607059704753, 21.5323729136897,#ffa500
 -99.3496146694849, 21.5753853202987,#ffa500
 -99.3384557508713, 21.6183802341298,#ffa500
 -99.3272292422235, 21.6613575488847,#ffa500
 -99.3159351712970, 21.7043171583088,#ffa500
 -99.3045735660147, 21.7472589561912,#ffa500
 -99.2931444544664, 21.7901828363650,#ffa500
 -99.2816478649088, 21.8330886927078,#ffa500
 -99.2700838257653, 21.8759764191415,#ffa500
 -99.2584523656264, 21.9188459096330,#ffa500
 -99.2467535132488, 21.9616970581941,#ffa500
 -99.2349872975563, 22.0045297588823,#ffa500
 -99.2231537476388, 22.0473439058002,#ffa500
 -99.2112528927530, 22.0901393930968,#ffa500
 -99.1992847623220, 22.1329161149668,#ffa500
 -99.1872493859349, 22.1756739656517,#ffa500
 -99.1751467933474, 22.2184128394392,#ffa500
 -99.1629770144813, 22.2611326306642,#ffa500
 -99.1507400794244, 22.3038332337089,#ffa500
 -99.1384360184306, 22.3465145430025,#ffa500
 -99.1260648619197, 22.3891764530225,#ffa500
 -99.1136266404776, 22.4318188582937,#ffa500
 -99.1011213848557, 22.4744416533897,#ffa500
 -99.0885491259714, 22.5170447329322,#ffa500
 -99.0759098949075, 22.5596279915919,#ffa500
 -99.0632037229126, 22.6021913240883,#ffa500
 -99.0504306414006, 22.6447346251903,#ffa500
 -99.0375906819511, 22.6872577897162,#ffa500
 -99.0246838763089, 22.7297607125342,#ffa500
 -99.0117102563838, 22.7722432885625,#ffa500
 -98.9986698542513, 22.8147054127697,#ffa500
 -98.9855627021516, 22.8571469801748,#ffa500
 -98.9723888324901, 22.8995678858476,#ffa500
 -98.9591482778372, 22.9419680249092,#ffa500
 -98.9458410709279, 22.9843472925320,#ffa500
 -98.9324672446624, 23.0267055839397,#ffa500
 -98.9190268321052, 23.0690427944082,#ffa500
 -98.9055198664857, 23.1113588192654,#ffa500
 -98.8919463811978, 23.1536535538916,#ffa500
 -98.8783064097997, 23.1959268937197,#ffa500
 -98.8645999860142, 23.2381787342355,#ffa500
 -98.8508271437282, 23.2804089709780,#ffa500
 -98.8369879169928, 23.3226174995396,#ffa500
 -98.8230823400235, 23.3648042155662,#ffa500
 -98.8091104471995, 23.4069690147579,#ffa500
 -98.7950722730642, 23.4491117928689,#ffa500
 -98.7809678523248, 23.4912324457077,#ffa500
 -98.7667972198521, 23.5333308691377,#ffa500
 -98.7525604106810, 23.5754069590771,#ffa500
 -98.7382574600096, 23.6174606114993,#ffa500
 -98.7238884031997, 23.6594917224335,#ffa500
 -98.7094532757766, 23.7015001879642,#ffa500
 -98.6949521134289, 23.7434859042320,#ffa500
 -98.6803849520084, 23.7854487674341,#ffa500
 -98.6657518275301, 23.8273886738236,#ffa500
 -98.6510527761722, 23.8693055197109,#ffa500
 -98.6362878342756, 23.9111992014631,#ffa500
 -98.6214570383445, 23.9530696155047,#ffa500
 -98.6065604250456, 23.9949166583176,#ffa500
 -98.5915980312085, 24.0367402264416,#ffa500
 -98.5765698938253, 24.0785402164746,#ffa500
 -98.5614760500507, 24.1203165250725,#ffa500
 -98.5463165372019, 24.1620690489501,#ffa500
 -98.5310913927584, 24.2037976848809,#ffa500
 -98.5158006543621, 24.2455023296972,#ffa500
 -98.5004443598167, 24.2871828802909,#ffa500
 -98.4850225470884, 24.3288392336135,#ffa500
 -98.4695352543051, 24.3704712866761,#ffa500
 -98.4539825197568, 24.4120789365501,#ffa500
 -98.4383643818952, 24.4536620803670,#ffa500
 -98.4226808793336, 24.4952206153191,#ffa500
 -98.4069320508470, 24.5367544386594,#ffa500
 -98.3911179353720, 24.5782634477020,#ffa500
 -98.3752385720064, 24.6197475398226,#ffa500
 -98.3592940000095, 24.6612066124581,#ffa500
 -98.3432842588017, 24.7026405631076,#ffa500
 -98.3272093879647, 24.7440492893321,#ffa500
 -98.3110694272409, 24.7854326887550,#ffa500
 -98.2948644165339, 24.8267906590624,#ffa500
 -98.2785943959081, 24.8681230980033,#ffa500
 -98.2622594055885, 24.9094299033896,#ffa500
 -98.2458594859608, 24.9507109730967,#ffa500
 -98.2293946775712, 24.9919662050638,#ffa500
 -98.2128650211264, 25.0331954972937,#ffa500
 -98.1962705574934, 25.0743987478535,#ffa500
 -98.1796113276993, 25.1155758548747,#ffa500
 -98.1628873729315, 25.1567267165532,#ffa500
 -98.1460987345374, 25.1978512311502,#ffa500
 -98.1292454540242, 25.2389492969916,#ffa500
 -98.1123275730590, 25.2800208124690,#ffa500
 -98.0953451334685, 25.3210656760395,#ffa500
 -98.0782981772393, 25.3620837862261,#ffa500
 -98.0611867465172, 25.4030750416180,#ffa500
 -98.0440108836076, 25.4440393408708,#ffa500
 -98.0267706309751, 25.4849765827067,#ffa500
 -98.0094660312434, 25.5258866659147,#ffa500
 -97.9920971271955, 25.5667694893512,#ffa500
 -97.9746639617733, 25.6076249519398,#ffa500
 -97.9571665780775, 25.6484529526717,#ffa500
 -97.9396050193677, 25.6892533906062,#ffa500
 -97.9219793290621, 25.7300261648705,#ffa500
 -97.9042895507374, 25.7707711746605,#ffa500
 -97.8865357281288, 25.8114883192405,#ffa500
 -97.8687179051298, 25.8521774979436,#ffa500
 -97.8508361257922, 25.8928386101725,#ffa500
 -97.8328904343259, 25.9334715553987,#ffa500
 -97.8148808750989, 25.9740762331638,#ffa500
 -97.7968074926368, 26.0146525430791,#ffa500
 -97.7786703316233, 26.0552003848261,#ffa500
 -97.7604694368997, 26.0957196581565,#ffa500
 -97.7422048534648, 26.1362102628928,#ffa500
 -97.7238766264750, 26.1766720989284,#ffa500
 -97.7054848012439, 26.2171050662277,#ffa500
 -97.6870294232424, 26.2575090648267,#ffa500
 -97.6685105380984, 26.2978839948327,#ffa500
 -97.6499281915972, 26.3382297564251,#ffa500
 -97.6312824296805, 26.3785462498553,#ffa500
 -97.6125732984471, 26.4188333754472,#ffa500
 -97.5938008441524, 26.4590910335971,#ffa500
 -97.5749651132083, 26.4993191247743,#ffa500
 -97.5560661521833, 26.5395175495213,#ffa500
 -97.5371040078020, 26.5796862084537,#ffa500
 -97.5180787269452, 26.6198250022607,#ffa500
 -97.4989903566502, 26.6599338317056,#ffa500
 -97.4798389441098, 26.7000125976256,#ffa500
 -97.4606245366729, 26.7400612009323,#ffa500
 -97.4413471818442, 26.7800795426117,#ffa500
 -97.4220069272837, 26.8200675237248,#ffa500
 -97.4026038208074, 26.8600250454075,#ffa500
 -97.3831379103863, 26.8999520088713,#ffa500
 -97.3636092441467, 26.9398483154030,#ffa500
 -97.3440178703704, 26.9797138663652,#ffa500
 -97.3243638374938, 27.0195485631966,#ffa500
 -97.3046471941085, 27.0593523074121,#ffa500
 -97.2848679889607, 27.0991250006034,#ffa500
 -97.2650262709515, 27.1388665444386,#ffa500
 -97.2451220891364, 27.1785768406631,#ffa500
 -97.2251554927253, 27.2182557910993,#ffa500
 -97.2051265310825, 27.2579032976473,#ffa500
 -97.1850352537265, 27.2975192622849,#ffa500
 -97.1648817103298, 27.3371035870678,#ffa500
 -97.1446659507188, 27.3766561741300,#ffa500
 -97.1243880248739, 27.4161769256840,#ffa500
 -97.1040479829290, 27.4556657440209,#ffa500
 -97.0836458751718, 27.4951225315108,#ffa500
 -97.0631817520431, 27.5345471906030,#ffa500
 -97.0426556641373, 27.5739396238262,#ffa500
 -97.0220676622019, 27.6132997337889,#ffa500
 -97.0014177971377, 27.6526274231793,#ffa500
 -96.9807061199980, 27.6919225947659,#ffa500
 -96.9599326819892, 27.7311851513977,#ffa500
 -96.9390975344705, 27.7704149960040,#ffa500
 -96.9182007289534, 27.8096120315953,#ffa500
 -96.8972423171020, 27.8487761612630,#ffa500
 -96.8762223507328, 27.8879072881800,#ffa500
 -96.8551408818141, 27.9270053156008,#ffa500
 -96.8339979624668, 27.9660701468616,#ffa500
 -96.8127936449632, 28.0051016853807,#ffa500
 -96.7915279817278, 28.0440998346589,#ffa500
 -96.7702010253366, 28.0830644982793,#ffa500
 -96.7488128285171, 28.1219955799078,#ffa500
 -96.7273634441482, 28.1608929832937,#ffa500
 -96.7058529252603, 28.1997566122690,#ffa500
 -96.6842813250346, 28.2385863707497,#ffa500
 -96.6626486968036, 28.2773821627352,#ffa500
 -96.6409550940505, 28.3161438923090,#ffa500
 -96.6192005704094, 28.3548714636389,#ffa500
 -96.5973851796649, 28.3935647809770,#ffa500
 -96.5755089757521, 28.4322237486601,#ffa500
 -96.5535720127565, 28.4708482711102,#ffa500
 -96.5315743449138, 28.5094382528340,#ffa500
 -96.5095160266097, 28.5479935984240,#ffa500
 -96.4873971123801, 28.5865142125580,#ffa500
 -96.4652176569104, 28.6250000000000,#ffa500
 -96.4429777150358, 28.6634508655999,#ffa500
 -96.4206773417412, 28.7018667142939,#ffa500
 -96.3983165921606, 28.7402474511049,#ffa500
 -96.3758955215776, 28.7785929811426,#ffa500
 -96.3534141854246, 28.8169032096037,#ffa500
 -96.3308726392833, 28.8551780417721,#ffa500
 -96.3082709388840, 28.8934173830194,#ffa500
 -96.2856091401060, 28.9316211388048,#ffa500
 -96.2628872989770, 28.9697892146755,#ffa500
 -96.2401054716732, 29.0079215162669,#ffa500
 -96.2172637145189, 29.0460179493030,#ffa500
 -96.1943620839870, 29.0840784195962,#ffa500
 -96.1714006366981, 29.1221028330481,#ffa500
 -96.1483794294207, 29.1600910956492,#ffa500
 -96.1252985190711, 29.1980431134796,#ffa500
 -96.1021579627133, 29.2359587927089,#ffa500
 -96.0789578175587, 29.2738380395964,#ffa500
 -96.0556981409660, 29.3116807604918,#ffa500
 -96.0323789904411, 29.3494868618348,#ffa500
 -96.0090004236369, 29.3872562501558,#ffa500
 -95.9855624983532, 29.4249888320760,#ffa500
 -95.9620652725367, 29.4626845143073,#ffa500
 -95.9385088042804, 29.5003432036533,#ffa500
 -95.9148931518242, 29.5379648070087,#ffa500
 -95.8912183735540, 29.5755492313600,#ffa500
 -95.8674845280019, 29.6130963837856,#ffa500
 -95.8436916738461, 29.6506061714561,#ffa500
 -95.8198398699108, 29.6880785016344,#ffa500
 -95.7959291751658, 29.7255132816761,#ffa500
 -95.7719596487264, 29.7629104190296,#ffa500
 -95.7479313498537, 29.8002698212364,#ffa500
 -95.7238443379538, 29.8375913959311,#ffa500
 -95.6996986725780, 29.8748750508421,#ffa500
 -95.6754944134227, 29.9121206937914,#ffa500
 -95.6512316203291, 29.9493282326950,#ffa500
 -95.6269103532832, 29.9864975755630,#ffa500
 -95.6025306724155, 30.0236286305003,#ffa500
 -95.5780926380008, 30.0607213057059,#ffa500
 -95.5535963104585, 30.0977755094742,#ffa500
 -95.5290417503519, 30.1347911501945,#ffa500
 -95.5044290183881, 30.1717681363513,#ffa500
 -95.4797581754183, 30.2087063765249,#ffa500
 -95.4550292824374, 30.2456057793914,#ffa500
 -95.4302424005836, 30.2824662537227,#ffa500
 -95.4053975911385, 30.3192877083871,#ffa500
 -95.3804949155272, 30.3560700523493,#ffa500
 -95.3555344353174, 30.3928131946708,#ffa500
 -95.3305162122201, 30.4295170445100,#ffa500
 -95.3054403080889, 30.4661815111223,#ffa500
 -95.2803067849200, 30.5028065038607,#ffa500
 -95.2551157048522, 30.5393919321755,#ffa500
 -95.2298671301664, 30.5759377056151,#ffa500
 -95.2045611232857, 30.6124437338257,#ffa500
 -95.1791977467752, 30.6489099265520,#ffa500
 -95.1537770633420, 30.6853361936371,#ffa500
 -95.1282991358347, 30.7217224450226,#ffa500
 -95.1027640272433, 30.7580685907494,#ffa500
 -95.0771718006996, 30.7943745409573,#ffa500
 -95.0515225194762, 30.8306402058855,#ffa500
 -95.0258162469869, 30.8668654958729,#ffa500
 -95.0000530467865, 30.9030503213581,#ffa500
 -94.9742329825705, 30.9391945928799,#ffa500
 -94.9483561181748, 30.9752982210772,#ffa500
 -94.9224225175760, 31.0113611166895,#ffa500
 -94.8964322448907, 31.0473831905570,#ffa500
 -94.8703853643760, 31.0833643536206,#ffa500
 -94.8442819404286, 31.1193045169227,#ffa500
 -94.8181220375850, 31.1552035916069,#ffa500
 -94.7919057205217, 31.1910614889183,#ffa500
 -94.7656330540541, 31.2268781202039,#ffa500
 -94.7393041031376, 31.2626533969128,#ffa500
 -94.7129189328661, 31.2983872305961,#ffa500
 -94.6864776084729, 31.3340795329076,#ffa500
 -94.6599801953300, 31.3697302156037,#ffa500
 -94.6334267589481, 31.4053391905437,#ffa500
 -94.6068173649764, 31.4409063696899,#ffa500
 -94.5801520792024, 31.4764316651082,#ffa500
 -94.5534309675520, 31.5119149889678,#ffa500
 -94.5266540960887, 31.5473562535418,#ffa500
 -94.4998215310142, 31.5827553712072,#ffa500
 -94.4729333386679, 31.6181122544452,#ffa500
 -94.4459895855265, 31.6534268158416,#ffa500
 -94.4189903382043, 31.6886989680866,#ffa500
 -94.3919356634526, 31.7239286239754,#ffa500
 -94.3648256281599, 31.7591156964082,#ffa500
 -94.3376602993514, 31.7942600983905,#ffa500
 -94.3104397441892, 31.8293617430332,#ffa500
 -94.2831640299718, 31.8644205435531,#ffa500
 -94.2558332241342, 31.8994364132728,#ffa500
 -94.2284473942474, 31.9344092656211,#ffa500
 -94.2010066080186, 31.9693390141331,#ffa500
 -94.1735109332909, 32.0042255724504,#ffa500
 -94.1459604380430, 32.0390688543216,#ffa500
 -94.1183551903891, 32.0738687736021,#ffa500
 -94.0906952585789, 32.1086252442546,#ffa500
 -94.0629807109972, 32.1433381803492,#ffa500
 -94.0352116161638, 32.1780074960635,#ffa500
 -94.0073880427336, 32.2126331056832,#ffa500
 -93.9795100594959, 32.2472149236019,#ffa500
 -93.9515777353747, 32.2817528643214,#ffa500
 -93.9235911394281, 32.3162468424522,#ffa500
 -93.8955503408487, 32.3506967727133,#ffa500
 -93.8674554089630, 32.3851025699327,#ffa500
 -93.8393064132313, 32.4194641490474,#ffa500
 -93.8111034232474, 32.4537814251038,#ffa500
 -93.7828465087390, 32.4880543132580,#ffa500
 -93.7545357395667, 32.5222827287754,#ffa500
 -93.7261711857245, 32.5564665870318,#ffa500
 -93.6977529173392, 32.5906058035130,#ffa500
 -93.6692810046707, 32.6247002938150,#ffa500
 -93.6407555181111, 32.6587499736447,#ffa500
 -93.6121765281854, 32.6927547588196,#ffa500
 -93.5835441055505, 32.7267145652681,#ffa500
 -93.5548583209956, 32.7606293090300,#ffa500
 -93.5261192454419, 32.7944989062564,#ffa500
 -93.4973269499421, 32.8283232732100,#ffa500
 -93.4684815056807, 32.8621023262655,#ffa500
 -93.4395829839735, 32.8958359819094,#ffa500
 -93.4106314562676, 32.9295241567406,#ffa500
 -93.3816269941410, 32.9631667674703,#ffa500
 -93.3525696693028, 32.9967637309225,#ffa500
 -93.3234595535926, 33.0303149640340,#ffa500
 -93.2942967189805, 33.0638203838546,#ffa500
 -93.2650812375672, 33.0972799075474,#ffa500
 -93.2358131815833, 33.1306934523891,#ffa500
 -93.2064926233895, 33.1640609357698,#ffa500
 -93.1771196354762, 33.1973822751938,#ffa500
 -93.1476942904635, 33.2306573882792,#ffa500
 -93.1182166611010, 33.2638861927586,#ffa500
 -93.0886868202675, 33.2970686064790,#ffa500
 -93.0591048409708, 33.3302045474020,#ffa500
 -93.0294707963478, 33.3632939336043,#ffa500
 -92.9997847596640, 33.3963366832776,#ffa500
 -92.9700468043135, 33.4293327147288,#ffa500
 -92.9402570038186, 33.4622819463805,#ffa500
 -92.9104154318299, 33.4951842967708,#ffa500
 -92.8805221621261, 33.5280396845540,#ffa500
 -92.8505772686136, 33.5608480285001,#ffa500
 -92.8205808253263, 33.5936092474957,#ffa500
 -92.7905329064259, 33.6263232605439,#ffa500
 -92.7604335862010, 33.6589899867643,#ffa500
 -92.7302829390676, 33.6916093453937,#ffa500
 -92.7000810395682, 33.7241812557859,#ffa500
 -92.6698279623724, 33.7567056374118,#ffa500
 -92.6395237822762, 33.7891824098601,#ffa500
 -92.6091685742018, 33.8216114928370,#ffa500
 -92.5787624131978, 33.8539928061668,#ffa500
 -92.5483053744386, 33.8863262697917,#ffa500
 -92.5177975332245, 33.9186118037724,#ffa500
 -92.4872389649812, 33.9508493282878,#ffa500
 -92.4566297452601, 33.9830387636359,#ffa500
 -92.4259699497376, 34.0151800302333,#ffa500
 -92.3952596542153, 34.0472730486157,#ffa500
 -92.3644989346195, 34.0793177394382,#ffa500
 -92.3336878670013, 34.1113140234754,#ffa500
 -92.3028265275362, 34.1432618216215,#ffa500
 -92.2719149925240, 34.1751610548905,#ffa500
 -92.2409533383886, 34.2070116444167,#ffa500
 -92.2099416416779, 34.2388135114544,#ffa500
 -92.1788799790633, 34.2705665773785,#ffa500
 -92.1477684273401, 34.3022707636846,#ffa500
 -92.1166070634265, 34.3339259919891,#ffa500
 -92.0853959643641, 34.3655321840293,#ffa500
 -92.0541352073176, 34.3970892616640,#ffa500
 -92.0228248695742, 34.4285971468732,#ffa500
 -91.9914650285438, 34.4600557617586,#ffa500
 -91.9600557617586, 34.4914650285437,#ffa500
 -91.9285971468732, 34.5228248695742,#ffa500
 -91.8970892616640, 34.5541352073176,#ffa500
 -91.8655321840293, 34.5853959643641,#ffa500
 -91.8339259919891, 34.6166070634265,#ffa500
 -91.8022707636846, 34.6477684273401,#ffa500
 -91.7705665773785, 34.6788799790633,#ffa500
 -91.7388135114544, 34.7099416416779,#ffa500
 -91.7070116444167, 34.7409533383886,#ffa500
 -91.6751610548905, 34.7719149925240,#ffa500
 -91.6432618216215, 34.8028265275362,#ffa500
 -91.6113140234754, 34.8336878670013,#ffa500
 -91.5793177394382, 34.8644989346195,#ffa500
 -91.5472730486157, 34.8952596542153,#ffa500
 -91.5151800302333, 34.9259699497376,#ffa500
 -91.4830387636359, 34.9566297452601,#ffa500
 -91.4508493282878, 34.9872389649812,#ffa500
 -91.4186118037724, 35.0177975332245,#ffa500
 -91.3863262697917, 35.0483053744386,#ffa500
 -91.3539928061668, 35.0787624131978,#ffa500
 -91.3216114928370, 35.1091685742018,#ffa500
 -91.2891824098601, 35.1395237822762,#ffa500
 -91.2567056374118, 35.1698279623724,#ffa500
 -91.2241812557859, 35.2000810395682,#ffa500
 -91.1916093453937, 35.2302829390676,#ffa500
 -91.1589899867643, 35.2604335862010,#ffa500
 -91.1263232605439, 35.2905329064259,#ffa500
 -91.0936092474957, 35.3205808253263,#ffa500
 -91.0608480285001, 35.3505772686136,#ffa500
 -91.0280396845540, 35.3805221621261,#ffa500
 -90.9951842967708, 35.4104154318299,#ffa500
 -90.9622819463805, 35.4402570038186,#ffa500
 -90.9293327147288, 35.4700468043135,#ffa500
 -90.8963366832776, 35.4997847596640,#ffa500
 -90.8632939336043, 35.5294707963478,#ffa500
 -90.8302045474020, 35.5591048409708,#ffa500
 -90.7970686064790, 35.5886868202675,#ffa500
 -90.7638861927586, 35.6182166611010,#ffa500
 -90.7306573882792, 35.6476942904635,#ffa500
 -90.6973822751938, 35.6771196354762,#ffa500
 -90.6640609357698, 35.7064926233895,#ffa500
 -90.6306934523891, 35.7358131815833,#ffa500
 -90.5972799075474, 35.7650812375672,#ffa500
 -90.5638203838546, 35.7942967189805,#ffa500
 -90.5303149640340, 35.8234595535926,#ffa500
 -90.4967637309225, 35.8525696693028,#ffa500
 -90.4631667674703, 35.8816269941410,#ffa500
 -90.4295241567406, 35.9106314562676,#ffa500
 -90.3958359819094, 35.9395829839735,#ffa500
 -90.3621023262655, 35.9684815056807,#ffa500
 -90.3283232732100, 35.9973269499421,#ffa500
 -90.2944989062564, 36.0261192454419,#ffa500
 -90.2606293090300, 36.0548583209956,#ffa500
 -90.2267145652681, 36.0835441055505,#ffa500
 -90.1927547588196, 36.1121765281854,#ffa500
 -90.1587499736447, 36.1407555181111,#ffa500
 -90.1247002938150, 36.1692810046707,#ffa500
 -90.0906058035130, 36.1977529173392,#ffa500
 -90.0564665870318, 36.2261711857244,#ffa500
 -90.0222827287754, 36.2545357395667,#ffa500
 -89.9880543132580, 36.2828465087390,#ffa500
 -89.9537814251039, 36.3111034232474,#ffa500
 -89.9194641490474, 36.3393064132313,#ffa500
 -89.8851025699327, 36.3674554089630,#ffa500
 -89.8506967727133, 36.3955503408487,#ffa500
 -89.8162468424522, 36.4235911394281,#ffa500
 -89.7817528643214, 36.4515777353746,#ffa500
 -89.7472149236019, 36.4795100594959,#ffa500
 -89.7126331056832, 36.5073880427336,#ffa500
 -89.6780074960635, 36.5352116161638,#ffa500
 -89.6433381803492, 36.5629807109972,#ffa500
 -89.6086252442546, 36.5906952585789,#ffa500
 -89.5738687736021, 36.6183551903891,#ffa500
 -89.5390688543216, 36.6459604380430,#ffa500
 -89.5042255724504, 36.6735109332909,#ffa500
 -89.4693390141331, 36.7010066080186,#ffa500
 -89.4344092656211, 36.7284473942474,#ffa500
 -89.3994364132728, 36.7558332241342,#ffa500
 -89.3644205435531, 36.7831640299718,#ffa500
 -89.3293617430332, 36.8104397441892,#ffa500
 -89.2942600983905, 36.8376602993514,#ffa500
 -89.2591156964082, 36.8648256281599,#ffa500
 -89.2239286239754, 36.8919356634526,#ffa500
 -89.1886989680866, 36.9189903382043,#ffa500
 -89.1534268158416, 36.9459895855265,#ffa500
 -89.1181122544452, 36.9729333386679,#ffa500
 -89.0827553712072, 36.9998215310142,#ffa500
 -89.0473562535418, 37.0266540960887,#ffa500
 -89.0119149889678, 37.0534309675520,#ffa500
 -88.9764316651082, 37.0801520792024,#ffa500
 -88.9409063696899, 37.1068173649764,#ffa500
 -88.9053391905437, 37.1334267589481,#ffa500
 -88.8697302156037, 37.1599801953300,#ffa500
 -88.8340795329076, 37.1864776084729,#ffa500
 -88.7983872305961, 37.2129189328661,#ffa500
 -88.7626533969128, 37.2393041031376,#ffa500
 -88.7268781202039, 37.2656330540541,#ffa500
 -88.6910614889183, 37.2919057205217,#ffa500
 -88.6552035916069, 37.3181220375850,#ffa500
 -88.6193045169228, 37.3442819404286,#ffa500
 -88.5833643536206, 37.3703853643760,#ffa500
 -88.5473831905570, 37.3964322448907,#ffa500
 -88.5113611166895, 37.4224225175760,#ffa500
 -88.4752982210772, 37.4483561181748,#ffa500
 -88.4391945928799, 37.4742329825705,#ffa500
 -88.4030503213581, 37.5000530467865,#ffa500
 -88.3668654958729, 37.5258162469869,#ffa500
 -88.3306402058855, 37.5515225194762,#ffa500
 -88.2943745409573, 37.5771718006996,#ffa500
 -88.2580685907494, 37.6027640272433,#ffa500
 -88.2217224450226, 37.6282991358346,#ffa500
 -88.1853361936371, 37.6537770633420,#ffa500
 -88.1489099265520, 37.6791977467752,#ffa500
 -88.1124437338257, 37.7045611232857,#ffa500
 -88.0759377056151, 37.7298671301664,#ffa500
 -88.0393919321755, 37.7551157048522,#ffa500
 -88.0028065038607, 37.7803067849200,#ffa500
 -87.9661815111224, 37.8054403080889,#ffa500
 -87.9295170445100, 37.8305162122201,#ffa500
 -87.8928131946709, 37.8555344353174,#ffa500
 -87.8560700523493, 37.8804949155272,#ffa500
 -87.8192877083871, 37.9053975911385,#ffa500
 -87.7824662537227, 37.9302424005836,#ffa500
 -87.7456057793914, 37.9550292824374,#ffa500
 -87.7087063765249, 37.9797581754183,#ffa500
 -87.6717681363513, 38.0044290183881,#ffa500
 -87.6347911501945, 38.0290417503519,#ffa500
 -87.5977755094742, 38.0535963104585,#ffa500
 -87.5607213057059, 38.0780926380008,#ffa500
 -87.5236286305003, 38.1025306724155,#ffa500
 -87.4864975755630, 38.1269103532832,#ffa500
 -87.4493282326950, 38.1512316203291,#ffa500
 -87.4121206937914, 38.1754944134226,#ffa500
 -87.3748750508421, 38.1996986725779,#ffa500
 -87.3375913959311, 38.2238443379538,#ffa500
 -87.3002698212364, 38.2479313498537,#ffa500
 -87.2629104190296, 38.2719596487264,#ffa500
 -87.2255132816761, 38.2959291751657,#ffa500
 -87.1880785016344, 38.3198398699108,#ffa500
 -87.1506061714561, 38.3436916738461,#ffa500
 -87.1130963837856, 38.3674845280019,#ffa500
 -87.0755492313600, 38.3912183735540,#ffa500
 -87.0379648070087, 38.4148931518242,#ffa500
 -87.0003432036533, 38.4385088042804,#ffa500
 -86.9626845143073, 38.4620652725367,#ffa500
 -86.9249888320760, 38.4855624983532,#ffa500
 -86.8872562501558, 38.5090004236369,#ffa500
 -86.8494868618348, 38.5323789904411,#ffa500
 -86.8116807604918, 38.5556981409660,#ffa500
 -86.7738380395964, 38.5789578175588,#ffa500
 -86.7359587927089, 38.6021579627133,#ffa500
 -86.6980431134796, 38.6252985190711,#ffa500
 -86.6600910956492, 38.6483794294207,#ffa500
 -86.6221028330481, 38.6714006366981,#ffa500
 -86.5840784195962, 38.6943620839870,#ffa500
 -86.5460179493030, 38.7172637145189,#ffa500
 -86.5079215162669, 38.7401054716732,#ffa500
 -86.4697892146755, 38.7628872989770,#ffa500
 -86.4316211388048, 38.7856091401060,#ffa500
 -86.3934173830194, 38.8082709388840,#ffa500
 -86.3551780417721, 38.8308726392833,#ffa500
 -86.3169032096037, 38.8534141854246,#ffa500
 -86.2785929811426, 38.8758955215776,#ffa500
 -86.2402474511049, 38.8983165921606,#ffa500
 -86.2018667142939, 38.9206773417412,#ffa500
 -86.1634508655999, 38.9429777150358,#ffa500
 -86.1250000000000, 38.9652176569104,#ffa500
 -86.0865142125580, 38.9873971123801,#ffa500
 -86.0479935984240, 39.0095160266097,#ffa500
 -86.0094382528340, 39.0315743449138,#ffa500
 -85.9708482711102, 39.0535720127565,#ffa500
 -85.9322237486601, 39.0755089757521,#ffa500
 -85.8935647809770, 39.0973851796649,#ffa500
 -85.8548714636389, 39.1192005704094,#ffa500
 -85.8161438923090, 39.1409550940505,#ffa500
 -85.7773821627352, 39.1626486968036,#ffa500
 -85.7385863707497, 39.1842813250346,#ffa500
 -85.6997566122690, 39.2058529252603,#ffa500
 -85.6608929832937, 39.2273634441482,#ffa500
 -85.6219955799078, 39.2488128285171,#ffa500
 -85.5830644982793, 39.2702010253366,#ffa500
 -85.5440998346589, 39.2915279817278,#ffa500
 -85.5051016853807, 39.3127936449632,#ffa500
 -85.4660701468616, 39.3339979624668,#ffa500
 -85.4270053156008, 39.3551408818141,#ffa500
 -85.3879072881800, 39.3762223507328,#ffa500
 -85.3487761612630, 39.3972423171020,#ffa500
 -85.3096120315953, 39.4182007289534,#ffa500
 -85.2704149960040, 39.4390975344705,#ffa500
 -85.2311851513977, 39.4599326819892,#ffa500
 -85.1919225947659, 39.4807061199980,#ffa500
 -85.1526274231793, 39.5014177971377,#ffa500
 -85.1132997337889, 39.5220676622019,#ffa500
 -85.0739396238262, 39.5426556641373,#ffa500
 -85.0345471906030, 39.5631817520431,#ffa500
 -84.9951225315108, 39.5836458751718,#ffa500
 -84.9556657440209, 39.6040479829291,#ffa500
 -84.9161769256840, 39.6243880248739,#ffa500
 -84.8766561741300, 39.6446659507188,#ffa500
 -84.8371035870678, 39.6648817103298,#ffa500
 -84.7975192622849, 39.6850352537265,#ffa500
 -84.7579032976473, 39.7051265310825,#ffa500
 -84.7182557910993, 39.7251554927253,#ffa500
 -84.6785768406631, 39.7451220891364,#ffa500
 -84.6388665444386, 39.7650262709515,#ffa500
 -84.5991250006034, 39.7848679889607,#ffa500
 -84.5593523074121, 39.8046471941085,#ffa500
 -84.5195485631966, 39.8243638374938,#ffa500
 -84.4797138663652, 39.8440178703704,#ffa500
 -84.4398483154030, 39.8636092441467,#ffa500
 -84.3999520088713, 39.8831379103863,#ffa500
 -84.3600250454076, 39.9026038208074,#ffa500
 -84.3200675237248, 39.9220069272837,#ffa500
 -84.2800795426117, 39.9413471818442,#ffa500
 -84.2400612009323, 39.9606245366729,#ffa500
 -84.2000125976257, 39.9798389441098,#ffa500
 -84.1599338317056, 39.9989903566502,#ffa500
 -84.1198250022607, 40.0180787269453,#ffa500
 -84.0796862084537, 40.0371040078020,#ffa500
 -84.0395175495213, 40.0560661521833,#ffa500
 -83.9993191247744, 40.0749651132083,#ffa500
 -83.9590910335971, 40.0938008441524,#ffa500
 -83.9188333754472, 40.1125732984471,#ffa500
 -83.8785462498553, 40.1312824296805,#ffa500
 -83.8382297564251, 40.1499281915972,#ffa500
 -83.7978839948327, 40.1685105380984,#ffa500
 -83.7575090648267, 40.1870294232424,#ffa500
 -83.7171050662277, 40.2054848012439,#ffa500
 -83.6766720989284, 40.2238766264750,#ffa500
 -83.6362102628928, 40.2422048534648,#ffa500
 -83.5957196581565, 40.2604694368997,#ffa500
 -83.5552003848261, 40.2786703316233,#ffa500
 -83.5146525430791, 40.2968074926368,#ffa500
 -83.4740762331639, 40.3148808750989,#ffa500
 -83.4334715553987, 40.3328904343259,#ffa500
 -83.3928386101725, 40.3508361257922,#ffa500
 -83.3521774979436, 40.3687179051298,#ffa500
 -83.3114883192405, 40.3865357281287,#ffa500
 -83.2707711746605, 40.4042895507374,#ffa500
 -83.2300261648706, 40.4219793290621,#ffa500
 -83.1892533906062, 40.4396050193677,#ffa500
 -83.1484529526717, 40.4571665780775,#ffa500
 -83.1076249519398, 40.4746639617733,#ffa500
 -83.0667694893512, 40.4920971271955,#ffa500
 -83.0258866659148, 40.5094660312434,#ffa500
 -82.9849765827067, 40.5267706309751,#ffa500
 -82.9440393408708, 40.5440108836076,#ffa500
 -82.9030750416180, 40.5611867465172,#ffa500
 -82.8620837862261, 40.5782981772393,#ffa500
 -82.8210656760395, 40.5953451334685,#ffa500
 -82.7800208124690, 40.6123275730590,#ffa500
 -82.7389492969916, 40.6292454540242,#ffa500
 -82.6978512311502, 40.6460987345374,#ffa500
 -82.6567267165533, 40.6628873729315,#ffa500
 -82.6155758548747, 40.6796113276993,#ffa500
 -82.5743987478535, 40.6962705574934,#ffa500
 -82.5331954972937, 40.7128650211264,#ffa500
 -82.4919662050638, 40.7293946775712,#ffa500
 -82.4507109730967, 40.7458594859608,#ffa500
 -82.4094299033896, 40.7622594055885,#ffa500
 -82.3681230980033, 40.7785943959081,#ffa500
 -82.3267906590624, 40.7948644165339,#ffa500
 -82.2854326887550, 40.8110694272409,#ffa500
 -82.2440492893321, 40.8272093879647,#ffa500
 -82.2026405631076, 40.8432842588017,#ffa500
 -82.1612066124581, 40.8592940000095,#ffa500
 -82.1197475398226, 40.8752385720064,#ffa500
 -82.0782634477021, 40.8911179353720,#ffa500
 -82.0367544386594, 40.9069320508470,#ffa500
 -81.9952206153191, 40.9226808793336,#ffa500
 -81.9536620803670, 40.9383643818952,#ffa500
 -81.9120789365501, 40.9539825197568,#ffa500
 -81.8704712866761, 40.9695352543051,#ffa500
 -81.8288392336135, 40.9850225470884,#ffa500
 -81.7871828802909, 41.0004443598167,#ffa500
 -81.7455023296972, 41.0158006543620,#ffa500
 -81.7037976848809, 41.0310913927584,#ffa500
 -81.6620690489501, 41.0463165372019,#ffa500
 -81.6203165250725, 41.0614760500507,#ffa500
 -81.5785402164746, 41.0765698938253,#ffa500
 -81.5367402264416, 41.0915980312085,#ffa500
 -81.4949166583176, 41.1065604250456,#ffa500
 -81.4530696155047, 41.1214570383445,#ffa500
 -81.4111992014631, 41.1362878342756,#ffa500
 -81.3693055197109, 41.1510527761722,#ffa500
 -81.3273886738236, 41.1657518275301,#ffa500
 -81.2854487674341, 41.1803849520084,#ffa500
 -81.2434859042320, 41.1949521134289,#ffa500
 -81.2015001879642, 41.2094532757766,#ffa500
 -81.1594917224335, 41.2238884031997,#ffa500
 -81.1174606114993, 41.2382574600096,#ffa500
 -81.0754069590771, 41.2525604106810,#ffa500
 -81.0333308691377, 41.2667972198521,#ffa500
 -80.9912324457077, 41.2809678523248,#ffa500
 -80.9491117928689, 41.2950722730642,#ffa500
 -80.9069690147579, 41.3091104471995,#ffa500
 -80.8648042155662, 41.3230823400235,#ffa500
 -80.8226174995396, 41.3369879169928,#ffa500
 -80.7804089709780, 41.3508271437282,#ffa500
 -80.7381787342355, 41.3645999860142,#ffa500
 -80.6959268937197, 41.3783064097997,#ffa500
 -80.6536535538916, 41.3919463811978,#ffa500
 -80.6113588192654, 41.4055198664857,#ffa500
 -80.5690427944082, 41.4190268321052,#ffa500
 -80.5267055839397, 41.4324672446624,#ffa500
 -80.4843472925320, 41.4458410709279,#ffa500
 -80.4419680249092, 41.4591482778372,#ffa500
 -80.3995678858476, 41.4723888324901,#ffa500
 -80.3571469801748, 41.4855627021516,#ffa500
 -80.3147054127697, 41.4986698542513,#ffa500
 -80.2722432885625, 41.5117102563838,#ffa500
 -80.2297607125342, 41.5246838763089,#ffa500
 -80.1872577897162, 41.5375906819512,#ffa500
 -80.1447346251903, 41.5504306414006,#ffa500
 -80.1021913240883, 41.5632037229126,#ffa500
 -80.0596279915919, 41.5759098949075,#ffa500
 -80.0170447329322, 41.5885491259714,#ffa500
 -79.9744416533897, 41.6011213848557,#ffa500
 -79.9318188582937, 41.6136266404776,#ffa500
 -79.8891764530225, 41.6260648619197,#ffa500
 -79.8465145430025, 41.6384360184306,#ffa500
 -79.8038332337089, 41.6507400794244,#ffa500
 -79.7611326306642, 41.6629770144813,#ffa500
 -79.7184128394392, 41.6751467933474,#ffa500
 -79.6756739656517, 41.6872493859349,#ffa500
 -79.6329161149668, 41.6992847623220,#ffa500
 -79.5901393930968, 41.7112528927530,#ffa500
 -79.5473439058002, 41.7231537476388,#ffa500
 -79.5045297588823, 41.7349872975563,#ffa500
 -79.4616970581941, 41.7467535132488,#ffa500
 -79.4188459096330, 41.7584523656264,#ffa500
 -79.3759764191415, 41.7700838257653,#ffa500
 -79.3330886927078, 41.7816478649088,#ffa500
 -79.2901828363650, 41.7931444544664,#ffa500
 -79.2472589561912, 41.8045735660147,#ffa500
 -79.2043171583088, 41.8159351712970,#ffa500
 -79.1613575488847, 41.8272292422235,#ffa500
 -79.1183802341298, 41.8384557508713,#ffa500
 -79.0753853202987, 41.8496146694849,#ffa500
 -79.0323729136897, 41.8607059704753,#ffa500
 -78.9893431206441, 41.8717296264212,#ffa500
 -78.9462960475463, 41.8826856100683,#ffa500
 -78.9032318008234, 41.8935738943297,#ffa500
 -78.8601504869451, 41.9043944522857,#ffa500
 -78.8170522124231, 41.9151472571843,#ffa500
 -78.7739370838110, 41.9258322824408,#ffa500
 -78.7308052077044, 41.9364495016381,#ffa500
 -78.6876566907400, 41.9469988885270,#ffa500
 -78.6444916395956, 41.9574804170256,#ffa500
 -78.6013101609901, 41.9678940612201,#ffa500
 -78.5581123616830, 41.9782397953643,#ffa500
 -78.5148983484739, 41.9885175938800,#ffa500
 -78.4716682282028, 41.9987274313571,#ffa500
 -78.4284221077493, 42.0088692825532,#ffa500
 -78.3851600940327, 42.0189431223943,#ffa500
 -78.3418822940114, 42.0289489259743,#ffa500
 -78.2985888146831, 42.0388866685556,#ffa500
 -78.2552797630840, 42.0487563255685,#ffa500
 -78.2119552462891, 42.0585578726119,#ffa500
 -78.1686153714112, 42.0682912854531,#ffa500
 -78.1252602456016, 42.0779565400276,#ffa500
 -78.0818899760488, 42.0875536124397,#ffa500
 -78.0385046699791, 42.0970824789622,#ffa500
 -77.9951044346559, 42.1065431160363,#ffa500
 -77.9516893773793, 42.1159355002721,#ffa500
 -77.9082596054863, 42.1252596084486,#ffa500
 -77.8648152263502, 42.1345154175131,#ffa500
 -77.8213563473803, 42.1437029045824,#ffa500
 -77.7778830760220, 42.1528220469416,#ffa500
 -77.7343955197560, 42.1618728220452,#ffa500
 -77.6908937860985, 42.1708552075165,#ffa500
 -77.6473779826007, 42.1797691811481,#ffa500
 -77.6038482168486, 42.1886147209015,#ffa500
 -77.5603045964627, 42.1973918049075,#ffa500
 -77.5167472290977, 42.2061004114661,#ffa500
 -77.4731762224424, 42.2147405190467,#ffa500
 -77.4295916842192, 42.2233121062881,#ffa500
 -77.3859937221841, 42.2318151519981,#ffa500
 -77.3423824441261, 42.2402496351546,#ffa500
 -77.2987579578674, 42.2486155349044,#ffa500
 -77.2551203712625, 42.2569128305642,#ffa500
 -77.2114697921987, 42.2651415016203,#ffa500
 -77.1678063285949, 42.2733015277286,#ffa500
 -77.1241300884024, 42.2813928887147,#ffa500
 -77.0804411796037, 42.2894155645740,#ffa500
 -77.0367397102128, 42.2973695354716,#ffa500
 -76.9930257882747, 42.3052547817427,#ffa500
 -76.9492995218653, 42.3130712838921,#ffa500
 -76.9055610190908, 42.3208190225949,#ffa500
 -76.8618103880878, 42.3284979786959,#ffa500
 -76.8180477370228, 42.3361081332102,#ffa500
 -76.7742731740922, 42.3436494673228,#ffa500
 -76.7304868075217, 42.3511219623889,#ffa500
 -76.6866887455662, 42.3585255999341,#ffa500
 -76.6428790965094, 42.3658603616539,#ffa500
 -76.5990579686639, 42.3731262294144,#ffa500
 -76.5552254703706, 42.3803231852518,#ffa500
 -76.5113817099983, 42.3874512113727,#ffa500
 -76.4675267959439, 42.3945102901543,#ffa500
 -76.4236608366318, 42.4015004041440,#ffa500
 -76.3797839405136, 42.4084215360600,#ffa500
 -76.3358962160681, 42.4152736687908,#ffa500
 -76.2919977718008, 42.4220567853956,#ffa500
 -76.2480887162437, 42.4287708691042,#ffa500
 -76.2041691579550, 42.4354159033171,#ffa500
 -76.1602392055190, 42.4419918716054,#ffa500
 -76.1162989675455, 42.4484987577112,#ffa500
 -76.0723485526698, 42.4549365455472,#ffa500
 -76.0283880695525, 42.4613052191969,#ffa500
 -75.9844176268790, 42.4676047629148,#ffa500
 -75.9404373333592, 42.4738351611264,#ffa500
 -75.8964472977275, 42.4799963984278,#ffa500
 -75.8524476287423, 42.4860884595864,#ffa500
 -75.8084384351860, 42.4921113295406,#ffa500
 -75.7644198258643, 42.4980649933998,#ffa500
 -75.7203919096064, 42.5039494364444,#ffa500
 -75.6763547952642, 42.5097646441261,#ffa500
 -75.6323085917128, 42.5155106020677,#ffa500
 -75.5882534078493, 42.5211872960633,#ffa500
 -75.5441893525934, 42.5267947120780,#ffa500
 -75.5001165348864, 42.5323328362485,#ffa500
 -75.4560350636914, 42.5378016548826,#ffa500
 -75.4119450479931, 42.5432011544594,#ffa500
 -75.3678465967969, 42.5485313216297,#ffa500
 -75.3237398191294, 42.5537921432154,#ffa500
 -75.2796248240378, 42.5589836062099,#ffa500
 -75.2355017205892, 42.5641056977782,#ffa500
 -75.1913706178713, 42.5691584052566,#ffa500
 -75.1472316249912, 42.5741417161532,#ffa500
 -75.1030848510756, 42.5790556181476,#ffa500
 -75.0589304052706, 42.5839000990908,#ffa500
 -75.0147683967409, 42.5886751470056,#ffa500
 -74.9705989346703, 42.5933807500866,#ffa500
 -74.9264221282608, 42.5980168966998,#ffa500
 -74.8822380867326, 42.6025835753830,#ffa500
 -74.8380469193237, 42.6070807748460,#ffa500
 -74.7938487352901, 42.6115084839700,#ffa500
 -74.7496436439045, 42.6158666918083,#ffa500
 -74.7054317544574, 42.6201553875859,#ffa500
 -74.6612131762554, 42.6243745606996,#ffa500
 -74.6169880186223, 42.6285242007182,#ffa500
 -74.5727563908976, 42.6326042973823,#ffa500
 -74.5285184024372, 42.6366148406047,#ffa500
 -74.4842741626125, 42.6405558204698,#ffa500
 -74.4400237808104, 42.6444272272342,#ffa500
 -74.3957673664331, 42.6482290513264,#ffa500
 -74.3515050288976, 42.6519612833470,#ffa500
 -74.3072368776356, 42.6556239140687,#ffa500
 -74.2629630220931, 42.6592169344362,#ffa500
 -74.2186835717302, 42.6627403355663,#ffa500
 -74.1743986360209, 42.6661941087480,#ffa500
 -74.1301083244528, 42.6695782454423,#ffa500
 -74.0858127465268, 42.6728927372825,#ffa500
 -74.0415120117566, 42.6761375760741,#ffa500
 -73.9972062296689, 42.6793127537946,#ffa500
 -73.9528955098027, 42.6824182625940,#ffa500
 -73.9085799617093, 42.6854540947944,#ffa500
 -73.8642596949520, 42.6884202428901,#ffa500
 -73.8199348191057, 42.6913166995479,#ffa500
 -73.7756054437566, 42.6941434576066,#ffa500
 -73.7312716785022, 42.6969005100776,#ffa500
 -73.6869336329507, 42.6995878501445,#ffa500
 -73.6425914167209, 42.7022054711633,#ffa500
 -73.5982451394421, 42.7047533666623,#ffa500
 -73.5538949107535, 42.7072315303423,#ffa500
 -73.5095408403039, 42.7096399560763,#ffa500
 -73.4651830377519, 42.7119786379099,#ffa500
 -73.4208216127651, 42.7142475700611,#ffa500
 -73.3764566750203, 42.7164467469204,#ffa500
 -73.3320883342026, 42.7185761630505,#ffa500
 -73.2877167000060, 42.7206358131869,#ffa500
 -73.2433418821323, 42.7226256922373,#ffa500
 -73.1989639902912, 42.7245457952823,#ffa500
 -73.1545831342001, 42.7263961175744,#ffa500
 -73.1101994235837, 42.7281766545392,#ffa500
 -73.0658129681738, 42.7298874017746,#ffa500
 -73.0214238777088, 42.7315283550510,#ffa500
 -72.9770322619338, 42.7330995103113,#ffa500
 -72.9326382306002, 42.7346008636712,#ffa500
 -72.8882418934652, 42.7360324114188,#ffa500
 -72.8438433602917, 42.7373941500148,#ffa500
 -72.7994427408481, 42.7386860760926,#ffa500
 -72.7550401449080, 42.7399081864580,#ffa500
 -72.7106356822499, 42.7410604780896,#ffa500
 -72.6662294626567, 42.7421429481385,#ffa500
 -72.6218215959159, 42.7431555939285,#ffa500
 -72.5774121918190, 42.7440984129559,#ffa500
 -72.5330013601612, 42.7449714028899,#ffa500
 -72.4885892107413, 42.7457745615720,#ffa500
 -72.4441758533614, 42.7465078870166,#ffa500
 -72.3997613978265, 42.7471713774107,#ffa500
 -72.3553459539444, 42.7477650311138,#ffa500
 -72.3109296315253, 42.7482888466583,#ffa500
 -72.2665125403816, 42.7487428227491,#ffa500
 -72.2220947903275, 42.7491269582638,#ffa500
 -72.1776764911789, 42.7494412522528,#ffa500
 -72.1332577527532, 42.7496857039389,#ffa500
 -72.0888386848686, 42.7498603127178,#ffa500
 -72.0444193973443, 42.7499650781579,#ffa500
 -72.0000000000000, 42.7500000000000,#ffa500
   0.0000000000000, 42.7500000000000,#ffa500
   0.0000000000000, 42.5000000000000,#ffa500
