x,y,fill
-3.67394039744206e-16, 6.00000000000000000,#000000
 1.88683932464177e-02, 5.99997033190467555,#000000
 3.77365998964059e-02, 5.99988132791209949,#000000
 5.66044333553798e-02, 5.99973298890246554,#000000
 7.54717070324456e-02, 5.99952531634275310,#000000
 9.43382343422451e-02, 5.99925831228670958,#000000
 1.13203828706802e-01, 5.99893197937483880,#000000
 1.32068303557366e-01, 5.99854632083436368,#000000
 1.50931472336255e-01, 5.99810134047920318,#000000
 1.69793148498709e-01, 5.99759704270993055,#000000
 1.88653145514724e-01, 5.99703343251372889,#000000
 2.07511276870904e-01, 5.99641051546434767,#000000
 2.26367356072303e-01, 5.99572829772204052,#000000
 2.45221196644269e-01, 5.99498678603350665,#000000
 2.64072612134289e-01, 5.99418598773182687,#000000
 2.82921416113833e-01, 5.99332591073638721,#000000
 3.01767422180196e-01, 5.99240656355280343,#000000
 3.20610443958344e-01, 5.99142795527283578,#000000
 3.39450295102753e-01, 5.99039009557429836,#000000
 3.58286789299258e-01, 5.98929299472096499,#000000
 3.77119740266892e-01, 5.98813666356246621,#000000
 3.95948961759723e-01, 5.98692111353418444,#000000
 4.14774267568707e-01, 5.98564635665713585,#000000
 4.33595471523522e-01, 5.98431240553785759,#000000
 4.52412387494409e-01, 5.98291927336827811,#000000
 4.71224829394017e-01, 5.98146697392559190,#000000
 4.90032611179239e-01, 5.97995552157211741,#000000
 5.08835546853055e-01, 5.97838493125515935,#000000
 5.27633450466367e-01, 5.97675521850685776,#000000
 5.46426136119844e-01, 5.97506639944403783,#000000
 5.65213417965757e-01, 5.97331849076804744,#000000
 5.83995110209815e-01, 5.97151150976459455,#000000
 6.02771027113007e-01, 5.96964547430357229,#000000
 6.21540982993436e-01, 5.96772040283888927,#000000
 6.40304792228154e-01, 5.96573631440827779,#000000
 6.59062269255000e-01, 5.96369322863311346,#000000
 6.77813228574437e-01, 5.96159116571821723,#000000
 6.96557484751381e-01, 5.95943014645165814,#000000
 7.15294852417040e-01, 5.95721019220454284,#000000
 7.34025146270743e-01, 5.95493132493081045,#000000
 7.52748181081776e-01, 5.95259356716701049,#000000
 7.71463771691211e-01, 5.95019694203208438,#000000
 7.90171733013741e-01, 5.94774147322713276,#000000
 8.08871880039504e-01, 5.94522718503518277,#000000
 8.27564027835922e-01, 5.94265410232094737,#000000
 8.46247991549515e-01, 5.94002225053058375,#000000
 8.64923586407750e-01, 5.93733165569143218,#000000
 8.83590627720847e-01, 5.93458234441176824,#000000
 9.02248930883620e-01, 5.93177434388053548,#000000
 9.20898311377297e-01, 5.92890768186707717,#000000
 9.39538584771346e-01, 5.92598238672085920,#000000
 9.58169566725296e-01, 5.92299848737119383,#000000
 9.76791072990566e-01, 5.91995601332695198,#000000
 9.95402919412280e-01, 5.91685499467626919,#000000
 1.01400492193109e+00, 5.91369546208625074,#000000
 1.03259689658501e+00, 5.91047744680266973,#000000
 1.05117865951121e+00, 5.90720098064965171,#000000
 1.06975002694786e+00, 5.90386609602936918,#000000
 1.08831081523591e+00, 5.90047282592171296,#000000
 1.10686084082095e+00, 5.89702120388396889,#000000
 1.12539992025502e+00, 5.89351126405048831,#000000
 1.14392787019839e+00, 5.88994304113234879,#000000
 1.16244450742139e+00, 5.88631657041700862,#000000
 1.18094964880623e+00, 5.88263188776796042,#000000
 1.19944311134883e+00, 5.87888902962437676,#000000
 1.21792471216057e+00, 5.87508803300074867,#000000
 1.23639426847015e+00, 5.87122893548651792,#000000
 1.25485159762540e+00, 5.86731177524571024,#000000
 1.27329651709505e+00, 5.86333659101655336,#000000
 1.29172884447054e+00, 5.85930342211109600,#000000
 1.31014839746787e+00, 5.85521230841481710,#000000
 1.32855499392935e+00, 5.85106329038623407,#000000
 1.34694845182544e+00, 5.84685640905649961,#000000
 1.36532858925649e+00, 5.84259170602900113,#000000
 1.38369522445464e+00, 5.83826922347894239,#000000
 1.40204817578551e+00, 5.83388900415293410,#000000
 1.42038726175008e+00, 5.82945109136856221,#000000
 1.43871230098642e+00, 5.82495552901396607,#000000
 1.45702311227152e+00, 5.82040236154740498,#000000
 1.47531951452310e+00, 5.81579163399681320,#000000
 1.49360132680135e+00, 5.81112339195935945,#000000
 1.51186836831075e+00, 5.80639768160099301,#000000
 1.53012045840186e+00, 5.80161454965598988,#000000
 1.54835741657310e+00, 5.79677404342648828,#000000
 1.56657906247253e+00, 5.79187621078201964,#000000
 1.58478521589964e+00, 5.78692110015904237,#000000
 1.60297569680713e+00, 5.78190876056045155,#000000
 1.62115032530269e+00, 5.77683924155510553,#000000
 1.63930892165079e+00, 5.77171259327732855,#000000
 1.65745130627445e+00, 5.76652886642641604,#000000
 1.67557729975698e+00, 5.76128811226613724,#000000
 1.69368672284383e+00, 5.75599038262422091,#000000
 1.71177939644430e+00, 5.75063572989185179,#000000
 1.72985514163333e+00, 5.74522420702314562,#000000
 1.74791377965328e+00, 5.73975586753462697,#000000
 1.76595513191569e+00, 5.73423076550470157,#000000
 1.78397902000303e+00, 5.72864895557312082,#000000
 1.80198526567050e+00, 5.72301049294044262,#000000
 1.81997369084776e+00, 5.71731543336748071,#000000
 1.83794411764070e+00, 5.71156383317475935,#000000
 1.85589636833321e+00, 5.70575574924195195,#000000
 1.87383026538894e+00, 5.69989123900732242,#000000
 1.89174563145301e+00, 5.69397036046715233,#000000
 1.90964228935385e+00, 5.68799317217517242,#000000
 1.92752006210486e+00, 5.68195973324198000,#000000
 1.94537877290622e+00, 5.67587010333445452,#000000
 1.96321824514663e+00, 5.66972434267517045,#000000
 1.98103830240502e+00, 5.66352251204179780,#000000
 1.99883876845234e+00, 5.65726467276650524,#000000
 2.01661946725330e+00, 5.65095088673534907,#000000
 2.03438022296805e+00, 5.64458121638766652,#000000
 2.05212085995401e+00, 5.63815572471545057,#000000
 2.06984120276754e+00, 5.63167447526273612,#000000
 2.08754107616570e+00, 5.62513753212496503,#000000
 2.10522030510798e+00, 5.61854495994835457,#000000
 2.12287871475803e+00, 5.61189682392925793,#000000
 2.14051613048539e+00, 5.60519318981351944,#000000
 2.15813237786721e+00, 5.59843412389582440,#000000
 2.17572728269000e+00, 5.59161969301904360,#000000
 2.19330067095131e+00, 5.58474996457357253,#000000
 2.21085236886150e+00, 5.57782500649666257,#000000
 2.22838220284541e+00, 5.57084488727175486,#000000
 2.24588999954411e+00, 5.56380967592779374,#000000
 2.26337558581662e+00, 5.55671944203855617,#000000
 2.28083878874158e+00, 5.54957425572195007,#000000
 2.29827943561901e+00, 5.54237418763933576,#000000
 2.31569735397197e+00, 5.53511930899481186,#000000
 2.33309237154832e+00, 5.52780969153452428,#000000
 2.35046431632238e+00, 5.52044540754594770,#000000
 2.36781301649664e+00, 5.51302652985717678,#000000
 2.38513830050348e+00, 5.50555313183619965,#000000
 2.40243999700682e+00, 5.49802528739017937,#000000
 2.41971793490389e+00, 5.49044307096471673,#000000
 2.43697194332683e+00, 5.48280655754311930,#000000
 2.45420185164447e+00, 5.47511582264565710,#000000
 2.47140748946396e+00, 5.46737094232881393,#000000
 2.48858868663244e+00, 5.45957199318454123,#000000
 2.50574527323880e+00, 5.45171905233949161,#000000
 2.52287707961528e+00, 5.44381219745426659,#000000
 2.53998393633921e+00, 5.43585150672264028,#000000
 2.55706567423461e+00, 5.42783705887078760,#000000
 2.57412212437396e+00, 5.41976893315651420,#000000
 2.59115311807978e+00, 5.41164720936845800,#000000
 2.60815848692637e+00, 5.40347196782531025,#000000
 2.62513806274143e+00, 5.39524328937502062,#000000
 2.64209167760772e+00, 5.38696125539399517,#000000
 2.65901916386476e+00, 5.37862594778628988,#000000
 2.67592035411045e+00, 5.37023744898280775,#000000
 2.69279508120277e+00, 5.36179584194047365,#000000
 2.70964317826137e+00, 5.35330121014142257,#000000
 2.72646447866926e+00, 5.34475363759217004,#000000
 2.74325881607447e+00, 5.33615320882278255,#000000
 2.76002602439167e+00, 5.32750000888603825,#000000
 2.77676593780379e+00, 5.31879412335659207,#000000
 2.79347839076374e+00, 5.31003563833012393,#000000
 2.81016321799596e+00, 5.30122464042249231,#000000
 2.82682025449811e+00, 5.29236121676886917,#000000
 2.84344933554266e+00, 5.28344545502288820,#000000
 2.86005029667856e+00, 5.27447744335577351,#000000
 2.87662297373286e+00, 5.26545727045546563,#000000
 2.89316720281229e+00, 5.25638502552575027,#000000
 2.90968282030493e+00, 5.24726079828536562,#000000
 2.92616966288181e+00, 5.23808467896712937,#000000
 2.94262756749852e+00, 5.22885675831703445,#000000
 2.95905637139684e+00, 5.21957712759335912,#000000
 2.97545591210634e+00, 5.21024587856575572,#000000
 2.99182602744595e+00, 5.20086310351435621,#000000
 3.00816655552563e+00, 5.19142889522885032,#000000
 3.02447733474795e+00, 5.18194334700756443,#000000
 3.04075820380963e+00, 5.17240655265654947,#000000
 3.05700900170324e+00, 5.16281860648864566,#000000
 3.07322956771868e+00, 5.15317960332255698,#000000
 3.08941974144488e+00, 5.14348963848190088,#000000
 3.10557936277127e+00, 5.13374880779428011,#000000
 3.12170827188947e+00, 5.12395720759032436,#000000
 3.13780630929481e+00, 5.11411493470274436,#000000
 3.15387331578792e+00, 5.10422208646536912,#000000
 3.16990913247631e+00, 5.09427876071218755,#000000
 3.18591360077592e+00, 5.08428505577637768,#000000
 3.20188656241273e+00, 5.07424107048933593,#000000
 3.21782785942429e+00, 5.06414690417970270,#000000
 3.23373733416130e+00, 5.05400265667237214,#000000
 3.24961482928914e+00, 5.04380842828750886,#000000
 3.26546018778947e+00, 5.03356431983956387,#000000
 3.28127325296176e+00, 5.02327043263626472,#000000
 3.29705386842484e+00, 5.01292686847761804,#000000
 3.31280187811842e+00, 5.00253372965491039,#000000
 3.32851712630470e+00, 4.99209111894968238,#000000
 3.34419945756985e+00, 4.98159913963272594,#000000
 3.35984871682557e+00, 4.97105789546305310,#000000
 3.37546474931062e+00, 4.96046749068687998,#000000
 3.39104740059236e+00, 4.94982803003658134,#000000
 3.40659651656825e+00, 4.93913961872967100,#000000
 3.42211194346741e+00, 4.92840236246775198,#000000
 3.43759352785212e+00, 4.91761636743547026,#000000
 3.45304111661934e+00, 4.90678174029946668,#000000
 3.46845455700222e+00, 4.89589858820732715,#000000
 3.48383369657163e+00, 4.88496701878651685,#000000
 3.49917838323764e+00, 4.87398714014331524,#000000
 3.51448846525104e+00, 4.86295906086175300,#000000
 3.52976379120483e+00, 4.85188289000253015,#000000
 3.54500421003575e+00, 4.84075873710194671,#000000
 3.56020957102572e+00, 4.82958671217080937,#000000
 3.57537972380339e+00, 4.81836692569335501,#000000
 3.59051451834556e+00, 4.80709948862614578,#000000
 3.60561380497874e+00, 4.79578451239698111,#000000
 3.62067743438056e+00, 4.78442210890379460,#000000
 3.63570525758129e+00, 4.77301239051354109,#000000
 3.65069712596530e+00, 4.76155547006109003,#000000
 3.66565289127254e+00, 4.75005146084811170,#000000
 3.68057240559997e+00, 4.73850047664195717,#000000
 3.69545552140308e+00, 4.72690263167452063,#000000
 3.71030209149729e+00, 4.71525804064112997,#000000
 3.72511196905946e+00, 4.70356681869939486,#000000
 3.73988500762930e+00, 4.69182908146807875,#000000
 3.75462106111083e+00, 4.68004494502594959,#000000
 3.76931998377385e+00, 4.66821452591063846,#000000
 3.78398163025534e+00, 4.65633794111747434,#000000
 3.79860585556093e+00, 4.64441530809834280,#000000
 3.81319251506630e+00, 4.63244674476051799,#000000
 3.82774146451867e+00, 4.62043236946548852,#000000
 3.84225256003815e+00, 4.60837230102779838,#000000
 3.85672565811924e+00, 4.59626665871386830,#000000
 3.87116061563216e+00, 4.58411556224081629,#000000
 3.88555728982436e+00, 4.57191913177527010,#000000
 3.89991553832188e+00, 4.55967748793218597,#000000
 3.91423521913075e+00, 4.54739075177364604,#000000
 3.92851619063841e+00, 4.53505904480767352,#000000
 3.94275831161513e+00, 4.52268248898701763,#000000
 3.95696144121537e+00, 4.51026120670796082,#000000
 3.97112543897921e+00, 4.49779532080909572,#000000
 3.98525016483368e+00, 4.48528495457012077,#000000
 3.99933547909423e+00, 4.47273023171061812,#000000
 4.01338124246603e+00, 4.46013127638882168,#000000
 4.02738731604542e+00, 4.44748821320040211,#000000
 4.04135356132120e+00, 4.43480116717722694,#000000
 4.05527984017607e+00, 4.42207026378612866,#000000
 4.06916601488800e+00, 4.40929562892765503,#000000
 4.08301194813151e+00, 4.39647738893483986,#000000
 4.09681750297913e+00, 4.38361567057193202,#000000
 4.11058254290269e+00, 4.37071060103316533,#000000
 4.12430693177466e+00, 4.35776230794148312,#000000
 4.13799053386957e+00, 4.34477091934728232,#000000
 4.15163321386528e+00, 4.33173656372714699,#000000
 4.16523483684434e+00, 4.31865936998258082,#000000
 4.17879526829533e+00, 4.30553946743872817,#000000
 4.19231437411420e+00, 4.29237698584309335,#000000
 4.20579202060558e+00, 4.27917205536426160,#000000
 4.21922807448410e+00, 4.26592480659061302,#000000
 4.23262240287572e+00, 4.25263537052903118,#000000
 4.24597487331903e+00, 4.23930387860359481,#000000
 4.25928535376657e+00, 4.22593046265429884,#000000
 4.27255371258615e+00, 4.21251525493573542,#000000
 4.28577981856213e+00, 4.19905838811579102,#000000
 4.29896354089670e+00, 4.18555999527433809,#000000
 4.31210474921123e+00, 4.17202020990190903,#000000
 4.32520331354751e+00, 4.15843916589838347,#000000
 4.33825910436906e+00, 4.14481699757166488,#000000
 4.35127199256238e+00, 4.13115383963635363,#000000
 4.36424184943829e+00, 4.11744982721240405,#000000
 4.37716854673313e+00, 4.10370509582379484,#000000
 4.39005195661007e+00, 4.08991978139719681,#000000
 4.40289195166037e+00, 4.07609402026061929,#000000
 4.41568840490462e+00, 4.06222794914205831,#000000
 4.42844118979403e+00, 4.04832170516815637,#000000
 4.44115018021166e+00, 4.03437542586283460,#000000
 4.45381525047366e+00, 4.02038924914594276,#000000
 4.46643627533051e+00, 4.00636331333189144,#000000
 4.47901312996831e+00, 3.99229775712827761,#000000
 4.49154569000994e+00, 3.97819271963452081,#000000
 4.50403383151635e+00, 3.96404834034048825,#000000
 4.51647743098773e+00, 3.94986475912511370,#000000
 4.52887636536479e+00, 3.93564211625500793,#000000
 4.54123051202995e+00, 3.92138055238307626,#000000
 4.55353974880853e+00, 3.90708020854713389,#000000
 4.56580395397000e+00, 3.89274122616850438,#000000
 4.57802300622916e+00, 3.87836374705061537,#000000
 4.59019678474734e+00, 3.86394791337761090,#000000
 4.60232516913359e+00, 3.84949386771293023,#000000
 4.61440803944590e+00, 3.83500175299790858,#000000
 4.62644527619235e+00, 3.82047171255036400,#000000
 4.63843676033231e+00, 3.80590389006316743,#000000
 4.65038237327761e+00, 3.79129842960283359,#000000
 4.66228199689373e+00, 3.77665547560809500,#000000
 4.67413551350095e+00, 3.76197517288847116,#000000
 4.68594280587550e+00, 3.74725766662283322,#000000
 4.69770375725078e+00, 3.73250310235797711,#000000
 4.70941825131843e+00, 3.71771162600717275,#000000
 4.72108617222954e+00, 3.70288338384873228,#000000
 4.73270740459579e+00, 3.68801852252455431,#000000
 4.74428183349056e+00, 3.67311718903868289,#000000
 4.75580934445011e+00, 3.65817953075584157,#000000
 4.76728982347466e+00, 3.64320569539998917,#000000
 4.77872315702957e+00, 3.62819583105285304,#000000
 4.79010923204643e+00, 3.61315008615245947,#000000
 4.80144793592419e+00, 3.59806860949167007,#000000
 4.81273915653026e+00, 3.58295155021671707,#000000
 4.82398278220164e+00, 3.56779905782572104,#000000
 4.83517870174602e+00, 3.55261128216720667,#000000
 4.84632680444284e+00, 3.53738837343863777,#000000
 4.85742698004446e+00, 3.52213048218491220,#000000
 4.86847911877719e+00, 3.50683775929689112,#000000
 4.87948311134240e+00, 3.49151035600989079,#000000
 4.89043884891757e+00, 3.47614842390220291,#000000
 4.90134622315743e+00, 3.46075211489357848,#000000
 4.91220512619497e+00, 3.44532158124374099,#000000
 4.92301545064252e+00, 3.42985697555087299,#000000
 4.93377708959285e+00, 3.41435845075010436,#000000
 4.94448993662019e+00, 3.39882616011200422,#000000
 4.95515388578126e+00, 3.38326025724106749,#000000
 4.96576883161639e+00, 3.36766089607419206,#000000
 4.97633466915050e+00, 3.35202823087915203,#000000
 4.98685129389416e+00, 3.33636241625308694,#000000
 4.99731860184464e+00, 3.32066360712095099,#000000
 5.00773648948690e+00, 3.30493195873400492,#000000
 5.01810485379466e+00, 3.28916762666825946,#000000
 5.02842359223136e+00, 3.27337076682295258,#000000
 5.03869260275124e+00, 3.25754153541899649,#000000
 5.04891178380030e+00, 3.24168008899744109,#000000
 5.05908103431733e+00, 3.22578658441792410,#000000
 5.06920025373491e+00, 3.20986117885711186,#000000
 5.07926934198036e+00, 3.19390402980715304,#000000
 5.08928819947681e+00, 3.17791529507412296,#000000
 5.09925672714412e+00, 3.16189513277645862,#000000
 5.10917482639987e+00, 3.14584370134339242,#000000
 5.11904239916036e+00, 3.12976115951338807,#000000
 5.12885934784156e+00, 3.11364766633257517,#000000
 5.13862557536008e+00, 3.09750338115317181,#000000
 5.14834098513412e+00, 3.08132846363191071,#000000
 5.15800548108447e+00, 3.06512307372845338,#000000
 5.16761896763538e+00, 3.04888737170381674,#000000
 5.17718134971559e+00, 3.03262151811878677,#000000
 5.18669253275919e+00, 3.01632567383233097,#000000
 5.19615242270663e+00, 3.00000000000000178,#000000
 5.20556092600561e+00, 2.98364465807234591,#000000
 5.21491794961199e+00, 2.96725980979331272,#000000
 5.22422340099076e+00, 2.95084561719865146,#000000
 5.23347718811692e+00, 2.93440224261430371,#000000
 5.24267921947637e+00, 2.91792984865480198,#000000
 5.25182940406688e+00, 2.90142859822166654,#000000
 5.26092765139892e+00, 2.88489865450178762,#000000
 5.26997387149661e+00, 2.86834018096581689,#000000
 5.27896797489858e+00, 2.85175334136654168,#000000
 5.28790987265884e+00, 2.83513829973727205,#000000
 5.29679947634772e+00, 2.81849522039022471,#000000
 5.30563669805267e+00, 2.80182426791488881,#000000
 5.31442145037918e+00, 2.78512560717639879,#000000
 5.32315364645162e+00, 2.76839940331390455,#000000
 5.33183319991413e+00, 2.75164582173894523,#000000
 5.34046002493143e+00, 2.73486502813380872,#000000
 5.34903403618970e+00, 2.71805718844988720,#000000
 5.35755514889741e+00, 2.70122246890604156,#000000
 5.36602327878616e+00, 2.68436103598696185,#000000
 5.37443834211153e+00, 2.66747305644151522,#000000
 5.38280025565388e+00, 2.65055869728109972,#000000
 5.39110893671920e+00, 2.63361812577798515,#000000
 5.39936430313991e+00, 2.61665150946366687,#000000
 5.40756627327567e+00, 2.59965901612721106,#000000
 5.41571476601420e+00, 2.58264081381358945,#000000
 5.42380970077209e+00, 2.56559707082201705,#000000
 5.43185099749558e+00, 2.54852795570428814,#000000
 5.43983857666134e+00, 2.53143363726311632,#000000
 5.44777235927728e+00, 2.51431428455046113,#000000
 5.45565226688333e+00, 2.49717006686584853,#000000
 5.46347822155221e+00, 2.48000115375470553,#000000
 5.47125014589020e+00, 2.46280771500668338,#000000
 5.47896796303790e+00, 2.44558992065397662,#000000
 5.48663159667099e+00, 2.42834794096964179,#000000
 5.49424097100101e+00, 2.41108194646590901,#000000
 5.50179601077608e+00, 2.39379210789249885,#000000
 5.50929664128164e+00, 2.37647859623494062,#000000
 5.51674278834123e+00, 2.35914158271287455,#000000
 5.52413437831718e+00, 2.34178123877835542,#000000
 5.53147133811135e+00, 2.32439773611415967,#000000
 5.53875359516587e+00, 2.30699124663209432,#000000
 5.54598107746385e+00, 2.28956194247129208,#000000
 5.55315371353007e+00, 2.27210999599650298,#000000
 5.56027143243171e+00, 2.25463557979639484,#000000
 5.56733416377906e+00, 2.23713886668185191,#000000
 5.57434183772618e+00, 2.21962002968425898,#000000
 5.58129438497162e+00, 2.20207924205379246,#000000
 5.58819173675912e+00, 2.18451667725770449,#000000
 5.59503382487824e+00, 2.16693250897860779,#000000
 5.60182058166508e+00, 2.14932691111276419,#000000
 5.60855194000291e+00, 2.13170005776836291,#000000
 5.61522783332287e+00, 2.11405212326378855,#000000
 5.62184819560463e+00, 2.09638328212590697,#000000
 5.62841296137699e+00, 2.07869370908834128,#000000
 5.63492206571861e+00, 2.06098357908974084,#000000
 5.64137544425855e+00, 2.04325306727204481,#000000
 5.64777303317702e+00, 2.02550234897875514,#000000
 5.65411476920591e+00, 2.00773159975320903,#000000
 5.66040058962949e+00, 1.98994099533683366,#000000
 5.66663043228497e+00, 1.97213071166741383,#000000
 5.67280423556318e+00, 1.95430092487734530,#000000
 5.67892193840911e+00, 1.93645181129189625,#000000
 5.68498348032258e+00, 1.91858354742747150,#000000
 5.69098880135877e+00, 1.90069630998985772,#000000
 5.69693784212888e+00, 1.88279027587247416,#000000
 5.70283054380067e+00, 1.86486562215462826,#000000
 5.70866684809906e+00, 1.84692252609976704,#000000
 5.71444669730671e+00, 1.82896116515372054,#000000
 5.72017003426457e+00, 1.81098171694294341,#000000
 5.72583680237249e+00, 1.79298435927276034,#000000
 5.73144694558972e+00, 1.77496927012561523,#000000
 5.73700040843551e+00, 1.75693662765930148,#000000
 5.74249713598963e+00, 1.73888661020520763,#000000
 5.74793707389293e+00, 1.72081939626654368,#000000
 5.75332016834790e+00, 1.70273516451658180,#000000
 5.75864636611913e+00, 1.68463409379689555,#000000
 5.76391561453393e+00, 1.66651636311558438,#000000
 5.76912786148275e+00, 1.64838215164549950,#000000
 5.77428305541980e+00, 1.63023163872247689,#000000
 5.77938114536348e+00, 1.61206500384356755,#000000
 5.78442208089690e+00, 1.59388242666525959,#000000
 5.78940581216843e+00, 1.57568408700169460,#000000
 5.79433228989213e+00, 1.55747016482289546,#000000
 5.79920146534825e+00, 1.53924084025299113,#000000
 5.80401329038374e+00, 1.52099629356842803,#000000
 5.80876771741271e+00, 1.50273670519619174,#000000
 5.81346469941690e+00, 1.48446225571201684,#000000
 5.81810418994613e+00, 1.46617312583860282,#000000
 5.82268614311878e+00, 1.44786949644383545,#000000
 5.82721051362226e+00, 1.42955154853899136,#000000
 5.83167725671340e+00, 1.41121946327694259,#000000
 5.83608632821896e+00, 1.39287342195037089,#000000
 5.84043768453602e+00, 1.37451360598998029,#000000
 5.84473128263242e+00, 1.35614019696269583,#000000
 5.84896708004720e+00, 1.33775337656986615,#000000
 5.85314503489103e+00, 1.31935332664546801,#000000
 5.85726510584658e+00, 1.30094022915431573,#000000
 5.86132725216896e+00, 1.28251426619025333,#000000
 5.86533143368612e+00, 1.26407561997435880,#000000
 5.86927761079925e+00, 1.24562447285313382,#000000
 5.87316574448317e+00, 1.22716100729670630,#000000
 5.87699579628670e+00, 1.20868540589703111,#000000
 5.88076772833306e+00, 1.19019785136607870,#000000
 5.88448150332024e+00, 1.17169852653402273,#000000
 5.88813708452136e+00, 1.15318761434743888,#000000
 5.89173443578504e+00, 1.13466529786749803,#000000
 5.89527352153577e+00, 1.11613176026815375,#000000
 5.89875430677422e+00, 1.09758718483432327,#000000
 5.90217675707766e+00, 1.07903175496008097,#000000
 5.90554083860021e+00, 1.06046565414685068,#000000
 5.90884651807325e+00, 1.04188906600158160,#000000
 5.91209376280570e+00, 1.02330217423493930,#000000
 5.91528254068437e+00, 1.00470516265947984,#000000
 5.91841282017429e+00, 0.98609821518783813,#000000
 5.92148457031896e+00, 0.96748151583091369,#000000
 5.92449776074073e+00, 0.94885524869604643,#000000
 5.92745236164107e+00, 0.93021959798518983,#000000
 5.93034834380084e+00, 0.91157474799309535,#000000
 5.93318567858061e+00, 0.89292088310549445,#000000
 5.93596433792096e+00, 0.87425818779727038,#000000
 5.93868429434270e+00, 0.85558684663062834,#000000
 5.94134552094719e+00, 0.83690704425327545,#000000
 5.94394799141659e+00, 0.81821896539660033,#000000
 5.94649168001412e+00, 0.79952279487383793,#000000
 5.94897656158431e+00, 0.78081871757824706,#000000
 5.95140261155326e+00, 0.76210691848127488,#000000
 5.95376980592888e+00, 0.74338758263073168,#000000
 5.95607812130112e+00, 0.72466089514896681,#000000
 5.95832753484221e+00, 0.70592704123103278,#000000
 5.96051802430686e+00, 0.68718620614284831,#000000
 5.96264956803255e+00, 0.66843857521937133,#000000
 5.96472214493964e+00, 0.64968433386277136,#000000
 5.96673573453167e+00, 0.63092366754059148,#000000
 5.96869031689551e+00, 0.61215676178390788,#000000
 5.97058587270160e+00, 0.59338380218550080,#000000
 5.97242238320408e+00, 0.57460497439802460,#000000
 5.97419983024103e+00, 0.55582046413216357,#000000
 5.97591819623463e+00, 0.53703045715480069,#000000
 5.97757746419133e+00, 0.51823513928717280,#000000
 5.97917761770202e+00, 0.49943469640303795,#000000
 5.98071864094221e+00, 0.48062931442684254,#000000
 5.98220051867214e+00, 0.46181917933187777,#000000
 5.98362323623700e+00, 0.44300447713843460,#000000
 5.98498677956700e+00, 0.42418539391196969,#000000
 5.98629113517757e+00, 0.40536211576127079,#000000
 5.98753629016946e+00, 0.38653482883661072,#000000
 5.98872223222888e+00, 0.36770371932789864,#000000
 5.98984894962761e+00, 0.34886897346285706,#000000
 5.99091643122313e+00, 0.33003077750515930,#000000
 5.99192466645874e+00, 0.31118931775260589,#000000
 5.99287364536361e+00, 0.29234478053527407,#000000
 5.99376335855296e+00, 0.27349735221367005,#000000
 5.99459379722809e+00, 0.25464721917689115,#000000
 5.99536495317648e+00, 0.23579456784078801,#000000
 5.99607681877189e+00, 0.21693958464611562,#000000
 5.99672938697442e+00, 0.19808245605668423,#000000
 5.99732265133058e+00, 0.17922336855752069,#000000
 5.99785660597338e+00, 0.16036250865302959,#000000
 5.99833124562233e+00, 0.14150006286514336,#000000
 5.99874656558356e+00, 0.12263621773146996,#000000
 5.99910256174980e+00, 0.10377115980346659,#000000
 5.99939923060049e+00, 0.08490507564457354,#000000
 5.99963656920176e+00, 0.06603815182838792,#000000
 5.99981457520648e+00, 0.04717057493681044,#000000
 5.99993324685428e+00, 0.02830253155819504,#000000
 5.99999258297158e+00, 0.00943420828550892,#000000
 5.99999258297158e+00,-0.00943420828550745,#000000
 5.99993324685428e+00,-0.02830253155819091,#000000
 5.99981457520648e+00,-0.04717057493680629,#000000
 5.99963656920176e+00,-0.06603815182838645,#000000
 5.99939923060049e+00,-0.08490507564457207,#000000
 5.99910256174980e+00,-0.10377115980346244,#000000
 5.99874656558356e+00,-0.12263621773146849,#000000
 5.99833124562233e+00,-0.14150006286513922,#000000
 5.99785660597338e+00,-0.16036250865302809,#000000
 5.99732265133058e+00,-0.17922336855751925,#000000
 5.99672938697442e+00,-0.19808245605668012,#000000
 5.99607681877189e+00,-0.21693958464611149,#000000
 5.99536495317648e+00,-0.23579456784078651,#000000
 5.99459379722809e+00,-0.25464721917688965,#000000
 5.99376335855296e+00,-0.27349735221366589,#000000
 5.99287364536361e+00,-0.29234478053526991,#000000
 5.99192466645874e+00,-0.31118931775260444,#000000
 5.99091643122313e+00,-0.33003077750515786,#000000
 5.98984894962761e+00,-0.34886897346285295,#000000
 5.98872223222888e+00,-0.36770371932789719,#000000
 5.98753629016946e+00,-0.38653482883660661,#000000
 5.98629113517757e+00,-0.40536211576126935,#000000
 5.98498677956700e+00,-0.42418539391196819,#000000
 5.98362323623700e+00,-0.44300447713843039,#000000
 5.98220051867214e+00,-0.46181917933187361,#000000
 5.98071864094221e+00,-0.48062931442684109,#000000
 5.97917761770202e+00,-0.49943469640303645,#000000
 5.97757746419133e+00,-0.51823513928716869,#000000
 5.97591819623463e+00,-0.53703045715479658,#000000
 5.97419983024103e+00,-0.55582046413216202,#000000
 5.97242238320408e+00,-0.57460497439802316,#000000
 5.97058587270160e+00,-0.59338380218549669,#000000
 5.96869031689551e+00,-0.61215676178390377,#000000
 5.96673573453167e+00,-0.63092366754058737,#000000
 5.96472214493964e+00,-0.64968433386276991,#000000
 5.96264956803255e+00,-0.66843857521936978,#000000
 5.96051802430686e+00,-0.68718620614284420,#000000
 5.95832753484221e+00,-0.70592704123102878,#000000
 5.95607812130112e+00,-0.72466089514896537,#000000
 5.95376980592888e+00,-0.74338758263073024,#000000
 5.95140261155326e+00,-0.76210691848127088,#000000
 5.94897656158431e+00,-0.78081871757824295,#000000
 5.94649168001412e+00,-0.79952279487383637,#000000
 5.94394799141659e+00,-0.81821896539659877,#000000
 5.94134552094719e+00,-0.83690704425327134,#000000
 5.93868429434270e+00,-0.85558684663062423,#000000
 5.93596433792096e+00,-0.87425818779726638,#000000
 5.93318567858061e+00,-0.89292088310549289,#000000
 5.93034834380084e+00,-0.91157474799309379,#000000
 5.92745236164107e+00,-0.93021959798518572,#000000
 5.92449776074073e+00,-0.94885524869604221,#000000
 5.92148457031896e+00,-0.96748151583091224,#000000
 5.91841282017429e+00,-0.98609821518783658,#000000
 5.91528254068437e+00,-1.00470516265947563,#000000
 5.91209376280570e+00,-1.02330217423493508,#000000
 5.90884651807325e+00,-1.04188906600158004,#000000
 5.90554083860021e+00,-1.06046565414684935,#000000
 5.90217675707766e+00,-1.07903175496007941,#000000
 5.89875430677423e+00,-1.09758718483431905,#000000
 5.89527352153577e+00,-1.11613176026814953,#000000
 5.89173443578504e+00,-1.13466529786749670,#000000
 5.88813708452136e+00,-1.15318761434743733,#000000
 5.88448150332024e+00,-1.17169852653401874,#000000
 5.88076772833306e+00,-1.19019785136607448,#000000
 5.87699579628670e+00,-1.20868540589702977,#000000
 5.87316574448317e+00,-1.22716100729670474,#000000
 5.86927761079925e+00,-1.24562447285312983,#000000
 5.86533143368612e+00,-1.26407561997435458,#000000
 5.86132725216896e+00,-1.28251426619025199,#000000
 5.85726510584658e+00,-1.30094022915431418,#000000
 5.85314503489103e+00,-1.31935332664546645,#000000
 5.84896708004721e+00,-1.33775337656986215,#000000
 5.84473128263242e+00,-1.35614019696269184,#000000
 5.84043768453602e+00,-1.37451360598997874,#000000
 5.83608632821896e+00,-1.39287342195036956,#000000
 5.83167725671340e+00,-1.41121946327693859,#000000
 5.82721051362226e+00,-1.42955154853898736,#000000
 5.82268614311878e+00,-1.44786949644383389,#000000
 5.81810418994613e+00,-1.46617312583860127,#000000
 5.81346469941690e+00,-1.48446225571201262,#000000
 5.80876771741271e+00,-1.50273670519618774,#000000
 5.80401329038374e+00,-1.52099629356842625,#000000
 5.79920146534825e+00,-1.53924084025298935,#000000
 5.79433228989213e+00,-1.55747016482289391,#000000
 5.78940581216843e+00,-1.57568408700169060,#000000
 5.78442208089690e+00,-1.59388242666525559,#000000
 5.77938114536348e+00,-1.61206500384356577,#000000
 5.77428305541980e+00,-1.63023163872247512,#000000
 5.76912786148275e+00,-1.64838215164549551,#000000
 5.76391561453393e+00,-1.66651636311558038,#000000
 5.75864636611913e+00,-1.68463409379689422,#000000
 5.75332016834790e+00,-1.70273516451658047,#000000
 5.74793707389293e+00,-1.72081939626653968,#000000
 5.74249713598963e+00,-1.73888661020520363,#000000
 5.73700040843551e+00,-1.75693662765930014,#000000
 5.73144694558972e+00,-1.77496927012561390,#000000
 5.72583680237249e+00,-1.79298435927275901,#000000
 5.72017003426458e+00,-1.81098171694293941,#000000
 5.71444669730671e+00,-1.82896116515371654,#000000
 5.70866684809906e+00,-1.84692252609976526,#000000
 5.70283054380067e+00,-1.86486562215462670,#000000
 5.69693784212888e+00,-1.88279027587247061,#000000
 5.69098880135877e+00,-1.90069630998985373,#000000
 5.68498348032258e+00,-1.91858354742747017,#000000
 5.67892193840911e+00,-1.93645181129189492,#000000
 5.67280423556318e+00,-1.95430092487734131,#000000
 5.66663043228497e+00,-1.97213071166740983,#000000
 5.66040058962949e+00,-1.98994099533683233,#000000
 5.65411476920591e+00,-2.00773159975320770,#000000
 5.64777303317702e+00,-2.02550234897875381,#000000
 5.64137544425855e+00,-2.04325306727204081,#000000
 5.63492206571861e+00,-2.06098357908973684,#000000
 5.62841296137699e+00,-2.07869370908833995,#000000
 5.62184819560463e+00,-2.09638328212590519,#000000
 5.61522783332287e+00,-2.11405212326378456,#000000
 5.60855194000291e+00,-2.13170005776835891,#000000
 5.60182058166508e+00,-2.14932691111276286,#000000
 5.59503382487824e+00,-2.16693250897860601,#000000
 5.58819173675913e+00,-2.18451667725770093,#000000
 5.58129438497163e+00,-2.20207924205378891,#000000
 5.57434183772618e+00,-2.21962002968425764,#000000
 5.56733416377906e+00,-2.23713886668185058,#000000
 5.56027143243171e+00,-2.25463557979639351,#000000
 5.55315371353007e+00,-2.27210999599649943,#000000
 5.54598107746385e+00,-2.28956194247128852,#000000
 5.53875359516587e+00,-2.30699124663209343,#000000
 5.53147133811135e+00,-2.32439773611415790,#000000
 5.52413437831718e+00,-2.34178123877835187,#000000
 5.51674278834123e+00,-2.35914158271287100,#000000
 5.50929664128164e+00,-2.37647859623493929,#000000
 5.50179601077608e+00,-2.39379210789249752,#000000
 5.49424097100102e+00,-2.41108194646590501,#000000
 5.48663159667100e+00,-2.42834794096963824,#000000
 5.47896796303790e+00,-2.44558992065397529,#000000
 5.47125014589020e+00,-2.46280771500668205,#000000
 5.46347822155221e+00,-2.48000115375470376,#000000
 5.45565226688333e+00,-2.49717006686584497,#000000
 5.44777235927728e+00,-2.51431428455045713,#000000
 5.43983857666134e+00,-2.53143363726311499,#000000
 5.43185099749558e+00,-2.54852795570428414,#000000
 5.42380970077210e+00,-2.56559707082201349,#000000
 5.41571476601420e+00,-2.58264081381358812,#000000
 5.40756627327567e+00,-2.59965901612720973,#000000
 5.39936430313991e+00,-2.61665150946366554,#000000
 5.39110893671920e+00,-2.63361812577798160,#000000
 5.38280025565389e+00,-2.65055869728109794,#000000
 5.37443834211153e+00,-2.66747305644151389,#000000
 5.36602327878616e+00,-2.68436103598696052,#000000
 5.35755514889741e+00,-2.70122246890603757,#000000
 5.34903403618970e+00,-2.71805718844988320,#000000
 5.34046002493144e+00,-2.73486502813380472,#000000
 5.33183319991414e+00,-2.75164582173894390,#000000
 5.32315364645163e+00,-2.76839940331390055,#000000
 5.31442145037918e+00,-2.78512560717639523,#000000
 5.30563669805267e+00,-2.80182426791488792,#000000
 5.29679947634772e+00,-2.81849522039022338,#000000
 5.28790987265884e+00,-2.83513829973727072,#000000
 5.27896797489858e+00,-2.85175334136653769,#000000
 5.26997387149661e+00,-2.86834018096581556,#000000
 5.26092765139892e+00,-2.88489865450178673,#000000
 5.25182940406688e+00,-2.90142859822166521,#000000
 5.24267921947637e+00,-2.91792984865479799,#000000
 5.23347718811692e+00,-2.93440224261430016,#000000
 5.22422340099077e+00,-2.95084561719864791,#000000
 5.21491794961199e+00,-2.96725980979331139,#000000
 5.20556092600561e+00,-2.98364465807234236,#000000
 5.19615242270663e+00,-2.99999999999999822,#000000
 5.18669253275919e+00,-3.01632567383233052,#000000
 5.17718134971559e+00,-3.03262151811878500,#000000
 5.16761896763538e+00,-3.04888737170381496,#000000
 5.15800548108447e+00,-3.06512307372844983,#000000
 5.14834098513413e+00,-3.08132846363190893,#000000
 5.13862557536008e+00,-3.09750338115317092,#000000
 5.12885934784156e+00,-3.11364766633257384,#000000
 5.11904239916036e+00,-3.12976115951338407,#000000
 5.10917482639987e+00,-3.14584370134338887,#000000
 5.09925672714412e+00,-3.16189513277645506,#000000
 5.08928819947681e+00,-3.17791529507412163,#000000
 5.07926934198036e+00,-3.19390402980714994,#000000
 5.06920025373491e+00,-3.20986117885710875,#000000
 5.05908103431733e+00,-3.22578658441792232,#000000
 5.04891178380030e+00,-3.24168008899744020,#000000
 5.03869260275124e+00,-3.25754153541899516,#000000
 5.02842359223136e+00,-3.27337076682294947,#000000
 5.01810485379466e+00,-3.28916762666825813,#000000
 5.00773648948691e+00,-3.30493195873400136,#000000
 4.99731860184464e+00,-3.32066360712094966,#000000
 4.98685129389416e+00,-3.33636241625308383,#000000
 4.97633466915050e+00,-3.35202823087915114,#000000
 4.96576883161639e+00,-3.36766089607418895,#000000
 4.95515388578126e+00,-3.38326025724106572,#000000
 4.94448993662019e+00,-3.39882616011200067,#000000
 4.93377708959286e+00,-3.41435845075010125,#000000
 4.92301545064253e+00,-3.42985697555087210,#000000
 4.91220512619497e+00,-3.44532158124373966,#000000
 4.90134622315743e+00,-3.46075211489357759,#000000
 4.89043884891757e+00,-3.47614842390219980,#000000
 4.87948311134240e+00,-3.49151035600988946,#000000
 4.86847911877720e+00,-3.50683775929688801,#000000
 4.85742698004446e+00,-3.52213048218491043,#000000
 4.84632680444284e+00,-3.53738837343863466,#000000
 4.83517870174602e+00,-3.55261128216720579,#000000
 4.82398278220164e+00,-3.56779905782571749,#000000
 4.81273915653026e+00,-3.58295155021671574,#000000
 4.80144793592419e+00,-3.59806860949166873,#000000
 4.79010923204644e+00,-3.61315008615245592,#000000
 4.77872315702957e+00,-3.62819583105285215,#000000
 4.76728982347466e+00,-3.64320569539998873,#000000
 4.75580934445011e+00,-3.65817953075584112,#000000
 4.74428183349056e+00,-3.67311718903867934,#000000
 4.73270740459579e+00,-3.68801852252455298,#000000
 4.72108617222954e+00,-3.70288338384872873,#000000
 4.70941825131843e+00,-3.71771162600717098,#000000
 4.69770375725078e+00,-3.73250310235797400,#000000
 4.68594280587551e+00,-3.74725766662283188,#000000
 4.67413551350095e+00,-3.76197517288846806,#000000
 4.66228199689373e+00,-3.77665547560809367,#000000
 4.65038237327761e+00,-3.79129842960283270,#000000
 4.63843676033231e+00,-3.80590389006316476,#000000
 4.62644527619235e+00,-3.82047171255036311,#000000
 4.61440803944590e+00,-3.83500175299790813,#000000
 4.60232516913359e+00,-3.84949386771292890,#000000
 4.59019678474734e+00,-3.86394791337760823,#000000
 4.57802300622916e+00,-3.87836374705061449,#000000
 4.56580395397001e+00,-3.89274122616850171,#000000
 4.55353974880853e+00,-3.90708020854713345,#000000
 4.54123051202995e+00,-3.92138055238307359,#000000
 4.52887636536479e+00,-3.93564211625500437,#000000
 4.51647743098773e+00,-3.94986475912511015,#000000
 4.50403383151635e+00,-3.96404834034048736,#000000
 4.49154569000994e+00,-3.97819271963451992,#000000
 4.47901312996831e+00,-3.99229775712827450,#000000
 4.46643627533051e+00,-4.00636331333189055,#000000
 4.45381525047366e+00,-4.02038924914594276,#000000
 4.44115018021166e+00,-4.03437542586283371,#000000
 4.42844118979404e+00,-4.04832170516815282,#000000
 4.41568840490462e+00,-4.06222794914205743,#000000
 4.40289195166037e+00,-4.07609402026061662,#000000
 4.39005195661007e+00,-4.08991978139719592,#000000
 4.37716854673313e+00,-4.10370509582379217,#000000
 4.36424184943829e+00,-4.11744982721240049,#000000
 4.35127199256239e+00,-4.13115383963635097,#000000
 4.33825910436906e+00,-4.14481699757166488,#000000
 4.32520331354751e+00,-4.15843916589838258,#000000
 4.31210474921123e+00,-4.17202020990190636,#000000
 4.29896354089670e+00,-4.18555999527433720,#000000
 4.28577981856213e+00,-4.19905838811579013,#000000
 4.27255371258615e+00,-4.21251525493573453,#000000
 4.25928535376657e+00,-4.22593046265429706,#000000
 4.24597487331903e+00,-4.23930387860359303,#000000
 4.23262240287572e+00,-4.25263537052902763,#000000
 4.21922807448410e+00,-4.26592480659061302,#000000
 4.20579202060559e+00,-4.27917205536425893,#000000
 4.19231437411421e+00,-4.29237698584309069,#000000
 4.17879526829533e+00,-4.30553946743872462,#000000
 4.16523483684434e+00,-4.31865936998257993,#000000
 4.15163321386528e+00,-4.33173656372714611,#000000
 4.13799053386957e+00,-4.34477091934727966,#000000
 4.12430693177466e+00,-4.35776230794148223,#000000
 4.11058254290269e+00,-4.37071060103316356,#000000
 4.09681750297914e+00,-4.38361567057193113,#000000
 4.08301194813152e+00,-4.39647738893483631,#000000
 4.06916601488800e+00,-4.40929562892765503,#000000
 4.05527984017608e+00,-4.42207026378612511,#000000
 4.04135356132120e+00,-4.43480116717722517,#000000
 4.02738731604542e+00,-4.44748821320039944,#000000
 4.01338124246604e+00,-4.46013127638881901,#000000
 3.99933547909423e+00,-4.47273023171061457,#000000
 3.98525016483369e+00,-4.48528495457011989,#000000
 3.97112543897921e+00,-4.49779532080909483,#000000
 3.95696144121538e+00,-4.51026120670795816,#000000
 3.94275831161513e+00,-4.52268248898701675,#000000
 3.92851619063841e+00,-4.53505904480767086,#000000
 3.91423521913075e+00,-4.54739075177364427,#000000
 3.89991553832188e+00,-4.55967748793218508,#000000
 3.88555728982436e+00,-4.57191913177527098,#000000
 3.87116061563216e+00,-4.58411556224081451,#000000
 3.85672565811924e+00,-4.59626665871386741,#000000
 3.84225256003816e+00,-4.60837230102779394,#000000
 3.82774146451867e+00,-4.62043236946548408,#000000
 3.81319251506631e+00,-4.63244674476051532,#000000
 3.79860585556093e+00,-4.64441530809834191,#000000
 3.78398163025534e+00,-4.65633794111747346,#000000
 3.76931998377385e+00,-4.66821452591063668,#000000
 3.75462106111083e+00,-4.68004494502595136,#000000
 3.73988500762930e+00,-4.69182908146807698,#000000
 3.72511196905946e+00,-4.70356681869939397,#000000
 3.71030209149730e+00,-4.71525804064112553,#000000
 3.69545552140308e+00,-4.72690263167451796,#000000
 3.68057240559997e+00,-4.73850047664195451,#000000
 3.66565289127254e+00,-4.75005146084811081,#000000
 3.65069712596530e+00,-4.76155547006108915,#000000
 3.63570525758129e+00,-4.77301239051353932,#000000
 3.62067743438056e+00,-4.78442210890379194,#000000
 3.60561380497874e+00,-4.79578451239698023,#000000
 3.59051451834556e+00,-4.80709948862614400,#000000
 3.57537972380339e+00,-4.81836692569335057,#000000
 3.56020957102572e+00,-4.82958671217080671,#000000
 3.54500421003575e+00,-4.84075873710194404,#000000
 3.52976379120483e+00,-4.85188289000252926,#000000
 3.51448846525104e+00,-4.86295906086175300,#000000
 3.49917838323764e+00,-4.87398714014331613,#000000
 3.48383369657164e+00,-4.88496701878651507,#000000
 3.46845455700223e+00,-4.89589858820732626,#000000
 3.45304111661934e+00,-4.90678174029946312,#000000
 3.43759352785212e+00,-4.91761636743546582,#000000
 3.42211194346741e+00,-4.92840236246774932,#000000
 3.40659651656825e+00,-4.93913961872967100,#000000
 3.39104740059236e+00,-4.94982803003658134,#000000
 3.37546474931062e+00,-4.96046749068687820,#000000
 3.35984871682557e+00,-4.97105789546305399,#000000
 3.34419945756986e+00,-4.98159913963272238,#000000
 3.32851712630470e+00,-4.99209111894968061,#000000
 3.31280187811843e+00,-5.00253372965490684,#000000
 3.29705386842484e+00,-5.01292686847761626,#000000
 3.28127325296177e+00,-5.02327043263626205,#000000
 3.26546018778948e+00,-5.03356431983956298,#000000
 3.24961482928914e+00,-5.04380842828750886,#000000
 3.23373733416130e+00,-5.05400265667237125,#000000
 3.21782785942430e+00,-5.06414690417970004,#000000
 3.20188656241274e+00,-5.07424107048933593,#000000
 3.18591360077592e+00,-5.08428505577637679,#000000
 3.16990913247631e+00,-5.09427876071218488,#000000
 3.15387331578793e+00,-5.10422208646536646,#000000
 3.13780630929482e+00,-5.11411493470274259,#000000
 3.12170827188947e+00,-5.12395720759032436,#000000
 3.10557936277127e+00,-5.13374880779428011,#000000
 3.08941974144487e+00,-5.14348963848190177,#000000
 3.07322956771869e+00,-5.15317960332255520,#000000
 3.05700900170324e+00,-5.16281860648864566,#000000
 3.04075820380964e+00,-5.17240655265654592,#000000
 3.02447733474795e+00,-5.18194334700756176,#000000
 3.00816655552564e+00,-5.19142889522884765,#000000
 2.99182602744595e+00,-5.20086310351435621,#000000
 2.97545591210634e+00,-5.21024587856575572,#000000
 2.95905637139685e+00,-5.21957712759335823,#000000
 2.94262756749852e+00,-5.22885675831703534,#000000
 2.92616966288181e+00,-5.23808467896712759,#000000
 2.90968282030493e+00,-5.24726079828536474,#000000
 2.89316720281229e+00,-5.25638502552574671,#000000
 2.87662297373286e+00,-5.26545727045546386,#000000
 2.86005029667857e+00,-5.27447744335577173,#000000
 2.84344933554266e+00,-5.28344545502288732,#000000
 2.82682025449811e+00,-5.29236121676886828,#000000
 2.81016321799596e+00,-5.30122464042249142,#000000
 2.79347839076374e+00,-5.31003563833012482,#000000
 2.77676593780380e+00,-5.31879412335659119,#000000
 2.76002602439167e+00,-5.32750000888603736,#000000
 2.74325881607448e+00,-5.33615320882277988,#000000
 2.72646447866927e+00,-5.34475363759216826,#000000
 2.70964317826137e+00,-5.35330121014142168,#000000
 2.69279508120277e+00,-5.36179584194047276,#000000
 2.67592035411046e+00,-5.37023744898280775,#000000
 2.65901916386476e+00,-5.37862594778629077,#000000
 2.64209167760772e+00,-5.38696125539399340,#000000
 2.62513806274143e+00,-5.39524328937501974,#000000
 2.60815848692638e+00,-5.40347196782530759,#000000
 2.59115311807979e+00,-5.41164720936845534,#000000
 2.57412212437396e+00,-5.41976893315651331,#000000
 2.55706567423461e+00,-5.42783705887078760,#000000
 2.53998393633921e+00,-5.43585150672263939,#000000
 2.52287707961529e+00,-5.44381219745426570,#000000
 2.50574527323880e+00,-5.45171905233949161,#000000
 2.48858868663244e+00,-5.45957199318453945,#000000
 2.47140748946396e+00,-5.46737094232881304,#000000
 2.45420185164448e+00,-5.47511582264565533,#000000
 2.43697194332684e+00,-5.48280655754311752,#000000
 2.41971793490389e+00,-5.49044307096471496,#000000
 2.40243999700682e+00,-5.49802528739017760,#000000
 2.38513830050348e+00,-5.50555313183619965,#000000
 2.36781301649664e+00,-5.51302652985717678,#000000
 2.35046431632238e+00,-5.52044540754594859,#000000
 2.33309237154833e+00,-5.52780969153452340,#000000
 2.31569735397197e+00,-5.53511930899481186,#000000
 2.29827943561901e+00,-5.54237418763933398,#000000
 2.28083878874158e+00,-5.54957425572194918,#000000
 2.26337558581662e+00,-5.55671944203855439,#000000
 2.24588999954411e+00,-5.56380967592779285,#000000
 2.22838220284541e+00,-5.57084488727175398,#000000
 2.21085236886150e+00,-5.57782500649666346,#000000
 2.19330067095132e+00,-5.58474996457357076,#000000
 2.17572728269000e+00,-5.59161969301904271,#000000
 2.15813237786722e+00,-5.59843412389582173,#000000
 2.14051613048539e+00,-5.60519318981351766,#000000
 2.12287871475804e+00,-5.61189682392925615,#000000
 2.10522030510799e+00,-5.61854495994835279,#000000
 2.08754107616570e+00,-5.62513753212496415,#000000
 2.06984120276754e+00,-5.63167447526273612,#000000
 2.05212085995401e+00,-5.63815572471545057,#000000
 2.03438022296805e+00,-5.64458121638766475,#000000
 2.01661946725330e+00,-5.65095088673534818,#000000
 1.99883876845235e+00,-5.65726467276650347,#000000
 1.98103830240502e+00,-5.66352251204179602,#000000
 1.96321824514663e+00,-5.66972434267516867,#000000
 1.94537877290623e+00,-5.67587010333445363,#000000
 1.92752006210486e+00,-5.68195973324197912,#000000
 1.90964228935385e+00,-5.68799317217517242,#000000
 1.89174563145301e+00,-5.69397036046715321,#000000
 1.87383026538894e+00,-5.69989123900732153,#000000
 1.85589636833321e+00,-5.70575574924195195,#000000
 1.83794411764071e+00,-5.71156383317475758,#000000
 1.81997369084776e+00,-5.71731543336747894,#000000
 1.80198526567051e+00,-5.72301049294044173,#000000
 1.78397902000304e+00,-5.72864895557312082,#000000
 1.76595513191569e+00,-5.73423076550470157,#000000
 1.74791377965328e+00,-5.73975586753462608,#000000
 1.72985514163333e+00,-5.74522420702314385,#000000
 1.71177939644430e+00,-5.75063572989185090,#000000
 1.69368672284384e+00,-5.75599038262421914,#000000
 1.67557729975699e+00,-5.76128811226613546,#000000
 1.65745130627445e+00,-5.76652886642641604,#000000
 1.63930892165080e+00,-5.77171259327732855,#000000
 1.62115032530269e+00,-5.77683924155510553,#000000
 1.60297569680713e+00,-5.78190876056045155,#000000
 1.58478521589964e+00,-5.78692110015904237,#000000
 1.56657906247253e+00,-5.79187621078201964,#000000
 1.54835741657310e+00,-5.79677404342648739,#000000
 1.53012045840187e+00,-5.80161454965598899,#000000
 1.51186836831076e+00,-5.80639768160099212,#000000
 1.49360132680135e+00,-5.81112339195935856,#000000
 1.47531951452310e+00,-5.81579163399681320,#000000
 1.45702311227152e+00,-5.82040236154740498,#000000
 1.43871230098642e+00,-5.82495552901396607,#000000
 1.42038726175008e+00,-5.82945109136856221,#000000
 1.40204817578552e+00,-5.83388900415293321,#000000
 1.38369522445464e+00,-5.83826922347894239,#000000
 1.36532858925650e+00,-5.84259170602899935,#000000
 1.34694845182544e+00,-5.84685640905649873,#000000
 1.32855499392936e+00,-5.85106329038623230,#000000
 1.31014839746787e+00,-5.85521230841481621,#000000
 1.29172884447054e+00,-5.85930342211109600,#000000
 1.27329651709505e+00,-5.86333659101655336,#000000
 1.25485159762541e+00,-5.86731177524571024,#000000
 1.23639426847016e+00,-5.87122893548651792,#000000
 1.21792471216057e+00,-5.87508803300074689,#000000
 1.19944311134883e+00,-5.87888902962437498,#000000
 1.18094964880624e+00,-5.88263188776795953,#000000
 1.16244450742139e+00,-5.88631657041700773,#000000
 1.14392787019839e+00,-5.88994304113234790,#000000
 1.12539992025502e+00,-5.89351126405048831,#000000
 1.10686084082095e+00,-5.89702120388396889,#000000
 1.08831081523591e+00,-5.90047282592171118,#000000
 1.06975002694786e+00,-5.90386609602936918,#000000
 1.05117865951122e+00,-5.90720098064965082,#000000
 1.03259689658502e+00,-5.91047744680266796,#000000
 1.01400492193110e+00,-5.91369546208624985,#000000
 9.95402919412282e-01,-5.91685499467626919,#000000
 9.76791072990567e-01,-5.91995601332695109,#000000
 9.58169566725296e-01,-5.92299848737119383,#000000
 9.39538584771345e-01,-5.92598238672085920,#000000
 9.20898311377300e-01,-5.92890768186707717,#000000
 9.02248930883622e-01,-5.93177434388053548,#000000
 8.83590627720852e-01,-5.93458234441176735,#000000
 8.64923586407754e-01,-5.93733165569143129,#000000
 8.46247991549519e-01,-5.94002225053058286,#000000
 8.27564027835923e-01,-5.94265410232094737,#000000
 8.08871880039506e-01,-5.94522718503518277,#000000
 7.90171733013741e-01,-5.94774147322713276,#000000
 7.71463771691215e-01,-5.95019694203208438,#000000
 7.52748181081778e-01,-5.95259356716701049,#000000
 7.34025146270744e-01,-5.95493132493081045,#000000
 7.15294852417045e-01,-5.95721019220454195,#000000
 6.96557484751385e-01,-5.95943014645165725,#000000
 6.77813228574440e-01,-5.96159116571821723,#000000
 6.59062269255001e-01,-5.96369322863311346,#000000
 6.40304792228154e-01,-5.96573631440827779,#000000
 6.21540982993435e-01,-5.96772040283888927,#000000
 6.02771027113011e-01,-5.96964547430357229,#000000
 5.83995110209818e-01,-5.97151150976459366,#000000
 5.65213417965763e-01,-5.97331849076804744,#000000
 5.46426136119850e-01,-5.97506639944403695,#000000
 5.27633450466371e-01,-5.97675521850685776,#000000
 5.08835546853057e-01,-5.97838493125515935,#000000
 4.90032611179241e-01,-5.97995552157211741,#000000
 4.71224829394017e-01,-5.98146697392559190,#000000
 4.52412387494408e-01,-5.98291927336827811,#000000
 4.33595471523525e-01,-5.98431240553785670,#000000
 4.14774267568709e-01,-5.98564635665713585,#000000
 3.95948961759728e-01,-5.98692111353418355,#000000
 3.77119740266896e-01,-5.98813666356246621,#000000
 3.58286789299262e-01,-5.98929299472096499,#000000
 3.39450295102756e-01,-5.99039009557429836,#000000
 3.20610443958345e-01,-5.99142795527283578,#000000
 3.01767422180197e-01,-5.99240656355280343,#000000
 2.82921416113838e-01,-5.99332591073638632,#000000
 2.64072612134292e-01,-5.99418598773182598,#000000
 2.45221196644271e-01,-5.99498678603350577,#000000
 2.26367356072308e-01,-5.99572829772204052,#000000
 2.07511276870908e-01,-5.99641051546434767,#000000
 1.88653145514726e-01,-5.99703343251372889,#000000
 1.69793148498710e-01,-5.99759704270992966,#000000
 1.50931472336255e-01,-5.99810134047920318,#000000
 1.32068303557364e-01,-5.99854632083436368,#000000
 1.13203828706806e-01,-5.99893197937483880,#000000
 9.43382343422479e-02,-5.99925831228670958,#000000
 7.54717070324524e-02,-5.99952531634275310,#000000
 5.66044333553853e-02,-5.99973298890246554,#000000
 3.77365998964101e-02,-5.99988132791209949,#000000
 1.88683932464205e-02,-5.99997033190467466,#000000
 1.10218211923262e-15,-6.00000000000000000,#000000
 1.07155982601994e-15,-5.83330000000000037,#000000
 1.83441663873908e-02,-5.83327115618325731,#000000
 3.66881513626215e-02,-5.83318462501827550,#000000
 5.50317735153230e-02,-5.83304040736079266,#000000
 7.33748514387289e-02,-5.83283850463703057,#000000
 9.17172037314391e-02,-5.83257891884367830,#000000
 1.10058648999235e-01,-5.83226165254787521,#000000
 1.28399005856862e-01,-5.83188670888718264,#000000
 1.46738092929846e-01,-5.83145409156955630,#000000
 1.65075728856254e-01,-5.83096380487330546,#000000
 1.83411732288509e-01,-5.83041585364705650,#000000
 2.01745921895173e-01,-5.82981024330969699,#000000
 2.20078116362761e-01,-5.82914697985032948,#000000
 2.38408134397504e-01,-5.82842606982820932,#000000
 2.56735794727161e-01,-5.82764752037267719,#000000
 2.75060916102808e-01,-5.82681133918309424,#000000
 2.93383317300623e-01,-5.82591753452876215,#000000
 3.11702817123703e-01,-5.82496611524883878,#000000
 3.30019234403818e-01,-5.82395709075225909,#000000
 3.48332388003231e-01,-5.82289047101763479,#000000
 3.66642096816476e-01,-5.82176626659315666,#000000
 3.84948179772166e-01,-5.82058448859649324,#000000
 4.03250455834758e-01,-5.81934514871467901,#000000
 4.21548744006363e-01,-5.81804825920399704,#000000
 4.39842863328522e-01,-5.81669383288986364,#000000
 4.58132632884020e-01,-5.81528188316669326,#000000
 4.76417871798644e-01,-5.81381242399777243,#000000
 4.94698399242990e-01,-5.81228546991512030,#000000
 5.12974034434247e-01,-5.81070103601934207,#000000
 5.31244596637981e-01,-5.80905913797948426,#000000
 5.49509905169943e-01,-5.80735979203287567,#000000
 5.67769779397821e-01,-5.80560301498496756,#000000
 5.86024038743054e-01,-5.80378882420917197,#000000
 6.04272502682601e-01,-5.80191723764668232,#000000
 6.22514990750748e-01,-5.79998827380630111,#000000
 6.40751322540867e-01,-5.79800195176425692,#000000
 6.58981317707213e-01,-5.79595829116401351,#000000
 6.77204795966704e-01,-5.79385731221607703,#000000
 6.95421577100720e-01,-5.79169903569779354,#000000
 7.13631480956855e-01,-5.78948348295314918,#000000
 7.31834327450723e-01,-5.78721067589255345,#000000
 7.50029936567728e-01,-5.78488063699262600,#000000
 7.68218128364843e-01,-5.78249338929597201,#000000
 7.86398722972408e-01,-5.78004895641095562,#000000
 8.04571540595882e-01,-5.77754736251146372,#000000
 8.22736401517635e-01,-5.77498863233667503,#000000
 8.40893126098720e-01,-5.77237279119080515,#000000
 8.59041534780670e-01,-5.76969986494286147,#000000
 8.77181448087238e-01,-5.76696988002638911,#000000
 8.95312686626201e-01,-5.76418286343920361,#000000
 9.13435071091114e-01,-5.76133884274313246,#000000
 9.31548422263112e-01,-5.75843784606373177,#000000
 9.49652561012646e-01,-5.75547990209001803,#000000
 9.67747308301278e-01,-5.75246504007418036,#000000
 9.85832485183445e-01,-5.74939328983128739,#000000
 1.00390791280823e+00,-5.74626468173900218,#000000
 1.02197341242113e+00,-5.74307924673726955,#000000
 1.04002880536582e+00,-5.73983701632802035,#000000
 1.05807391308594e+00,-5.73653802257485346,#000000
 1.07610855712681e+00,-5.73318229810272584,#000000
 1.09413255913727e+00,-5.72976987609761945,#000000
 1.11214574087138e+00,-5.72630079030622152,#000000
 1.13014792419020e+00,-5.72277507503558880,#000000
 1.14813893106356e+00,-5.71919276515280739,#000000
 1.16611858357185e+00,-5.71555389608464637,#000000
 1.18408670390771e+00,-5.71185850381721050,#000000
 1.20204311437783e+00,-5.70810662489558407,#000000
 1.21998763740471e+00,-5.70429829642346675,#000000
 1.23792009552842e+00,-5.70043355606281121,#000000
 1.25584031140834e+00,-5.69651244203344298,#000000
 1.27374810782489e+00,-5.69253499311269096,#000000
 1.29164330768135e+00,-5.68850124863500195,#000000
 1.30952573400555e+00,-5.68441124849154633,#000000
 1.32739520995165e+00,-5.68026503312982900,#000000
 1.34525155880188e+00,-5.67606264355328616,#000000
 1.36309460396828e+00,-5.67180412132088474,#000000
 1.38092416899445e+00,-5.66748950854670586,#000000
 1.39874007755734e+00,-5.66311884789952824,#000000
 1.41654215346891e+00,-5.65869218260241347,#000000
 1.43433022067794e+00,-5.65420955643226808,#000000
 1.45210410327172e+00,-5.64967101371942082,#000000
 1.46986362547785e+00,-5.64507659934717942,#000000
 1.48760861166593e+00,-5.64042635875138121,#000000
 1.50533888634931e+00,-5.63572033791995519,#000000
 1.52305427418684e+00,-5.63095858339245936,#000000
 1.54075459998456e+00,-5.62614114225962414,#000000
 1.55843968869750e+00,-5.62126806216288077,#000000
 1.57610936543137e+00,-5.61633939129390036,#000000
 1.59376345544427e+00,-5.61135517839410713,#000000
 1.61140178414846e+00,-5.60631547275420239,#000000
 1.62902417711207e+00,-5.60122032421367688,#000000
 1.64663046006082e+00,-5.59606978316031167,#000000
 1.66422045887976e+00,-5.59086390052968962,#000000
 1.68179399961495e+00,-5.58560272780468470,#000000
 1.69935090847525e+00,-5.58028631701495659,#000000
 1.71689101183397e+00,-5.57491472073642935,#000000
 1.73441413623062e+00,-5.56948799209078071,#000000
 1.75192010837263e+00,-5.56400618474491360,#000000
 1.76940875513704e+00,-5.55846935291042143,#000000
 1.78687990357225e+00,-5.55287755134305439,#000000
 1.80433338089969e+00,-5.54723083534218020,#000000
 1.82176901451555e+00,-5.54152926075023533,#000000
 1.83918663199248e+00,-5.53577288395217426,#000000
 1.85658606108130e+00,-5.52996176187490640,#000000
 1.87396712971272e+00,-5.52409595198674008,#000000
 1.89132966599898e+00,-5.51817551229681236,#000000
 1.90867349823564e+00,-5.51220050135451078,#000000
 1.92599845490320e+00,-5.50617097824890322,#000000
 1.94330436466884e+00,-5.50008700260814276,#000000
 1.96059105638811e+00,-5.49394863459888505,#000000
 1.97785835910659e+00,-5.48775593492569502,#000000
 1.99510610206162e+00,-5.48150896483044026,#000000
 2.01233411468399e+00,-5.47520778609168701,#000000
 2.02954222659957e+00,-5.46885246102409273,#000000
 2.04673026763107e+00,-5.46244305247778872,#000000
 2.06389806779967e+00,-5.45597962383775581,#000000
 2.08104545732674e+00,-5.44946223902319993,#000000
 2.09817226663547e+00,-5.44289096248691884,#000000
 2.11527832635260e+00,-5.43626585921466354,#000000
 2.13236346731005e+00,-5.42958699472450235,#000000
 2.14942752054663e+00,-5.42285443506616449,#000000
 2.16647031730969e+00,-5.41606824682038734,#000000
 2.18349168905678e+00,-5.40922849709826625,#000000
 2.20049146745735e+00,-5.40233525354058397,#000000
 2.21746948439438e+00,-5.39538858431714274,#000000
 2.23442557196606e+00,-5.38838855812608930,#000000
 2.25135956248745e+00,-5.38133524419323983,#000000
 2.26827128849214e+00,-5.37422871227138987,#000000
 2.28516058273389e+00,-5.36706903263963131,#000000
 2.30202727818831e+00,-5.35985627610264537,#000000
 2.31887120805449e+00,-5.35259051399001695,#000000
 2.33569220575665e+00,-5.34527181815552144,#000000
 2.35249010494581e+00,-5.33790026097641235,#000000
 2.36926473950140e+00,-5.33047591535271348,#000000
 2.38601594353295e+00,-5.32299885470648526,#000000
 2.40274355138168e+00,-5.31546915298111156,#000000
 2.41944739762217e+00,-5.30788688464056246,#000000
 2.43612731706398e+00,-5.30025212466865980,#000000
 2.45278314475331e+00,-5.29256494856832838,#000000
 2.46941471597458e+00,-5.28482543236086233,#000000
 2.48602186625213e+00,-5.27703365258516044,#000000
 2.50260443135177e+00,-5.26918968629698181,#000000
 2.51916224728247e+00,-5.26129361106817051,#000000
 2.53569515029794e+00,-5.25334550498589703,#000000
 2.55220297689826e+00,-5.24534544665188474,#000000
 2.56868556383152e+00,-5.23729351518163089,#000000
 2.58514274809538e+00,-5.22918979020362862,#000000
 2.60157436693875e+00,-5.22103435185856846,#000000
 2.61798025786336e+00,-5.21282728079856028,#000000
 2.63436025862534e+00,-5.20456865818632597,#000000
 2.65071420723690e+00,-5.19625856569440181,#000000
 2.66704194196787e+00,-5.18789708550432316,#000000
 2.68334330134732e+00,-5.17948430030582063,#000000
 2.69961812416515e+00,-5.17102029329600121,#000000
 2.71586624947369e+00,-5.16250514817852046,#000000
 2.73208751658931e+00,-5.15393894916275386,#000000
 2.74828176509397e+00,-5.14532178096297343,#000000
 2.76444883483683e+00,-5.13665372879750137,#000000
 2.78058856593585e+00,-5.12793487838787065,#000000
 2.79670079877931e+00,-5.11916531595797863,#000000
 2.81278537402749e+00,-5.11034512823322551,#000000
 2.82884213261412e+00,-5.10147440243966965,#000000
 2.84487091574808e+00,-5.09255322630315810,#000000
 2.86087156491485e+00,-5.08358168804846056,#000000
 2.87684392187820e+00,-5.07455987639838924,#000000
 2.89278782868165e+00,-5.06548788057293731,#000000
 2.90870312765008e+00,-5.05636579028838273,#000000
 2.92458966139128e+00,-5.04719369575640719,#000000
 2.94044727279753e+00,-5.03797168768320436,#000000
 2.95627580504712e+00,-5.02869985726857482,#000000
 2.97207510160592e+00,-5.01937829620503617,#000000
 2.98784500622890e+00,-5.01000709667690991,#000000
 3.00358536296173e+00,-5.00058635135941287,#000000
 3.01929601614228e+00,-4.99111615341772907,#000000
 3.03497681040215e+00,-4.98159659650610642,#000000
 3.05062759066824e+00,-4.97202777476691882,#000000
 3.06624820216429e+00,-4.96240978282973799,#000000
 3.08183849041234e+00,-4.95274271581040093,#000000
 3.09739830123437e+00,-4.94302666931005685,#000000
 3.11292748075370e+00,-4.93326173941424084,#000000
 3.12842587539662e+00,-4.92344802269191106,#000000
 3.14389333189385e+00,-4.91358561619449041,#000000
 3.15932969728206e+00,-4.90367461745492061,#000000
 3.17473481890539e+00,-4.89371512448668700,#000000
 3.19010854441698e+00,-4.88370723578285215,#000000
 3.20545072178043e+00,-4.87365105031508250,#000000
 3.22076119927137e+00,-4.86354666753266418,#000000
 3.23603982547887e+00,-4.85339418736152872,#000000
 3.25128644930704e+00,-4.84319371020326095,#000000
 3.26650091997643e+00,-4.83294533693410600,#000000
 3.28168308702561e+00,-4.82264916890396123,#000000
 3.29683280031257e+00,-4.81230530793539835,#000000
 3.31194991001626e+00,-4.80191385632263135,#000000
 3.32703426663807e+00,-4.79147491683052085,#000000
 3.34208572100329e+00,-4.78098859269355447,#000000
 3.35710412426260e+00,-4.77045498761481301,#000000
 3.37208932789351e+00,-4.75987420576496678,#000000
 3.38704118370189e+00,-4.74924635178123022,#000000
 3.40195954382335e+00,-4.73857153076633431,#000000
 3.41684426072481e+00,-4.72784984828747756,#000000
 3.43169518720586e+00,-4.71708141037529227,#000000
 3.44651217640026e+00,-4.70626632352279550,#000000
 3.46129508177739e+00,-4.69540469468432775,#000000
 3.47604375714372e+00,-4.68449663127450755,#000000
 3.49075805664419e+00,-4.67354224116714789,#000000
 3.50543783476375e+00,-4.66254163269421795,#000000
 3.52008294632868e+00,-4.65149491464475151,#000000
 3.53469324650816e+00,-4.64040219626377226,#000000
 3.54926859081557e+00,-4.62926358725122533,#000000
 3.56380883511002e+00,-4.61807919776088127,#000000
 3.57831383559772e+00,-4.60684913839925247,#000000
 3.59278344883343e+00,-4.59557352022449805,#000000
 3.60721753172186e+00,-4.58425245474531629,#000000
 3.62161594151909e+00,-4.57288605391986280,#000000
 3.63597853583400e+00,-4.56147443015462173,#000000
 3.65030517262964e+00,-4.55001769630331410,#000000
 3.66459571022467e+00,-4.53851596566575388,#000000
 3.67885000729475e+00,-4.52696935198675998,#000000
 3.69306792287393e+00,-4.51537796945501047,#000000
 3.70724931635605e+00,-4.50374193270191903,#000000
 3.72139404749613e+00,-4.49206135680050522,#000000
 3.73550197641176e+00,-4.48033635726424251,#000000
 3.74957296358449e+00,-4.46856705004593380,#000000
 3.76360686986118e+00,-4.45675355153655683,#000000
 3.77760355645541e+00,-4.44489597856411578,#000000
 3.79156288494884e+00,-4.43299444839246970,#000000
 3.80548471729256e+00,-4.42104907872020014,#000000
 3.81936891580851e+00,-4.40905998767943341,#000000
 3.83321534319076e+00,-4.39702729383466107,#000000
 3.84702386250694e+00,-4.38495111618159061,#000000
 3.86079433719957e+00,-4.37283157414594914,#000000
 3.87452663108739e+00,-4.36066878758231358,#000000
 3.88822060836673e+00,-4.34846287677292320,#000000
 3.90187613361286e+00,-4.33621396242648505,#000000
 3.91549307178129e+00,-4.32392216567698284,#000000
 3.92907128820916e+00,-4.31158760808248509,#000000
 3.94261064861652e+00,-4.29921041162393625,#000000
 3.95611101910769e+00,-4.28679069870394791,#000000
 3.96957226617259e+00,-4.27432859214559890,#000000
 3.98299425668803e+00,-4.26182421519120869,#000000
 3.99637685791904e+00,-4.24927769150112589,#000000
 4.00971993752019e+00,-4.23668914515250794,#000000
 4.02302336353690e+00,-4.22405870063808386,#000000
 4.03628700440672e+00,-4.21138648286492767,#000000
 4.04951072896068e+00,-4.19867261715323004,#000000
 4.06269440642453e+00,-4.18591722923505394,#000000
 4.07583790642007e+00,-4.17312044525308501,#000000
 4.08894109896643e+00,-4.16028239175939074,#000000
 4.10200385448135e+00,-4.14740319571417082,#000000
 4.11502604378249e+00,-4.13448298448449858,#000000
 4.12800753808865e+00,-4.12152188584305712,#000000
 4.14094820902109e+00,-4.10852002796688698,#000000
 4.15384792860480e+00,-4.09547753943610360,#000000
 4.16670656926974e+00,-4.08239454923263967,#000000
 4.17952400385212e+00,-4.06927118673896526,#000000
 4.19230010559564e+00,-4.05610758173679997,#000000
 4.20503474815278e+00,-4.04290386440583926,#000000
 4.21772780558600e+00,-4.02966016532246574,#000000
 4.23037915236903e+00,-4.01637661545845592,#000000
 4.24298866338806e+00,-4.00305334617968445,#000000
 4.25555621394306e+00,-3.98969048924482328,#000000
 4.26808167974892e+00,-3.97628817680404412,#000000
 4.28056493693674e+00,-3.96284654139771098,#000000
 4.29300586205502e+00,-3.94936571595506036,#000000
 4.30540433207092e+00,-3.93584583379290009,#000000
 4.31776022437145e+00,-3.92228702861427880,#000000
 4.33007341676466e+00,-3.90868943450717143,#000000
 4.34234378748092e+00,-3.89505318594315275,#000000
 4.35457121517403e+00,-3.88137841777606241,#000000
 4.36675557892250e+00,-3.86766526524067400,#000000
 4.37889675823072e+00,-3.85391386395136148,#000000
 4.39099463303012e+00,-3.84012434990075313,#000000
 4.40304908368041e+00,-3.82629685945838816,#000000
 4.41505999097072e+00,-3.81243152936936625,#000000
 4.42702723612080e+00,-3.79852849675299931,#000000
 4.43895070078221e+00,-3.78458789910145610,#000000
 4.45083026703943e+00,-3.77060987427839223,#000000
 4.46266581741111e+00,-3.75659456051760232,#000000
 4.47445723485116e+00,-3.74254209642163804,#000000
 4.48620440274996e+00,-3.72845262096044960,#000000
 4.49790720493547e+00,-3.71432627347000555,#000000
 4.50956552567441e+00,-3.70016319365091206,#000000
 4.52117924967338e+00,-3.68596352156703411,#000000
 4.53274826208003e+00,-3.67172739764411560,#000000
 4.54427244848418e+00,-3.65745496266838543,#000000
 4.55575169491893e+00,-3.64314635778516127,#000000
 4.56718588786183e+00,-3.62880172449746441,#000000
 4.57857491423596e+00,-3.61442120466460537,#000000
 4.58991866141110e+00,-3.60000494050080144,#000000
 4.60121701720477e+00,-3.58555307457374584,#000000
 4.61246986988342e+00,-3.57106574980322433,#000000
 4.62367710816347e+00,-3.55654310945967511,#000000
 4.63483862121246e+00,-3.54198529716279253,#000000
 4.64595429865010e+00,-3.52739245688010028,#000000
 4.65702403054941e+00,-3.51276473292552227,#000000
 4.66804770743777e+00,-3.49810226995795892,#000000
 4.67902522029800e+00,-3.48340521297986161,#000000
 4.68995646056947e+00,-3.46867370733579516,#000000
 4.70084132014917e+00,-3.45390789871099368,#000000
 4.71167969139274e+00,-3.43910793312993324,#000000
 4.72247146711556e+00,-3.42427395695487347,#000000
 4.73321654059384e+00,-3.40940611688442496,#000000
 4.74391480556560e+00,-3.39450455995208156,#000000
 4.75456615623181e+00,-3.37956943352478634,#000000
 4.76517048725738e+00,-3.36460088530145152,#000000
 4.77572769377219e+00,-3.34959906331151780,#000000
 4.78623767137217e+00,-3.33456411591348356,#000000
 4.79670031612033e+00,-3.31949619179343003,#000000
 4.80711552454776e+00,-3.30439543996355845,#000000
 4.81748319365464e+00,-3.28926200976071836,#000000
 4.82780322091131e+00,-3.27409605084492972,#000000
 4.83807550425927e+00,-3.25889771319789201,#000000
 4.84829994211214e+00,-3.24366714712152104,#000000
 4.85847643335672e+00,-3.22840450323643946,#000000
 4.86860487735399e+00,-3.21310993248051124,#000000
 4.87868517394006e+00,-3.19778358610732516,#000000
 4.88871722342720e+00,-3.18242561568472082,#000000
 4.89870092660480e+00,-3.16703617309327079,#000000
 4.90863618474038e+00,-3.15161541052479466,#000000
 4.91852289958055e+00,-3.13616348048084470,#000000
 4.92836097335197e+00,-3.12068053577119731,#000000
 4.93815030876234e+00,-3.10516672951234352,#000000
 4.94789080900135e+00,-3.08962221512597912,#000000
 4.95758237774163e+00,-3.07404714633748499,#000000
 4.96722491913972e+00,-3.05844167717440074,#000000
 4.97681833783702e+00,-3.04280596196490682,#000000
 4.98636253896069e+00,-3.02714015533630088,#000000
 4.99585742812466e+00,-3.01144441221346515,#000000
 5.00530291143048e+00,-2.99571888781733620,#000000
 5.01469889546834e+00,-2.97996373766336342,#000000
 5.02404528731792e+00,-2.96417911755997787,#000000
 5.03334199454932e+00,-2.94836518360705169,#000000
 5.04258892522403e+00,-2.93252209219435578,#000000
 5.05178598789577e+00,-2.91665000000000063,#000000
 5.06093309161142e+00,-2.90074906398890153,#000000
 5.07003014591194e+00,-2.88481944141122071,#000000
 5.07907706083324e+00,-2.86886128980081434,#000000
 5.08807374690707e+00,-2.85287476697366849,#000000
 5.09702011516192e+00,-2.83686003102634166,#000000
 5.10591607712389e+00,-2.82081724033440695,#000000
 5.11476154481756e+00,-2.80474655355087865,#000000
 5.12355643076686e+00,-2.78864812960464858,#000000
 5.13230064799598e+00,-2.77252212769890649,#000000
 5.14099411003014e+00,-2.75636870730957062,#000000
 5.14963673089652e+00,-2.74018802818371521,#000000
 5.15822842512510e+00,-2.72398025033798596,#000000
 5.16676910774947e+00,-2.70774553405701335,#000000
 5.17525869430771e+00,-2.69148403989183205,#000000
 5.18369710084319e+00,-2.67519592865829692,#000000
 5.19208424390542e+00,-2.65888136143549003,#000000
 5.20042004055090e+00,-2.64254049956411974,#000000
 5.20870440834388e+00,-2.62617350464493393,#000000
 5.21693726535722e+00,-2.60978053853712266,#000000
 5.22511853017320e+00,-2.59336176335671409,#000000
 5.23324812188430e+00,-2.57691734147497176,#000000
 5.24132596009402e+00,-2.56044743551678566,#000000
 5.24935196491767e+00,-2.54395220835906688,#000000
 5.25732605698316e+00,-2.52743182312914216,#000000
 5.26524815743178e+00,-2.51088644320313392,#000000
 5.27311818791898e+00,-2.49431623220434417,#000000
 5.28093607061516e+00,-2.47772135400163585,#000000
 5.28870172820643e+00,-2.46110197270782161,#000000
 5.29641508389536e+00,-2.44445825267803274,#000000
 5.30407606140176e+00,-2.42779035850809155,#000000
 5.31168458496342e+00,-2.41109845503288556,#000000
 5.31924057933689e+00,-2.39438270732474656,#000000
 5.32674396979816e+00,-2.37764328069180575,#000000
 5.33419468214349e+00,-2.36088034067636743,#000000
 5.34159264269004e+00,-2.34409405305326324,#000000
 5.34893777827669e+00,-2.32728458382821790,#000000
 5.35623001626470e+00,-2.31045209923621231,#000000
 5.36346928453849e+00,-2.29359676573983418,#000000
 5.37065551150627e+00,-2.27671875002762869,#000000
 5.37778862610082e+00,-2.25981821901245317,#000000
 5.38486855778018e+00,-2.24289533982983169,#000000
 5.39189523652831e+00,-2.22595027983629690,#000000
 5.39886859285582e+00,-2.20898320660773262,#000000
 5.40578855780065e+00,-2.19199428793771744,#000000
 5.41265506292873e+00,-2.17498369183587359,#000000
 5.41946804033469e+00,-2.15795158652619667,#000000
 5.42622742264250e+00,-2.14089814044539706,#000000
 5.43293314300617e+00,-2.12382352224122695,#000000
 5.43958513511038e+00,-2.10672790077081729,#000000
 5.44618333317115e+00,-2.08961144509901331,#000000
 5.45272767193649e+00,-2.07247432449669722,#000000
 5.45921808668705e+00,-2.05531670843910819,#000000
 5.46565451323675e+00,-2.03813876660417392,#000000
 5.47203688793341e+00,-2.02094066887083557,#000000
 5.47836514765939e+00,-2.00372258531736325,#000000
 5.48463922983224e+00,-1.98648468621966856,#000000
 5.49085907240525e+00,-1.96922714204962768,#000000
 5.49702461386814e+00,-1.95195012347339802,#000000
 5.50313579324762e+00,-1.93465380134972409,#000000
 5.50919255010799e+00,-1.91733834672825298,#000000
 5.51519482455178e+00,-1.90000393084783514,#000000
 5.52114255722032e+00,-1.88265072513483545,#000000
 5.52703568929428e+00,-1.86527890120144368,#000000
 5.53287416249435e+00,-1.84788863084397126,#000000
 5.53865791908173e+00,-1.83048008604114942,#000000
 5.54438690185874e+00,-1.81305343895243087,#000000
 5.55006105416938e+00,-1.79560886191629354,#000000
 5.55568031989987e+00,-1.77814652744853197,#000000
 5.56124464347926e+00,-1.76066660824054422,#000000
 5.56675396987991e+00,-1.74316927715763104,#000000
 5.57220824461809e+00,-1.72565470723729075,#000000
 5.57760741375447e+00,-1.70812307168749955,#000000
 5.58295142389471e+00,-1.69057454388500528,#000000
 5.58824022218994e+00,-1.67300929737360349,#000000
 5.59347375633730e+00,-1.65542750586242837,#000000
 5.59865197458046e+00,-1.63782934322423745,#000000
 5.60377482571013e+00,-1.62021498349368853,#000000
 5.60884225906456e+00,-1.60258460086561438,#000000
 5.61385422453005e+00,-1.58493836969330260,#000000
 5.61881067254146e+00,-1.56727646448677893,#000000
 5.62371155408265e+00,-1.54959905991107494,#000000
 5.62855682068702e+00,-1.53190633078449601,#000000
 5.63334642443796e+00,-1.51419845207689785,#000000
 5.63808031796932e+00,-1.49647559890796056,#000000
 5.64275845446591e+00,-1.47873794654545043,#000000
 5.64738078766393e+00,-1.46098567040348981,#000000
 5.65194727185143e+00,-1.44321894604081646,#000000
 5.65645786186879e+00,-1.42543794915905231,#000000
 5.66091251310913e+00,-1.40764285560096947,#000000
 5.66531118151879e+00,-1.38983384134874832,#000000
 5.66965382359771e+00,-1.37201108252223025,#000000
 5.67394039639994e+00,-1.35417475537718190,#000000
 5.67817085753399e+00,-1.33632503630355726,#000000
 5.68234516516328e+00,-1.31846210182374790,#000000
 5.68646327800656e+00,-1.30058612859083200,#000000
 5.69052515533831e+00,-1.28269729338683347,#000000
 5.69453075698914e+00,-1.26479577312097691,#000000
 5.69848004334620e+00,-1.24688174482793279,#000000
 5.70237297535354e+00,-1.22895538566606977,#000000
 5.70620951451254e+00,-1.21101687291569626,#000000
 5.70998962288228e+00,-1.19306638397731146,#000000
 5.71371326307987e+00,-1.17510409636985735,#000000
 5.71738039828087e+00,-1.15713018772895637,#000000
 5.72099099221966e+00,-1.13914483580515125,#000000
 5.72454500918974e+00,-1.12114821846215107,#000000
 5.72804241404415e+00,-1.10314051367507826,#000000
 5.73148317219577e+00,-1.08512189952870219,#000000
 5.73486724961768e+00,-1.06709255421567484,#000000
 5.73819461284352e+00,-1.04905265603477216,#000000
 5.74146522896777e+00,-1.03100238338913597,#000000
 5.74467906564611e+00,-1.01294191478450291,#000000
 5.74783609109575e+00,-0.99487142882744384,#000000
 5.75093627409569e+00,-0.97679110422358928,#000000
 5.75397958398711e+00,-0.95870111977586792,#000000
 5.75696599067360e+00,-0.94060165438274346,#000000
 5.75989546462149e+00,-0.92249288703643983,#000000
 5.76276797686014e+00,-0.90437499682116662,#000000
 5.76558349898224e+00,-0.88624816291135244,#000000
 5.76834200314405e+00,-0.86811256456987873,#000000
 5.77104346206572e+00,-0.84996838114630158,#000000
 5.77368784903155e+00,-0.83181579207507261,#000000
 5.77627513789021e+00,-0.81365497687377053,#000000
 5.77880530305507e+00,-0.79548611514133005,#000000
 5.78127831950439e+00,-0.77730938655625836,#000000
 5.78369416278163e+00,-0.75912497087486341,#000000
 5.78605280899561e+00,-0.74093304792946868,#000000
 5.78835423482083e+00,-0.72273379762663981,#000000
 5.79059841749764e+00,-0.70452739994541003,#000000
 5.79278533483251e+00,-0.68631403493549592,#000000
 5.79491496519821e+00,-0.66809388271551140,#000000
 5.79698728753404e+00,-0.64986712347119169,#000000
 5.79900228134606e+00,-0.63163393745361596,#000000
 5.80095992670726e+00,-0.61339450497742076,#000000
 5.80286020425776e+00,-0.59514900641901025,#000000
 5.80470309520504e+00,-0.57689762221477892,#000000
 5.80648858132406e+00,-0.55864053285933146,#000000
 5.80821664495750e+00,-0.54037791890369025,#000000
 5.80988726901591e+00,-0.52210996095351514,#000000
 5.81150043697788e+00,-0.50383683966730941,#000000
 5.81305613289020e+00,-0.48555873575463876,#000000
 5.81455434136803e+00,-0.46727582997434869,#000000
 5.81599504759503e+00,-0.44898830313277233,#000000
 5.81737823732355e+00,-0.43069633608193697,#000000
 5.81870389687470e+00,-0.41240010971778068,#000000
 5.81997201313855e+00,-0.39409980497836877,#000000
 5.82118257357425e+00,-0.37579560284209884,#000000
 5.82233556621012e+00,-0.35748768432590378,#000000
 5.82343097964379e+00,-0.33917623048347928,#000000
 5.82446880304232e+00,-0.32086142240347293,#000000
 5.82544902614229e+00,-0.30254344120771126,#000000
 5.82637163924993e+00,-0.28422246804940099,#000000
 5.82723663324117e+00,-0.26589868411133211,#000000
 5.82804399956177e+00,-0.24757227060409176,#000000
 5.82879373022739e+00,-0.22924340876427668,#000000
 5.82948581782367e+00,-0.21091227985269628,#000000
 5.83012025550631e+00,-0.19257906515257461,#000000
 5.83069703700111e+00,-0.17424394596776285,#000000
 5.83121615660409e+00,-0.15590710362095148,#000000
 5.83167760918146e+00,-0.13756871945187205,#000000
 5.83208139016976e+00,-0.11922897481549585,#000000
 5.83242749557585e+00,-0.10088805108025885,#000000
 5.83271592197698e+00,-0.08254612962624705,#000000
 5.83294666652077e+00,-0.06420339184342111,#000000
 5.83311972692533e+00,-0.04586001912981462,#000000
 5.83323510147918e+00,-0.02751619288973509,#000000
 5.83329278904136e+00,-0.00917209453197510,#000000
 5.83329278904136e+00, 0.00917209453197653,#000000
 5.83323510147918e+00, 0.02751619288973393,#000000
 5.83311972692533e+00, 0.04586001912981347,#000000
 5.83294666652077e+00, 0.06420339184342254,#000000
 5.83271592197698e+00, 0.08254612962624848,#000000
 5.83242749557585e+00, 0.10088805108025770,#000000
 5.83208139016976e+00, 0.11922897481549730,#000000
 5.83167760918146e+00, 0.13756871945187088,#000000
 5.83121615660409e+00, 0.15590710362095292,#000000
 5.83069703700111e+00, 0.17424394596776427,#000000
 5.83012025550631e+00, 0.19257906515257345,#000000
 5.82948581782367e+00, 0.21091227985269512,#000000
 5.82879373022739e+00, 0.22924340876427815,#000000
 5.82804399956177e+00, 0.24757227060409320,#000000
 5.82723663324117e+00, 0.26589868411133100,#000000
 5.82637163924993e+00, 0.28422246804939977,#000000
 5.82544902614229e+00, 0.30254344120771265,#000000
 5.82446880304232e+00, 0.32086142240347432,#000000
 5.82343097964379e+00, 0.33917623048347811,#000000
 5.82233556621012e+00, 0.35748768432590522,#000000
 5.82118257357425e+00, 0.37579560284209768,#000000
 5.81997201313855e+00, 0.39409980497837022,#000000
 5.81870389687470e+00, 0.41240010971778218,#000000
 5.81737823732355e+00, 0.43069633608193586,#000000
 5.81599504759503e+00, 0.44898830313277122,#000000
 5.81455434136803e+00, 0.46727582997435013,#000000
 5.81305613289020e+00, 0.48555873575464026,#000000
 5.81150043697788e+00, 0.50383683966730830,#000000
 5.80988726901591e+00, 0.52210996095351392,#000000
 5.80821664495750e+00, 0.54037791890369169,#000000
 5.80648858132406e+00, 0.55864053285933279,#000000
 5.80470309520504e+00, 0.57689762221477781,#000000
 5.80286020425777e+00, 0.59514900641900914,#000000
 5.80095992670726e+00, 0.61339450497741954,#000000
 5.79900228134606e+00, 0.63163393745361740,#000000
 5.79698728753404e+00, 0.64986712347119313,#000000
 5.79491496519821e+00, 0.66809388271551029,#000000
 5.79278533483251e+00, 0.68631403493549481,#000000
 5.79059841749764e+00, 0.70452739994541136,#000000
 5.78835423482083e+00, 0.72273379762664125,#000000
 5.78605280899561e+00, 0.74093304792946757,#000000
 5.78369416278163e+00, 0.75912497087486230,#000000
 5.78127831950439e+00, 0.77730938655625981,#000000
 5.77880530305507e+00, 0.79548611514133150,#000000
 5.77627513789021e+00, 0.81365497687376942,#000000
 5.77368784903155e+00, 0.83181579207507150,#000000
 5.77104346206572e+00, 0.84996838114630024,#000000
 5.76834200314405e+00, 0.86811256456988017,#000000
 5.76558349898224e+00, 0.88624816291135389,#000000
 5.76276797686014e+00, 0.90437499682116540,#000000
 5.75989546462149e+00, 0.92249288703643872,#000000
 5.75696599067360e+00, 0.94060165438274490,#000000
 5.75397958398711e+00, 0.95870111977586936,#000000
 5.75093627409569e+00, 0.97679110422358806,#000000
 5.74783609109575e+00, 0.99487142882744273,#000000
 5.74467906564611e+00, 1.01294191478450446,#000000
 5.74146522896777e+00, 1.03100238338913730,#000000
 5.73819461284352e+00, 1.04905265603477349,#000000
 5.73486724961768e+00, 1.06709255421567373,#000000
 5.73148317219577e+00, 1.08512189952870108,#000000
 5.72804241404415e+00, 1.10314051367507937,#000000
 5.72454500918974e+00, 1.12114821846215262,#000000
 5.72099099221966e+00, 1.13914483580515014,#000000
 5.71738039828087e+00, 1.15713018772895526,#000000
 5.71371326307987e+00, 1.17510409636985869,#000000
 5.70998962288228e+00, 1.19306638397731302,#000000
 5.70620951451254e+00, 1.21101687291569515,#000000
 5.70237297535354e+00, 1.22895538566606866,#000000
 5.69848004334620e+00, 1.24688174482793435,#000000
 5.69453075698914e+00, 1.26479577312097846,#000000
 5.69052515533831e+00, 1.28269729338683480,#000000
 5.68646327800656e+00, 1.30058612859083089,#000000
 5.68234516516328e+00, 1.31846210182374679,#000000
 5.67817085753399e+00, 1.33632503630355859,#000000
 5.67394039639994e+00, 1.35417475537718324,#000000
 5.66965382359771e+00, 1.37201108252222892,#000000
 5.66531118151879e+00, 1.38983384134874721,#000000
 5.66091251310913e+00, 1.40764285560097102,#000000
 5.65645786186879e+00, 1.42543794915905364,#000000
 5.65194727185143e+00, 1.44321894604081535,#000000
 5.64738078766393e+00, 1.46098567040348870,#000000
 5.64275845446591e+00, 1.47873794654545199,#000000
 5.63808031796932e+00, 1.49647559890796233,#000000
 5.63334642443796e+00, 1.51419845207689940,#000000
 5.62855682068702e+00, 1.53190633078449512,#000000
 5.62371155408265e+00, 1.54959905991107405,#000000
 5.61881067254146e+00, 1.56727646448678049,#000000
 5.61385422453005e+00, 1.58493836969330415,#000000
 5.60884225906456e+00, 1.60258460086561327,#000000
 5.60377482571013e+00, 1.62021498349368764,#000000
 5.59865197458046e+00, 1.63782934322423879,#000000
 5.59347375633730e+00, 1.65542750586242970,#000000
 5.58824022218994e+00, 1.67300929737360260,#000000
 5.58295142389471e+00, 1.69057454388500394,#000000
 5.57760741375447e+00, 1.70812307168750066,#000000
 5.57220824461809e+00, 1.72565470723729208,#000000
 5.56675396987991e+00, 1.74316927715763237,#000000
 5.56124464347926e+00, 1.76066660824054289,#000000
 5.55568031989987e+00, 1.77814652744853063,#000000
 5.55006105416938e+00, 1.79560886191629510,#000000
 5.54438690185874e+00, 1.81305343895243243,#000000
 5.53865791908173e+00, 1.83048008604114854,#000000
 5.53287416249435e+00, 1.84788863084397037,#000000
 5.52703568929428e+00, 1.86527890120144502,#000000
 5.52114255722031e+00, 1.88265072513483656,#000000
 5.51519482455178e+00, 1.90000393084783403,#000000
 5.50919255010799e+00, 1.91733834672825210,#000000
 5.50313579324762e+00, 1.93465380134972542,#000000
 5.49702461386814e+00, 1.95195012347339936,#000000
 5.49085907240525e+00, 1.96922714204962901,#000000
 5.48463922983224e+00, 1.98648468621966745,#000000
 5.47836514765939e+00, 2.00372258531736192,#000000
 5.47203688793341e+00, 2.02094066887083690,#000000
 5.46565451323675e+00, 2.03813876660417570,#000000
 5.45921808668705e+00, 2.05531670843910685,#000000
 5.45272767193649e+00, 2.07247432449669589,#000000
 5.44618333317115e+00, 2.08961144509901464,#000000
 5.43958513511038e+00, 2.10672790077081862,#000000
 5.43293314300617e+00, 2.12382352224122606,#000000
 5.42622742264250e+00, 2.14089814044539617,#000000
 5.41946804033469e+00, 2.15795158652619801,#000000
 5.41265506292873e+00, 2.17498369183587492,#000000
 5.40578855780065e+00, 2.19199428793771878,#000000
 5.39886859285582e+00, 2.20898320660773129,#000000
 5.39189523652831e+00, 2.22595027983629601,#000000
 5.38486855778018e+00, 2.24289533982983302,#000000
 5.37778862610082e+00, 2.25981821901245494,#000000
 5.37065551150627e+00, 2.27671875002762780,#000000
 5.36346928453849e+00, 2.29359676573983329,#000000
 5.35623001626470e+00, 2.31045209923621364,#000000
 5.34893777827668e+00, 2.32728458382821923,#000000
 5.34159264269004e+00, 2.34409405305326191,#000000
 5.33419468214349e+00, 2.36088034067636654,#000000
 5.32674396979816e+00, 2.37764328069180708,#000000
 5.31924057933689e+00, 2.39438270732474789,#000000
 5.31168458496342e+00, 2.41109845503288733,#000000
 5.30407606140176e+00, 2.42779035850809022,#000000
 5.29641508389536e+00, 2.44445825267803141,#000000
 5.28870172820643e+00, 2.46110197270782294,#000000
 5.28093607061516e+00, 2.47772135400163496,#000000
 5.27311818791898e+00, 2.49431623220434329,#000000
 5.26524815743178e+00, 2.51088644320313525,#000000
 5.25732605698316e+00, 2.52743182312914350,#000000
 5.24935196491767e+00, 2.54395220835906821,#000000
 5.24132596009402e+00, 2.56044743551678478,#000000
 5.23324812188430e+00, 2.57691734147497309,#000000
 5.22511853017320e+00, 2.59336176335671542,#000000
 5.21693726535722e+00, 2.60978053853712400,#000000
 5.20870440834388e+00, 2.62617350464493260,#000000
 5.20042004055090e+00, 2.64254049956411885,#000000
 5.19208424390542e+00, 2.65888136143548870,#000000
 5.18369710084319e+00, 2.67519592865829825,#000000
 5.17525869430771e+00, 2.69148403989183072,#000000
 5.16676910774948e+00, 2.70774553405701246,#000000
 5.15822842512510e+00, 2.72398025033798685,#000000
 5.14963673089652e+00, 2.74018802818371654,#000000
 5.14099411003014e+00, 2.75636870730957195,#000000
 5.13230064799598e+00, 2.77252212769890560,#000000
 5.12355643076686e+00, 2.78864812960464992,#000000
 5.11476154481756e+00, 2.80474655355087998,#000000
 5.10591607712389e+00, 2.82081724033440828,#000000
 5.09702011516192e+00, 2.83686003102634032,#000000
 5.08807374690707e+00, 2.85287476697366760,#000000
 5.07907706083324e+00, 2.86886128980081345,#000000
 5.07003014591194e+00, 2.88481944141122204,#000000
 5.06093309161142e+00, 2.90074906398890064,#000000
 5.05178598789577e+00, 2.91664999999999974,#000000
 5.04258892522403e+00, 2.93252209219435622,#000000
 5.03334199454932e+00, 2.94836518360705302,#000000
 5.02404528731791e+00, 2.96417911755997920,#000000
 5.01469889546834e+00, 2.97996373766336209,#000000
 5.00530291143048e+00, 2.99571888781733753,#000000
 4.99585742812466e+00, 3.01144441221346648,#000000
 4.98636253896069e+00, 3.02714015533630176,#000000
 4.97681833783702e+00, 3.04280596196490549,#000000
 4.96722491913973e+00, 3.05844167717439985,#000000
 4.95758237774163e+00, 3.07404714633748410,#000000
 4.94789080900135e+00, 3.08962221512598045,#000000
 4.93815030876234e+00, 3.10516672951234218,#000000
 4.92836097335197e+00, 3.12068053577119686,#000000
 4.91852289958055e+00, 3.13616348048084603,#000000
 4.90863618474038e+00, 3.15161541052479599,#000000
 4.89870092660480e+00, 3.16703617309327212,#000000
 4.88871722342720e+00, 3.18242561568471993,#000000
 4.87868517394006e+00, 3.19778358610732649,#000000
 4.86860487735399e+00, 3.21310993248050991,#000000
 4.85847643335672e+00, 3.22840450323644079,#000000
 4.84829994211214e+00, 3.24366714712151971,#000000
 4.83807550425927e+00, 3.25889771319789334,#000000
 4.82780322091131e+00, 3.27409605084492839,#000000
 4.81748319365464e+00, 3.28926200976071970,#000000
 4.80711552454776e+00, 3.30439543996355711,#000000
 4.79670031612034e+00, 3.31949619179342870,#000000
 4.78623767137217e+00, 3.33456411591348489,#000000
 4.77572769377219e+00, 3.34959906331151913,#000000
 4.76517048725738e+00, 3.36460088530145196,#000000
 4.75456615623181e+00, 3.37956943352478500,#000000
 4.74391480556560e+00, 3.39450455995208289,#000000
 4.73321654059384e+00, 3.40940611688442363,#000000
 4.72247146711556e+00, 3.42427395695487480,#000000
 4.71167969139274e+00, 3.43910793312993235,#000000
 4.70084132014917e+00, 3.45390789871099502,#000000
 4.68995646056948e+00, 3.46867370733579428,#000000
 4.67902522029800e+00, 3.48340521297986294,#000000
 4.66804770743776e+00, 3.49810226995796025,#000000
 4.65702403054941e+00, 3.51276473292552094,#000000
 4.64595429865010e+00, 3.52739245688010161,#000000
 4.63483862121246e+00, 3.54198529716279342,#000000
 4.62367710816347e+00, 3.55654310945967556,#000000
 4.61246986988342e+00, 3.57106574980322300,#000000
 4.60121701720477e+00, 3.58555307457374717,#000000
 4.58991866141110e+00, 3.60000494050080011,#000000
 4.57857491423596e+00, 3.61442120466460670,#000000
 4.56718588786183e+00, 3.62880172449746308,#000000
 4.55575169491893e+00, 3.64314635778516260,#000000
 4.54427244848418e+00, 3.65745496266838499,#000000
 4.53274826208003e+00, 3.67172739764411693,#000000
 4.52117924967338e+00, 3.68596352156703544,#000000
 4.50956552567441e+00, 3.70016319365091073,#000000
 4.49790720493547e+00, 3.71432627347000688,#000000
 4.48620440274996e+00, 3.72845262096045049,#000000
 4.47445723485116e+00, 3.74254209642163937,#000000
 4.46266581741111e+00, 3.75659456051760143,#000000
 4.45083026703943e+00, 3.77060987427839267,#000000
 4.43895070078221e+00, 3.78458789910145477,#000000
 4.42702723612080e+00, 3.79852849675299975,#000000
 4.41505999097072e+00, 3.81243152936936491,#000000
 4.40304908368041e+00, 3.82629685945838771,#000000
 4.39099463303012e+00, 3.84012434990075269,#000000
 4.37889675823072e+00, 3.85391386395136193,#000000
 4.36675557892250e+00, 3.86766526524067533,#000000
 4.35457121517403e+00, 3.88137841777606196,#000000
 4.34234378748091e+00, 3.89505318594315408,#000000
 4.33007341676466e+00, 3.90868943450717188,#000000
 4.31776022437145e+00, 3.92228702861427925,#000000
 4.30540433207092e+00, 3.93584583379289965,#000000
 4.29300586205502e+00, 3.94936571595506170,#000000
 4.28056493693674e+00, 3.96284654139771053,#000000
 4.26808167974892e+00, 3.97628817680404500,#000000
 4.25555621394306e+00, 3.98969048924482195,#000000
 4.24298866338807e+00, 4.00305334617968356,#000000
 4.23037915236903e+00, 4.01637661545845503,#000000
 4.21772780558600e+00, 4.02966016532246574,#000000
 4.20503474815278e+00, 4.04290386440584015,#000000
 4.19230010559565e+00, 4.05610758173679908,#000000
 4.17952400385212e+00, 4.06927118673896615,#000000
 4.16670656926974e+00, 4.08239454923264145,#000000
 4.15384792860480e+00, 4.09547753943610449,#000000
 4.14094820902109e+00, 4.10852002796688609,#000000
 4.12800753808865e+00, 4.12152188584305801,#000000
 4.11502604378249e+00, 4.13448298448449769,#000000
 4.10200385448135e+00, 4.14740319571417082,#000000
 4.08894109896643e+00, 4.16028239175938985,#000000
 4.07583790642007e+00, 4.17312044525308412,#000000
 4.06269440642453e+00, 4.18591722923505394,#000000
 4.04951072896068e+00, 4.19867261715323181,#000000
 4.03628700440672e+00, 4.21138648286492856,#000000
 4.02302336353690e+00, 4.22405870063808209,#000000
 4.00971993752019e+00, 4.23668914515250883,#000000
 3.99637685791904e+00, 4.24927769150112677,#000000
 3.98299425668803e+00, 4.26182421519120869,#000000
 3.96957226617259e+00, 4.27432859214559890,#000000
 3.95611101910769e+00, 4.28679069870394880,#000000
 3.94261064861652e+00, 4.29921041162393536,#000000
 3.92907128820916e+00, 4.31158760808248598,#000000
 3.91549307178129e+00, 4.32392216567698284,#000000
 3.90187613361286e+00, 4.33621396242648505,#000000
 3.88822060836673e+00, 4.34846287677292320,#000000
 3.87452663108739e+00, 4.36066878758231447,#000000
 3.86079433719957e+00, 4.37283157414595003,#000000
 3.84702386250694e+00, 4.38495111618158973,#000000
 3.83321534319076e+00, 4.39702729383466195,#000000
 3.81936891580851e+00, 4.40905998767943164,#000000
 3.80548471729256e+00, 4.42104907872020192,#000000
 3.79156288494884e+00, 4.43299444839246881,#000000
 3.77760355645541e+00, 4.44489597856411400,#000000
 3.76360686986118e+00, 4.45675355153655861,#000000
 3.74957296358449e+00, 4.46856705004593469,#000000
 3.73550197641176e+00, 4.48033635726424162,#000000
 3.72139404749613e+00, 4.49206135680050433,#000000
 3.70724931635605e+00, 4.50374193270191991,#000000
 3.69306792287393e+00, 4.51537796945501135,#000000
 3.67885000729475e+00, 4.52696935198676087,#000000
 3.66459571022467e+00, 4.53851596566575299,#000000
 3.65030517262964e+00, 4.55001769630331232,#000000
 3.63597853583400e+00, 4.56147443015462262,#000000
 3.62161594151909e+00, 4.57288605391986280,#000000
 3.60721753172186e+00, 4.58425245474531540,#000000
 3.59278344883343e+00, 4.59557352022449717,#000000
 3.57831383559772e+00, 4.60684913839925336,#000000
 3.56380883511002e+00, 4.61807919776088216,#000000
 3.54926859081557e+00, 4.62926358725122444,#000000
 3.53469324650816e+00, 4.64040219626377137,#000000
 3.52008294632869e+00, 4.65149491464474973,#000000
 3.50543783476375e+00, 4.66254163269421795,#000000
 3.49075805664419e+00, 4.67354224116714967,#000000
 3.47604375714372e+00, 4.68449663127450666,#000000
 3.46129508177739e+00, 4.69540469468433042,#000000
 3.44651217640026e+00, 4.70626632352279639,#000000
 3.43169518720586e+00, 4.71708141037529316,#000000
 3.41684426072481e+00, 4.72784984828747668,#000000
 3.40195954382335e+00, 4.73857153076633342,#000000
 3.38704118370189e+00, 4.74924635178123111,#000000
 3.37208932789351e+00, 4.75987420576496767,#000000
 3.35710412426260e+00, 4.77045498761481213,#000000
 3.34208572100330e+00, 4.78098859269355358,#000000
 3.32703426663807e+00, 4.79147491683052174,#000000
 3.31194991001626e+00, 4.80191385632263223,#000000
 3.29683280031257e+00, 4.81230530793539923,#000000
 3.28168308702561e+00, 4.82264916890396123,#000000
 3.26650091997644e+00, 4.83294533693410511,#000000
 3.25128644930704e+00, 4.84319371020326184,#000000
 3.23603982547887e+00, 4.85339418736153050,#000000
 3.22076119927137e+00, 4.86354666753266418,#000000
 3.20545072178043e+00, 4.87365105031508250,#000000
 3.19010854441698e+00, 4.88370723578285304,#000000
 3.17473481890539e+00, 4.89371512448668788,#000000
 3.15932969728206e+00, 4.90367461745492061,#000000
 3.14389333189385e+00, 4.91358561619449041,#000000
 3.12842587539662e+00, 4.92344802269190929,#000000
 3.11292748075370e+00, 4.93326173941424084,#000000
 3.09739830123436e+00, 4.94302666931005774,#000000
 3.08183849041234e+00, 4.95274271581040004,#000000
 3.06624820216428e+00, 4.96240978282973977,#000000
 3.05062759066824e+00, 4.97202777476691882,#000000
 3.03497681040214e+00, 4.98159659650610731,#000000
 3.01929601614228e+00, 4.99111615341772819,#000000
 3.00358536296173e+00, 5.00058635135941199,#000000
 2.98784500622890e+00, 5.01000709667691080,#000000
 2.97207510160592e+00, 5.01937829620503706,#000000
 2.95627580504713e+00, 5.02869985726857394,#000000
 2.94044727279753e+00, 5.03797168768320347,#000000
 2.92458966139128e+00, 5.04719369575640719,#000000
 2.90870312765008e+00, 5.05636579028838273,#000000
 2.89278782868165e+00, 5.06548788057293820,#000000
 2.87684392187820e+00, 5.07455987639838924,#000000
 2.86087156491486e+00, 5.08358168804845967,#000000
 2.84487091574808e+00, 5.09255322630315810,#000000
 2.82884213261412e+00, 5.10147440243967054,#000000
 2.81278537402749e+00, 5.11034512823322551,#000000
 2.79670079877931e+00, 5.11916531595797863,#000000
 2.78058856593585e+00, 5.12793487838787154,#000000
 2.76444883483683e+00, 5.13665372879750226,#000000
 2.74828176509397e+00, 5.14532178096297255,#000000
 2.73208751658931e+00, 5.15393894916275297,#000000
 2.71586624947369e+00, 5.16250514817851958,#000000
 2.69961812416515e+00, 5.17102029329600121,#000000
 2.68334330134732e+00, 5.17948430030582152,#000000
 2.66704194196787e+00, 5.18789708550432227,#000000
 2.65071420723690e+00, 5.19625856569440092,#000000
 2.63436025862534e+00, 5.20456865818632686,#000000
 2.61798025786336e+00, 5.21282728079856117,#000000
 2.60157436693876e+00, 5.22103435185856846,#000000
 2.58514274809538e+00, 5.22918979020362773,#000000
 2.56868556383152e+00, 5.23729351518163089,#000000
 2.55220297689826e+00, 5.24534544665188474,#000000
 2.53569515029794e+00, 5.25334550498589703,#000000
 2.51916224728247e+00, 5.26129361106817051,#000000
 2.50260443135177e+00, 5.26918968629698270,#000000
 2.48602186625213e+00, 5.27703365258516133,#000000
 2.46941471597458e+00, 5.28482543236086322,#000000
 2.45278314475331e+00, 5.29256494856832838,#000000
 2.43612731706398e+00, 5.30025212466865980,#000000
 2.41944739762217e+00, 5.30788688464056335,#000000
 2.40274355138168e+00, 5.31546915298111244,#000000
 2.38601594353295e+00, 5.32299885470648437,#000000
 2.36926473950140e+00, 5.33047591535271348,#000000
 2.35249010494581e+00, 5.33790026097641324,#000000
 2.33569220575665e+00, 5.34527181815552144,#000000
 2.31887120805449e+00, 5.35259051399001606,#000000
 2.30202727818831e+00, 5.35985627610264448,#000000
 2.28516058273389e+00, 5.36706903263963042,#000000
 2.26827128849214e+00, 5.37422871227139076,#000000
 2.25135956248745e+00, 5.38133524419323983,#000000
 2.23442557196606e+00, 5.38838855812608930,#000000
 2.21746948439438e+00, 5.39538858431714274,#000000
 2.20049146745735e+00, 5.40233525354058486,#000000
 2.18349168905678e+00, 5.40922849709826714,#000000
 2.16647031730969e+00, 5.41606824682038734,#000000
 2.14942752054663e+00, 5.42285443506616360,#000000
 2.13236346731005e+00, 5.42958699472450323,#000000
 2.11527832635260e+00, 5.43626585921466443,#000000
 2.09817226663547e+00, 5.44289096248691795,#000000
 2.08104545732674e+00, 5.44946223902319993,#000000
 2.06389806779967e+00, 5.45597962383775670,#000000
 2.04673026763107e+00, 5.46244305247778872,#000000
 2.02954222659957e+00, 5.46885246102409273,#000000
 2.01233411468399e+00, 5.47520778609168612,#000000
 1.99510610206162e+00, 5.48150896483044026,#000000
 1.97785835910659e+00, 5.48775593492569502,#000000
 1.96059105638811e+00, 5.49394863459888594,#000000
 1.94330436466885e+00, 5.50008700260814187,#000000
 1.92599845490320e+00, 5.50617097824890322,#000000
 1.90867349823564e+00, 5.51220050135451167,#000000
 1.89132966599898e+00, 5.51817551229681236,#000000
 1.87396712971272e+00, 5.52409595198674008,#000000
 1.85658606108130e+00, 5.52996176187490551,#000000
 1.83918663199248e+00, 5.53577288395217337,#000000
 1.82176901451555e+00, 5.54152926075023533,#000000
 1.80433338089969e+00, 5.54723083534218020,#000000
 1.78687990357225e+00, 5.55287755134305350,#000000
 1.76940875513704e+00, 5.55846935291042143,#000000
 1.75192010837263e+00, 5.56400618474491448,#000000
 1.73441413623062e+00, 5.56948799209078160,#000000
 1.71689101183397e+00, 5.57491472073642935,#000000
 1.69935090847525e+00, 5.58028631701495659,#000000
 1.68179399961495e+00, 5.58560272780468559,#000000
 1.66422045887976e+00, 5.59086390052969051,#000000
 1.64663046006082e+00, 5.59606978316031167,#000000
 1.62902417711207e+00, 5.60122032421367599,#000000
 1.61140178414845e+00, 5.60631547275420239,#000000
 1.59376345544427e+00, 5.61135517839410713,#000000
 1.57610936543137e+00, 5.61633939129390036,#000000
 1.55843968869750e+00, 5.62126806216288077,#000000
 1.54075459998456e+00, 5.62614114225962414,#000000
 1.52305427418684e+00, 5.63095858339245936,#000000
 1.50533888634931e+00, 5.63572033791995519,#000000
 1.48760861166593e+00, 5.64042635875138032,#000000
 1.46986362547785e+00, 5.64507659934717942,#000000
 1.45210410327172e+00, 5.64967101371942082,#000000
 1.43433022067794e+00, 5.65420955643226808,#000000
 1.41654215346891e+00, 5.65869218260241258,#000000
 1.39874007755734e+00, 5.66311884789952824,#000000
 1.38092416899446e+00, 5.66748950854670586,#000000
 1.36309460396827e+00, 5.67180412132088474,#000000
 1.34525155880188e+00, 5.67606264355328616,#000000
 1.32739520995165e+00, 5.68026503312982900,#000000
 1.30952573400555e+00, 5.68441124849154633,#000000
 1.29164330768135e+00, 5.68850124863500284,#000000
 1.27374810782489e+00, 5.69253499311269184,#000000
 1.25584031140834e+00, 5.69651244203344209,#000000
 1.23792009552842e+00, 5.70043355606281121,#000000
 1.21998763740471e+00, 5.70429829642346675,#000000
 1.20204311437783e+00, 5.70810662489558407,#000000
 1.18408670390771e+00, 5.71185850381721050,#000000
 1.16611858357185e+00, 5.71555389608464548,#000000
 1.14813893106357e+00, 5.71919276515280739,#000000
 1.13014792419020e+00, 5.72277507503558969,#000000
 1.11214574087138e+00, 5.72630079030622241,#000000
 1.09413255913727e+00, 5.72976987609761945,#000000
 1.07610855712681e+00, 5.73318229810272584,#000000
 1.05807391308594e+00, 5.73653802257485435,#000000
 1.04002880536582e+00, 5.73983701632802035,#000000
 1.02197341242113e+00, 5.74307924673726955,#000000
 1.00390791280823e+00, 5.74626468173900129,#000000
 9.85832485183444e-01, 5.74939328983128828,#000000
 9.67747308301276e-01, 5.75246504007418036,#000000
 9.49652561012647e-01, 5.75547990209001803,#000000
 9.31548422263113e-01, 5.75843784606373177,#000000
 9.13435071091115e-01, 5.76133884274313246,#000000
 8.95312686626199e-01, 5.76418286343920361,#000000
 8.77181448087237e-01, 5.76696988002638911,#000000
 8.59041534780671e-01, 5.76969986494286147,#000000
 8.40893126098721e-01, 5.77237279119080515,#000000
 8.22736401517633e-01, 5.77498863233667503,#000000
 8.04571540595881e-01, 5.77754736251146461,#000000
 7.86398722972409e-01, 5.78004895641095473,#000000
 7.68218128364844e-01, 5.78249338929597201,#000000
 7.50029936567726e-01, 5.78488063699262600,#000000
 7.31834327450722e-01, 5.78721067589255433,#000000
 7.13631480956854e-01, 5.78948348295314918,#000000
 6.95421577100721e-01, 5.79169903569779354,#000000
 6.77204795966705e-01, 5.79385731221607703,#000000
 6.58981317707212e-01, 5.79595829116401351,#000000
 6.40751322540865e-01, 5.79800195176425692,#000000
 6.22514990750749e-01, 5.79998827380630111,#000000
 6.04272502682602e-01, 5.80191723764668232,#000000
 5.86024038743053e-01, 5.80378882420917197,#000000
 5.67769779397820e-01, 5.80560301498496845,#000000
 5.49509905169944e-01, 5.80735979203287567,#000000
 5.31244596637983e-01, 5.80905913797948426,#000000
 5.12974034434246e-01, 5.81070103601934207,#000000
 4.94698399242989e-01, 5.81228546991512030,#000000
 4.76417871798643e-01, 5.81381242399777243,#000000
 4.58132632884022e-01, 5.81528188316669326,#000000
 4.39842863328523e-01, 5.81669383288986364,#000000
 4.21548744006361e-01, 5.81804825920399793,#000000
 4.03250455834757e-01, 5.81934514871467901,#000000
 3.84948179772167e-01, 5.82058448859649324,#000000
 3.66642096816477e-01, 5.82176626659315666,#000000
 3.48332388003230e-01, 5.82289047101763479,#000000
 3.30019234403816e-01, 5.82395709075225998,#000000
 3.11702817123704e-01, 5.82496611524883878,#000000
 2.93383317300625e-01, 5.82591753452876215,#000000
 2.75060916102807e-01, 5.82681133918309513,#000000
 2.56735794727160e-01, 5.82764752037267719,#000000
 2.38408134397502e-01, 5.82842606982820932,#000000
 2.20078116362762e-01, 5.82914697985032948,#000000
 2.01745921895174e-01, 5.82981024330969699,#000000
 1.83411732288507e-01, 5.83041585364705650,#000000
 1.65075728856253e-01, 5.83096380487330634,#000000
 1.46738092929848e-01, 5.83145409156955541,#000000
 1.28399005856863e-01, 5.83188670888718264,#000000
 1.10058648999233e-01, 5.83226165254787521,#000000
 9.17172037314377e-02, 5.83257891884367830,#000000
 7.33748514387300e-02, 5.83283850463703057,#000000
 5.50317735153242e-02, 5.83304040736079266,#000000
 3.66881513626200e-02, 5.83318462501827550,#000000
 1.83441663873893e-02, 5.83327115618325731,#000000
-3.57186608673313e-16, 5.83330000000000037,#000000
