x,y,fill
69.0000000000000,-37.00000000000000,#c8102e
69.0000000000000,-37.00000000000000,#c8102e
68.9971891160514,-36.99999973663105,#c8102e
68.9943782322016,-36.99999894652419,#c8102e
68.9915673485491,-36.99999762967946,#c8102e
68.9887564651928,-36.99999578609691,#c8102e
68.9859455822313,-36.99999341577659,#c8102e
68.9831346997634,-36.99999051871860,#c8102e
68.9803238178876,-36.99998709492303,#c8102e
68.9775129367029,-36.99998314439001,#c8102e
68.9747020563077,-36.99997866711966,#c8102e
68.9718911768010,-36.99997366311216,#c8102e
68.9690802982813,-36.99996813236767,#c8102e
68.9662694208473,-36.99996207488639,#c8102e
68.9634585445979,-36.99995549066853,#c8102e
68.9606476696316,-36.99994837971433,#c8102e
68.9578367960472,-36.99994074202403,#c8102e
68.9550259239435,-36.99993257759790,#c8102e
68.9522150534190,-36.99992388643624,#c8102e
68.9494041845725,-36.99991466853933,#c8102e
68.9465933175028,-36.99990492390751,#c8102e
68.9437824523084,-36.99989465254112,#c8102e
68.9409715890882,-36.99988385444051,#c8102e
68.9381607279409,-36.99987252960608,#c8102e
68.9353498689650,-36.99986067803822,#c8102e
68.9325390122595,-36.99984829973734,#c8102e
68.9297281579228,-36.99983539470387,#c8102e
68.9269173060539,-36.99982196293828,#c8102e
68.9241064567512,-36.99980800444103,#c8102e
68.9212956101137,-36.99979351921261,#c8102e
68.9184847662399,-36.99977850725353,#c8102e
68.9156739252286,-36.99976296856433,#c8102e
68.9128630871785,-36.99974690314553,#c8102e
68.9100522521883,-36.99973031099771,#c8102e
68.9072414203566,-36.99971319212146,#c8102e
68.9044305917823,-36.99969554651737,#c8102e
68.9016197665640,-36.99967737418606,#c8102e
68.8988089448004,-36.99965867512816,#c8102e
68.8959981265901,-36.99963944934435,#c8102e
68.8931873120320,-36.99961969683528,#c8102e
68.8903765012247,-36.99959941760167,#c8102e
68.8875656942670,-36.99957861164420,#c8102e
68.8847548912575,-36.99955727896364,#c8102e
68.8819440922948,-36.99953541956070,#c8102e
68.8791332974779,-36.99951303343617,#c8102e
68.8763225069053,-36.99949012059083,#c8102e
68.8735117206757,-36.99946668102548,#c8102e
68.8707009388878,-36.99944271474095,#c8102e
68.8678901616404,-36.99941822173809,#c8102e
68.8650793890322,-36.99939320201774,#c8102e
68.8622686211618,-36.99936765558080,#c8102e
68.8594578581280,-36.99934158242814,#c8102e
68.8566471000294,-36.99931498256070,#c8102e
68.8538363469648,-36.99928785597941,#c8102e
68.8510255990328,-36.99926020268521,#c8102e
68.8482148563322,-36.99923202267909,#c8102e
68.8454041189617,-36.99920331596202,#c8102e
68.8425933870200,-36.99917408253502,#c8102e
68.8397826606057,-36.99914432239910,#c8102e
68.8369719398176,-36.99911403555534,#c8102e
68.8341612247543,-36.99908322200477,#c8102e
68.8313505155146,-36.99905188174849,#c8102e
68.8285398121972,-36.99902001478759,#c8102e
68.8257291149008,-36.99898762112319,#c8102e
68.8229184237241,-36.99895470075644,#c8102e
68.8201077387657,-36.99892125368848,#c8102e
68.8172970601244,-36.99888727992050,#c8102e
68.8144863878988,-36.99885277945367,#c8102e
68.8116757221877,-36.99881775228923,#c8102e
68.8088650630898,-36.99878219842839,#c8102e
68.8060544107038,-36.99874611787241,#c8102e
68.8032437651283,-36.99870951062255,#c8102e
68.8004331264621,-36.99867237668009,#c8102e
68.7976224948039,-36.99863471604634,#c8102e
68.7948118702523,-36.99859652872263,#c8102e
68.7920012529061,-36.99855781471030,#c8102e
68.7891906428639,-36.99851857401070,#c8102e
68.7863800402245,-36.99847880662521,#c8102e
68.7835694450865,-36.99843851255523,#c8102e
68.7807588575487,-36.99839769180217,#c8102e
68.7779482777097,-36.99835634436747,#c8102e
68.7751377056683,-36.99831447025258,#c8102e
68.7723271415230,-36.99827206945896,#c8102e
68.7695165853728,-36.99822914198812,#c8102e
68.7667060373161,-36.99818568784156,#c8102e
68.7638954974518,-36.99814170702079,#c8102e
68.7610849658784,-36.99809719952736,#c8102e
68.7582744426948,-36.99805216536286,#c8102e
68.7554639279996,-36.99800660452884,#c8102e
68.7526534218915,-36.99796051702690,#c8102e
68.7498429244691,-36.99791390285868,#c8102e
68.7470324358313,-36.99786676202581,#c8102e
68.7442219560766,-36.99781909452993,#c8102e
68.7414114853038,-36.99777090037274,#c8102e
68.7386010236115,-36.99772217955590,#c8102e
68.7357905710985,-36.99767293208114,#c8102e
68.7329801278634,-36.99762315795020,#c8102e
68.7301696940050,-36.99757285716481,#c8102e
68.7273592696219,-36.99752202972674,#c8102e
68.7245488548128,-36.99747067563778,#c8102e
68.7217384496764,-36.99741879489972,#c8102e
68.7189280543114,-36.99736638751440,#c8102e
68.7161176688165,-36.99731345348366,#c8102e
68.7133072932903,-36.99725999280933,#c8102e
68.7104969278316,-36.99720600549333,#c8102e
68.7076865725391,-36.99715149153752,#c8102e
68.7048762275114,-36.99709645094383,#c8102e
68.7020658928472,-36.99704088371419,#c8102e
68.6992555686453,-36.99698478985056,#c8102e
68.6964452550042,-36.99692816935490,#c8102e
68.6936349520227,-36.99687102222920,#c8102e
68.6908246597995,-36.99681334847547,#c8102e
68.6880143784333,-36.99675514809572,#c8102e
68.6852041080227,-36.99669642109202,#c8102e
68.6823938486664,-36.99663716746642,#c8102e
68.6795836004632,-36.99657738722099,#c8102e
68.6767733635116,-36.99651708035784,#c8102e
68.6739631379104,-36.99645624687909,#c8102e
68.6711529237583,-36.99639488678687,#c8102e
68.6683427211540,-36.99633300008334,#c8102e
68.6655325301960,-36.99627058677066,#c8102e
68.6627223509832,-36.99620764685105,#c8102e
68.6599121836142,-36.99614418032669,#c8102e
68.6571020281876,-36.99608018719982,#c8102e
68.6542918848022,-36.99601566747269,#c8102e
68.6514817535567,-36.99595062114757,#c8102e
68.6486716345497,-36.99588504822673,#c8102e
68.6458615278798,-36.99581894871248,#c8102e
68.6430514336459,-36.99575232260715,#c8102e
68.6402413519464,-36.99568516991307,#c8102e
68.6374312828803,-36.99561749063260,#c8102e
68.6346212265460,-36.99554928476810,#c8102e
68.6318111830424,-36.99548055232200,#c8102e
68.6290011524679,-36.99541129329669,#c8102e
68.6261911349215,-36.99534150769460,#c8102e
68.6233811305017,-36.99527119551820,#c8102e
68.6205711393071,-36.99520035676994,#c8102e
68.6177611614365,-36.99512899145231,#c8102e
68.6149511969886,-36.99505709956783,#c8102e
68.6121412460620,-36.99498468111901,#c8102e
68.6093313087554,-36.99491173610839,#c8102e
68.6065213851675,-36.99483826453855,#c8102e
68.6037114753969,-36.99476426641206,#c8102e
68.6009015795423,-36.99468974173151,#c8102e
68.5980916977024,-36.99461469049953,#c8102e
68.5952818299758,-36.99453911271875,#c8102e
68.5924719764613,-36.99446300839182,#c8102e
68.5896621372575,-36.99438637752142,#c8102e
68.5868523124630,-36.99430922011024,#c8102e
68.5840425021766,-36.99423153616098,#c8102e
68.5812327064969,-36.99415332567638,#c8102e
68.5784229255225,-36.99407458865918,#c8102e
68.5756131593522,-36.99399532511215,#c8102e
68.5728034080846,-36.99391553503807,#c8102e
68.5699936718184,-36.99383521843974,#c8102e
68.5671839506523,-36.99375437531998,#c8102e
68.5643742446848,-36.99367300568163,#c8102e
68.5615645540147,-36.99359110952756,#c8102e
68.5587548787406,-36.99350868686062,#c8102e
68.5559452189613,-36.99342573768372,#c8102e
68.5531355747753,-36.99334226199978,#c8102e
68.5503259462813,-36.99325825981172,#c8102e
68.5475163335781,-36.99317373112249,#c8102e
68.5447067367642,-36.99308867593506,#c8102e
68.5418971559383,-36.99300309425242,#c8102e
68.5390875911990,-36.99291698607757,#c8102e
68.5362780426452,-36.99283035141354,#c8102e
68.5334685103753,-36.99274319026337,#c8102e
68.5306589944880,-36.99265550263011,#c8102e
68.5278494950821,-36.99256728851686,#c8102e
68.5250400122562,-36.99247854792670,#c8102e
68.5222305461088,-36.99238928086276,#c8102e
68.5194210967388,-36.99229948732816,#c8102e
68.5166116642447,-36.99220916732607,#c8102e
68.5138022487252,-36.99211832085965,#c8102e
68.5109928502790,-36.99202694793208,#c8102e
68.5081834690046,-36.99193504854659,#c8102e
68.5053741050009,-36.99184262270640,#c8102e
68.5025647583663,-36.99174967041475,#c8102e
68.4997554291996,-36.99165619167491,#c8102e
68.4969461175994,-36.99156218649016,#c8102e
68.4941368236644,-36.99146765486380,#c8102e
68.4913275474932,-36.99137259679916,#c8102e
68.4885182891845,-36.99127701229956,#c8102e
68.4857090488369,-36.99118090136837,#c8102e
68.4828998265491,-36.99108426400896,#c8102e
68.4800906224197,-36.99098710022472,#c8102e
68.4772814365473,-36.99088941001907,#c8102e
68.4744722690307,-36.99079119339544,#c8102e
68.4716631199684,-36.99069245035727,#c8102e
68.4688539894592,-36.99059318090804,#c8102e
68.4660448776015,-36.99049338505122,#c8102e
68.4632357844942,-36.99039306279033,#c8102e
68.4604267102358,-36.99029221412889,#c8102e
68.4576176549250,-36.99019083907043,#c8102e
68.4548086186605,-36.99008893761852,#c8102e
68.4519996015407,-36.98998650977673,#c8102e
68.4491906036645,-36.98988355554867,#c8102e
68.4463816251304,-36.98978007493795,#c8102e
68.4435726660372,-36.98967606794820,#c8102e
68.4407637264833,-36.98957153458307,#c8102e
68.4379548065675,-36.98946647484624,#c8102e
68.4351459063884,-36.98936088874139,#c8102e
68.4323370260447,-36.98925477627224,#c8102e
68.4295281656349,-36.98914813744251,#c8102e
68.4267193252577,-36.98904097225593,#c8102e
68.4239105050118,-36.98893328071628,#c8102e
68.4211017049957,-36.98882506282735,#c8102e
68.4182929253082,-36.98871631859291,#c8102e
68.4154841660478,-36.98860704801681,#c8102e
68.4126754273132,-36.98849725110287,#c8102e
68.4098667092030,-36.98838692785495,#c8102e
68.4070580118158,-36.98827607827692,#c8102e
68.4042493352503,-36.98816470237268,#c8102e
68.4014406796051,-36.98805280014614,#c8102e
68.3986320449788,-36.98794037160122,#c8102e
68.3958234314701,-36.98782741674188,#c8102e
68.3930148391775,-36.98771393557207,#c8102e
68.3902062681998,-36.98759992809580,#c8102e
68.3873977186355,-36.98748539431705,#c8102e
68.3845891905832,-36.98737033423986,#c8102e
68.3817806841417,-36.98725474786826,#c8102e
68.3789721994094,-36.98713863520631,#c8102e
68.3761637364850,-36.98702199625809,#c8102e
68.3733552954672,-36.98690483102769,#c8102e
68.3705468764546,-36.98678713951923,#c8102e
68.3677384795458,-36.98666892173684,#c8102e
68.3649301048393,-36.98655017768468,#c8102e
68.3621217524339,-36.98643090736691,#c8102e
68.3593134224282,-36.98631111078772,#c8102e
68.3565051149207,-36.98619078795132,#c8102e
68.3536968300101,-36.98606993886192,#c8102e
68.3508885677949,-36.98594856352379,#c8102e
68.3480803283739,-36.98582666194118,#c8102e
68.3452721118456,-36.98570423411836,#c8102e
68.3424639183086,-36.98558128005964,#c8102e
68.3396557478616,-36.98545779976934,#c8102e
68.3368476006031,-36.98533379325179,#c8102e
68.3340394766318,-36.98520926051135,#c8102e
68.3312313760463,-36.98508420155239,#c8102e
68.3284232989451,-36.98495861637930,#c8102e
68.3256152454270,-36.98483250499650,#c8102e
68.3228072155904,-36.98470586740839,#c8102e
68.3199992095341,-36.98457870361946,#c8102e
68.3171912273566,-36.98445101363414,#c8102e
68.3143832691565,-36.98432279745693,#c8102e
68.3115753350324,-36.98419405509233,#c8102e
68.3087674250829,-36.98406478654486,#c8102e
68.3059595394067,-36.98393499181905,#c8102e
68.3031516781023,-36.98380467091948,#c8102e
68.3003438412683,-36.98367382385071,#c8102e
68.2975360290034,-36.98354245061734,#c8102e
68.2947282414060,-36.98341055122397,#c8102e
68.2919204785749,-36.98327812567525,#c8102e
68.2891127406087,-36.98314517397583,#c8102e
68.2863050276058,-36.98301169613036,#c8102e
68.2834973396650,-36.98287769214355,#c8102e
68.2806896768847,-36.98274316202009,#c8102e
68.2778820393637,-36.98260810576471,#c8102e
68.2750744272004,-36.98247252338216,#c8102e
68.2722668404936,-36.98233641487718,#c8102e
68.2694592793417,-36.98219978025457,#c8102e
68.2666517438434,-36.98206261951912,#c8102e
68.2638442340972,-36.98192493267565,#c8102e
68.2610367502018,-36.98178671972898,#c8102e
68.2582292922557,-36.98164798068399,#c8102e
68.2554218603575,-36.98150871554553,#c8102e
68.2526144546059,-36.98136892431850,#c8102e
68.2498070750993,-36.98122860700780,#c8102e
68.2469997219364,-36.98108776361837,#c8102e
68.2441923952157,-36.98094639415515,#c8102e
68.2413850950359,-36.98080449862311,#c8102e
68.2385778214955,-36.98066207702722,#c8102e
68.2357705746931,-36.98051912937249,#c8102e
68.2329633547272,-36.98037565566393,#c8102e
68.2301561616966,-36.98023165590660,#c8102e
68.2273489956996,-36.98008713010554,#c8102e
68.2245418568349,-36.97994207826582,#c8102e
68.2217347452012,-36.97979650039255,#c8102e
68.2189276608969,-36.97965039649083,#c8102e
68.2161206040206,-36.97950376656580,#c8102e
68.2133135746709,-36.97935661062260,#c8102e
68.2105065729463,-36.97920892866640,#c8102e
68.2076995989456,-36.97906072070239,#c8102e
68.2048926527671,-36.97891198673576,#c8102e
68.2020857345095,-36.97876272677176,#c8102e
68.1992788442714,-36.97861294081560,#c8102e
68.1964719821512,-36.97846262887256,#c8102e
68.1936651482477,-36.97831179094792,#c8102e
68.1908583426593,-36.97816042704697,#c8102e
68.1880515654846,-36.97800853717502,#c8102e
68.1852448168221,-36.97785612133742,#c8102e
68.1824380967705,-36.97770317953950,#c8102e
68.1796314054283,-36.97754971178665,#c8102e
68.1768247428940,-36.97739571808425,#c8102e
68.1740181092663,-36.97724119843771,#c8102e
68.1712115046436,-36.97708615285246,#c8102e
68.1684049291245,-36.97693058133393,#c8102e
68.1655983828076,-36.97677448388760,#c8102e
68.1627918657914,-36.97661786051894,#c8102e
68.1599853781745,-36.97646071123346,#c8102e
68.1571789200555,-36.97630303603667,#c8102e
68.1543724915328,-36.97614483493411,#c8102e
68.1515660927051,-36.97598610793133,#c8102e
68.1487597236709,-36.97582685503392,#c8102e
68.1459533845287,-36.97566707624745,#c8102e
68.1431470753770,-36.97550677157755,#c8102e
68.1403407963146,-36.97534594102984,#c8102e
68.1375345474397,-36.97518458460997,#c8102e
68.1347283288511,-36.97502270232360,#c8102e
68.1319221406473,-36.97486029417642,#c8102e
68.1291159829267,-36.97469736017414,#c8102e
68.1263098557881,-36.97453390032247,#c8102e
68.1235037593297,-36.97436991462715,#c8102e
68.1206976936503,-36.97420540309395,#c8102e
68.1178916588484,-36.97404036572864,#c8102e
68.1150856550225,-36.97387480253702,#c8102e
68.1122796822710,-36.97370871352489,#c8102e
68.1094737406927,-36.97354209869809,#c8102e
68.1066678303859,-36.97337495806248,#c8102e
68.1038619514493,-36.97320729162392,#c8102e
68.1010561039813,-36.97303909938830,#c8102e
68.0982502880805,-36.97287038136152,#c8102e
68.0954445038455,-36.97270113754952,#c8102e
68.0926387513746,-36.97253136795823,#c8102e
68.0898330307666,-36.97236107259361,#c8102e
68.0870273421198,-36.97219025146165,#c8102e
68.0842216855329,-36.97201890456834,#c8102e
68.0814160611043,-36.97184703191971,#c8102e
68.0786104689326,-36.97167463352177,#c8102e
68.0758049091162,-36.97150170938060,#c8102e
68.0729993817538,-36.97132825950226,#c8102e
68.0701938869438,-36.97115428389285,#c8102e
68.0673884247847,-36.97097978255847,#c8102e
68.0645829953751,-36.97080475550526,#c8102e
68.0617775988135,-36.97062920273934,#c8102e
68.0589722351984,-36.97045312426690,#c8102e
68.0561669046282,-36.97027652009410,#c8102e
68.0533616072016,-36.97009939022718,#c8102e
68.0505563430170,-36.96992173467232,#c8102e
68.0477511121729,-36.96974355343578,#c8102e
68.0449459147678,-36.96956484652381,#c8102e
68.0421407509003,-36.96938561394268,#c8102e
68.0393356206689,-36.96920585569870,#c8102e
68.0365305241720,-36.96902557179818,#c8102e
68.0337254615082,-36.96884476224743,#c8102e
68.0309204327759,-36.96866342705282,#c8102e
68.0281154380737,-36.96848156622072,#c8102e
68.0253104775000,-36.96829917975749,#c8102e
68.0225055511535,-36.96811626766956,#c8102e
68.0197006591324,-36.96793282996335,#c8102e
68.0168958015355,-36.96774886664529,#c8102e
68.0140909784611,-36.96756437772185,#c8102e
68.0112861900077,-36.96737936319951,#c8102e
68.0084814362739,-36.96719382308476,#c8102e
68.0056767173580,-36.96700775738411,#c8102e
68.0028720333588,-36.96682116610410,#c8102e
68.0000673843745,-36.96663404925130,#c8102e
67.9972627705037,-36.96644640683225,#c8102e
67.9944581918449,-36.96625823885356,#c8102e
67.9916536484965,-36.96606954532183,#c8102e
67.9888491405571,-36.96588032624369,#c8102e
67.9860446681252,-36.96569058162578,#c8102e
67.9832402312991,-36.96550031147477,#c8102e
67.9804358301775,-36.96530951579733,#c8102e
67.9776314648587,-36.96511819460017,#c8102e
67.9748271354413,-36.96492634789000,#c8102e
67.9720228420237,-36.96473397567357,#c8102e
67.9692185847044,-36.96454107795763,#c8102e
67.9664143635818,-36.96434765474894,#c8102e
67.9636101787546,-36.96415370605430,#c8102e
67.9608060303210,-36.96395923188054,#c8102e
67.9580019183797,-36.96376423223447,#c8102e
67.9551978430290,-36.96356870712293,#c8102e
67.9523938043674,-36.96337265655281,#c8102e
67.9495898024934,-36.96317608053097,#c8102e
67.9467858375055,-36.96297897906433,#c8102e
67.9439819095021,-36.96278135215980,#c8102e
67.9411780185817,-36.96258319982433,#c8102e
67.9383741648427,-36.96238452206487,#c8102e
67.9355703483836,-36.96218531888841,#c8102e
67.9327665693029,-36.96198559030193,#c8102e
67.9299628276990,-36.96178533631245,#c8102e
67.9271591236704,-36.96158455692699,#c8102e
67.9243554573155,-36.96138325215263,#c8102e
67.9215518287329,-36.96118142199641,#c8102e
67.9187482380208,-36.96097906646543,#c8102e
67.9159446852778,-36.96077618556680,#c8102e
67.9131411706024,-36.96057277930763,#c8102e
67.9103376940929,-36.96036884769508,#c8102e
67.9075342558479,-36.96016439073630,#c8102e
67.9047308559658,-36.95995940843846,#c8102e
67.9019274945449,-36.95975390080878,#c8102e
67.8991241716839,-36.95954786785447,#c8102e
67.8963208874810,-36.95934130958276,#c8102e
67.8935176420348,-36.95913422600091,#c8102e
67.8907144354436,-36.95892661711618,#c8102e
67.8879112678060,-36.95871848293586,#c8102e
67.8851081392203,-36.95850982346728,#c8102e
67.8823050497850,-36.95830063871776,#c8102e
67.8795019995986,-36.95809092869462,#c8102e
67.8766989887594,-36.95788069340526,#c8102e
67.8738960173658,-36.95766993285704,#c8102e
67.8710930855164,-36.95745864705736,#c8102e
67.8682901933095,-36.95724683601366,#c8102e
67.8654873408436,-36.95703449973335,#c8102e
67.8626845282171,-36.95682163822391,#c8102e
67.8598817555283,-36.95660825149281,#c8102e
67.8570790228759,-36.95639433954754,#c8102e
67.8542763303580,-36.95617990239560,#c8102e
67.8514736780733,-36.95596494004454,#c8102e
67.8486710661200,-36.95574945250189,#c8102e
67.8458684945966,-36.95553343977524,#c8102e
67.8430659636016,-36.95531690187215,#c8102e
67.8402634732333,-36.95509983880024,#c8102e
67.8374610235901,-36.95488225056713,#c8102e
67.8346586147705,-36.95466413718046,#c8102e
67.8318562468729,-36.95444549864789,#c8102e
67.8290539199956,-36.95422633497709,#c8102e
67.8262516342371,-36.95400664617576,#c8102e
67.8234493896958,-36.95378643225163,#c8102e
67.8206471864701,-36.95356569321241,#c8102e
67.8178450246584,-36.95334442906586,#c8102e
67.8150429043590,-36.95312263981975,#c8102e
67.8122408256705,-36.95290032548188,#c8102e
67.8094387886911,-36.95267748606004,#c8102e
67.8066367935193,-36.95245412156206,#c8102e
67.8038348402535,-36.95223023199578,#c8102e
67.8010329289921,-36.95200581736908,#c8102e
67.7982310598334,-36.95178087768981,#c8102e
67.7954292328759,-36.95155541296590,#c8102e
67.7926274482179,-36.95132942320525,#c8102e
67.7898257059578,-36.95110290841581,#c8102e
67.7870240061941,-36.95087586860551,#c8102e
67.7842223490250,-36.95064830378234,#c8102e
67.7814207345491,-36.95042021395429,#c8102e
67.7786191628645,-36.95019159912937,#c8102e
67.7758176340699,-36.94996245931560,#c8102e
67.7730161482634,-36.94973279452103,#c8102e
67.7702147055435,-36.94950260475373,#c8102e
67.7674133060086,-36.94927189002178,#c8102e
67.7646119497571,-36.94904065033329,#c8102e
67.7618106368872,-36.94880888569636,#c8102e
67.7590093674975,-36.94857659611915,#c8102e
67.7562081416862,-36.94834378160979,#c8102e
67.7534069595517,-36.94811044217649,#c8102e
67.7506058211924,-36.94787657782743,#c8102e
67.7478047267067,-36.94764218857081,#c8102e
67.7450036761929,-36.94740727441487,#c8102e
67.7422026697493,-36.94717183536786,#c8102e
67.7394017074744,-36.94693587143805,#c8102e
67.7366007894665,-36.94669938263372,#c8102e
67.7337999158239,-36.94646236896318,#c8102e
67.7309990866451,-36.94622483043475,#c8102e
67.7281983020283,-36.94598676705677,#c8102e
67.7253975620719,-36.94574817883760,#c8102e
67.7225968668742,-36.94550906578563,#c8102e
67.7197962165337,-36.94526942790924,#c8102e
67.7169956111487,-36.94502926521685,#c8102e
67.7141950508174,-36.94478857771690,#c8102e
67.7113945356383,-36.94454736541783,#c8102e
67.7085940657097,-36.94430562832812,#c8102e
67.7057936411299,-36.94406336645626,#c8102e
67.7029932619972,-36.94382057981075,#c8102e
67.7001929284101,-36.94357726840013,#c8102e
67.6973926404669,-36.94333343223292,#c8102e
67.6945923982658,-36.94308907131770,#c8102e
67.6917922019052,-36.94284418566305,#c8102e
67.6889920514835,-36.94259877527756,#c8102e
67.6861919470989,-36.94235284016986,#c8102e
67.6833918888498,-36.94210638034858,#c8102e
67.6805918768346,-36.94185939582237,#c8102e
67.6777919111515,-36.94161188659991,#c8102e
67.6749919918989,-36.94136385268989,#c8102e
67.6721921191751,-36.94111529410102,#c8102e
67.6693922930784,-36.94086621084202,#c8102e
67.6665925137071,-36.94061660292165,#c8102e
67.6637927811596,-36.94036647034868,#c8102e
67.6609930955342,-36.94011581313187,#c8102e
67.6581934569291,-36.93986463128004,#c8102e
67.6553938654427,-36.93961292480200,#c8102e
67.6525943211734,-36.93936069370660,#c8102e
67.6497948242193,-36.93910793800269,#c8102e
67.6469953746789,-36.93885465769915,#c8102e
67.6441959726504,-36.93860085280487,#c8102e
67.6413966182321,-36.93834652332877,#c8102e
67.6385973115223,-36.93809166927977,#c8102e
67.6357980526194,-36.93783629066682,#c8102e
67.6329988416215,-36.93758038749890,#c8102e
67.6301996786271,-36.93732395978499,#c8102e
67.6274005637345,-36.93706700753410,#c8102e
67.6246014970418,-36.93680953075523,#c8102e
67.6218024786474,-36.93655152945745,#c8102e
67.6190035086497,-36.93629300364980,#c8102e
67.6162045871468,-36.93603395334137,#c8102e
67.6134057142370,-36.93577437854125,#c8102e
67.6106068900188,-36.93551427925857,#c8102e
67.6078081145902,-36.93525365550245,#c8102e
67.6050093880497,-36.93499250728203,#c8102e
67.6022107104955,-36.93473083460651,#c8102e
67.5994120820258,-36.93446863748505,#c8102e
67.5966135027390,-36.93420591592688,#c8102e
67.5938149727333,-36.93394266994122,#c8102e
67.5910164921071,-36.93367889953731,#c8102e
67.5882180609584,-36.93341460472440,#c8102e
67.5854196793858,-36.93314978551179,#c8102e
67.5826213474873,-36.93288444190878,#c8102e
67.5798230653613,-36.93261857392468,#c8102e
67.5770248331060,-36.93235218156882,#c8102e
67.5742266508198,-36.93208526485056,#c8102e
67.5714285186008,-36.93181782377928,#c8102e
67.5686304365473,-36.93154985836438,#c8102e
67.5658324047576,-36.93128136861524,#c8102e
67.5630344233299,-36.93101235454130,#c8102e
67.5602364923625,-36.93074281615203,#c8102e
67.5574386119536,-36.93047275345686,#c8102e
67.5546407822015,-36.93020216646529,#c8102e
67.5518430032045,-36.92993105518683,#c8102e
67.5490452750607,-36.92965941963099,#c8102e
67.5462475978684,-36.92938725980731,#c8102e
67.5434499717260,-36.92911457572534,#c8102e
67.5406523967315,-36.92884136739467,#c8102e
67.5378548729833,-36.92856763482489,#c8102e
67.5350574005795,-36.92829337802561,#c8102e
67.5322599796185,-36.92801859700646,#c8102e
67.5294626101984,-36.92774329177708,#c8102e
67.5266652924175,-36.92746746234715,#c8102e
67.5238680263741,-36.92719110872636,#c8102e
67.5210708121663,-36.92691423092440,#c8102e
67.5182736498923,-36.92663682895100,#c8102e
67.5154765396505,-36.92635890281591,#c8102e
67.5126794815389,-36.92608045252888,#c8102e
67.5098824756559,-36.92580147809969,#c8102e
67.5070855220997,-36.92552197953813,#c8102e
67.5042886209684,-36.92524195685402,#c8102e
67.5014917723604,-36.92496141005719,#c8102e
67.4986949763737,-36.92468033915750,#c8102e
67.4958982331067,-36.92439874416482,#c8102e
67.4931015426575,-36.92411662508903,#c8102e
67.4903049051243,-36.92383398194004,#c8102e
67.4875083206053,-36.92355081472777,#c8102e
67.4847117891988,-36.92326712346217,#c8102e
67.4819153110030,-36.92298290815322,#c8102e
67.4791188861160,-36.92269816881086,#c8102e
67.4763225146361,-36.92241290544512,#c8102e
67.4735261966614,-36.92212711806601,#c8102e
67.4707299322901,-36.92184080668356,#c8102e
67.4679337216205,-36.92155397130783,#c8102e
67.4651375647507,-36.92126661194889,#c8102e
67.4623414617789,-36.92097872861683,#c8102e
67.4595454128034,-36.92069032132176,#c8102e
67.4567494179222,-36.92040139007381,#c8102e
67.4539534772336,-36.92011193488312,#c8102e
67.4511575908357,-36.91982195575987,#c8102e
67.4483617588268,-36.91953145271422,#c8102e
67.4455659813050,-36.91924042575639,#c8102e
67.4427702583685,-36.91894887489659,#c8102e
67.4399745901154,-36.91865680014506,#c8102e
67.4371789766440,-36.91836420151206,#c8102e
67.4343834180524,-36.91807107900786,#c8102e
67.4315879144387,-36.91777743264275,#c8102e
67.4287924659012,-36.91748326242705,#c8102e
67.4259970725380,-36.91718856837109,#c8102e
67.4232017344473,-36.91689335048521,#c8102e
67.4204064517272,-36.91659760877979,#c8102e
67.4176112244758,-36.91630134326520,#c8102e
67.4148160527915,-36.91600455395185,#c8102e
67.4120209367722,-36.91570724085017,#c8102e
67.4092258765162,-36.91540940397059,#c8102e
67.4064308721215,-36.91511104332357,#c8102e
67.4036359236865,-36.91481215891959,#c8102e
67.4008410313091,-36.91451275076915,#c8102e
67.3980461950876,-36.91421281888275,#c8102e
67.3952514151200,-36.91391236327094,#c8102e
67.3924566915046,-36.91361138394426,#c8102e
67.3896620243395,-36.91330988091327,#c8102e
67.3868674137227,-36.91300785418858,#c8102e
67.3840728597525,-36.91270530378078,#c8102e
67.3812783625270,-36.91240222970050,#c8102e
67.3784839221442,-36.91209863195839,#c8102e
67.3756895387024,-36.91179451056509,#c8102e
67.3728952122997,-36.91148986553130,#c8102e
67.3701009430341,-36.91118469686771,#c8102e
67.3673067310039,-36.91087900458503,#c8102e
67.3645125763071,-36.91057278869401,#c8102e
67.3617184790418,-36.91026604920539,#c8102e
67.3589244393062,-36.90995878612995,#c8102e
67.3561304571984,-36.90965099947847,#c8102e
67.3533365328165,-36.90934268926176,#c8102e
67.3505426662585,-36.90903385549066,#c8102e
67.3477488576227,-36.90872449817599,#c8102e
67.3449551070072,-36.90841461732865,#c8102e
67.3421614145099,-36.90810421295948,#c8102e
67.3393677802291,-36.90779328507941,#c8102e
67.3365742042628,-36.90748183369934,#c8102e
67.3337806867091,-36.90716985883022,#c8102e
67.3309872276661,-36.90685736048301,#c8102e
67.3281938272320,-36.90654433866867,#c8102e
67.3254004855048,-36.90623079339819,#c8102e
67.3226072025826,-36.90591672468259,#c8102e
67.3198139785634,-36.90560213253290,#c8102e
67.3170208135455,-36.90528701696016,#c8102e
67.3142277076268,-36.90497137797544,#c8102e
67.3114346609055,-36.90465521558981,#c8102e
67.3086416734796,-36.90433852981440,#c8102e
67.3058487454472,-36.90402132066031,#c8102e
67.3030558769063,-36.90370358813868,#c8102e
67.3002630679552,-36.90338533226068,#c8102e
67.2974703186917,-36.90306655303748,#c8102e
67.2946776292140,-36.90274725048026,#c8102e
67.2918849996203,-36.90242742460025,#c8102e
67.2890924300084,-36.90210707540868,#c8102e
67.2862999204765,-36.90178620291679,#c8102e
67.2835074711227,-36.90146480713585,#c8102e
67.2807150820450,-36.90114288807716,#c8102e
67.2779227533415,-36.90082044575200,#c8102e
67.2751304851101,-36.90049748017172,#c8102e
67.2723382774491,-36.90017399134764,#c8102e
67.2695461304564,-36.89984997929112,#c8102e
67.2667540442301,-36.89952544401355,#c8102e
67.2639620188682,-36.89920038552632,#c8102e
67.2611700544687,-36.89887480384085,#c8102e
67.2583781511298,-36.89854869896857,#c8102e
67.2555863089494,-36.89822207092092,#c8102e
67.2527945280256,-36.89789491970939,#c8102e
67.2500028084565,-36.89756724534546,#c8102e
67.2472111503400,-36.89723904784062,#c8102e
67.2444195537741,-36.89691032720642,#c8102e
67.2416280188570,-36.89658108345439,#c8102e
67.2388365456867,-36.89625131659611,#c8102e
67.2360451343611,-36.89592102664312,#c8102e
67.2332537849783,-36.89559021360706,#c8102e
67.2304624976363,-36.89525887749953,#c8102e
67.2276712724332,-36.89492701833215,#c8102e
67.2248801094669,-36.89459463611661,#c8102e
67.2220890088354,-36.89426173086455,#c8102e
67.2192979706369,-36.89392830258767,#c8102e
67.2165069949692,-36.89359435129768,#c8102e
67.2137160819304,-36.89325987700631,#c8102e
67.2109252316185,-36.89292487972530,#c8102e
67.2081344441315,-36.89258935946641,#c8102e
67.2053437195674,-36.89225331624143,#c8102e
67.2025530580243,-36.89191675006217,#c8102e
67.1997624596000,-36.89157966094042,#c8102e
67.1969719243926,-36.89124204888805,#c8102e
67.1941814525000,-36.89090391391688,#c8102e
67.1913910440204,-36.89056525603881,#c8102e
67.1886006990516,-36.89022607526574,#c8102e
67.1858104176917,-36.88988637160956,#c8102e
67.1830202000386,-36.88954614508219,#c8102e
67.1802300461903,-36.88920539569561,#c8102e
67.1774399562447,-36.88886412346177,#c8102e
67.1746499303000,-36.88852232839264,#c8102e
67.1718599684540,-36.88818001050024,#c8102e
67.1690700708047,-36.88783716979658,#c8102e
67.1662802374501,-36.88749380629372,#c8102e
67.1634904684881,-36.88714992000369,#c8102e
67.1607007640167,-36.88680551093859,#c8102e
67.1579111241339,-36.88646057911049,#c8102e
67.1551215489377,-36.88611512453151,#c8102e
67.1523320385259,-36.88576914721380,#c8102e
67.1495425929966,-36.88542264716949,#c8102e
67.1467532124477,-36.88507562441075,#c8102e
67.1439638969772,-36.88472807894978,#c8102e
67.1411746466830,-36.88438001079876,#c8102e
67.1383854616630,-36.88403141996994,#c8102e
67.1355963420152,-36.88368230647554,#c8102e
67.1328072878375,-36.88333267032782,#c8102e
67.1300182992280,-36.88298251153907,#c8102e
67.1272293762844,-36.88263183012157,#c8102e
67.1244405191048,-36.88228062608766,#c8102e
67.1216517277871,-36.88192889944965,#c8102e
67.1188630024292,-36.88157665021991,#c8102e
67.1160743431290,-36.88122387841079,#c8102e
67.1132857499846,-36.88087058403468,#c8102e
67.1104972230937,-36.88051676710400,#c8102e
67.1077087625543,-36.88016242763116,#c8102e
67.1049203684644,-36.87980756562862,#c8102e
67.1021320409218,-36.87945218110883,#c8102e
67.0993437800245,-36.87909627408426,#c8102e
67.0965555858703,-36.87873984456743,#c8102e
67.0937674585573,-36.87838289257084,#c8102e
67.0909793981832,-36.87802541810704,#c8102e
67.0881914048461,-36.87766742118856,#c8102e
67.0854034786437,-36.87730890182799,#c8102e
67.0826156196741,-36.87694986003791,#c8102e
67.0798278280350,-36.87659029583094,#c8102e
67.0770401038245,-36.87623020921969,#c8102e
67.0742524471403,-36.87586960021682,#c8102e
67.0714648580804,-36.87550846883498,#c8102e
67.0686773367428,-36.87514681508686,#c8102e
67.0658898832251,-36.87478463898516,#c8102e
67.0631024976254,-36.87442194054260,#c8102e
67.0603151800415,-36.87405871977191,#c8102e
67.0575279305714,-36.87369497668584,#c8102e
67.0547407493128,-36.87333071129717,#c8102e
67.0519536363636,-36.87296592361870,#c8102e
67.0491665918218,-36.87260061366323,#c8102e
67.0463796157852,-36.87223478144358,#c8102e
67.0435927083516,-36.87186842697262,#c8102e
67.0408058696190,-36.87150155026319,#c8102e
67.0380190996851,-36.87113415132819,#c8102e
67.0352323986479,-36.87076623018051,#c8102e
67.0324457666052,-36.87039778683308,#c8102e
67.0296592036549,-36.87002882129884,#c8102e
67.0268727098948,-36.86965933359073,#c8102e
67.0240862854227,-36.86928932372174,#c8102e
67.0212999303366,-36.86891879170486,#c8102e
67.0185136447342,-36.86854773755309,#c8102e
67.0157274287134,-36.86817616127949,#c8102e
67.0129412823720,-36.86780406289706,#c8102e
67.0101552058079,-36.86743144241892,#c8102e
67.0073691991190,-36.86705829985812,#c8102e
67.0045832624029,-36.86668463522777,#c8102e
67.0017973957577,-36.86631044854100,#c8102e
66.9990115992810,-36.86593573981094,#c8102e
66.9962258730708,-36.86556050905075,#c8102e
66.9934402172249,-36.86518475627361,#c8102e
66.9906546318410,-36.86480848149272,#c8102e
66.9878691170170,-36.86443168472128,#c8102e
66.9850836728507,-36.86405436597254,#c8102e
66.9822982994399,-36.86367652525973,#c8102e
66.9795129968825,-36.86329816259612,#c8102e
66.9767277652762,-36.86291927799501,#c8102e
66.9739426047189,-36.86253987146971,#c8102e
66.9711575153083,-36.86215994303351,#c8102e
66.9683724971422,-36.86177949269978,#c8102e
66.9655875503185,-36.86139852048188,#c8102e
66.9628026749350,-36.86101702639318,#c8102e
66.9600178710893,-36.86063501044707,#c8102e
66.9572331388795,-36.86025247265697,#c8102e
66.9544484784031,-36.85986941303632,#c8102e
66.9516638897580,-36.85948583159858,#c8102e
66.9488793730420,-36.85910172835719,#c8102e
66.9460949283529,-36.85871710332565,#c8102e
66.9433105557884,-36.85833195651748,#c8102e
66.9405262554464,-36.85794628794620,#c8102e
66.9377420274245,-36.85756009762535,#c8102e
66.9349578718206,-36.85717338556848,#c8102e
66.9321737887324,-36.85678615178918,#c8102e
66.9293897782578,-36.85639839630106,#c8102e
66.9266058404944,-36.85601011911771,#c8102e
66.9238219755400,-36.85562132025279,#c8102e
66.9210381834924,-36.85523199971993,#c8102e
66.9182544644493,-36.85484215753283,#c8102e
66.9154708185085,-36.85445179370515,#c8102e
66.9126872457677,-36.85406090825062,#c8102e
66.9099037463247,-36.85366950118296,#c8102e
66.9071203202773,-36.85327757251590,#c8102e
66.9043369677231,-36.85288512226322,#c8102e
66.9015536887600,-36.85249215043870,#c8102e
66.8987704834855,-36.85209865705613,#c8102e
66.8959873519976,-36.85170464212933,#c8102e
66.8932042943939,-36.85131010567215,#c8102e
66.8904213107721,-36.85091504769843,#c8102e
66.8876384012300,-36.85051946822205,#c8102e
66.8848555658653,-36.85012336725689,#c8102e
66.8820728047757,-36.84972674481687,#c8102e
66.8792901180590,-36.84932960091592,#c8102e
66.8765075058128,-36.84893193556798,#c8102e
66.8737249681349,-36.84853374878701,#c8102e
66.8709425051229,-36.84813504058700,#c8102e
66.8681601168746,-36.84773581098196,#c8102e
66.8653778034878,-36.84733605998589,#c8102e
66.8625955650600,-36.84693578761284,#c8102e
66.8598134016890,-36.84653499387685,#c8102e
66.8570313134725,-36.84613367879201,#c8102e
66.8542493005082,-36.84573184237242,#c8102e
66.8514673628938,-36.84532948463217,#c8102e
66.8486855007269,-36.84492660558541,#c8102e
66.8459037141053,-36.84452320524626,#c8102e
66.8431220031267,-36.84411928362891,#c8102e
66.8403403678887,-36.84371484074754,#c8102e
66.8375588084890,-36.84330987661635,#c8102e
66.8347773250253,-36.84290439124955,#c8102e
66.8319959175952,-36.84249838466140,#c8102e
66.8292145862965,-36.84209185686613,#c8102e
66.8264333312267,-36.84168480787804,#c8102e
66.8236521524836,-36.84127723771141,#c8102e
66.8208710501649,-36.84086914638056,#c8102e
66.8180900243681,-36.84046053389982,#c8102e
66.8153090751910,-36.84005140028354,#c8102e
66.8125282027312,-36.83964174554607,#c8102e
66.8097474070864,-36.83923156970182,#c8102e
66.8069666883541,-36.83882087276518,#c8102e
66.8041860466321,-36.83840965475057,#c8102e
66.8014054820180,-36.83799791567244,#c8102e
66.7986249946095,-36.83758565554524,#c8102e
66.7958445845041,-36.83717287438345,#c8102e
66.7930642517995,-36.83675957220157,#c8102e
66.7902839965934,-36.83634574901410,#c8102e
66.7875038189833,-36.83593140483558,#c8102e
66.7847237190670,-36.83551653968057,#c8102e
66.7819436969420,-36.83510115356362,#c8102e
66.7791637527060,-36.83468524649933,#c8102e
66.7763838864565,-36.83426881850230,#c8102e
66.7736040982912,-36.83385186958715,#c8102e
66.7708243883077,-36.83343439976854,#c8102e
66.7680447566037,-36.83301640906109,#c8102e
66.7652652032767,-36.83259789747952,#c8102e
66.7624857284243,-36.83217886503851,#c8102e
66.7597063321441,-36.83175931175277,#c8102e
66.7569270145338,-36.83133923763704,#c8102e
66.7541477756910,-36.83091864270606,#c8102e
66.7513686157131,-36.83049752697462,#c8102e
66.7485895346979,-36.83007589045749,#c8102e
66.7458105327430,-36.82965373316948,#c8102e
66.7430316099458,-36.82923105512541,#c8102e
66.7402527664040,-36.82880785634014,#c8102e
66.7374740022151,-36.82838413682852,#c8102e
66.7346953174768,-36.82795989660542,#c8102e
66.7319167122867,-36.82753513568576,#c8102e
66.7291381867422,-36.82710985408443,#c8102e
66.7263597409410,-36.82668405181639,#c8102e
66.7235813749807,-36.82625772889656,#c8102e
66.7208030889587,-36.82583088533995,#c8102e
66.7180248829727,-36.82540352116152,#c8102e
66.7152467571202,-36.82497563637628,#c8102e
66.7124687114988,-36.82454723099927,#c8102e
66.7096907462061,-36.82411830504553,#c8102e
66.7069128613395,-36.82368885853010,#c8102e
66.7041350569966,-36.82325889146810,#c8102e
66.7013573332750,-36.82282840387460,#c8102e
66.6985796902722,-36.82239739576471,#c8102e
66.6958021280858,-36.82196586715359,#c8102e
66.6930246468133,-36.82153381805638,#c8102e
66.6902472465522,-36.82110124848826,#c8102e
66.6874699274000,-36.82066815846441,#c8102e
66.6846926894544,-36.82023454800004,#c8102e
66.6819155328127,-36.81980041711038,#c8102e
66.6791384575726,-36.81936576581067,#c8102e
66.6763614638315,-36.81893059411619,#c8102e
66.6735845516870,-36.81849490204220,#c8102e
66.6708077212366,-36.81805868960401,#c8102e
66.6680309725777,-36.81762195681694,#c8102e
66.6652543058080,-36.81718470369631,#c8102e
66.6624777210249,-36.81674693025749,#c8102e
66.6597012183258,-36.81630863651586,#c8102e
66.6569247978084,-36.81586982248680,#c8102e
66.6541484595701,-36.81543048818571,#c8102e
66.6513722037084,-36.81499063362804,#c8102e
66.6485960303207,-36.81455025882921,#c8102e
66.6458199395047,-36.81410936380470,#c8102e
66.6430439313577,-36.81366794857000,#c8102e
66.6402680059772,-36.81322601314060,#c8102e
66.6374921634608,-36.81278355753201,#c8102e
66.6347164039058,-36.81234058175978,#c8102e
66.6319407274099,-36.81189708583948,#c8102e
66.6291651340703,-36.81145306978664,#c8102e
66.6263896239847,-36.81100853361689,#c8102e
66.6236141972504,-36.81056347734584,#c8102e
66.6208388539650,-36.81011790098909,#c8102e
66.6180635942259,-36.80967180456231,#c8102e
66.6152884181305,-36.80922518808116,#c8102e
66.6125133257763,-36.80877805156132,#c8102e
66.6097383172607,-36.80833039501849,#c8102e
66.6069633926813,-36.80788221846840,#c8102e
66.6041885521354,-36.80743352192678,#c8102e
66.6014137957205,-36.80698430540939,#c8102e
66.5986391235340,-36.80653456893200,#c8102e
66.5958645356733,-36.80608431251041,#c8102e
66.5930900322360,-36.80563353616042,#c8102e
66.5903156133193,-36.80518223989787,#c8102e
66.5875412790208,-36.80473042373860,#c8102e
66.5847670294379,-36.80427808769849,#c8102e
66.5819928646679,-36.80382523179341,#c8102e
66.5792187848083,-36.80337185603926,#c8102e
66.5764447899566,-36.80291796045197,#c8102e
66.5736708802101,-36.80246354504747,#c8102e
66.5708970556662,-36.80200860984174,#c8102e
66.5681233164224,-36.80155315485072,#c8102e
66.5653496625760,-36.80109718009044,#c8102e
66.5625760942244,-36.80064068557688,#c8102e
66.5598026114651,-36.80018367132610,#c8102e
66.5570292143954,-36.79972613735411,#c8102e
66.5542559031128,-36.79926808367702,#c8102e
66.5514826777145,-36.79880951031088,#c8102e
66.5487095382980,-36.79835041727182,#c8102e
66.5459364849607,-36.79789080457594,#c8102e
66.5431635178000,-36.79743067223939,#c8102e
66.5403906369132,-36.79697002027834,#c8102e
66.5376178423977,-36.79650884870894,#c8102e
66.5348451343509,-36.79604715754739,#c8102e
66.5320725128701,-36.79558494680992,#c8102e
66.5292999780526,-36.79512221651276,#c8102e
66.5265275299960,-36.79465896667214,#c8102e
66.5237551687975,-36.79419519730434,#c8102e
66.5209828945544,-36.79373090842564,#c8102e
66.5182107073641,-36.79326610005235,#c8102e
66.5154386073241,-36.79280077220079,#c8102e
66.5126665945315,-36.79233492488730,#c8102e
66.5098946690838,-36.79186855812824,#c8102e
66.5071228310783,-36.79140167193998,#c8102e
66.5043510806123,-36.79093426633892,#c8102e
66.5015794177831,-36.79046634134148,#c8102e
66.4988078426882,-36.78999789696408,#c8102e
66.4960363554247,-36.78952893322317,#c8102e
66.4932649560902,-36.78905945013523,#c8102e
66.4904936447817,-36.78858944771675,#c8102e
66.4877224215968,-36.78811892598421,#c8102e
66.4849512866326,-36.78764788495415,#c8102e
66.4821802399865,-36.78717632464311,#c8102e
66.4794092817558,-36.78670424506764,#c8102e
66.4766384120379,-36.78623164624433,#c8102e
66.4738676309300,-36.78575852818977,#c8102e
66.4710969385293,-36.78528489092058,#c8102e
66.4683263349333,-36.78481073445338,#c8102e
66.4655558202392,-36.78433605880483,#c8102e
66.4627853945443,-36.78386086399159,#c8102e
66.4600150579458,-36.78338515003036,#c8102e
66.4572448105411,-36.78290891693783,#c8102e
66.4544746524275,-36.78243216473073,#c8102e
66.4517045837021,-36.78195489342581,#c8102e
66.4489346044624,-36.78147710303981,#c8102e
66.4461647148054,-36.78099879358953,#c8102e
66.4433949148287,-36.78051996509176,#c8102e
66.4406252046293,-36.78004061756330,#c8102e
66.4378555843045,-36.77956075102100,#c8102e
66.4350860539517,-36.77908036548170,#c8102e
66.4323166136680,-36.77859946096228,#c8102e
66.4295472635507,-36.77811803747962,#c8102e
66.4267780036972,-36.77763609505062,#c8102e
66.4240088342044,-36.77715363369222,#c8102e
66.4212397551699,-36.77667065342135,#c8102e
66.4184707666907,-36.77618715425497,#c8102e
66.4157018688642,-36.77570313621006,#c8102e
66.4129330617875,-36.77521859930363,#c8102e
66.4101643455579,-36.77473354355267,#c8102e
66.4073957202726,-36.77424796897422,#c8102e
66.4046271860288,-36.77376187558535,#c8102e
66.4018587429238,-36.77327526340311,#c8102e
66.3990903910547,-36.77278813244460,#c8102e
66.3963221305188,-36.77230048272692,#c8102e
66.3935539614133,-36.77181231426719,#c8102e
66.3907858838355,-36.77132362708257,#c8102e
66.3880178978824,-36.77083442119019,#c8102e
66.3852500036513,-36.77034469660727,#c8102e
66.3824822012394,-36.76985445335097,#c8102e
66.3797144907439,-36.76936369143851,#c8102e
66.3769468722619,-36.76887241088715,#c8102e
66.3741793458908,-36.76838061171411,#c8102e
66.3714119117276,-36.76788829393669,#c8102e
66.3686445698695,-36.76739545757216,#c8102e
66.3658773204137,-36.76690210263782,#c8102e
66.3631101634575,-36.76640822915101,#c8102e
66.3603430990978,-36.76591383712906,#c8102e
66.3575761274320,-36.76541892658935,#c8102e
66.3548092485572,-36.76492349754924,#c8102e
66.3520424625706,-36.76442755002613,#c8102e
66.3492757695692,-36.76393108403744,#c8102e
66.3465091696503,-36.76343409960062,#c8102e
66.3437426629111,-36.76293659673308,#c8102e
66.3409762494485,-36.76243857545234,#c8102e
66.3382099293599,-36.76194003577585,#c8102e
66.3354437027424,-36.76144097772114,#c8102e
66.3326775696930,-36.76094140130571,#c8102e
66.3299115303090,-36.76044130654714,#c8102e
66.3271455846874,-36.75994069346296,#c8102e
66.3243797329254,-36.75943956207076,#c8102e
66.3216139751201,-36.75893791238813,#c8102e
66.3188483113686,-36.75843574443270,#c8102e
66.3160827417681,-36.75793305822211,#c8102e
66.3133172664156,-36.75742985377398,#c8102e
66.3105518854083,-36.75692613110601,#c8102e
66.3077865988434,-36.75642189023588,#c8102e
66.3050214068177,-36.75591713118128,#c8102e
66.3022563094286,-36.75541185395997,#c8102e
66.2994913067731,-36.75490605858967,#c8102e
66.2967263989483,-36.75439974508814,#c8102e
66.2939615860512,-36.75389291347316,#c8102e
66.2911968681790,-36.75338556376254,#c8102e
66.2884322454288,-36.75287769597409,#c8102e
66.2856677178976,-36.75236931012564,#c8102e
66.2829032856825,-36.75186040623505,#c8102e
66.2801389488806,-36.75135098432018,#c8102e
66.2773747075890,-36.75084104439892,#c8102e
66.2746105619047,-36.75033058648919,#c8102e
66.2718465119248,-36.74981961060891,#c8102e
66.2690825577463,-36.74930811677601,#c8102e
66.2663186994664,-36.74879610500847,#c8102e
66.2635549371821,-36.74828357532426,#c8102e
66.2607912709903,-36.74777052774138,#c8102e
66.2580277009883,-36.74725696227784,#c8102e
66.2552642272729,-36.74674287895168,#c8102e
66.2525008499413,-36.74622827778096,#c8102e
66.2497375690905,-36.74571315878374,#c8102e
66.2469743848176,-36.74519752197811,#c8102e
66.2442112972195,-36.74468136738218,#c8102e
66.2414483063933,-36.74416469501407,#c8102e
66.2386854124360,-36.74364750489193,#c8102e
66.2359226154446,-36.74312979703392,#c8102e
66.2331599155162,-36.74261157145822,#c8102e
66.2303973127478,-36.74209282818303,#c8102e
66.2276348072364,-36.74157356722655,#c8102e
66.2248723990789,-36.74105378860704,#c8102e
66.2221100883725,-36.74053349234273,#c8102e
66.2193478752140,-36.74001267845191,#c8102e
66.2165857597005,-36.73949134695286,#c8102e
66.2138237419290,-36.73896949786388,#c8102e
66.2110618219965,-36.73844713120330,#c8102e
66.2083000000000,-36.73792424698946,#c8102e
66.2083000000000,-39.00000000000000,#c8102e
66.0417000000000,-39.00000000000000,#c8102e
66.0417000000000,-36.70538884592992,#c8102e
66.0013111423999,-36.69720603160018,#c8102e
65.9609449178140,-36.68891228809809,#c8102e
65.9206016309119,-36.68050767802181,#c8102e
65.8802815861901,-36.67199226480628,#c8102e
65.8399850879697,-36.66336611272275,#c8102e
65.7997124403939,-36.65462928687828,#c8102e
65.7594639474261,-36.64578185321524,#c8102e
65.7192399128473,-36.63682387851087,#c8102e
65.6790406402540,-36.62775543037671,#c8102e
65.6388664330555,-36.61857657725810,#c8102e
65.5987175944723,-36.60928738843369,#c8102e
65.5585944275331,-36.59988793401490,#c8102e
65.5184972350731,-36.59037828494541,#c8102e
65.4784263197314,-36.58075851300059,#c8102e
65.4383819839485,-36.57102869078698,#c8102e
65.3983645299647,-36.56118889174175,#c8102e
65.3583742598171,-36.55123919013213,#c8102e
65.3184114753377,-36.54117966105485,#c8102e
65.2784764781513,-36.53101038043557,#c8102e
65.2385695696725,-36.52073142502836,#c8102e
65.1986910511042,-36.51034287241500,#c8102e
65.1588412234351,-36.49984480100454,#c8102e
65.1190203874371,-36.48923729003260,#c8102e
65.0792288436635,-36.47852041956082,#c8102e
65.0394668924463,-36.46769427047624,#c8102e
64.9997348338944,-36.45675892449071,#c8102e
64.9600329678908,-36.44571446414025,#c8102e
64.9203615940908,-36.43456097278442,#c8102e
64.8807210119197,-36.42329853460573,#c8102e
64.8411115205700,-36.41192723460899,#c8102e
64.8015334189998,-36.40044715862062,#c8102e
64.7619870059303,-36.38885839328806,#c8102e
64.7224725798434,-36.37716102607911,#c8102e
64.6829904389796,-36.36535514528126,#c8102e
64.6435408813359,-36.35344084000099,#c8102e
64.6041242046631,-36.34141820016315,#c8102e
64.5647407064640,-36.32928731651027,#c8102e
64.5253906839909,-36.31704828060186,#c8102e
64.4860744342436,-36.30470118481369,#c8102e
64.4467922539667,-36.29224612233719,#c8102e
64.4075444396479,-36.27968318717861,#c8102e
64.3683312875155,-36.26701247415843,#c8102e
64.3291530935361,-36.25423407891061,#c8102e
64.2900101534125,-36.24134809788183,#c8102e
64.2509027625813,-36.22835462833078,#c8102e
64.2118312162109,-36.21525376832744,#c8102e
64.1727958091992,-36.20204561675237,#c8102e
64.1337968361713,-36.18873027329589,#c8102e
64.0948345914772,-36.17530783845737,#c8102e
64.0559093691897,-36.16177841354448,#c8102e
64.0170214631025,-36.14814210067239,#c8102e
63.9781711667271,-36.13439900276305,#c8102e
63.9393587732916,-36.12054922354437,#c8102e
63.9005845757378,-36.10659286754944,#c8102e
63.8618488667193,-36.09253004011579,#c8102e
63.8231519385990,-36.07836084738451,#c8102e
63.7844940834475,-36.06408539629953,#c8102e
63.7458755930401,-36.04970379460677,#c8102e
63.7072967588551,-36.03521615085333,#c8102e
63.6687578720716,-36.02062257438668,#c8102e
63.6302592235671,-36.00592317535384,#c8102e
63.5918011039154,-35.99111806470054,#c8102e
63.5533838033845,-35.97620735417037,#c8102e
63.5150076119342,-35.96119115630395,#c8102e
63.4766728192139,-35.94606958443811,#c8102e
63.4383797145609,-35.93084275270495,#c8102e
63.4001285869975,-35.91551077603108,#c8102e
63.3619197252294,-35.90007377013670,#c8102e
63.3237534176431,-35.88453185153471,#c8102e
63.2856299523042,-35.86888513752987,#c8102e
63.2475496169546,-35.85313374621790,#c8102e
63.2095126990110,-35.83727779648457,#c8102e
63.1715194855621,-35.82131740800483,#c8102e
63.1335702633669,-35.80525270124190,#c8102e
63.0956653188524,-35.78908379744635,#c8102e
63.0578049381113,-35.77281081865519,#c8102e
63.0199894069000,-35.75643388769095,#c8102e
62.9822190106364,-35.73995312816076,#c8102e
62.9444940343978,-35.72336866445541,#c8102e
62.9068147629186,-35.70668062174840,#c8102e
62.8691814805881,-35.68988912599502,#c8102e
62.8315944714489,-35.67299430393138,#c8102e
62.7940540191938,-35.65599628307345,#c8102e
62.7565604071648,-35.63889519171613,#c8102e
62.7191139183498,-35.62169115893224,#c8102e
62.6817148353814,-35.60438431457157,#c8102e
62.6443634405344,-35.58697478925990,#c8102e
62.6070600157234,-35.56946271439799,#c8102e
62.5698048425012,-35.55184822216064,#c8102e
62.5325982020562,-35.53413144549562,#c8102e
62.4954403752107,-35.51631251812273,#c8102e
62.4583316424185,-35.49839157453277,#c8102e
62.4212722837628,-35.48036874998650,#c8102e
62.3842625789542,-35.46224418051366,#c8102e
62.3473028073284,-35.44401800291192,#c8102e
62.3103932478445,-35.42569035474583,#c8102e
62.2735341790823,-35.40726137434584,#c8102e
62.2367258792407,-35.38873120080720,#c8102e
62.1999686261355,-35.37009997398891,#c8102e
62.1632626971969,-35.35136783451272,#c8102e
62.1266083694681,-35.33253492376201,#c8102e
62.0900059196025,-35.31360138388074,#c8102e
62.0534556238622,-35.29456735777241,#c8102e
62.0169577581154,-35.27543298909892,#c8102e
61.9805125978350,-35.25619842227954,#c8102e
61.9441204180956,-35.23686380248979,#c8102e
61.9077814935722,-35.21742927566035,#c8102e
61.8714960985379,-35.19789498847599,#c8102e
61.8352645068616,-35.17826108837440,#c8102e
61.7990869920062,-35.15852772354512,#c8102e
61.7629638270264,-35.13869504292843,#c8102e
61.7268952845669,-35.11876319621420,#c8102e
61.6908816368597,-35.09873233384076,#c8102e
61.6549231557229,-35.07860260699378,#c8102e
61.6190201125580,-35.05837416760514,#c8102e
61.5831727783482,-35.03804716835175,#c8102e
61.5473814236561,-35.01762176265441,#c8102e
61.5116463186218,-34.99709810467667,#c8102e
61.4759677329610,-34.97647634932364,#c8102e
61.4403459359626,-34.95575665224083,#c8102e
61.4047811964870,-34.93493916981301,#c8102e
61.3692737829640,-34.91402405916295,#c8102e
61.3338239633906,-34.89301147815032,#c8102e
61.2984320053292,-34.87190158537045,#c8102e
61.2630981759054,-34.85069454015314,#c8102e
61.2278227418062,-34.82939050256147,#c8102e
61.1926059692776,-34.80798963339056,#c8102e
61.1574481241231,-34.78649209416642,#c8102e
61.1223494717014,-34.76489804714465,#c8102e
61.0873102769244,-34.74320765530928,#c8102e
61.0523308042550,-34.72142108237151,#c8102e
61.0174113177058,-34.69953849276847,#c8102e
60.9825520808362,-34.67756005166200,#c8102e
60.9477533567512,-34.65548592493739,#c8102e
60.9130154080989,-34.63331627920214,#c8102e
60.8783384970686,-34.61105128178467,#c8102e
60.8437228853892,-34.58869110073310,#c8102e
60.8091688343267,-34.56623590481396,#c8102e
60.7746766046825,-34.54368586351089,#c8102e
60.7402464567915,-34.52104114702343,#c8102e
60.7058786505198,-34.49830192626568,#c8102e
60.6715734452632,-34.47546837286500,#c8102e
60.6373310999449,-34.45254065916075,#c8102e
60.6031518730138,-34.42951895820300,#c8102e
60.5690360224421,-34.40640344375120,#c8102e
60.5349838057240,-34.38319429027284,#c8102e
60.5009954798733,-34.35989167294218,#c8102e
60.4670713014213,-34.33649576763890,#c8102e
60.4332115264156,-34.31300675094681,#c8102e
60.3994164104174,-34.28942480015249,#c8102e
60.3656862085000,-34.26575009324389,#c8102e
60.3320211752466,-34.24198280890916,#c8102e
60.2984215647488,-34.21812312653508,#c8102e
60.2648876306041,-34.19417122620587,#c8102e
60.2314196259146,-34.17012728870181,#c8102e
60.1980178032845,-34.14599149549777,#c8102e
60.1646824148188,-34.12176402876196,#c8102e
60.1314137121207,-34.09744507135450,#c8102e
60.0982119462904,-34.07303480682605,#c8102e
60.0650773679228,-34.04853341941642,#c8102e
60.0320102271055,-34.02394109405316,#c8102e
59.9990107734175,-33.99925801635025,#c8102e
59.9660792559265,-33.97448437260655,#c8102e
59.9332159231877,-33.94962034980457,#c8102e
59.9004210232416,-33.92466613560887,#c8102e
59.8676948036122,-33.89962191836484,#c8102e
59.8350375113051,-33.87448788709712,#c8102e
59.8024493928057,-33.84926423150823,#c8102e
59.7699306940773,-33.82395114197718,#c8102e
59.7374816605591,-33.79854880955796,#c8102e
59.7051025371648,-33.77305742597817,#c8102e
59.6727935682801,-33.74747718363749,#c8102e
59.6405549977615,-33.72180827560631,#c8102e
59.6083870689339,-33.69605089562422,#c8102e
59.5762900245892,-33.67020523809857,#c8102e
59.5442641069843,-33.64427149810300,#c8102e
59.5123095578390,-33.61824987137593,#c8102e
59.4804266183348,-33.59214055431918,#c8102e
59.4486155291125,-33.56594374399639,#c8102e
59.4168765302706,-33.53965963813154,#c8102e
59.3852098613636,-33.51328843510754,#c8102e
59.3536157614000,-33.48683033396463,#c8102e
59.3220944688406,-33.46028553439898,#c8102e
59.2906462215966,-33.43365423676106,#c8102e
59.2592712570280,-33.40693664205423,#c8102e
59.2279698119417,-33.38013295193323,#c8102e
59.1967421225894,-33.35324336870253,#c8102e
59.1655884246667,-33.32626809531496,#c8102e
59.1345089533101,-33.29920733537008,#c8102e
59.1035039430963,-33.27206129311269,#c8102e
59.0725736280398,-33.24483017343123,#c8102e
59.0417182415915,-33.21751418185632,#c8102e
59.0109380166365,-33.19011352455914,#c8102e
58.9802331854928,-33.16262840834988,#c8102e
58.9496039799093,-33.13505904067623,#c8102e
58.9190506310642,-33.10740562962177,#c8102e
58.8885733695630,-33.07966838390437,#c8102e
58.8581724254371,-33.05184751287472,#c8102e
58.8278480281416,-33.02394322651463,#c8102e
58.7976004065542,-32.99595573543552,#c8102e
58.7674297889729,-32.96788525087681,#c8102e
58.7373364031146,-32.93973198470432,#c8102e
58.7073204761131,-32.91149614940866,#c8102e
58.6773822345179,-32.88317795810369,#c8102e
58.6475219042919,-32.85477762452480,#c8102e
58.6177397108100,-32.82629536302742,#c8102e
58.5880358788574,-32.79773138858529,#c8102e
58.5584106326279,-32.76908591678892,#c8102e
58.5288641957220,-32.74035916384393,#c8102e
58.4993967911454,-32.71155134656942,#c8102e
58.4700086413076,-32.68266268239632,#c8102e
58.4406999680195,-32.65369338936578,#c8102e
58.4114709924923,-32.62464368612750,#c8102e
58.3823219353359,-32.59551379193807,#c8102e
58.3532530165565,-32.56630392665939,#c8102e
58.3242644555560,-32.53701431075687,#c8102e
58.2953564711294,-32.50764516529792,#c8102e
58.2665292814637,-32.47819671195017,#c8102e
58.2377831041360,-32.44866917297985,#c8102e
58.2091181561121,-32.41906277125010,#c8102e
58.1805346537445,-32.38937773021927,#c8102e
58.1520328127712,-32.35961427393929,#c8102e
58.1236128483137,-32.32977262705391,#c8102e
58.0952749748755,-32.29985301479704,#c8102e
58.0670194063407,-32.26985566299104,#c8102e
58.0388463559720,-32.23978079804503,#c8102e
58.0107560364094,-32.20962864695316,#c8102e
57.9827486596683,-32.17939943729292,#c8102e
57.9548244371383,-32.14909339722340,#c8102e
57.9269835795814,-32.11871075548358,#c8102e
57.8992262971300,-32.08825174139061,#c8102e
57.8715527992863,-32.05771658483805,#c8102e
57.8439632949195,-32.02710551629420,#c8102e
57.8164579922654,-31.99641876680025,#c8102e
57.7890370989240,-31.96565656796866,#c8102e
57.7617008218581,-31.93481915198132,#c8102e
57.7344493673921,-31.90390675158786,#c8102e
57.7072829412101,-31.87291960010383,#c8102e
57.6802017483543,-31.84185793140901,#c8102e
57.6532059932238,-31.81072197994559,#c8102e
57.6262958795727,-31.77951198071641,#c8102e
57.5994716105089,-31.74822816928322,#c8102e
57.5727333884920,-31.71687078176485,#c8102e
57.5460814153326,-31.68544005483548,#c8102e
57.5195158921901,-31.65393622572282,#c8102e
57.4930370195712,-31.62235953220632,#c8102e
57.4666449973291,-31.59071021261542,#c8102e
57.4403400246610,-31.55898850582765,#c8102e
57.4141223001073,-31.52719465126695,#c8102e
57.3879920215500,-31.49532888890178,#c8102e
57.3619493862108,-31.46339145924335,#c8102e
57.3359945906501,-31.43138260334376,#c8102e
57.3101278307652,-31.39930256279424,#c8102e
57.2843493017892,-31.36715157972328,#c8102e
57.2586591982889,-31.33492989679482,#c8102e
57.2330577141639,-31.30263775720642,#c8102e
57.2075450426450,-31.27027540468742,#c8102e
57.1821213762924,-31.23784308349709,#c8102e
57.1567869069949,-31.20534103842283,#c8102e
57.1315418259677,-31.17276951477825,#c8102e
57.1063863237516,-31.14012875840139,#c8102e
57.0813205902111,-31.10741901565282,#c8102e
57.0563448145334,-31.07464053341379,#c8102e
57.0314591852265,-31.04179355908439,#c8102e
57.0066638901180,-31.00887834058164,#c8102e
56.9819591163539,-30.97589512633765,#c8102e
56.9573450503969,-30.94284416529776,#c8102e
56.9328218780249,-30.90972570691860,#c8102e
56.9083897843300,-30.87654000116627,#c8102e
56.8840489537167,-30.84328729851441,#c8102e
56.8597995699008,-30.80996784994236,#c8102e
56.8356418159077,-30.77658190693320,#c8102e
56.8115758740716,-30.74312972147191,#c8102e
56.7876019260332,-30.70961154604343,#c8102e
56.7637201527394,-30.67602763363077,#c8102e
56.7399307344411,-30.64237823771311,#c8102e
56.7162338506920,-30.60866361226386,#c8102e
56.6926296803478,-30.57488401174876,#c8102e
56.6691184015641,-30.54103969112398,#c8102e
56.6457001917955,-30.50713090583415,#c8102e
56.6223752277942,-30.47315791181046,#c8102e
56.5991436856084,-30.43912096546873,#c8102e
56.5760057405815,-30.40502032370747,#c8102e
56.5529615673502,-30.37085624390594,#c8102e
56.5300113398436,-30.33662898392220,#c8102e
56.5071552312817,-30.30233880209117,#c8102e
56.4843934141741,-30.26798595722269,#c8102e
56.4617260603187,-30.23357070859957,#c8102e
56.4391533408004,-30.19909331597558,#c8102e
56.4166754259900,-30.16455403957357,#c8102e
56.3942924855426,-30.12995314008345,#c8102e
56.3720046883965,-30.09529087866024,#c8102e
56.3498122027718,-30.06056751692210,#c8102e
56.3277151961695,-30.02578331694833,#c8102e
56.3057138353696,-29.99093854127748,#c8102e
56.2838082864305,-29.95603345290522,#c8102e
56.2619987146873,-29.92106831528250,#c8102e
56.2402852847507,-29.88604339231347,#c8102e
56.2186681605058,-29.85095894835352,#c8102e
56.1971475051108,-29.81581524820729,#c8102e
56.1757234809958,-29.78061255712668,#c8102e
56.1543962498615,-29.74535114080879,#c8102e
56.1331659726782,-29.71003126539400,#c8102e
56.1120328096842,-29.67465319746389,#c8102e
56.0909969203850,-29.63921720403927,#c8102e
56.0700584635518,-29.60372355257814,#c8102e
56.0492175972205,-29.56817251097369,#c8102e
56.0284744786905,-29.53256434755228,#c8102e
56.0078292645231,-29.49689933107138,#c8102e
55.9872821105411,-29.46117773071759,#c8102e
55.9668331718268,-29.42539981610456,#c8102e
55.9464826027214,-29.38956585727100,#c8102e
55.9262305568236,-29.35367612467861,#c8102e
55.9060771869886,-29.31773088921006,#c8102e
55.8860226453265,-29.28173042216693,#c8102e
55.8660670832019,-29.24567499526767,#c8102e
55.8462106512320,-29.20956488064554,#c8102e
55.8264534992860,-29.17340035084657,#c8102e
55.8067957764837,-29.13718167882750,#c8102e
55.7872376311944,-29.10090913795370,#c8102e
55.7677792110359,-29.06458300199713,#c8102e
55.7484206628734,-29.02820354513428,#c8102e
55.7291621328180,-28.99177104194407,#c8102e
55.7100037662262,-28.95528576740580,#c8102e
55.6909457076984,-28.91874799689708,#c8102e
55.6719881010778,-28.88215800619171,#c8102e
55.6531310894497,-28.84551607145766,#c8102e
55.6343748151398,-28.80882246925494,#c8102e
55.6157194197138,-28.77207747653354,#c8102e
55.5971650439757,-28.73528137063130,#c8102e
55.5787118279673,-28.69843442927187,#c8102e
55.5603599109667,-28.66153693056258,#c8102e
55.5421094314876,-28.62458915299234,#c8102e
55.5239605272778,-28.58759137542957,#c8102e
55.5059133353189,-28.55054387712004,#c8102e
55.4879679918243,-28.51344693768482,#c8102e
55.4701246322391,-28.47630083711812,#c8102e
55.4523833912384,-28.43910585578523,#c8102e
55.4347444027267,-28.40186227442035,#c8102e
55.4172077998367,-28.36457037412449,#c8102e
55.3997737149282,-28.32723043636339,#c8102e
55.3824422795875,-28.28984274296533,#c8102e
55.3652136246258,-28.25240757611903,#c8102e
55.3480878800789,-28.21492521837155,#c8102e
55.3310651752055,-28.17739595262608,#c8102e
55.3141456384870,-28.13982006213991,#c8102e
55.2973293976258,-28.10219783052221,#c8102e
55.2806165795448,-28.06452954173190,#c8102e
55.2640073103863,-28.02681548007557,#c8102e
55.2475017155110,-27.98905593020523,#c8102e
55.2310999194971,-27.95125117711626,#c8102e
55.2148020461395,-27.91340150614520,#c8102e
55.1986082184486,-27.87550720296762,#c8102e
55.1825185586494,-27.83756855359595,#c8102e
55.1665331881810,-27.79958584437734,#c8102e
55.1506522276950,-27.76155936199149,#c8102e
55.1348757970553,-27.72348939344845,#c8102e
55.1192040153365,-27.68537622608654,#c8102e
55.1036370008236,-27.64722014757009,#c8102e
55.0881748710108,-27.60902144588732,#c8102e
55.0728177426005,-27.57078040934816,#c8102e
55.0575657315029,-27.53249732658206,#c8102e
55.0424189528345,-27.49417248653582,#c8102e
55.0273775209178,-27.45580617847142,#c8102e
55.0124415492800,-27.41739869196380,#c8102e
54.9976111506524,-27.37895031689874,#c8102e
54.9828864369694,-27.34046134347058,#c8102e
54.9682675193679,-27.30193206218013,#c8102e
54.9537545081861,-27.26336276383241,#c8102e
54.9393475129630,-27.22475373953447,#c8102e
54.9250466424373,-27.18610528069320,#c8102e
54.9108520045468,-27.14741767901312,#c8102e
54.8967637064275,-27.10869122649421,#c8102e
54.8827818544127,-27.06992621542965,#c8102e
54.8689065540324,-27.03112293840367,#c8102e
54.8551379100123,-26.99228168828932,#c8102e
54.8414760262731,-26.95340275824623,#c8102e
54.8279210059298,-26.91448644171845,#c8102e
54.8144729512907,-26.87553303243219,#c8102e
54.8011319638569,-26.83654282439365,#c8102e
54.7878981443213,-26.79751611188675,#c8102e
54.7747715925679,-26.75845318947093,#c8102e
54.7617524076712,-26.71935435197896,#c8102e
54.7488406878953,-26.68021989451464,#c8102e
54.7360365306931,-26.64105011245065,#c8102e
54.7233400327058,-26.60184530142628,#c8102e
54.7107512897619,-26.56260575734520,#c8102e
54.6982703968767,-26.52333177637322,#c8102e
54.6858974482515,-26.48402365493610,#c8102e
54.6736325372727,-26.44468168971727,#c8102e
54.6614757565114,-26.40530617765557,#c8102e
54.6494271977227,-26.36589741594307,#c8102e
54.6374869518446,-26.32645570202279,#c8102e
54.6256551089978,-26.28698133358647,#c8102e
54.6139317584847,-26.24747460857228,#c8102e
54.6023169887890,-26.20793582516264,#c8102e
54.5908108875747,-26.16836528178194,#c8102e
54.5794135416857,-26.12876327709424,#c8102e
54.5681250371450,-26.08913011000111,#c8102e
54.5569454591541,-26.04946607963929,#c8102e
54.5458748920924,-26.00977148537848,#c8102e
54.5349134195165,-25.97004662681903,#c8102e
54.5240611241598,-25.93029180378978,#c8102e
54.5133180879312,-25.89050731634567,#c8102e
54.5026843919155,-25.85069346476556,#c8102e
54.4921601163717,-25.81085054954995,#c8102e
54.4817453407335,-25.77097887141869,#c8102e
54.4714401436076,-25.73107873130871,#c8102e
54.4612446027741,-25.69115043037179,#c8102e
54.4511587951850,-25.65119426997224,#c8102e
54.4411827969645,-25.61121055168463,#c8102e
54.4313166834078,-25.57119957729155,#c8102e
54.4215605289806,-25.53116164878130,#c8102e
54.4119144073189,-25.49109706834563,#c8102e
54.4023783912282,-25.45100613837743,#c8102e
54.3929525526828,-25.41088916146847,#c8102e
54.3836369628254,-25.37074644040713,#c8102e
54.3744316919669,-25.33057827817609,#c8102e
54.3653368095852,-25.29038497795003,#c8102e
54.3563523843253,-25.25016684309340,#c8102e
54.3474784839982,-25.20992417715807,#c8102e
54.3387151755810,-25.16965728388104,#c8102e
54.3300625252159,-25.12936646718222,#c8102e
54.3215205982100,-25.08905203116205,#c8102e
54.3130894590347,-25.04871428009925,#c8102e
54.3047691713251,-25.00835351844851,#c8102e
54.2965597978797,-24.96797005083820,#c8102e
54.2884614006600,-24.92756418206807,#c8102e
54.2804740407896,-24.88713621710693,#c8102e
54.2725977785543,-24.84668646109037,#c8102e
54.2648326734012,-24.80621521931847,#c8102e
54.2571787839385,-24.76572279725345,#c8102e
54.2496361679351,-24.72520950051740,#c8102e
54.2422048823197,-24.68467563488999,#c8102e
54.2348849831811,-24.64412150630610,#c8102e
54.2276765257673,-24.60354742085354,#c8102e
54.2205795644850,-24.56295368477080,#c8102e
54.2135941528994,-24.52234060444464,#c8102e
54.2067203437341,-24.48170848640784,#c8102e
54.1999581888699,-24.44105763733686,#c8102e
54.1933077393452,-24.40038836404956,#c8102e
54.1867690453551,-24.35970097350283,#c8102e
54.1803421562514,-24.31899577279030,#c8102e
54.1740271205418,-24.27827306914007,#c8102e
54.1678239858899,-24.23753316991230,#c8102e
54.1617327991148,-24.19677638259694,#c8102e
54.1557536061906,-24.15600301481142,#c8102e
54.1498864522459,-24.11521337429833,#c8102e
54.1441313815640,-24.07440776892303,#c8102e
54.1384884375820,-24.03358650667142,#c8102e
54.1329576628908,-23.99274989564757,#c8102e
54.1275390992348,-23.95189824407137,#c8102e
54.1222327875111,-23.91103186027624,#c8102e
54.1170387677701,-23.87015105270683,#c8102e
54.1119570792141,-23.82925612991660,#c8102e
54.1069877601981,-23.78834740056558,#c8102e
54.1021308482285,-23.74742517341800,#c8102e
54.0973863799636,-23.70648975733997,#c8102e
54.0927543912130,-23.66554146129712,#c8102e
54.0882349169371,-23.62458059435234,#c8102e
54.0838279912474,-23.58360746566337,#c8102e
54.0795336474057,-23.54262238448049,#c8102e
54.0753519178241,-23.50162566014421,#c8102e
54.0712828340649,-23.46061760208291,#c8102e
54.0673264268400,-23.41959851981052,#c8102e
54.0634827260109,-23.37856872292418,#c8102e
54.0597517605885,-23.33752852110187,#c8102e
54.0561335587327,-23.29647822410016,#c8102e
54.0526281477525,-23.25541814175175,#c8102e
54.0492355541054,-23.21434858396324,#c8102e
54.0459558033974,-23.17326986071273,#c8102e
54.0427889203830,-23.13218228204751,#c8102e
54.0397349289646,-23.09108615808168,#c8102e
54.0367938521926,-23.04998179899387,#c8102e
54.0339657122652,-23.00886951502485,#c8102e
54.0312505305282,-22.96774961647520,#c8102e
54.0286483274748,-22.92662241370298,#c8102e
54.0261591227455,-22.88548821712138,#c8102e
54.0237829351278,-22.84434733719638,#c8102e
54.0215197825564,-22.80320008444438,#c8102e
54.0193696821128,-22.76204676942990,#c8102e
54.0173326500251,-22.72088770276323,#c8102e
54.0154087016680,-22.67972319509803,#c8102e
54.0135978515630,-22.63855355712907,#c8102e
54.0119001133775,-22.59737909958982,#c8102e
54.0103154999255,-22.55620013325012,#c8102e
54.0088440231672,-22.51501696891385,#c8102e
54.0074856942086,-22.47382991741658,#c8102e
54.0062405233019,-22.43263928962322,#c8102e
54.0051085198453,-22.39144539642566,#c8102e
54.0040896923826,-22.35024854874043,#c8102e
54.0031840486037,-22.30904905750639,#c8102e
54.0023915953440,-22.26784723368232,#c8102e
54.0017123385846,-22.22664338824463,#c8102e
54.0011462834524,-22.18543783218497,#c8102e
54.0006934342196,-22.14423087650792,#c8102e
54.0003537943044,-22.10302283222860,#c8102e
54.0001273662700,-22.06181401037037,#c8102e
54.0000141518256,-22.02060472196244,#c8102e
54.0000141518256,-21.97939527803755,#c8102e
54.0001273662700,-21.93818598962962,#c8102e
54.0003537943044,-21.89697716777139,#c8102e
54.0006934342196,-21.85576912349208,#c8102e
54.0011462834524,-21.81456216781502,#c8102e
54.0017123385846,-21.77335661175536,#c8102e
54.0023915953440,-21.73215276631768,#c8102e
54.0031840486037,-21.69095094249361,#c8102e
54.0040896923826,-21.64975145125956,#c8102e
54.0051085198453,-21.60855460357434,#c8102e
54.0062405233019,-21.56736071037677,#c8102e
54.0074856942086,-21.52617008258341,#c8102e
54.0088440231672,-21.48498303108614,#c8102e
54.0103154999255,-21.44379986674988,#c8102e
54.0119001133775,-21.40262090041018,#c8102e
54.0135978515630,-21.36144644287092,#c8102e
54.0154087016680,-21.32027680490197,#c8102e
54.0173326500251,-21.27911229723677,#c8102e
54.0193696821128,-21.23795323057009,#c8102e
54.0215197825564,-21.19679991555562,#c8102e
54.0237829351278,-21.15565266280363,#c8102e
54.0261591227455,-21.11451178287861,#c8102e
54.0286483274748,-21.07337758629701,#c8102e
54.0312505305282,-21.03225038352480,#c8102e
54.0339657122652,-20.99113048497515,#c8102e
54.0367938521926,-20.95001820100612,#c8102e
54.0397349289646,-20.90891384191832,#c8102e
54.0427889203830,-20.86781771795249,#c8102e
54.0459558033974,-20.82673013928726,#c8102e
54.0492355541054,-20.78565141603676,#c8102e
54.0526281477525,-20.74458185824825,#c8102e
54.0561335587327,-20.70352177589984,#c8102e
54.0597517605885,-20.66247147889812,#c8102e
54.0634827260109,-20.62143127707582,#c8102e
54.0673264268400,-20.58040148018947,#c8102e
54.0712828340649,-20.53938239791708,#c8102e
54.0753519178241,-20.49837433985579,#c8102e
54.0795336474057,-20.45737761551951,#c8102e
54.0838279912474,-20.41639253433662,#c8102e
54.0882349169371,-20.37541940564765,#c8102e
54.0927543912130,-20.33445853870287,#c8102e
54.0973863799636,-20.29351024266003,#c8102e
54.1021308482285,-20.25257482658199,#c8102e
54.1069877601981,-20.21165259943441,#c8102e
54.1119570792141,-20.17074387008339,#c8102e
54.1170387677701,-20.12984894729316,#c8102e
54.1222327875111,-20.08896813972375,#c8102e
54.1275390992348,-20.04810175592863,#c8102e
54.1329576628908,-20.00725010435243,#c8102e
54.1384884375820,-19.96641349332857,#c8102e
54.1441313815640,-19.92559223107697,#c8102e
54.1498864522459,-19.88478662570167,#c8102e
54.1557536061906,-19.84399698518857,#c8102e
54.1617327991148,-19.80322361740306,#c8102e
54.1678239858899,-19.76246683008770,#c8102e
54.1740271205418,-19.72172693085992,#c8102e
54.1803421562514,-19.68100422720969,#c8102e
54.1867690453551,-19.64029902649717,#c8102e
54.1933077393452,-19.59961163595043,#c8102e
54.1999581888699,-19.55894236266313,#c8102e
54.2067203437341,-19.51829151359216,#c8102e
54.2135941528994,-19.47765939555536,#c8102e
54.2205795644850,-19.43704631522919,#c8102e
54.2276765257673,-19.39645257914646,#c8102e
54.2348849831811,-19.35587849369391,#c8102e
54.2422048823197,-19.31532436511000,#c8102e
54.2496361679351,-19.27479049948258,#c8102e
54.2571787839385,-19.23427720274655,#c8102e
54.2648326734012,-19.19378478068153,#c8102e
54.2725977785543,-19.15331353890962,#c8102e
54.2804740407896,-19.11286378289307,#c8102e
54.2884614006600,-19.07243581793193,#c8102e
54.2965597978797,-19.03202994916179,#c8102e
54.3047691713251,-18.99164648155148,#c8102e
54.3130894590347,-18.95128571990075,#c8102e
54.3215205982100,-18.91094796883794,#c8102e
54.3300625252159,-18.87063353281777,#c8102e
54.3387151755810,-18.83034271611896,#c8102e
54.3474784839982,-18.79007582284193,#c8102e
54.3563523843253,-18.74983315690659,#c8102e
54.3653368095852,-18.70961502204996,#c8102e
54.3744316919669,-18.66942172182391,#c8102e
54.3836369628254,-18.62925355959286,#c8102e
54.3929525526828,-18.58911083853152,#c8102e
54.4023783912282,-18.54899386162257,#c8102e
54.4119144073189,-18.50890293165437,#c8102e
54.4215605289806,-18.46883835121869,#c8102e
54.4313166834078,-18.42880042270845,#c8102e
54.4411827969645,-18.38878944831537,#c8102e
54.4511587951850,-18.34880573002776,#c8102e
54.4612446027741,-18.30884956962820,#c8102e
54.4714401436076,-18.26892126869128,#c8102e
54.4817453407335,-18.22902112858131,#c8102e
54.4921601163717,-18.18914945045004,#c8102e
54.5026843919155,-18.14930653523443,#c8102e
54.5133180879312,-18.10949268365433,#c8102e
54.5240611241598,-18.06970819621021,#c8102e
54.5349134195165,-18.02995337318096,#c8102e
54.5458748920924,-17.99022851462153,#c8102e
54.5569454591541,-17.95053392036071,#c8102e
54.5681250371450,-17.91086988999888,#c8102e
54.5794135416857,-17.87123672290575,#c8102e
54.5908108875747,-17.83163471821806,#c8102e
54.6023169887890,-17.79206417483735,#c8102e
54.6139317584847,-17.75252539142772,#c8102e
54.6256551089978,-17.71301866641354,#c8102e
54.6374869518446,-17.67354429797720,#c8102e
54.6494271977227,-17.63410258405693,#c8102e
54.6614757565114,-17.59469382234443,#c8102e
54.6736325372727,-17.55531831028273,#c8102e
54.6858974482515,-17.51597634506389,#c8102e
54.6982703968767,-17.47666822362677,#c8102e
54.7107512897619,-17.43739424265480,#c8102e
54.7233400327058,-17.39815469857371,#c8102e
54.7360365306931,-17.35894988754935,#c8102e
54.7488406878953,-17.31978010548536,#c8102e
54.7617524076712,-17.28064564802104,#c8102e
54.7747715925679,-17.24154681052906,#c8102e
54.7878981443213,-17.20248388811325,#c8102e
54.8011319638569,-17.16345717560634,#c8102e
54.8144729512907,-17.12446696756780,#c8102e
54.8279210059298,-17.08551355828155,#c8102e
54.8414760262731,-17.04659724175377,#c8102e
54.8551379100123,-17.00771831171067,#c8102e
54.8689065540324,-16.96887706159632,#c8102e
54.8827818544127,-16.93007378457035,#c8102e
54.8967637064275,-16.89130877350579,#c8102e
54.9108520045468,-16.85258232098687,#c8102e
54.9250466424373,-16.81389471930680,#c8102e
54.9393475129630,-16.77524626046552,#c8102e
54.9537545081861,-16.73663723616757,#c8102e
54.9682675193679,-16.69806793781986,#c8102e
54.9828864369694,-16.65953865652941,#c8102e
54.9976111506524,-16.62104968310126,#c8102e
55.0124415492800,-16.58260130803619,#c8102e
55.0273775209178,-16.54419382152858,#c8102e
55.0424189528345,-16.50582751346417,#c8102e
55.0575657315029,-16.46750267341793,#c8102e
55.0728177426005,-16.42921959065184,#c8102e
55.0881748710108,-16.39097855411268,#c8102e
55.1036370008236,-16.35277985242991,#c8102e
55.1192040153365,-16.31462377391345,#c8102e
55.1348757970553,-16.27651060655155,#c8102e
55.1506522276950,-16.23844063800851,#c8102e
55.1665331881810,-16.20041415562265,#c8102e
55.1825185586494,-16.16243144640405,#c8102e
55.1986082184486,-16.12449279703238,#c8102e
55.2148020461395,-16.08659849385479,#c8102e
55.2310999194971,-16.04874882288374,#c8102e
55.2475017155110,-16.01094406979477,#c8102e
55.2640073103863,-15.97318451992443,#c8102e
55.2806165795448,-15.93547045826809,#c8102e
55.2973293976258,-15.89780216947779,#c8102e
55.3141456384870,-15.86017993786008,#c8102e
55.3310651752055,-15.82260404737391,#c8102e
55.3480878800789,-15.78507478162845,#c8102e
55.3652136246258,-15.74759242388097,#c8102e
55.3824422795875,-15.71015725703467,#c8102e
55.3997737149282,-15.67276956363660,#c8102e
55.4172077998367,-15.63542962587551,#c8102e
55.4347444027267,-15.59813772557965,#c8102e
55.4523833912384,-15.56089414421477,#c8102e
55.4701246322391,-15.52369916288188,#c8102e
55.4879679918243,-15.48655306231518,#c8102e
55.5059133353189,-15.44945612287995,#c8102e
55.5239605272778,-15.41240862457042,#c8102e
55.5421094314876,-15.37541084700765,#c8102e
55.5603599109667,-15.33846306943742,#c8102e
55.5787118279673,-15.30156557072813,#c8102e
55.5971650439757,-15.26471862936870,#c8102e
55.6157194197138,-15.22792252346646,#c8102e
55.6343748151398,-15.19117753074505,#c8102e
55.6531310894497,-15.15448392854233,#c8102e
55.6719881010778,-15.11784199380829,#c8102e
55.6909457076984,-15.08125200310292,#c8102e
55.7100037662262,-15.04471423259419,#c8102e
55.7291621328180,-15.00822895805592,#c8102e
55.7484206628734,-14.97179645486571,#c8102e
55.7677792110359,-14.93541699800286,#c8102e
55.7872376311944,-14.89909086204630,#c8102e
55.8067957764837,-14.86281832117250,#c8102e
55.8264534992860,-14.82659964915342,#c8102e
55.8462106512320,-14.79043511935446,#c8102e
55.8660670832019,-14.75432500473233,#c8102e
55.8860226453265,-14.71826957783306,#c8102e
55.9060771869886,-14.68226911078993,#c8102e
55.9262305568236,-14.64632387532139,#c8102e
55.9464826027214,-14.61043414272900,#c8102e
55.9668331718268,-14.57460018389544,#c8102e
55.9872821105411,-14.53882226928241,#c8102e
56.0078292645231,-14.50310066892862,#c8102e
56.0284744786905,-14.46743565244772,#c8102e
56.0492175972205,-14.43182748902630,#c8102e
56.0700584635518,-14.39627644742186,#c8102e
56.0909969203850,-14.36078279596073,#c8102e
56.1120328096842,-14.32534680253611,#c8102e
56.1331659726782,-14.28996873460600,#c8102e
56.1543962498615,-14.25464885919120,#c8102e
56.1757234809958,-14.21938744287332,#c8102e
56.1971475051108,-14.18418475179270,#c8102e
56.2186681605058,-14.14904105164648,#c8102e
56.2402852847507,-14.11395660768653,#c8102e
56.2619987146873,-14.07893168471749,#c8102e
56.2838082864305,-14.04396654709477,#c8102e
56.3057138353696,-14.00906145872252,#c8102e
56.3277151961695,-13.97421668305165,#c8102e
56.3498122027718,-13.93943248307790,#c8102e
56.3720046883965,-13.90470912133976,#c8102e
56.3942924855426,-13.87004685991655,#c8102e
56.4166754259900,-13.83544596042643,#c8102e
56.4391533408004,-13.80090668402442,#c8102e
56.4617260603187,-13.76642929140043,#c8102e
56.4843934141741,-13.73201404277730,#c8102e
56.5071552312817,-13.69766119790883,#c8102e
56.5300113398436,-13.66337101607780,#c8102e
56.5529615673502,-13.62914375609405,#c8102e
56.5760057405815,-13.59497967629252,#c8102e
56.5991436856084,-13.56087903453127,#c8102e
56.6223752277942,-13.52684208818954,#c8102e
56.6457001917955,-13.49286909416585,#c8102e
56.6691184015641,-13.45896030887602,#c8102e
56.6926296803478,-13.42511598825123,#c8102e
56.7162338506920,-13.39133638773614,#c8102e
56.7399307344411,-13.35762176228689,#c8102e
56.7637201527394,-13.32397236636923,#c8102e
56.7876019260332,-13.29038845395656,#c8102e
56.8115758740716,-13.25687027852808,#c8102e
56.8356418159077,-13.22341809306679,#c8102e
56.8597995699008,-13.19003215005764,#c8102e
56.8840489537167,-13.15671270148558,#c8102e
56.9083897843300,-13.12345999883373,#c8102e
56.9328218780249,-13.09027429308140,#c8102e
56.9573450503969,-13.05715583470224,#c8102e
56.9819591163540,-13.02410487366234,#c8102e
57.0066638901180,-12.99112165941836,#c8102e
57.0314591852265,-12.95820644091561,#c8102e
57.0563448145334,-12.92535946658621,#c8102e
57.0813205902111,-12.89258098434718,#c8102e
57.1063863237516,-12.85987124159861,#c8102e
57.1315418259677,-12.82723048522175,#c8102e
57.1567869069949,-12.79465896157717,#c8102e
57.1821213762924,-12.76215691650290,#c8102e
57.2075450426450,-12.72972459531258,#c8102e
57.2330577141639,-12.69736224279358,#c8102e
57.2586591982889,-12.66507010320518,#c8102e
57.2843493017892,-12.63284842027671,#c8102e
57.3101278307652,-12.60069743720575,#c8102e
57.3359945906501,-12.56861739665623,#c8102e
57.3619493862108,-12.53660854075665,#c8102e
57.3879920215500,-12.50467111109821,#c8102e
57.4141223001073,-12.47280534873305,#c8102e
57.4403400246610,-12.44101149417234,#c8102e
57.4666449973291,-12.40928978738458,#c8102e
57.4930370195712,-12.37764046779367,#c8102e
57.5195158921901,-12.34606377427718,#c8102e
57.5460814153326,-12.31455994516452,#c8102e
57.5727333884920,-12.28312921823515,#c8102e
57.5994716105089,-12.25177183071678,#c8102e
57.6262958795727,-12.22048801928359,#c8102e
57.6532059932238,-12.18927802005441,#c8102e
57.6802017483543,-12.15814206859098,#c8102e
57.7072829412101,-12.12708039989616,#c8102e
57.7344493673921,-12.09609324841214,#c8102e
57.7617008218581,-12.06518084801867,#c8102e
57.7890370989240,-12.03434343203134,#c8102e
57.8164579922654,-12.00358123319974,#c8102e
57.8439632949195,-11.97289448370580,#c8102e
57.8715527992863,-11.94228341516194,#c8102e
57.8992262971300,-11.91174825860938,#c8102e
57.9269835795814,-11.88128924451641,#c8102e
57.9548244371383,-11.85090660277660,#c8102e
57.9827486596683,-11.82060056270708,#c8102e
58.0107560364094,-11.79037135304683,#c8102e
58.0388463559720,-11.76021920195497,#c8102e
58.0670194063407,-11.73014433700895,#c8102e
58.0952749748755,-11.70014698520295,#c8102e
58.1236128483137,-11.67022737294608,#c8102e
58.1520328127712,-11.64038572606070,#c8102e
58.1805346537445,-11.61062226978072,#c8102e
58.2091181561121,-11.58093722874990,#c8102e
58.2377831041360,-11.55133082702015,#c8102e
58.2665292814637,-11.52180328804983,#c8102e
58.2953564711294,-11.49235483470208,#c8102e
58.3242644555560,-11.46298568924312,#c8102e
58.3532530165565,-11.43369607334061,#c8102e
58.3823219353359,-11.40448620806192,#c8102e
58.4114709924923,-11.37535631387250,#c8102e
58.4406999680195,-11.34630661063422,#c8102e
58.4700086413076,-11.31733731760368,#c8102e
58.4993967911454,-11.28844865343057,#c8102e
58.5288641957220,-11.25964083615606,#c8102e
58.5584106326279,-11.23091408321107,#c8102e
58.5880358788574,-11.20226861141470,#c8102e
58.6177397108100,-11.17370463697258,#c8102e
58.6475219042919,-11.14522237547519,#c8102e
58.6773822345179,-11.11682204189631,#c8102e
58.7073204761131,-11.08850385059133,#c8102e
58.7373364031146,-11.06026801529568,#c8102e
58.7674297889729,-11.03211474912319,#c8102e
58.7976004065542,-11.00404426456448,#c8102e
58.8278480281416,-10.97605677348537,#c8102e
58.8581724254371,-10.94815248712528,#c8102e
58.8885733695630,-10.92033161609563,#c8102e
58.9190506310642,-10.89259437037823,#c8102e
58.9496039799093,-10.86494095932376,#c8102e
58.9802331854928,-10.83737159165012,#c8102e
59.0109380166365,-10.80988647544086,#c8102e
59.0417182415915,-10.78248581814368,#c8102e
59.0725736280398,-10.75516982656876,#c8102e
59.1035039430963,-10.72793870688731,#c8102e
59.1345089533101,-10.70079266462991,#c8102e
59.1655884246667,-10.67373190468503,#c8102e
59.1967421225895,-10.64675663129747,#c8102e
59.2279698119417,-10.61986704806677,#c8102e
59.2592712570280,-10.59306335794576,#c8102e
59.2906462215966,-10.56634576323894,#c8102e
59.3220944688406,-10.53971446560103,#c8102e
59.3536157614000,-10.51316966603537,#c8102e
59.3852098613636,-10.48671156489246,#c8102e
59.4168765302706,-10.46034036186846,#c8102e
59.4486155291125,-10.43405625600361,#c8102e
59.4804266183348,-10.40785944568081,#c8102e
59.5123095578390,-10.38175012862407,#c8102e
59.5442641069842,-10.35572850189701,#c8102e
59.5762900245892,-10.32979476190144,#c8102e
59.6083870689339,-10.30394910437578,#c8102e
59.6405549977615,-10.27819172439368,#c8102e
59.6727935682801,-10.25252281636250,#c8102e
59.7051025371648,-10.22694257402183,#c8102e
59.7374816605591,-10.20145119044204,#c8102e
59.7699306940773,-10.17604885802283,#c8102e
59.8024493928057,-10.15073576849177,#c8102e
59.8350375113051,-10.12551211290288,#c8102e
59.8676948036122,-10.10037808163515,#c8102e
59.9004210232416,-10.07533386439112,#c8102e
59.9332159231877,-10.05037965019543,#c8102e
59.9660792559265,-10.02551562739344,#c8102e
59.9990107734175,-10.00074198364975,#c8102e
60.0320102271056, -9.97605890594683,#c8102e
60.0650773679228, -9.95146658058358,#c8102e
60.0982119462904, -9.92696519317394,#c8102e
60.1314137121207, -9.90255492864549,#c8102e
60.1646824148188, -9.87823597123804,#c8102e
60.1980178032845, -9.85400850450223,#c8102e
60.2314196259146, -9.82987271129820,#c8102e
60.2648876306041, -9.80582877379412,#c8102e
60.2984215647488, -9.78187687346492,#c8102e
60.3320211752466, -9.75801719109084,#c8102e
60.3656862085000, -9.73424990675610,#c8102e
60.3994164104174, -9.71057519984751,#c8102e
60.4332115264156, -9.68699324905318,#c8102e
60.4670713014213, -9.66350423236110,#c8102e
60.5009954798733, -9.64010832705782,#c8102e
60.5349838057241, -9.61680570972716,#c8102e
60.5690360224421, -9.59359655624879,#c8102e
60.6031518730138, -9.57048104179698,#c8102e
60.6373310999449, -9.54745934083925,#c8102e
60.6715734452632, -9.52453162713501,#c8102e
60.7058786505198, -9.50169807373433,#c8102e
60.7402464567915, -9.47895885297656,#c8102e
60.7746766046825, -9.45631413648910,#c8102e
60.8091688343267, -9.43376409518604,#c8102e
60.8437228853892, -9.41130889926689,#c8102e
60.8783384970686, -9.38894871821533,#c8102e
60.9130154080989, -9.36668372079786,#c8102e
60.9477533567512, -9.34451407506260,#c8102e
60.9825520808362, -9.32243994833800,#c8102e
61.0174113177058, -9.30046150723153,#c8102e
61.0523308042550, -9.27857891762849,#c8102e
61.0873102769244, -9.25679234469072,#c8102e
61.1223494717014, -9.23510195285535,#c8102e
61.1574481241231, -9.21350790583358,#c8102e
61.1926059692776, -9.19201036660943,#c8102e
61.2278227418062, -9.17060949743853,#c8102e
61.2630981759054, -9.14930545984685,#c8102e
61.2984320053292, -9.12809841462954,#c8102e
61.3338239633906, -9.10698852184968,#c8102e
61.3692737829640, -9.08597594083705,#c8102e
61.4047811964870, -9.06506083018700,#c8102e
61.4403459359626, -9.04424334775916,#c8102e
61.4759677329610, -9.02352365067636,#c8102e
61.5116463186218, -9.00290189532332,#c8102e
61.5473814236561, -8.98237823734558,#c8102e
61.5831727783482, -8.96195283164824,#c8102e
61.6190201125580, -8.94162583239485,#c8102e
61.6549231557229, -8.92139739300622,#c8102e
61.6908816368597, -8.90126766615924,#c8102e
61.7268952845669, -8.88123680378580,#c8102e
61.7629638270264, -8.86130495707156,#c8102e
61.7990869920062, -8.84147227645488,#c8102e
61.8352645068616, -8.82173891162560,#c8102e
61.8714960985379, -8.80210501152401,#c8102e
61.9077814935722, -8.78257072433965,#c8102e
61.9441204180956, -8.76313619751021,#c8102e
61.9805125978350, -8.74380157772045,#c8102e
62.0169577581155, -8.72456701090107,#c8102e
62.0534556238622, -8.70543264222758,#c8102e
62.0900059196025, -8.68639861611925,#c8102e
62.1266083694681, -8.66746507623799,#c8102e
62.1632626971969, -8.64863216548727,#c8102e
62.1999686261355, -8.62990002601108,#c8102e
62.2367258792408, -8.61126879919280,#c8102e
62.2735341790823, -8.59273862565415,#c8102e
62.3103932478445, -8.57430964525416,#c8102e
62.3473028073284, -8.55598199708808,#c8102e
62.3842625789542, -8.53775581948634,#c8102e
62.4212722837628, -8.51963125001349,#c8102e
62.4583316424185, -8.50160842546723,#c8102e
62.4954403752107, -8.48368748187726,#c8102e
62.5325982020562, -8.46586855450438,#c8102e
62.5698048425012, -8.44815177783936,#c8102e
62.6070600157234, -8.43053728560200,#c8102e
62.6443634405344, -8.41302521074010,#c8102e
62.6817148353814, -8.39561568542843,#c8102e
62.7191139183498, -8.37830884106776,#c8102e
62.7565604071648, -8.36110480828387,#c8102e
62.7940540191938, -8.34400371692655,#c8102e
62.8315944714489, -8.32700569606863,#c8102e
62.8691814805881, -8.31011087400499,#c8102e
62.9068147629186, -8.29331937825161,#c8102e
62.9444940343978, -8.27663133554459,#c8102e
62.9822190106364, -8.26004687183924,#c8102e
63.0199894069000, -8.24356611230905,#c8102e
63.0578049381113, -8.22718918134481,#c8102e
63.0956653188524, -8.21091620255365,#c8102e
63.1335702633669, -8.19474729875810,#c8102e
63.1715194855621, -8.17868259199517,#c8102e
63.2095126990110, -8.16272220351543,#c8102e
63.2475496169546, -8.14686625378210,#c8102e
63.2856299523042, -8.13111486247012,#c8102e
63.3237534176431, -8.11546814846528,#c8102e
63.3619197252294, -8.09992622986330,#c8102e
63.4001285869975, -8.08448922396892,#c8102e
63.4383797145609, -8.06915724729505,#c8102e
63.4766728192139, -8.05393041556190,#c8102e
63.5150076119342, -8.03880884369604,#c8102e
63.5533838033845, -8.02379264582963,#c8102e
63.5918011039155, -8.00888193529946,#c8102e
63.6302592235671, -7.99407682464616,#c8102e
63.6687578720716, -7.97937742561332,#c8102e
63.7072967588551, -7.96478384914667,#c8102e
63.7458755930401, -7.95029620539323,#c8102e
63.7844940834475, -7.93591460370046,#c8102e
63.8231519385991, -7.92163915261549,#c8102e
63.8618488667193, -7.90746995988421,#c8102e
63.9005845757378, -7.89340713245055,#c8102e
63.9393587732916, -7.87945077645563,#c8102e
63.9781711667271, -7.86560099723695,#c8102e
64.0170214631025, -7.85185789932761,#c8102e
64.0559093691898, -7.83822158645552,#c8102e
64.0948345914772, -7.82469216154263,#c8102e
64.1337968361713, -7.81126972670411,#c8102e
64.1727958091992, -7.79795438324762,#c8102e
64.2118312162109, -7.78474623167256,#c8102e
64.2509027625813, -7.77164537166922,#c8102e
64.2900101534125, -7.75865190211817,#c8102e
64.3291530935361, -7.74576592108938,#c8102e
64.3683312875155, -7.73298752584156,#c8102e
64.4075444396479, -7.72031681282139,#c8102e
64.4467922539667, -7.70775387766281,#c8102e
64.4860744342436, -7.69529881518630,#c8102e
64.5253906839909, -7.68295171939814,#c8102e
64.5647407064640, -7.67071268348972,#c8102e
64.6041242046631, -7.65858179983684,#c8102e
64.6435408813359, -7.64655915999901,#c8102e
64.6829904389796, -7.63464485471874,#c8102e
64.7224725798434, -7.62283897392089,#c8102e
64.7619870059303, -7.61114160671194,#c8102e
64.8015334189998, -7.59955284137939,#c8102e
64.8411115205700, -7.58807276539101,#c8102e
64.8807210119197, -7.57670146539426,#c8102e
64.9203615940909, -7.56543902721558,#c8102e
64.9600329678908, -7.55428553585975,#c8102e
64.9997348338944, -7.54324107550929,#c8102e
65.0394668924463, -7.53230572952376,#c8102e
65.0792288436635, -7.52147958043918,#c8102e
65.1190203874371, -7.51076270996740,#c8102e
65.1588412234351, -7.50015519899546,#c8102e
65.1986910511042, -7.48965712758500,#c8102e
65.2385695696725, -7.47926857497164,#c8102e
65.2784764781512, -7.46898961956442,#c8102e
65.3184114753378, -7.45882033894515,#c8102e
65.3583742598171, -7.44876080986787,#c8102e
65.3983645299647, -7.43881110825824,#c8102e
65.4383819839485, -7.42897130921302,#c8102e
65.4784263197314, -7.41924148699941,#c8102e
65.5184972350731, -7.40962171505459,#c8102e
65.5585944275331, -7.40011206598510,#c8102e
65.5987175944723, -7.39071261156631,#c8102e
65.6388664330555, -7.38142342274190,#c8102e
65.6790406402540, -7.37224456962329,#c8102e
65.7192399128474, -7.36317612148912,#c8102e
65.7594639474261, -7.35421814678476,#c8102e
65.7997124403939, -7.34537071312173,#c8102e
65.8399850879697, -7.33663388727725,#c8102e
65.8802815861901, -7.32800773519372,#c8102e
65.9206016309119, -7.31949232197818,#c8102e
65.9609449178140, -7.31108771190190,#c8102e
66.0013111423999, -7.30279396839981,#c8102e
66.0417000000000, -7.29461115407008,#c8102e
66.0417000000000, -5.00000000000000,#c8102e
66.2083000000000, -5.00000000000000,#c8102e
66.2083000000000, -7.26207575301053,#c8102e
66.2110618219965, -7.26155286879670,#c8102e
66.2138237419290, -7.26103050213612,#c8102e
66.2165857597005, -7.26050865304714,#c8102e
66.2193478752140, -7.25998732154809,#c8102e
66.2221100883725, -7.25946650765726,#c8102e
66.2248723990789, -7.25894621139296,#c8102e
66.2276348072364, -7.25842643277344,#c8102e
66.2303973127478, -7.25790717181697,#c8102e
66.2331599155162, -7.25738842854178,#c8102e
66.2359226154446, -7.25687020296608,#c8102e
66.2386854124360, -7.25635249510807,#c8102e
66.2414483063933, -7.25583530498593,#c8102e
66.2442112972195, -7.25531863261782,#c8102e
66.2469743848176, -7.25480247802189,#c8102e
66.2497375690905, -7.25428684121626,#c8102e
66.2525008499413, -7.25377172221904,#c8102e
66.2552642272729, -7.25325712104832,#c8102e
66.2580277009883, -7.25274303772216,#c8102e
66.2607912709903, -7.25222947225862,#c8102e
66.2635549371821, -7.25171642467574,#c8102e
66.2663186994664, -7.25120389499153,#c8102e
66.2690825577463, -7.25069188322399,#c8102e
66.2718465119248, -7.25018038939109,#c8102e
66.2746105619047, -7.24966941351081,#c8102e
66.2773747075890, -7.24915895560108,#c8102e
66.2801389488806, -7.24864901567982,#c8102e
66.2829032856825, -7.24813959376496,#c8102e
66.2856677178976, -7.24763068987436,#c8102e
66.2884322454288, -7.24712230402591,#c8102e
66.2911968681790, -7.24661443623746,#c8102e
66.2939615860512, -7.24610708652684,#c8102e
66.2967263989483, -7.24560025491186,#c8102e
66.2994913067731, -7.24509394141033,#c8102e
66.3022563094286, -7.24458814604003,#c8102e
66.3050214068177, -7.24408286881871,#c8102e
66.3077865988433, -7.24357810976413,#c8102e
66.3105518854083, -7.24307386889399,#c8102e
66.3133172664156, -7.24257014622602,#c8102e
66.3160827417681, -7.24206694177790,#c8102e
66.3188483113686, -7.24156425556730,#c8102e
66.3216139751201, -7.24106208761187,#c8102e
66.3243797329254, -7.24056043792924,#c8102e
66.3271455846874, -7.24005930653704,#c8102e
66.3299115303090, -7.23955869345286,#c8102e
66.3326775696930, -7.23905859869428,#c8102e
66.3354437027424, -7.23855902227887,#c8102e
66.3382099293599, -7.23805996422415,#c8102e
66.3409762494485, -7.23756142454766,#c8102e
66.3437426629111, -7.23706340326691,#c8102e
66.3465091696503, -7.23656590039939,#c8102e
66.3492757695692, -7.23606891596255,#c8102e
66.3520424625706, -7.23557244997387,#c8102e
66.3548092485572, -7.23507650245076,#c8102e
66.3575761274320, -7.23458107341065,#c8102e
66.3603430990978, -7.23408616287094,#c8102e
66.3631101634575, -7.23359177084899,#c8102e
66.3658773204137, -7.23309789736218,#c8102e
66.3686445698695, -7.23260454242785,#c8102e
66.3714119117276, -7.23211170606331,#c8102e
66.3741793458908, -7.23161938828588,#c8102e
66.3769468722619, -7.23112758911285,#c8102e
66.3797144907439, -7.23063630856149,#c8102e
66.3824822012394, -7.23014554664904,#c8102e
66.3852500036513, -7.22965530339274,#c8102e
66.3880178978824, -7.22916557880980,#c8102e
66.3907858838355, -7.22867637291743,#c8102e
66.3935539614133, -7.22818768573281,#c8102e
66.3963221305188, -7.22769951727308,#c8102e
66.3990903910547, -7.22721186755540,#c8102e
66.4018587429238, -7.22672473659689,#c8102e
66.4046271860288, -7.22623812441465,#c8102e
66.4073957202726, -7.22575203102577,#c8102e
66.4101643455579, -7.22526645644733,#c8102e
66.4129330617875, -7.22478140069638,#c8102e
66.4157018688642, -7.22429686378994,#c8102e
66.4184707666907, -7.22381284574503,#c8102e
66.4212397551699, -7.22332934657865,#c8102e
66.4240088342044, -7.22284636630778,#c8102e
66.4267780036972, -7.22236390494937,#c8102e
66.4295472635507, -7.22188196252038,#c8102e
66.4323166136680, -7.22140053903772,#c8102e
66.4350860539517, -7.22091963451829,#c8102e
66.4378555843045, -7.22043924897900,#c8102e
66.4406252046293, -7.21995938243670,#c8102e
66.4433949148287, -7.21948003490824,#c8102e
66.4461647148054, -7.21900120641047,#c8102e
66.4489346044624, -7.21852289696018,#c8102e
66.4517045837021, -7.21804510657419,#c8102e
66.4544746524275, -7.21756783526927,#c8102e
66.4572448105411, -7.21709108306217,#c8102e
66.4600150579458, -7.21661484996965,#c8102e
66.4627853945443, -7.21613913600841,#c8102e
66.4655558202392, -7.21566394119517,#c8102e
66.4683263349333, -7.21518926554662,#c8102e
66.4710969385293, -7.21471510907942,#c8102e
66.4738676309300, -7.21424147181023,#c8102e
66.4766384120379, -7.21376835375567,#c8102e
66.4794092817558, -7.21329575493236,#c8102e
66.4821802399865, -7.21282367535689,#c8102e
66.4849512866326, -7.21235211504585,#c8102e
66.4877224215968, -7.21188107401579,#c8102e
66.4904936447817, -7.21141055228325,#c8102e
66.4932649560902, -7.21094054986476,#c8102e
66.4960363554247, -7.21047106677682,#c8102e
66.4988078426882, -7.21000210303592,#c8102e
66.5015794177831, -7.20953365865852,#c8102e
66.5043510806123, -7.20906573366108,#c8102e
66.5071228310782, -7.20859832806002,#c8102e
66.5098946690838, -7.20813144187177,#c8102e
66.5126665945315, -7.20766507511270,#c8102e
66.5154386073241, -7.20719922779921,#c8102e
66.5182107073641, -7.20673389994765,#c8102e
66.5209828945544, -7.20626909157436,#c8102e
66.5237551687975, -7.20580480269566,#c8102e
66.5265275299960, -7.20534103332786,#c8102e
66.5292999780526, -7.20487778348724,#c8102e
66.5320725128700, -7.20441505319008,#c8102e
66.5348451343509, -7.20395284245260,#c8102e
66.5376178423977, -7.20349115129106,#c8102e
66.5403906369132, -7.20302997972167,#c8102e
66.5431635178000, -7.20256932776061,#c8102e
66.5459364849607, -7.20210919542406,#c8102e
66.5487095382980, -7.20164958272818,#c8102e
66.5514826777145, -7.20119048968912,#c8102e
66.5542559031127, -7.20073191632298,#c8102e
66.5570292143954, -7.20027386264589,#c8102e
66.5598026114651, -7.19981632867391,#c8102e
66.5625760942244, -7.19935931442312,#c8102e
66.5653496625760, -7.19890281990956,#c8102e
66.5681233164224, -7.19844684514928,#c8102e
66.5708970556662, -7.19799139015826,#c8102e
66.5736708802101, -7.19753645495252,#c8102e
66.5764447899566, -7.19708203954803,#c8102e
66.5792187848083, -7.19662814396074,#c8102e
66.5819928646679, -7.19617476820659,#c8102e
66.5847670294379, -7.19572191230151,#c8102e
66.5875412790208, -7.19526957626140,#c8102e
66.5903156133193, -7.19481776010213,#c8102e
66.5930900322360, -7.19436646383958,#c8102e
66.5958645356733, -7.19391568748959,#c8102e
66.5986391235340, -7.19346543106800,#c8102e
66.6014137957205, -7.19301569459061,#c8102e
66.6041885521354, -7.19256647807322,#c8102e
66.6069633926813, -7.19211778153160,#c8102e
66.6097383172607, -7.19166960498151,#c8102e
66.6125133257763, -7.19122194843868,#c8102e
66.6152884181305, -7.19077481191884,#c8102e
66.6180635942259, -7.19032819543769,#c8102e
66.6208388539650, -7.18988209901091,#c8102e
66.6236141972504, -7.18943652265417,#c8102e
66.6263896239847, -7.18899146638311,#c8102e
66.6291651340703, -7.18854693021335,#c8102e
66.6319407274099, -7.18810291416053,#c8102e
66.6347164039058, -7.18765941824021,#c8102e
66.6374921634608, -7.18721644246799,#c8102e
66.6402680059772, -7.18677398685940,#c8102e
66.6430439313577, -7.18633205143000,#c8102e
66.6458199395047, -7.18589063619529,#c8102e
66.6485960303207, -7.18544974117079,#c8102e
66.6513722037084, -7.18500936637196,#c8102e
66.6541484595701, -7.18456951181429,#c8102e
66.6569247978084, -7.18413017751320,#c8102e
66.6597012183258, -7.18369136348414,#c8102e
66.6624777210249, -7.18325306974251,#c8102e
66.6652543058080, -7.18281529630369,#c8102e
66.6680309725777, -7.18237804318307,#c8102e
66.6708077212366, -7.18194131039599,#c8102e
66.6735845516870, -7.18150509795780,#c8102e
66.6763614638315, -7.18106940588381,#c8102e
66.6791384575726, -7.18063423418932,#c8102e
66.6819155328127, -7.18019958288962,#c8102e
66.6846926894544, -7.17976545199996,#c8102e
66.6874699274000, -7.17933184153559,#c8102e
66.6902472465522, -7.17889875151174,#c8102e
66.6930246468133, -7.17846618194362,#c8102e
66.6958021280858, -7.17803413284641,#c8102e
66.6985796902722, -7.17760260423529,#c8102e
66.7013573332750, -7.17717159612541,#c8102e
66.7041350569966, -7.17674110853190,#c8102e
66.7069128613395, -7.17631114146989,#c8102e
66.7096907462060, -7.17588169495447,#c8102e
66.7124687114988, -7.17545276900073,#c8102e
66.7152467571202, -7.17502436362372,#c8102e
66.7180248829727, -7.17459647883848,#c8102e
66.7208030889587, -7.17416911466005,#c8102e
66.7235813749807, -7.17374227110344,#c8102e
66.7263597409410, -7.17331594818362,#c8102e
66.7291381867422, -7.17289014591557,#c8102e
66.7319167122867, -7.17246486431424,#c8102e
66.7346953174768, -7.17204010339458,#c8102e
66.7374740022151, -7.17161586317148,#c8102e
66.7402527664040, -7.17119214365986,#c8102e
66.7430316099458, -7.17076894487459,#c8102e
66.7458105327430, -7.17034626683052,#c8102e
66.7485895346979, -7.16992410954252,#c8102e
66.7513686157131, -7.16950247302539,#c8102e
66.7541477756910, -7.16908135729394,#c8102e
66.7569270145338, -7.16866076236296,#c8102e
66.7597063321441, -7.16824068824723,#c8102e
66.7624857284243, -7.16782113496149,#c8102e
66.7652652032767, -7.16740210252048,#c8102e
66.7680447566037, -7.16698359093891,#c8102e
66.7708243883077, -7.16656560023147,#c8102e
66.7736040982912, -7.16614813041285,#c8102e
66.7763838864565, -7.16573118149770,#c8102e
66.7791637527060, -7.16531475350067,#c8102e
66.7819436969420, -7.16489884643638,#c8102e
66.7847237190670, -7.16448346031943,#c8102e
66.7875038189833, -7.16406859516442,#c8102e
66.7902839965934, -7.16365425098590,#c8102e
66.7930642517995, -7.16324042779844,#c8102e
66.7958445845041, -7.16282712561655,#c8102e
66.7986249946095, -7.16241434445476,#c8102e
66.8014054820180, -7.16200208432756,#c8102e
66.8041860466321, -7.16159034524943,#c8102e
66.8069666883541, -7.16117912723482,#c8102e
66.8097474070864, -7.16076843029818,#c8102e
66.8125282027312, -7.16035825445393,#c8102e
66.8153090751910, -7.15994859971646,#c8102e
66.8180900243681, -7.15953946610018,#c8102e
66.8208710501649, -7.15913085361944,#c8102e
66.8236521524836, -7.15872276228859,#c8102e
66.8264333312267, -7.15831519212196,#c8102e
66.8292145862965, -7.15790814313387,#c8102e
66.8319959175952, -7.15750161533860,#c8102e
66.8347773250253, -7.15709560875045,#c8102e
66.8375588084890, -7.15669012338365,#c8102e
66.8403403678887, -7.15628515925246,#c8102e
66.8431220031267, -7.15588071637108,#c8102e
66.8459037141053, -7.15547679475373,#c8102e
66.8486855007269, -7.15507339441459,#c8102e
66.8514673628938, -7.15467051536783,#c8102e
66.8542493005082, -7.15426815762758,#c8102e
66.8570313134725, -7.15386632120798,#c8102e
66.8598134016890, -7.15346500612315,#c8102e
66.8625955650600, -7.15306421238717,#c8102e
66.8653778034878, -7.15266394001411,#c8102e
66.8681601168746, -7.15226418901804,#c8102e
66.8709425051229, -7.15186495941300,#c8102e
66.8737249681349, -7.15146625121299,#c8102e
66.8765075058128, -7.15106806443202,#c8102e
66.8792901180590, -7.15067039908408,#c8102e
66.8820728047757, -7.15027325518313,#c8102e
66.8848555658653, -7.14987663274311,#c8102e
66.8876384012300, -7.14948053177795,#c8102e
66.8904213107721, -7.14908495230157,#c8102e
66.8932042943939, -7.14868989432785,#c8102e
66.8959873519976, -7.14829535787067,#c8102e
66.8987704834856, -7.14790134294387,#c8102e
66.9015536887600, -7.14750784956130,#c8102e
66.9043369677231, -7.14711487773678,#c8102e
66.9071203202773, -7.14672242748410,#c8102e
66.9099037463247, -7.14633049881705,#c8102e
66.9126872457677, -7.14593909174938,#c8102e
66.9154708185085, -7.14554820629485,#c8102e
66.9182544644493, -7.14515784246717,#c8102e
66.9210381834923, -7.14476800028006,#c8102e
66.9238219755400, -7.14437867974721,#c8102e
66.9266058404943, -7.14398988088229,#c8102e
66.9293897782578, -7.14360160369895,#c8102e
66.9321737887324, -7.14321384821082,#c8102e
66.9349578718206, -7.14282661443152,#c8102e
66.9377420274245, -7.14243990237466,#c8102e
66.9405262554464, -7.14205371205380,#c8102e
66.9433105557884, -7.14166804348252,#c8102e
66.9460949283529, -7.14128289667435,#c8102e
66.9488793730420, -7.14089827164281,#c8102e
66.9516638897580, -7.14051416840143,#c8102e
66.9544484784031, -7.14013058696368,#c8102e
66.9572331388794, -7.13974752734303,#c8102e
66.9600178710893, -7.13936498955293,#c8102e
66.9628026749350, -7.13898297360682,#c8102e
66.9655875503185, -7.13860147951812,#c8102e
66.9683724971422, -7.13822050730022,#c8102e
66.9711575153083, -7.13784005696649,#c8102e
66.9739426047189, -7.13746012853030,#c8102e
66.9767277652762, -7.13708072200499,#c8102e
66.9795129968825, -7.13670183740388,#c8102e
66.9822982994399, -7.13632347474027,#c8102e
66.9850836728507, -7.13594563402746,#c8102e
66.9878691170170, -7.13556831527872,#c8102e
66.9906546318410, -7.13519151850728,#c8102e
66.9934402172249, -7.13481524372639,#c8102e
66.9962258730708, -7.13443949094925,#c8102e
66.9990115992810, -7.13406426018906,#c8102e
67.0017973957577, -7.13368955145900,#c8102e
67.0045832624029, -7.13331536477223,#c8102e
67.0073691991190, -7.13294170014188,#c8102e
67.0101552058079, -7.13256855758108,#c8102e
67.0129412823720, -7.13219593710293,#c8102e
67.0157274287134, -7.13182383872052,#c8102e
67.0185136447342, -7.13145226244690,#c8102e
67.0212999303366, -7.13108120829514,#c8102e
67.0240862854227, -7.13071067627826,#c8102e
67.0268727098948, -7.13034066640927,#c8102e
67.0296592036549, -7.12997117870116,#c8102e
67.0324457666052, -7.12960221316692,#c8102e
67.0352323986479, -7.12923376981949,#c8102e
67.0380190996851, -7.12886584867181,#c8102e
67.0408058696190, -7.12849844973681,#c8102e
67.0435927083516, -7.12813157302738,#c8102e
67.0463796157852, -7.12776521855641,#c8102e
67.0491665918218, -7.12739938633677,#c8102e
67.0519536363636, -7.12703407638130,#c8102e
67.0547407493128, -7.12666928870282,#c8102e
67.0575279305714, -7.12630502331416,#c8102e
67.0603151800415, -7.12594128022809,#c8102e
67.0631024976254, -7.12557805945740,#c8102e
67.0658898832251, -7.12521536101483,#c8102e
67.0686773367428, -7.12485318491313,#c8102e
67.0714648580804, -7.12449153116501,#c8102e
67.0742524471403, -7.12413039978318,#c8102e
67.0770401038245, -7.12376979078031,#c8102e
67.0798278280350, -7.12340970416906,#c8102e
67.0826156196741, -7.12305013996209,#c8102e
67.0854034786437, -7.12269109817201,#c8102e
67.0881914048461, -7.12233257881144,#c8102e
67.0909793981832, -7.12197458189296,#c8102e
67.0937674585573, -7.12161710742916,#c8102e
67.0965555858703, -7.12126015543257,#c8102e
67.0993437800245, -7.12090372591573,#c8102e
67.1021320409218, -7.12054781889117,#c8102e
67.1049203684643, -7.12019243437138,#c8102e
67.1077087625543, -7.11983757236884,#c8102e
67.1104972230937, -7.11948323289600,#c8102e
67.1132857499846, -7.11912941596532,#c8102e
67.1160743431290, -7.11877612158922,#c8102e
67.1188630024292, -7.11842334978010,#c8102e
67.1216517277871, -7.11807110055035,#c8102e
67.1244405191048, -7.11771937391234,#c8102e
67.1272293762844, -7.11736816987842,#c8102e
67.1300182992280, -7.11701748846093,#c8102e
67.1328072878375, -7.11666732967218,#c8102e
67.1355963420152, -7.11631769352447,#c8102e
67.1383854616630, -7.11596858003007,#c8102e
67.1411746466830, -7.11561998920124,#c8102e
67.1439638969772, -7.11527192105022,#c8102e
67.1467532124477, -7.11492437558925,#c8102e
67.1495425929966, -7.11457735283051,#c8102e
67.1523320385259, -7.11423085278620,#c8102e
67.1551215489377, -7.11388487546848,#c8102e
67.1579111241339, -7.11353942088951,#c8102e
67.1607007640167, -7.11319448906142,#c8102e
67.1634904684881, -7.11285007999631,#c8102e
67.1662802374501, -7.11250619370628,#c8102e
67.1690700708047, -7.11216283020341,#c8102e
67.1718599684540, -7.11181998949976,#c8102e
67.1746499303000, -7.11147767160736,#c8102e
67.1774399562447, -7.11113587653824,#c8102e
67.1802300461902, -7.11079460430439,#c8102e
67.1830202000386, -7.11045385491780,#c8102e
67.1858104176917, -7.11011362839045,#c8102e
67.1886006990516, -7.10977392473426,#c8102e
67.1913910440204, -7.10943474396118,#c8102e
67.1941814525000, -7.10909608608312,#c8102e
67.1969719243926, -7.10875795111196,#c8102e
67.1997624596000, -7.10842033905958,#c8102e
67.2025530580243, -7.10808324993784,#c8102e
67.2053437195674, -7.10774668375857,#c8102e
67.2081344441315, -7.10741064053359,#c8102e
67.2109252316185, -7.10707512027470,#c8102e
67.2137160819304, -7.10674012299369,#c8102e
67.2165069949692, -7.10640564870232,#c8102e
67.2192979706369, -7.10607169741233,#c8102e
67.2220890088354, -7.10573826913545,#c8102e
67.2248801094669, -7.10540536388339,#c8102e
67.2276712724332, -7.10507298166784,#c8102e
67.2304624976363, -7.10474112250047,#c8102e
67.2332537849783, -7.10440978639294,#c8102e
67.2360451343611, -7.10407897335687,#c8102e
67.2388365456867, -7.10374868340390,#c8102e
67.2416280188570, -7.10341891654561,#c8102e
67.2444195537741, -7.10308967279358,#c8102e
67.2472111503400, -7.10276095215938,#c8102e
67.2500028084565, -7.10243275465455,#c8102e
67.2527945280256, -7.10210508029061,#c8102e
67.2555863089494, -7.10177792907908,#c8102e
67.2583781511298, -7.10145130103144,#c8102e
67.2611700544687, -7.10112519615915,#c8102e
67.2639620188682, -7.10079961447368,#c8102e
67.2667540442301, -7.10047455598645,#c8102e
67.2695461304564, -7.10015002070888,#c8102e
67.2723382774491, -7.09982600865237,#c8102e
67.2751304851101, -7.09950251982828,#c8102e
67.2779227533415, -7.09917955424800,#c8102e
67.2807150820450, -7.09885711192284,#c8102e
67.2835074711227, -7.09853519286415,#c8102e
67.2862999204765, -7.09821379708321,#c8102e
67.2890924300084, -7.09789292459132,#c8102e
67.2918849996203, -7.09757257539975,#c8102e
67.2946776292140, -7.09725274951974,#c8102e
67.2974703186917, -7.09693344696253,#c8102e
67.3002630679552, -7.09661466773932,#c8102e
67.3030558769063, -7.09629641186132,#c8102e
67.3058487454472, -7.09597867933969,#c8102e
67.3086416734796, -7.09566147018560,#c8102e
67.3114346609055, -7.09534478441019,#c8102e
67.3142277076268, -7.09502862202457,#c8102e
67.3170208135455, -7.09471298303985,#c8102e
67.3198139785634, -7.09439786746711,#c8102e
67.3226072025826, -7.09408327531741,#c8102e
67.3254004855048, -7.09376920660181,#c8102e
67.3281938272320, -7.09345566133134,#c8102e
67.3309872276661, -7.09314263951699,#c8102e
67.3337806867091, -7.09283014116978,#c8102e
67.3365742042627, -7.09251816630066,#c8102e
67.3393677802291, -7.09220671492059,#c8102e
67.3421614145099, -7.09189578704052,#c8102e
67.3449551070072, -7.09158538267136,#c8102e
67.3477488576227, -7.09127550182401,#c8102e
67.3505426662585, -7.09096614450934,#c8102e
67.3533365328165, -7.09065731073824,#c8102e
67.3561304571984, -7.09034900052153,#c8102e
67.3589244393062, -7.09004121387005,#c8102e
67.3617184790418, -7.08973395079461,#c8102e
67.3645125763071, -7.08942721130599,#c8102e
67.3673067310039, -7.08912099541496,#c8102e
67.3701009430341, -7.08881530313229,#c8102e
67.3728952122997, -7.08851013446870,#c8102e
67.3756895387024, -7.08820548943491,#c8102e
67.3784839221442, -7.08790136804161,#c8102e
67.3812783625270, -7.08759777029949,#c8102e
67.3840728597525, -7.08729469621922,#c8102e
67.3868674137227, -7.08699214581142,#c8102e
67.3896620243395, -7.08669011908673,#c8102e
67.3924566915046, -7.08638861605575,#c8102e
67.3952514151200, -7.08608763672907,#c8102e
67.3980461950876, -7.08578718111725,#c8102e
67.4008410313091, -7.08548724923086,#c8102e
67.4036359236865, -7.08518784108041,#c8102e
67.4064308721215, -7.08488895667643,#c8102e
67.4092258765162, -7.08459059602941,#c8102e
67.4120209367722, -7.08429275914983,#c8102e
67.4148160527915, -7.08399544604815,#c8102e
67.4176112244758, -7.08369865673480,#c8102e
67.4204064517272, -7.08340239122021,#c8102e
67.4232017344473, -7.08310664951479,#c8102e
67.4259970725380, -7.08281143162891,#c8102e
67.4287924659012, -7.08251673757295,#c8102e
67.4315879144387, -7.08222256735725,#c8102e
67.4343834180523, -7.08192892099214,#c8102e
67.4371789766440, -7.08163579848794,#c8102e
67.4399745901154, -7.08134319985494,#c8102e
67.4427702583685, -7.08105112510341,#c8102e
67.4455659813050, -7.08075957424361,#c8102e
67.4483617588268, -7.08046854728578,#c8102e
67.4511575908357, -7.08017804424013,#c8102e
67.4539534772336, -7.07988806511688,#c8102e
67.4567494179222, -7.07959860992619,#c8102e
67.4595454128034, -7.07930967867824,#c8102e
67.4623414617789, -7.07902127138317,#c8102e
67.4651375647507, -7.07873338805111,#c8102e
67.4679337216205, -7.07844602869217,#c8102e
67.4707299322901, -7.07815919331644,#c8102e
67.4735261966614, -7.07787288193399,#c8102e
67.4763225146361, -7.07758709455488,#c8102e
67.4791188861160, -7.07730183118914,#c8102e
67.4819153110030, -7.07701709184679,#c8102e
67.4847117891989, -7.07673287653782,#c8102e
67.4875083206053, -7.07644918527223,#c8102e
67.4903049051243, -7.07616601805996,#c8102e
67.4931015426575, -7.07588337491097,#c8102e
67.4958982331067, -7.07560125583518,#c8102e
67.4986949763737, -7.07531966084250,#c8102e
67.5014917723604, -7.07503858994281,#c8102e
67.5042886209684, -7.07475804314599,#c8102e
67.5070855220997, -7.07447802046188,#c8102e
67.5098824756559, -7.07419852190032,#c8102e
67.5126794815389, -7.07391954747112,#c8102e
67.5154765396505, -7.07364109718409,#c8102e
67.5182736498923, -7.07336317104899,#c8102e
67.5210708121663, -7.07308576907560,#c8102e
67.5238680263741, -7.07280889127364,#c8102e
67.5266652924175, -7.07253253765285,#c8102e
67.5294626101984, -7.07225670822292,#c8102e
67.5322599796185, -7.07198140299355,#c8102e
67.5350574005795, -7.07170662197439,#c8102e
67.5378548729833, -7.07143236517511,#c8102e
67.5406523967315, -7.07115863260533,#c8102e
67.5434499717259, -7.07088542427466,#c8102e
67.5462475978684, -7.07061274019269,#c8102e
67.5490452750607, -7.07034058036901,#c8102e
67.5518430032045, -7.07006894481317,#c8102e
67.5546407822015, -7.06979783353471,#c8102e
67.5574386119536, -7.06952724654314,#c8102e
67.5602364923625, -7.06925718384798,#c8102e
67.5630344233299, -7.06898764545870,#c8102e
67.5658324047576, -7.06871863138476,#c8102e
67.5686304365473, -7.06845014163563,#c8102e
67.5714285186008, -7.06818217622071,#c8102e
67.5742266508198, -7.06791473514943,#c8102e
67.5770248331060, -7.06764781843118,#c8102e
67.5798230653613, -7.06738142607532,#c8102e
67.5826213474873, -7.06711555809122,#c8102e
67.5854196793858, -7.06685021448821,#c8102e
67.5882180609584, -7.06658539527560,#c8102e
67.5910164921070, -7.06632110046270,#c8102e
67.5938149727333, -7.06605733005878,#c8102e
67.5966135027390, -7.06579408407312,#c8102e
67.5994120820258, -7.06553136251494,#c8102e
67.6022107104955, -7.06526916539349,#c8102e
67.6050093880497, -7.06500749271797,#c8102e
67.6078081145902, -7.06474634449755,#c8102e
67.6106068900188, -7.06448572074143,#c8102e
67.6134057142370, -7.06422562145874,#c8102e
67.6162045871468, -7.06396604665863,#c8102e
67.6190035086497, -7.06370699635020,#c8102e
67.6218024786474, -7.06344847054255,#c8102e
67.6246014970418, -7.06319046924477,#c8102e
67.6274005637345, -7.06293299246591,#c8102e
67.6301996786271, -7.06267604021501,#c8102e
67.6329988416215, -7.06241961250110,#c8102e
67.6357980526194, -7.06216370933318,#c8102e
67.6385973115223, -7.06190833072023,#c8102e
67.6413966182321, -7.06165347667123,#c8102e
67.6441959726504, -7.06139914719513,#c8102e
67.6469953746789, -7.06114534230085,#c8102e
67.6497948242193, -7.06089206199731,#c8102e
67.6525943211734, -7.06063930629340,#c8102e
67.6553938654428, -7.06038707519800,#c8102e
67.6581934569291, -7.06013536871996,#c8102e
67.6609930955342, -7.05988418686813,#c8102e
67.6637927811596, -7.05963352965133,#c8102e
67.6665925137071, -7.05938339707835,#c8102e
67.6693922930784, -7.05913378915798,#c8102e
67.6721921191751, -7.05888470589898,#c8102e
67.6749919918989, -7.05863614731011,#c8102e
67.6777919111515, -7.05838811340009,#c8102e
67.6805918768346, -7.05814060417763,#c8102e
67.6833918888498, -7.05789361965142,#c8102e
67.6861919470989, -7.05764715983014,#c8102e
67.6889920514835, -7.05740122472244,#c8102e
67.6917922019052, -7.05715581433695,#c8102e
67.6945923982658, -7.05691092868230,#c8102e
67.6973926404669, -7.05666656776708,#c8102e
67.7001929284101, -7.05642273159987,#c8102e
67.7029932619972, -7.05617942018925,#c8102e
67.7057936411299, -7.05593663354374,#c8102e
67.7085940657097, -7.05569437167187,#c8102e
67.7113945356383, -7.05545263458217,#c8102e
67.7141950508174, -7.05521142228310,#c8102e
67.7169956111486, -7.05497073478315,#c8102e
67.7197962165337, -7.05473057209076,#c8102e
67.7225968668742, -7.05449093421437,#c8102e
67.7253975620719, -7.05425182116239,#c8102e
67.7281983020282, -7.05401323294323,#c8102e
67.7309990866451, -7.05377516956525,#c8102e
67.7337999158239, -7.05353763103682,#c8102e
67.7366007894665, -7.05330061736628,#c8102e
67.7394017074744, -7.05306412856195,#c8102e
67.7422026697493, -7.05282816463214,#c8102e
67.7450036761929, -7.05259272558513,#c8102e
67.7478047267067, -7.05235781142919,#c8102e
67.7506058211924, -7.05212342217257,#c8102e
67.7534069595517, -7.05188955782351,#c8102e
67.7562081416862, -7.05165621839020,#c8102e
67.7590093674975, -7.05142340388086,#c8102e
67.7618106368872, -7.05119111430364,#c8102e
67.7646119497571, -7.05095934966672,#c8102e
67.7674133060086, -7.05072810997822,#c8102e
67.7702147055435, -7.05049739524627,#c8102e
67.7730161482634, -7.05026720547897,#c8102e
67.7758176340699, -7.05003754068440,#c8102e
67.7786191628645, -7.04980840087063,#c8102e
67.7814207345490, -7.04957978604571,#c8102e
67.7842223490250, -7.04935169621766,#c8102e
67.7870240061941, -7.04912413139449,#c8102e
67.7898257059578, -7.04889709158420,#c8102e
67.7926274482179, -7.04867057679474,#c8102e
67.7954292328759, -7.04844458703410,#c8102e
67.7982310598334, -7.04821912231018,#c8102e
67.8010329289921, -7.04799418263092,#c8102e
67.8038348402535, -7.04776976800422,#c8102e
67.8066367935193, -7.04754587843794,#c8102e
67.8094387886911, -7.04732251393996,#c8102e
67.8122408256705, -7.04709967451812,#c8102e
67.8150429043590, -7.04687736018025,#c8102e
67.8178450246584, -7.04665557093414,#c8102e
67.8206471864701, -7.04643430678759,#c8102e
67.8234493896958, -7.04621356774837,#c8102e
67.8262516342371, -7.04599335382423,#c8102e
67.8290539199956, -7.04577366502291,#c8102e
67.8318562468729, -7.04555450135211,#c8102e
67.8346586147705, -7.04533586281954,#c8102e
67.8374610235901, -7.04511774943287,#c8102e
67.8402634732333, -7.04490016119976,#c8102e
67.8430659636016, -7.04468309812785,#c8102e
67.8458684945966, -7.04446656022476,#c8102e
67.8486710661200, -7.04425054749811,#c8102e
67.8514736780733, -7.04403505995546,#c8102e
67.8542763303580, -7.04382009760440,#c8102e
67.8570790228759, -7.04360566045246,#c8102e
67.8598817555283, -7.04339174850719,#c8102e
67.8626845282171, -7.04317836177608,#c8102e
67.8654873408436, -7.04296550026664,#c8102e
67.8682901933095, -7.04275316398634,#c8102e
67.8710930855164, -7.04254135294264,#c8102e
67.8738960173658, -7.04233006714296,#c8102e
67.8766989887594, -7.04211930659474,#c8102e
67.8795019995986, -7.04190907130537,#c8102e
67.8823050497850, -7.04169936128224,#c8102e
67.8851081392203, -7.04149017653272,#c8102e
67.8879112678060, -7.04128151706413,#c8102e
67.8907144354436, -7.04107338288382,#c8102e
67.8935176420348, -7.04086577399909,#c8102e
67.8963208874810, -7.04065869041724,#c8102e
67.8991241716839, -7.04045213214553,#c8102e
67.9019274945449, -7.04024609919122,#c8102e
67.9047308559658, -7.04004059156154,#c8102e
67.9075342558479, -7.03983560926371,#c8102e
67.9103376940929, -7.03963115230492,#c8102e
67.9131411706024, -7.03942722069237,#c8102e
67.9159446852778, -7.03922381443320,#c8102e
67.9187482380208, -7.03902093353457,#c8102e
67.9215518287328, -7.03881857800359,#c8102e
67.9243554573155, -7.03861674784737,#c8102e
67.9271591236704, -7.03841544307300,#c8102e
67.9299628276990, -7.03821466368755,#c8102e
67.9327665693029, -7.03801440969807,#c8102e
67.9355703483836, -7.03781468111159,#c8102e
67.9383741648427, -7.03761547793512,#c8102e
67.9411780185817, -7.03741680017567,#c8102e
67.9439819095021, -7.03721864784020,#c8102e
67.9467858375055, -7.03702102093567,#c8102e
67.9495898024934, -7.03682391946903,#c8102e
67.9523938043674, -7.03662734344720,#c8102e
67.9551978430290, -7.03643129287707,#c8102e
67.9580019183797, -7.03623576776553,#c8102e
67.9608060303210, -7.03604076811946,#c8102e
67.9636101787546, -7.03584629394569,#c8102e
67.9664143635818, -7.03565234525106,#c8102e
67.9692185847044, -7.03545892204238,#c8102e
67.9720228420237, -7.03526602432643,#c8102e
67.9748271354413, -7.03507365211000,#c8102e
67.9776314648587, -7.03488180539983,#c8102e
67.9804358301775, -7.03469048420267,#c8102e
67.9832402312991, -7.03449968852523,#c8102e
67.9860446681252, -7.03430941837422,#c8102e
67.9888491405571, -7.03411967375631,#c8102e
67.9916536484965, -7.03393045467817,#c8102e
67.9944581918449, -7.03374176114644,#c8102e
67.9972627705037, -7.03355359316775,#c8102e
68.0000673843745, -7.03336595074870,#c8102e
68.0028720333588, -7.03317883389589,#c8102e
68.0056767173580, -7.03299224261589,#c8102e
68.0084814362739, -7.03280617691525,#c8102e
68.0112861900077, -7.03262063680049,#c8102e
68.0140909784611, -7.03243562227815,#c8102e
68.0168958015355, -7.03225113335471,#c8102e
68.0197006591324, -7.03206717003665,#c8102e
68.0225055511535, -7.03188373233044,#c8102e
68.0253104775000, -7.03170082024251,#c8102e
68.0281154380737, -7.03151843377929,#c8102e
68.0309204327759, -7.03133657294718,#c8102e
68.0337254615082, -7.03115523775257,#c8102e
68.0365305241720, -7.03097442820182,#c8102e
68.0393356206689, -7.03079414430130,#c8102e
68.0421407509003, -7.03061438605732,#c8102e
68.0449459147678, -7.03043515347619,#c8102e
68.0477511121729, -7.03025644656422,#c8102e
68.0505563430170, -7.03007826532768,#c8102e
68.0533616072016, -7.02990060977283,#c8102e
68.0561669046282, -7.02972347990589,#c8102e
68.0589722351984, -7.02954687573311,#c8102e
68.0617775988135, -7.02937079726066,#c8102e
68.0645829953751, -7.02919524449475,#c8102e
68.0673884247847, -7.02902021744153,#c8102e
68.0701938869438, -7.02884571610715,#c8102e
68.0729993817538, -7.02867174049773,#c8102e
68.0758049091162, -7.02849829061939,#c8102e
68.0786104689326, -7.02832536647822,#c8102e
68.0814160611043, -7.02815296808029,#c8102e
68.0842216855329, -7.02798109543166,#c8102e
68.0870273421198, -7.02780974853835,#c8102e
68.0898330307666, -7.02763892740639,#c8102e
68.0926387513747, -7.02746863204177,#c8102e
68.0954445038455, -7.02729886245048,#c8102e
68.0982502880805, -7.02712961863848,#c8102e
68.1010561039813, -7.02696090061170,#c8102e
68.1038619514493, -7.02679270837608,#c8102e
68.1066678303859, -7.02662504193752,#c8102e
68.1094737406927, -7.02645790130191,#c8102e
68.1122796822710, -7.02629128647511,#c8102e
68.1150856550224, -7.02612519746298,#c8102e
68.1178916588484, -7.02595963427136,#c8102e
68.1206976936503, -7.02579459690605,#c8102e
68.1235037593297, -7.02563008537284,#c8102e
68.1263098557881, -7.02546609967753,#c8102e
68.1291159829267, -7.02530263982586,#c8102e
68.1319221406473, -7.02513970582357,#c8102e
68.1347283288511, -7.02497729767640,#c8102e
68.1375345474397, -7.02481541539003,#c8102e
68.1403407963145, -7.02465405897016,#c8102e
68.1431470753770, -7.02449322842245,#c8102e
68.1459533845287, -7.02433292375255,#c8102e
68.1487597236709, -7.02417314496608,#c8102e
68.1515660927051, -7.02401389206867,#c8102e
68.1543724915328, -7.02385516506589,#c8102e
68.1571789200555, -7.02369696396333,#c8102e
68.1599853781745, -7.02353928876654,#c8102e
68.1627918657914, -7.02338213948106,#c8102e
68.1655983828076, -7.02322551611240,#c8102e
68.1684049291245, -7.02306941866607,#c8102e
68.1712115046436, -7.02291384714754,#c8102e
68.1740181092663, -7.02275880156229,#c8102e
68.1768247428940, -7.02260428191575,#c8102e
68.1796314054283, -7.02245028821335,#c8102e
68.1824380967705, -7.02229682046050,#c8102e
68.1852448168221, -7.02214387866258,#c8102e
68.1880515654846, -7.02199146282498,#c8102e
68.1908583426593, -7.02183957295303,#c8102e
68.1936651482477, -7.02168820905208,#c8102e
68.1964719821512, -7.02153737112743,#c8102e
68.1992788442714, -7.02138705918440,#c8102e
68.2020857345095, -7.02123727322825,#c8102e
68.2048926527671, -7.02108801326424,#c8102e
68.2076995989456, -7.02093927929762,#c8102e
68.2105065729463, -7.02079107133360,#c8102e
68.2133135746709, -7.02064338937740,#c8102e
68.2161206040206, -7.02049623343420,#c8102e
68.2189276608969, -7.02034960350917,#c8102e
68.2217347452012, -7.02020349960745,#c8102e
68.2245418568349, -7.02005792173418,#c8102e
68.2273489956996, -7.01991286989446,#c8102e
68.2301561616966, -7.01976834409340,#c8102e
68.2329633547272, -7.01962434433606,#c8102e
68.2357705746931, -7.01948087062751,#c8102e
68.2385778214955, -7.01933792297278,#c8102e
68.2413850950359, -7.01919550137689,#c8102e
68.2441923952157, -7.01905360584485,#c8102e
68.2469997219364, -7.01891223638163,#c8102e
68.2498070750993, -7.01877139299220,#c8102e
68.2526144546059, -7.01863107568150,#c8102e
68.2554218603575, -7.01849128445447,#c8102e
68.2582292922557, -7.01835201931602,#c8102e
68.2610367502018, -7.01821328027102,#c8102e
68.2638442340972, -7.01807506732436,#c8102e
68.2666517438434, -7.01793738048088,#c8102e
68.2694592793417, -7.01780021974543,#c8102e
68.2722668404936, -7.01766358512282,#c8102e
68.2750744272004, -7.01752747661785,#c8102e
68.2778820393637, -7.01739189423529,#c8102e
68.2806896768847, -7.01725683797991,#c8102e
68.2834973396650, -7.01712230785645,#c8102e
68.2863050276058, -7.01698830386964,#c8102e
68.2891127406087, -7.01685482602417,#c8102e
68.2919204785749, -7.01672187432475,#c8102e
68.2947282414060, -7.01658944877603,#c8102e
68.2975360290034, -7.01645754938267,#c8102e
68.3003438412683, -7.01632617614930,#c8102e
68.3031516781023, -7.01619532908052,#c8102e
68.3059595394067, -7.01606500818095,#c8102e
68.3087674250829, -7.01593521345515,#c8102e
68.3115753350324, -7.01580594490767,#c8102e
68.3143832691565, -7.01567720254307,#c8102e
68.3171912273566, -7.01554898636586,#c8102e
68.3199992095341, -7.01542129638054,#c8102e
68.3228072155904, -7.01529413259160,#c8102e
68.3256152454270, -7.01516749500350,#c8102e
68.3284232989451, -7.01504138362070,#c8102e
68.3312313760463, -7.01491579844761,#c8102e
68.3340394766318, -7.01479073948865,#c8102e
68.3368476006031, -7.01466620674821,#c8102e
68.3396557478616, -7.01454220023066,#c8102e
68.3424639183086, -7.01441871994036,#c8102e
68.3452721118456, -7.01429576588164,#c8102e
68.3480803283739, -7.01417333805883,#c8102e
68.3508885677949, -7.01405143647621,#c8102e
68.3536968300101, -7.01393006113808,#c8102e
68.3565051149207, -7.01380921204869,#c8102e
68.3593134224282, -7.01368888921228,#c8102e
68.3621217524339, -7.01356909263309,#c8102e
68.3649301048393, -7.01344982231532,#c8102e
68.3677384795458, -7.01333107826316,#c8102e
68.3705468764546, -7.01321286048077,#c8102e
68.3733552954672, -7.01309516897231,#c8102e
68.3761637364850, -7.01297800374191,#c8102e
68.3789721994094, -7.01286136479369,#c8102e
68.3817806841417, -7.01274525213174,#c8102e
68.3845891905832, -7.01262966576014,#c8102e
68.3873977186355, -7.01251460568295,#c8102e
68.3902062681998, -7.01240007190420,#c8102e
68.3930148391775, -7.01228606442793,#c8102e
68.3958234314701, -7.01217258325813,#c8102e
68.3986320449788, -7.01205962839878,#c8102e
68.4014406796051, -7.01194719985386,#c8102e
68.4042493352503, -7.01183529762732,#c8102e
68.4070580118158, -7.01172392172308,#c8102e
68.4098667092030, -7.01161307214505,#c8102e
68.4126754273132, -7.01150274889713,#c8102e
68.4154841660478, -7.01139295198319,#c8102e
68.4182929253082, -7.01128368140709,#c8102e
68.4211017049957, -7.01117493717265,#c8102e
68.4239105050118, -7.01106671928372,#c8102e
68.4267193252577, -7.01095902774407,#c8102e
68.4295281656349, -7.01085186255750,#c8102e
68.4323370260447, -7.01074522372776,#c8102e
68.4351459063884, -7.01063911125861,#c8102e
68.4379548065675, -7.01053352515376,#c8102e
68.4407637264833, -7.01042846541693,#c8102e
68.4435726660372, -7.01032393205180,#c8102e
68.4463816251304, -7.01021992506205,#c8102e
68.4491906036645, -7.01011644445133,#c8102e
68.4519996015407, -7.01001349022327,#c8102e
68.4548086186605, -7.00991106238148,#c8102e
68.4576176549250, -7.00980916092957,#c8102e
68.4604267102358, -7.00970778587111,#c8102e
68.4632357844942, -7.00960693720967,#c8102e
68.4660448776016, -7.00950661494878,#c8102e
68.4688539894592, -7.00940681909196,#c8102e
68.4716631199684, -7.00930754964273,#c8102e
68.4744722690307, -7.00920880660456,#c8102e
68.4772814365473, -7.00911058998093,#c8102e
68.4800906224197, -7.00901289977528,#c8102e
68.4828998265491, -7.00891573599104,#c8102e
68.4857090488369, -7.00881909863163,#c8102e
68.4885182891845, -7.00872298770044,#c8102e
68.4913275474932, -7.00862740320084,#c8102e
68.4941368236644, -7.00853234513620,#c8102e
68.4969461175994, -7.00843781350984,#c8102e
68.4997554291996, -7.00834380832509,#c8102e
68.5025647583663, -7.00825032958525,#c8102e
68.5053741050009, -7.00815737729360,#c8102e
68.5081834690046, -7.00806495145341,#c8102e
68.5109928502790, -7.00797305206792,#c8102e
68.5138022487252, -7.00788167914036,#c8102e
68.5166116642447, -7.00779083267394,#c8102e
68.5194210967388, -7.00770051267184,#c8102e
68.5222305461088, -7.00761071913724,#c8102e
68.5250400122562, -7.00752145207330,#c8102e
68.5278494950821, -7.00743271148314,#c8102e
68.5306589944880, -7.00734449736989,#c8102e
68.5334685103753, -7.00725680973663,#c8102e
68.5362780426452, -7.00716964858646,#c8102e
68.5390875911990, -7.00708301392243,#c8102e
68.5418971559383, -7.00699690574758,#c8102e
68.5447067367642, -7.00691132406494,#c8102e
68.5475163335781, -7.00682626887751,#c8102e
68.5503259462813, -7.00674174018828,#c8102e
68.5531355747753, -7.00665773800022,#c8102e
68.5559452189613, -7.00657426231628,#c8102e
68.5587548787406, -7.00649131313938,#c8102e
68.5615645540147, -7.00640889047245,#c8102e
68.5643742446848, -7.00632699431837,#c8102e
68.5671839506523, -7.00624562468002,#c8102e
68.5699936718184, -7.00616478156026,#c8102e
68.5728034080846, -7.00608446496193,#c8102e
68.5756131593522, -7.00600467488785,#c8102e
68.5784229255225, -7.00592541134082,#c8102e
68.5812327064969, -7.00584667432362,#c8102e
68.5840425021766, -7.00576846383902,#c8102e
68.5868523124630, -7.00569077988976,#c8102e
68.5896621372575, -7.00561362247858,#c8102e
68.5924719764613, -7.00553699160818,#c8102e
68.5952818299758, -7.00546088728125,#c8102e
68.5980916977024, -7.00538530950047,#c8102e
68.6009015795423, -7.00531025826849,#c8102e
68.6037114753969, -7.00523573358794,#c8102e
68.6065213851675, -7.00516173546145,#c8102e
68.6093313087554, -7.00508826389161,#c8102e
68.6121412460620, -7.00501531888099,#c8102e
68.6149511969886, -7.00494290043217,#c8102e
68.6177611614365, -7.00487100854769,#c8102e
68.6205711393071, -7.00479964323006,#c8102e
68.6233811305017, -7.00472880448180,#c8102e
68.6261911349215, -7.00465849230539,#c8102e
68.6290011524679, -7.00458870670331,#c8102e
68.6318111830424, -7.00451944767800,#c8102e
68.6346212265460, -7.00445071523189,#c8102e
68.6374312828803, -7.00438250936741,#c8102e
68.6402413519464, -7.00431483008693,#c8102e
68.6430514336459, -7.00424767739285,#c8102e
68.6458615278798, -7.00418105128752,#c8102e
68.6486716345497, -7.00411495177327,#c8102e
68.6514817535567, -7.00404937885243,#c8102e
68.6542918848022, -7.00398433252731,#c8102e
68.6571020281876, -7.00391981280018,#c8102e
68.6599121836142, -7.00385581967331,#c8102e
68.6627223509832, -7.00379235314896,#c8102e
68.6655325301960, -7.00372941322934,#c8102e
68.6683427211540, -7.00366699991666,#c8102e
68.6711529237583, -7.00360511321313,#c8102e
68.6739631379104, -7.00354375312091,#c8102e
68.6767733635116, -7.00348291964216,#c8102e
68.6795836004632, -7.00342261277901,#c8102e
68.6823938486664, -7.00336283253359,#c8102e
68.6852041080227, -7.00330357890798,#c8102e
68.6880143784333, -7.00324485190428,#c8102e
68.6908246597995, -7.00318665152453,#c8102e
68.6936349520227, -7.00312897777080,#c8102e
68.6964452550042, -7.00307183064510,#c8102e
68.6992555686453, -7.00301521014944,#c8102e
68.7020658928472, -7.00295911628580,#c8102e
68.7048762275114, -7.00290354905617,#c8102e
68.7076865725391, -7.00284850846248,#c8102e
68.7104969278316, -7.00279399450667,#c8102e
68.7133072932903, -7.00274000719067,#c8102e
68.7161176688165, -7.00268654651635,#c8102e
68.7189280543114, -7.00263361248560,#c8102e
68.7217384496764, -7.00258120510028,#c8102e
68.7245488548128, -7.00252932436222,#c8102e
68.7273592696219, -7.00247797027326,#c8102e
68.7301696940050, -7.00242714283519,#c8102e
68.7329801278634, -7.00237684204980,#c8102e
68.7357905710985, -7.00232706791885,#c8102e
68.7386010236115, -7.00227782044410,#c8102e
68.7414114853038, -7.00222909962727,#c8102e
68.7442219560766, -7.00218090547007,#c8102e
68.7470324358313, -7.00213323797419,#c8102e
68.7498429244691, -7.00208609714131,#c8102e
68.7526534218915, -7.00203948297309,#c8102e
68.7554639279996, -7.00199339547116,#c8102e
68.7582744426948, -7.00194783463714,#c8102e
68.7610849658784, -7.00190280047263,#c8102e
68.7638954974518, -7.00185829297921,#c8102e
68.7667060373161, -7.00181431215844,#c8102e
68.7695165853728, -7.00177085801188,#c8102e
68.7723271415230, -7.00172793054104,#c8102e
68.7751377056683, -7.00168552974742,#c8102e
68.7779482777097, -7.00164365563253,#c8102e
68.7807588575487, -7.00160230819783,#c8102e
68.7835694450865, -7.00156148744477,#c8102e
68.7863800402245, -7.00152119337479,#c8102e
68.7891906428639, -7.00148142598930,#c8102e
68.7920012529061, -7.00144218528970,#c8102e
68.7948118702523, -7.00140347127737,#c8102e
68.7976224948039, -7.00136528395366,#c8102e
68.8004331264621, -7.00132762331991,#c8102e
68.8032437651283, -7.00129048937746,#c8102e
68.8060544107038, -7.00125388212759,#c8102e
68.8088650630898, -7.00121780157161,#c8102e
68.8116757221877, -7.00118224771077,#c8102e
68.8144863878988, -7.00114722054633,#c8102e
68.8172970601244, -7.00111272007950,#c8102e
68.8201077387657, -7.00107874631152,#c8102e
68.8229184237241, -7.00104529924356,#c8102e
68.8257291149008, -7.00101237887681,#c8102e
68.8285398121972, -7.00097998521241,#c8102e
68.8313505155146, -7.00094811825151,#c8102e
68.8341612247543, -7.00091677799523,#c8102e
68.8369719398176, -7.00088596444466,#c8102e
68.8397826606057, -7.00085567760089,#c8102e
68.8425933870200, -7.00082591746498,#c8102e
68.8454041189617, -7.00079668403798,#c8102e
68.8482148563322, -7.00076797732091,#c8102e
68.8510255990328, -7.00073979731479,#c8102e
68.8538363469648, -7.00071214402059,#c8102e
68.8566471000294, -7.00068501743930,#c8102e
68.8594578581280, -7.00065841757186,#c8102e
68.8622686211618, -7.00063234441921,#c8102e
68.8650793890322, -7.00060679798226,#c8102e
68.8678901616404, -7.00058177826191,#c8102e
68.8707009388878, -7.00055728525905,#c8102e
68.8735117206757, -7.00053331897452,#c8102e
68.8763225069053, -7.00050987940917,#c8102e
68.8791332974779, -7.00048696656383,#c8102e
68.8819440922949, -7.00046458043930,#c8102e
68.8847548912575, -7.00044272103637,#c8102e
68.8875656942670, -7.00042138835579,#c8102e
68.8903765012248, -7.00040058239833,#c8102e
68.8931873120320, -7.00038030316471,#c8102e
68.8959981265901, -7.00036055065565,#c8102e
68.8988089448003, -7.00034132487184,#c8102e
68.9016197665640, -7.00032262581394,#c8102e
68.9044305917823, -7.00030445348263,#c8102e
68.9072414203566, -7.00028680787854,#c8102e
68.9100522521883, -7.00026968900229,#c8102e
68.9128630871785, -7.00025309685447,#c8102e
68.9156739252286, -7.00023703143567,#c8102e
68.9184847662399, -7.00022149274647,#c8102e
68.9212956101137, -7.00020648078739,#c8102e
68.9241064567512, -7.00019199555897,#c8102e
68.9269173060539, -7.00017803706172,#c8102e
68.9297281579228, -7.00016460529613,#c8102e
68.9325390122595, -7.00015170026266,#c8102e
68.9353498689650, -7.00013932196178,#c8102e
68.9381607279409, -7.00012747039392,#c8102e
68.9409715890882, -7.00011614555948,#c8102e
68.9437824523084, -7.00010534745888,#c8102e
68.9465933175028, -7.00009507609249,#c8102e
68.9494041845725, -7.00008533146067,#c8102e
68.9522150534190, -7.00007611356377,#c8102e
68.9550259239435, -7.00006742240210,#c8102e
68.9578367960472, -7.00005925797597,#c8102e
68.9606476696316, -7.00005162028567,#c8102e
68.9634585445979, -7.00004450933146,#c8102e
68.9662694208473, -7.00003792511361,#c8102e
68.9690802982813, -7.00003186763233,#c8102e
68.9718911768010, -7.00002633688784,#c8102e
68.9747020563077, -7.00002133288034,#c8102e
68.9775129367029, -7.00001685560999,#c8102e
68.9803238178876, -7.00001290507697,#c8102e
68.9831346997634, -7.00000948128140,#c8102e
68.9859455822313, -7.00000658422340,#c8102e
68.9887564651928, -7.00000421390309,#c8102e
68.9915673485491, -7.00000237032054,#c8102e
68.9943782322016, -7.00000105347581,#c8102e
68.9971891160514, -7.00000026336896,#c8102e
69.0000000000000, -7.00000000000000,#c8102e
69.0000000000000, -7.16660000000000,#c8102e
69.0000000000000, -7.16660000000000,#c8102e
68.9533529292698, -7.16667334645420,#c8102e
68.9067063198494, -7.16689338509144,#c8102e
68.8600606330444, -7.16726011373570,#c8102e
68.8134163301508, -7.16777352876024,#c8102e
68.7667738724513, -7.16843362508772,#c8102e
68.7201337212101, -7.16924039619021,#c8102e
68.6734963376687, -7.17019383408926,#c8102e
68.6268621830412, -7.17129392935596,#c8102e
68.5802317185099, -7.17254067111109,#c8102e
68.5336054052203, -7.17393404702514,#c8102e
68.4869837042772, -7.17547404331853,#c8102e
68.4403670767395, -7.17716064476165,#c8102e
68.3937559836161, -7.17899383467510,#c8102e
68.3471508858612, -7.18097359492979,#c8102e
68.3005522443695, -7.18309990594715,#c8102e
68.2539605199720, -7.18537274669931,#c8102e
68.2073761734314, -7.18779209470932,#c8102e
68.1607996654371, -7.19035792605137,#c8102e
68.1142314566014, -7.19307021535101,#c8102e
68.0676720074542, -7.19592893578542,#c8102e
68.0211217784389, -7.19893405908367,#c8102e
67.9745812299077, -7.20208555552701,#c8102e
67.9280508221172, -7.20538339394913,#c8102e
67.8815310152234, -7.20882754173650,#c8102e
67.8350222692778, -7.21241796482869,#c8102e
67.7885250442223, -7.21615462771869,#c8102e
67.7420397998850, -7.22003749345329,#c8102e
67.6955669959754, -7.22406652363340,#c8102e
67.6491070920800, -7.22824167841447,#c8102e
67.6026605476578, -7.23256291650687,#c8102e
67.5562278220356, -7.23703019517631,#c8102e
67.5098093744036, -7.24164347024423,#c8102e
67.4634056638109, -7.24640269608827,#c8102e
67.4170171491605, -7.25130782564271,#c8102e
67.3706442892055, -7.25635881039893,#c8102e
67.3242875425440, -7.26155560040590,#c8102e
67.2779473676148, -7.26689814427066,#c8102e
67.2316242226928, -7.27238638915886,#c8102e
67.1853185658846, -7.27802028079522,#c8102e
67.1390308551236, -7.28379976346415,#c8102e
67.0927615481659, -7.28972478001021,#c8102e
67.0465111025857, -7.29579527183878,#c8102e
67.0002799757703, -7.30201117891652,#c8102e
66.9540686249164, -7.30837243977208,#c8102e
66.9078775070249, -7.31487899149661,#c8102e
66.8617070788965, -7.32153076974445,#c8102e
66.8155577971276, -7.32832770873375,#c8102e
66.7694301181051, -7.33526974124708,#c8102e
66.7233244980027, -7.34235679863215,#c8102e
66.6772413927755, -7.34958881080247,#c8102e
66.6311812581562, -7.35696570623802,#c8102e
66.5851445496503, -7.36448741198600,#c8102e
66.5391317225316, -7.37215385366151,#c8102e
66.4931432318379, -7.37996495544830,#c8102e
66.4471795323660, -7.38792064009955,#c8102e
66.4012410786677, -7.39602082893858,#c8102e
66.3553283250453, -7.40426544185966,#c8102e
66.3094417255466, -7.41265439732882,#c8102e
66.2635817339611, -7.42118761238459,#c8102e
66.2177488038149, -7.42986500263891,#c8102e
66.1719433883665, -7.43868648227791,#c8102e
66.1261659406026, -7.44765196406273,#c8102e
66.0804169132329, -7.45676135933046,#c8102e
66.0346967586864, -7.46601457799496,#c8102e
65.9890059291062, -7.47541152854779,#c8102e
65.9433448763458, -7.48495211805905,#c8102e
65.8977140519639, -7.49463625217838,#c8102e
65.8521139072204, -7.50446383513584,#c8102e
65.8065448930718, -7.51443476974288,#c8102e
65.7610074601667, -7.52454895739328,#c8102e
65.7155020588414, -7.53480629806414,#c8102e
65.6700291391154, -7.54520669031689,#c8102e
65.6245891506871, -7.55575003129824,#c8102e
65.5791825429291, -7.56643621674124,#c8102e
65.5338097648839, -7.57726514096631,#c8102e
65.4884712652594, -7.58823669688226,#c8102e
65.4431674924247, -7.59935077598737,#c8102e
65.3978988944053, -7.61060726837045,#c8102e
65.3526659188788, -7.62200606271195,#c8102e
65.3074690131708, -7.63354704628501,#c8102e
65.2623086242499, -7.64523010495664,#c8102e
65.2171851987236, -7.65705512318881,#c8102e
65.1720991828341, -7.66902198403959,#c8102e
65.1270510224533, -7.68113056916433,#c8102e
65.0820411630791, -7.69338075881681,#c8102e
65.0370700498302, -7.70577243185043,#c8102e
64.9921381274425, -7.71830546571942,#c8102e
64.9472458402642, -7.73097973648001,#c8102e
64.9023936322514, -7.74379511879174,#c8102e
64.8575819469641, -7.75675148591858,#c8102e
64.8128112275614, -7.76984870973031,#c8102e
64.7680819167972, -7.78308666070370,#c8102e
64.7233944570160, -7.79646520792382,#c8102e
64.6787492901485, -7.80998421908531,#c8102e
64.6341468577070, -7.82364356049376,#c8102e
64.5895876007812, -7.83744309706695,#c8102e
64.5450719600339, -7.85138269233621,#c8102e
64.5006003756965, -7.86546220844780,#c8102e
64.4561732875647, -7.87968150616426,#c8102e
64.4117911349943, -7.89404044486574,#c8102e
64.3674543568966, -7.90853888255147,#c8102e
64.3231633917341, -7.92317667584109,#c8102e
64.2789186775164, -7.93795367997613,#c8102e
64.2347206517956, -7.95286974882140,#c8102e
64.1905697516621, -7.96792473486645,#c8102e
64.1464664137403, -7.98311848922703,#c8102e
64.1024110741842, -7.99845086164653,#c8102e
64.0584041686732, -8.01392170049755,#c8102e
64.0144461324075, -8.02953085278331,#c8102e
63.9705374001043, -8.04527816413920,#c8102e
63.9266784059930, -8.06116347883431,#c8102e
63.8828695838113, -8.07718663977296,#c8102e
63.8391113668006, -8.09334748849626,#c8102e
63.7954041877019, -8.10964586518368,#c8102e
63.7517484787514, -8.12608160865463,#c8102e
63.7081446716763, -8.14265455637003,#c8102e
63.6645931976907, -8.15936454443395,#c8102e
63.6210944874910, -8.17621140759522,#c8102e
63.5776489712518, -8.19319497924907,#c8102e
63.5342570786216, -8.21031509143873,#c8102e
63.4909192387188, -8.22757157485719,#c8102e
63.4476358801271, -8.24496425884878,#c8102e
63.4044074308913, -8.26249297141088,#c8102e
63.3612343185134, -8.28015753919567,#c8102e
63.3181169699482, -8.29795778751178,#c8102e
63.2750558115987, -8.31589354032606,#c8102e
63.2320512693125, -8.33396462026530,#c8102e
63.1891037683773, -8.35217084861799,#c8102e
63.1462137335164, -8.37051204533609,#c8102e
63.1033815888853, -8.38898802903682,#c8102e
63.0606077580665, -8.40759861700442,#c8102e
63.0178926640661, -8.42634362519200,#c8102e
62.9752367293093, -8.44522286822332,#c8102e
62.9326403756361, -8.46423615939465,#c8102e
62.8901040242976, -8.48338331067663,#c8102e
62.8476280959511, -8.50266413271608,#c8102e
62.8052130106566, -8.52207843483790,#c8102e
62.7628591878724, -8.54162602504698,#c8102e
62.7205670464510, -8.56130671003007,#c8102e
62.6783370046347, -8.58112029515768,#c8102e
62.6361694800519, -8.60106658448603,#c8102e
62.5940648897126, -8.62114538075899,#c8102e
62.5520236500044, -8.64135648541001,#c8102e
62.5100461766886, -8.66169969856410,#c8102e
62.4681328848956, -8.68217481903979,#c8102e
62.4262841891214, -8.70278164435114,#c8102e
62.3845005032230, -8.72351997070974,#c8102e
62.3427822404145, -8.74438959302670,#c8102e
62.3011298132630, -8.76539030491471,#c8102e
62.2595436336846, -8.78652189869005,#c8102e
62.2180241129401, -8.80778416537469,#c8102e
62.1765716616314, -8.82917689469831,#c8102e
62.1351866896969, -8.85069987510039,#c8102e
62.0938696064075, -8.87235289373232,#c8102e
62.0526208203631, -8.89413573645950,#c8102e
62.0114407394880, -8.91604818786345,#c8102e
61.9703297710269, -8.93809003124392,#c8102e
61.9292883215414, -8.96026104862108,#c8102e
61.8883167969052, -8.98256102073765,#c8102e
61.8474156023007, -9.00498972706106,#c8102e
61.8065851422148, -9.02754694578565,#c8102e
61.7658258204348, -9.05023245383484,#c8102e
61.7251380400446, -9.07304602686335,#c8102e
61.6845222034203, -9.09598743925945,#c8102e
61.6439787122270, -9.11905646414712,#c8102e
61.6035079674139, -9.14225287338836,#c8102e
61.5631103692110, -9.16557643758540,#c8102e
61.5227863171250, -9.18902692608300,#c8102e
61.4825362099350, -9.21260410697073,#c8102e
61.4423604456892, -9.23630774708522,#c8102e
61.4022594217003, -9.26013761201254,#c8102e
61.3622335345419, -9.28409346609043,#c8102e
61.3222831800448, -9.30817507241072,#c8102e
61.2824087532924, -9.33238219282162,#c8102e
61.2426106486177, -9.35671458793006,#c8102e
61.2028892595986, -9.38117201710411,#c8102e
61.1632449790543, -9.40575423847531,#c8102e
61.1236781990417, -9.43046100894112,#c8102e
61.0841893108512, -9.45529208416725,#c8102e
61.0447787050026, -9.48024721859013,#c8102e
61.0054467712420, -9.50532616541934,#c8102e
60.9661938985371, -9.53052867664001,#c8102e
60.9270204750739, -9.55585450301530,#c8102e
60.8879268882528, -9.58130339408888,#c8102e
60.8489135246845, -9.60687509818735,#c8102e
60.8099807701864, -9.63256936242281,#c8102e
60.7711290097786, -9.65838593269530,#c8102e
60.7323586276806, -9.68432455369533,#c8102e
60.6936700073066, -9.71038496890639,#c8102e
60.6550635312626, -9.73656692060754,#c8102e
60.6165395813422, -9.76287014987590,#c8102e
60.5780985385228, -9.78929439658922,#c8102e
60.5397407829618, -9.81583939942848,#c8102e
60.5014666939931, -9.84250489588045,#c8102e
60.4632766501231, -9.86929062224032,#c8102e
60.4251710290272, -9.89619631361424,#c8102e
60.3871502075457, -9.92322170392202,#c8102e
60.3492145616805, -9.95036652589969,#c8102e
60.3113644665909, -9.97763051110221,#c8102e
60.2736002965904,-10.00501338990608,#c8102e
60.2359224251426,-10.03251489151200,#c8102e
60.1983312248578,-10.06013474394759,#c8102e
60.1608270674891,-10.08787267407003,#c8102e
60.1234103239288,-10.11572840756883,#c8102e
60.0860813642047,-10.14370166896844,#c8102e
60.0488405574766,-10.17179218163107,#c8102e
60.0116882720323,-10.19999966775941,#c8102e
59.9746248752844,-10.22832384839931,#c8102e
59.9376507337663,-10.25676444344261,#c8102e
59.9007662131289,-10.28532117162987,#c8102e
59.8639716781366,-10.31399375055319,#c8102e
59.8272674926640,-10.34278189665898,#c8102e
59.7906540196922,-10.37168532525074,#c8102e
59.7541316213052,-10.40070375049191,#c8102e
59.7177006586864,-10.42983688540868,#c8102e
59.6813614921148,-10.45908444189286,#c8102e
59.6451144809617,-10.48844613070468,#c8102e
59.6089599836871,-10.51792166147568,#c8102e
59.5728983578359,-10.54751074271156,#c8102e
59.5369299600348,-10.57721308179511,#c8102e
59.5010551459883,-10.60702838498904,#c8102e
59.4652742704757,-10.63695635743895,#c8102e
59.4295876873470,-10.66699670317618,#c8102e
59.3939957495199,-10.69714912512078,#c8102e
59.3584988089760,-10.72741332508446,#c8102e
59.3230972167577,-10.75778900377347,#c8102e
59.2877913229640,-10.78827586079164,#c8102e
59.2525814767480,-10.81887359464333,#c8102e
59.2174680263126,-10.84958190273636,#c8102e
59.1824513189076,-10.88040048138506,#c8102e
59.1475317008260,-10.91132902581326,#c8102e
59.1127095174006,-10.94236723015729,#c8102e
59.0779851130007,-10.97351478746901,#c8102e
59.0433588310287,-11.00477138971886,#c8102e
59.0088310139164,-11.03613672779889,#c8102e
58.9744020031220,-11.06761049152581,#c8102e
58.9400721391267,-11.09919236964409,#c8102e
58.9058417614310,-11.13088204982900,#c8102e
58.8717112085516,-11.16267921868972,#c8102e
58.8376808180179,-11.19458356177245,#c8102e
58.8037509263690,-11.22659476356347,#c8102e
58.7699218691499,-11.25871250749234,#c8102e
58.7361939809085,-11.29093647593496,#c8102e
58.7025675951922,-11.32326635021673,#c8102e
58.6690430445447,-11.35570181061573,#c8102e
58.6356206605024,-11.38824253636585,#c8102e
58.6023007735915,-11.42088820565996,#c8102e
58.5690837133246,-11.45363849565313,#c8102e
58.5359698081972,-11.48649308246578,#c8102e
58.5029593856849,-11.51945164118691,#c8102e
58.4700527722398,-11.55251384587729,#c8102e
58.4372502932874,-11.58567936957271,#c8102e
58.4045522732234,-11.61894788428721,#c8102e
58.3719590354105,-11.65231906101628,#c8102e
58.3394709021750,-11.68579256974017,#c8102e
58.3070881948041,-11.71936807942716,#c8102e
58.2748112335420,-11.75304525803675,#c8102e
58.2426403375875,-11.78682377252302,#c8102e
58.2105758250903,-11.82070328883793,#c8102e
58.1786180131481,-11.85468347193456,#c8102e
58.1467672178034,-11.88876398577047,#c8102e
58.1150237540402,-11.92294449331103,#c8102e
58.0833879357813,-11.95722465653270,#c8102e
58.0518600758849,-11.99160413642645,#c8102e
58.0204404861414,-12.02608259300104,#c8102e
57.9891294772707,-12.06065968528643,#c8102e
57.9579273589187,-12.09533507133712,#c8102e
57.9268344396547,-12.13010840823557,#c8102e
57.8958510269677,-12.16497935209555,#c8102e
57.8649774272642,-12.19994755806557,#c8102e
57.8342139458644,-12.23501268033226,#c8102e
57.8035608869996,-12.27017437212383,#c8102e
57.7730185538092,-12.30543228571348,#c8102e
57.7425872483373,-12.34078607242283,#c8102e
57.7122672715302,-12.37623538262535,#c8102e
57.6820589232334,-12.41177986574990,#c8102e
57.6519625021881,-12.44741917028409,#c8102e
57.6219783060290,-12.48315294377784,#c8102e
57.5921066312805,-12.51898083284681,#c8102e
57.5623477733547,-12.55490248317591,#c8102e
57.5327020265478,-12.59091753952284,#c8102e
57.5031696840373,-12.62702564572156,#c8102e
57.4737510378794,-12.66322644468582,#c8102e
57.4444463790058,-12.69951957841270,#c8102e
57.4152559972210,-12.73590468798615,#c8102e
57.3861801811994,-12.77238141358053,#c8102e
57.3572192184822,-12.80894939446421,#c8102e
57.3283733954751,-12.84560826900304,#c8102e
57.2996429974448,-12.88235767466405,#c8102e
57.2710283085168,-12.91919724801894,#c8102e
57.2425296116723,-12.95612662474772,#c8102e
57.2141471887452,-12.99314543964230,#c8102e
57.1858813204196,-13.03025332661010,#c8102e
57.1577322862271,-13.06744991867769,#c8102e
57.1297003645437,-13.10473484799438,#c8102e
57.1017858325873,-13.14210774583590,#c8102e
57.0739889664150,-13.17956824260800,#c8102e
57.0463100409201,-13.21711596785016,#c8102e
57.0187493298296,-13.25475055023922,#c8102e
56.9913071057014,-13.29247161759306,#c8102e
56.9639836399217,-13.33027879687425,#c8102e
56.9367792027023,-13.36817171419382,#c8102e
56.9096940630777,-13.40614999481485,#c8102e
56.8827284889028,-13.44421326315627,#c8102e
56.8558827468499,-13.48236114279652,#c8102e
56.8291571024065,-13.52059325647728,#c8102e
56.8025518198722,-13.55890922610724,#c8102e
56.7760671623564,-13.59730867276577,#c8102e
56.7497033917754,-13.63579121670673,#c8102e
56.7234607688502,-13.67435647736218,#c8102e
56.6973395531038,-13.71300407334620,#c8102e
56.6713400028584,-13.75173362245858,#c8102e
56.6454623752330,-13.79054474168868,#c8102e
56.6197069261408,-13.82943704721917,#c8102e
56.5940739102871,-13.86841015442984,#c8102e
56.5685635811659,-13.90746367790141,#c8102e
56.5431761910583,-13.94659723141931,#c8102e
56.5179119910294,-13.98581042797756,#c8102e
56.4927712309262,-14.02510287978253,#c8102e
56.4677541593748,-14.06447419825682,#c8102e
56.4428610237781,-14.10392399404310,#c8102e
56.4180920703134,-14.14345187700792,#c8102e
56.3934475439301,-14.18305745624562,#c8102e
56.3689276883467,-14.22274034008216,#c8102e
56.3445327460491,-14.26250013607902,#c8102e
56.3202629582878,-14.30233645103707,#c8102e
56.2961185650756,-14.34224889100043,#c8102e
56.2720998051852,-14.38223706126041,#c8102e
56.2482069161469,-14.42230056635940,#c8102e
56.2244401342462,-14.46243901009477,#c8102e
56.2007996945215,-14.50265199552280,#c8102e
56.1772858307616,-14.54293912496259,#c8102e
56.1538987755039,-14.58330000000000,#c8102e
56.1306387600314,-14.62373422149161,#c8102e
56.1075060143709,-14.66424138956865,#c8102e
56.0845007672906,-14.70482110364092,#c8102e
56.0616232462978,-14.74547296240084,#c8102e
56.0388736776365,-14.78619656382731,#c8102e
56.0162522862857,-14.82699150518979,#c8102e
55.9937592959565,-14.86785738305220,#c8102e
55.9713949290904,-14.90879379327695,#c8102e
55.9491594068566,-14.94980033102893,#c8102e
55.9270529491504,-14.99087659077953,#c8102e
55.9050757745906,-15.03202216631061,#c8102e
55.8832281005176,-15.07323665071855,#c8102e
55.8615101429909,-15.11451963641827,#c8102e
55.8399221167874,-15.15587071514726,#c8102e
55.8184642353989,-15.19728947796959,#c8102e
55.7971367110303,-15.23877551528000,#c8102e
55.7759397545973,-15.28032841680791,#c8102e
55.7548735757242,-15.32194777162152,#c8102e
55.7339383827422,-15.36363316813184,#c8102e
55.7131343826871,-15.40538419409674,#c8102e
55.6924617812973,-15.44720043662509,#c8102e
55.6719207830116,-15.48908148218081,#c8102e
55.6515115909674,-15.53102691658694,#c8102e
55.6312344069988,-15.57303632502978,#c8102e
55.6110894316341,-15.61510929206292,#c8102e
55.5910768640945,-15.65724540161145,#c8102e
55.5711969022915,-15.69944423697601,#c8102e
55.5514497428253,-15.74170538083689,#c8102e
55.5318355809827,-15.78402841525820,#c8102e
55.5123546107355,-15.82641292169202,#c8102e
55.4930070247379,-15.86885848098250,#c8102e
55.4737930143254,-15.91136467336998,#c8102e
55.4547127695123,-15.95393107849522,#c8102e
55.4357664789901,-15.99655727540349,#c8102e
55.4169543301256,-16.03924284254877,#c8102e
55.3982765089590,-16.08198735779791,#c8102e
55.3797332002021,-16.12479039843478,#c8102e
55.3613245872365,-16.16765154116448,#c8102e
55.3430508521117,-16.21057036211753,#c8102e
55.3249121755432,-16.25354643685404,#c8102e
55.3069087369111,-16.29657934036792,#c8102e
55.2890407142580,-16.33966864709106,#c8102e
55.2713082842872,-16.38281393089758,#c8102e
55.2537116223612,-16.42601476510803,#c8102e
55.2362509025000,-16.46927072249357,#c8102e
55.2189262973788,-16.51258137528026,#c8102e
55.2017379783270,-16.55594629515322,#c8102e
55.1846861153262,-16.59936505326093,#c8102e
55.1677708770085,-16.64283722021946,#c8102e
55.1509924306549,-16.68636236611666,#c8102e
55.1343509421935,-16.72994006051647,#c8102e
55.1178465761981,-16.77356987246316,#c8102e
55.1014794958864,-16.81725137048560,#c8102e
55.0852498631184,-16.86098412260150,#c8102e
55.0691578383949,-16.90476769632171,#c8102e
55.0532035808559,-16.94860165865448,#c8102e
55.0373872482787,-16.99248557610976,#c8102e
55.0217089970768,-17.03641901470346,#c8102e
55.0061689822983,-17.08040153996177,#c8102e
54.9907673576240,-17.12443271692543,#c8102e
54.9755042753662,-17.16851211015407,#c8102e
54.9603798864670,-17.21263928373047,#c8102e
54.9453943404972,-17.25681380126489,#c8102e
54.9305477856541,-17.30103522589941,#c8102e
54.9158403687609,-17.34530312031221,#c8102e
54.9012722352645,-17.38961704672193,#c8102e
54.8868435292346,-17.43397656689196,#c8102e
54.8725543933618,-17.47838124213480,#c8102e
54.8584049689566,-17.52283063331643,#c8102e
54.8443953959480,-17.56732430086058,#c8102e
54.8305258128816,-17.61186180475312,#c8102e
54.8167963569188,-17.65644270454642,#c8102e
54.8032071638353,-17.70106655936368,#c8102e
54.7897583680194,-17.74573292790331,#c8102e
54.7764501024714,-17.79044136844329,#c8102e
54.7632824988014,-17.83519143884552,#c8102e
54.7502556872287,-17.87998269656022,#c8102e
54.7373697965803,-17.92481469863028,#c8102e
54.7246249542893,-17.96968700169567,#c8102e
54.7120212863942,-18.01459916199781,#c8102e
54.6995589175373,-18.05955073538393,#c8102e
54.6872379709635,-18.10454127731152,#c8102e
54.6750585685190,-18.14957034285268,#c8102e
54.6630208306506,-18.19463748669855,#c8102e
54.6511248764036,-18.23974226316368,#c8102e
54.6393708234217,-18.28488422619047,#c8102e
54.6277587879449,-18.33006292935357,#c8102e
54.6162888848089,-18.37527792586428,#c8102e
54.6049612274436,-18.42052876857501,#c8102e
54.5937759278726,-18.46581500998363,#c8102e
54.5827330967112,-18.51113620223797,#c8102e
54.5718328431661,-18.55649189714023,#c8102e
54.5610752750339,-18.60188164615138,#c8102e
54.5504604987000,-18.64730500039559,#c8102e
54.5399886191380,-18.69276151066476,#c8102e
54.5296597399079,-18.73825072742286,#c8102e
54.5194739631559,-18.78377220081040,#c8102e
54.5094313896128,-18.82932548064892,#c8102e
54.4995321185934,-18.87491011644540,#c8102e
54.4897762479951,-18.92052565739672,#c8102e
54.4801638742972,-18.96617165239418,#c8102e
54.4706950925601,-19.01184765002783,#c8102e
54.4613699964241,-19.05755319859107,#c8102e
54.4521886781083,-19.10328784608504,#c8102e
54.4431512284102,-19.14905114022312,#c8102e
54.4342577367044,-19.19484262843538,#c8102e
54.4255082909419,-19.24066185787306,#c8102e
54.4169029776492,-19.28650837541310,#c8102e
54.4084418819274,-19.33238172766253,#c8102e
54.4001250874513,-19.37828146096302,#c8102e
54.3919526764687,-19.42420712139536,#c8102e
54.3839247297997,-19.47015825478391,#c8102e
54.3760413268354,-19.51613440670115,#c8102e
54.3683025455378,-19.56213512247212,#c8102e
54.3607084624385,-19.60815994717896,#c8102e
54.3532591526381,-19.65420842566535,#c8102e
54.3459546898056,-19.70028010254109,#c8102e
54.3387951461774,-19.74637452218654,#c8102e
54.3317805925571,-19.79249122875716,#c8102e
54.3249110983139,-19.83862976618800,#c8102e
54.3181867313828,-19.88478967819821,#c8102e
54.3116075582637,-19.93097050829558,#c8102e
54.3051736440202,-19.97717179978101,#c8102e
54.2988850522798,-20.02339309575307,#c8102e
54.2927418452326,-20.06963393911247,#c8102e
54.2867440836310,-20.11589387256665,#c8102e
54.2808918267891,-20.16217243863422,#c8102e
54.2751851325820,-20.20846917964955,#c8102e
54.2696240574453,-20.25478363776727,#c8102e
54.2642086563744,-20.30111535496678,#c8102e
54.2589389829243,-20.34746387305684,#c8102e
54.2538150892087,-20.39382873368000,#c8102e
54.2488370258997,-20.44020947831724,#c8102e
54.2440048422270,-20.48660564829243,#c8102e
54.2393185859780,-20.53301678477694,#c8102e
54.2347783034968,-20.57944242879406,#c8102e
54.2303840396838,-20.62588212122366,#c8102e
54.2261358379955,-20.67233540280667,#c8102e
54.2220337404441,-20.71880181414961,#c8102e
54.2180777875965,-20.76528089572920,#c8102e
54.2142680185746,-20.81177218789682,#c8102e
54.2106044710548,-20.85827523088309,#c8102e
54.2070871812670,-20.90478956480246,#c8102e
54.2037161839951,-20.95131472965770,#c8102e
54.2004915125762,-20.99785026534446,#c8102e
54.1974131989001,-21.04439571165584,#c8102e
54.1944812734094,-21.09095060828693,#c8102e
54.1916957650990,-21.13751449483935,#c8102e
54.1890567015158,-21.18408691082583,#c8102e
54.1865641087585,-21.23066739567475,#c8102e
54.1842180114772,-21.27725548873468,#c8102e
54.1820184328734,-21.32385072927896,#c8102e
54.1799653946995,-21.37045265651025,#c8102e
54.1780589172587,-21.41706080956508,#c8102e
54.1762990194049,-21.46367472751839,#c8102e
54.1746857185423,-21.51029394938814,#c8102e
54.1732190306255,-21.55691801413981,#c8102e
54.1718989701591,-21.60354646069103,#c8102e
54.1707255501976,-21.65017882791603,#c8102e
54.1696987823455,-21.69681465465034,#c8102e
54.1688186767568,-21.74345347969521,#c8102e
54.1680852421351,-21.79009484182230,#c8102e
54.1674984857338,-21.83673827977814,#c8102e
54.1670584133554,-21.88338333228872,#c8102e
54.1667650293519,-21.93002953806412,#c8102e
54.1666183366249,-21.97667643580296,#c8102e
54.1666183366249,-22.02332356419705,#c8102e
54.1667650293519,-22.06997046193588,#c8102e
54.1670584133554,-22.11661666771127,#c8102e
54.1674984857338,-22.16326172022187,#c8102e
54.1680852421351,-22.20990515817770,#c8102e
54.1688186767568,-22.25654652030478,#c8102e
54.1696987823455,-22.30318534534966,#c8102e
54.1707255501976,-22.34982117208396,#c8102e
54.1718989701591,-22.39645353930898,#c8102e
54.1732190306255,-22.44308198586019,#c8102e
54.1746857185423,-22.48970605061186,#c8102e
54.1762990194049,-22.53632527248161,#c8102e
54.1780589172587,-22.58293919043492,#c8102e
54.1799653946995,-22.62954734348975,#c8102e
54.1820184328734,-22.67614927072104,#c8102e
54.1842180114772,-22.72274451126532,#c8102e
54.1865641087585,-22.76933260432525,#c8102e
54.1890567015158,-22.81591308917417,#c8102e
54.1916957650990,-22.86248550516065,#c8102e
54.1944812734094,-22.90904939171308,#c8102e
54.1974131989001,-22.95560428834416,#c8102e
54.2004915125762,-23.00214973465554,#c8102e
54.2037161839951,-23.04868527034230,#c8102e
54.2070871812670,-23.09521043519754,#c8102e
54.2106044710548,-23.14172476911691,#c8102e
54.2142680185746,-23.18822781210319,#c8102e
54.2180777875965,-23.23471910427081,#c8102e
54.2220337404441,-23.28119818585039,#c8102e
54.2261358379955,-23.32766459719333,#c8102e
54.2303840396838,-23.37411787877634,#c8102e
54.2347783034968,-23.42055757120594,#c8102e
54.2393185859780,-23.46698321522306,#c8102e
54.2440048422270,-23.51339435170756,#c8102e
54.2488370258997,-23.55979052168276,#c8102e
54.2538150892087,-23.60617126632000,#c8102e
54.2589389829243,-23.65253612694317,#c8102e
54.2642086563744,-23.69888464503321,#c8102e
54.2696240574453,-23.74521636223273,#c8102e
54.2751851325820,-23.79153082035045,#c8102e
54.2808918267891,-23.83782756136578,#c8102e
54.2867440836310,-23.88410612743335,#c8102e
54.2927418452326,-23.93036606088752,#c8102e
54.2988850522798,-23.97660690424693,#c8102e
54.3051736440202,-24.02282820021899,#c8102e
54.3116075582637,-24.06902949170442,#c8102e
54.3181867313828,-24.11521032180179,#c8102e
54.3249110983139,-24.16137023381200,#c8102e
54.3317805925571,-24.20750877124284,#c8102e
54.3387951461774,-24.25362547781346,#c8102e
54.3459546898056,-24.29971989745891,#c8102e
54.3532591526381,-24.34579157433465,#c8102e
54.3607084624385,-24.39184005282105,#c8102e
54.3683025455378,-24.43786487752788,#c8102e
54.3760413268354,-24.48386559329885,#c8102e
54.3839247297997,-24.52984174521609,#c8102e
54.3919526764687,-24.57579287860464,#c8102e
54.4001250874513,-24.62171853903698,#c8102e
54.4084418819274,-24.66761827233748,#c8102e
54.4169029776492,-24.71349162458690,#c8102e
54.4255082909419,-24.75933814212693,#c8102e
54.4342577367044,-24.80515737156463,#c8102e
54.4431512284102,-24.85094885977688,#c8102e
54.4521886781083,-24.89671215391495,#c8102e
54.4613699964241,-24.94244680140893,#c8102e
54.4706950925601,-24.98815234997217,#c8102e
54.4801638742972,-25.03382834760583,#c8102e
54.4897762479951,-25.07947434260327,#c8102e
54.4995321185934,-25.12508988355460,#c8102e
54.5094313896128,-25.17067451935108,#c8102e
54.5194739631559,-25.21622779918960,#c8102e
54.5296597399079,-25.26174927257715,#c8102e
54.5399886191380,-25.30723848933524,#c8102e
54.5504604987000,-25.35269499960440,#c8102e
54.5610752750339,-25.39811835384863,#c8102e
54.5718328431661,-25.44350810285977,#c8102e
54.5827330967112,-25.48886379776203,#c8102e
54.5937759278726,-25.53418499001637,#c8102e
54.6049612274436,-25.57947123142500,#c8102e
54.6162888848089,-25.62472207413572,#c8102e
54.6277587879449,-25.66993707064643,#c8102e
54.6393708234217,-25.71511577380953,#c8102e
54.6511248764036,-25.76025773683632,#c8102e
54.6630208306506,-25.80536251330145,#c8102e
54.6750585685190,-25.85042965714732,#c8102e
54.6872379709635,-25.89545872268848,#c8102e
54.6995589175373,-25.94044926461607,#c8102e
54.7120212863942,-25.98540083800220,#c8102e
54.7246249542893,-26.03031299830433,#c8102e
54.7373697965803,-26.07518530136972,#c8102e
54.7502556872287,-26.12001730343978,#c8102e
54.7632824988014,-26.16480856115448,#c8102e
54.7764501024714,-26.20955863155671,#c8102e
54.7897583680194,-26.25426707209668,#c8102e
54.8032071638352,-26.29893344063631,#c8102e
54.8167963569188,-26.34355729545358,#c8102e
54.8305258128816,-26.38813819524688,#c8102e
54.8443953959480,-26.43267569913943,#c8102e
54.8584049689566,-26.47716936668357,#c8102e
54.8725543933618,-26.52161875786519,#c8102e
54.8868435292346,-26.56602343310805,#c8102e
54.9012722352645,-26.61038295327808,#c8102e
54.9158403687609,-26.65469687968779,#c8102e
54.9305477856541,-26.69896477410058,#c8102e
54.9453943404972,-26.74318619873511,#c8102e
54.9603798864670,-26.78736071626954,#c8102e
54.9755042753662,-26.83148788984593,#c8102e
54.9907673576240,-26.87556728307456,#c8102e
55.0061689822983,-26.91959846003823,#c8102e
55.0217089970768,-26.96358098529654,#c8102e
55.0373872482787,-27.00751442389024,#c8102e
55.0532035808559,-27.05139834134552,#c8102e
55.0691578383949,-27.09523230367829,#c8102e
55.0852498631184,-27.13901587739850,#c8102e
55.1014794958864,-27.18274862951440,#c8102e
55.1178465761981,-27.22643012753684,#c8102e
55.1343509421935,-27.27005993948353,#c8102e
55.1509924306549,-27.31363763388335,#c8102e
55.1677708770085,-27.35716277978054,#c8102e
55.1846861153262,-27.40063494673907,#c8102e
55.2017379783270,-27.44405370484678,#c8102e
55.2189262973788,-27.48741862471975,#c8102e
55.2362509025000,-27.53072927750643,#c8102e
55.2537116223613,-27.57398523489197,#c8102e
55.2713082842872,-27.61718606910242,#c8102e
55.2890407142580,-27.66033135290894,#c8102e
55.3069087369111,-27.70342065963209,#c8102e
55.3249121755432,-27.74645356314596,#c8102e
55.3430508521117,-27.78942963788247,#c8102e
55.3613245872365,-27.83234845883552,#c8102e
55.3797332002021,-27.87520960156523,#c8102e
55.3982765089590,-27.91801264220210,#c8102e
55.4169543301256,-27.96075715745123,#c8102e
55.4357664789901,-28.00344272459651,#c8102e
55.4547127695123,-28.04606892150478,#c8102e
55.4737930143254,-28.08863532663002,#c8102e
55.4930070247379,-28.13114151901751,#c8102e
55.5123546107355,-28.17358707830797,#c8102e
55.5318355809827,-28.21597158474179,#c8102e
55.5514497428253,-28.25829461916312,#c8102e
55.5711969022915,-28.30055576302399,#c8102e
55.5910768640945,-28.34275459838855,#c8102e
55.6110894316342,-28.38489070793708,#c8102e
55.6312344069988,-28.42696367497023,#c8102e
55.6515115909674,-28.46897308341306,#c8102e
55.6719207830116,-28.51091851781919,#c8102e
55.6924617812973,-28.55279956337491,#c8102e
55.7131343826871,-28.59461580590326,#c8102e
55.7339383827422,-28.63636683186817,#c8102e
55.7548735757242,-28.67805222837847,#c8102e
55.7759397545973,-28.71967158319208,#c8102e
55.7971367110303,-28.76122448472000,#c8102e
55.8184642353989,-28.80271052203041,#c8102e
55.8399221167874,-28.84412928485274,#c8102e
55.8615101429909,-28.88548036358173,#c8102e
55.8832281005176,-28.92676334928145,#c8102e
55.9050757745906,-28.96797783368939,#c8102e
55.9270529491504,-29.00912340922048,#c8102e
55.9491594068566,-29.05019966897107,#c8102e
55.9713949290904,-29.09120620672306,#c8102e
55.9937592959565,-29.13214261694780,#c8102e
56.0162522862857,-29.17300849481021,#c8102e
56.0388736776365,-29.21380343617268,#c8102e
56.0616232462978,-29.25452703759916,#c8102e
56.0845007672906,-29.29517889635907,#c8102e
56.1075060143709,-29.33575861043136,#c8102e
56.1306387600314,-29.37626577850838,#c8102e
56.1538987755039,-29.41670000000000,#c8102e
56.1772858307616,-29.45706087503742,#c8102e
56.2007996945215,-29.49734800447720,#c8102e
56.2244401342462,-29.53756098990523,#c8102e
56.2482069161469,-29.57769943364060,#c8102e
56.2720998051852,-29.61776293873960,#c8102e
56.2961185650756,-29.65775110899958,#c8102e
56.3202629582878,-29.69766354896294,#c8102e
56.3445327460491,-29.73749986392097,#c8102e
56.3689276883467,-29.77725965991784,#c8102e
56.3934475439301,-29.81694254375438,#c8102e
56.4180920703134,-29.85654812299208,#c8102e
56.4428610237781,-29.89607600595690,#c8102e
56.4677541593748,-29.93552580174318,#c8102e
56.4927712309262,-29.97489712021747,#c8102e
56.5179119910294,-30.01418957202244,#c8102e
56.5431761910583,-30.05340276858069,#c8102e
56.5685635811659,-30.09253632209859,#c8102e
56.5940739102871,-30.13158984557016,#c8102e
56.6197069261408,-30.17056295278083,#c8102e
56.6454623752330,-30.20945525831132,#c8102e
56.6713400028584,-30.24826637754142,#c8102e
56.6973395531038,-30.28699592665380,#c8102e
56.7234607688502,-30.32564352263781,#c8102e
56.7497033917754,-30.36420878329327,#c8102e
56.7760671623564,-30.40269132723423,#c8102e
56.8025518198722,-30.44109077389276,#c8102e
56.8291571024065,-30.47940674352272,#c8102e
56.8558827468499,-30.51763885720349,#c8102e
56.8827284889028,-30.55578673684374,#c8102e
56.9096940630777,-30.59385000518515,#c8102e
56.9367792027023,-30.63182828580619,#c8102e
56.9639836399217,-30.66972120312575,#c8102e
56.9913071057014,-30.70752838240695,#c8102e
57.0187493298296,-30.74524944976078,#c8102e
57.0463100409201,-30.78288403214984,#c8102e
57.0739889664150,-30.82043175739200,#c8102e
57.1017858325873,-30.85789225416411,#c8102e
57.1297003645437,-30.89526515200562,#c8102e
57.1577322862271,-30.93255008132231,#c8102e
57.1858813204196,-30.96974667338990,#c8102e
57.2141471887452,-31.00685456035770,#c8102e
57.2425296116723,-31.04387337525228,#c8102e
57.2710283085168,-31.08080275198106,#c8102e
57.2996429974448,-31.11764232533595,#c8102e
57.3283733954751,-31.15439173099696,#c8102e
57.3572192184822,-31.19105060553580,#c8102e
57.3861801811994,-31.22761858641946,#c8102e
57.4152559972210,-31.26409531201386,#c8102e
57.4444463790058,-31.30048042158730,#c8102e
57.4737510378794,-31.33677355531418,#c8102e
57.5031696840373,-31.37297435427845,#c8102e
57.5327020265478,-31.40908246047716,#c8102e
57.5623477733547,-31.44509751682410,#c8102e
57.5921066312805,-31.48101916715320,#c8102e
57.6219783060290,-31.51684705622216,#c8102e
57.6519625021881,-31.55258082971590,#c8102e
57.6820589232334,-31.58822013425010,#c8102e
57.7122672715302,-31.62376461737464,#c8102e
57.7425872483373,-31.65921392757718,#c8102e
57.7730185538092,-31.69456771428651,#c8102e
57.8035608869996,-31.72982562787617,#c8102e
57.8342139458644,-31.76498731966774,#c8102e
57.8649774272642,-31.80005244193443,#c8102e
57.8958510269678,-31.83502064790445,#c8102e
57.9268344396547,-31.86989159176443,#c8102e
57.9579273589187,-31.90466492866288,#c8102e
57.9891294772707,-31.93934031471357,#c8102e
58.0204404861414,-31.97391740699896,#c8102e
58.0518600758849,-32.00839586357355,#c8102e
58.0833879357813,-32.04277534346730,#c8102e
58.1150237540402,-32.07705550668898,#c8102e
58.1467672178034,-32.11123601422953,#c8102e
58.1786180131481,-32.14531652806544,#c8102e
58.2105758250903,-32.17929671116207,#c8102e
58.2426403375875,-32.21317622747698,#c8102e
58.2748112335420,-32.24695474196326,#c8102e
58.3070881948041,-32.28063192057284,#c8102e
58.3394709021750,-32.31420743025983,#c8102e
58.3719590354105,-32.34768093898373,#c8102e
58.4045522732234,-32.38105211571280,#c8102e
58.4372502932874,-32.41432063042729,#c8102e
58.4700527722398,-32.44748615412271,#c8102e
58.5029593856849,-32.48054835881310,#c8102e
58.5359698081972,-32.51350691753422,#c8102e
58.5690837133246,-32.54636150434687,#c8102e
58.6023007735915,-32.57911179434004,#c8102e
58.6356206605024,-32.61175746363415,#c8102e
58.6690430445447,-32.64429818938427,#c8102e
58.7025675951922,-32.67673364978327,#c8102e
58.7361939809085,-32.70906352406504,#c8102e
58.7699218691498,-32.74128749250766,#c8102e
58.8037509263690,-32.77340523643653,#c8102e
58.8376808180179,-32.80541643822755,#c8102e
58.8717112085516,-32.83732078131028,#c8102e
58.9058417614310,-32.86911795017100,#c8102e
58.9400721391267,-32.90080763035591,#c8102e
58.9744020031220,-32.93238950847419,#c8102e
59.0088310139164,-32.96386327220111,#c8102e
59.0433588310287,-32.99522861028113,#c8102e
59.0779851130007,-33.02648521253099,#c8102e
59.1127095174006,-33.05763276984271,#c8102e
59.1475317008260,-33.08867097418674,#c8102e
59.1824513189076,-33.11959951861494,#c8102e
59.2174680263126,-33.15041809726364,#c8102e
59.2525814767480,-33.18112640535667,#c8102e
59.2877913229640,-33.21172413920835,#c8102e
59.3230972167577,-33.24221099622653,#c8102e
59.3584988089760,-33.27258667491554,#c8102e
59.3939957495199,-33.30285087487921,#c8102e
59.4295876873470,-33.33300329682382,#c8102e
59.4652742704757,-33.36304364256105,#c8102e
59.5010551459883,-33.39297161501095,#c8102e
59.5369299600348,-33.42278691820489,#c8102e
59.5728983578359,-33.45248925728844,#c8102e
59.6089599836871,-33.48207833852432,#c8102e
59.6451144809617,-33.51155386929533,#c8102e
59.6813614921148,-33.54091555810714,#c8102e
59.7177006586864,-33.57016311459132,#c8102e
59.7541316213053,-33.59929624950809,#c8102e
59.7906540196922,-33.62831467474926,#c8102e
59.8272674926640,-33.65721810334102,#c8102e
59.8639716781366,-33.68600624944681,#c8102e
59.9007662131289,-33.71467882837013,#c8102e
59.9376507337663,-33.74323555655739,#c8102e
59.9746248752844,-33.77167615160069,#c8102e
60.0116882720323,-33.80000033224059,#c8102e
60.0488405574766,-33.82820781836892,#c8102e
60.0860813642047,-33.85629833103156,#c8102e
60.1234103239288,-33.88427159243118,#c8102e
60.1608270674891,-33.91212732592997,#c8102e
60.1983312248578,-33.93986525605241,#c8102e
60.2359224251426,-33.96748510848800,#c8102e
60.2736002965904,-33.99498661009392,#c8102e
60.3113644665909,-34.02236948889778,#c8102e
60.3492145616805,-34.04963347410030,#c8102e
60.3871502075457,-34.07677829607798,#c8102e
60.4251710290272,-34.10380368638576,#c8102e
60.4632766501231,-34.13070937775968,#c8102e
60.5014666939931,-34.15749510411955,#c8102e
60.5397407829618,-34.18416060057152,#c8102e
60.5780985385228,-34.21070560341079,#c8102e
60.6165395813422,-34.23712985012411,#c8102e
60.6550635312626,-34.26343307939246,#c8102e
60.6936700073066,-34.28961503109360,#c8102e
60.7323586276806,-34.31567544630467,#c8102e
60.7711290097786,-34.34161406730470,#c8102e
60.8099807701864,-34.36743063757719,#c8102e
60.8489135246845,-34.39312490181265,#c8102e
60.8879268882528,-34.41869660591112,#c8102e
60.9270204750739,-34.44414549698470,#c8102e
60.9661938985371,-34.46947132335998,#c8102e
61.0054467712420,-34.49467383458065,#c8102e
61.0447787050026,-34.51975278140986,#c8102e
61.0841893108512,-34.54470791583275,#c8102e
61.1236781990417,-34.56953899105888,#c8102e
61.1632449790543,-34.59424576152469,#c8102e
61.2028892595986,-34.61882798289590,#c8102e
61.2426106486177,-34.64328541206994,#c8102e
61.2824087532925,-34.66761780717839,#c8102e
61.3222831800448,-34.69182492758927,#c8102e
61.3622335345419,-34.71590653390957,#c8102e
61.4022594217003,-34.73986238798746,#c8102e
61.4423604456892,-34.76369225291478,#c8102e
61.4825362099350,-34.78739589302927,#c8102e
61.5227863171250,-34.81097307391700,#c8102e
61.5631103692110,-34.83442356241460,#c8102e
61.6035079674139,-34.85774712661164,#c8102e
61.6439787122270,-34.88094353585288,#c8102e
61.6845222034203,-34.90401256074055,#c8102e
61.7251380400446,-34.92695397313665,#c8102e
61.7658258204348,-34.94976754616516,#c8102e
61.8065851422148,-34.97245305421436,#c8102e
61.8474156023007,-34.99501027293894,#c8102e
61.8883167969052,-35.01743897926235,#c8102e
61.9292883215414,-35.03973895137892,#c8102e
61.9703297710269,-35.06190996875608,#c8102e
62.0114407394880,-35.08395181213655,#c8102e
62.0526208203631,-35.10586426354050,#c8102e
62.0938696064075,-35.12764710626767,#c8102e
62.1351866896969,-35.14930012489961,#c8102e
62.1765716616314,-35.17082310530169,#c8102e
62.2180241129401,-35.19221583462531,#c8102e
62.2595436336846,-35.21347810130995,#c8102e
62.3011298132630,-35.23460969508530,#c8102e
62.3427822404145,-35.25561040697330,#c8102e
62.3845005032230,-35.27648002929026,#c8102e
62.4262841891214,-35.29721835564886,#c8102e
62.4681328848956,-35.31782518096021,#c8102e
62.5100461766886,-35.33830030143591,#c8102e
62.5520236500044,-35.35864351458999,#c8102e
62.5940648897126,-35.37885461924101,#c8102e
62.6361694800519,-35.39893341551397,#c8102e
62.6783370046347,-35.41887970484233,#c8102e
62.7205670464510,-35.43869328996993,#c8102e
62.7628591878724,-35.45837397495302,#c8102e
62.8052130106566,-35.47792156516211,#c8102e
62.8476280959511,-35.49733586728392,#c8102e
62.8901040242976,-35.51661668932337,#c8102e
62.9326403756361,-35.53576384060534,#c8102e
62.9752367293093,-35.55477713177668,#c8102e
63.0178926640661,-35.57365637480800,#c8102e
63.0606077580665,-35.59240138299558,#c8102e
63.1033815888853,-35.61101197096318,#c8102e
63.1462137335164,-35.62948795466390,#c8102e
63.1891037683773,-35.64782915138201,#c8102e
63.2320512693125,-35.66603537973470,#c8102e
63.2750558115987,-35.68410645967394,#c8102e
63.3181169699482,-35.70204221248822,#c8102e
63.3612343185134,-35.71984246080433,#c8102e
63.4044074308913,-35.73750702858912,#c8102e
63.4476358801271,-35.75503574115122,#c8102e
63.4909192387188,-35.77242842514281,#c8102e
63.5342570786216,-35.78968490856126,#c8102e
63.5776489712518,-35.80680502075094,#c8102e
63.6210944874910,-35.82378859240478,#c8102e
63.6645931976907,-35.84063545556605,#c8102e
63.7081446716763,-35.85734544362997,#c8102e
63.7517484787514,-35.87391839134537,#c8102e
63.7954041877019,-35.89035413481632,#c8102e
63.8391113668006,-35.90665251150374,#c8102e
63.8828695838113,-35.92281336022704,#c8102e
63.9266784059930,-35.93883652116570,#c8102e
63.9705374001043,-35.95472183586079,#c8102e
64.0144461324075,-35.97046914721669,#c8102e
64.0584041686732,-35.98607829950245,#c8102e
64.1024110741842,-36.00154913835347,#c8102e
64.1464664137403,-36.01688151077298,#c8102e
64.1905697516621,-36.03207526513355,#c8102e
64.2347206517956,-36.04713025117859,#c8102e
64.2789186775164,-36.06204632002387,#c8102e
64.3231633917341,-36.07682332415891,#c8102e
64.3674543568966,-36.09146111744853,#c8102e
64.4117911349944,-36.10595955513426,#c8102e
64.4561732875647,-36.12031849383574,#c8102e
64.5006003756965,-36.13453779155220,#c8102e
64.5450719600339,-36.14861730766379,#c8102e
64.5895876007812,-36.16255690293305,#c8102e
64.6341468577070,-36.17635643950624,#c8102e
64.6787492901485,-36.19001578091469,#c8102e
64.7233944570160,-36.20353479207618,#c8102e
64.7680819167972,-36.21691333929630,#c8102e
64.8128112275614,-36.23015129026969,#c8102e
64.8575819469641,-36.24324851408142,#c8102e
64.9023936322514,-36.25620488120826,#c8102e
64.9472458402642,-36.26902026351999,#c8102e
64.9921381274425,-36.28169453428058,#c8102e
65.0370700498302,-36.29422756814957,#c8102e
65.0820411630791,-36.30661924118318,#c8102e
65.1270510224533,-36.31886943083567,#c8102e
65.1720991828341,-36.33097801596041,#c8102e
65.2171851987236,-36.34294487681119,#c8102e
65.2623086242499,-36.35476989504336,#c8102e
65.3074690131708,-36.36645295371499,#c8102e
65.3526659188788,-36.37799393728805,#c8102e
65.3978988944053,-36.38939273162954,#c8102e
65.4431674924247,-36.40064922401262,#c8102e
65.4884712652594,-36.41176330311774,#c8102e
65.5338097648839,-36.42273485903369,#c8102e
65.5791825429291,-36.43356378325876,#c8102e
65.6245891506871,-36.44424996870176,#c8102e
65.6700291391154,-36.45479330968311,#c8102e
65.7155020588414,-36.46519370193586,#c8102e
65.7610074601667,-36.47545104260672,#c8102e
65.8065448930718,-36.48556523025712,#c8102e
65.8521139072204,-36.49553616486416,#c8102e
65.8977140519639,-36.50536374782162,#c8102e
65.9433448763458,-36.51504788194095,#c8102e
65.9890059291062,-36.52458847145221,#c8102e
66.0346967586864,-36.53398542200504,#c8102e
66.0804169132329,-36.54323864066954,#c8102e
66.1261659406026,-36.55234803593727,#c8102e
66.1719433883665,-36.56131351772210,#c8102e
66.2177488038149,-36.57013499736108,#c8102e
66.2635817339611,-36.57881238761541,#c8102e
66.3094417255466,-36.58734560267118,#c8102e
66.3553283250453,-36.59573455814034,#c8102e
66.4012410786677,-36.60397917106143,#c8102e
66.4471795323660,-36.61207935990045,#c8102e
66.4931432318379,-36.62003504455170,#c8102e
66.5391317225316,-36.62784614633849,#c8102e
66.5851445496503,-36.63551258801400,#c8102e
66.6311812581562,-36.64303429376198,#c8102e
66.6772413927755,-36.65041118919753,#c8102e
66.7233244980027,-36.65764320136785,#c8102e
66.7694301181051,-36.66473025875293,#c8102e
66.8155577971276,-36.67167229126625,#c8102e
66.8617070788965,-36.67846923025554,#c8102e
66.9078775070249,-36.68512100850339,#c8102e
66.9540686249164,-36.69162756022792,#c8102e
67.0002799757703,-36.69798882108348,#c8102e
67.0465111025857,-36.70420472816122,#c8102e
67.0927615481659,-36.71027521998978,#c8102e
67.1390308551236,-36.71620023653585,#c8102e
67.1853185658846,-36.72197971920478,#c8102e
67.2316242226928,-36.72761361084115,#c8102e
67.2779473676148,-36.73310185572934,#c8102e
67.3242875425440,-36.73844439959410,#c8102e
67.3706442892055,-36.74364118960107,#c8102e
67.4170171491605,-36.74869217435729,#c8102e
67.4634056638109,-36.75359730391173,#c8102e
67.5098093744036,-36.75835652975577,#c8102e
67.5562278220356,-36.76296980482369,#c8102e
67.6026605476578,-36.76743708349313,#c8102e
67.6491070920800,-36.77175832158553,#c8102e
67.6955669959754,-36.77593347636660,#c8102e
67.7420397998850,-36.77996250654671,#c8102e
67.7885250442223,-36.78384537228131,#c8102e
67.8350222692778,-36.78758203517131,#c8102e
67.8815310152234,-36.79117245826350,#c8102e
67.9280508221172,-36.79461660605087,#c8102e
67.9745812299077,-36.79791444447299,#c8102e
68.0211217784389,-36.80106594091633,#c8102e
68.0676720074542,-36.80407106421458,#c8102e
68.1142314566014,-36.80692978464899,#c8102e
68.1607996654371,-36.80964207394864,#c8102e
68.2073761734314,-36.81220790529068,#c8102e
68.2539605199720,-36.81462725330069,#c8102e
68.3005522443695,-36.81690009405285,#c8102e
68.3471508858612,-36.81902640507021,#c8102e
68.3937559836161,-36.82100616532490,#c8102e
68.4403670767395,-36.82283935523835,#c8102e
68.4869837042772,-36.82452595668148,#c8102e
68.5336054052203,-36.82606595297486,#c8102e
68.5802317185099,-36.82745932888891,#c8102e
68.6268621830412,-36.82870607064403,#c8102e
68.6734963376687,-36.82980616591074,#c8102e
68.7201337212101,-36.83075960380979,#c8102e
68.7667738724513,-36.83156637491228,#c8102e
68.8134163301508,-36.83222647123976,#c8102e
68.8600606330444,-36.83273988626431,#c8102e
68.9067063198494,-36.83310661490856,#c8102e
68.9533529292698,-36.83332665354580,#c8102e
69.0000000000000,-36.83340000000000,#c8102e
69.0000000000000,-37.00000000000000,#c8102e
69.0000000000000,-37.00000000000000,#c8102e
69.0000000000000,-37.00000000000000,#c8102e
69.0028108839486,-36.99999973663105,#c8102e
69.0056217677984,-36.99999894652419,#c8102e
69.0084326514509,-36.99999762967946,#c8102e
69.0112435348072,-36.99999578609691,#c8102e
69.0140544177687,-36.99999341577659,#c8102e
69.0168653002366,-36.99999051871860,#c8102e
69.0196761821124,-36.99998709492303,#c8102e
69.0224870632971,-36.99998314439001,#c8102e
69.0252979436923,-36.99997866711966,#c8102e
69.0281088231990,-36.99997366311216,#c8102e
69.0309197017187,-36.99996813236767,#c8102e
69.0337305791527,-36.99996207488639,#c8102e
69.0365414554021,-36.99995549066853,#c8102e
69.0393523303684,-36.99994837971433,#c8102e
69.0421632039528,-36.99994074202403,#c8102e
69.0449740760565,-36.99993257759790,#c8102e
69.0477849465810,-36.99992388643624,#c8102e
69.0505958154275,-36.99991466853933,#c8102e
69.0534066824972,-36.99990492390751,#c8102e
69.0562175476916,-36.99989465254112,#c8102e
69.0590284109118,-36.99988385444051,#c8102e
69.0618392720591,-36.99987252960608,#c8102e
69.0646501310350,-36.99986067803822,#c8102e
69.0674609877405,-36.99984829973734,#c8102e
69.0702718420772,-36.99983539470387,#c8102e
69.0730826939461,-36.99982196293828,#c8102e
69.0758935432488,-36.99980800444103,#c8102e
69.0787043898863,-36.99979351921261,#c8102e
69.0815152337601,-36.99977850725353,#c8102e
69.0843260747714,-36.99976296856433,#c8102e
69.0871369128215,-36.99974690314553,#c8102e
69.0899477478117,-36.99973031099771,#c8102e
69.0927585796434,-36.99971319212146,#c8102e
69.0955694082177,-36.99969554651737,#c8102e
69.0983802334360,-36.99967737418606,#c8102e
69.1011910551996,-36.99965867512816,#c8102e
69.1040018734099,-36.99963944934435,#c8102e
69.1068126879680,-36.99961969683528,#c8102e
69.1096234987753,-36.99959941760167,#c8102e
69.1124343057330,-36.99957861164420,#c8102e
69.1152451087425,-36.99955727896364,#c8102e
69.1180559077052,-36.99953541956070,#c8102e
69.1208667025221,-36.99951303343617,#c8102e
69.1236774930947,-36.99949012059083,#c8102e
69.1264882793243,-36.99946668102548,#c8102e
69.1292990611122,-36.99944271474095,#c8102e
69.1321098383596,-36.99941822173809,#c8102e
69.1349206109678,-36.99939320201774,#c8102e
69.1377313788382,-36.99936765558080,#c8102e
69.1405421418720,-36.99934158242814,#c8102e
69.1433528999706,-36.99931498256070,#c8102e
69.1461636530352,-36.99928785597941,#c8102e
69.1489744009672,-36.99926020268521,#c8102e
69.1517851436678,-36.99923202267909,#c8102e
69.1545958810383,-36.99920331596202,#c8102e
69.1574066129800,-36.99917408253502,#c8102e
69.1602173393943,-36.99914432239910,#c8102e
69.1630280601824,-36.99911403555534,#c8102e
69.1658387752457,-36.99908322200477,#c8102e
69.1686494844854,-36.99905188174849,#c8102e
69.1714601878028,-36.99902001478759,#c8102e
69.1742708850992,-36.99898762112319,#c8102e
69.1770815762759,-36.99895470075644,#c8102e
69.1798922612343,-36.99892125368848,#c8102e
69.1827029398756,-36.99888727992050,#c8102e
69.1855136121012,-36.99885277945367,#c8102e
69.1883242778123,-36.99881775228923,#c8102e
69.1911349369102,-36.99878219842839,#c8102e
69.1939455892962,-36.99874611787241,#c8102e
69.1967562348717,-36.99870951062255,#c8102e
69.1995668735379,-36.99867237668009,#c8102e
69.2023775051961,-36.99863471604634,#c8102e
69.2051881297477,-36.99859652872263,#c8102e
69.2079987470939,-36.99855781471030,#c8102e
69.2108093571361,-36.99851857401070,#c8102e
69.2136199597755,-36.99847880662521,#c8102e
69.2164305549135,-36.99843851255523,#c8102e
69.2192411424513,-36.99839769180217,#c8102e
69.2220517222903,-36.99835634436747,#c8102e
69.2248622943317,-36.99831447025258,#c8102e
69.2276728584770,-36.99827206945896,#c8102e
69.2304834146272,-36.99822914198812,#c8102e
69.2332939626839,-36.99818568784156,#c8102e
69.2361045025482,-36.99814170702079,#c8102e
69.2389150341216,-36.99809719952736,#c8102e
69.2417255573052,-36.99805216536286,#c8102e
69.2445360720004,-36.99800660452884,#c8102e
69.2473465781085,-36.99796051702690,#c8102e
69.2501570755309,-36.99791390285868,#c8102e
69.2529675641687,-36.99786676202581,#c8102e
69.2557780439234,-36.99781909452993,#c8102e
69.2585885146962,-36.99777090037274,#c8102e
69.2613989763885,-36.99772217955590,#c8102e
69.2642094289015,-36.99767293208114,#c8102e
69.2670198721366,-36.99762315795020,#c8102e
69.2698303059950,-36.99757285716481,#c8102e
69.2726407303781,-36.99752202972674,#c8102e
69.2754511451872,-36.99747067563778,#c8102e
69.2782615503236,-36.99741879489972,#c8102e
69.2810719456886,-36.99736638751440,#c8102e
69.2838823311835,-36.99731345348366,#c8102e
69.2866927067097,-36.99725999280933,#c8102e
69.2895030721684,-36.99720600549333,#c8102e
69.2923134274609,-36.99715149153752,#c8102e
69.2951237724886,-36.99709645094383,#c8102e
69.2979341071528,-36.99704088371419,#c8102e
69.3007444313547,-36.99698478985056,#c8102e
69.3035547449958,-36.99692816935490,#c8102e
69.3063650479773,-36.99687102222920,#c8102e
69.3091753402005,-36.99681334847547,#c8102e
69.3119856215667,-36.99675514809572,#c8102e
69.3147958919773,-36.99669642109202,#c8102e
69.3176061513336,-36.99663716746642,#c8102e
69.3204163995368,-36.99657738722099,#c8102e
69.3232266364884,-36.99651708035784,#c8102e
69.3260368620896,-36.99645624687909,#c8102e
69.3288470762417,-36.99639488678687,#c8102e
69.3316572788460,-36.99633300008334,#c8102e
69.3344674698040,-36.99627058677066,#c8102e
69.3372776490168,-36.99620764685105,#c8102e
69.3400878163858,-36.99614418032669,#c8102e
69.3428979718124,-36.99608018719982,#c8102e
69.3457081151978,-36.99601566747269,#c8102e
69.3485182464433,-36.99595062114757,#c8102e
69.3513283654503,-36.99588504822673,#c8102e
69.3541384721202,-36.99581894871248,#c8102e
69.3569485663541,-36.99575232260715,#c8102e
69.3597586480536,-36.99568516991307,#c8102e
69.3625687171197,-36.99561749063260,#c8102e
69.3653787734540,-36.99554928476810,#c8102e
69.3681888169576,-36.99548055232200,#c8102e
69.3709988475321,-36.99541129329669,#c8102e
69.3738088650785,-36.99534150769460,#c8102e
69.3766188694983,-36.99527119551820,#c8102e
69.3794288606929,-36.99520035676994,#c8102e
69.3822388385635,-36.99512899145231,#c8102e
69.3850488030114,-36.99505709956783,#c8102e
69.3878587539380,-36.99498468111901,#c8102e
69.3906686912446,-36.99491173610839,#c8102e
69.3934786148325,-36.99483826453855,#c8102e
69.3962885246031,-36.99476426641206,#c8102e
69.3990984204577,-36.99468974173151,#c8102e
69.4019083022976,-36.99461469049953,#c8102e
69.4047181700242,-36.99453911271875,#c8102e
69.4075280235387,-36.99446300839182,#c8102e
69.4103378627425,-36.99438637752142,#c8102e
69.4131476875370,-36.99430922011024,#c8102e
69.4159574978234,-36.99423153616098,#c8102e
69.4187672935031,-36.99415332567638,#c8102e
69.4215770744775,-36.99407458865918,#c8102e
69.4243868406478,-36.99399532511215,#c8102e
69.4271965919154,-36.99391553503807,#c8102e
69.4300063281816,-36.99383521843974,#c8102e
69.4328160493477,-36.99375437531998,#c8102e
69.4356257553152,-36.99367300568163,#c8102e
69.4384354459853,-36.99359110952756,#c8102e
69.4412451212594,-36.99350868686062,#c8102e
69.4440547810387,-36.99342573768372,#c8102e
69.4468644252247,-36.99334226199978,#c8102e
69.4496740537187,-36.99325825981172,#c8102e
69.4524836664219,-36.99317373112249,#c8102e
69.4552932632358,-36.99308867593506,#c8102e
69.4581028440617,-36.99300309425242,#c8102e
69.4609124088010,-36.99291698607757,#c8102e
69.4637219573548,-36.99283035141354,#c8102e
69.4665314896247,-36.99274319026337,#c8102e
69.4693410055120,-36.99265550263011,#c8102e
69.4721505049179,-36.99256728851686,#c8102e
69.4749599877438,-36.99247854792670,#c8102e
69.4777694538912,-36.99238928086276,#c8102e
69.4805789032612,-36.99229948732816,#c8102e
69.4833883357553,-36.99220916732607,#c8102e
69.4861977512748,-36.99211832085965,#c8102e
69.4890071497210,-36.99202694793208,#c8102e
69.4918165309954,-36.99193504854659,#c8102e
69.4946258949991,-36.99184262270640,#c8102e
69.4974352416337,-36.99174967041475,#c8102e
69.5002445708004,-36.99165619167491,#c8102e
69.5030538824006,-36.99156218649016,#c8102e
69.5058631763356,-36.99146765486380,#c8102e
69.5086724525068,-36.99137259679916,#c8102e
69.5114817108155,-36.99127701229956,#c8102e
69.5142909511631,-36.99118090136837,#c8102e
69.5171001734509,-36.99108426400896,#c8102e
69.5199093775803,-36.99098710022472,#c8102e
69.5227185634527,-36.99088941001907,#c8102e
69.5255277309693,-36.99079119339544,#c8102e
69.5283368800316,-36.99069245035727,#c8102e
69.5311460105408,-36.99059318090804,#c8102e
69.5339551223985,-36.99049338505122,#c8102e
69.5367642155058,-36.99039306279033,#c8102e
69.5395732897642,-36.99029221412889,#c8102e
69.5423823450750,-36.99019083907043,#c8102e
69.5451913813395,-36.99008893761852,#c8102e
69.5480003984593,-36.98998650977673,#c8102e
69.5508093963355,-36.98988355554867,#c8102e
69.5536183748696,-36.98978007493795,#c8102e
69.5564273339628,-36.98967606794820,#c8102e
69.5592362735167,-36.98957153458307,#c8102e
69.5620451934325,-36.98946647484624,#c8102e
69.5648540936116,-36.98936088874139,#c8102e
69.5676629739553,-36.98925477627224,#c8102e
69.5704718343651,-36.98914813744251,#c8102e
69.5732806747423,-36.98904097225593,#c8102e
69.5760894949882,-36.98893328071628,#c8102e
69.5788982950043,-36.98882506282735,#c8102e
69.5817070746918,-36.98871631859291,#c8102e
69.5845158339522,-36.98860704801681,#c8102e
69.5873245726868,-36.98849725110287,#c8102e
69.5901332907970,-36.98838692785495,#c8102e
69.5929419881842,-36.98827607827692,#c8102e
69.5957506647497,-36.98816470237268,#c8102e
69.5985593203949,-36.98805280014614,#c8102e
69.6013679550212,-36.98794037160122,#c8102e
69.6041765685299,-36.98782741674188,#c8102e
69.6069851608225,-36.98771393557207,#c8102e
69.6097937318002,-36.98759992809580,#c8102e
69.6126022813645,-36.98748539431705,#c8102e
69.6154108094168,-36.98737033423986,#c8102e
69.6182193158583,-36.98725474786826,#c8102e
69.6210278005906,-36.98713863520631,#c8102e
69.6238362635150,-36.98702199625809,#c8102e
69.6266447045328,-36.98690483102769,#c8102e
69.6294531235454,-36.98678713951923,#c8102e
69.6322615204542,-36.98666892173684,#c8102e
69.6350698951607,-36.98655017768468,#c8102e
69.6378782475661,-36.98643090736691,#c8102e
69.6406865775718,-36.98631111078772,#c8102e
69.6434948850793,-36.98619078795132,#c8102e
69.6463031699899,-36.98606993886192,#c8102e
69.6491114322051,-36.98594856352379,#c8102e
69.6519196716261,-36.98582666194118,#c8102e
69.6547278881544,-36.98570423411836,#c8102e
69.6575360816914,-36.98558128005964,#c8102e
69.6603442521384,-36.98545779976934,#c8102e
69.6631523993969,-36.98533379325179,#c8102e
69.6659605233682,-36.98520926051135,#c8102e
69.6687686239537,-36.98508420155239,#c8102e
69.6715767010549,-36.98495861637930,#c8102e
69.6743847545730,-36.98483250499650,#c8102e
69.6771927844096,-36.98470586740839,#c8102e
69.6800007904659,-36.98457870361946,#c8102e
69.6828087726434,-36.98445101363414,#c8102e
69.6856167308435,-36.98432279745693,#c8102e
69.6884246649676,-36.98419405509233,#c8102e
69.6912325749171,-36.98406478654486,#c8102e
69.6940404605933,-36.98393499181905,#c8102e
69.6968483218977,-36.98380467091948,#c8102e
69.6996561587317,-36.98367382385071,#c8102e
69.7024639709966,-36.98354245061734,#c8102e
69.7052717585940,-36.98341055122397,#c8102e
69.7080795214251,-36.98327812567525,#c8102e
69.7108872593913,-36.98314517397583,#c8102e
69.7136949723942,-36.98301169613036,#c8102e
69.7165026603350,-36.98287769214355,#c8102e
69.7193103231153,-36.98274316202009,#c8102e
69.7221179606363,-36.98260810576471,#c8102e
69.7249255727996,-36.98247252338216,#c8102e
69.7277331595064,-36.98233641487718,#c8102e
69.7305407206583,-36.98219978025457,#c8102e
69.7333482561566,-36.98206261951912,#c8102e
69.7361557659028,-36.98192493267565,#c8102e
69.7389632497982,-36.98178671972898,#c8102e
69.7417707077443,-36.98164798068399,#c8102e
69.7445781396425,-36.98150871554553,#c8102e
69.7473855453941,-36.98136892431850,#c8102e
69.7501929249007,-36.98122860700780,#c8102e
69.7530002780636,-36.98108776361837,#c8102e
69.7558076047843,-36.98094639415515,#c8102e
69.7586149049641,-36.98080449862311,#c8102e
69.7614221785045,-36.98066207702722,#c8102e
69.7642294253069,-36.98051912937249,#c8102e
69.7670366452728,-36.98037565566393,#c8102e
69.7698438383034,-36.98023165590660,#c8102e
69.7726510043004,-36.98008713010554,#c8102e
69.7754581431651,-36.97994207826582,#c8102e
69.7782652547988,-36.97979650039255,#c8102e
69.7810723391031,-36.97965039649083,#c8102e
69.7838793959794,-36.97950376656580,#c8102e
69.7866864253291,-36.97935661062260,#c8102e
69.7894934270537,-36.97920892866640,#c8102e
69.7923004010544,-36.97906072070239,#c8102e
69.7951073472329,-36.97891198673576,#c8102e
69.7979142654905,-36.97876272677176,#c8102e
69.8007211557286,-36.97861294081560,#c8102e
69.8035280178488,-36.97846262887256,#c8102e
69.8063348517523,-36.97831179094792,#c8102e
69.8091416573407,-36.97816042704697,#c8102e
69.8119484345154,-36.97800853717502,#c8102e
69.8147551831779,-36.97785612133742,#c8102e
69.8175619032295,-36.97770317953950,#c8102e
69.8203685945717,-36.97754971178665,#c8102e
69.8231752571060,-36.97739571808425,#c8102e
69.8259818907337,-36.97724119843771,#c8102e
69.8287884953564,-36.97708615285246,#c8102e
69.8315950708755,-36.97693058133393,#c8102e
69.8344016171924,-36.97677448388760,#c8102e
69.8372081342086,-36.97661786051894,#c8102e
69.8400146218255,-36.97646071123346,#c8102e
69.8428210799445,-36.97630303603667,#c8102e
69.8456275084672,-36.97614483493411,#c8102e
69.8484339072949,-36.97598610793133,#c8102e
69.8512402763291,-36.97582685503392,#c8102e
69.8540466154713,-36.97566707624745,#c8102e
69.8568529246230,-36.97550677157755,#c8102e
69.8596592036854,-36.97534594102984,#c8102e
69.8624654525603,-36.97518458460997,#c8102e
69.8652716711489,-36.97502270232360,#c8102e
69.8680778593527,-36.97486029417642,#c8102e
69.8708840170733,-36.97469736017414,#c8102e
69.8736901442119,-36.97453390032247,#c8102e
69.8764962406703,-36.97436991462715,#c8102e
69.8793023063497,-36.97420540309395,#c8102e
69.8821083411516,-36.97404036572864,#c8102e
69.8849143449775,-36.97387480253702,#c8102e
69.8877203177290,-36.97370871352489,#c8102e
69.8905262593073,-36.97354209869809,#c8102e
69.8933321696141,-36.97337495806248,#c8102e
69.8961380485507,-36.97320729162392,#c8102e
69.8989438960187,-36.97303909938830,#c8102e
69.9017497119195,-36.97287038136152,#c8102e
69.9045554961545,-36.97270113754952,#c8102e
69.9073612486254,-36.97253136795823,#c8102e
69.9101669692334,-36.97236107259361,#c8102e
69.9129726578802,-36.97219025146165,#c8102e
69.9157783144671,-36.97201890456834,#c8102e
69.9185839388957,-36.97184703191971,#c8102e
69.9213895310674,-36.97167463352177,#c8102e
69.9241950908838,-36.97150170938060,#c8102e
69.9270006182462,-36.97132825950226,#c8102e
69.9298061130562,-36.97115428389285,#c8102e
69.9326115752153,-36.97097978255847,#c8102e
69.9354170046249,-36.97080475550526,#c8102e
69.9382224011865,-36.97062920273934,#c8102e
69.9410277648016,-36.97045312426690,#c8102e
69.9438330953718,-36.97027652009410,#c8102e
69.9466383927984,-36.97009939022718,#c8102e
69.9494436569830,-36.96992173467232,#c8102e
69.9522488878271,-36.96974355343578,#c8102e
69.9550540852322,-36.96956484652381,#c8102e
69.9578592490997,-36.96938561394268,#c8102e
69.9606643793311,-36.96920585569870,#c8102e
69.9634694758280,-36.96902557179818,#c8102e
69.9662745384918,-36.96884476224743,#c8102e
69.9690795672241,-36.96866342705282,#c8102e
69.9718845619263,-36.96848156622072,#c8102e
69.9746895225000,-36.96829917975749,#c8102e
69.9774944488465,-36.96811626766956,#c8102e
69.9802993408676,-36.96793282996335,#c8102e
69.9831041984645,-36.96774886664529,#c8102e
69.9859090215389,-36.96756437772185,#c8102e
69.9887138099923,-36.96737936319951,#c8102e
69.9915185637261,-36.96719382308476,#c8102e
69.9943232826420,-36.96700775738411,#c8102e
69.9971279666412,-36.96682116610410,#c8102e
69.9999326156255,-36.96663404925130,#c8102e
70.0027372294963,-36.96644640683225,#c8102e
70.0055418081551,-36.96625823885356,#c8102e
70.0083463515035,-36.96606954532183,#c8102e
70.0111508594429,-36.96588032624369,#c8102e
70.0139553318748,-36.96569058162578,#c8102e
70.0167597687009,-36.96550031147477,#c8102e
70.0195641698225,-36.96530951579733,#c8102e
70.0223685351413,-36.96511819460017,#c8102e
70.0251728645587,-36.96492634789000,#c8102e
70.0279771579763,-36.96473397567357,#c8102e
70.0307814152956,-36.96454107795763,#c8102e
70.0335856364182,-36.96434765474894,#c8102e
70.0363898212454,-36.96415370605430,#c8102e
70.0391939696790,-36.96395923188054,#c8102e
70.0419980816203,-36.96376423223447,#c8102e
70.0448021569710,-36.96356870712293,#c8102e
70.0476061956326,-36.96337265655281,#c8102e
70.0504101975066,-36.96317608053097,#c8102e
70.0532141624945,-36.96297897906433,#c8102e
70.0560180904979,-36.96278135215980,#c8102e
70.0588219814183,-36.96258319982433,#c8102e
70.0616258351573,-36.96238452206487,#c8102e
70.0644296516164,-36.96218531888841,#c8102e
70.0672334306971,-36.96198559030193,#c8102e
70.0700371723010,-36.96178533631245,#c8102e
70.0728408763296,-36.96158455692699,#c8102e
70.0756445426845,-36.96138325215263,#c8102e
70.0784481712671,-36.96118142199641,#c8102e
70.0812517619792,-36.96097906646543,#c8102e
70.0840553147222,-36.96077618556680,#c8102e
70.0868588293976,-36.96057277930763,#c8102e
70.0896623059071,-36.96036884769508,#c8102e
70.0924657441521,-36.96016439073630,#c8102e
70.0952691440342,-36.95995940843846,#c8102e
70.0980725054551,-36.95975390080878,#c8102e
70.1008758283161,-36.95954786785447,#c8102e
70.1036791125190,-36.95934130958276,#c8102e
70.1064823579652,-36.95913422600091,#c8102e
70.1092855645564,-36.95892661711618,#c8102e
70.1120887321940,-36.95871848293586,#c8102e
70.1148918607797,-36.95850982346728,#c8102e
70.1176949502150,-36.95830063871776,#c8102e
70.1204980004014,-36.95809092869462,#c8102e
70.1233010112406,-36.95788069340526,#c8102e
70.1261039826342,-36.95766993285704,#c8102e
70.1289069144836,-36.95745864705736,#c8102e
70.1317098066905,-36.95724683601366,#c8102e
70.1345126591564,-36.95703449973335,#c8102e
70.1373154717829,-36.95682163822391,#c8102e
70.1401182444717,-36.95660825149281,#c8102e
70.1429209771241,-36.95639433954754,#c8102e
70.1457236696420,-36.95617990239560,#c8102e
70.1485263219267,-36.95596494004454,#c8102e
70.1513289338800,-36.95574945250189,#c8102e
70.1541315054034,-36.95553343977524,#c8102e
70.1569340363984,-36.95531690187215,#c8102e
70.1597365267667,-36.95509983880024,#c8102e
70.1625389764099,-36.95488225056713,#c8102e
70.1653413852295,-36.95466413718046,#c8102e
70.1681437531271,-36.95444549864789,#c8102e
70.1709460800044,-36.95422633497709,#c8102e
70.1737483657629,-36.95400664617576,#c8102e
70.1765506103042,-36.95378643225163,#c8102e
70.1793528135299,-36.95356569321241,#c8102e
70.1821549753416,-36.95334442906586,#c8102e
70.1849570956410,-36.95312263981975,#c8102e
70.1877591743295,-36.95290032548188,#c8102e
70.1905612113089,-36.95267748606004,#c8102e
70.1933632064807,-36.95245412156206,#c8102e
70.1961651597465,-36.95223023199578,#c8102e
70.1989670710079,-36.95200581736908,#c8102e
70.2017689401666,-36.95178087768981,#c8102e
70.2045707671241,-36.95155541296590,#c8102e
70.2073725517821,-36.95132942320525,#c8102e
70.2101742940422,-36.95110290841581,#c8102e
70.2129759938059,-36.95087586860551,#c8102e
70.2157776509750,-36.95064830378234,#c8102e
70.2185792654509,-36.95042021395429,#c8102e
70.2213808371355,-36.95019159912937,#c8102e
70.2241823659301,-36.94996245931560,#c8102e
70.2269838517366,-36.94973279452103,#c8102e
70.2297852944565,-36.94950260475373,#c8102e
70.2325866939914,-36.94927189002178,#c8102e
70.2353880502429,-36.94904065033329,#c8102e
70.2381893631128,-36.94880888569636,#c8102e
70.2409906325025,-36.94857659611915,#c8102e
70.2437918583138,-36.94834378160979,#c8102e
70.2465930404483,-36.94811044217649,#c8102e
70.2493941788076,-36.94787657782743,#c8102e
70.2521952732933,-36.94764218857081,#c8102e
70.2549963238071,-36.94740727441487,#c8102e
70.2577973302507,-36.94717183536786,#c8102e
70.2605982925256,-36.94693587143805,#c8102e
70.2633992105335,-36.94669938263372,#c8102e
70.2662000841761,-36.94646236896318,#c8102e
70.2690009133549,-36.94622483043475,#c8102e
70.2718016979717,-36.94598676705677,#c8102e
70.2746024379281,-36.94574817883760,#c8102e
70.2774031331258,-36.94550906578563,#c8102e
70.2802037834663,-36.94526942790924,#c8102e
70.2830043888513,-36.94502926521685,#c8102e
70.2858049491826,-36.94478857771690,#c8102e
70.2886054643617,-36.94454736541783,#c8102e
70.2914059342903,-36.94430562832812,#c8102e
70.2942063588701,-36.94406336645626,#c8102e
70.2970067380028,-36.94382057981075,#c8102e
70.2998070715899,-36.94357726840013,#c8102e
70.3026073595331,-36.94333343223292,#c8102e
70.3054076017342,-36.94308907131770,#c8102e
70.3082077980948,-36.94284418566305,#c8102e
70.3110079485165,-36.94259877527756,#c8102e
70.3138080529011,-36.94235284016986,#c8102e
70.3166081111502,-36.94210638034858,#c8102e
70.3194081231654,-36.94185939582237,#c8102e
70.3222080888485,-36.94161188659991,#c8102e
70.3250080081011,-36.94136385268989,#c8102e
70.3278078808249,-36.94111529410102,#c8102e
70.3306077069216,-36.94086621084202,#c8102e
70.3334074862929,-36.94061660292165,#c8102e
70.3362072188404,-36.94036647034868,#c8102e
70.3390069044658,-36.94011581313187,#c8102e
70.3418065430709,-36.93986463128004,#c8102e
70.3446061345573,-36.93961292480200,#c8102e
70.3474056788266,-36.93936069370660,#c8102e
70.3502051757807,-36.93910793800269,#c8102e
70.3530046253211,-36.93885465769915,#c8102e
70.3558040273496,-36.93860085280487,#c8102e
70.3586033817679,-36.93834652332877,#c8102e
70.3614026884777,-36.93809166927977,#c8102e
70.3642019473806,-36.93783629066682,#c8102e
70.3670011583785,-36.93758038749890,#c8102e
70.3698003213729,-36.93732395978499,#c8102e
70.3725994362655,-36.93706700753410,#c8102e
70.3753985029582,-36.93680953075523,#c8102e
70.3781975213526,-36.93655152945745,#c8102e
70.3809964913503,-36.93629300364980,#c8102e
70.3837954128532,-36.93603395334137,#c8102e
70.3865942857630,-36.93577437854125,#c8102e
70.3893931099812,-36.93551427925857,#c8102e
70.3921918854098,-36.93525365550245,#c8102e
70.3949906119503,-36.93499250728203,#c8102e
70.3977892895045,-36.93473083460651,#c8102e
70.4005879179742,-36.93446863748505,#c8102e
70.4033864972610,-36.93420591592688,#c8102e
70.4061850272667,-36.93394266994122,#c8102e
70.4089835078929,-36.93367889953731,#c8102e
70.4117819390416,-36.93341460472440,#c8102e
70.4145803206142,-36.93314978551179,#c8102e
70.4173786525127,-36.93288444190878,#c8102e
70.4201769346387,-36.93261857392468,#c8102e
70.4229751668940,-36.93235218156882,#c8102e
70.4257733491802,-36.93208526485056,#c8102e
70.4285714813992,-36.93181782377928,#c8102e
70.4313695634527,-36.93154985836438,#c8102e
70.4341675952424,-36.93128136861524,#c8102e
70.4369655766701,-36.93101235454130,#c8102e
70.4397635076375,-36.93074281615203,#c8102e
70.4425613880464,-36.93047275345686,#c8102e
70.4453592177985,-36.93020216646529,#c8102e
70.4481569967955,-36.92993105518683,#c8102e
70.4509547249393,-36.92965941963099,#c8102e
70.4537524021316,-36.92938725980731,#c8102e
70.4565500282740,-36.92911457572534,#c8102e
70.4593476032685,-36.92884136739467,#c8102e
70.4621451270167,-36.92856763482489,#c8102e
70.4649425994205,-36.92829337802561,#c8102e
70.4677400203815,-36.92801859700646,#c8102e
70.4705373898016,-36.92774329177708,#c8102e
70.4733347075825,-36.92746746234715,#c8102e
70.4761319736259,-36.92719110872636,#c8102e
70.4789291878337,-36.92691423092440,#c8102e
70.4817263501077,-36.92663682895100,#c8102e
70.4845234603495,-36.92635890281591,#c8102e
70.4873205184611,-36.92608045252888,#c8102e
70.4901175243441,-36.92580147809969,#c8102e
70.4929144779003,-36.92552197953813,#c8102e
70.4957113790316,-36.92524195685402,#c8102e
70.4985082276396,-36.92496141005719,#c8102e
70.5013050236263,-36.92468033915750,#c8102e
70.5041017668933,-36.92439874416482,#c8102e
70.5068984573425,-36.92411662508903,#c8102e
70.5096950948757,-36.92383398194004,#c8102e
70.5124916793947,-36.92355081472777,#c8102e
70.5152882108012,-36.92326712346217,#c8102e
70.5180846889970,-36.92298290815322,#c8102e
70.5208811138840,-36.92269816881086,#c8102e
70.5236774853639,-36.92241290544512,#c8102e
70.5264738033386,-36.92212711806601,#c8102e
70.5292700677099,-36.92184080668356,#c8102e
70.5320662783795,-36.92155397130783,#c8102e
70.5348624352493,-36.92126661194889,#c8102e
70.5376585382211,-36.92097872861683,#c8102e
70.5404545871966,-36.92069032132176,#c8102e
70.5432505820778,-36.92040139007381,#c8102e
70.5460465227664,-36.92011193488312,#c8102e
70.5488424091643,-36.91982195575987,#c8102e
70.5516382411732,-36.91953145271422,#c8102e
70.5544340186950,-36.91924042575639,#c8102e
70.5572297416315,-36.91894887489659,#c8102e
70.5600254098846,-36.91865680014506,#c8102e
70.5628210233560,-36.91836420151206,#c8102e
70.5656165819476,-36.91807107900786,#c8102e
70.5684120855613,-36.91777743264275,#c8102e
70.5712075340988,-36.91748326242705,#c8102e
70.5740029274620,-36.91718856837109,#c8102e
70.5767982655527,-36.91689335048521,#c8102e
70.5795935482728,-36.91659760877979,#c8102e
70.5823887755242,-36.91630134326520,#c8102e
70.5851839472085,-36.91600455395185,#c8102e
70.5879790632278,-36.91570724085017,#c8102e
70.5907741234838,-36.91540940397059,#c8102e
70.5935691278785,-36.91511104332357,#c8102e
70.5963640763135,-36.91481215891959,#c8102e
70.5991589686909,-36.91451275076915,#c8102e
70.6019538049124,-36.91421281888275,#c8102e
70.6047485848800,-36.91391236327094,#c8102e
70.6075433084954,-36.91361138394426,#c8102e
70.6103379756605,-36.91330988091327,#c8102e
70.6131325862773,-36.91300785418858,#c8102e
70.6159271402475,-36.91270530378078,#c8102e
70.6187216374730,-36.91240222970050,#c8102e
70.6215160778558,-36.91209863195839,#c8102e
70.6243104612976,-36.91179451056509,#c8102e
70.6271047877003,-36.91148986553130,#c8102e
70.6298990569659,-36.91118469686771,#c8102e
70.6326932689961,-36.91087900458503,#c8102e
70.6354874236929,-36.91057278869401,#c8102e
70.6382815209582,-36.91026604920539,#c8102e
70.6410755606938,-36.90995878612995,#c8102e
70.6438695428016,-36.90965099947847,#c8102e
70.6466634671835,-36.90934268926176,#c8102e
70.6494573337415,-36.90903385549066,#c8102e
70.6522511423773,-36.90872449817599,#c8102e
70.6550448929928,-36.90841461732865,#c8102e
70.6578385854901,-36.90810421295948,#c8102e
70.6606322197709,-36.90779328507941,#c8102e
70.6634257957372,-36.90748183369934,#c8102e
70.6662193132909,-36.90716985883022,#c8102e
70.6690127723339,-36.90685736048301,#c8102e
70.6718061727680,-36.90654433866867,#c8102e
70.6745995144952,-36.90623079339819,#c8102e
70.6773927974174,-36.90591672468259,#c8102e
70.6801860214366,-36.90560213253290,#c8102e
70.6829791864545,-36.90528701696016,#c8102e
70.6857722923732,-36.90497137797544,#c8102e
70.6885653390945,-36.90465521558981,#c8102e
70.6913583265204,-36.90433852981440,#c8102e
70.6941512545528,-36.90402132066031,#c8102e
70.6969441230937,-36.90370358813868,#c8102e
70.6997369320448,-36.90338533226068,#c8102e
70.7025296813083,-36.90306655303748,#c8102e
70.7053223707860,-36.90274725048026,#c8102e
70.7081150003797,-36.90242742460025,#c8102e
70.7109075699916,-36.90210707540868,#c8102e
70.7137000795235,-36.90178620291679,#c8102e
70.7164925288773,-36.90146480713585,#c8102e
70.7192849179550,-36.90114288807716,#c8102e
70.7220772466585,-36.90082044575200,#c8102e
70.7248695148899,-36.90049748017172,#c8102e
70.7276617225509,-36.90017399134764,#c8102e
70.7304538695436,-36.89984997929112,#c8102e
70.7332459557699,-36.89952544401355,#c8102e
70.7360379811318,-36.89920038552632,#c8102e
70.7388299455313,-36.89887480384085,#c8102e
70.7416218488702,-36.89854869896857,#c8102e
70.7444136910506,-36.89822207092092,#c8102e
70.7472054719744,-36.89789491970939,#c8102e
70.7499971915435,-36.89756724534546,#c8102e
70.7527888496600,-36.89723904784062,#c8102e
70.7555804462259,-36.89691032720642,#c8102e
70.7583719811430,-36.89658108345439,#c8102e
70.7611634543133,-36.89625131659611,#c8102e
70.7639548656389,-36.89592102664312,#c8102e
70.7667462150217,-36.89559021360706,#c8102e
70.7695375023637,-36.89525887749953,#c8102e
70.7723287275668,-36.89492701833215,#c8102e
70.7751198905331,-36.89459463611661,#c8102e
70.7779109911646,-36.89426173086455,#c8102e
70.7807020293631,-36.89392830258767,#c8102e
70.7834930050308,-36.89359435129768,#c8102e
70.7862839180696,-36.89325987700631,#c8102e
70.7890747683815,-36.89292487972530,#c8102e
70.7918655558685,-36.89258935946641,#c8102e
70.7946562804326,-36.89225331624143,#c8102e
70.7974469419757,-36.89191675006217,#c8102e
70.8002375404000,-36.89157966094042,#c8102e
70.8030280756074,-36.89124204888805,#c8102e
70.8058185475000,-36.89090391391688,#c8102e
70.8086089559796,-36.89056525603881,#c8102e
70.8113993009484,-36.89022607526574,#c8102e
70.8141895823083,-36.88988637160956,#c8102e
70.8169797999614,-36.88954614508219,#c8102e
70.8197699538097,-36.88920539569561,#c8102e
70.8225600437553,-36.88886412346177,#c8102e
70.8253500697000,-36.88852232839264,#c8102e
70.8281400315460,-36.88818001050024,#c8102e
70.8309299291953,-36.88783716979658,#c8102e
70.8337197625499,-36.88749380629372,#c8102e
70.8365095315119,-36.88714992000369,#c8102e
70.8392992359833,-36.88680551093859,#c8102e
70.8420888758661,-36.88646057911049,#c8102e
70.8448784510623,-36.88611512453151,#c8102e
70.8476679614741,-36.88576914721380,#c8102e
70.8504574070034,-36.88542264716949,#c8102e
70.8532467875523,-36.88507562441075,#c8102e
70.8560361030228,-36.88472807894978,#c8102e
70.8588253533170,-36.88438001079876,#c8102e
70.8616145383370,-36.88403141996994,#c8102e
70.8644036579848,-36.88368230647554,#c8102e
70.8671927121625,-36.88333267032782,#c8102e
70.8699817007720,-36.88298251153907,#c8102e
70.8727706237156,-36.88263183012157,#c8102e
70.8755594808952,-36.88228062608766,#c8102e
70.8783482722129,-36.88192889944965,#c8102e
70.8811369975708,-36.88157665021991,#c8102e
70.8839256568710,-36.88122387841079,#c8102e
70.8867142500154,-36.88087058403468,#c8102e
70.8895027769063,-36.88051676710400,#c8102e
70.8922912374457,-36.88016242763116,#c8102e
70.8950796315356,-36.87980756562862,#c8102e
70.8978679590782,-36.87945218110883,#c8102e
70.9006562199755,-36.87909627408426,#c8102e
70.9034444141297,-36.87873984456743,#c8102e
70.9062325414427,-36.87838289257084,#c8102e
70.9090206018168,-36.87802541810704,#c8102e
70.9118085951539,-36.87766742118856,#c8102e
70.9145965213563,-36.87730890182799,#c8102e
70.9173843803259,-36.87694986003791,#c8102e
70.9201721719650,-36.87659029583094,#c8102e
70.9229598961755,-36.87623020921969,#c8102e
70.9257475528597,-36.87586960021682,#c8102e
70.9285351419196,-36.87550846883498,#c8102e
70.9313226632572,-36.87514681508686,#c8102e
70.9341101167749,-36.87478463898516,#c8102e
70.9368975023746,-36.87442194054260,#c8102e
70.9396848199585,-36.87405871977191,#c8102e
70.9424720694286,-36.87369497668584,#c8102e
70.9452592506872,-36.87333071129717,#c8102e
70.9480463636364,-36.87296592361870,#c8102e
70.9508334081782,-36.87260061366323,#c8102e
70.9536203842148,-36.87223478144358,#c8102e
70.9564072916484,-36.87186842697262,#c8102e
70.9591941303810,-36.87150155026319,#c8102e
70.9619809003149,-36.87113415132819,#c8102e
70.9647676013521,-36.87076623018051,#c8102e
70.9675542333948,-36.87039778683308,#c8102e
70.9703407963451,-36.87002882129884,#c8102e
70.9731272901052,-36.86965933359073,#c8102e
70.9759137145773,-36.86928932372174,#c8102e
70.9787000696634,-36.86891879170486,#c8102e
70.9814863552658,-36.86854773755309,#c8102e
70.9842725712866,-36.86817616127949,#c8102e
70.9870587176280,-36.86780406289706,#c8102e
70.9898447941921,-36.86743144241892,#c8102e
70.9926308008810,-36.86705829985812,#c8102e
70.9954167375971,-36.86668463522777,#c8102e
70.9982026042423,-36.86631044854100,#c8102e
71.0009884007190,-36.86593573981094,#c8102e
71.0037741269292,-36.86556050905075,#c8102e
71.0065597827751,-36.86518475627361,#c8102e
71.0093453681590,-36.86480848149272,#c8102e
71.0121308829830,-36.86443168472128,#c8102e
71.0149163271493,-36.86405436597254,#c8102e
71.0177017005601,-36.86367652525973,#c8102e
71.0204870031175,-36.86329816259612,#c8102e
71.0232722347238,-36.86291927799501,#c8102e
71.0260573952811,-36.86253987146971,#c8102e
71.0288424846917,-36.86215994303351,#c8102e
71.0316275028578,-36.86177949269978,#c8102e
71.0344124496815,-36.86139852048188,#c8102e
71.0371973250650,-36.86101702639318,#c8102e
71.0399821289107,-36.86063501044707,#c8102e
71.0427668611205,-36.86025247265697,#c8102e
71.0455515215969,-36.85986941303632,#c8102e
71.0483361102420,-36.85948583159858,#c8102e
71.0511206269580,-36.85910172835719,#c8102e
71.0539050716471,-36.85871710332565,#c8102e
71.0566894442116,-36.85833195651748,#c8102e
71.0594737445536,-36.85794628794620,#c8102e
71.0622579725755,-36.85756009762535,#c8102e
71.0650421281794,-36.85717338556848,#c8102e
71.0678262112676,-36.85678615178918,#c8102e
71.0706102217422,-36.85639839630106,#c8102e
71.0733941595056,-36.85601011911771,#c8102e
71.0761780244600,-36.85562132025279,#c8102e
71.0789618165076,-36.85523199971993,#c8102e
71.0817455355507,-36.85484215753283,#c8102e
71.0845291814915,-36.85445179370515,#c8102e
71.0873127542323,-36.85406090825062,#c8102e
71.0900962536753,-36.85366950118296,#c8102e
71.0928796797227,-36.85327757251590,#c8102e
71.0956630322769,-36.85288512226322,#c8102e
71.0984463112400,-36.85249215043870,#c8102e
71.1012295165145,-36.85209865705613,#c8102e
71.1040126480024,-36.85170464212933,#c8102e
71.1067957056061,-36.85131010567215,#c8102e
71.1095786892279,-36.85091504769843,#c8102e
71.1123615987700,-36.85051946822205,#c8102e
71.1151444341347,-36.85012336725689,#c8102e
71.1179271952243,-36.84972674481687,#c8102e
71.1207098819410,-36.84932960091592,#c8102e
71.1234924941872,-36.84893193556798,#c8102e
71.1262750318651,-36.84853374878701,#c8102e
71.1290574948771,-36.84813504058700,#c8102e
71.1318398831254,-36.84773581098196,#c8102e
71.1346221965122,-36.84733605998589,#c8102e
71.1374044349400,-36.84693578761284,#c8102e
71.1401865983110,-36.84653499387685,#c8102e
71.1429686865275,-36.84613367879201,#c8102e
71.1457506994918,-36.84573184237242,#c8102e
71.1485326371062,-36.84532948463217,#c8102e
71.1513144992731,-36.84492660558541,#c8102e
71.1540962858947,-36.84452320524626,#c8102e
71.1568779968733,-36.84411928362891,#c8102e
71.1596596321113,-36.84371484074754,#c8102e
71.1624411915110,-36.84330987661635,#c8102e
71.1652226749747,-36.84290439124955,#c8102e
71.1680040824048,-36.84249838466140,#c8102e
71.1707854137035,-36.84209185686613,#c8102e
71.1735666687733,-36.84168480787804,#c8102e
71.1763478475164,-36.84127723771141,#c8102e
71.1791289498351,-36.84086914638056,#c8102e
71.1819099756319,-36.84046053389982,#c8102e
71.1846909248090,-36.84005140028354,#c8102e
71.1874717972688,-36.83964174554607,#c8102e
71.1902525929136,-36.83923156970182,#c8102e
71.1930333116459,-36.83882087276518,#c8102e
71.1958139533679,-36.83840965475057,#c8102e
71.1985945179820,-36.83799791567244,#c8102e
71.2013750053905,-36.83758565554524,#c8102e
71.2041554154959,-36.83717287438345,#c8102e
71.2069357482005,-36.83675957220157,#c8102e
71.2097160034066,-36.83634574901410,#c8102e
71.2124961810167,-36.83593140483558,#c8102e
71.2152762809330,-36.83551653968057,#c8102e
71.2180563030580,-36.83510115356362,#c8102e
71.2208362472940,-36.83468524649933,#c8102e
71.2236161135435,-36.83426881850230,#c8102e
71.2263959017088,-36.83385186958715,#c8102e
71.2291756116923,-36.83343439976854,#c8102e
71.2319552433963,-36.83301640906109,#c8102e
71.2347347967233,-36.83259789747952,#c8102e
71.2375142715757,-36.83217886503851,#c8102e
71.2402936678559,-36.83175931175277,#c8102e
71.2430729854662,-36.83133923763704,#c8102e
71.2458522243090,-36.83091864270606,#c8102e
71.2486313842869,-36.83049752697462,#c8102e
71.2514104653021,-36.83007589045749,#c8102e
71.2541894672570,-36.82965373316948,#c8102e
71.2569683900542,-36.82923105512541,#c8102e
71.2597472335960,-36.82880785634014,#c8102e
71.2625259977849,-36.82838413682852,#c8102e
71.2653046825232,-36.82795989660542,#c8102e
71.2680832877133,-36.82753513568576,#c8102e
71.2708618132578,-36.82710985408443,#c8102e
71.2736402590590,-36.82668405181639,#c8102e
71.2764186250193,-36.82625772889656,#c8102e
71.2791969110413,-36.82583088533995,#c8102e
71.2819751170273,-36.82540352116152,#c8102e
71.2847532428798,-36.82497563637628,#c8102e
71.2875312885012,-36.82454723099927,#c8102e
71.2903092537939,-36.82411830504553,#c8102e
71.2930871386605,-36.82368885853010,#c8102e
71.2958649430034,-36.82325889146810,#c8102e
71.2986426667250,-36.82282840387460,#c8102e
71.3014203097278,-36.82239739576471,#c8102e
71.3041978719142,-36.82196586715359,#c8102e
71.3069753531867,-36.82153381805638,#c8102e
71.3097527534478,-36.82110124848826,#c8102e
71.3125300726000,-36.82066815846441,#c8102e
71.3153073105456,-36.82023454800004,#c8102e
71.3180844671873,-36.81980041711038,#c8102e
71.3208615424274,-36.81936576581067,#c8102e
71.3236385361685,-36.81893059411619,#c8102e
71.3264154483130,-36.81849490204220,#c8102e
71.3291922787634,-36.81805868960401,#c8102e
71.3319690274223,-36.81762195681694,#c8102e
71.3347456941920,-36.81718470369631,#c8102e
71.3375222789751,-36.81674693025749,#c8102e
71.3402987816742,-36.81630863651586,#c8102e
71.3430752021916,-36.81586982248680,#c8102e
71.3458515404299,-36.81543048818571,#c8102e
71.3486277962916,-36.81499063362804,#c8102e
71.3514039696793,-36.81455025882921,#c8102e
71.3541800604953,-36.81410936380470,#c8102e
71.3569560686423,-36.81366794857000,#c8102e
71.3597319940228,-36.81322601314060,#c8102e
71.3625078365392,-36.81278355753201,#c8102e
71.3652835960942,-36.81234058175978,#c8102e
71.3680592725901,-36.81189708583948,#c8102e
71.3708348659297,-36.81145306978664,#c8102e
71.3736103760153,-36.81100853361689,#c8102e
71.3763858027496,-36.81056347734584,#c8102e
71.3791611460350,-36.81011790098909,#c8102e
71.3819364057741,-36.80967180456231,#c8102e
71.3847115818695,-36.80922518808116,#c8102e
71.3874866742237,-36.80877805156132,#c8102e
71.3902616827393,-36.80833039501849,#c8102e
71.3930366073187,-36.80788221846840,#c8102e
71.3958114478646,-36.80743352192678,#c8102e
71.3985862042795,-36.80698430540939,#c8102e
71.4013608764660,-36.80653456893200,#c8102e
71.4041354643267,-36.80608431251041,#c8102e
71.4069099677640,-36.80563353616042,#c8102e
71.4096843866807,-36.80518223989787,#c8102e
71.4124587209792,-36.80473042373860,#c8102e
71.4152329705621,-36.80427808769849,#c8102e
71.4180071353321,-36.80382523179341,#c8102e
71.4207812151917,-36.80337185603926,#c8102e
71.4235552100434,-36.80291796045197,#c8102e
71.4263291197899,-36.80246354504747,#c8102e
71.4291029443338,-36.80200860984174,#c8102e
71.4318766835776,-36.80155315485072,#c8102e
71.4346503374240,-36.80109718009044,#c8102e
71.4374239057756,-36.80064068557688,#c8102e
71.4401973885349,-36.80018367132610,#c8102e
71.4429707856046,-36.79972613735411,#c8102e
71.4457440968872,-36.79926808367702,#c8102e
71.4485173222855,-36.79880951031088,#c8102e
71.4512904617020,-36.79835041727182,#c8102e
71.4540635150393,-36.79789080457594,#c8102e
71.4568364822000,-36.79743067223939,#c8102e
71.4596093630868,-36.79697002027834,#c8102e
71.4623821576023,-36.79650884870894,#c8102e
71.4651548656491,-36.79604715754739,#c8102e
71.4679274871299,-36.79558494680992,#c8102e
71.4707000219474,-36.79512221651276,#c8102e
71.4734724700040,-36.79465896667214,#c8102e
71.4762448312025,-36.79419519730434,#c8102e
71.4790171054456,-36.79373090842564,#c8102e
71.4817892926359,-36.79326610005235,#c8102e
71.4845613926759,-36.79280077220079,#c8102e
71.4873334054685,-36.79233492488730,#c8102e
71.4901053309162,-36.79186855812824,#c8102e
71.4928771689217,-36.79140167193998,#c8102e
71.4956489193877,-36.79093426633892,#c8102e
71.4984205822169,-36.79046634134148,#c8102e
71.5011921573118,-36.78999789696408,#c8102e
71.5039636445753,-36.78952893322317,#c8102e
71.5067350439098,-36.78905945013523,#c8102e
71.5095063552183,-36.78858944771675,#c8102e
71.5122775784032,-36.78811892598421,#c8102e
71.5150487133674,-36.78764788495415,#c8102e
71.5178197600135,-36.78717632464311,#c8102e
71.5205907182442,-36.78670424506764,#c8102e
71.5233615879621,-36.78623164624433,#c8102e
71.5261323690700,-36.78575852818977,#c8102e
71.5289030614707,-36.78528489092058,#c8102e
71.5316736650667,-36.78481073445338,#c8102e
71.5344441797608,-36.78433605880483,#c8102e
71.5372146054557,-36.78386086399159,#c8102e
71.5399849420542,-36.78338515003036,#c8102e
71.5427551894589,-36.78290891693783,#c8102e
71.5455253475725,-36.78243216473073,#c8102e
71.5482954162979,-36.78195489342581,#c8102e
71.5510653955376,-36.78147710303981,#c8102e
71.5538352851946,-36.78099879358953,#c8102e
71.5566050851713,-36.78051996509176,#c8102e
71.5593747953707,-36.78004061756330,#c8102e
71.5621444156955,-36.77956075102100,#c8102e
71.5649139460483,-36.77908036548170,#c8102e
71.5676833863320,-36.77859946096228,#c8102e
71.5704527364493,-36.77811803747962,#c8102e
71.5732219963028,-36.77763609505062,#c8102e
71.5759911657956,-36.77715363369222,#c8102e
71.5787602448301,-36.77667065342135,#c8102e
71.5815292333093,-36.77618715425497,#c8102e
71.5842981311358,-36.77570313621006,#c8102e
71.5870669382125,-36.77521859930363,#c8102e
71.5898356544421,-36.77473354355267,#c8102e
71.5926042797274,-36.77424796897422,#c8102e
71.5953728139712,-36.77376187558535,#c8102e
71.5981412570762,-36.77327526340311,#c8102e
71.6009096089453,-36.77278813244460,#c8102e
71.6036778694812,-36.77230048272692,#c8102e
71.6064460385867,-36.77181231426719,#c8102e
71.6092141161645,-36.77132362708257,#c8102e
71.6119821021176,-36.77083442119019,#c8102e
71.6147499963487,-36.77034469660727,#c8102e
71.6175177987606,-36.76985445335097,#c8102e
71.6202855092561,-36.76936369143851,#c8102e
71.6230531277381,-36.76887241088715,#c8102e
71.6258206541092,-36.76838061171411,#c8102e
71.6285880882724,-36.76788829393669,#c8102e
71.6313554301305,-36.76739545757216,#c8102e
71.6341226795863,-36.76690210263782,#c8102e
71.6368898365425,-36.76640822915101,#c8102e
71.6396569009022,-36.76591383712906,#c8102e
71.6424238725680,-36.76541892658935,#c8102e
71.6451907514428,-36.76492349754924,#c8102e
71.6479575374294,-36.76442755002613,#c8102e
71.6507242304308,-36.76393108403744,#c8102e
71.6534908303497,-36.76343409960062,#c8102e
71.6562573370889,-36.76293659673308,#c8102e
71.6590237505515,-36.76243857545234,#c8102e
71.6617900706401,-36.76194003577585,#c8102e
71.6645562972576,-36.76144097772114,#c8102e
71.6673224303070,-36.76094140130571,#c8102e
71.6700884696910,-36.76044130654714,#c8102e
71.6728544153126,-36.75994069346296,#c8102e
71.6756202670746,-36.75943956207076,#c8102e
71.6783860248799,-36.75893791238813,#c8102e
71.6811516886314,-36.75843574443270,#c8102e
71.6839172582319,-36.75793305822211,#c8102e
71.6866827335844,-36.75742985377398,#c8102e
71.6894481145917,-36.75692613110601,#c8102e
71.6922134011566,-36.75642189023588,#c8102e
71.6949785931823,-36.75591713118128,#c8102e
71.6977436905714,-36.75541185395997,#c8102e
71.7005086932269,-36.75490605858967,#c8102e
71.7032736010517,-36.75439974508814,#c8102e
71.7060384139488,-36.75389291347316,#c8102e
71.7088031318210,-36.75338556376254,#c8102e
71.7115677545712,-36.75287769597409,#c8102e
71.7143322821024,-36.75236931012564,#c8102e
71.7170967143175,-36.75186040623505,#c8102e
71.7198610511194,-36.75135098432018,#c8102e
71.7226252924110,-36.75084104439892,#c8102e
71.7253894380953,-36.75033058648919,#c8102e
71.7281534880752,-36.74981961060891,#c8102e
71.7309174422537,-36.74930811677601,#c8102e
71.7336813005336,-36.74879610500847,#c8102e
71.7364450628179,-36.74828357532426,#c8102e
71.7392087290097,-36.74777052774138,#c8102e
71.7419722990117,-36.74725696227784,#c8102e
71.7447357727271,-36.74674287895168,#c8102e
71.7474991500587,-36.74622827778096,#c8102e
71.7502624309095,-36.74571315878374,#c8102e
71.7530256151824,-36.74519752197811,#c8102e
71.7557887027805,-36.74468136738218,#c8102e
71.7585516936067,-36.74416469501407,#c8102e
71.7613145875640,-36.74364750489193,#c8102e
71.7640773845554,-36.74312979703392,#c8102e
71.7668400844838,-36.74261157145822,#c8102e
71.7696026872522,-36.74209282818303,#c8102e
71.7723651927636,-36.74157356722655,#c8102e
71.7751276009211,-36.74105378860704,#c8102e
71.7778899116275,-36.74053349234273,#c8102e
71.7806521247860,-36.74001267845191,#c8102e
71.7834142402995,-36.73949134695286,#c8102e
71.7861762580710,-36.73896949786388,#c8102e
71.7889381780035,-36.73844713120330,#c8102e
71.7917000000000,-36.73792424698946,#c8102e
71.7917000000000,-39.00000000000000,#c8102e
71.9583000000000,-39.00000000000000,#c8102e
71.9583000000000,-36.70538884592992,#c8102e
71.9986888576001,-36.69720603160018,#c8102e
72.0390550821860,-36.68891228809809,#c8102e
72.0793983690881,-36.68050767802181,#c8102e
72.1197184138099,-36.67199226480628,#c8102e
72.1600149120303,-36.66336611272275,#c8102e
72.2002875596061,-36.65462928687828,#c8102e
72.2405360525739,-36.64578185321524,#c8102e
72.2807600871527,-36.63682387851087,#c8102e
72.3209593597460,-36.62775543037671,#c8102e
72.3611335669445,-36.61857657725810,#c8102e
72.4012824055277,-36.60928738843369,#c8102e
72.4414055724669,-36.59988793401490,#c8102e
72.4815027649269,-36.59037828494541,#c8102e
72.5215736802686,-36.58075851300059,#c8102e
72.5616180160515,-36.57102869078698,#c8102e
72.6016354700353,-36.56118889174175,#c8102e
72.6416257401829,-36.55123919013213,#c8102e
72.6815885246623,-36.54117966105485,#c8102e
72.7215235218487,-36.53101038043557,#c8102e
72.7614304303275,-36.52073142502836,#c8102e
72.8013089488958,-36.51034287241500,#c8102e
72.8411587765649,-36.49984480100454,#c8102e
72.8809796125629,-36.48923729003260,#c8102e
72.9207711563365,-36.47852041956082,#c8102e
72.9605331075537,-36.46769427047624,#c8102e
73.0002651661056,-36.45675892449071,#c8102e
73.0399670321092,-36.44571446414025,#c8102e
73.0796384059092,-36.43456097278442,#c8102e
73.1192789880803,-36.42329853460573,#c8102e
73.1588884794300,-36.41192723460899,#c8102e
73.1984665810002,-36.40044715862062,#c8102e
73.2380129940697,-36.38885839328806,#c8102e
73.2775274201566,-36.37716102607911,#c8102e
73.3170095610204,-36.36535514528126,#c8102e
73.3564591186641,-36.35344084000099,#c8102e
73.3958757953369,-36.34141820016315,#c8102e
73.4352592935360,-36.32928731651027,#c8102e
73.4746093160091,-36.31704828060186,#c8102e
73.5139255657564,-36.30470118481369,#c8102e
73.5532077460333,-36.29224612233719,#c8102e
73.5924555603521,-36.27968318717861,#c8102e
73.6316687124845,-36.26701247415843,#c8102e
73.6708469064639,-36.25423407891061,#c8102e
73.7099898465875,-36.24134809788183,#c8102e
73.7490972374187,-36.22835462833078,#c8102e
73.7881687837891,-36.21525376832744,#c8102e
73.8272041908008,-36.20204561675237,#c8102e
73.8662031638287,-36.18873027329589,#c8102e
73.9051654085228,-36.17530783845737,#c8102e
73.9440906308103,-36.16177841354448,#c8102e
73.9829785368975,-36.14814210067239,#c8102e
74.0218288332729,-36.13439900276305,#c8102e
74.0606412267084,-36.12054922354437,#c8102e
74.0994154242622,-36.10659286754944,#c8102e
74.1381511332807,-36.09253004011579,#c8102e
74.1768480614010,-36.07836084738451,#c8102e
74.2155059165525,-36.06408539629953,#c8102e
74.2541244069599,-36.04970379460677,#c8102e
74.2927032411449,-36.03521615085333,#c8102e
74.3312421279284,-36.02062257438668,#c8102e
74.3697407764329,-36.00592317535384,#c8102e
74.4081988960846,-35.99111806470054,#c8102e
74.4466161966155,-35.97620735417037,#c8102e
74.4849923880658,-35.96119115630395,#c8102e
74.5233271807861,-35.94606958443811,#c8102e
74.5616202854391,-35.93084275270495,#c8102e
74.5998714130025,-35.91551077603108,#c8102e
74.6380802747706,-35.90007377013670,#c8102e
74.6762465823569,-35.88453185153471,#c8102e
74.7143700476958,-35.86888513752987,#c8102e
74.7524503830454,-35.85313374621790,#c8102e
74.7904873009890,-35.83727779648457,#c8102e
74.8284805144379,-35.82131740800483,#c8102e
74.8664297366331,-35.80525270124190,#c8102e
74.9043346811476,-35.78908379744635,#c8102e
74.9421950618887,-35.77281081865519,#c8102e
74.9800105931000,-35.75643388769095,#c8102e
75.0177809893636,-35.73995312816076,#c8102e
75.0555059656022,-35.72336866445541,#c8102e
75.0931852370814,-35.70668062174840,#c8102e
75.1308185194119,-35.68988912599502,#c8102e
75.1684055285511,-35.67299430393138,#c8102e
75.2059459808062,-35.65599628307345,#c8102e
75.2434395928352,-35.63889519171613,#c8102e
75.2808860816502,-35.62169115893224,#c8102e
75.3182851646186,-35.60438431457157,#c8102e
75.3556365594656,-35.58697478925990,#c8102e
75.3929399842766,-35.56946271439799,#c8102e
75.4301951574988,-35.55184822216064,#c8102e
75.4674017979438,-35.53413144549562,#c8102e
75.5045596247893,-35.51631251812273,#c8102e
75.5416683575815,-35.49839157453277,#c8102e
75.5787277162372,-35.48036874998650,#c8102e
75.6157374210458,-35.46224418051366,#c8102e
75.6526971926716,-35.44401800291192,#c8102e
75.6896067521555,-35.42569035474583,#c8102e
75.7264658209177,-35.40726137434584,#c8102e
75.7632741207592,-35.38873120080720,#c8102e
75.8000313738645,-35.37009997398891,#c8102e
75.8367373028031,-35.35136783451272,#c8102e
75.8733916305319,-35.33253492376201,#c8102e
75.9099940803975,-35.31360138388074,#c8102e
75.9465443761378,-35.29456735777241,#c8102e
75.9830422418846,-35.27543298909892,#c8102e
76.0194874021650,-35.25619842227954,#c8102e
76.0558795819044,-35.23686380248979,#c8102e
76.0922185064278,-35.21742927566035,#c8102e
76.1285039014621,-35.19789498847599,#c8102e
76.1647354931384,-35.17826108837440,#c8102e
76.2009130079938,-35.15852772354512,#c8102e
76.2370361729736,-35.13869504292843,#c8102e
76.2731047154331,-35.11876319621420,#c8102e
76.3091183631403,-35.09873233384076,#c8102e
76.3450768442771,-35.07860260699378,#c8102e
76.3809798874420,-35.05837416760514,#c8102e
76.4168272216518,-35.03804716835175,#c8102e
76.4526185763439,-35.01762176265441,#c8102e
76.4883536813782,-34.99709810467667,#c8102e
76.5240322670390,-34.97647634932364,#c8102e
76.5596540640374,-34.95575665224083,#c8102e
76.5952188035130,-34.93493916981301,#c8102e
76.6307262170360,-34.91402405916295,#c8102e
76.6661760366094,-34.89301147815032,#c8102e
76.7015679946708,-34.87190158537045,#c8102e
76.7369018240946,-34.85069454015314,#c8102e
76.7721772581938,-34.82939050256147,#c8102e
76.8073940307224,-34.80798963339056,#c8102e
76.8425518758769,-34.78649209416642,#c8102e
76.8776505282986,-34.76489804714465,#c8102e
76.9126897230756,-34.74320765530928,#c8102e
76.9476691957450,-34.72142108237151,#c8102e
76.9825886822942,-34.69953849276847,#c8102e
77.0174479191638,-34.67756005166200,#c8102e
77.0522466432488,-34.65548592493739,#c8102e
77.0869845919011,-34.63331627920214,#c8102e
77.1216615029313,-34.61105128178467,#c8102e
77.1562771146108,-34.58869110073310,#c8102e
77.1908311656733,-34.56623590481396,#c8102e
77.2253233953175,-34.54368586351089,#c8102e
77.2597535432085,-34.52104114702343,#c8102e
77.2941213494802,-34.49830192626568,#c8102e
77.3284265547368,-34.47546837286500,#c8102e
77.3626689000551,-34.45254065916075,#c8102e
77.3968481269862,-34.42951895820300,#c8102e
77.4309639775579,-34.40640344375120,#c8102e
77.4650161942759,-34.38319429027284,#c8102e
77.4990045201267,-34.35989167294218,#c8102e
77.5329286985787,-34.33649576763890,#c8102e
77.5667884735844,-34.31300675094681,#c8102e
77.6005835895826,-34.28942480015249,#c8102e
77.6343137915000,-34.26575009324389,#c8102e
77.6679788247534,-34.24198280890916,#c8102e
77.7015784352512,-34.21812312653508,#c8102e
77.7351123693959,-34.19417122620587,#c8102e
77.7685803740854,-34.17012728870181,#c8102e
77.8019821967155,-34.14599149549777,#c8102e
77.8353175851812,-34.12176402876196,#c8102e
77.8685862878793,-34.09744507135450,#c8102e
77.9017880537096,-34.07303480682605,#c8102e
77.9349226320772,-34.04853341941642,#c8102e
77.9679897728945,-34.02394109405316,#c8102e
78.0009892265825,-33.99925801635025,#c8102e
78.0339207440735,-33.97448437260655,#c8102e
78.0667840768123,-33.94962034980457,#c8102e
78.0995789767584,-33.92466613560887,#c8102e
78.1323051963878,-33.89962191836484,#c8102e
78.1649624886949,-33.87448788709712,#c8102e
78.1975506071943,-33.84926423150823,#c8102e
78.2300693059227,-33.82395114197718,#c8102e
78.2625183394409,-33.79854880955796,#c8102e
78.2948974628352,-33.77305742597817,#c8102e
78.3272064317199,-33.74747718363749,#c8102e
78.3594450022385,-33.72180827560631,#c8102e
78.3916129310661,-33.69605089562422,#c8102e
78.4237099754108,-33.67020523809857,#c8102e
78.4557358930157,-33.64427149810300,#c8102e
78.4876904421610,-33.61824987137593,#c8102e
78.5195733816652,-33.59214055431918,#c8102e
78.5513844708875,-33.56594374399639,#c8102e
78.5831234697294,-33.53965963813154,#c8102e
78.6147901386364,-33.51328843510754,#c8102e
78.6463842386000,-33.48683033396463,#c8102e
78.6779055311594,-33.46028553439898,#c8102e
78.7093537784034,-33.43365423676106,#c8102e
78.7407287429720,-33.40693664205423,#c8102e
78.7720301880583,-33.38013295193323,#c8102e
78.8032578774105,-33.35324336870253,#c8102e
78.8344115753333,-33.32626809531496,#c8102e
78.8654910466899,-33.29920733537008,#c8102e
78.8964960569037,-33.27206129311269,#c8102e
78.9274263719602,-33.24483017343123,#c8102e
78.9582817584085,-33.21751418185632,#c8102e
78.9890619833635,-33.19011352455914,#c8102e
79.0197668145072,-33.16262840834988,#c8102e
79.0503960200907,-33.13505904067623,#c8102e
79.0809493689358,-33.10740562962177,#c8102e
79.1114266304370,-33.07966838390437,#c8102e
79.1418275745629,-33.05184751287472,#c8102e
79.1721519718584,-33.02394322651463,#c8102e
79.2023995934458,-32.99595573543552,#c8102e
79.2325702110271,-32.96788525087681,#c8102e
79.2626635968854,-32.93973198470432,#c8102e
79.2926795238869,-32.91149614940866,#c8102e
79.3226177654821,-32.88317795810369,#c8102e
79.3524780957081,-32.85477762452480,#c8102e
79.3822602891900,-32.82629536302742,#c8102e
79.4119641211426,-32.79773138858529,#c8102e
79.4415893673721,-32.76908591678892,#c8102e
79.4711358042780,-32.74035916384393,#c8102e
79.5006032088546,-32.71155134656942,#c8102e
79.5299913586924,-32.68266268239632,#c8102e
79.5593000319805,-32.65369338936578,#c8102e
79.5885290075077,-32.62464368612750,#c8102e
79.6176780646641,-32.59551379193807,#c8102e
79.6467469834435,-32.56630392665939,#c8102e
79.6757355444440,-32.53701431075687,#c8102e
79.7046435288706,-32.50764516529792,#c8102e
79.7334707185363,-32.47819671195017,#c8102e
79.7622168958640,-32.44866917297985,#c8102e
79.7908818438879,-32.41906277125010,#c8102e
79.8194653462555,-32.38937773021927,#c8102e
79.8479671872288,-32.35961427393929,#c8102e
79.8763871516863,-32.32977262705391,#c8102e
79.9047250251245,-32.29985301479704,#c8102e
79.9329805936593,-32.26985566299104,#c8102e
79.9611536440280,-32.23978079804503,#c8102e
79.9892439635906,-32.20962864695316,#c8102e
80.0172513403317,-32.17939943729292,#c8102e
80.0451755628617,-32.14909339722340,#c8102e
80.0730164204186,-32.11871075548358,#c8102e
80.1007737028700,-32.08825174139061,#c8102e
80.1284472007137,-32.05771658483805,#c8102e
80.1560367050805,-32.02710551629420,#c8102e
80.1835420077346,-31.99641876680025,#c8102e
80.2109629010760,-31.96565656796866,#c8102e
80.2382991781419,-31.93481915198132,#c8102e
80.2655506326079,-31.90390675158786,#c8102e
80.2927170587899,-31.87291960010383,#c8102e
80.3197982516457,-31.84185793140901,#c8102e
80.3467940067762,-31.81072197994559,#c8102e
80.3737041204273,-31.77951198071641,#c8102e
80.4005283894911,-31.74822816928322,#c8102e
80.4272666115080,-31.71687078176485,#c8102e
80.4539185846674,-31.68544005483548,#c8102e
80.4804841078099,-31.65393622572282,#c8102e
80.5069629804288,-31.62235953220632,#c8102e
80.5333550026709,-31.59071021261542,#c8102e
80.5596599753390,-31.55898850582765,#c8102e
80.5858776998927,-31.52719465126695,#c8102e
80.6120079784500,-31.49532888890178,#c8102e
80.6380506137892,-31.46339145924335,#c8102e
80.6640054093499,-31.43138260334376,#c8102e
80.6898721692348,-31.39930256279424,#c8102e
80.7156506982108,-31.36715157972328,#c8102e
80.7413408017111,-31.33492989679482,#c8102e
80.7669422858361,-31.30263775720642,#c8102e
80.7924549573550,-31.27027540468742,#c8102e
80.8178786237076,-31.23784308349709,#c8102e
80.8432130930051,-31.20534103842283,#c8102e
80.8684581740323,-31.17276951477825,#c8102e
80.8936136762484,-31.14012875840139,#c8102e
80.9186794097889,-31.10741901565282,#c8102e
80.9436551854666,-31.07464053341379,#c8102e
80.9685408147735,-31.04179355908439,#c8102e
80.9933361098820,-31.00887834058164,#c8102e
81.0180408836461,-30.97589512633765,#c8102e
81.0426549496031,-30.94284416529776,#c8102e
81.0671781219751,-30.90972570691860,#c8102e
81.0916102156700,-30.87654000116627,#c8102e
81.1159510462833,-30.84328729851441,#c8102e
81.1402004300992,-30.80996784994236,#c8102e
81.1643581840923,-30.77658190693320,#c8102e
81.1884241259284,-30.74312972147191,#c8102e
81.2123980739668,-30.70961154604343,#c8102e
81.2362798472606,-30.67602763363077,#c8102e
81.2600692655589,-30.64237823771311,#c8102e
81.2837661493080,-30.60866361226386,#c8102e
81.3073703196522,-30.57488401174876,#c8102e
81.3308815984359,-30.54103969112398,#c8102e
81.3542998082045,-30.50713090583415,#c8102e
81.3776247722058,-30.47315791181046,#c8102e
81.4008563143916,-30.43912096546873,#c8102e
81.4239942594185,-30.40502032370747,#c8102e
81.4470384326498,-30.37085624390594,#c8102e
81.4699886601564,-30.33662898392220,#c8102e
81.4928447687183,-30.30233880209117,#c8102e
81.5156065858259,-30.26798595722269,#c8102e
81.5382739396813,-30.23357070859957,#c8102e
81.5608466591996,-30.19909331597558,#c8102e
81.5833245740100,-30.16455403957357,#c8102e
81.6057075144574,-30.12995314008345,#c8102e
81.6279953116035,-30.09529087866024,#c8102e
81.6501877972282,-30.06056751692210,#c8102e
81.6722848038305,-30.02578331694833,#c8102e
81.6942861646304,-29.99093854127748,#c8102e
81.7161917135695,-29.95603345290522,#c8102e
81.7380012853127,-29.92106831528250,#c8102e
81.7597147152493,-29.88604339231347,#c8102e
81.7813318394942,-29.85095894835352,#c8102e
81.8028524948892,-29.81581524820729,#c8102e
81.8242765190042,-29.78061255712668,#c8102e
81.8456037501385,-29.74535114080879,#c8102e
81.8668340273218,-29.71003126539400,#c8102e
81.8879671903158,-29.67465319746389,#c8102e
81.9090030796150,-29.63921720403927,#c8102e
81.9299415364482,-29.60372355257814,#c8102e
81.9507824027795,-29.56817251097369,#c8102e
81.9715255213095,-29.53256434755228,#c8102e
81.9921707354769,-29.49689933107138,#c8102e
82.0127178894589,-29.46117773071759,#c8102e
82.0331668281732,-29.42539981610456,#c8102e
82.0535173972786,-29.38956585727100,#c8102e
82.0737694431764,-29.35367612467861,#c8102e
82.0939228130114,-29.31773088921006,#c8102e
82.1139773546735,-29.28173042216693,#c8102e
82.1339329167981,-29.24567499526767,#c8102e
82.1537893487680,-29.20956488064554,#c8102e
82.1735465007140,-29.17340035084657,#c8102e
82.1932042235163,-29.13718167882750,#c8102e
82.2127623688056,-29.10090913795370,#c8102e
82.2322207889641,-29.06458300199713,#c8102e
82.2515793371266,-29.02820354513428,#c8102e
82.2708378671820,-28.99177104194407,#c8102e
82.2899962337738,-28.95528576740580,#c8102e
82.3090542923016,-28.91874799689708,#c8102e
82.3280118989222,-28.88215800619171,#c8102e
82.3468689105503,-28.84551607145766,#c8102e
82.3656251848602,-28.80882246925494,#c8102e
82.3842805802862,-28.77207747653354,#c8102e
82.4028349560243,-28.73528137063130,#c8102e
82.4212881720327,-28.69843442927187,#c8102e
82.4396400890333,-28.66153693056258,#c8102e
82.4578905685124,-28.62458915299234,#c8102e
82.4760394727222,-28.58759137542957,#c8102e
82.4940866646811,-28.55054387712004,#c8102e
82.5120320081757,-28.51344693768482,#c8102e
82.5298753677609,-28.47630083711812,#c8102e
82.5476166087616,-28.43910585578523,#c8102e
82.5652555972733,-28.40186227442035,#c8102e
82.5827922001633,-28.36457037412449,#c8102e
82.6002262850718,-28.32723043636339,#c8102e
82.6175577204125,-28.28984274296533,#c8102e
82.6347863753742,-28.25240757611903,#c8102e
82.6519121199211,-28.21492521837155,#c8102e
82.6689348247945,-28.17739595262608,#c8102e
82.6858543615130,-28.13982006213991,#c8102e
82.7026706023742,-28.10219783052221,#c8102e
82.7193834204552,-28.06452954173190,#c8102e
82.7359926896137,-28.02681548007557,#c8102e
82.7524982844890,-27.98905593020523,#c8102e
82.7689000805029,-27.95125117711626,#c8102e
82.7851979538605,-27.91340150614520,#c8102e
82.8013917815514,-27.87550720296762,#c8102e
82.8174814413506,-27.83756855359595,#c8102e
82.8334668118190,-27.79958584437734,#c8102e
82.8493477723050,-27.76155936199149,#c8102e
82.8651242029447,-27.72348939344845,#c8102e
82.8807959846635,-27.68537622608654,#c8102e
82.8963629991764,-27.64722014757009,#c8102e
82.9118251289892,-27.60902144588732,#c8102e
82.9271822573995,-27.57078040934816,#c8102e
82.9424342684971,-27.53249732658206,#c8102e
82.9575810471655,-27.49417248653582,#c8102e
82.9726224790822,-27.45580617847142,#c8102e
82.9875584507200,-27.41739869196380,#c8102e
83.0023888493476,-27.37895031689874,#c8102e
83.0171135630306,-27.34046134347058,#c8102e
83.0317324806321,-27.30193206218013,#c8102e
83.0462454918139,-27.26336276383241,#c8102e
83.0606524870370,-27.22475373953447,#c8102e
83.0749533575627,-27.18610528069320,#c8102e
83.0891479954532,-27.14741767901312,#c8102e
83.1032362935725,-27.10869122649421,#c8102e
83.1172181455873,-27.06992621542965,#c8102e
83.1310934459676,-27.03112293840367,#c8102e
83.1448620899877,-26.99228168828932,#c8102e
83.1585239737269,-26.95340275824623,#c8102e
83.1720789940702,-26.91448644171845,#c8102e
83.1855270487093,-26.87553303243219,#c8102e
83.1988680361431,-26.83654282439365,#c8102e
83.2121018556787,-26.79751611188675,#c8102e
83.2252284074321,-26.75845318947093,#c8102e
83.2382475923288,-26.71935435197896,#c8102e
83.2511593121047,-26.68021989451464,#c8102e
83.2639634693069,-26.64105011245065,#c8102e
83.2766599672942,-26.60184530142628,#c8102e
83.2892487102381,-26.56260575734520,#c8102e
83.3017296031233,-26.52333177637322,#c8102e
83.3141025517485,-26.48402365493610,#c8102e
83.3263674627273,-26.44468168971727,#c8102e
83.3385242434886,-26.40530617765557,#c8102e
83.3505728022773,-26.36589741594307,#c8102e
83.3625130481554,-26.32645570202279,#c8102e
83.3743448910022,-26.28698133358647,#c8102e
83.3860682415153,-26.24747460857228,#c8102e
83.3976830112110,-26.20793582516264,#c8102e
83.4091891124253,-26.16836528178194,#c8102e
83.4205864583143,-26.12876327709424,#c8102e
83.4318749628550,-26.08913011000111,#c8102e
83.4430545408459,-26.04946607963929,#c8102e
83.4541251079076,-26.00977148537848,#c8102e
83.4650865804835,-25.97004662681903,#c8102e
83.4759388758402,-25.93029180378978,#c8102e
83.4866819120688,-25.89050731634567,#c8102e
83.4973156080845,-25.85069346476556,#c8102e
83.5078398836283,-25.81085054954995,#c8102e
83.5182546592665,-25.77097887141869,#c8102e
83.5285598563924,-25.73107873130871,#c8102e
83.5387553972259,-25.69115043037179,#c8102e
83.5488412048150,-25.65119426997224,#c8102e
83.5588172030355,-25.61121055168463,#c8102e
83.5686833165922,-25.57119957729155,#c8102e
83.5784394710194,-25.53116164878130,#c8102e
83.5880855926811,-25.49109706834563,#c8102e
83.5976216087718,-25.45100613837743,#c8102e
83.6070474473172,-25.41088916146847,#c8102e
83.6163630371746,-25.37074644040713,#c8102e
83.6255683080331,-25.33057827817609,#c8102e
83.6346631904148,-25.29038497795003,#c8102e
83.6436476156747,-25.25016684309340,#c8102e
83.6525215160018,-25.20992417715807,#c8102e
83.6612848244190,-25.16965728388104,#c8102e
83.6699374747841,-25.12936646718222,#c8102e
83.6784794017900,-25.08905203116205,#c8102e
83.6869105409653,-25.04871428009925,#c8102e
83.6952308286749,-25.00835351844851,#c8102e
83.7034402021203,-24.96797005083820,#c8102e
83.7115385993400,-24.92756418206807,#c8102e
83.7195259592104,-24.88713621710693,#c8102e
83.7274022214457,-24.84668646109037,#c8102e
83.7351673265988,-24.80621521931847,#c8102e
83.7428212160615,-24.76572279725345,#c8102e
83.7503638320649,-24.72520950051740,#c8102e
83.7577951176803,-24.68467563488999,#c8102e
83.7651150168189,-24.64412150630610,#c8102e
83.7723234742327,-24.60354742085354,#c8102e
83.7794204355150,-24.56295368477080,#c8102e
83.7864058471006,-24.52234060444464,#c8102e
83.7932796562659,-24.48170848640784,#c8102e
83.8000418111301,-24.44105763733686,#c8102e
83.8066922606548,-24.40038836404956,#c8102e
83.8132309546449,-24.35970097350283,#c8102e
83.8196578437486,-24.31899577279030,#c8102e
83.8259728794582,-24.27827306914007,#c8102e
83.8321760141101,-24.23753316991230,#c8102e
83.8382672008852,-24.19677638259694,#c8102e
83.8442463938094,-24.15600301481142,#c8102e
83.8501135477541,-24.11521337429833,#c8102e
83.8558686184360,-24.07440776892303,#c8102e
83.8615115624180,-24.03358650667142,#c8102e
83.8670423371092,-23.99274989564757,#c8102e
83.8724609007652,-23.95189824407137,#c8102e
83.8777672124889,-23.91103186027624,#c8102e
83.8829612322299,-23.87015105270683,#c8102e
83.8880429207859,-23.82925612991660,#c8102e
83.8930122398019,-23.78834740056558,#c8102e
83.8978691517715,-23.74742517341800,#c8102e
83.9026136200364,-23.70648975733997,#c8102e
83.9072456087870,-23.66554146129712,#c8102e
83.9117650830629,-23.62458059435234,#c8102e
83.9161720087526,-23.58360746566337,#c8102e
83.9204663525943,-23.54262238448049,#c8102e
83.9246480821759,-23.50162566014421,#c8102e
83.9287171659351,-23.46061760208291,#c8102e
83.9326735731600,-23.41959851981052,#c8102e
83.9365172739891,-23.37856872292418,#c8102e
83.9402482394115,-23.33752852110187,#c8102e
83.9438664412673,-23.29647822410016,#c8102e
83.9473718522475,-23.25541814175175,#c8102e
83.9507644458946,-23.21434858396324,#c8102e
83.9540441966026,-23.17326986071273,#c8102e
83.9572110796170,-23.13218228204751,#c8102e
83.9602650710354,-23.09108615808168,#c8102e
83.9632061478074,-23.04998179899387,#c8102e
83.9660342877348,-23.00886951502485,#c8102e
83.9687494694718,-22.96774961647520,#c8102e
83.9713516725252,-22.92662241370298,#c8102e
83.9738408772545,-22.88548821712138,#c8102e
83.9762170648722,-22.84434733719638,#c8102e
83.9784802174436,-22.80320008444438,#c8102e
83.9806303178872,-22.76204676942990,#c8102e
83.9826673499749,-22.72088770276323,#c8102e
83.9845912983319,-22.67972319509803,#c8102e
83.9864021484370,-22.63855355712907,#c8102e
83.9880998866225,-22.59737909958982,#c8102e
83.9896845000745,-22.55620013325012,#c8102e
83.9911559768328,-22.51501696891385,#c8102e
83.9925143057914,-22.47382991741658,#c8102e
83.9937594766981,-22.43263928962322,#c8102e
83.9948914801547,-22.39144539642566,#c8102e
83.9959103076174,-22.35024854874043,#c8102e
83.9968159513963,-22.30904905750639,#c8102e
83.9976084046560,-22.26784723368232,#c8102e
83.9982876614154,-22.22664338824463,#c8102e
83.9988537165476,-22.18543783218497,#c8102e
83.9993065657804,-22.14423087650792,#c8102e
83.9996462056956,-22.10302283222860,#c8102e
83.9998726337300,-22.06181401037037,#c8102e
83.9999858481744,-22.02060472196244,#c8102e
83.9999858481744,-21.97939527803755,#c8102e
83.9998726337300,-21.93818598962962,#c8102e
83.9996462056956,-21.89697716777139,#c8102e
83.9993065657804,-21.85576912349208,#c8102e
83.9988537165476,-21.81456216781502,#c8102e
83.9982876614154,-21.77335661175536,#c8102e
83.9976084046560,-21.73215276631768,#c8102e
83.9968159513963,-21.69095094249361,#c8102e
83.9959103076174,-21.64975145125956,#c8102e
83.9948914801547,-21.60855460357434,#c8102e
83.9937594766981,-21.56736071037677,#c8102e
83.9925143057914,-21.52617008258341,#c8102e
83.9911559768328,-21.48498303108614,#c8102e
83.9896845000745,-21.44379986674988,#c8102e
83.9880998866225,-21.40262090041018,#c8102e
83.9864021484370,-21.36144644287092,#c8102e
83.9845912983319,-21.32027680490197,#c8102e
83.9826673499749,-21.27911229723677,#c8102e
83.9806303178872,-21.23795323057009,#c8102e
83.9784802174436,-21.19679991555562,#c8102e
83.9762170648722,-21.15565266280363,#c8102e
83.9738408772545,-21.11451178287861,#c8102e
83.9713516725252,-21.07337758629701,#c8102e
83.9687494694718,-21.03225038352480,#c8102e
83.9660342877348,-20.99113048497515,#c8102e
83.9632061478074,-20.95001820100612,#c8102e
83.9602650710354,-20.90891384191832,#c8102e
83.9572110796170,-20.86781771795249,#c8102e
83.9540441966026,-20.82673013928726,#c8102e
83.9507644458946,-20.78565141603676,#c8102e
83.9473718522475,-20.74458185824825,#c8102e
83.9438664412673,-20.70352177589984,#c8102e
83.9402482394115,-20.66247147889812,#c8102e
83.9365172739891,-20.62143127707582,#c8102e
83.9326735731600,-20.58040148018947,#c8102e
83.9287171659351,-20.53938239791708,#c8102e
83.9246480821759,-20.49837433985579,#c8102e
83.9204663525943,-20.45737761551951,#c8102e
83.9161720087526,-20.41639253433662,#c8102e
83.9117650830629,-20.37541940564765,#c8102e
83.9072456087870,-20.33445853870287,#c8102e
83.9026136200364,-20.29351024266003,#c8102e
83.8978691517715,-20.25257482658199,#c8102e
83.8930122398019,-20.21165259943441,#c8102e
83.8880429207859,-20.17074387008339,#c8102e
83.8829612322299,-20.12984894729316,#c8102e
83.8777672124889,-20.08896813972375,#c8102e
83.8724609007652,-20.04810175592863,#c8102e
83.8670423371092,-20.00725010435243,#c8102e
83.8615115624180,-19.96641349332857,#c8102e
83.8558686184360,-19.92559223107697,#c8102e
83.8501135477541,-19.88478662570167,#c8102e
83.8442463938094,-19.84399698518857,#c8102e
83.8382672008852,-19.80322361740306,#c8102e
83.8321760141101,-19.76246683008770,#c8102e
83.8259728794582,-19.72172693085992,#c8102e
83.8196578437486,-19.68100422720969,#c8102e
83.8132309546449,-19.64029902649717,#c8102e
83.8066922606548,-19.59961163595043,#c8102e
83.8000418111301,-19.55894236266313,#c8102e
83.7932796562659,-19.51829151359216,#c8102e
83.7864058471006,-19.47765939555536,#c8102e
83.7794204355150,-19.43704631522919,#c8102e
83.7723234742327,-19.39645257914646,#c8102e
83.7651150168189,-19.35587849369391,#c8102e
83.7577951176803,-19.31532436511000,#c8102e
83.7503638320649,-19.27479049948258,#c8102e
83.7428212160615,-19.23427720274655,#c8102e
83.7351673265988,-19.19378478068153,#c8102e
83.7274022214457,-19.15331353890962,#c8102e
83.7195259592104,-19.11286378289307,#c8102e
83.7115385993400,-19.07243581793193,#c8102e
83.7034402021203,-19.03202994916179,#c8102e
83.6952308286749,-18.99164648155148,#c8102e
83.6869105409653,-18.95128571990075,#c8102e
83.6784794017900,-18.91094796883794,#c8102e
83.6699374747841,-18.87063353281777,#c8102e
83.6612848244190,-18.83034271611896,#c8102e
83.6525215160018,-18.79007582284193,#c8102e
83.6436476156747,-18.74983315690659,#c8102e
83.6346631904148,-18.70961502204996,#c8102e
83.6255683080331,-18.66942172182391,#c8102e
83.6163630371746,-18.62925355959286,#c8102e
83.6070474473172,-18.58911083853152,#c8102e
83.5976216087718,-18.54899386162257,#c8102e
83.5880855926811,-18.50890293165437,#c8102e
83.5784394710194,-18.46883835121869,#c8102e
83.5686833165922,-18.42880042270845,#c8102e
83.5588172030355,-18.38878944831537,#c8102e
83.5488412048150,-18.34880573002776,#c8102e
83.5387553972259,-18.30884956962820,#c8102e
83.5285598563924,-18.26892126869128,#c8102e
83.5182546592665,-18.22902112858131,#c8102e
83.5078398836283,-18.18914945045004,#c8102e
83.4973156080845,-18.14930653523443,#c8102e
83.4866819120688,-18.10949268365433,#c8102e
83.4759388758402,-18.06970819621021,#c8102e
83.4650865804835,-18.02995337318096,#c8102e
83.4541251079076,-17.99022851462153,#c8102e
83.4430545408459,-17.95053392036071,#c8102e
83.4318749628550,-17.91086988999888,#c8102e
83.4205864583143,-17.87123672290575,#c8102e
83.4091891124253,-17.83163471821806,#c8102e
83.3976830112110,-17.79206417483735,#c8102e
83.3860682415153,-17.75252539142772,#c8102e
83.3743448910022,-17.71301866641354,#c8102e
83.3625130481554,-17.67354429797720,#c8102e
83.3505728022773,-17.63410258405693,#c8102e
83.3385242434886,-17.59469382234443,#c8102e
83.3263674627273,-17.55531831028273,#c8102e
83.3141025517485,-17.51597634506389,#c8102e
83.3017296031233,-17.47666822362677,#c8102e
83.2892487102381,-17.43739424265480,#c8102e
83.2766599672942,-17.39815469857371,#c8102e
83.2639634693069,-17.35894988754935,#c8102e
83.2511593121047,-17.31978010548536,#c8102e
83.2382475923288,-17.28064564802104,#c8102e
83.2252284074321,-17.24154681052906,#c8102e
83.2121018556787,-17.20248388811325,#c8102e
83.1988680361431,-17.16345717560634,#c8102e
83.1855270487093,-17.12446696756780,#c8102e
83.1720789940702,-17.08551355828155,#c8102e
83.1585239737269,-17.04659724175377,#c8102e
83.1448620899877,-17.00771831171067,#c8102e
83.1310934459676,-16.96887706159632,#c8102e
83.1172181455873,-16.93007378457035,#c8102e
83.1032362935725,-16.89130877350579,#c8102e
83.0891479954532,-16.85258232098687,#c8102e
83.0749533575627,-16.81389471930680,#c8102e
83.0606524870370,-16.77524626046552,#c8102e
83.0462454918139,-16.73663723616757,#c8102e
83.0317324806321,-16.69806793781986,#c8102e
83.0171135630306,-16.65953865652941,#c8102e
83.0023888493476,-16.62104968310126,#c8102e
82.9875584507200,-16.58260130803619,#c8102e
82.9726224790822,-16.54419382152858,#c8102e
82.9575810471655,-16.50582751346417,#c8102e
82.9424342684971,-16.46750267341793,#c8102e
82.9271822573995,-16.42921959065184,#c8102e
82.9118251289892,-16.39097855411268,#c8102e
82.8963629991764,-16.35277985242991,#c8102e
82.8807959846635,-16.31462377391345,#c8102e
82.8651242029447,-16.27651060655155,#c8102e
82.8493477723050,-16.23844063800851,#c8102e
82.8334668118190,-16.20041415562265,#c8102e
82.8174814413506,-16.16243144640405,#c8102e
82.8013917815514,-16.12449279703238,#c8102e
82.7851979538605,-16.08659849385479,#c8102e
82.7689000805029,-16.04874882288374,#c8102e
82.7524982844890,-16.01094406979477,#c8102e
82.7359926896137,-15.97318451992443,#c8102e
82.7193834204552,-15.93547045826809,#c8102e
82.7026706023742,-15.89780216947779,#c8102e
82.6858543615130,-15.86017993786008,#c8102e
82.6689348247945,-15.82260404737391,#c8102e
82.6519121199211,-15.78507478162845,#c8102e
82.6347863753742,-15.74759242388097,#c8102e
82.6175577204125,-15.71015725703467,#c8102e
82.6002262850718,-15.67276956363660,#c8102e
82.5827922001633,-15.63542962587551,#c8102e
82.5652555972733,-15.59813772557965,#c8102e
82.5476166087616,-15.56089414421477,#c8102e
82.5298753677609,-15.52369916288188,#c8102e
82.5120320081757,-15.48655306231518,#c8102e
82.4940866646811,-15.44945612287995,#c8102e
82.4760394727222,-15.41240862457042,#c8102e
82.4578905685124,-15.37541084700765,#c8102e
82.4396400890333,-15.33846306943742,#c8102e
82.4212881720327,-15.30156557072813,#c8102e
82.4028349560243,-15.26471862936870,#c8102e
82.3842805802862,-15.22792252346646,#c8102e
82.3656251848602,-15.19117753074505,#c8102e
82.3468689105503,-15.15448392854233,#c8102e
82.3280118989222,-15.11784199380829,#c8102e
82.3090542923016,-15.08125200310292,#c8102e
82.2899962337738,-15.04471423259419,#c8102e
82.2708378671820,-15.00822895805592,#c8102e
82.2515793371266,-14.97179645486571,#c8102e
82.2322207889641,-14.93541699800286,#c8102e
82.2127623688056,-14.89909086204630,#c8102e
82.1932042235163,-14.86281832117250,#c8102e
82.1735465007140,-14.82659964915342,#c8102e
82.1537893487680,-14.79043511935446,#c8102e
82.1339329167981,-14.75432500473233,#c8102e
82.1139773546735,-14.71826957783306,#c8102e
82.0939228130114,-14.68226911078993,#c8102e
82.0737694431764,-14.64632387532139,#c8102e
82.0535173972786,-14.61043414272900,#c8102e
82.0331668281732,-14.57460018389544,#c8102e
82.0127178894589,-14.53882226928241,#c8102e
81.9921707354769,-14.50310066892862,#c8102e
81.9715255213095,-14.46743565244772,#c8102e
81.9507824027795,-14.43182748902630,#c8102e
81.9299415364482,-14.39627644742186,#c8102e
81.9090030796150,-14.36078279596073,#c8102e
81.8879671903158,-14.32534680253611,#c8102e
81.8668340273218,-14.28996873460600,#c8102e
81.8456037501385,-14.25464885919120,#c8102e
81.8242765190042,-14.21938744287332,#c8102e
81.8028524948892,-14.18418475179270,#c8102e
81.7813318394942,-14.14904105164648,#c8102e
81.7597147152493,-14.11395660768653,#c8102e
81.7380012853127,-14.07893168471749,#c8102e
81.7161917135695,-14.04396654709477,#c8102e
81.6942861646304,-14.00906145872252,#c8102e
81.6722848038305,-13.97421668305165,#c8102e
81.6501877972282,-13.93943248307790,#c8102e
81.6279953116035,-13.90470912133976,#c8102e
81.6057075144574,-13.87004685991655,#c8102e
81.5833245740099,-13.83544596042643,#c8102e
81.5608466591996,-13.80090668402442,#c8102e
81.5382739396813,-13.76642929140043,#c8102e
81.5156065858259,-13.73201404277730,#c8102e
81.4928447687183,-13.69766119790883,#c8102e
81.4699886601564,-13.66337101607780,#c8102e
81.4470384326498,-13.62914375609405,#c8102e
81.4239942594185,-13.59497967629252,#c8102e
81.4008563143916,-13.56087903453127,#c8102e
81.3776247722058,-13.52684208818954,#c8102e
81.3542998082045,-13.49286909416585,#c8102e
81.3308815984359,-13.45896030887602,#c8102e
81.3073703196522,-13.42511598825123,#c8102e
81.2837661493080,-13.39133638773614,#c8102e
81.2600692655589,-13.35762176228689,#c8102e
81.2362798472606,-13.32397236636923,#c8102e
81.2123980739668,-13.29038845395656,#c8102e
81.1884241259284,-13.25687027852808,#c8102e
81.1643581840923,-13.22341809306679,#c8102e
81.1402004300992,-13.19003215005764,#c8102e
81.1159510462833,-13.15671270148558,#c8102e
81.0916102156700,-13.12345999883373,#c8102e
81.0671781219751,-13.09027429308140,#c8102e
81.0426549496031,-13.05715583470224,#c8102e
81.0180408836461,-13.02410487366234,#c8102e
80.9933361098820,-12.99112165941836,#c8102e
80.9685408147735,-12.95820644091561,#c8102e
80.9436551854666,-12.92535946658621,#c8102e
80.9186794097889,-12.89258098434718,#c8102e
80.8936136762484,-12.85987124159861,#c8102e
80.8684581740323,-12.82723048522175,#c8102e
80.8432130930051,-12.79465896157717,#c8102e
80.8178786237076,-12.76215691650290,#c8102e
80.7924549573550,-12.72972459531258,#c8102e
80.7669422858361,-12.69736224279358,#c8102e
80.7413408017111,-12.66507010320518,#c8102e
80.7156506982108,-12.63284842027671,#c8102e
80.6898721692348,-12.60069743720575,#c8102e
80.6640054093499,-12.56861739665623,#c8102e
80.6380506137892,-12.53660854075665,#c8102e
80.6120079784500,-12.50467111109821,#c8102e
80.5858776998927,-12.47280534873305,#c8102e
80.5596599753390,-12.44101149417234,#c8102e
80.5333550026709,-12.40928978738458,#c8102e
80.5069629804288,-12.37764046779367,#c8102e
80.4804841078099,-12.34606377427718,#c8102e
80.4539185846674,-12.31455994516452,#c8102e
80.4272666115080,-12.28312921823515,#c8102e
80.4005283894911,-12.25177183071678,#c8102e
80.3737041204273,-12.22048801928359,#c8102e
80.3467940067762,-12.18927802005441,#c8102e
80.3197982516457,-12.15814206859098,#c8102e
80.2927170587899,-12.12708039989616,#c8102e
80.2655506326079,-12.09609324841214,#c8102e
80.2382991781419,-12.06518084801867,#c8102e
80.2109629010760,-12.03434343203134,#c8102e
80.1835420077346,-12.00358123319974,#c8102e
80.1560367050805,-11.97289448370580,#c8102e
80.1284472007137,-11.94228341516194,#c8102e
80.1007737028700,-11.91174825860938,#c8102e
80.0730164204186,-11.88128924451641,#c8102e
80.0451755628617,-11.85090660277660,#c8102e
80.0172513403317,-11.82060056270708,#c8102e
79.9892439635906,-11.79037135304683,#c8102e
79.9611536440280,-11.76021920195497,#c8102e
79.9329805936593,-11.73014433700895,#c8102e
79.9047250251245,-11.70014698520295,#c8102e
79.8763871516863,-11.67022737294608,#c8102e
79.8479671872288,-11.64038572606070,#c8102e
79.8194653462555,-11.61062226978072,#c8102e
79.7908818438879,-11.58093722874990,#c8102e
79.7622168958640,-11.55133082702015,#c8102e
79.7334707185363,-11.52180328804983,#c8102e
79.7046435288706,-11.49235483470208,#c8102e
79.6757355444440,-11.46298568924312,#c8102e
79.6467469834434,-11.43369607334061,#c8102e
79.6176780646641,-11.40448620806192,#c8102e
79.5885290075077,-11.37535631387250,#c8102e
79.5593000319805,-11.34630661063422,#c8102e
79.5299913586924,-11.31733731760368,#c8102e
79.5006032088546,-11.28844865343057,#c8102e
79.4711358042780,-11.25964083615606,#c8102e
79.4415893673721,-11.23091408321107,#c8102e
79.4119641211425,-11.20226861141470,#c8102e
79.3822602891900,-11.17370463697258,#c8102e
79.3524780957081,-11.14522237547519,#c8102e
79.3226177654821,-11.11682204189631,#c8102e
79.2926795238869,-11.08850385059133,#c8102e
79.2626635968854,-11.06026801529568,#c8102e
79.2325702110271,-11.03211474912319,#c8102e
79.2023995934458,-11.00404426456448,#c8102e
79.1721519718584,-10.97605677348537,#c8102e
79.1418275745629,-10.94815248712528,#c8102e
79.1114266304370,-10.92033161609563,#c8102e
79.0809493689358,-10.89259437037823,#c8102e
79.0503960200907,-10.86494095932376,#c8102e
79.0197668145072,-10.83737159165012,#c8102e
78.9890619833635,-10.80988647544086,#c8102e
78.9582817584085,-10.78248581814368,#c8102e
78.9274263719602,-10.75516982656876,#c8102e
78.8964960569037,-10.72793870688731,#c8102e
78.8654910466899,-10.70079266462991,#c8102e
78.8344115753333,-10.67373190468503,#c8102e
78.8032578774105,-10.64675663129747,#c8102e
78.7720301880583,-10.61986704806677,#c8102e
78.7407287429720,-10.59306335794576,#c8102e
78.7093537784034,-10.56634576323894,#c8102e
78.6779055311594,-10.53971446560103,#c8102e
78.6463842386000,-10.51316966603537,#c8102e
78.6147901386364,-10.48671156489246,#c8102e
78.5831234697294,-10.46034036186846,#c8102e
78.5513844708875,-10.43405625600361,#c8102e
78.5195733816652,-10.40785944568081,#c8102e
78.4876904421610,-10.38175012862407,#c8102e
78.4557358930158,-10.35572850189701,#c8102e
78.4237099754108,-10.32979476190144,#c8102e
78.3916129310661,-10.30394910437578,#c8102e
78.3594450022385,-10.27819172439368,#c8102e
78.3272064317199,-10.25252281636250,#c8102e
78.2948974628352,-10.22694257402183,#c8102e
78.2625183394409,-10.20145119044204,#c8102e
78.2300693059227,-10.17604885802283,#c8102e
78.1975506071943,-10.15073576849177,#c8102e
78.1649624886949,-10.12551211290288,#c8102e
78.1323051963878,-10.10037808163515,#c8102e
78.0995789767584,-10.07533386439112,#c8102e
78.0667840768123,-10.05037965019543,#c8102e
78.0339207440735,-10.02551562739344,#c8102e
78.0009892265825,-10.00074198364975,#c8102e
77.9679897728944, -9.97605890594683,#c8102e
77.9349226320772, -9.95146658058358,#c8102e
77.9017880537096, -9.92696519317394,#c8102e
77.8685862878793, -9.90255492864549,#c8102e
77.8353175851812, -9.87823597123804,#c8102e
77.8019821967155, -9.85400850450223,#c8102e
77.7685803740854, -9.82987271129820,#c8102e
77.7351123693959, -9.80582877379412,#c8102e
77.7015784352512, -9.78187687346492,#c8102e
77.6679788247534, -9.75801719109084,#c8102e
77.6343137915000, -9.73424990675610,#c8102e
77.6005835895826, -9.71057519984751,#c8102e
77.5667884735844, -9.68699324905318,#c8102e
77.5329286985787, -9.66350423236110,#c8102e
77.4990045201267, -9.64010832705782,#c8102e
77.4650161942759, -9.61680570972716,#c8102e
77.4309639775579, -9.59359655624879,#c8102e
77.3968481269862, -9.57048104179698,#c8102e
77.3626689000551, -9.54745934083925,#c8102e
77.3284265547368, -9.52453162713501,#c8102e
77.2941213494802, -9.50169807373433,#c8102e
77.2597535432085, -9.47895885297656,#c8102e
77.2253233953175, -9.45631413648910,#c8102e
77.1908311656733, -9.43376409518604,#c8102e
77.1562771146107, -9.41130889926689,#c8102e
77.1216615029313, -9.38894871821533,#c8102e
77.0869845919011, -9.36668372079786,#c8102e
77.0522466432488, -9.34451407506260,#c8102e
77.0174479191638, -9.32243994833800,#c8102e
76.9825886822942, -9.30046150723153,#c8102e
76.9476691957450, -9.27857891762849,#c8102e
76.9126897230756, -9.25679234469072,#c8102e
76.8776505282986, -9.23510195285535,#c8102e
76.8425518758769, -9.21350790583358,#c8102e
76.8073940307224, -9.19201036660943,#c8102e
76.7721772581938, -9.17060949743853,#c8102e
76.7369018240946, -9.14930545984685,#c8102e
76.7015679946708, -9.12809841462954,#c8102e
76.6661760366094, -9.10698852184968,#c8102e
76.6307262170360, -9.08597594083705,#c8102e
76.5952188035130, -9.06506083018700,#c8102e
76.5596540640374, -9.04424334775916,#c8102e
76.5240322670390, -9.02352365067636,#c8102e
76.4883536813782, -9.00290189532332,#c8102e
76.4526185763439, -8.98237823734558,#c8102e
76.4168272216518, -8.96195283164824,#c8102e
76.3809798874420, -8.94162583239485,#c8102e
76.3450768442771, -8.92139739300622,#c8102e
76.3091183631403, -8.90126766615924,#c8102e
76.2731047154331, -8.88123680378580,#c8102e
76.2370361729736, -8.86130495707156,#c8102e
76.2009130079938, -8.84147227645488,#c8102e
76.1647354931384, -8.82173891162560,#c8102e
76.1285039014621, -8.80210501152401,#c8102e
76.0922185064278, -8.78257072433965,#c8102e
76.0558795819044, -8.76313619751021,#c8102e
76.0194874021650, -8.74380157772045,#c8102e
75.9830422418845, -8.72456701090107,#c8102e
75.9465443761378, -8.70543264222758,#c8102e
75.9099940803975, -8.68639861611925,#c8102e
75.8733916305319, -8.66746507623799,#c8102e
75.8367373028031, -8.64863216548727,#c8102e
75.8000313738645, -8.62990002601108,#c8102e
75.7632741207592, -8.61126879919280,#c8102e
75.7264658209177, -8.59273862565415,#c8102e
75.6896067521555, -8.57430964525416,#c8102e
75.6526971926716, -8.55598199708808,#c8102e
75.6157374210458, -8.53775581948634,#c8102e
75.5787277162372, -8.51963125001349,#c8102e
75.5416683575815, -8.50160842546723,#c8102e
75.5045596247893, -8.48368748187726,#c8102e
75.4674017979438, -8.46586855450438,#c8102e
75.4301951574988, -8.44815177783936,#c8102e
75.3929399842766, -8.43053728560200,#c8102e
75.3556365594656, -8.41302521074010,#c8102e
75.3182851646186, -8.39561568542843,#c8102e
75.2808860816502, -8.37830884106776,#c8102e
75.2434395928352, -8.36110480828387,#c8102e
75.2059459808062, -8.34400371692655,#c8102e
75.1684055285511, -8.32700569606863,#c8102e
75.1308185194119, -8.31011087400499,#c8102e
75.0931852370814, -8.29331937825161,#c8102e
75.0555059656022, -8.27663133554459,#c8102e
75.0177809893636, -8.26004687183924,#c8102e
74.9800105931000, -8.24356611230905,#c8102e
74.9421950618887, -8.22718918134481,#c8102e
74.9043346811476, -8.21091620255365,#c8102e
74.8664297366331, -8.19474729875810,#c8102e
74.8284805144379, -8.17868259199517,#c8102e
74.7904873009890, -8.16272220351543,#c8102e
74.7524503830454, -8.14686625378210,#c8102e
74.7143700476958, -8.13111486247012,#c8102e
74.6762465823569, -8.11546814846528,#c8102e
74.6380802747706, -8.09992622986330,#c8102e
74.5998714130025, -8.08448922396892,#c8102e
74.5616202854391, -8.06915724729505,#c8102e
74.5233271807861, -8.05393041556190,#c8102e
74.4849923880658, -8.03880884369604,#c8102e
74.4466161966155, -8.02379264582963,#c8102e
74.4081988960845, -8.00888193529946,#c8102e
74.3697407764329, -7.99407682464616,#c8102e
74.3312421279284, -7.97937742561332,#c8102e
74.2927032411449, -7.96478384914667,#c8102e
74.2541244069599, -7.95029620539323,#c8102e
74.2155059165525, -7.93591460370046,#c8102e
74.1768480614009, -7.92163915261549,#c8102e
74.1381511332807, -7.90746995988421,#c8102e
74.0994154242622, -7.89340713245055,#c8102e
74.0606412267084, -7.87945077645563,#c8102e
74.0218288332729, -7.86560099723695,#c8102e
73.9829785368975, -7.85185789932761,#c8102e
73.9440906308102, -7.83822158645552,#c8102e
73.9051654085228, -7.82469216154263,#c8102e
73.8662031638287, -7.81126972670411,#c8102e
73.8272041908008, -7.79795438324762,#c8102e
73.7881687837891, -7.78474623167256,#c8102e
73.7490972374187, -7.77164537166922,#c8102e
73.7099898465875, -7.75865190211817,#c8102e
73.6708469064639, -7.74576592108938,#c8102e
73.6316687124845, -7.73298752584156,#c8102e
73.5924555603521, -7.72031681282139,#c8102e
73.5532077460333, -7.70775387766281,#c8102e
73.5139255657564, -7.69529881518630,#c8102e
73.4746093160091, -7.68295171939814,#c8102e
73.4352592935360, -7.67071268348972,#c8102e
73.3958757953369, -7.65858179983684,#c8102e
73.3564591186641, -7.64655915999901,#c8102e
73.3170095610204, -7.63464485471874,#c8102e
73.2775274201566, -7.62283897392089,#c8102e
73.2380129940697, -7.61114160671194,#c8102e
73.1984665810002, -7.59955284137939,#c8102e
73.1588884794300, -7.58807276539101,#c8102e
73.1192789880803, -7.57670146539426,#c8102e
73.0796384059091, -7.56543902721558,#c8102e
73.0399670321092, -7.55428553585975,#c8102e
73.0002651661056, -7.54324107550929,#c8102e
72.9605331075537, -7.53230572952376,#c8102e
72.9207711563365, -7.52147958043918,#c8102e
72.8809796125629, -7.51076270996740,#c8102e
72.8411587765649, -7.50015519899546,#c8102e
72.8013089488958, -7.48965712758500,#c8102e
72.7614304303275, -7.47926857497164,#c8102e
72.7215235218488, -7.46898961956442,#c8102e
72.6815885246622, -7.45882033894515,#c8102e
72.6416257401829, -7.44876080986787,#c8102e
72.6016354700353, -7.43881110825824,#c8102e
72.5616180160515, -7.42897130921302,#c8102e
72.5215736802686, -7.41924148699941,#c8102e
72.4815027649269, -7.40962171505459,#c8102e
72.4414055724669, -7.40011206598510,#c8102e
72.4012824055277, -7.39071261156631,#c8102e
72.3611335669445, -7.38142342274190,#c8102e
72.3209593597460, -7.37224456962329,#c8102e
72.2807600871526, -7.36317612148912,#c8102e
72.2405360525739, -7.35421814678476,#c8102e
72.2002875596061, -7.34537071312173,#c8102e
72.1600149120303, -7.33663388727725,#c8102e
72.1197184138099, -7.32800773519372,#c8102e
72.0793983690881, -7.31949232197818,#c8102e
72.0390550821860, -7.31108771190190,#c8102e
71.9986888576001, -7.30279396839981,#c8102e
71.9583000000000, -7.29461115407008,#c8102e
71.9583000000000, -5.00000000000000,#c8102e
71.7917000000000, -5.00000000000000,#c8102e
71.7917000000000, -7.26207575301053,#c8102e
71.7889381780035, -7.26155286879670,#c8102e
71.7861762580710, -7.26103050213612,#c8102e
71.7834142402995, -7.26050865304714,#c8102e
71.7806521247860, -7.25998732154809,#c8102e
71.7778899116275, -7.25946650765726,#c8102e
71.7751276009211, -7.25894621139296,#c8102e
71.7723651927636, -7.25842643277344,#c8102e
71.7696026872522, -7.25790717181697,#c8102e
71.7668400844838, -7.25738842854178,#c8102e
71.7640773845554, -7.25687020296608,#c8102e
71.7613145875640, -7.25635249510807,#c8102e
71.7585516936067, -7.25583530498593,#c8102e
71.7557887027805, -7.25531863261782,#c8102e
71.7530256151824, -7.25480247802189,#c8102e
71.7502624309095, -7.25428684121626,#c8102e
71.7474991500587, -7.25377172221904,#c8102e
71.7447357727271, -7.25325712104832,#c8102e
71.7419722990117, -7.25274303772216,#c8102e
71.7392087290097, -7.25222947225862,#c8102e
71.7364450628179, -7.25171642467574,#c8102e
71.7336813005336, -7.25120389499153,#c8102e
71.7309174422537, -7.25069188322399,#c8102e
71.7281534880752, -7.25018038939109,#c8102e
71.7253894380953, -7.24966941351081,#c8102e
71.7226252924110, -7.24915895560108,#c8102e
71.7198610511194, -7.24864901567982,#c8102e
71.7170967143175, -7.24813959376496,#c8102e
71.7143322821024, -7.24763068987436,#c8102e
71.7115677545712, -7.24712230402591,#c8102e
71.7088031318210, -7.24661443623746,#c8102e
71.7060384139488, -7.24610708652684,#c8102e
71.7032736010517, -7.24560025491186,#c8102e
71.7005086932269, -7.24509394141033,#c8102e
71.6977436905714, -7.24458814604003,#c8102e
71.6949785931823, -7.24408286881871,#c8102e
71.6922134011567, -7.24357810976413,#c8102e
71.6894481145917, -7.24307386889399,#c8102e
71.6866827335844, -7.24257014622602,#c8102e
71.6839172582319, -7.24206694177790,#c8102e
71.6811516886314, -7.24156425556730,#c8102e
71.6783860248799, -7.24106208761187,#c8102e
71.6756202670746, -7.24056043792924,#c8102e
71.6728544153126, -7.24005930653704,#c8102e
71.6700884696910, -7.23955869345286,#c8102e
71.6673224303070, -7.23905859869428,#c8102e
71.6645562972576, -7.23855902227887,#c8102e
71.6617900706401, -7.23805996422415,#c8102e
71.6590237505515, -7.23756142454766,#c8102e
71.6562573370889, -7.23706340326691,#c8102e
71.6534908303497, -7.23656590039939,#c8102e
71.6507242304308, -7.23606891596255,#c8102e
71.6479575374294, -7.23557244997387,#c8102e
71.6451907514428, -7.23507650245076,#c8102e
71.6424238725680, -7.23458107341065,#c8102e
71.6396569009022, -7.23408616287094,#c8102e
71.6368898365425, -7.23359177084899,#c8102e
71.6341226795863, -7.23309789736218,#c8102e
71.6313554301305, -7.23260454242785,#c8102e
71.6285880882724, -7.23211170606331,#c8102e
71.6258206541092, -7.23161938828588,#c8102e
71.6230531277381, -7.23112758911285,#c8102e
71.6202855092561, -7.23063630856149,#c8102e
71.6175177987606, -7.23014554664904,#c8102e
71.6147499963487, -7.22965530339274,#c8102e
71.6119821021176, -7.22916557880980,#c8102e
71.6092141161645, -7.22867637291743,#c8102e
71.6064460385867, -7.22818768573281,#c8102e
71.6036778694812, -7.22769951727308,#c8102e
71.6009096089453, -7.22721186755540,#c8102e
71.5981412570762, -7.22672473659689,#c8102e
71.5953728139712, -7.22623812441465,#c8102e
71.5926042797274, -7.22575203102577,#c8102e
71.5898356544421, -7.22526645644733,#c8102e
71.5870669382125, -7.22478140069638,#c8102e
71.5842981311358, -7.22429686378994,#c8102e
71.5815292333093, -7.22381284574503,#c8102e
71.5787602448301, -7.22332934657865,#c8102e
71.5759911657956, -7.22284636630778,#c8102e
71.5732219963028, -7.22236390494937,#c8102e
71.5704527364493, -7.22188196252038,#c8102e
71.5676833863320, -7.22140053903772,#c8102e
71.5649139460483, -7.22091963451829,#c8102e
71.5621444156955, -7.22043924897900,#c8102e
71.5593747953707, -7.21995938243670,#c8102e
71.5566050851713, -7.21948003490824,#c8102e
71.5538352851946, -7.21900120641047,#c8102e
71.5510653955376, -7.21852289696018,#c8102e
71.5482954162979, -7.21804510657419,#c8102e
71.5455253475725, -7.21756783526927,#c8102e
71.5427551894589, -7.21709108306217,#c8102e
71.5399849420542, -7.21661484996965,#c8102e
71.5372146054557, -7.21613913600841,#c8102e
71.5344441797608, -7.21566394119517,#c8102e
71.5316736650667, -7.21518926554662,#c8102e
71.5289030614707, -7.21471510907942,#c8102e
71.5261323690700, -7.21424147181023,#c8102e
71.5233615879621, -7.21376835375567,#c8102e
71.5205907182442, -7.21329575493236,#c8102e
71.5178197600135, -7.21282367535689,#c8102e
71.5150487133674, -7.21235211504585,#c8102e
71.5122775784032, -7.21188107401579,#c8102e
71.5095063552183, -7.21141055228325,#c8102e
71.5067350439098, -7.21094054986476,#c8102e
71.5039636445753, -7.21047106677682,#c8102e
71.5011921573118, -7.21000210303592,#c8102e
71.4984205822169, -7.20953365865852,#c8102e
71.4956489193877, -7.20906573366108,#c8102e
71.4928771689218, -7.20859832806002,#c8102e
71.4901053309162, -7.20813144187177,#c8102e
71.4873334054685, -7.20766507511270,#c8102e
71.4845613926759, -7.20719922779921,#c8102e
71.4817892926359, -7.20673389994765,#c8102e
71.4790171054456, -7.20626909157436,#c8102e
71.4762448312025, -7.20580480269566,#c8102e
71.4734724700040, -7.20534103332786,#c8102e
71.4707000219474, -7.20487778348724,#c8102e
71.4679274871300, -7.20441505319008,#c8102e
71.4651548656491, -7.20395284245260,#c8102e
71.4623821576023, -7.20349115129106,#c8102e
71.4596093630868, -7.20302997972167,#c8102e
71.4568364822000, -7.20256932776061,#c8102e
71.4540635150393, -7.20210919542406,#c8102e
71.4512904617020, -7.20164958272818,#c8102e
71.4485173222855, -7.20119048968912,#c8102e
71.4457440968873, -7.20073191632298,#c8102e
71.4429707856046, -7.20027386264589,#c8102e
71.4401973885349, -7.19981632867391,#c8102e
71.4374239057756, -7.19935931442312,#c8102e
71.4346503374240, -7.19890281990956,#c8102e
71.4318766835776, -7.19844684514928,#c8102e
71.4291029443338, -7.19799139015826,#c8102e
71.4263291197899, -7.19753645495252,#c8102e
71.4235552100434, -7.19708203954803,#c8102e
71.4207812151917, -7.19662814396074,#c8102e
71.4180071353321, -7.19617476820659,#c8102e
71.4152329705621, -7.19572191230151,#c8102e
71.4124587209792, -7.19526957626140,#c8102e
71.4096843866807, -7.19481776010213,#c8102e
71.4069099677640, -7.19436646383958,#c8102e
71.4041354643267, -7.19391568748959,#c8102e
71.4013608764660, -7.19346543106800,#c8102e
71.3985862042795, -7.19301569459061,#c8102e
71.3958114478646, -7.19256647807322,#c8102e
71.3930366073187, -7.19211778153160,#c8102e
71.3902616827393, -7.19166960498151,#c8102e
71.3874866742237, -7.19122194843868,#c8102e
71.3847115818695, -7.19077481191884,#c8102e
71.3819364057741, -7.19032819543769,#c8102e
71.3791611460350, -7.18988209901091,#c8102e
71.3763858027496, -7.18943652265417,#c8102e
71.3736103760153, -7.18899146638311,#c8102e
71.3708348659297, -7.18854693021335,#c8102e
71.3680592725901, -7.18810291416053,#c8102e
71.3652835960942, -7.18765941824021,#c8102e
71.3625078365392, -7.18721644246799,#c8102e
71.3597319940228, -7.18677398685940,#c8102e
71.3569560686423, -7.18633205143000,#c8102e
71.3541800604953, -7.18589063619529,#c8102e
71.3514039696793, -7.18544974117079,#c8102e
71.3486277962916, -7.18500936637196,#c8102e
71.3458515404299, -7.18456951181429,#c8102e
71.3430752021916, -7.18413017751320,#c8102e
71.3402987816742, -7.18369136348414,#c8102e
71.3375222789751, -7.18325306974251,#c8102e
71.3347456941920, -7.18281529630369,#c8102e
71.3319690274223, -7.18237804318307,#c8102e
71.3291922787634, -7.18194131039599,#c8102e
71.3264154483130, -7.18150509795780,#c8102e
71.3236385361685, -7.18106940588381,#c8102e
71.3208615424274, -7.18063423418932,#c8102e
71.3180844671873, -7.18019958288962,#c8102e
71.3153073105456, -7.17976545199996,#c8102e
71.3125300726000, -7.17933184153559,#c8102e
71.3097527534478, -7.17889875151174,#c8102e
71.3069753531867, -7.17846618194362,#c8102e
71.3041978719142, -7.17803413284641,#c8102e
71.3014203097278, -7.17760260423529,#c8102e
71.2986426667250, -7.17717159612541,#c8102e
71.2958649430034, -7.17674110853190,#c8102e
71.2930871386605, -7.17631114146989,#c8102e
71.2903092537940, -7.17588169495447,#c8102e
71.2875312885012, -7.17545276900073,#c8102e
71.2847532428798, -7.17502436362372,#c8102e
71.2819751170273, -7.17459647883848,#c8102e
71.2791969110413, -7.17416911466005,#c8102e
71.2764186250193, -7.17374227110344,#c8102e
71.2736402590590, -7.17331594818362,#c8102e
71.2708618132578, -7.17289014591557,#c8102e
71.2680832877133, -7.17246486431424,#c8102e
71.2653046825232, -7.17204010339458,#c8102e
71.2625259977849, -7.17161586317148,#c8102e
71.2597472335960, -7.17119214365986,#c8102e
71.2569683900542, -7.17076894487459,#c8102e
71.2541894672570, -7.17034626683052,#c8102e
71.2514104653021, -7.16992410954252,#c8102e
71.2486313842869, -7.16950247302539,#c8102e
71.2458522243090, -7.16908135729394,#c8102e
71.2430729854662, -7.16866076236296,#c8102e
71.2402936678559, -7.16824068824723,#c8102e
71.2375142715757, -7.16782113496149,#c8102e
71.2347347967233, -7.16740210252048,#c8102e
71.2319552433963, -7.16698359093891,#c8102e
71.2291756116923, -7.16656560023147,#c8102e
71.2263959017088, -7.16614813041285,#c8102e
71.2236161135435, -7.16573118149770,#c8102e
71.2208362472940, -7.16531475350067,#c8102e
71.2180563030580, -7.16489884643638,#c8102e
71.2152762809330, -7.16448346031943,#c8102e
71.2124961810167, -7.16406859516442,#c8102e
71.2097160034066, -7.16365425098590,#c8102e
71.2069357482005, -7.16324042779844,#c8102e
71.2041554154959, -7.16282712561655,#c8102e
71.2013750053905, -7.16241434445476,#c8102e
71.1985945179820, -7.16200208432756,#c8102e
71.1958139533679, -7.16159034524943,#c8102e
71.1930333116459, -7.16117912723482,#c8102e
71.1902525929136, -7.16076843029818,#c8102e
71.1874717972688, -7.16035825445393,#c8102e
71.1846909248090, -7.15994859971646,#c8102e
71.1819099756319, -7.15953946610018,#c8102e
71.1791289498351, -7.15913085361944,#c8102e
71.1763478475164, -7.15872276228859,#c8102e
71.1735666687733, -7.15831519212196,#c8102e
71.1707854137035, -7.15790814313387,#c8102e
71.1680040824048, -7.15750161533860,#c8102e
71.1652226749747, -7.15709560875045,#c8102e
71.1624411915110, -7.15669012338365,#c8102e
71.1596596321113, -7.15628515925246,#c8102e
71.1568779968733, -7.15588071637108,#c8102e
71.1540962858947, -7.15547679475373,#c8102e
71.1513144992731, -7.15507339441459,#c8102e
71.1485326371062, -7.15467051536783,#c8102e
71.1457506994918, -7.15426815762758,#c8102e
71.1429686865275, -7.15386632120798,#c8102e
71.1401865983110, -7.15346500612315,#c8102e
71.1374044349400, -7.15306421238717,#c8102e
71.1346221965122, -7.15266394001411,#c8102e
71.1318398831254, -7.15226418901804,#c8102e
71.1290574948771, -7.15186495941300,#c8102e
71.1262750318651, -7.15146625121299,#c8102e
71.1234924941872, -7.15106806443202,#c8102e
71.1207098819410, -7.15067039908408,#c8102e
71.1179271952243, -7.15027325518313,#c8102e
71.1151444341347, -7.14987663274311,#c8102e
71.1123615987700, -7.14948053177795,#c8102e
71.1095786892279, -7.14908495230157,#c8102e
71.1067957056061, -7.14868989432785,#c8102e
71.1040126480024, -7.14829535787067,#c8102e
71.1012295165144, -7.14790134294387,#c8102e
71.0984463112400, -7.14750784956130,#c8102e
71.0956630322769, -7.14711487773678,#c8102e
71.0928796797227, -7.14672242748410,#c8102e
71.0900962536753, -7.14633049881705,#c8102e
71.0873127542323, -7.14593909174938,#c8102e
71.0845291814915, -7.14554820629485,#c8102e
71.0817455355507, -7.14515784246717,#c8102e
71.0789618165077, -7.14476800028006,#c8102e
71.0761780244600, -7.14437867974721,#c8102e
71.0733941595057, -7.14398988088229,#c8102e
71.0706102217422, -7.14360160369895,#c8102e
71.0678262112676, -7.14321384821082,#c8102e
71.0650421281794, -7.14282661443152,#c8102e
71.0622579725755, -7.14243990237466,#c8102e
71.0594737445536, -7.14205371205380,#c8102e
71.0566894442116, -7.14166804348252,#c8102e
71.0539050716471, -7.14128289667435,#c8102e
71.0511206269580, -7.14089827164281,#c8102e
71.0483361102420, -7.14051416840143,#c8102e
71.0455515215969, -7.14013058696368,#c8102e
71.0427668611206, -7.13974752734303,#c8102e
71.0399821289107, -7.13936498955293,#c8102e
71.0371973250650, -7.13898297360682,#c8102e
71.0344124496815, -7.13860147951812,#c8102e
71.0316275028578, -7.13822050730022,#c8102e
71.0288424846917, -7.13784005696649,#c8102e
71.0260573952811, -7.13746012853030,#c8102e
71.0232722347238, -7.13708072200499,#c8102e
71.0204870031175, -7.13670183740388,#c8102e
71.0177017005601, -7.13632347474027,#c8102e
71.0149163271493, -7.13594563402746,#c8102e
71.0121308829830, -7.13556831527872,#c8102e
71.0093453681590, -7.13519151850728,#c8102e
71.0065597827751, -7.13481524372639,#c8102e
71.0037741269292, -7.13443949094925,#c8102e
71.0009884007190, -7.13406426018906,#c8102e
70.9982026042423, -7.13368955145900,#c8102e
70.9954167375971, -7.13331536477223,#c8102e
70.9926308008810, -7.13294170014188,#c8102e
70.9898447941921, -7.13256855758108,#c8102e
70.9870587176280, -7.13219593710293,#c8102e
70.9842725712866, -7.13182383872052,#c8102e
70.9814863552658, -7.13145226244690,#c8102e
70.9787000696634, -7.13108120829514,#c8102e
70.9759137145773, -7.13071067627826,#c8102e
70.9731272901052, -7.13034066640927,#c8102e
70.9703407963451, -7.12997117870116,#c8102e
70.9675542333948, -7.12960221316692,#c8102e
70.9647676013521, -7.12923376981949,#c8102e
70.9619809003149, -7.12886584867181,#c8102e
70.9591941303810, -7.12849844973681,#c8102e
70.9564072916484, -7.12813157302738,#c8102e
70.9536203842148, -7.12776521855641,#c8102e
70.9508334081782, -7.12739938633677,#c8102e
70.9480463636364, -7.12703407638130,#c8102e
70.9452592506872, -7.12666928870282,#c8102e
70.9424720694286, -7.12630502331416,#c8102e
70.9396848199585, -7.12594128022809,#c8102e
70.9368975023746, -7.12557805945740,#c8102e
70.9341101167749, -7.12521536101483,#c8102e
70.9313226632572, -7.12485318491313,#c8102e
70.9285351419196, -7.12449153116501,#c8102e
70.9257475528597, -7.12413039978318,#c8102e
70.9229598961755, -7.12376979078031,#c8102e
70.9201721719650, -7.12340970416906,#c8102e
70.9173843803259, -7.12305013996209,#c8102e
70.9145965213563, -7.12269109817201,#c8102e
70.9118085951539, -7.12233257881144,#c8102e
70.9090206018168, -7.12197458189296,#c8102e
70.9062325414427, -7.12161710742916,#c8102e
70.9034444141297, -7.12126015543257,#c8102e
70.9006562199755, -7.12090372591573,#c8102e
70.8978679590782, -7.12054781889117,#c8102e
70.8950796315357, -7.12019243437138,#c8102e
70.8922912374457, -7.11983757236884,#c8102e
70.8895027769063, -7.11948323289600,#c8102e
70.8867142500154, -7.11912941596532,#c8102e
70.8839256568710, -7.11877612158922,#c8102e
70.8811369975708, -7.11842334978010,#c8102e
70.8783482722129, -7.11807110055035,#c8102e
70.8755594808952, -7.11771937391234,#c8102e
70.8727706237156, -7.11736816987842,#c8102e
70.8699817007720, -7.11701748846093,#c8102e
70.8671927121625, -7.11666732967218,#c8102e
70.8644036579848, -7.11631769352447,#c8102e
70.8616145383370, -7.11596858003007,#c8102e
70.8588253533170, -7.11561998920124,#c8102e
70.8560361030228, -7.11527192105022,#c8102e
70.8532467875523, -7.11492437558925,#c8102e
70.8504574070034, -7.11457735283051,#c8102e
70.8476679614741, -7.11423085278620,#c8102e
70.8448784510623, -7.11388487546848,#c8102e
70.8420888758661, -7.11353942088951,#c8102e
70.8392992359833, -7.11319448906142,#c8102e
70.8365095315119, -7.11285007999631,#c8102e
70.8337197625499, -7.11250619370628,#c8102e
70.8309299291953, -7.11216283020341,#c8102e
70.8281400315460, -7.11181998949976,#c8102e
70.8253500697000, -7.11147767160736,#c8102e
70.8225600437553, -7.11113587653824,#c8102e
70.8197699538098, -7.11079460430439,#c8102e
70.8169797999614, -7.11045385491780,#c8102e
70.8141895823083, -7.11011362839045,#c8102e
70.8113993009484, -7.10977392473426,#c8102e
70.8086089559796, -7.10943474396118,#c8102e
70.8058185475000, -7.10909608608312,#c8102e
70.8030280756074, -7.10875795111196,#c8102e
70.8002375404000, -7.10842033905958,#c8102e
70.7974469419757, -7.10808324993784,#c8102e
70.7946562804326, -7.10774668375857,#c8102e
70.7918655558685, -7.10741064053359,#c8102e
70.7890747683815, -7.10707512027470,#c8102e
70.7862839180696, -7.10674012299369,#c8102e
70.7834930050308, -7.10640564870232,#c8102e
70.7807020293631, -7.10607169741233,#c8102e
70.7779109911646, -7.10573826913545,#c8102e
70.7751198905331, -7.10540536388339,#c8102e
70.7723287275668, -7.10507298166784,#c8102e
70.7695375023637, -7.10474112250047,#c8102e
70.7667462150217, -7.10440978639294,#c8102e
70.7639548656389, -7.10407897335687,#c8102e
70.7611634543133, -7.10374868340390,#c8102e
70.7583719811430, -7.10341891654561,#c8102e
70.7555804462259, -7.10308967279358,#c8102e
70.7527888496600, -7.10276095215938,#c8102e
70.7499971915435, -7.10243275465455,#c8102e
70.7472054719744, -7.10210508029061,#c8102e
70.7444136910506, -7.10177792907908,#c8102e
70.7416218488702, -7.10145130103144,#c8102e
70.7388299455313, -7.10112519615915,#c8102e
70.7360379811318, -7.10079961447368,#c8102e
70.7332459557699, -7.10047455598645,#c8102e
70.7304538695436, -7.10015002070888,#c8102e
70.7276617225509, -7.09982600865237,#c8102e
70.7248695148899, -7.09950251982828,#c8102e
70.7220772466585, -7.09917955424800,#c8102e
70.7192849179550, -7.09885711192284,#c8102e
70.7164925288773, -7.09853519286415,#c8102e
70.7137000795235, -7.09821379708321,#c8102e
70.7109075699916, -7.09789292459132,#c8102e
70.7081150003797, -7.09757257539975,#c8102e
70.7053223707860, -7.09725274951974,#c8102e
70.7025296813083, -7.09693344696253,#c8102e
70.6997369320448, -7.09661466773932,#c8102e
70.6969441230937, -7.09629641186132,#c8102e
70.6941512545528, -7.09597867933969,#c8102e
70.6913583265204, -7.09566147018560,#c8102e
70.6885653390945, -7.09534478441019,#c8102e
70.6857722923732, -7.09502862202457,#c8102e
70.6829791864545, -7.09471298303985,#c8102e
70.6801860214366, -7.09439786746711,#c8102e
70.6773927974174, -7.09408327531741,#c8102e
70.6745995144952, -7.09376920660181,#c8102e
70.6718061727680, -7.09345566133134,#c8102e
70.6690127723339, -7.09314263951699,#c8102e
70.6662193132909, -7.09283014116978,#c8102e
70.6634257957373, -7.09251816630066,#c8102e
70.6606322197709, -7.09220671492059,#c8102e
70.6578385854901, -7.09189578704052,#c8102e
70.6550448929928, -7.09158538267136,#c8102e
70.6522511423773, -7.09127550182401,#c8102e
70.6494573337415, -7.09096614450934,#c8102e
70.6466634671835, -7.09065731073824,#c8102e
70.6438695428016, -7.09034900052153,#c8102e
70.6410755606938, -7.09004121387005,#c8102e
70.6382815209582, -7.08973395079461,#c8102e
70.6354874236929, -7.08942721130599,#c8102e
70.6326932689961, -7.08912099541496,#c8102e
70.6298990569659, -7.08881530313229,#c8102e
70.6271047877003, -7.08851013446870,#c8102e
70.6243104612976, -7.08820548943491,#c8102e
70.6215160778558, -7.08790136804161,#c8102e
70.6187216374730, -7.08759777029949,#c8102e
70.6159271402475, -7.08729469621922,#c8102e
70.6131325862773, -7.08699214581142,#c8102e
70.6103379756605, -7.08669011908673,#c8102e
70.6075433084954, -7.08638861605575,#c8102e
70.6047485848800, -7.08608763672907,#c8102e
70.6019538049124, -7.08578718111725,#c8102e
70.5991589686909, -7.08548724923086,#c8102e
70.5963640763135, -7.08518784108041,#c8102e
70.5935691278785, -7.08488895667643,#c8102e
70.5907741234838, -7.08459059602941,#c8102e
70.5879790632278, -7.08429275914983,#c8102e
70.5851839472085, -7.08399544604815,#c8102e
70.5823887755242, -7.08369865673480,#c8102e
70.5795935482728, -7.08340239122021,#c8102e
70.5767982655527, -7.08310664951479,#c8102e
70.5740029274620, -7.08281143162891,#c8102e
70.5712075340988, -7.08251673757295,#c8102e
70.5684120855613, -7.08222256735725,#c8102e
70.5656165819477, -7.08192892099214,#c8102e
70.5628210233560, -7.08163579848794,#c8102e
70.5600254098846, -7.08134319985494,#c8102e
70.5572297416315, -7.08105112510341,#c8102e
70.5544340186950, -7.08075957424361,#c8102e
70.5516382411732, -7.08046854728578,#c8102e
70.5488424091643, -7.08017804424013,#c8102e
70.5460465227664, -7.07988806511688,#c8102e
70.5432505820778, -7.07959860992619,#c8102e
70.5404545871966, -7.07930967867824,#c8102e
70.5376585382211, -7.07902127138317,#c8102e
70.5348624352493, -7.07873338805111,#c8102e
70.5320662783795, -7.07844602869217,#c8102e
70.5292700677099, -7.07815919331644,#c8102e
70.5264738033386, -7.07787288193399,#c8102e
70.5236774853639, -7.07758709455488,#c8102e
70.5208811138840, -7.07730183118914,#c8102e
70.5180846889970, -7.07701709184679,#c8102e
70.5152882108011, -7.07673287653782,#c8102e
70.5124916793947, -7.07644918527223,#c8102e
70.5096950948757, -7.07616601805996,#c8102e
70.5068984573425, -7.07588337491097,#c8102e
70.5041017668933, -7.07560125583518,#c8102e
70.5013050236263, -7.07531966084250,#c8102e
70.4985082276396, -7.07503858994281,#c8102e
70.4957113790316, -7.07475804314599,#c8102e
70.4929144779003, -7.07447802046188,#c8102e
70.4901175243441, -7.07419852190032,#c8102e
70.4873205184611, -7.07391954747112,#c8102e
70.4845234603495, -7.07364109718409,#c8102e
70.4817263501077, -7.07336317104899,#c8102e
70.4789291878337, -7.07308576907560,#c8102e
70.4761319736259, -7.07280889127364,#c8102e
70.4733347075825, -7.07253253765285,#c8102e
70.4705373898016, -7.07225670822292,#c8102e
70.4677400203815, -7.07198140299355,#c8102e
70.4649425994205, -7.07170662197439,#c8102e
70.4621451270167, -7.07143236517511,#c8102e
70.4593476032685, -7.07115863260533,#c8102e
70.4565500282741, -7.07088542427466,#c8102e
70.4537524021316, -7.07061274019269,#c8102e
70.4509547249393, -7.07034058036901,#c8102e
70.4481569967955, -7.07006894481317,#c8102e
70.4453592177985, -7.06979783353471,#c8102e
70.4425613880464, -7.06952724654314,#c8102e
70.4397635076375, -7.06925718384798,#c8102e
70.4369655766701, -7.06898764545870,#c8102e
70.4341675952424, -7.06871863138476,#c8102e
70.4313695634527, -7.06845014163563,#c8102e
70.4285714813992, -7.06818217622071,#c8102e
70.4257733491802, -7.06791473514943,#c8102e
70.4229751668940, -7.06764781843118,#c8102e
70.4201769346387, -7.06738142607532,#c8102e
70.4173786525127, -7.06711555809122,#c8102e
70.4145803206142, -7.06685021448821,#c8102e
70.4117819390416, -7.06658539527560,#c8102e
70.4089835078930, -7.06632110046270,#c8102e
70.4061850272667, -7.06605733005878,#c8102e
70.4033864972610, -7.06579408407312,#c8102e
70.4005879179742, -7.06553136251494,#c8102e
70.3977892895045, -7.06526916539349,#c8102e
70.3949906119503, -7.06500749271797,#c8102e
70.3921918854098, -7.06474634449755,#c8102e
70.3893931099812, -7.06448572074143,#c8102e
70.3865942857630, -7.06422562145874,#c8102e
70.3837954128532, -7.06396604665863,#c8102e
70.3809964913503, -7.06370699635020,#c8102e
70.3781975213526, -7.06344847054255,#c8102e
70.3753985029582, -7.06319046924477,#c8102e
70.3725994362655, -7.06293299246591,#c8102e
70.3698003213729, -7.06267604021501,#c8102e
70.3670011583785, -7.06241961250110,#c8102e
70.3642019473806, -7.06216370933318,#c8102e
70.3614026884777, -7.06190833072023,#c8102e
70.3586033817679, -7.06165347667123,#c8102e
70.3558040273496, -7.06139914719513,#c8102e
70.3530046253211, -7.06114534230085,#c8102e
70.3502051757807, -7.06089206199731,#c8102e
70.3474056788266, -7.06063930629340,#c8102e
70.3446061345572, -7.06038707519800,#c8102e
70.3418065430709, -7.06013536871996,#c8102e
70.3390069044658, -7.05988418686813,#c8102e
70.3362072188404, -7.05963352965133,#c8102e
70.3334074862929, -7.05938339707835,#c8102e
70.3306077069216, -7.05913378915798,#c8102e
70.3278078808249, -7.05888470589898,#c8102e
70.3250080081011, -7.05863614731011,#c8102e
70.3222080888485, -7.05838811340009,#c8102e
70.3194081231654, -7.05814060417763,#c8102e
70.3166081111502, -7.05789361965142,#c8102e
70.3138080529011, -7.05764715983014,#c8102e
70.3110079485165, -7.05740122472244,#c8102e
70.3082077980948, -7.05715581433695,#c8102e
70.3054076017342, -7.05691092868230,#c8102e
70.3026073595331, -7.05666656776708,#c8102e
70.2998070715899, -7.05642273159987,#c8102e
70.2970067380028, -7.05617942018925,#c8102e
70.2942063588701, -7.05593663354374,#c8102e
70.2914059342903, -7.05569437167187,#c8102e
70.2886054643617, -7.05545263458217,#c8102e
70.2858049491826, -7.05521142228310,#c8102e
70.2830043888514, -7.05497073478315,#c8102e
70.2802037834663, -7.05473057209076,#c8102e
70.2774031331258, -7.05449093421437,#c8102e
70.2746024379281, -7.05425182116239,#c8102e
70.2718016979718, -7.05401323294323,#c8102e
70.2690009133549, -7.05377516956525,#c8102e
70.2662000841761, -7.05353763103682,#c8102e
70.2633992105335, -7.05330061736628,#c8102e
70.2605982925256, -7.05306412856195,#c8102e
70.2577973302507, -7.05282816463214,#c8102e
70.2549963238071, -7.05259272558513,#c8102e
70.2521952732933, -7.05235781142919,#c8102e
70.2493941788076, -7.05212342217257,#c8102e
70.2465930404483, -7.05188955782351,#c8102e
70.2437918583138, -7.05165621839020,#c8102e
70.2409906325025, -7.05142340388086,#c8102e
70.2381893631128, -7.05119111430364,#c8102e
70.2353880502429, -7.05095934966672,#c8102e
70.2325866939914, -7.05072810997822,#c8102e
70.2297852944565, -7.05049739524627,#c8102e
70.2269838517366, -7.05026720547897,#c8102e
70.2241823659301, -7.05003754068440,#c8102e
70.2213808371355, -7.04980840087063,#c8102e
70.2185792654510, -7.04957978604571,#c8102e
70.2157776509750, -7.04935169621766,#c8102e
70.2129759938059, -7.04912413139449,#c8102e
70.2101742940422, -7.04889709158420,#c8102e
70.2073725517821, -7.04867057679474,#c8102e
70.2045707671241, -7.04844458703410,#c8102e
70.2017689401666, -7.04821912231018,#c8102e
70.1989670710079, -7.04799418263092,#c8102e
70.1961651597465, -7.04776976800422,#c8102e
70.1933632064807, -7.04754587843794,#c8102e
70.1905612113089, -7.04732251393996,#c8102e
70.1877591743295, -7.04709967451812,#c8102e
70.1849570956410, -7.04687736018025,#c8102e
70.1821549753416, -7.04665557093414,#c8102e
70.1793528135299, -7.04643430678759,#c8102e
70.1765506103042, -7.04621356774837,#c8102e
70.1737483657629, -7.04599335382423,#c8102e
70.1709460800044, -7.04577366502291,#c8102e
70.1681437531271, -7.04555450135211,#c8102e
70.1653413852295, -7.04533586281954,#c8102e
70.1625389764099, -7.04511774943287,#c8102e
70.1597365267667, -7.04490016119976,#c8102e
70.1569340363984, -7.04468309812785,#c8102e
70.1541315054034, -7.04446656022476,#c8102e
70.1513289338800, -7.04425054749811,#c8102e
70.1485263219267, -7.04403505995546,#c8102e
70.1457236696420, -7.04382009760440,#c8102e
70.1429209771241, -7.04360566045246,#c8102e
70.1401182444717, -7.04339174850719,#c8102e
70.1373154717829, -7.04317836177608,#c8102e
70.1345126591564, -7.04296550026664,#c8102e
70.1317098066905, -7.04275316398634,#c8102e
70.1289069144836, -7.04254135294264,#c8102e
70.1261039826342, -7.04233006714296,#c8102e
70.1233010112406, -7.04211930659474,#c8102e
70.1204980004014, -7.04190907130537,#c8102e
70.1176949502150, -7.04169936128224,#c8102e
70.1148918607797, -7.04149017653272,#c8102e
70.1120887321940, -7.04128151706413,#c8102e
70.1092855645564, -7.04107338288382,#c8102e
70.1064823579652, -7.04086577399909,#c8102e
70.1036791125190, -7.04065869041724,#c8102e
70.1008758283161, -7.04045213214553,#c8102e
70.0980725054551, -7.04024609919122,#c8102e
70.0952691440342, -7.04004059156154,#c8102e
70.0924657441521, -7.03983560926371,#c8102e
70.0896623059071, -7.03963115230492,#c8102e
70.0868588293976, -7.03942722069237,#c8102e
70.0840553147222, -7.03922381443320,#c8102e
70.0812517619792, -7.03902093353457,#c8102e
70.0784481712672, -7.03881857800359,#c8102e
70.0756445426845, -7.03861674784737,#c8102e
70.0728408763296, -7.03841544307300,#c8102e
70.0700371723010, -7.03821466368755,#c8102e
70.0672334306971, -7.03801440969807,#c8102e
70.0644296516164, -7.03781468111159,#c8102e
70.0616258351573, -7.03761547793512,#c8102e
70.0588219814183, -7.03741680017567,#c8102e
70.0560180904979, -7.03721864784020,#c8102e
70.0532141624945, -7.03702102093567,#c8102e
70.0504101975066, -7.03682391946903,#c8102e
70.0476061956326, -7.03662734344720,#c8102e
70.0448021569710, -7.03643129287707,#c8102e
70.0419980816203, -7.03623576776553,#c8102e
70.0391939696790, -7.03604076811946,#c8102e
70.0363898212454, -7.03584629394569,#c8102e
70.0335856364182, -7.03565234525106,#c8102e
70.0307814152956, -7.03545892204238,#c8102e
70.0279771579763, -7.03526602432643,#c8102e
70.0251728645587, -7.03507365211000,#c8102e
70.0223685351413, -7.03488180539983,#c8102e
70.0195641698225, -7.03469048420267,#c8102e
70.0167597687009, -7.03449968852523,#c8102e
70.0139553318748, -7.03430941837422,#c8102e
70.0111508594429, -7.03411967375631,#c8102e
70.0083463515035, -7.03393045467817,#c8102e
70.0055418081551, -7.03374176114644,#c8102e
70.0027372294963, -7.03355359316775,#c8102e
69.9999326156255, -7.03336595074870,#c8102e
69.9971279666412, -7.03317883389589,#c8102e
69.9943232826420, -7.03299224261589,#c8102e
69.9915185637261, -7.03280617691525,#c8102e
69.9887138099923, -7.03262063680049,#c8102e
69.9859090215389, -7.03243562227815,#c8102e
69.9831041984645, -7.03225113335471,#c8102e
69.9802993408676, -7.03206717003665,#c8102e
69.9774944488465, -7.03188373233044,#c8102e
69.9746895225000, -7.03170082024251,#c8102e
69.9718845619263, -7.03151843377929,#c8102e
69.9690795672241, -7.03133657294718,#c8102e
69.9662745384918, -7.03115523775257,#c8102e
69.9634694758280, -7.03097442820182,#c8102e
69.9606643793311, -7.03079414430130,#c8102e
69.9578592490997, -7.03061438605732,#c8102e
69.9550540852322, -7.03043515347619,#c8102e
69.9522488878271, -7.03025644656422,#c8102e
69.9494436569830, -7.03007826532768,#c8102e
69.9466383927984, -7.02990060977283,#c8102e
69.9438330953718, -7.02972347990589,#c8102e
69.9410277648016, -7.02954687573311,#c8102e
69.9382224011865, -7.02937079726066,#c8102e
69.9354170046249, -7.02919524449475,#c8102e
69.9326115752153, -7.02902021744153,#c8102e
69.9298061130562, -7.02884571610715,#c8102e
69.9270006182462, -7.02867174049773,#c8102e
69.9241950908838, -7.02849829061939,#c8102e
69.9213895310674, -7.02832536647822,#c8102e
69.9185839388957, -7.02815296808029,#c8102e
69.9157783144671, -7.02798109543166,#c8102e
69.9129726578802, -7.02780974853835,#c8102e
69.9101669692334, -7.02763892740639,#c8102e
69.9073612486253, -7.02746863204177,#c8102e
69.9045554961545, -7.02729886245048,#c8102e
69.9017497119195, -7.02712961863848,#c8102e
69.8989438960187, -7.02696090061170,#c8102e
69.8961380485507, -7.02679270837608,#c8102e
69.8933321696141, -7.02662504193752,#c8102e
69.8905262593073, -7.02645790130191,#c8102e
69.8877203177290, -7.02629128647511,#c8102e
69.8849143449776, -7.02612519746298,#c8102e
69.8821083411516, -7.02595963427136,#c8102e
69.8793023063497, -7.02579459690605,#c8102e
69.8764962406703, -7.02563008537284,#c8102e
69.8736901442119, -7.02546609967753,#c8102e
69.8708840170733, -7.02530263982586,#c8102e
69.8680778593527, -7.02513970582357,#c8102e
69.8652716711489, -7.02497729767640,#c8102e
69.8624654525603, -7.02481541539003,#c8102e
69.8596592036855, -7.02465405897016,#c8102e
69.8568529246230, -7.02449322842245,#c8102e
69.8540466154713, -7.02433292375255,#c8102e
69.8512402763291, -7.02417314496608,#c8102e
69.8484339072949, -7.02401389206867,#c8102e
69.8456275084672, -7.02385516506589,#c8102e
69.8428210799445, -7.02369696396333,#c8102e
69.8400146218255, -7.02353928876654,#c8102e
69.8372081342086, -7.02338213948106,#c8102e
69.8344016171924, -7.02322551611240,#c8102e
69.8315950708755, -7.02306941866607,#c8102e
69.8287884953564, -7.02291384714754,#c8102e
69.8259818907337, -7.02275880156229,#c8102e
69.8231752571060, -7.02260428191575,#c8102e
69.8203685945717, -7.02245028821335,#c8102e
69.8175619032295, -7.02229682046050,#c8102e
69.8147551831779, -7.02214387866258,#c8102e
69.8119484345154, -7.02199146282498,#c8102e
69.8091416573407, -7.02183957295303,#c8102e
69.8063348517523, -7.02168820905208,#c8102e
69.8035280178488, -7.02153737112743,#c8102e
69.8007211557286, -7.02138705918440,#c8102e
69.7979142654905, -7.02123727322825,#c8102e
69.7951073472329, -7.02108801326424,#c8102e
69.7923004010544, -7.02093927929762,#c8102e
69.7894934270537, -7.02079107133360,#c8102e
69.7866864253291, -7.02064338937740,#c8102e
69.7838793959794, -7.02049623343420,#c8102e
69.7810723391031, -7.02034960350917,#c8102e
69.7782652547988, -7.02020349960745,#c8102e
69.7754581431651, -7.02005792173418,#c8102e
69.7726510043004, -7.01991286989446,#c8102e
69.7698438383034, -7.01976834409340,#c8102e
69.7670366452728, -7.01962434433606,#c8102e
69.7642294253069, -7.01948087062751,#c8102e
69.7614221785045, -7.01933792297278,#c8102e
69.7586149049641, -7.01919550137689,#c8102e
69.7558076047843, -7.01905360584485,#c8102e
69.7530002780636, -7.01891223638163,#c8102e
69.7501929249007, -7.01877139299220,#c8102e
69.7473855453941, -7.01863107568150,#c8102e
69.7445781396425, -7.01849128445447,#c8102e
69.7417707077443, -7.01835201931602,#c8102e
69.7389632497982, -7.01821328027102,#c8102e
69.7361557659028, -7.01807506732436,#c8102e
69.7333482561566, -7.01793738048088,#c8102e
69.7305407206583, -7.01780021974543,#c8102e
69.7277331595064, -7.01766358512282,#c8102e
69.7249255727996, -7.01752747661785,#c8102e
69.7221179606363, -7.01739189423529,#c8102e
69.7193103231153, -7.01725683797991,#c8102e
69.7165026603350, -7.01712230785645,#c8102e
69.7136949723942, -7.01698830386964,#c8102e
69.7108872593913, -7.01685482602417,#c8102e
69.7080795214251, -7.01672187432475,#c8102e
69.7052717585940, -7.01658944877603,#c8102e
69.7024639709966, -7.01645754938267,#c8102e
69.6996561587317, -7.01632617614930,#c8102e
69.6968483218977, -7.01619532908052,#c8102e
69.6940404605933, -7.01606500818095,#c8102e
69.6912325749171, -7.01593521345515,#c8102e
69.6884246649676, -7.01580594490767,#c8102e
69.6856167308435, -7.01567720254307,#c8102e
69.6828087726434, -7.01554898636586,#c8102e
69.6800007904659, -7.01542129638054,#c8102e
69.6771927844096, -7.01529413259160,#c8102e
69.6743847545730, -7.01516749500350,#c8102e
69.6715767010549, -7.01504138362070,#c8102e
69.6687686239537, -7.01491579844761,#c8102e
69.6659605233682, -7.01479073948865,#c8102e
69.6631523993969, -7.01466620674821,#c8102e
69.6603442521384, -7.01454220023066,#c8102e
69.6575360816914, -7.01441871994036,#c8102e
69.6547278881544, -7.01429576588164,#c8102e
69.6519196716261, -7.01417333805883,#c8102e
69.6491114322051, -7.01405143647621,#c8102e
69.6463031699899, -7.01393006113808,#c8102e
69.6434948850793, -7.01380921204869,#c8102e
69.6406865775718, -7.01368888921228,#c8102e
69.6378782475661, -7.01356909263309,#c8102e
69.6350698951607, -7.01344982231532,#c8102e
69.6322615204542, -7.01333107826316,#c8102e
69.6294531235454, -7.01321286048077,#c8102e
69.6266447045328, -7.01309516897231,#c8102e
69.6238362635150, -7.01297800374191,#c8102e
69.6210278005906, -7.01286136479369,#c8102e
69.6182193158583, -7.01274525213174,#c8102e
69.6154108094168, -7.01262966576014,#c8102e
69.6126022813645, -7.01251460568295,#c8102e
69.6097937318002, -7.01240007190420,#c8102e
69.6069851608225, -7.01228606442793,#c8102e
69.6041765685299, -7.01217258325813,#c8102e
69.6013679550212, -7.01205962839878,#c8102e
69.5985593203949, -7.01194719985386,#c8102e
69.5957506647497, -7.01183529762732,#c8102e
69.5929419881842, -7.01172392172308,#c8102e
69.5901332907970, -7.01161307214505,#c8102e
69.5873245726868, -7.01150274889713,#c8102e
69.5845158339522, -7.01139295198319,#c8102e
69.5817070746918, -7.01128368140709,#c8102e
69.5788982950043, -7.01117493717265,#c8102e
69.5760894949882, -7.01106671928372,#c8102e
69.5732806747423, -7.01095902774407,#c8102e
69.5704718343651, -7.01085186255750,#c8102e
69.5676629739553, -7.01074522372776,#c8102e
69.5648540936116, -7.01063911125861,#c8102e
69.5620451934325, -7.01053352515376,#c8102e
69.5592362735167, -7.01042846541693,#c8102e
69.5564273339628, -7.01032393205180,#c8102e
69.5536183748696, -7.01021992506205,#c8102e
69.5508093963355, -7.01011644445133,#c8102e
69.5480003984593, -7.01001349022327,#c8102e
69.5451913813395, -7.00991106238148,#c8102e
69.5423823450750, -7.00980916092957,#c8102e
69.5395732897642, -7.00970778587111,#c8102e
69.5367642155058, -7.00960693720967,#c8102e
69.5339551223984, -7.00950661494878,#c8102e
69.5311460105408, -7.00940681909196,#c8102e
69.5283368800316, -7.00930754964273,#c8102e
69.5255277309693, -7.00920880660456,#c8102e
69.5227185634527, -7.00911058998093,#c8102e
69.5199093775803, -7.00901289977528,#c8102e
69.5171001734509, -7.00891573599104,#c8102e
69.5142909511631, -7.00881909863163,#c8102e
69.5114817108155, -7.00872298770044,#c8102e
69.5086724525068, -7.00862740320084,#c8102e
69.5058631763356, -7.00853234513620,#c8102e
69.5030538824006, -7.00843781350984,#c8102e
69.5002445708004, -7.00834380832509,#c8102e
69.4974352416337, -7.00825032958525,#c8102e
69.4946258949991, -7.00815737729360,#c8102e
69.4918165309954, -7.00806495145341,#c8102e
69.4890071497210, -7.00797305206792,#c8102e
69.4861977512748, -7.00788167914036,#c8102e
69.4833883357553, -7.00779083267394,#c8102e
69.4805789032612, -7.00770051267184,#c8102e
69.4777694538912, -7.00761071913724,#c8102e
69.4749599877438, -7.00752145207330,#c8102e
69.4721505049179, -7.00743271148314,#c8102e
69.4693410055120, -7.00734449736989,#c8102e
69.4665314896247, -7.00725680973663,#c8102e
69.4637219573548, -7.00716964858646,#c8102e
69.4609124088010, -7.00708301392243,#c8102e
69.4581028440617, -7.00699690574758,#c8102e
69.4552932632358, -7.00691132406494,#c8102e
69.4524836664219, -7.00682626887751,#c8102e
69.4496740537187, -7.00674174018828,#c8102e
69.4468644252247, -7.00665773800022,#c8102e
69.4440547810387, -7.00657426231628,#c8102e
69.4412451212594, -7.00649131313938,#c8102e
69.4384354459853, -7.00640889047245,#c8102e
69.4356257553152, -7.00632699431837,#c8102e
69.4328160493477, -7.00624562468002,#c8102e
69.4300063281816, -7.00616478156026,#c8102e
69.4271965919154, -7.00608446496193,#c8102e
69.4243868406478, -7.00600467488785,#c8102e
69.4215770744775, -7.00592541134082,#c8102e
69.4187672935031, -7.00584667432362,#c8102e
69.4159574978234, -7.00576846383902,#c8102e
69.4131476875370, -7.00569077988976,#c8102e
69.4103378627425, -7.00561362247858,#c8102e
69.4075280235387, -7.00553699160818,#c8102e
69.4047181700242, -7.00546088728125,#c8102e
69.4019083022976, -7.00538530950047,#c8102e
69.3990984204577, -7.00531025826849,#c8102e
69.3962885246031, -7.00523573358794,#c8102e
69.3934786148325, -7.00516173546145,#c8102e
69.3906686912446, -7.00508826389161,#c8102e
69.3878587539380, -7.00501531888099,#c8102e
69.3850488030114, -7.00494290043217,#c8102e
69.3822388385635, -7.00487100854769,#c8102e
69.3794288606929, -7.00479964323006,#c8102e
69.3766188694983, -7.00472880448180,#c8102e
69.3738088650785, -7.00465849230539,#c8102e
69.3709988475321, -7.00458870670331,#c8102e
69.3681888169576, -7.00451944767800,#c8102e
69.3653787734540, -7.00445071523189,#c8102e
69.3625687171197, -7.00438250936741,#c8102e
69.3597586480536, -7.00431483008693,#c8102e
69.3569485663541, -7.00424767739285,#c8102e
69.3541384721202, -7.00418105128752,#c8102e
69.3513283654503, -7.00411495177327,#c8102e
69.3485182464433, -7.00404937885243,#c8102e
69.3457081151978, -7.00398433252731,#c8102e
69.3428979718124, -7.00391981280018,#c8102e
69.3400878163858, -7.00385581967331,#c8102e
69.3372776490168, -7.00379235314896,#c8102e
69.3344674698040, -7.00372941322934,#c8102e
69.3316572788460, -7.00366699991666,#c8102e
69.3288470762417, -7.00360511321313,#c8102e
69.3260368620896, -7.00354375312091,#c8102e
69.3232266364884, -7.00348291964216,#c8102e
69.3204163995368, -7.00342261277901,#c8102e
69.3176061513336, -7.00336283253359,#c8102e
69.3147958919773, -7.00330357890798,#c8102e
69.3119856215667, -7.00324485190428,#c8102e
69.3091753402005, -7.00318665152453,#c8102e
69.3063650479773, -7.00312897777080,#c8102e
69.3035547449958, -7.00307183064510,#c8102e
69.3007444313547, -7.00301521014944,#c8102e
69.2979341071528, -7.00295911628580,#c8102e
69.2951237724886, -7.00290354905617,#c8102e
69.2923134274609, -7.00284850846248,#c8102e
69.2895030721684, -7.00279399450667,#c8102e
69.2866927067097, -7.00274000719067,#c8102e
69.2838823311835, -7.00268654651635,#c8102e
69.2810719456886, -7.00263361248560,#c8102e
69.2782615503236, -7.00258120510028,#c8102e
69.2754511451872, -7.00252932436222,#c8102e
69.2726407303781, -7.00247797027326,#c8102e
69.2698303059950, -7.00242714283519,#c8102e
69.2670198721366, -7.00237684204980,#c8102e
69.2642094289015, -7.00232706791885,#c8102e
69.2613989763885, -7.00227782044410,#c8102e
69.2585885146962, -7.00222909962727,#c8102e
69.2557780439234, -7.00218090547007,#c8102e
69.2529675641687, -7.00213323797419,#c8102e
69.2501570755309, -7.00208609714131,#c8102e
69.2473465781085, -7.00203948297309,#c8102e
69.2445360720004, -7.00199339547116,#c8102e
69.2417255573052, -7.00194783463714,#c8102e
69.2389150341216, -7.00190280047263,#c8102e
69.2361045025482, -7.00185829297921,#c8102e
69.2332939626839, -7.00181431215844,#c8102e
69.2304834146272, -7.00177085801188,#c8102e
69.2276728584770, -7.00172793054104,#c8102e
69.2248622943317, -7.00168552974742,#c8102e
69.2220517222903, -7.00164365563253,#c8102e
69.2192411424513, -7.00160230819783,#c8102e
69.2164305549135, -7.00156148744477,#c8102e
69.2136199597755, -7.00152119337479,#c8102e
69.2108093571361, -7.00148142598930,#c8102e
69.2079987470939, -7.00144218528970,#c8102e
69.2051881297477, -7.00140347127737,#c8102e
69.2023775051961, -7.00136528395366,#c8102e
69.1995668735379, -7.00132762331991,#c8102e
69.1967562348717, -7.00129048937746,#c8102e
69.1939455892962, -7.00125388212759,#c8102e
69.1911349369102, -7.00121780157161,#c8102e
69.1883242778123, -7.00118224771077,#c8102e
69.1855136121012, -7.00114722054633,#c8102e
69.1827029398756, -7.00111272007950,#c8102e
69.1798922612343, -7.00107874631152,#c8102e
69.1770815762759, -7.00104529924356,#c8102e
69.1742708850992, -7.00101237887681,#c8102e
69.1714601878028, -7.00097998521241,#c8102e
69.1686494844854, -7.00094811825151,#c8102e
69.1658387752457, -7.00091677799523,#c8102e
69.1630280601824, -7.00088596444466,#c8102e
69.1602173393943, -7.00085567760089,#c8102e
69.1574066129800, -7.00082591746498,#c8102e
69.1545958810383, -7.00079668403798,#c8102e
69.1517851436678, -7.00076797732091,#c8102e
69.1489744009672, -7.00073979731479,#c8102e
69.1461636530352, -7.00071214402059,#c8102e
69.1433528999706, -7.00068501743930,#c8102e
69.1405421418720, -7.00065841757186,#c8102e
69.1377313788382, -7.00063234441921,#c8102e
69.1349206109678, -7.00060679798226,#c8102e
69.1321098383596, -7.00058177826191,#c8102e
69.1292990611122, -7.00055728525905,#c8102e
69.1264882793243, -7.00053331897452,#c8102e
69.1236774930947, -7.00050987940917,#c8102e
69.1208667025221, -7.00048696656383,#c8102e
69.1180559077051, -7.00046458043930,#c8102e
69.1152451087425, -7.00044272103637,#c8102e
69.1124343057330, -7.00042138835579,#c8102e
69.1096234987752, -7.00040058239833,#c8102e
69.1068126879680, -7.00038030316471,#c8102e
69.1040018734099, -7.00036055065565,#c8102e
69.1011910551997, -7.00034132487184,#c8102e
69.0983802334360, -7.00032262581394,#c8102e
69.0955694082177, -7.00030445348263,#c8102e
69.0927585796434, -7.00028680787854,#c8102e
69.0899477478117, -7.00026968900229,#c8102e
69.0871369128215, -7.00025309685447,#c8102e
69.0843260747714, -7.00023703143567,#c8102e
69.0815152337601, -7.00022149274647,#c8102e
69.0787043898863, -7.00020648078739,#c8102e
69.0758935432488, -7.00019199555897,#c8102e
69.0730826939461, -7.00017803706172,#c8102e
69.0702718420772, -7.00016460529613,#c8102e
69.0674609877405, -7.00015170026266,#c8102e
69.0646501310350, -7.00013932196178,#c8102e
69.0618392720591, -7.00012747039392,#c8102e
69.0590284109118, -7.00011614555948,#c8102e
69.0562175476916, -7.00010534745888,#c8102e
69.0534066824972, -7.00009507609249,#c8102e
69.0505958154275, -7.00008533146067,#c8102e
69.0477849465810, -7.00007611356377,#c8102e
69.0449740760565, -7.00006742240210,#c8102e
69.0421632039528, -7.00005925797597,#c8102e
69.0393523303684, -7.00005162028567,#c8102e
69.0365414554021, -7.00004450933146,#c8102e
69.0337305791527, -7.00003792511361,#c8102e
69.0309197017187, -7.00003186763233,#c8102e
69.0281088231990, -7.00002633688784,#c8102e
69.0252979436923, -7.00002133288034,#c8102e
69.0224870632971, -7.00001685560999,#c8102e
69.0196761821124, -7.00001290507697,#c8102e
69.0168653002366, -7.00000948128140,#c8102e
69.0140544177687, -7.00000658422340,#c8102e
69.0112435348072, -7.00000421390309,#c8102e
69.0084326514509, -7.00000237032054,#c8102e
69.0056217677984, -7.00000105347581,#c8102e
69.0028108839486, -7.00000026336896,#c8102e
69.0000000000000, -7.00000000000000,#c8102e
69.0000000000000, -7.16660000000000,#c8102e
69.0000000000000, -7.16660000000000,#c8102e
69.0466470707302, -7.16667334645420,#c8102e
69.0932936801506, -7.16689338509144,#c8102e
69.1399393669556, -7.16726011373570,#c8102e
69.1865836698492, -7.16777352876024,#c8102e
69.2332261275487, -7.16843362508772,#c8102e
69.2798662787899, -7.16924039619021,#c8102e
69.3265036623313, -7.17019383408926,#c8102e
69.3731378169588, -7.17129392935596,#c8102e
69.4197682814901, -7.17254067111109,#c8102e
69.4663945947797, -7.17393404702514,#c8102e
69.5130162957228, -7.17547404331853,#c8102e
69.5596329232605, -7.17716064476165,#c8102e
69.6062440163839, -7.17899383467510,#c8102e
69.6528491141388, -7.18097359492979,#c8102e
69.6994477556305, -7.18309990594715,#c8102e
69.7460394800280, -7.18537274669931,#c8102e
69.7926238265686, -7.18779209470932,#c8102e
69.8392003345629, -7.19035792605137,#c8102e
69.8857685433986, -7.19307021535101,#c8102e
69.9323279925458, -7.19592893578542,#c8102e
69.9788782215611, -7.19893405908367,#c8102e
70.0254187700923, -7.20208555552701,#c8102e
70.0719491778828, -7.20538339394913,#c8102e
70.1184689847766, -7.20882754173650,#c8102e
70.1649777307222, -7.21241796482869,#c8102e
70.2114749557777, -7.21615462771869,#c8102e
70.2579602001150, -7.22003749345329,#c8102e
70.3044330040246, -7.22406652363340,#c8102e
70.3508929079200, -7.22824167841447,#c8102e
70.3973394523422, -7.23256291650687,#c8102e
70.4437721779644, -7.23703019517631,#c8102e
70.4901906255964, -7.24164347024423,#c8102e
70.5365943361891, -7.24640269608827,#c8102e
70.5829828508395, -7.25130782564271,#c8102e
70.6293557107945, -7.25635881039893,#c8102e
70.6757124574560, -7.26155560040590,#c8102e
70.7220526323852, -7.26689814427066,#c8102e
70.7683757773072, -7.27238638915886,#c8102e
70.8146814341154, -7.27802028079522,#c8102e
70.8609691448764, -7.28379976346415,#c8102e
70.9072384518341, -7.28972478001021,#c8102e
70.9534888974143, -7.29579527183878,#c8102e
70.9997200242297, -7.30201117891652,#c8102e
71.0459313750836, -7.30837243977208,#c8102e
71.0921224929751, -7.31487899149661,#c8102e
71.1382929211035, -7.32153076974445,#c8102e
71.1844422028724, -7.32832770873375,#c8102e
71.2305698818949, -7.33526974124708,#c8102e
71.2766755019973, -7.34235679863215,#c8102e
71.3227586072245, -7.34958881080247,#c8102e
71.3688187418438, -7.35696570623802,#c8102e
71.4148554503497, -7.36448741198600,#c8102e
71.4608682774684, -7.37215385366151,#c8102e
71.5068567681621, -7.37996495544830,#c8102e
71.5528204676340, -7.38792064009955,#c8102e
71.5987589213323, -7.39602082893858,#c8102e
71.6446716749547, -7.40426544185966,#c8102e
71.6905582744534, -7.41265439732882,#c8102e
71.7364182660389, -7.42118761238459,#c8102e
71.7822511961851, -7.42986500263891,#c8102e
71.8280566116335, -7.43868648227791,#c8102e
71.8738340593974, -7.44765196406273,#c8102e
71.9195830867671, -7.45676135933046,#c8102e
71.9653032413136, -7.46601457799496,#c8102e
72.0109940708938, -7.47541152854779,#c8102e
72.0566551236542, -7.48495211805905,#c8102e
72.1022859480361, -7.49463625217838,#c8102e
72.1478860927796, -7.50446383513584,#c8102e
72.1934551069282, -7.51443476974288,#c8102e
72.2389925398333, -7.52454895739328,#c8102e
72.2844979411586, -7.53480629806414,#c8102e
72.3299708608846, -7.54520669031689,#c8102e
72.3754108493129, -7.55575003129824,#c8102e
72.4208174570709, -7.56643621674124,#c8102e
72.4661902351161, -7.57726514096631,#c8102e
72.5115287347406, -7.58823669688226,#c8102e
72.5568325075753, -7.59935077598737,#c8102e
72.6021011055947, -7.61060726837045,#c8102e
72.6473340811212, -7.62200606271195,#c8102e
72.6925309868292, -7.63354704628501,#c8102e
72.7376913757501, -7.64523010495664,#c8102e
72.7828148012764, -7.65705512318881,#c8102e
72.8279008171659, -7.66902198403959,#c8102e
72.8729489775467, -7.68113056916433,#c8102e
72.9179588369209, -7.69338075881681,#c8102e
72.9629299501698, -7.70577243185043,#c8102e
73.0078618725575, -7.71830546571942,#c8102e
73.0527541597358, -7.73097973648001,#c8102e
73.0976063677486, -7.74379511879174,#c8102e
73.1424180530359, -7.75675148591858,#c8102e
73.1871887724386, -7.76984870973031,#c8102e
73.2319180832028, -7.78308666070370,#c8102e
73.2766055429840, -7.79646520792382,#c8102e
73.3212507098515, -7.80998421908531,#c8102e
73.3658531422930, -7.82364356049376,#c8102e
73.4104123992188, -7.83744309706695,#c8102e
73.4549280399661, -7.85138269233621,#c8102e
73.4993996243035, -7.86546220844780,#c8102e
73.5438267124353, -7.87968150616426,#c8102e
73.5882088650057, -7.89404044486574,#c8102e
73.6325456431034, -7.90853888255147,#c8102e
73.6768366082659, -7.92317667584109,#c8102e
73.7210813224836, -7.93795367997613,#c8102e
73.7652793482044, -7.95286974882140,#c8102e
73.8094302483379, -7.96792473486645,#c8102e
73.8535335862597, -7.98311848922703,#c8102e
73.8975889258158, -7.99845086164653,#c8102e
73.9415958313268, -8.01392170049755,#c8102e
73.9855538675925, -8.02953085278331,#c8102e
74.0294625998957, -8.04527816413920,#c8102e
74.0733215940070, -8.06116347883431,#c8102e
74.1171304161887, -8.07718663977296,#c8102e
74.1608886331994, -8.09334748849626,#c8102e
74.2045958122981, -8.10964586518368,#c8102e
74.2482515212486, -8.12608160865463,#c8102e
74.2918553283237, -8.14265455637003,#c8102e
74.3354068023093, -8.15936454443395,#c8102e
74.3789055125090, -8.17621140759522,#c8102e
74.4223510287482, -8.19319497924907,#c8102e
74.4657429213784, -8.21031509143873,#c8102e
74.5090807612812, -8.22757157485719,#c8102e
74.5523641198729, -8.24496425884878,#c8102e
74.5955925691087, -8.26249297141088,#c8102e
74.6387656814866, -8.28015753919567,#c8102e
74.6818830300518, -8.29795778751178,#c8102e
74.7249441884013, -8.31589354032606,#c8102e
74.7679487306875, -8.33396462026530,#c8102e
74.8108962316227, -8.35217084861799,#c8102e
74.8537862664836, -8.37051204533609,#c8102e
74.8966184111147, -8.38898802903682,#c8102e
74.9393922419335, -8.40759861700442,#c8102e
74.9821073359339, -8.42634362519200,#c8102e
75.0247632706907, -8.44522286822332,#c8102e
75.0673596243639, -8.46423615939465,#c8102e
75.1098959757024, -8.48338331067663,#c8102e
75.1523719040489, -8.50266413271608,#c8102e
75.1947869893434, -8.52207843483790,#c8102e
75.2371408121276, -8.54162602504698,#c8102e
75.2794329535490, -8.56130671003007,#c8102e
75.3216629953653, -8.58112029515768,#c8102e
75.3638305199481, -8.60106658448603,#c8102e
75.4059351102874, -8.62114538075899,#c8102e
75.4479763499956, -8.64135648541001,#c8102e
75.4899538233115, -8.66169969856410,#c8102e
75.5318671151044, -8.68217481903979,#c8102e
75.5737158108786, -8.70278164435114,#c8102e
75.6154994967770, -8.72351997070974,#c8102e
75.6572177595855, -8.74438959302670,#c8102e
75.6988701867370, -8.76539030491471,#c8102e
75.7404563663154, -8.78652189869005,#c8102e
75.7819758870599, -8.80778416537469,#c8102e
75.8234283383686, -8.82917689469831,#c8102e
75.8648133103031, -8.85069987510039,#c8102e
75.9061303935925, -8.87235289373232,#c8102e
75.9473791796369, -8.89413573645950,#c8102e
75.9885592605120, -8.91604818786345,#c8102e
76.0296702289731, -8.93809003124392,#c8102e
76.0707116784587, -8.96026104862108,#c8102e
76.1116832030948, -8.98256102073765,#c8102e
76.1525843976993, -9.00498972706106,#c8102e
76.1934148577852, -9.02754694578565,#c8102e
76.2341741795652, -9.05023245383484,#c8102e
76.2748619599554, -9.07304602686335,#c8102e
76.3154777965797, -9.09598743925945,#c8102e
76.3560212877730, -9.11905646414712,#c8102e
76.3964920325861, -9.14225287338836,#c8102e
76.4368896307890, -9.16557643758540,#c8102e
76.4772136828750, -9.18902692608300,#c8102e
76.5174637900650, -9.21260410697073,#c8102e
76.5576395543108, -9.23630774708522,#c8102e
76.5977405782997, -9.26013761201254,#c8102e
76.6377664654581, -9.28409346609043,#c8102e
76.6777168199552, -9.30817507241072,#c8102e
76.7175912467076, -9.33238219282162,#c8102e
76.7573893513823, -9.35671458793006,#c8102e
76.7971107404014, -9.38117201710411,#c8102e
76.8367550209457, -9.40575423847531,#c8102e
76.8763218009583, -9.43046100894112,#c8102e
76.9158106891488, -9.45529208416725,#c8102e
76.9552212949974, -9.48024721859013,#c8102e
76.9945532287580, -9.50532616541934,#c8102e
77.0338061014629, -9.53052867664001,#c8102e
77.0729795249261, -9.55585450301530,#c8102e
77.1120731117472, -9.58130339408888,#c8102e
77.1510864753155, -9.60687509818735,#c8102e
77.1900192298136, -9.63256936242281,#c8102e
77.2288709902214, -9.65838593269530,#c8102e
77.2676413723194, -9.68432455369533,#c8102e
77.3063299926934, -9.71038496890639,#c8102e
77.3449364687374, -9.73656692060754,#c8102e
77.3834604186578, -9.76287014987590,#c8102e
77.4219014614772, -9.78929439658922,#c8102e
77.4602592170382, -9.81583939942848,#c8102e
77.4985333060069, -9.84250489588045,#c8102e
77.5367233498769, -9.86929062224032,#c8102e
77.5748289709728, -9.89619631361424,#c8102e
77.6128497924543, -9.92322170392202,#c8102e
77.6507854383195, -9.95036652589969,#c8102e
77.6886355334091, -9.97763051110221,#c8102e
77.7263997034096,-10.00501338990608,#c8102e
77.7640775748574,-10.03251489151200,#c8102e
77.8016687751422,-10.06013474394759,#c8102e
77.8391729325109,-10.08787267407003,#c8102e
77.8765896760712,-10.11572840756883,#c8102e
77.9139186357953,-10.14370166896844,#c8102e
77.9511594425234,-10.17179218163107,#c8102e
77.9883117279677,-10.19999966775941,#c8102e
78.0253751247156,-10.22832384839931,#c8102e
78.0623492662337,-10.25676444344261,#c8102e
78.0992337868711,-10.28532117162987,#c8102e
78.1360283218634,-10.31399375055319,#c8102e
78.1727325073360,-10.34278189665898,#c8102e
78.2093459803078,-10.37168532525074,#c8102e
78.2458683786948,-10.40070375049191,#c8102e
78.2822993413136,-10.42983688540868,#c8102e
78.3186385078852,-10.45908444189286,#c8102e
78.3548855190383,-10.48844613070468,#c8102e
78.3910400163129,-10.51792166147568,#c8102e
78.4271016421641,-10.54751074271156,#c8102e
78.4630700399652,-10.57721308179511,#c8102e
78.4989448540117,-10.60702838498904,#c8102e
78.5347257295243,-10.63695635743895,#c8102e
78.5704123126530,-10.66699670317618,#c8102e
78.6060042504801,-10.69714912512078,#c8102e
78.6415011910240,-10.72741332508446,#c8102e
78.6769027832423,-10.75778900377347,#c8102e
78.7122086770360,-10.78827586079164,#c8102e
78.7474185232520,-10.81887359464333,#c8102e
78.7825319736874,-10.84958190273636,#c8102e
78.8175486810924,-10.88040048138506,#c8102e
78.8524682991740,-10.91132902581326,#c8102e
78.8872904825994,-10.94236723015729,#c8102e
78.9220148869993,-10.97351478746901,#c8102e
78.9566411689713,-11.00477138971886,#c8102e
78.9911689860836,-11.03613672779889,#c8102e
79.0255979968780,-11.06761049152581,#c8102e
79.0599278608733,-11.09919236964409,#c8102e
79.0941582385690,-11.13088204982900,#c8102e
79.1282887914485,-11.16267921868972,#c8102e
79.1623191819821,-11.19458356177245,#c8102e
79.1962490736311,-11.22659476356347,#c8102e
79.2300781308501,-11.25871250749234,#c8102e
79.2638060190915,-11.29093647593496,#c8102e
79.2974324048078,-11.32326635021673,#c8102e
79.3309569554553,-11.35570181061573,#c8102e
79.3643793394976,-11.38824253636585,#c8102e
79.3976992264085,-11.42088820565996,#c8102e
79.4309162866754,-11.45363849565313,#c8102e
79.4640301918028,-11.48649308246578,#c8102e
79.4970406143151,-11.51945164118691,#c8102e
79.5299472277602,-11.55251384587729,#c8102e
79.5627497067126,-11.58567936957271,#c8102e
79.5954477267766,-11.61894788428721,#c8102e
79.6280409645895,-11.65231906101628,#c8102e
79.6605290978250,-11.68579256974017,#c8102e
79.6929118051959,-11.71936807942716,#c8102e
79.7251887664580,-11.75304525803675,#c8102e
79.7573596624125,-11.78682377252302,#c8102e
79.7894241749097,-11.82070328883793,#c8102e
79.8213819868519,-11.85468347193456,#c8102e
79.8532327821966,-11.88876398577047,#c8102e
79.8849762459598,-11.92294449331103,#c8102e
79.9166120642187,-11.95722465653270,#c8102e
79.9481399241151,-11.99160413642645,#c8102e
79.9795595138586,-12.02608259300104,#c8102e
80.0108705227293,-12.06065968528643,#c8102e
80.0420726410813,-12.09533507133712,#c8102e
80.0731655603453,-12.13010840823557,#c8102e
80.1041489730323,-12.16497935209555,#c8102e
80.1350225727358,-12.19994755806557,#c8102e
80.1657860541356,-12.23501268033226,#c8102e
80.1964391130004,-12.27017437212383,#c8102e
80.2269814461908,-12.30543228571348,#c8102e
80.2574127516628,-12.34078607242283,#c8102e
80.2877327284698,-12.37623538262535,#c8102e
80.3179410767666,-12.41177986574990,#c8102e
80.3480374978119,-12.44741917028409,#c8102e
80.3780216939710,-12.48315294377784,#c8102e
80.4078933687195,-12.51898083284681,#c8102e
80.4376522266453,-12.55490248317591,#c8102e
80.4672979734522,-12.59091753952284,#c8102e
80.4968303159627,-12.62702564572156,#c8102e
80.5262489621206,-12.66322644468582,#c8102e
80.5555536209942,-12.69951957841270,#c8102e
80.5847440027790,-12.73590468798615,#c8102e
80.6138198188006,-12.77238141358053,#c8102e
80.6427807815178,-12.80894939446421,#c8102e
80.6716266045249,-12.84560826900304,#c8102e
80.7003570025552,-12.88235767466405,#c8102e
80.7289716914832,-12.91919724801894,#c8102e
80.7574703883277,-12.95612662474772,#c8102e
80.7858528112548,-12.99314543964230,#c8102e
80.8141186795804,-13.03025332661010,#c8102e
80.8422677137729,-13.06744991867769,#c8102e
80.8702996354563,-13.10473484799438,#c8102e
80.8982141674127,-13.14210774583590,#c8102e
80.9260110335850,-13.17956824260800,#c8102e
80.9536899590799,-13.21711596785016,#c8102e
80.9812506701704,-13.25475055023922,#c8102e
81.0086928942986,-13.29247161759306,#c8102e
81.0360163600783,-13.33027879687425,#c8102e
81.0632207972977,-13.36817171419382,#c8102e
81.0903059369223,-13.40614999481485,#c8102e
81.1172715110972,-13.44421326315627,#c8102e
81.1441172531501,-13.48236114279652,#c8102e
81.1708428975935,-13.52059325647728,#c8102e
81.1974481801278,-13.55890922610724,#c8102e
81.2239328376436,-13.59730867276577,#c8102e
81.2502966082246,-13.63579121670673,#c8102e
81.2765392311498,-13.67435647736218,#c8102e
81.3026604468962,-13.71300407334620,#c8102e
81.3286599971416,-13.75173362245858,#c8102e
81.3545376247670,-13.79054474168868,#c8102e
81.3802930738592,-13.82943704721917,#c8102e
81.4059260897129,-13.86841015442984,#c8102e
81.4314364188341,-13.90746367790141,#c8102e
81.4568238089417,-13.94659723141931,#c8102e
81.4820880089706,-13.98581042797756,#c8102e
81.5072287690738,-14.02510287978253,#c8102e
81.5322458406252,-14.06447419825682,#c8102e
81.5571389762219,-14.10392399404310,#c8102e
81.5819079296866,-14.14345187700792,#c8102e
81.6065524560699,-14.18305745624562,#c8102e
81.6310723116533,-14.22274034008216,#c8102e
81.6554672539509,-14.26250013607902,#c8102e
81.6797370417122,-14.30233645103707,#c8102e
81.7038814349244,-14.34224889100043,#c8102e
81.7279001948148,-14.38223706126041,#c8102e
81.7517930838531,-14.42230056635940,#c8102e
81.7755598657538,-14.46243901009477,#c8102e
81.7992003054785,-14.50265199552280,#c8102e
81.8227141692384,-14.54293912496259,#c8102e
81.8461012244961,-14.58330000000000,#c8102e
81.8693612399686,-14.62373422149161,#c8102e
81.8924939856291,-14.66424138956865,#c8102e
81.9154992327094,-14.70482110364092,#c8102e
81.9383767537022,-14.74547296240084,#c8102e
81.9611263223635,-14.78619656382731,#c8102e
81.9837477137143,-14.82699150518979,#c8102e
82.0062407040435,-14.86785738305220,#c8102e
82.0286050709096,-14.90879379327695,#c8102e
82.0508405931434,-14.94980033102893,#c8102e
82.0729470508496,-14.99087659077953,#c8102e
82.0949242254094,-15.03202216631061,#c8102e
82.1167718994824,-15.07323665071855,#c8102e
82.1384898570091,-15.11451963641827,#c8102e
82.1600778832126,-15.15587071514726,#c8102e
82.1815357646011,-15.19728947796959,#c8102e
82.2028632889697,-15.23877551528000,#c8102e
82.2240602454027,-15.28032841680791,#c8102e
82.2451264242758,-15.32194777162152,#c8102e
82.2660616172578,-15.36363316813184,#c8102e
82.2868656173129,-15.40538419409674,#c8102e
82.3075382187027,-15.44720043662509,#c8102e
82.3280792169884,-15.48908148218081,#c8102e
82.3484884090326,-15.53102691658694,#c8102e
82.3687655930012,-15.57303632502978,#c8102e
82.3889105683658,-15.61510929206292,#c8102e
82.4089231359055,-15.65724540161145,#c8102e
82.4288030977085,-15.69944423697601,#c8102e
82.4485502571747,-15.74170538083689,#c8102e
82.4681644190173,-15.78402841525820,#c8102e
82.4876453892645,-15.82641292169202,#c8102e
82.5069929752621,-15.86885848098250,#c8102e
82.5262069856746,-15.91136467336998,#c8102e
82.5452872304877,-15.95393107849522,#c8102e
82.5642335210099,-15.99655727540349,#c8102e
82.5830456698744,-16.03924284254877,#c8102e
82.6017234910410,-16.08198735779791,#c8102e
82.6202667997979,-16.12479039843478,#c8102e
82.6386754127635,-16.16765154116448,#c8102e
82.6569491478883,-16.21057036211753,#c8102e
82.6750878244568,-16.25354643685404,#c8102e
82.6930912630889,-16.29657934036792,#c8102e
82.7109592857420,-16.33966864709106,#c8102e
82.7286917157128,-16.38281393089758,#c8102e
82.7462883776387,-16.42601476510803,#c8102e
82.7637490975000,-16.46927072249357,#c8102e
82.7810737026212,-16.51258137528026,#c8102e
82.7982620216730,-16.55594629515322,#c8102e
82.8153138846738,-16.59936505326093,#c8102e
82.8322291229915,-16.64283722021946,#c8102e
82.8490075693451,-16.68636236611666,#c8102e
82.8656490578065,-16.72994006051647,#c8102e
82.8821534238019,-16.77356987246316,#c8102e
82.8985205041136,-16.81725137048560,#c8102e
82.9147501368816,-16.86098412260150,#c8102e
82.9308421616051,-16.90476769632171,#c8102e
82.9467964191441,-16.94860165865448,#c8102e
82.9626127517213,-16.99248557610976,#c8102e
82.9782910029232,-17.03641901470346,#c8102e
82.9938310177017,-17.08040153996177,#c8102e
83.0092326423760,-17.12443271692543,#c8102e
83.0244957246338,-17.16851211015407,#c8102e
83.0396201135330,-17.21263928373047,#c8102e
83.0546056595028,-17.25681380126489,#c8102e
83.0694522143459,-17.30103522589941,#c8102e
83.0841596312391,-17.34530312031221,#c8102e
83.0987277647355,-17.38961704672193,#c8102e
83.1131564707654,-17.43397656689196,#c8102e
83.1274456066382,-17.47838124213480,#c8102e
83.1415950310434,-17.52283063331643,#c8102e
83.1556046040520,-17.56732430086058,#c8102e
83.1694741871184,-17.61186180475312,#c8102e
83.1832036430812,-17.65644270454642,#c8102e
83.1967928361647,-17.70106655936368,#c8102e
83.2102416319806,-17.74573292790331,#c8102e
83.2235498975286,-17.79044136844329,#c8102e
83.2367175011986,-17.83519143884552,#c8102e
83.2497443127713,-17.87998269656022,#c8102e
83.2626302034197,-17.92481469863028,#c8102e
83.2753750457107,-17.96968700169567,#c8102e
83.2879787136058,-18.01459916199781,#c8102e
83.3004410824627,-18.05955073538393,#c8102e
83.3127620290365,-18.10454127731152,#c8102e
83.3249414314810,-18.14957034285268,#c8102e
83.3369791693494,-18.19463748669855,#c8102e
83.3488751235964,-18.23974226316368,#c8102e
83.3606291765783,-18.28488422619047,#c8102e
83.3722412120551,-18.33006292935357,#c8102e
83.3837111151911,-18.37527792586428,#c8102e
83.3950387725564,-18.42052876857501,#c8102e
83.4062240721274,-18.46581500998363,#c8102e
83.4172669032888,-18.51113620223797,#c8102e
83.4281671568339,-18.55649189714023,#c8102e
83.4389247249661,-18.60188164615138,#c8102e
83.4495395013000,-18.64730500039559,#c8102e
83.4600113808620,-18.69276151066476,#c8102e
83.4703402600921,-18.73825072742286,#c8102e
83.4805260368441,-18.78377220081040,#c8102e
83.4905686103872,-18.82932548064892,#c8102e
83.5004678814066,-18.87491011644540,#c8102e
83.5102237520049,-18.92052565739672,#c8102e
83.5198361257028,-18.96617165239418,#c8102e
83.5293049074399,-19.01184765002783,#c8102e
83.5386300035759,-19.05755319859107,#c8102e
83.5478113218917,-19.10328784608504,#c8102e
83.5568487715898,-19.14905114022312,#c8102e
83.5657422632956,-19.19484262843538,#c8102e
83.5744917090581,-19.24066185787306,#c8102e
83.5830970223508,-19.28650837541310,#c8102e
83.5915581180726,-19.33238172766253,#c8102e
83.5998749125487,-19.37828146096302,#c8102e
83.6080473235313,-19.42420712139536,#c8102e
83.6160752702003,-19.47015825478391,#c8102e
83.6239586731646,-19.51613440670115,#c8102e
83.6316974544622,-19.56213512247212,#c8102e
83.6392915375615,-19.60815994717896,#c8102e
83.6467408473619,-19.65420842566535,#c8102e
83.6540453101944,-19.70028010254109,#c8102e
83.6612048538226,-19.74637452218654,#c8102e
83.6682194074429,-19.79249122875716,#c8102e
83.6750889016861,-19.83862976618800,#c8102e
83.6818132686172,-19.88478967819821,#c8102e
83.6883924417363,-19.93097050829558,#c8102e
83.6948263559798,-19.97717179978101,#c8102e
83.7011149477202,-20.02339309575307,#c8102e
83.7072581547674,-20.06963393911247,#c8102e
83.7132559163690,-20.11589387256665,#c8102e
83.7191081732109,-20.16217243863422,#c8102e
83.7248148674180,-20.20846917964955,#c8102e
83.7303759425547,-20.25478363776727,#c8102e
83.7357913436256,-20.30111535496678,#c8102e
83.7410610170757,-20.34746387305684,#c8102e
83.7461849107913,-20.39382873368000,#c8102e
83.7511629741003,-20.44020947831724,#c8102e
83.7559951577730,-20.48660564829243,#c8102e
83.7606814140220,-20.53301678477694,#c8102e
83.7652216965032,-20.57944242879406,#c8102e
83.7696159603162,-20.62588212122366,#c8102e
83.7738641620045,-20.67233540280667,#c8102e
83.7779662595559,-20.71880181414961,#c8102e
83.7819222124035,-20.76528089572920,#c8102e
83.7857319814254,-20.81177218789682,#c8102e
83.7893955289452,-20.85827523088309,#c8102e
83.7929128187330,-20.90478956480246,#c8102e
83.7962838160048,-20.95131472965770,#c8102e
83.7995084874238,-20.99785026534446,#c8102e
83.8025868010999,-21.04439571165584,#c8102e
83.8055187265906,-21.09095060828693,#c8102e
83.8083042349010,-21.13751449483935,#c8102e
83.8109432984842,-21.18408691082583,#c8102e
83.8134358912415,-21.23066739567475,#c8102e
83.8157819885228,-21.27725548873468,#c8102e
83.8179815671266,-21.32385072927896,#c8102e
83.8200346053005,-21.37045265651025,#c8102e
83.8219410827413,-21.41706080956508,#c8102e
83.8237009805951,-21.46367472751839,#c8102e
83.8253142814577,-21.51029394938814,#c8102e
83.8267809693745,-21.55691801413981,#c8102e
83.8281010298409,-21.60354646069103,#c8102e
83.8292744498024,-21.65017882791603,#c8102e
83.8303012176545,-21.69681465465034,#c8102e
83.8311813232433,-21.74345347969521,#c8102e
83.8319147578649,-21.79009484182230,#c8102e
83.8325015142662,-21.83673827977814,#c8102e
83.8329415866446,-21.88338333228872,#c8102e
83.8332349706480,-21.93002953806412,#c8102e
83.8333816633751,-21.97667643580296,#c8102e
83.8333816633751,-22.02332356419705,#c8102e
83.8332349706480,-22.06997046193588,#c8102e
83.8329415866446,-22.11661666771127,#c8102e
83.8325015142662,-22.16326172022187,#c8102e
83.8319147578649,-22.20990515817770,#c8102e
83.8311813232433,-22.25654652030478,#c8102e
83.8303012176545,-22.30318534534966,#c8102e
83.8292744498024,-22.34982117208396,#c8102e
83.8281010298409,-22.39645353930898,#c8102e
83.8267809693745,-22.44308198586019,#c8102e
83.8253142814577,-22.48970605061186,#c8102e
83.8237009805951,-22.53632527248161,#c8102e
83.8219410827413,-22.58293919043492,#c8102e
83.8200346053005,-22.62954734348975,#c8102e
83.8179815671266,-22.67614927072104,#c8102e
83.8157819885228,-22.72274451126532,#c8102e
83.8134358912415,-22.76933260432525,#c8102e
83.8109432984842,-22.81591308917417,#c8102e
83.8083042349010,-22.86248550516065,#c8102e
83.8055187265906,-22.90904939171308,#c8102e
83.8025868010999,-22.95560428834416,#c8102e
83.7995084874238,-23.00214973465554,#c8102e
83.7962838160048,-23.04868527034230,#c8102e
83.7929128187330,-23.09521043519754,#c8102e
83.7893955289452,-23.14172476911691,#c8102e
83.7857319814254,-23.18822781210319,#c8102e
83.7819222124035,-23.23471910427081,#c8102e
83.7779662595559,-23.28119818585039,#c8102e
83.7738641620045,-23.32766459719333,#c8102e
83.7696159603162,-23.37411787877634,#c8102e
83.7652216965032,-23.42055757120594,#c8102e
83.7606814140220,-23.46698321522306,#c8102e
83.7559951577730,-23.51339435170756,#c8102e
83.7511629741003,-23.55979052168276,#c8102e
83.7461849107913,-23.60617126632000,#c8102e
83.7410610170757,-23.65253612694317,#c8102e
83.7357913436256,-23.69888464503321,#c8102e
83.7303759425547,-23.74521636223273,#c8102e
83.7248148674180,-23.79153082035045,#c8102e
83.7191081732109,-23.83782756136578,#c8102e
83.7132559163690,-23.88410612743335,#c8102e
83.7072581547674,-23.93036606088752,#c8102e
83.7011149477202,-23.97660690424693,#c8102e
83.6948263559798,-24.02282820021899,#c8102e
83.6883924417363,-24.06902949170442,#c8102e
83.6818132686172,-24.11521032180179,#c8102e
83.6750889016861,-24.16137023381200,#c8102e
83.6682194074429,-24.20750877124284,#c8102e
83.6612048538226,-24.25362547781346,#c8102e
83.6540453101944,-24.29971989745891,#c8102e
83.6467408473619,-24.34579157433465,#c8102e
83.6392915375615,-24.39184005282105,#c8102e
83.6316974544622,-24.43786487752788,#c8102e
83.6239586731646,-24.48386559329885,#c8102e
83.6160752702003,-24.52984174521609,#c8102e
83.6080473235313,-24.57579287860464,#c8102e
83.5998749125487,-24.62171853903698,#c8102e
83.5915581180726,-24.66761827233748,#c8102e
83.5830970223508,-24.71349162458690,#c8102e
83.5744917090581,-24.75933814212693,#c8102e
83.5657422632956,-24.80515737156463,#c8102e
83.5568487715898,-24.85094885977688,#c8102e
83.5478113218917,-24.89671215391495,#c8102e
83.5386300035759,-24.94244680140893,#c8102e
83.5293049074399,-24.98815234997217,#c8102e
83.5198361257028,-25.03382834760583,#c8102e
83.5102237520049,-25.07947434260327,#c8102e
83.5004678814066,-25.12508988355460,#c8102e
83.4905686103872,-25.17067451935108,#c8102e
83.4805260368441,-25.21622779918960,#c8102e
83.4703402600921,-25.26174927257715,#c8102e
83.4600113808620,-25.30723848933524,#c8102e
83.4495395013000,-25.35269499960440,#c8102e
83.4389247249661,-25.39811835384863,#c8102e
83.4281671568339,-25.44350810285977,#c8102e
83.4172669032888,-25.48886379776203,#c8102e
83.4062240721274,-25.53418499001637,#c8102e
83.3950387725564,-25.57947123142500,#c8102e
83.3837111151911,-25.62472207413572,#c8102e
83.3722412120551,-25.66993707064643,#c8102e
83.3606291765783,-25.71511577380953,#c8102e
83.3488751235964,-25.76025773683632,#c8102e
83.3369791693494,-25.80536251330145,#c8102e
83.3249414314810,-25.85042965714732,#c8102e
83.3127620290365,-25.89545872268848,#c8102e
83.3004410824627,-25.94044926461607,#c8102e
83.2879787136058,-25.98540083800220,#c8102e
83.2753750457107,-26.03031299830433,#c8102e
83.2626302034197,-26.07518530136972,#c8102e
83.2497443127713,-26.12001730343978,#c8102e
83.2367175011986,-26.16480856115448,#c8102e
83.2235498975286,-26.20955863155671,#c8102e
83.2102416319806,-26.25426707209668,#c8102e
83.1967928361647,-26.29893344063631,#c8102e
83.1832036430812,-26.34355729545358,#c8102e
83.1694741871184,-26.38813819524688,#c8102e
83.1556046040520,-26.43267569913943,#c8102e
83.1415950310434,-26.47716936668357,#c8102e
83.1274456066382,-26.52161875786519,#c8102e
83.1131564707654,-26.56602343310805,#c8102e
83.0987277647355,-26.61038295327808,#c8102e
83.0841596312391,-26.65469687968779,#c8102e
83.0694522143459,-26.69896477410058,#c8102e
83.0546056595028,-26.74318619873511,#c8102e
83.0396201135330,-26.78736071626954,#c8102e
83.0244957246338,-26.83148788984593,#c8102e
83.0092326423760,-26.87556728307456,#c8102e
82.9938310177017,-26.91959846003823,#c8102e
82.9782910029232,-26.96358098529654,#c8102e
82.9626127517213,-27.00751442389024,#c8102e
82.9467964191441,-27.05139834134552,#c8102e
82.9308421616051,-27.09523230367829,#c8102e
82.9147501368816,-27.13901587739850,#c8102e
82.8985205041136,-27.18274862951440,#c8102e
82.8821534238019,-27.22643012753684,#c8102e
82.8656490578065,-27.27005993948353,#c8102e
82.8490075693451,-27.31363763388335,#c8102e
82.8322291229915,-27.35716277978054,#c8102e
82.8153138846738,-27.40063494673907,#c8102e
82.7982620216730,-27.44405370484678,#c8102e
82.7810737026212,-27.48741862471975,#c8102e
82.7637490975000,-27.53072927750643,#c8102e
82.7462883776387,-27.57398523489197,#c8102e
82.7286917157128,-27.61718606910242,#c8102e
82.7109592857420,-27.66033135290894,#c8102e
82.6930912630889,-27.70342065963209,#c8102e
82.6750878244568,-27.74645356314596,#c8102e
82.6569491478883,-27.78942963788247,#c8102e
82.6386754127635,-27.83234845883552,#c8102e
82.6202667997979,-27.87520960156523,#c8102e
82.6017234910410,-27.91801264220210,#c8102e
82.5830456698744,-27.96075715745123,#c8102e
82.5642335210099,-28.00344272459651,#c8102e
82.5452872304877,-28.04606892150478,#c8102e
82.5262069856746,-28.08863532663002,#c8102e
82.5069929752621,-28.13114151901751,#c8102e
82.4876453892645,-28.17358707830797,#c8102e
82.4681644190173,-28.21597158474179,#c8102e
82.4485502571747,-28.25829461916312,#c8102e
82.4288030977085,-28.30055576302399,#c8102e
82.4089231359055,-28.34275459838855,#c8102e
82.3889105683658,-28.38489070793708,#c8102e
82.3687655930012,-28.42696367497023,#c8102e
82.3484884090326,-28.46897308341306,#c8102e
82.3280792169884,-28.51091851781919,#c8102e
82.3075382187027,-28.55279956337491,#c8102e
82.2868656173129,-28.59461580590326,#c8102e
82.2660616172578,-28.63636683186817,#c8102e
82.2451264242758,-28.67805222837847,#c8102e
82.2240602454027,-28.71967158319208,#c8102e
82.2028632889697,-28.76122448472000,#c8102e
82.1815357646011,-28.80271052203041,#c8102e
82.1600778832126,-28.84412928485274,#c8102e
82.1384898570091,-28.88548036358173,#c8102e
82.1167718994824,-28.92676334928145,#c8102e
82.0949242254094,-28.96797783368939,#c8102e
82.0729470508496,-29.00912340922048,#c8102e
82.0508405931434,-29.05019966897107,#c8102e
82.0286050709096,-29.09120620672306,#c8102e
82.0062407040435,-29.13214261694780,#c8102e
81.9837477137143,-29.17300849481021,#c8102e
81.9611263223635,-29.21380343617268,#c8102e
81.9383767537022,-29.25452703759916,#c8102e
81.9154992327094,-29.29517889635907,#c8102e
81.8924939856291,-29.33575861043136,#c8102e
81.8693612399686,-29.37626577850838,#c8102e
81.8461012244961,-29.41670000000000,#c8102e
81.8227141692384,-29.45706087503742,#c8102e
81.7992003054785,-29.49734800447720,#c8102e
81.7755598657538,-29.53756098990523,#c8102e
81.7517930838531,-29.57769943364060,#c8102e
81.7279001948148,-29.61776293873960,#c8102e
81.7038814349244,-29.65775110899958,#c8102e
81.6797370417122,-29.69766354896294,#c8102e
81.6554672539509,-29.73749986392097,#c8102e
81.6310723116533,-29.77725965991784,#c8102e
81.6065524560699,-29.81694254375438,#c8102e
81.5819079296866,-29.85654812299208,#c8102e
81.5571389762219,-29.89607600595690,#c8102e
81.5322458406252,-29.93552580174318,#c8102e
81.5072287690738,-29.97489712021747,#c8102e
81.4820880089706,-30.01418957202244,#c8102e
81.4568238089417,-30.05340276858069,#c8102e
81.4314364188341,-30.09253632209859,#c8102e
81.4059260897129,-30.13158984557016,#c8102e
81.3802930738592,-30.17056295278083,#c8102e
81.3545376247670,-30.20945525831132,#c8102e
81.3286599971416,-30.24826637754142,#c8102e
81.3026604468962,-30.28699592665380,#c8102e
81.2765392311498,-30.32564352263781,#c8102e
81.2502966082246,-30.36420878329327,#c8102e
81.2239328376436,-30.40269132723423,#c8102e
81.1974481801278,-30.44109077389276,#c8102e
81.1708428975935,-30.47940674352272,#c8102e
81.1441172531501,-30.51763885720349,#c8102e
81.1172715110972,-30.55578673684374,#c8102e
81.0903059369223,-30.59385000518515,#c8102e
81.0632207972977,-30.63182828580619,#c8102e
81.0360163600783,-30.66972120312575,#c8102e
81.0086928942986,-30.70752838240695,#c8102e
80.9812506701704,-30.74524944976078,#c8102e
80.9536899590799,-30.78288403214984,#c8102e
80.9260110335850,-30.82043175739200,#c8102e
80.8982141674127,-30.85789225416411,#c8102e
80.8702996354563,-30.89526515200562,#c8102e
80.8422677137729,-30.93255008132231,#c8102e
80.8141186795804,-30.96974667338990,#c8102e
80.7858528112548,-31.00685456035770,#c8102e
80.7574703883277,-31.04387337525228,#c8102e
80.7289716914832,-31.08080275198106,#c8102e
80.7003570025552,-31.11764232533595,#c8102e
80.6716266045249,-31.15439173099696,#c8102e
80.6427807815178,-31.19105060553580,#c8102e
80.6138198188006,-31.22761858641946,#c8102e
80.5847440027789,-31.26409531201386,#c8102e
80.5555536209942,-31.30048042158730,#c8102e
80.5262489621206,-31.33677355531418,#c8102e
80.4968303159627,-31.37297435427845,#c8102e
80.4672979734522,-31.40908246047716,#c8102e
80.4376522266453,-31.44509751682410,#c8102e
80.4078933687195,-31.48101916715320,#c8102e
80.3780216939710,-31.51684705622216,#c8102e
80.3480374978119,-31.55258082971590,#c8102e
80.3179410767666,-31.58822013425010,#c8102e
80.2877327284698,-31.62376461737464,#c8102e
80.2574127516627,-31.65921392757718,#c8102e
80.2269814461908,-31.69456771428651,#c8102e
80.1964391130004,-31.72982562787617,#c8102e
80.1657860541356,-31.76498731966774,#c8102e
80.1350225727358,-31.80005244193443,#c8102e
80.1041489730323,-31.83502064790445,#c8102e
80.0731655603453,-31.86989159176443,#c8102e
80.0420726410813,-31.90466492866288,#c8102e
80.0108705227293,-31.93934031471357,#c8102e
79.9795595138586,-31.97391740699896,#c8102e
79.9481399241151,-32.00839586357355,#c8102e
79.9166120642187,-32.04277534346730,#c8102e
79.8849762459598,-32.07705550668898,#c8102e
79.8532327821966,-32.11123601422953,#c8102e
79.8213819868519,-32.14531652806544,#c8102e
79.7894241749097,-32.17929671116207,#c8102e
79.7573596624125,-32.21317622747698,#c8102e
79.7251887664580,-32.24695474196326,#c8102e
79.6929118051959,-32.28063192057284,#c8102e
79.6605290978250,-32.31420743025983,#c8102e
79.6280409645895,-32.34768093898373,#c8102e
79.5954477267766,-32.38105211571280,#c8102e
79.5627497067126,-32.41432063042729,#c8102e
79.5299472277602,-32.44748615412271,#c8102e
79.4970406143151,-32.48054835881310,#c8102e
79.4640301918028,-32.51350691753422,#c8102e
79.4309162866754,-32.54636150434687,#c8102e
79.3976992264085,-32.57911179434004,#c8102e
79.3643793394976,-32.61175746363415,#c8102e
79.3309569554553,-32.64429818938427,#c8102e
79.2974324048078,-32.67673364978327,#c8102e
79.2638060190915,-32.70906352406504,#c8102e
79.2300781308501,-32.74128749250766,#c8102e
79.1962490736310,-32.77340523643653,#c8102e
79.1623191819821,-32.80541643822755,#c8102e
79.1282887914485,-32.83732078131028,#c8102e
79.0941582385690,-32.86911795017100,#c8102e
79.0599278608733,-32.90080763035591,#c8102e
79.0255979968780,-32.93238950847419,#c8102e
78.9911689860836,-32.96386327220111,#c8102e
78.9566411689713,-32.99522861028113,#c8102e
78.9220148869993,-33.02648521253099,#c8102e
78.8872904825994,-33.05763276984271,#c8102e
78.8524682991740,-33.08867097418674,#c8102e
78.8175486810924,-33.11959951861494,#c8102e
78.7825319736874,-33.15041809726364,#c8102e
78.7474185232520,-33.18112640535667,#c8102e
78.7122086770360,-33.21172413920835,#c8102e
78.6769027832423,-33.24221099622653,#c8102e
78.6415011910240,-33.27258667491554,#c8102e
78.6060042504801,-33.30285087487921,#c8102e
78.5704123126530,-33.33300329682382,#c8102e
78.5347257295243,-33.36304364256105,#c8102e
78.4989448540117,-33.39297161501095,#c8102e
78.4630700399652,-33.42278691820489,#c8102e
78.4271016421641,-33.45248925728844,#c8102e
78.3910400163129,-33.48207833852432,#c8102e
78.3548855190383,-33.51155386929533,#c8102e
78.3186385078852,-33.54091555810714,#c8102e
78.2822993413136,-33.57016311459132,#c8102e
78.2458683786948,-33.59929624950809,#c8102e
78.2093459803078,-33.62831467474926,#c8102e
78.1727325073360,-33.65721810334102,#c8102e
78.1360283218634,-33.68600624944681,#c8102e
78.0992337868711,-33.71467882837013,#c8102e
78.0623492662337,-33.74323555655739,#c8102e
78.0253751247156,-33.77167615160069,#c8102e
77.9883117279677,-33.80000033224059,#c8102e
77.9511594425234,-33.82820781836892,#c8102e
77.9139186357953,-33.85629833103156,#c8102e
77.8765896760712,-33.88427159243118,#c8102e
77.8391729325109,-33.91212732592997,#c8102e
77.8016687751422,-33.93986525605241,#c8102e
77.7640775748574,-33.96748510848800,#c8102e
77.7263997034096,-33.99498661009392,#c8102e
77.6886355334091,-34.02236948889778,#c8102e
77.6507854383195,-34.04963347410030,#c8102e
77.6128497924543,-34.07677829607798,#c8102e
77.5748289709728,-34.10380368638576,#c8102e
77.5367233498769,-34.13070937775968,#c8102e
77.4985333060069,-34.15749510411955,#c8102e
77.4602592170382,-34.18416060057152,#c8102e
77.4219014614772,-34.21070560341079,#c8102e
77.3834604186578,-34.23712985012411,#c8102e
77.3449364687374,-34.26343307939246,#c8102e
77.3063299926934,-34.28961503109360,#c8102e
77.2676413723194,-34.31567544630467,#c8102e
77.2288709902214,-34.34161406730470,#c8102e
77.1900192298136,-34.36743063757719,#c8102e
77.1510864753155,-34.39312490181265,#c8102e
77.1120731117472,-34.41869660591112,#c8102e
77.0729795249261,-34.44414549698470,#c8102e
77.0338061014629,-34.46947132335998,#c8102e
76.9945532287580,-34.49467383458065,#c8102e
76.9552212949974,-34.51975278140986,#c8102e
76.9158106891488,-34.54470791583275,#c8102e
76.8763218009583,-34.56953899105888,#c8102e
76.8367550209457,-34.59424576152469,#c8102e
76.7971107404014,-34.61882798289590,#c8102e
76.7573893513823,-34.64328541206994,#c8102e
76.7175912467076,-34.66761780717839,#c8102e
76.6777168199552,-34.69182492758927,#c8102e
76.6377664654581,-34.71590653390957,#c8102e
76.5977405782997,-34.73986238798746,#c8102e
76.5576395543108,-34.76369225291478,#c8102e
76.5174637900650,-34.78739589302927,#c8102e
76.4772136828750,-34.81097307391700,#c8102e
76.4368896307890,-34.83442356241460,#c8102e
76.3964920325861,-34.85774712661164,#c8102e
76.3560212877730,-34.88094353585288,#c8102e
76.3154777965797,-34.90401256074055,#c8102e
76.2748619599554,-34.92695397313665,#c8102e
76.2341741795652,-34.94976754616516,#c8102e
76.1934148577852,-34.97245305421436,#c8102e
76.1525843976993,-34.99501027293894,#c8102e
76.1116832030948,-35.01743897926235,#c8102e
76.0707116784586,-35.03973895137892,#c8102e
76.0296702289731,-35.06190996875608,#c8102e
75.9885592605120,-35.08395181213655,#c8102e
75.9473791796369,-35.10586426354050,#c8102e
75.9061303935925,-35.12764710626767,#c8102e
75.8648133103031,-35.14930012489961,#c8102e
75.8234283383686,-35.17082310530169,#c8102e
75.7819758870599,-35.19221583462531,#c8102e
75.7404563663154,-35.21347810130995,#c8102e
75.6988701867370,-35.23460969508530,#c8102e
75.6572177595855,-35.25561040697330,#c8102e
75.6154994967770,-35.27648002929026,#c8102e
75.5737158108786,-35.29721835564886,#c8102e
75.5318671151044,-35.31782518096021,#c8102e
75.4899538233114,-35.33830030143591,#c8102e
75.4479763499956,-35.35864351458999,#c8102e
75.4059351102874,-35.37885461924101,#c8102e
75.3638305199481,-35.39893341551397,#c8102e
75.3216629953653,-35.41887970484233,#c8102e
75.2794329535490,-35.43869328996993,#c8102e
75.2371408121276,-35.45837397495302,#c8102e
75.1947869893434,-35.47792156516211,#c8102e
75.1523719040489,-35.49733586728392,#c8102e
75.1098959757024,-35.51661668932337,#c8102e
75.0673596243639,-35.53576384060534,#c8102e
75.0247632706907,-35.55477713177668,#c8102e
74.9821073359339,-35.57365637480800,#c8102e
74.9393922419335,-35.59240138299558,#c8102e
74.8966184111147,-35.61101197096318,#c8102e
74.8537862664836,-35.62948795466390,#c8102e
74.8108962316227,-35.64782915138201,#c8102e
74.7679487306875,-35.66603537973470,#c8102e
74.7249441884013,-35.68410645967394,#c8102e
74.6818830300518,-35.70204221248822,#c8102e
74.6387656814866,-35.71984246080433,#c8102e
74.5955925691087,-35.73750702858912,#c8102e
74.5523641198729,-35.75503574115122,#c8102e
74.5090807612812,-35.77242842514281,#c8102e
74.4657429213784,-35.78968490856126,#c8102e
74.4223510287482,-35.80680502075094,#c8102e
74.3789055125090,-35.82378859240478,#c8102e
74.3354068023093,-35.84063545556605,#c8102e
74.2918553283237,-35.85734544362997,#c8102e
74.2482515212486,-35.87391839134537,#c8102e
74.2045958122981,-35.89035413481632,#c8102e
74.1608886331994,-35.90665251150374,#c8102e
74.1171304161887,-35.92281336022704,#c8102e
74.0733215940070,-35.93883652116570,#c8102e
74.0294625998957,-35.95472183586079,#c8102e
73.9855538675925,-35.97046914721669,#c8102e
73.9415958313268,-35.98607829950245,#c8102e
73.8975889258158,-36.00154913835347,#c8102e
73.8535335862597,-36.01688151077298,#c8102e
73.8094302483379,-36.03207526513355,#c8102e
73.7652793482044,-36.04713025117859,#c8102e
73.7210813224836,-36.06204632002387,#c8102e
73.6768366082659,-36.07682332415891,#c8102e
73.6325456431034,-36.09146111744853,#c8102e
73.5882088650056,-36.10595955513426,#c8102e
73.5438267124353,-36.12031849383574,#c8102e
73.4993996243035,-36.13453779155220,#c8102e
73.4549280399661,-36.14861730766379,#c8102e
73.4104123992188,-36.16255690293305,#c8102e
73.3658531422930,-36.17635643950624,#c8102e
73.3212507098515,-36.19001578091469,#c8102e
73.2766055429840,-36.20353479207618,#c8102e
73.2319180832028,-36.21691333929630,#c8102e
73.1871887724386,-36.23015129026969,#c8102e
73.1424180530359,-36.24324851408142,#c8102e
73.0976063677486,-36.25620488120826,#c8102e
73.0527541597358,-36.26902026351999,#c8102e
73.0078618725575,-36.28169453428058,#c8102e
72.9629299501698,-36.29422756814957,#c8102e
72.9179588369209,-36.30661924118318,#c8102e
72.8729489775467,-36.31886943083567,#c8102e
72.8279008171659,-36.33097801596041,#c8102e
72.7828148012764,-36.34294487681119,#c8102e
72.7376913757501,-36.35476989504336,#c8102e
72.6925309868292,-36.36645295371499,#c8102e
72.6473340811212,-36.37799393728805,#c8102e
72.6021011055947,-36.38939273162954,#c8102e
72.5568325075753,-36.40064922401262,#c8102e
72.5115287347406,-36.41176330311774,#c8102e
72.4661902351161,-36.42273485903369,#c8102e
72.4208174570709,-36.43356378325876,#c8102e
72.3754108493129,-36.44424996870176,#c8102e
72.3299708608846,-36.45479330968311,#c8102e
72.2844979411586,-36.46519370193586,#c8102e
72.2389925398333,-36.47545104260672,#c8102e
72.1934551069282,-36.48556523025712,#c8102e
72.1478860927796,-36.49553616486416,#c8102e
72.1022859480361,-36.50536374782162,#c8102e
72.0566551236542,-36.51504788194095,#c8102e
72.0109940708938,-36.52458847145221,#c8102e
71.9653032413136,-36.53398542200504,#c8102e
71.9195830867671,-36.54323864066954,#c8102e
71.8738340593974,-36.55234803593727,#c8102e
71.8280566116335,-36.56131351772210,#c8102e
71.7822511961851,-36.57013499736108,#c8102e
71.7364182660389,-36.57881238761541,#c8102e
71.6905582744534,-36.58734560267118,#c8102e
71.6446716749547,-36.59573455814034,#c8102e
71.5987589213323,-36.60397917106143,#c8102e
71.5528204676340,-36.61207935990045,#c8102e
71.5068567681621,-36.62003504455170,#c8102e
71.4608682774684,-36.62784614633849,#c8102e
71.4148554503497,-36.63551258801400,#c8102e
71.3688187418438,-36.64303429376198,#c8102e
71.3227586072245,-36.65041118919753,#c8102e
71.2766755019973,-36.65764320136785,#c8102e
71.2305698818949,-36.66473025875293,#c8102e
71.1844422028724,-36.67167229126625,#c8102e
71.1382929211035,-36.67846923025554,#c8102e
71.0921224929751,-36.68512100850339,#c8102e
71.0459313750836,-36.69162756022792,#c8102e
70.9997200242297,-36.69798882108348,#c8102e
70.9534888974143,-36.70420472816122,#c8102e
70.9072384518341,-36.71027521998978,#c8102e
70.8609691448764,-36.71620023653585,#c8102e
70.8146814341154,-36.72197971920478,#c8102e
70.7683757773072,-36.72761361084115,#c8102e
70.7220526323852,-36.73310185572934,#c8102e
70.6757124574560,-36.73844439959410,#c8102e
70.6293557107945,-36.74364118960107,#c8102e
70.5829828508395,-36.74869217435729,#c8102e
70.5365943361891,-36.75359730391173,#c8102e
70.4901906255964,-36.75835652975577,#c8102e
70.4437721779644,-36.76296980482369,#c8102e
70.3973394523422,-36.76743708349313,#c8102e
70.3508929079200,-36.77175832158553,#c8102e
70.3044330040246,-36.77593347636660,#c8102e
70.2579602001150,-36.77996250654671,#c8102e
70.2114749557777,-36.78384537228131,#c8102e
70.1649777307222,-36.78758203517131,#c8102e
70.1184689847766,-36.79117245826350,#c8102e
70.0719491778828,-36.79461660605087,#c8102e
70.0254187700923,-36.79791444447299,#c8102e
69.9788782215611,-36.80106594091633,#c8102e
69.9323279925458,-36.80407106421458,#c8102e
69.8857685433986,-36.80692978464899,#c8102e
69.8392003345629,-36.80964207394864,#c8102e
69.7926238265686,-36.81220790529068,#c8102e
69.7460394800280,-36.81462725330069,#c8102e
69.6994477556305,-36.81690009405285,#c8102e
69.6528491141388,-36.81902640507021,#c8102e
69.6062440163839,-36.82100616532490,#c8102e
69.5596329232605,-36.82283935523835,#c8102e
69.5130162957228,-36.82452595668148,#c8102e
69.4663945947797,-36.82606595297486,#c8102e
69.4197682814901,-36.82745932888891,#c8102e
69.3731378169588,-36.82870607064403,#c8102e
69.3265036623313,-36.82980616591074,#c8102e
69.2798662787899,-36.83075960380979,#c8102e
69.2332261275487,-36.83156637491228,#c8102e
69.1865836698492,-36.83222647123976,#c8102e
69.1399393669556,-36.83273988626431,#c8102e
69.0932936801506,-36.83310661490856,#c8102e
69.0466470707302,-36.83332665354580,#c8102e
69.0000000000000,-36.83340000000000,#c8102e
69.0000000000000,-37.00000000000000,#c8102e
