x,y,fill
46.1010000000000, 2.60000000000000009,#ffffff
46.1010000000000, 2.60000000000000009,#ffffff
46.1091763037401, 2.59998714382535967,#ffffff
46.1173525266218, 2.59994857542857671,#ffffff
46.1255285877873, 2.59988429519106878,#ffffff
46.1337044063807, 2.59979430374852649,#ffffff
46.1418799015483, 2.59967860199090772,#ffffff
46.1500549924396, 2.59953719106243053,#ffffff
46.1582295982082, 2.59937007236155759,#ffffff
46.1664036380124, 2.59917724754098778,#ffffff
46.1745770310161, 2.59895871850763660,#ffffff
46.1827496963897, 2.59871448742261624,#ffffff
46.1909215533107, 2.59844455670121732,#ffffff
46.1990925209647, 2.59814892901288408,#ffffff
46.2072625185458, 2.59782760728118589,#ffffff
46.2154314652582, 2.59748059468379155,#ffffff
46.2235992803160, 2.59710789465243463,#ffffff
46.2317658829447, 2.59670951087288149,#ffffff
46.2399311923819, 2.59628544728489530,#ffffff
46.2480951278779, 2.59583570808219610,#ffffff
46.2562576086963, 2.59536029771241816,#ffffff
46.2644185541157, 2.59485922087706911,#ffffff
46.2725778834292, 2.59433248253148019,#ffffff
46.2807355159464, 2.59378008788475878,#ffffff
46.2888913709935, 2.59320204239973817,#ffffff
46.2970453679142, 2.59259835179292075,#ffffff
46.3051974260707, 2.59196902203442336,#ffffff
46.3133474648443, 2.59131405934791781,#ffffff
46.3214954036363, 2.59063347021056911,#ffffff
46.3296411618688, 2.58992726135297158,#ffffff
46.3377846589853, 2.58919543975908306,#ffffff
46.3459258144518, 2.58843801266615392,#ffffff
46.3540645477576, 2.58765498756465773,#ffffff
46.3622007784156, 2.58684637219821489,#ffffff
46.3703344259638, 2.58601217456351895,#ffffff
46.3784654099655, 2.58515240291025350,#ffffff
46.3865936500105, 2.58426706574101583,#ffffff
46.3947190657156, 2.58335617181122768,#ffffff
46.4028415767256, 2.58241973012905213,#ffffff
46.4109611027140, 2.58145774995530175,#ffffff
46.4190775633840, 2.58047024080335108,#ffffff
46.4271908784688, 2.57945721243903803,#ffffff
46.4353009677329, 2.57841867488057019,#ffffff
46.4434077509726, 2.57735463839842405,#ffffff
46.4515111480171, 2.57626511351524590,#ffffff
46.4596110787289, 2.57515011100574398,#ffffff
46.4677074630048, 2.57400964189658588,#ffffff
46.4758002207767, 2.57284371746628704,#ffffff
46.4838892720124, 2.57165234924509978,#ffffff
46.4919745367162, 2.57043554901489912,#ffffff
46.5000559349302, 2.56919332880906692,#ffffff
46.5081333867343, 2.56792570091237238,#ffffff
46.5162068122476, 2.56663267786085081,#ffffff
46.5242761316292, 2.56531427244167931,#ffffff
46.5323412650787, 2.56397049769304974,#ffffff
46.5404021328368, 2.56260136690404217,#ffffff
46.5484586551868, 2.56120689361448983,#ffffff
46.5565107524549, 2.55978709161484907,#ffffff
46.5645583450107, 2.55834197494605986,#ffffff
46.5726013532689, 2.55687155789940856,#ffffff
46.5806396976891, 2.55537585501638631,#ffffff
46.5886732987772, 2.55385488108854508,#ffffff
46.5967020770860, 2.55230865115735117,#ffffff
46.6047259532159, 2.55073718051403686,#ffffff
46.6127448478160, 2.54914048469944943,#ffffff
46.6207586815845, 2.54751857950389660,#ffffff
46.6287673752696, 2.54587148096699112,#ffffff
46.6367708496704, 2.54419920537749089,#ffffff
46.6447690256377, 2.54250176927314131,#ffffff
46.6527618240745, 2.54077918944050651,#ffffff
46.6607491659372, 2.53903148291480818,#ffffff
46.6687309722361, 2.53725866697975411,#ffffff
46.6767071640361, 2.53546075916736768,#ffffff
46.6846776624577, 2.53363777725781647,#ffffff
46.6926423886778, 2.53178973927923368,#ffffff
46.7006012639303, 2.52991666350754185,#ffffff
46.7085542095071, 2.52801856846627171,#ffffff
46.7165011467584, 2.52609547292637648,#ffffff
46.7244419970941, 2.52414739590605208,#ffffff
46.7323766819843, 2.52217435667054213,#ffffff
46.7403051229600, 2.52017637473195233,#ffffff
46.7482272416139, 2.51815346984905553,#ffffff
46.7561429596013, 2.51610566202709718,#ffffff
46.7640521986408, 2.51403297151759553,#ffffff
46.7719548805150, 2.51193541881814442,#ffffff
46.7798509270714, 2.50981302467220857,#ffffff
46.7877402602232, 2.50766581006891842,#ffffff
46.7956228019498, 2.50549379624286273,#ffffff
46.8034984742978, 2.50329700467387939,#ffffff
46.8113671993820, 2.50107545708684276,#ffffff
46.8192288993856, 2.49882917545144734,#ffffff
46.8270834965614, 2.49655818198199286,#ffffff
46.8349309132323, 2.49426249913716269,#ffffff
46.8427710717925, 2.49194214961980265,#ffffff
46.8506038947078, 2.48959715637669632,#ffffff
46.8584293045164, 2.48722754259833811,#ffffff
46.8662472238301, 2.48483333171870413,#ffffff
46.8740575753346, 2.48241454741501943,#ffffff
46.8818602817906, 2.47997121360752493,#ffffff
46.8896552660340, 2.47750335445924152,#ffffff
46.8974424509776, 2.47501099437572902,#ffffff
46.9052217596111, 2.47249415800484584,#ffffff
46.9129931150019, 2.46995287023650656,#ffffff
46.9207564402963, 2.46738715620243276,#ffffff
46.9285116587200, 2.46479704127590793,#ffffff
46.9362586935788, 2.46218255107152473,#ffffff
46.9439974682594, 2.45954371144493056,#ffffff
46.9517279062302, 2.45688054849257353,#ffffff
46.9594499310422, 2.45419308855144580,#ffffff
46.9671634663293, 2.45148135819881885,#ffffff
46.9748684358098, 2.44874538425198462,#ffffff
46.9825647632862, 2.44598519376798862,#ffffff
46.9902523726467, 2.44320081404336165,#ffffff
46.9979311878659, 2.44039227261385205,#ffffff
47.0056011330051, 2.43755959725415128,#ffffff
47.0132621322135, 2.43470281597761984,#ffffff
47.0209141097285, 2.43182195703601156,#ffffff
47.0285569898770, 2.42891704891919158,#ffffff
47.0361906970758, 2.42598812035485700,#ffffff
47.0438151558323, 2.42303520030825226,#ffffff
47.0514302907456, 2.42005831798188131,#ffffff
47.0590360265066, 2.41705750281522036,#ffffff
47.0666322878997, 2.41403278448442693,#ffffff
47.0742189998024, 2.41098419290204413,#ffffff
47.0817960871872, 2.40791175821670755,#ffffff
47.0893634751214, 2.40481551081284506,#ffffff
47.0969210887682, 2.40169548131037836,#ffffff
47.1044688533879, 2.39855170056441835,#ffffff
47.1120066943376, 2.39538419966496052,#ffffff
47.1195345370730, 2.39219300993657757,#ffffff
47.1270523071485, 2.38897816293810994,#ffffff
47.1345599302182, 2.38573969046235312,#ffffff
47.1420573320363, 2.38247762453574419,#ffffff
47.1495444384583, 2.37919199741804377,#ffffff
47.1570211754416, 2.37588284160201813,#ffffff
47.1644874690459, 2.37255018981311805,#ffffff
47.1719432454344, 2.36919407500915291,#ffffff
47.1793884308741, 2.36581453037996781,#ffffff
47.1868229517368, 2.36241158934711271,#ffffff
47.1942467345000, 2.35898528556351517,#ffffff
47.2016597057470, 2.35553565291314371,#ffffff
47.2090617921683, 2.35206272551067519,#ffffff
47.2164529205620, 2.34856653770115642,#ffffff
47.2238330178346, 2.34504712405966487,#ffffff
47.2312020110014, 2.34150451939096804,#ffffff
47.2385598271879, 2.33793875872917578,#ffffff
47.2459063936300, 2.33434987733739785,#ffffff
47.2532416376747, 2.33073791070739267,#ffffff
47.2605654867812, 2.32710289455921648,#ffffff
47.2678778685212, 2.32344486484087165,#ffffff
47.2751787105799, 2.31976385772794957,#ffffff
47.2824679407567, 2.31605990962327368,#ffffff
47.2897454869656, 2.31233305715653881,#ffffff
47.2970112772364, 2.30858333718394970,#ffffff
47.3042652397150, 2.30481078678785645,#ffffff
47.3115073026643, 2.30101544327638718,#ffffff
47.3187373944649, 2.29719734418307953,#ffffff
47.3259554436158, 2.29335652726650974,#ffffff
47.3331613787351, 2.28949303050991837,#ffffff
47.3403551285607, 2.28560689212083545,#ffffff
47.3475366219509, 2.28169815053070169,#ffffff
47.3547057878853, 2.27776684439449140,#ffffff
47.3618625554655, 2.27381301259032487,#ffffff
47.3690068539155, 2.26983669421908951,#ffffff
47.3761386125827, 2.26583792860404820,#ffffff
47.3832577609386, 2.26181675529045512,#ffffff
47.3903642285794, 2.25777321404516096,#ffffff
47.3974579452266, 2.25370734485622171,#ffffff
47.4045388407278, 2.24961918793250160,#ffffff
47.4116068450574, 2.24550878370327744,#ffffff
47.4186618883175, 2.24137617281783763,#ffffff
47.4257039007381, 2.23722139614507975,#ffffff
47.4327328126781, 2.23304449477310785,#ffffff
47.4397485546261, 2.22884551000882336,#ffffff
47.4467510572009, 2.22462448337752150,#ffffff
47.4537402511521, 2.22038145662247377,#ffffff
47.4607160673611, 2.21611647170452297,#ffffff
47.4676784368414, 2.21182957080165998,#ffffff
47.4746272907397, 2.20752079630861431,#ffffff
47.4815625603362, 2.20319019083642997,#ffffff
47.4884841770455, 2.19883779721204586,#ffffff
47.4953920724172, 2.19446365847787117,#ffffff
47.5022861781366, 2.19006781789136040,#ffffff
47.5091664260253, 2.18565031892458750,#ffffff
47.5160327480421, 2.18121120526381107,#ffffff
47.5228850762834, 2.17675052080904807,#ffffff
47.5297233429841, 2.17226830967363460,#ffffff
47.5365474805180, 2.16776461618379424,#ffffff
47.5433574213987, 2.16323948487819528,#ffffff
47.5501530982803, 2.15869296050751425,#ffffff
47.5569344439578, 2.15412508803398950,#ffffff
47.5637013913679, 2.14953591263098076,#ffffff
47.5704538735900, 2.14492547968251834,#ffffff
47.5771918238462, 2.14029383478285773,#ffffff
47.5839151755025, 2.13564102373602571,#ffffff
47.5906238620693, 2.13096709255537009,#ffffff
47.5973178172017, 2.12627208746310226,#ffffff
47.6039969747010, 2.12155605488984200,#ffffff
47.6106612685144, 2.11681904147415745,#ffffff
47.6173106327363, 2.11206109406210318,#ffffff
47.6239450016088, 2.10728225970675931,#ffffff
47.6305643095221, 2.10248258566776292,#ffffff
47.6371684910155, 2.09766211941084313,#ffffff
47.6437574807778, 2.09282090860735037,#ffffff
47.6503312136481, 2.08795900113378652,#ffffff
47.6568896246164, 2.08307644507132972,#ffffff
47.6634326488241, 2.07817328870535878,#ffffff
47.6699602215649, 2.07324958052497754,#ffffff
47.6764722782852, 2.06830536922253394,#ffffff
47.6829687545850, 2.06334070369313904,#ffffff
47.6894495862181, 2.05835563303418212,#ffffff
47.6959147090933, 2.05335020654484746,#ffffff
47.7023640592747, 2.04832447372562587,#ffffff
47.7087975729822, 2.04327848427782266,#ffffff
47.7152151865924, 2.03821228810307087,#ffffff
47.7216168366394, 2.03312593530283392,#ffffff
47.7280024598147, 2.02801947617791178,#ffffff
47.7343719929687, 2.02289296122794271,#ffffff
47.7407253731106, 2.01774644115090540,#ffffff
47.7470625374097, 2.01257996684261586,#ffffff
47.7533834231954, 2.00739358939622425,#ffffff
47.7596879679581, 2.00218736010171128,#ffffff
47.7659761093499, 1.99696133044537905,#ffffff
47.7722477851850, 1.99171555210934281,#ffffff
47.7785029334406, 1.98645007697102027,#ffffff
47.7847414922572, 1.98116495710261709,#ffffff
47.7909633999395, 1.97586024477061351,#ffffff
47.7971685949567, 1.97053599243524680,#ffffff
47.8033570159433, 1.96519225274999165,#ffffff
47.8095286016999, 1.95982907856104061,#ffffff
47.8156832911933, 1.95444652290678245,#ffffff
47.8218210235577, 1.94904463901727487,#ffffff
47.8279417380946, 1.94362348031371912,#ffffff
47.8340453742742, 1.93818310040793418,#ffffff
47.8401318717353, 1.93272355310182231,#ffffff
47.8462011702863, 1.92724489238684038,#ffffff
47.8522532099059, 1.92174717244346493,#ffffff
47.8582879307430, 1.91623044764065531,#ffffff
47.8643052731181, 1.91069477253531739,#ffffff
47.8703051775237, 1.90514020187176336,#ffffff
47.8762875846243, 1.89956679058117062,#ffffff
47.8822524352578, 1.89397459378103838,#ffffff
47.8881996704357, 1.88836366677464218,#ffffff
47.8941292313435, 1.88273406505048868,#ffffff
47.9000410593416, 1.87708584428176350,#ffffff
47.9059350959659, 1.87141906032578498,#ffffff
47.9118112829280, 1.86573376922344858,#ffffff
47.9176695621162, 1.86003002719867316,#ffffff
47.9235098755958, 1.85430789065784651,#ffffff
47.9293321656098, 1.84856741618926579,#ffffff
47.9351363745795, 1.84280866056257953,#ffffff
47.9409224451049, 1.83703168072822431,#ffffff
47.9466903199655, 1.83123653381686280,#ffffff
47.9524399421207, 1.82542327713881880,#ffffff
47.9581712547103, 1.81959196818350977,#ffffff
47.9638842010552, 1.81374266461887945,#ffffff
47.9695787246582, 1.80787542429082659,#ffffff
47.9752547692039, 1.80199030522263270,#ffffff
47.9809122785599, 1.79608736561438875,#ffffff
47.9865511967770, 1.79016666384241985,#ffffff
47.9921714680899, 1.78422825845870747,#ffffff
47.9977730369177, 1.77827220819031084,#ffffff
48.0033558478644, 1.77229857193878537,#ffffff
48.0089198457195, 1.76630740877960135,#ffffff
48.0144649754587, 1.76029877796155865,#ffffff
48.0199911822441, 1.75427273890620095,#ffffff
48.0254984114251, 1.74822935120722844,#ffffff
48.0309866085386, 1.74216867462990899,#ffffff
48.0364557193099, 1.73609076911048610,#ffffff
48.0419056896529, 1.72999569475558634,#ffffff
48.0473364656710, 1.72388351184162558,#ffffff
48.0527479936571, 1.71775428081421189,#ffffff
48.0581402200947, 1.71160806228754914,#ffffff
48.0635130916581, 1.70544491704383616,#ffffff
48.0688665552130, 1.69926490603266611,#ffffff
48.0742005578170, 1.69306809037042494,#ffffff
48.0795150467203, 1.68685453133968499,#ffffff
48.0848099693660, 1.68062429038859995,#ffffff
48.0900852733905, 1.67437742913029775,#ffffff
48.0953409066246, 1.66811400934226972,#ffffff
48.1005768170932, 1.66183409296576090,#ffffff
48.1057929530167, 1.65553774210515758,#ffffff
48.1109892628107, 1.64922501902737206,#ffffff
48.1161656950870, 1.64289598616122778,#ffffff
48.1213221986539, 1.63655070609684117,#ffffff
48.1264587225171, 1.63018924158500411,#ffffff
48.1315752158794, 1.62381165553656115,#ffffff
48.1366716281420, 1.61741801102178995,#ffffff
48.1417479089046, 1.61100837126977448,#ffffff
48.1468040079661, 1.60458279966778372,#ffffff
48.1518398753248, 1.59814135976064020,#ffffff
48.1568554611792, 1.59168411525009579,#ffffff
48.1618507159284, 1.58521112999419822,#ffffff
48.1668255901724, 1.57872246800666249,#ffffff
48.1717800347128, 1.57221819345623626,#ffffff
48.1767140005535, 1.56569837066606476,#ffffff
48.1816274389005, 1.55916306411305672,#ffffff
48.1865203011631, 1.55261233842724411,#ffffff
48.1913925389540, 1.54604625839114540,#ffffff
48.1962441040899, 1.53946488893912314,#ffffff
48.2010749485919, 1.53286829515674250,#ffffff
48.2058850246859, 1.52625654228012864,#ffffff
48.2106742848035, 1.51962969569531903,#ffffff
48.2154426815817, 1.51298782093761930,#ffffff
48.2201901678643, 1.50633098369095442,#ffffff
48.2249166967016, 1.49965924978721721,#ffffff
48.2296222213511, 1.49297268520562154,#ffffff
48.2343066952784, 1.48627135607204486,#ffffff
48.2389700721569, 1.47955532865837802,#ffffff
48.2436123058687, 1.47282466938186851,#ffffff
48.2482333505052, 1.46607944480446251,#ffffff
48.2528331603671, 1.45931972163214962,#ffffff
48.2574116899652, 1.45254556671429946,#ffffff
48.2619688940208, 1.44575704704300390,#ffffff
48.2665047274660, 1.43895422975241205,#ffffff
48.2710191454443, 1.43213718211806862,#ffffff
48.2755121033110, 1.42530597155624550,#ffffff
48.2799835566336, 1.41846066562327899,#ffffff
48.2844334611922, 1.41160133201489835,#ffffff
48.2888617729801, 1.40472803856555828,#ffffff
48.2932684482042, 1.39784085324776686,#ffffff
48.2976534432851, 1.39093984417141470,#ffffff
48.3020167148582, 1.38402507958309950,#ffffff
48.3063582197733, 1.37709662786545373,#ffffff
48.3106779150958, 1.37015455753646509,#ffffff
48.3149757581066, 1.36319893724880270,#ffffff
48.3192517063028, 1.35622983578913470,#ffffff
48.3235057173980, 1.34924732207744968,#ffffff
48.3277377493227, 1.34225146516637461,#ffffff
48.3319477602248, 1.33524233424049421,#ffffff
48.3361357084699, 1.32821999861566242,#ffffff
48.3403015526420, 1.32118452773832029,#ffffff
48.3444452515434, 1.31413599118480784,#ffffff
48.3485667641956, 1.30707445866067684,#ffffff
48.3526660498395, 1.30000000000000004,#ffffff
48.3567430679358, 1.29291268516468305,#ffffff
48.3607977781652, 1.28581258424376887,#ffffff
48.3648301404293, 1.27869976745274871,#ffffff
48.3688401148507, 1.27157430513286407,#ffffff
48.3728276617731, 1.26443626775041396,#ffffff
48.3767927417623, 1.25728572589605569,#ffffff
48.3807353156062, 1.25012275028410835,#ffffff
48.3846553443152, 1.24294741175185375,#ffffff
48.3885527891227, 1.23575978125883390,#ffffff
48.3924276114855, 1.22855992988615093,#ffffff
48.3962797730840, 1.22134792883576426,#ffffff
48.4001092358228, 1.21412384942978480,#ffffff
48.4039159618310, 1.20688776310977208,#ffffff
48.4076999134624, 1.19963974143602492,#ffffff
48.4114610532961, 1.19237985608687658,#ffffff
48.4151993441370, 1.18510817885798359,#ffffff
48.4189147490155, 1.17782478166161697,#ffffff
48.4226072311889, 1.17052973652595105,#ffffff
48.4262767541407, 1.16322311559434977,#ffffff
48.4299232815817, 1.15590499112465683,#ffffff
48.4335467774500, 1.14857543548847629,#ffffff
48.4371472059117, 1.14123452117045954,#ffffff
48.4407245313606, 1.13388232076758877,#ffffff
48.4442787184195, 1.12651890698845825,#ffffff
48.4478097319395, 1.11914435265255507,#ffffff
48.4513175370012, 1.11175873068953979,#ffffff
48.4548020989147, 1.10436211413852448,#ffffff
48.4582633832199, 1.09695457614735070,#ffffff
48.4617013556868, 1.08953618997186630,#ffffff
48.4651159823161, 1.08210702897520039,#ffffff
48.4685072293393, 1.07466716662703887,#ffffff
48.4718750632191, 1.06721667650289587,#ffffff
48.4752194506498, 1.05975563228339009,#ffffff
48.4785403585574, 1.05228410775351122,#ffffff
48.4818377541004, 1.04480217680189313,#ffffff
48.4851116046696, 1.03730991342008272,#ffffff
48.4883618778887, 1.02980739170180779,#ffffff
48.4915885416145, 1.02229468584224548,#ffffff
48.4947915639374, 1.01477187013728654,#ffffff
48.4979709131816, 1.00723901898280221,#ffffff
48.5011265579052, 0.99969620687390781,#ffffff
48.5042584669010, 0.99214350840422638,#ffffff
48.5073666091964, 0.98458099826515055,#ffffff
48.5104509540537, 0.97700875124510422,#ffffff
48.5135114709709, 0.96942684222880227,#ffffff
48.5165481296813, 0.96183534619651234,#ffffff
48.5195609001544, 0.95423433822330994,#ffffff
48.5225497525956, 0.94662389347833786,#ffffff
48.5255146574472, 0.93900408722406303,#ffffff
48.5284555853882, 0.93137499481553154,#ffffff
48.5313725073346, 0.92373669169962358,#ffffff
48.5342653944399, 0.91608925341430747,#ffffff
48.5371342180953, 0.90843275558789272,#ffffff
48.5399789499300, 0.90076727393828149,#ffffff
48.5427995618114, 0.89309288427222078,#ffffff
48.5455960258454, 0.88540966248455188,#ffffff
48.5483683143767, 0.87771768455746035,#ffffff
48.5511163999892, 0.87001702655972368,#ffffff
48.5538402555061, 0.86230776464596148,#ffffff
48.5565398539902, 0.85458997505587908,#ffffff
48.5592151687440, 0.84686373411351545,#ffffff
48.5618661733106, 0.83912911822648817,#ffffff
48.5644928414731, 0.83138620388523787,#ffffff
48.5670951472555, 0.82363506766227146,#ffffff
48.5696730649225, 0.81587578621140466,#ffffff
48.5722265689803, 0.80810843626700535,#ffffff
48.5747556341763, 0.80033309464323255,#ffffff
48.5772602354996, 0.79254983823327874,#ffffff
48.5797403481813, 0.78475874400860801,#ffffff
48.5821959476947, 0.77695988901819590,#ffffff
48.5846270097555, 0.76915335038776633,#ffffff
48.5870335103221, 0.76133920531903099,#ffffff
48.5894154255955, 0.75351753108892305,#ffffff
48.5917727320203, 0.74568840504883471,#ffffff
48.5941054062841, 0.73785190462385186,#ffffff
48.5964134253183, 0.73000810731198840,#ffffff
48.5986967662980, 0.72215709068341971,#ffffff
48.6009554066425, 0.71429893237971565,#ffffff
48.6031893240152, 0.70643371011307310,#ffffff
48.6053984963242, 0.69856150166554609,#ffffff
48.6075829017220, 0.69068238488827871,#ffffff
48.6097425186063, 0.68279643770073351,#ffffff
48.6118773256199, 0.67490373808992099,#ffffff
48.6139873016509, 0.66700436410962927,#ffffff
48.6160724258330, 0.65909839387965230,#ffffff
48.6181326775455, 0.65118590558501621,#ffffff
48.6201680364140, 0.64326697747520645,#ffffff
48.6221784823100, 0.63534168786339418,#ffffff
48.6241639953515, 0.62741011512566225,#ffffff
48.6261245559030, 0.61947233770022925,#ffffff
48.6280601445758, 0.61152843408667423,#ffffff
48.6299707422282, 0.60357848284516047,#ffffff
48.6318563299656, 0.59562256259565827,#ffffff
48.6337168891407, 0.58766075201716794,#ffffff
48.6355524013538, 0.57969312984694110,#ffffff
48.6373628484528, 0.57171977487970194,#ffffff
48.6391482125335, 0.56374076596686984,#ffffff
48.6409084759399, 0.55575618201577670,#ffffff
48.6426436212640, 0.54776610198888853,#ffffff
48.6443536313463, 0.53977060490302375,#ffffff
48.6460384892760, 0.53176976982857249,#ffffff
48.6476981783909, 0.52376367588871386,#ffffff
48.6493326822777, 0.51575240225863372,#ffffff
48.6509419847721, 0.50773602816474239,#ffffff
48.6525260699593, 0.49971463288388984,#ffffff
48.6540849221735, 0.49168829574258277,#ffffff
48.6556185259988, 0.48365709611619967,#ffffff
48.6571268662688, 0.47562111342820579,#ffffff
48.6586099280670, 0.46758042714936759,#ffffff
48.6600676967268, 0.45953511679696829,#ffffff
48.6615001578317, 0.45148526193401894,#ffffff
48.6629072972158, 0.44343094216847334,#ffffff
48.6642891009632, 0.43537223715244033,#ffffff
48.6656455554089, 0.42730922658139614,#ffffff
48.6669766471382, 0.41924199019339614,#ffffff
48.6682823629877, 0.41117060776828640,#ffffff
48.6695626900445, 0.40309515912691474,#ffffff
48.6708176156470, 0.39501572413034097,#ffffff
48.6720471273849, 0.38693238267904784,#ffffff
48.6732512130991, 0.37884521471215021,#ffffff
48.6744298608818, 0.37075430020660477,#ffffff
48.6755830590771, 0.36265971917641848,#ffffff
48.6767107962805, 0.35456155167185982,#ffffff
48.6778130613394, 0.34645987777866333,#ffffff
48.6788898433532, 0.33835477761724014,#ffffff
48.6799411316731, 0.33024633134188491,#ffffff
48.6809669159025, 0.32213461913998342,#ffffff
48.6819671858972, 0.31401972123121924,#ffffff
48.6829419317650, 0.30590171786678061,#ffffff
48.6838911438663, 0.29778068932856672,#ffffff
48.6848148128141, 0.28965671592839393,#ffffff
48.6857129294738, 0.28152987800720120,#ffffff
48.6865854849637, 0.27340025593425604,#ffffff
48.6874324706547, 0.26526793010635918,#ffffff
48.6882538781707, 0.25713298094704945,#ffffff
48.6890496993884, 0.24899548890581036,#ffffff
48.6898199264378, 0.24085553445727115,#ffffff
48.6905645517017, 0.23271319810041335,#ffffff
48.6912835678162, 0.22456856035777401,#ffffff
48.6919769676709, 0.21642170177464945,#ffffff
48.6926447444083, 0.20827270291829869,#ffffff
48.6932868914246, 0.20012164437714672,#ffffff
48.6939034023694, 0.19196860675998742,#ffffff
48.6944942711457, 0.18381367069518656,#ffffff
48.6950594919103, 0.17565691682988427,#ffffff
48.6955990590734, 0.16749842582919766,#ffffff
48.6961129672992, 0.15933827837542242,#ffffff
48.6966012115053, 0.15117655516723719,#ffffff
48.6970637868634, 0.14301333691890208,#ffffff
48.6975006887988, 0.13484870435946281,#ffffff
48.6979119129909, 0.12668273823195178,#ffffff
48.6982974553730, 0.11851551929258945,#ffffff
48.6986573121322, 0.11034712830998585,#ffffff
48.6989914797098, 0.10217764606434174,#ffffff
48.6992999548011, 0.09400715334664979,#ffffff
48.6995827343556, 0.08583573095789560,#ffffff
48.6998398155766, 0.07766345970825865,#ffffff
48.7000711959218, 0.06949042041631306,#ffffff
48.7002768731030, 0.06131669390822847,#ffffff
48.7004568450862, 0.05314236101697000,#ffffff
48.7006111100916, 0.04496750258150130,#ffffff
48.7007396665935, 0.03679219944598155,#ffffff
48.7008425133208, 0.02861653245896835,#ffffff
48.7009196492561, 0.02044058247261754,#ffffff
48.7009710736369, 0.01226443034188362,#ffffff
48.7009967859544, 0.00408815692372021,#ffffff
48.7009967859544,-0.00408815692371964,#ffffff
48.7009710736369,-0.01226443034188305,#ffffff
48.7009196492561,-0.02044058247261696,#ffffff
48.7008425133208,-0.02861653245896778,#ffffff
48.7007396665935,-0.03679219944598098,#ffffff
48.7006111100916,-0.04496750258150072,#ffffff
48.7004568450862,-0.05314236101697000,#ffffff
48.7002768731030,-0.06131669390822789,#ffffff
48.7000711959218,-0.06949042041631250,#ffffff
48.6998398155766,-0.07766345970825808,#ffffff
48.6995827343556,-0.08583573095789503,#ffffff
48.6992999548011,-0.09400715334664922,#ffffff
48.6989914797098,-0.10217764606434115,#ffffff
48.6986573121322,-0.11034712830998526,#ffffff
48.6982974553730,-0.11851551929258887,#ffffff
48.6979119129909,-0.12668273823195120,#ffffff
48.6975006887988,-0.13484870435946222,#ffffff
48.6970637868634,-0.14301333691890150,#ffffff
48.6966012115053,-0.15117655516723660,#ffffff
48.6961129672992,-0.15933827837542242,#ffffff
48.6955990590734,-0.16749842582919711,#ffffff
48.6950594919103,-0.17565691682988371,#ffffff
48.6944942711457,-0.18381367069518598,#ffffff
48.6939034023694,-0.19196860675998684,#ffffff
48.6932868914246,-0.20012164437714614,#ffffff
48.6926447444083,-0.20827270291829814,#ffffff
48.6919769676709,-0.21642170177464889,#ffffff
48.6912835678162,-0.22456856035777342,#ffffff
48.6905645517017,-0.23271319810041277,#ffffff
48.6898199264378,-0.24085553445727056,#ffffff
48.6890496993884,-0.24899548890580980,#ffffff
48.6882538781707,-0.25713298094704889,#ffffff
48.6874324706547,-0.26526793010635863,#ffffff
48.6865854849637,-0.27340025593425543,#ffffff
48.6857129294738,-0.28152987800720064,#ffffff
48.6848148128141,-0.28965671592839332,#ffffff
48.6838911438663,-0.29778068932856616,#ffffff
48.6829419317650,-0.30590171786678005,#ffffff
48.6819671858972,-0.31401972123121868,#ffffff
48.6809669159025,-0.32213461913998281,#ffffff
48.6799411316731,-0.33024633134188436,#ffffff
48.6788898433532,-0.33835477761723959,#ffffff
48.6778130613394,-0.34645987777866272,#ffffff
48.6767107962805,-0.35456155167185921,#ffffff
48.6755830590771,-0.36265971917641793,#ffffff
48.6744298608818,-0.37075430020660416,#ffffff
48.6732512130991,-0.37884521471214960,#ffffff
48.6720471273849,-0.38693238267904734,#ffffff
48.6708176156470,-0.39501572413034047,#ffffff
48.6695626900445,-0.40309515912691418,#ffffff
48.6682823629877,-0.41117060776828590,#ffffff
48.6669766471382,-0.41924199019339559,#ffffff
48.6656455554089,-0.42730922658139558,#ffffff
48.6642891009632,-0.43537223715243978,#ffffff
48.6629072972158,-0.44343094216847279,#ffffff
48.6615001578317,-0.45148526193401839,#ffffff
48.6600676967268,-0.45953511679696774,#ffffff
48.6586099280670,-0.46758042714936759,#ffffff
48.6571268662688,-0.47562111342820529,#ffffff
48.6556185259988,-0.48365709611619911,#ffffff
48.6540849221735,-0.49168829574258222,#ffffff
48.6525260699593,-0.49971463288388929,#ffffff
48.6509419847721,-0.50773602816474184,#ffffff
48.6493326822777,-0.51575240225863317,#ffffff
48.6476981783909,-0.52376367588871320,#ffffff
48.6460384892760,-0.53176976982857194,#ffffff
48.6443536313463,-0.53977060490302331,#ffffff
48.6426436212640,-0.54776610198888798,#ffffff
48.6409084759399,-0.55575618201577626,#ffffff
48.6391482125335,-0.56374076596686928,#ffffff
48.6373628484528,-0.57171977487970194,#ffffff
48.6355524013538,-0.57969312984694055,#ffffff
48.6337168891407,-0.58766075201716739,#ffffff
48.6318563299656,-0.59562256259565771,#ffffff
48.6299707422282,-0.60357848284515991,#ffffff
48.6280601445758,-0.61152843408667368,#ffffff
48.6261245559030,-0.61947233770022869,#ffffff
48.6241639953515,-0.62741011512566180,#ffffff
48.6221784823100,-0.63534168786339373,#ffffff
48.6201680364140,-0.64326697747520589,#ffffff
48.6181326775455,-0.65118590558501566,#ffffff
48.6160724258330,-0.65909839387965174,#ffffff
48.6139873016509,-0.66700436410962860,#ffffff
48.6118773256199,-0.67490373808992055,#ffffff
48.6097425186063,-0.68279643770073295,#ffffff
48.6075829017220,-0.69068238488827827,#ffffff
48.6053984963242,-0.69856150166554565,#ffffff
48.6031893240152,-0.70643371011307243,#ffffff
48.6009554066425,-0.71429893237971520,#ffffff
48.5986967662980,-0.72215709068341916,#ffffff
48.5964134253183,-0.73000810731198784,#ffffff
48.5941054062841,-0.73785190462385131,#ffffff
48.5917727320203,-0.74568840504883427,#ffffff
48.5894154255955,-0.75351753108892250,#ffffff
48.5870335103221,-0.76133920531903043,#ffffff
48.5846270097555,-0.76915335038776578,#ffffff
48.5821959476947,-0.77695988901819535,#ffffff
48.5797403481813,-0.78475874400860735,#ffffff
48.5772602354996,-0.79254983823327807,#ffffff
48.5747556341763,-0.80033309464323210,#ffffff
48.5722265689803,-0.80810843626700479,#ffffff
48.5696730649225,-0.81587578621140422,#ffffff
48.5670951472555,-0.82363506766227079,#ffffff
48.5644928414731,-0.83138620388523743,#ffffff
48.5618661733106,-0.83912911822648772,#ffffff
48.5592151687440,-0.84686373411351490,#ffffff
48.5565398539902,-0.85458997505587853,#ffffff
48.5538402555061,-0.86230776464596093,#ffffff
48.5511163999892,-0.87001702655972368,#ffffff
48.5483683143767,-0.87771768455745980,#ffffff
48.5455960258454,-0.88540966248455133,#ffffff
48.5427995618114,-0.89309288427222022,#ffffff
48.5399789499300,-0.90076727393828093,#ffffff
48.5371342180953,-0.90843275558789216,#ffffff
48.5342653944399,-0.91608925341430691,#ffffff
48.5313725073346,-0.92373669169962302,#ffffff
48.5284555853882,-0.93137499481553099,#ffffff
48.5255146574472,-0.93900408722406259,#ffffff
48.5225497525956,-0.94662389347833731,#ffffff
48.5195609001544,-0.95423433822330928,#ffffff
48.5165481296813,-0.96183534619651190,#ffffff
48.5135114709709,-0.96942684222880227,#ffffff
48.5104509540537,-0.97700875124510367,#ffffff
48.5073666091964,-0.98458099826515011,#ffffff
48.5042584669010,-0.99214350840422594,#ffffff
48.5011265579052,-0.99969620687390737,#ffffff
48.4979709131816,-1.00723901898280177,#ffffff
48.4947915639374,-1.01477187013728609,#ffffff
48.4915885416145,-1.02229468584224503,#ffffff
48.4883618778887,-1.02980739170180735,#ffffff
48.4851116046696,-1.03730991342008205,#ffffff
48.4818377541004,-1.04480217680189247,#ffffff
48.4785403585574,-1.05228410775351056,#ffffff
48.4752194506498,-1.05975563228338965,#ffffff
48.4718750632191,-1.06721667650289587,#ffffff
48.4685072293393,-1.07466716662703821,#ffffff
48.4651159823161,-1.08210702897519973,#ffffff
48.4617013556868,-1.08953618997186497,#ffffff
48.4582633832199,-1.09695457614735004,#ffffff
48.4548020989148,-1.10436211413852359,#ffffff
48.4513175370012,-1.11175873068953956,#ffffff
48.4478097319395,-1.11914435265255507,#ffffff
48.4442787184195,-1.12651890698845780,#ffffff
48.4407245313606,-1.13388232076758877,#ffffff
48.4371472059117,-1.14123452117045909,#ffffff
48.4335467774500,-1.14857543548847629,#ffffff
48.4299232815817,-1.15590499112465639,#ffffff
48.4262767541407,-1.16322311559434977,#ffffff
48.4226072311889,-1.17052973652594994,#ffffff
48.4189147490155,-1.17782478166161630,#ffffff
48.4151993441370,-1.18510817885798247,#ffffff
48.4114610532961,-1.19237985608687591,#ffffff
48.4076999134624,-1.19963974143602403,#ffffff
48.4039159618310,-1.20688776310977142,#ffffff
48.4001092358228,-1.21412384942978480,#ffffff
48.3962797730840,-1.22134792883576382,#ffffff
48.3924276114855,-1.22855992988615093,#ffffff
48.3885527891227,-1.23575978125883346,#ffffff
48.3846553443152,-1.24294741175185375,#ffffff
48.3807353156062,-1.25012275028410791,#ffffff
48.3767927417623,-1.25728572589605525,#ffffff
48.3728276617731,-1.26443626775041285,#ffffff
48.3688401148507,-1.27157430513286362,#ffffff
48.3648301404293,-1.27869976745274760,#ffffff
48.3607977781652,-1.28581258424376865,#ffffff
48.3567430679358,-1.29291268516468194,#ffffff
48.3526660498395,-1.29999999999999960,#ffffff
48.3485667641956,-1.30707445866067684,#ffffff
48.3444452515434,-1.31413599118480717,#ffffff
48.3403015526420,-1.32118452773832029,#ffffff
48.3361357084699,-1.32821999861566198,#ffffff
48.3319477602248,-1.33524233424049421,#ffffff
48.3277377493227,-1.34225146516637439,#ffffff
48.3235057173980,-1.34924732207744902,#ffffff
48.3192517063028,-1.35622983578913336,#ffffff
48.3149757581066,-1.36319893724880203,#ffffff
48.3106779150958,-1.37015455753646420,#ffffff
48.3063582197733,-1.37709662786545306,#ffffff
48.3020167148582,-1.38402507958309862,#ffffff
48.2976534432851,-1.39093984417141403,#ffffff
48.2932684482042,-1.39784085324776686,#ffffff
48.2888617729801,-1.40472803856555761,#ffffff
48.2844334611922,-1.41160133201489835,#ffffff
48.2799835566336,-1.41846066562327855,#ffffff
48.2755121033110,-1.42530597155624550,#ffffff
48.2710191454443,-1.43213718211806773,#ffffff
48.2665047274660,-1.43895422975241183,#ffffff
48.2619688940208,-1.44575704704300323,#ffffff
48.2574116899652,-1.45254556671429902,#ffffff
48.2528331603671,-1.45931972163214851,#ffffff
48.2482333505052,-1.46607944480446228,#ffffff
48.2436123058687,-1.47282466938186740,#ffffff
48.2389700721569,-1.47955532865837736,#ffffff
48.2343066952784,-1.48627135607204486,#ffffff
48.2296222213511,-1.49297268520562088,#ffffff
48.2249166967016,-1.49965924978721721,#ffffff
48.2201901678643,-1.50633098369095353,#ffffff
48.2154426815817,-1.51298782093761908,#ffffff
48.2106742848035,-1.51962969569531858,#ffffff
48.2058850246859,-1.52625654228012819,#ffffff
48.2010749485919,-1.53286829515674183,#ffffff
48.1962441040899,-1.53946488893912270,#ffffff
48.1913925389540,-1.54604625839114451,#ffffff
48.1865203011631,-1.55261233842724389,#ffffff
48.1816274389005,-1.55916306411305672,#ffffff
48.1767140005535,-1.56569837066606432,#ffffff
48.1717800347128,-1.57221819345623626,#ffffff
48.1668255901724,-1.57872246800666183,#ffffff
48.1618507159284,-1.58521112999419778,#ffffff
48.1568554611792,-1.59168411525009490,#ffffff
48.1518398753248,-1.59814135976063998,#ffffff
48.1468040079661,-1.60458279966778283,#ffffff
48.1417479089046,-1.61100837126977448,#ffffff
48.1366716281420,-1.61741801102178906,#ffffff
48.1315752158794,-1.62381165553656093,#ffffff
48.1264587225171,-1.63018924158500322,#ffffff
48.1213221986539,-1.63655070609684095,#ffffff
48.1161656950870,-1.64289598616122778,#ffffff
48.1109892628107,-1.64922501902737140,#ffffff
48.1057929530167,-1.65553774210515758,#ffffff
48.1005768170932,-1.66183409296576046,#ffffff
48.0953409066246,-1.66811400934226950,#ffffff
48.0900852733905,-1.67437742913029730,#ffffff
48.0848099693660,-1.68062429038859973,#ffffff
48.0795150467203,-1.68685453133968433,#ffffff
48.0742005578170,-1.69306809037042494,#ffffff
48.0688665552130,-1.69926490603266567,#ffffff
48.0635130916581,-1.70544491704383550,#ffffff
48.0581402200947,-1.71160806228754825,#ffffff
48.0527479936571,-1.71775428081421144,#ffffff
48.0473364656710,-1.72388351184162558,#ffffff
48.0419056896529,-1.72999569475558590,#ffffff
48.0364557193099,-1.73609076911048610,#ffffff
48.0309866085386,-1.74216867462990854,#ffffff
48.0254984114251,-1.74822935120722844,#ffffff
48.0199911822441,-1.75427273890620006,#ffffff
48.0144649754587,-1.76029877796155843,#ffffff
48.0089198457195,-1.76630740877960069,#ffffff
48.0033558478644,-1.77229857193878537,#ffffff
47.9977730369177,-1.77827220819031018,#ffffff
47.9921714680899,-1.78422825845870703,#ffffff
47.9865511967770,-1.79016666384241896,#ffffff
47.9809122785599,-1.79608736561438809,#ffffff
47.9752547692039,-1.80199030522263270,#ffffff
47.9695787246582,-1.80787542429082637,#ffffff
47.9638842010552,-1.81374266461887945,#ffffff
47.9581712547103,-1.81959196818350932,#ffffff
47.9524399421207,-1.82542327713881858,#ffffff
47.9466903199655,-1.83123653381686213,#ffffff
47.9409224451049,-1.83703168072822409,#ffffff
47.9351363745795,-1.84280866056257908,#ffffff
47.9293321656098,-1.84856741618926579,#ffffff
47.9235098755958,-1.85430789065784585,#ffffff
47.9176695621162,-1.86003002719867272,#ffffff
47.9118112829280,-1.86573376922344769,#ffffff
47.9059350959659,-1.87141906032578476,#ffffff
47.9000410593416,-1.87708584428176350,#ffffff
47.8941292313435,-1.88273406505048824,#ffffff
47.8881996704357,-1.88836366677464218,#ffffff
47.8822524352578,-1.89397459378103794,#ffffff
47.8762875846243,-1.89956679058117062,#ffffff
47.8703051775237,-1.90514020187176292,#ffffff
47.8643052731181,-1.91069477253531739,#ffffff
47.8582879307430,-1.91623044764065464,#ffffff
47.8522532099059,-1.92174717244346471,#ffffff
47.8462011702863,-1.92724489238683971,#ffffff
47.8401318717353,-1.93272355310182209,#ffffff
47.8340453742742,-1.93818310040793329,#ffffff
47.8279417380946,-1.94362348031371890,#ffffff
47.8218210235577,-1.94904463901727487,#ffffff
47.8156832911933,-1.95444652290678222,#ffffff
47.8095286016999,-1.95982907856104061,#ffffff
47.8033570159433,-1.96519225274999099,#ffffff
47.7971685949567,-1.97053599243524635,#ffffff
47.7909633999395,-1.97586024477061284,#ffffff
47.7847414922572,-1.98116495710261709,#ffffff
47.7785029334406,-1.98645007697101983,#ffffff
47.7722477851850,-1.99171555210934259,#ffffff
47.7659761093499,-1.99696133044537838,#ffffff
47.7596879679581,-2.00218736010171083,#ffffff
47.7533834231954,-2.00739358939622337,#ffffff
47.7470625374097,-2.01257996684261542,#ffffff
47.7407253731106,-2.01774644115090540,#ffffff
47.7343719929687,-2.02289296122794271,#ffffff
47.7280024598147,-2.02801947617791178,#ffffff
47.7216168366394,-2.03312593530283348,#ffffff
47.7152151865924,-2.03821228810307087,#ffffff
47.7087975729822,-2.04327848427782222,#ffffff
47.7023640592747,-2.04832447372562543,#ffffff
47.6959147090933,-2.05335020654484701,#ffffff
47.6894495862181,-2.05835563303418212,#ffffff
47.6829687545850,-2.06334070369313816,#ffffff
47.6764722782852,-2.06830536922253350,#ffffff
47.6699602215649,-2.07324958052497665,#ffffff
47.6634326488241,-2.07817328870535833,#ffffff
47.6568896246164,-2.08307644507132972,#ffffff
47.6503312136481,-2.08795900113378607,#ffffff
47.6437574807778,-2.09282090860735037,#ffffff
47.6371684910155,-2.09766211941084268,#ffffff
47.6305643095221,-2.10248258566776292,#ffffff
47.6239450016088,-2.10728225970675886,#ffffff
47.6173106327363,-2.11206109406210318,#ffffff
47.6106612685144,-2.11681904147415656,#ffffff
47.6039969747010,-2.12155605488984156,#ffffff
47.5973178172017,-2.12627208746310137,#ffffff
47.5906238620693,-2.13096709255536965,#ffffff
47.5839151755025,-2.13564102373602527,#ffffff
47.5771918238462,-2.14029383478285729,#ffffff
47.5704538735900,-2.14492547968251834,#ffffff
47.5637013913679,-2.14953591263098032,#ffffff
47.5569344439578,-2.15412508803398950,#ffffff
47.5501530982803,-2.15869296050751380,#ffffff
47.5433574213987,-2.16323948487819528,#ffffff
47.5365474805180,-2.16776461618379379,#ffffff
47.5297233429841,-2.17226830967363460,#ffffff
47.5228850762834,-2.17675052080904718,#ffffff
47.5160327480421,-2.18121120526381107,#ffffff
47.5091664260253,-2.18565031892458705,#ffffff
47.5022861781366,-2.19006781789136040,#ffffff
47.4953920724172,-2.19446365847787028,#ffffff
47.4884841770455,-2.19883779721204542,#ffffff
47.4815625603362,-2.20319019083642997,#ffffff
47.4746272907397,-2.20752079630861386,#ffffff
47.4676784368414,-2.21182957080165998,#ffffff
47.4607160673611,-2.21611647170452208,#ffffff
47.4537402511521,-2.22038145662247377,#ffffff
47.4467510572009,-2.22462448337752106,#ffffff
47.4397485546261,-2.22884551000882336,#ffffff
47.4327328126781,-2.23304449477310740,#ffffff
47.4257039007381,-2.23722139614507975,#ffffff
47.4186618883175,-2.24137617281783719,#ffffff
47.4116068450574,-2.24550878370327744,#ffffff
47.4045388407278,-2.24961918793250071,#ffffff
47.3974579452266,-2.25370734485622126,#ffffff
47.3903642285794,-2.25777321404516096,#ffffff
47.3832577609386,-2.26181675529045512,#ffffff
47.3761386125827,-2.26583792860404820,#ffffff
47.3690068539155,-2.26983669421908907,#ffffff
47.3618625554655,-2.27381301259032487,#ffffff
47.3547057878853,-2.27776684439449095,#ffffff
47.3475366219509,-2.28169815053070169,#ffffff
47.3403551285607,-2.28560689212083457,#ffffff
47.3331613787351,-2.28949303050991793,#ffffff
47.3259554436158,-2.29335652726650929,#ffffff
47.3187373944649,-2.29719734418307953,#ffffff
47.3115073026643,-2.30101544327638718,#ffffff
47.3042652397150,-2.30481078678785645,#ffffff
47.2970112772364,-2.30858333718394970,#ffffff
47.2897454869656,-2.31233305715653836,#ffffff
47.2824679407567,-2.31605990962327368,#ffffff
47.2751787105799,-2.31976385772794957,#ffffff
47.2678778685212,-2.32344486484087165,#ffffff
47.2605654867812,-2.32710289455921604,#ffffff
47.2532416376747,-2.33073791070739267,#ffffff
47.2459063936300,-2.33434987733739741,#ffffff
47.2385598271879,-2.33793875872917534,#ffffff
47.2312020110014,-2.34150451939096715,#ffffff
47.2238330178346,-2.34504712405966442,#ffffff
47.2164529205620,-2.34856653770115642,#ffffff
47.2090617921683,-2.35206272551067475,#ffffff
47.2016597057470,-2.35553565291314371,#ffffff
47.1942467345000,-2.35898528556351517,#ffffff
47.1868229517368,-2.36241158934711271,#ffffff
47.1793884308741,-2.36581453037996736,#ffffff
47.1719432454344,-2.36919407500915291,#ffffff
47.1644874690459,-2.37255018981311760,#ffffff
47.1570211754416,-2.37588284160201813,#ffffff
47.1495444384583,-2.37919199741804333,#ffffff
47.1420573320363,-2.38247762453574374,#ffffff
47.1345599302182,-2.38573969046235268,#ffffff
47.1270523071485,-2.38897816293810950,#ffffff
47.1195345370730,-2.39219300993657757,#ffffff
47.1120066943376,-2.39538419966496052,#ffffff
47.1044688533879,-2.39855170056441835,#ffffff
47.0969210887682,-2.40169548131037836,#ffffff
47.0893634751214,-2.40481551081284506,#ffffff
47.0817960871872,-2.40791175821670711,#ffffff
47.0742189998024,-2.41098419290204413,#ffffff
47.0666322878997,-2.41403278448442649,#ffffff
47.0590360265066,-2.41705750281522036,#ffffff
47.0514302907456,-2.42005831798188087,#ffffff
47.0438151558323,-2.42303520030825226,#ffffff
47.0361906970758,-2.42598812035485700,#ffffff
47.0285569898770,-2.42891704891919114,#ffffff
47.0209141097285,-2.43182195703601156,#ffffff
47.0132621322135,-2.43470281597761984,#ffffff
47.0056011330051,-2.43755959725415128,#ffffff
46.9979311878659,-2.44039227261385205,#ffffff
46.9902523726467,-2.44320081404336165,#ffffff
46.9825647632862,-2.44598519376798818,#ffffff
46.9748684358098,-2.44874538425198462,#ffffff
46.9671634663294,-2.45148135819881885,#ffffff
46.9594499310422,-2.45419308855144536,#ffffff
46.9517279062302,-2.45688054849257353,#ffffff
46.9439974682594,-2.45954371144493011,#ffffff
46.9362586935788,-2.46218255107152428,#ffffff
46.9285116587200,-2.46479704127590793,#ffffff
46.9207564402963,-2.46738715620243276,#ffffff
46.9129931150019,-2.46995287023650612,#ffffff
46.9052217596111,-2.47249415800484584,#ffffff
46.8974424509776,-2.47501099437572858,#ffffff
46.8896552660340,-2.47750335445924152,#ffffff
46.8818602817906,-2.47997121360752493,#ffffff
46.8740575753346,-2.48241454741501943,#ffffff
46.8662472238301,-2.48483333171870369,#ffffff
46.8584293045164,-2.48722754259833811,#ffffff
46.8506038947078,-2.48959715637669632,#ffffff
46.8427710717925,-2.49194214961980220,#ffffff
46.8349309132323,-2.49426249913716225,#ffffff
46.8270834965614,-2.49655818198199242,#ffffff
46.8192288993856,-2.49882917545144734,#ffffff
46.8113671993820,-2.50107545708684231,#ffffff
46.8034984742978,-2.50329700467387939,#ffffff
46.7956228019498,-2.50549379624286273,#ffffff
46.7877402602232,-2.50766581006891842,#ffffff
46.7798509270714,-2.50981302467220857,#ffffff
46.7719548805150,-2.51193541881814442,#ffffff
46.7640521986408,-2.51403297151759553,#ffffff
46.7561429596013,-2.51610566202709673,#ffffff
46.7482272416139,-2.51815346984905553,#ffffff
46.7403051229600,-2.52017637473195233,#ffffff
46.7323766819843,-2.52217435667054168,#ffffff
46.7244419970941,-2.52414739590605164,#ffffff
46.7165011467584,-2.52609547292637648,#ffffff
46.7085542095071,-2.52801856846627127,#ffffff
46.7006012639303,-2.52991666350754185,#ffffff
46.6926423886778,-2.53178973927923368,#ffffff
46.6846776624577,-2.53363777725781647,#ffffff
46.6767071640361,-2.53546075916736724,#ffffff
46.6687309722361,-2.53725866697975411,#ffffff
46.6607491659372,-2.53903148291480818,#ffffff
46.6527618240745,-2.54077918944050651,#ffffff
46.6447690256377,-2.54250176927314087,#ffffff
46.6367708496704,-2.54419920537749089,#ffffff
46.6287673752696,-2.54587148096699067,#ffffff
46.6207586815845,-2.54751857950389660,#ffffff
46.6127448478160,-2.54914048469944943,#ffffff
46.6047259532159,-2.55073718051403686,#ffffff
46.5967020770860,-2.55230865115735117,#ffffff
46.5886732987772,-2.55385488108854508,#ffffff
46.5806396976891,-2.55537585501638631,#ffffff
46.5726013532689,-2.55687155789940856,#ffffff
46.5645583450107,-2.55834197494605986,#ffffff
46.5565107524549,-2.55978709161484907,#ffffff
46.5484586551868,-2.56120689361448983,#ffffff
46.5404021328368,-2.56260136690404172,#ffffff
46.5323412650787,-2.56397049769304974,#ffffff
46.5242761316292,-2.56531427244167887,#ffffff
46.5162068122476,-2.56663267786085081,#ffffff
46.5081333867343,-2.56792570091237238,#ffffff
46.5000559349302,-2.56919332880906692,#ffffff
46.4919745367162,-2.57043554901489912,#ffffff
46.4838892720124,-2.57165234924509933,#ffffff
46.4758002207767,-2.57284371746628704,#ffffff
46.4677074630048,-2.57400964189658588,#ffffff
46.4596110787289,-2.57515011100574398,#ffffff
46.4515111480171,-2.57626511351524545,#ffffff
46.4434077509726,-2.57735463839842405,#ffffff
46.4353009677329,-2.57841867488056975,#ffffff
46.4271908784688,-2.57945721243903803,#ffffff
46.4190775633840,-2.58047024080335108,#ffffff
46.4109611027140,-2.58145774995530175,#ffffff
46.4028415767256,-2.58241973012905213,#ffffff
46.3947190657156,-2.58335617181122768,#ffffff
46.3865936500105,-2.58426706574101583,#ffffff
46.3784654099655,-2.58515240291025350,#ffffff
46.3703344259638,-2.58601217456351895,#ffffff
46.3622007784156,-2.58684637219821489,#ffffff
46.3540645477576,-2.58765498756465773,#ffffff
46.3459258144518,-2.58843801266615392,#ffffff
46.3377846589853,-2.58919543975908306,#ffffff
46.3296411618688,-2.58992726135297158,#ffffff
46.3214954036363,-2.59063347021056911,#ffffff
46.3133474648443,-2.59131405934791781,#ffffff
46.3051974260707,-2.59196902203442336,#ffffff
46.2970453679142,-2.59259835179292075,#ffffff
46.2888913709935,-2.59320204239973817,#ffffff
46.2807355159464,-2.59378008788475878,#ffffff
46.2725778834292,-2.59433248253148019,#ffffff
46.2644185541157,-2.59485922087706911,#ffffff
46.2562576086963,-2.59536029771241816,#ffffff
46.2480951278779,-2.59583570808219610,#ffffff
46.2399311923820,-2.59628544728489530,#ffffff
46.2317658829447,-2.59670951087288149,#ffffff
46.2235992803160,-2.59710789465243463,#ffffff
46.2154314652582,-2.59748059468379155,#ffffff
46.2072625185458,-2.59782760728118589,#ffffff
46.1990925209647,-2.59814892901288408,#ffffff
46.1909215533107,-2.59844455670121732,#ffffff
46.1827496963897,-2.59871448742261624,#ffffff
46.1745770310161,-2.59895871850763660,#ffffff
46.1664036380124,-2.59917724754098778,#ffffff
46.1582295982082,-2.59937007236155759,#ffffff
46.1500549924396,-2.59953719106243053,#ffffff
46.1418799015483,-2.59967860199090772,#ffffff
46.1337044063807,-2.59979430374852649,#ffffff
46.1255285877873,-2.59988429519106878,#ffffff
46.1173525266218,-2.59994857542857671,#ffffff
46.1091763037401,-2.59998714382535967,#ffffff
46.1010000000000,-2.60000000000000009,#ffffff
46.1010000000000,-2.60000000000000009,#ffffff
46.1010000000000,-2.49900000000000011,#ffffff
46.1010000000000,-2.49900000000000011,#ffffff
46.1088586857871,-2.49898764323829736,#ffffff
46.1167172938569,-2.49895057307538959,#ffffff
46.1245757464925,-2.49888878987787688,#ffffff
46.1324339659790,-2.49880229425675671,#ffffff
46.1402918746035,-2.49869108706741505,#ffffff
46.1481493946564,-2.49855516940962064,#ffffff
46.1560064484316,-2.49839454262751248,#ffffff
46.1638629582281,-2.49820920830958793,#ffffff
46.1717188463497,-2.49799916828868618,#ffffff
46.1795740351069,-2.49776442464196835,#ffffff
46.1874284468167,-2.49750497969090102,#ffffff
46.1952820038041,-2.49722083600123002,#ffffff
46.2031346284023,-2.49691199638295558,#ffffff
46.2109862429539,-2.49657846389030569,#ffffff
46.2188367698114,-2.49622024182170543,#ffffff
46.2266861313380,-2.49583733371974281,#ffffff
46.2345342499086,-2.49542974337113632,#ffffff
46.2423810479103,-2.49499747480669543,#ffffff
46.2502264477431,-2.49454053230128192,#ffffff
46.2580703718212,-2.49405892037376731,#ffffff
46.2659127425729,-2.49355264378698793,#ffffff
46.2737534824424,-2.49302170754769703,#ffffff
46.2815925138895,-2.49246611690651765,#ffffff
46.2894297593914,-2.49188587735788802,#ffffff
46.2972651414426,-2.49128099464000918,#ffffff
46.3050985825562,-2.49065147473478721,#ffffff
46.3129300052643,-2.48999732386777373,#ffffff
46.3207593321192,-2.48931854850810641,#ffffff
46.3285864856939,-2.48861515536844191,#ffffff
46.3364113885827,-2.48788715140489192,#ffffff
46.3442339634024,-2.48713454381695387,#ffffff
46.3520541327926,-2.48635734004743814,#ffffff
46.3598718194168,-2.48555554778239740,#ffffff
46.3676869459630,-2.48472917495104761,#ffffff
46.3754994351447,-2.48387822972569206,#ffffff
46.3833092097013,-2.48300272052163784,#ffffff
46.3911161923989,-2.48210265599711555,#ffffff
46.3989203060317,-2.48117804505319217,#ffffff
46.4067214734218,-2.48022889683368275,#ffffff
46.4145196174206,-2.47925522072506022,#ffffff
46.4223146609094,-2.47825702635636347,#ffffff
46.4301065268002,-2.47723432359910056,#ffffff
46.4378951380365,-2.47618712256715368,#ffffff
46.4456804175937,-2.47511543361667474,#ffffff
46.4534622884804,-2.47401926734598776,#ffffff
46.4612406737388,-2.47289863459548132,#ffffff
46.4690154964457,-2.47175354644750156,#ffffff
46.4767866797130,-2.47058401422624341,#ffffff
46.4845541466886,-2.46939004949763774,#ffffff
46.4923178205573,-2.46817166406923816,#ffffff
46.5000776245411,-2.46692886999010241,#ffffff
46.5078334819006,-2.46566167955067561,#ffffff
46.5155853159352,-2.46437010528266587,#ffffff
46.5233330499843,-2.46305415995892352,#ffffff
46.5310766074277,-2.46171385659331188,#ffffff
46.5388159116864,-2.46034920844058025,#ffffff
46.5465508862238,-2.45896022899623246,#ffffff
46.5542814545458,-2.45754693199639318,#ffffff
46.5620075402019,-2.45610933141767296,#ffffff
46.5697290667862,-2.45464744147702874,#ffffff
46.5774459579376,-2.45316127663162353,#ffffff
46.5851581373410,-2.45165085157868390,#ffffff
46.5928655287278,-2.45011618125535557,#ffffff
46.6005680558768,-2.44855728083855295,#ffffff
46.6082656426149,-2.44697416574481164,#ffffff
46.6159582128178,-2.44536685163013479,#ffffff
46.6236456904110,-2.44373535438983858,#ffffff
46.6313279993701,-2.44207969015839454,#ffffff
46.6390050637220,-2.44039987530927149,#ffffff
46.6466768075454,-2.43869592645477118,#ffffff
46.6543431549716,-2.43696786044586622,#ffffff
46.6620040301853,-2.43521569437203222,#ffffff
46.6696593574253,-2.43343944556107905,#ffffff
46.6773090609854,-2.43163913157897982,#ffffff
46.6849530652147,-2.42981477022969727,#ffffff
46.6925912945189,-2.42796637955500572,#ffffff
46.7002236733608,-2.42609397783431691,#ffffff
46.7078501262611,-2.42419758358449400,#ffffff
46.7154705777989,-2.42227721555967257,#ffffff
46.7230849526128,-2.42033289275107322,#ffffff
46.7306931754014,-2.41836463438681371,#ffffff
46.7382951709244,-2.41637245993171978,#ffffff
46.7458908640027,-2.41435638908713202,#ffffff
46.7534801795198,-2.41231644179071125,#ffffff
46.7610630424222,-2.41025263821624103,#ffffff
46.7686393777202,-2.40816499877342816,#ffffff
46.7762091104886,-2.40605354410770156,#ffffff
46.7837721658676,-2.40391829510000754,#ffffff
46.7913284690633,-2.40175927286660240,#ffffff
46.7988779453488,-2.39957649875884638,#ffffff
46.8064205200645,-2.39736999436298825,#ffffff
46.8139561186190,-2.39513978149995665,#ffffff
46.8214846664903,-2.39288588222514020,#ffffff
46.8290060892256,-2.39060831882817215,#ffffff
46.8365203124429,-2.38830711383270833,#ffffff
46.8440272618313,-2.38598228999620510,#ffffff
46.8515268631518,-2.38363387030969420,#ffffff
46.8590190422381,-2.38126187799755584,#ffffff
46.8665037249974,-2.37886633651728729,#ffffff
46.8739808374108,-2.37644726955927288,#ffffff
46.8814503055345,-2.37400470104654993,#ffffff
46.8889120555002,-2.37153865513456896,#ffffff
46.8963660135159,-2.36904915621095924,#ffffff
46.9038121058667,-2.36653622889528448,#ffffff
46.9112502589154,-2.36399989803880040,#ffffff
46.9186803991036,-2.36144018872420824,#ffffff
46.9261024529517,-2.35885712626540878,#ffffff
46.9335163470604,-2.35625073620724956,#ffffff
46.9409220081110,-2.35362104432527319,#ffffff
46.9483193628662,-2.35096807662546325,#ffffff
46.9557083381708,-2.34829185934398499,#ffffff
46.9630888609527,-2.34559241894692949,#ffffff
46.9704608582230,-2.34286978213004771,#ffffff
46.9778242570775,-2.34012397581848930,#ffffff
46.9851789846967,-2.33735502716653576,#ffffff
46.9925249683472,-2.33456296355733084,#ffffff
46.9998621353817,-2.33174781260261099,#ffffff
47.0071904132404,-2.32890960214243181,#ffffff
47.0145097294512,-2.32604836024489314,#ffffff
47.0218200116308,-2.32316411520586019,#ffffff
47.0291211874851,-2.32025689554868553,#ffffff
47.0364131848101,-2.31732673002392620,#ffffff
47.0436959314926,-2.31437364760905862,#ffffff
47.0509693555109,-2.31139767750819258,#ffffff
47.0582333849353,-2.30839884915178306,#ffffff
47.0654879479293,-2.30537719219633930,#ffffff
47.0727329727499,-2.30233273652412951,#ffffff
47.0799683877483,-2.29926551224288733,#ffffff
47.0871941213708,-2.29617554968551385,#ffffff
47.0944101021597,-2.29306287940977693,#ffffff
47.1016162587533,-2.28992753219800926,#ffffff
47.1088125198875,-2.28676953905680458,#ffffff
47.1159988143956,-2.28358893121670903,#ffffff
47.1231750712099,-2.28038574013191608,#ffffff
47.1303412193617,-2.27715999747995124,#ffffff
47.1374971879824,-2.27391173516136114,#ffffff
47.1446429063040,-2.27064098529939828,#ffffff
47.1517783036598,-2.26734778023970174,#ffffff
47.1589033094853,-2.26403215254997914,#ffffff
47.1660178533187,-2.26069413501968342,#ffffff
47.1731218648018,-2.25733376065968816,#ffffff
47.1802152736802,-2.25395106270196255,#ffffff
47.1872980098048,-2.25054607459924183,#ffffff
47.1943700031318,-2.24711883002469603,#ffffff
47.2014311837236,-2.24366936287159868,#ffffff
47.2084814817497,-2.24019770725298972,#ffffff
47.2155208274870,-2.23670389750133936,#ffffff
47.2225491513210,-2.23318796816820697,#ffffff
47.2295663837459,-2.22964995402390231,#ffffff
47.2365724553657,-2.22608989005713909,#ffffff
47.2435672968950,-2.22250781147468857,#ffffff
47.2505508391591,-2.21890375370103499,#ffffff
47.2575230130953,-2.21527775237802071,#ffffff
47.2644837497531,-2.21162984336449675,#ffffff
47.2714329802953,-2.20796006273596790,#ffffff
47.2783706359985,-2.20426844678423395,#ffffff
47.2852966482535,-2.20055503201703306,#ffffff
47.2922109485666,-2.19681985515767986,#ffffff
47.2991134685597,-2.19306295314470168,#ffffff
47.3060041399713,-2.18928436313147490,#ffffff
47.3128828946570,-2.18548412248585455,#ffffff
47.3197496645903,-2.18166226878980973,#ffffff
47.3266043818631,-2.17781883983904478,#ffffff
47.3334469786868,-2.17395387364263382,#ffffff
47.3402773873923,-2.17006740842263746,#ffffff
47.3470955404312,-2.16615948261372981,#ffffff
47.3539013703764,-2.16223013486281568,#ffffff
47.3606948099225,-2.15827940402865037,#ffffff
47.3674757918867,-2.15430732918145251,#ffffff
47.3742442492094,-2.15031394960252076,#ffffff
47.3810001149548,-2.14629930478384479,#ffffff
47.3877433223118,-2.14226343442771139,#ffffff
47.3944738045942,-2.13820637844631767,#ffffff
47.4011914952420,-2.13412817696137003,#ffffff
47.4078963278213,-2.13002887030369337,#ffffff
47.4145882360257,-2.12590849901282608,#ffffff
47.4212671536764,-2.12176710383662570,#ffffff
47.4279330147232,-2.11760472573086123,#ffffff
47.4345857532449,-2.11342140585880855,#ffffff
47.4412253034502,-2.10921718559084592,#ffffff
47.4478515996782,-2.10499210650404223,#ffffff
47.4544645763989,-2.10074621038174758,#ffffff
47.4610641682143,-2.09647953921317853,#ffffff
47.4676503098586,-2.09219213519300418,#ffffff
47.4742229361989,-2.08788404072092826,#ffffff
47.4807819822363,-2.08355529840126996,#ffffff
47.4873273831059,-2.07920595104254247,#ffffff
47.4938590740778,-2.07483604165703017,#ffffff
47.5003769905579,-2.07044561346036149,#ffffff
47.5068810680879,-2.06603470987108517,#ffffff
47.5133712423467,-2.06160337451023601,#ffffff
47.5198474491507,-2.05715165120090804,#ffffff
47.5263096244542,-2.05267958396781847,#ffffff
47.5327577043504,-2.04818721703687290,#ffffff
47.5391916250720,-2.04367459483472791,#ffffff
47.5456113229914,-2.03914176198835184,#ffffff
47.5520167346221,-2.03458876332458427,#ffffff
47.5584077966185,-2.03001564386969102,#ffffff
47.5647844457771,-2.02542244884892009,#ffffff
47.5711466190368,-2.02080922368605354,#ffffff
47.5774942534799,-2.01617601400296031,#ffffff
47.5838272863322,-2.01152286561914195,#ffffff
47.5901456549641,-2.00684982455128180,#ffffff
47.5964492968909,-2.00215693701278941,#ffffff
47.6027381497736,-1.99744424941334286,#ffffff
47.6090121514195,-1.99271180835843009,#ffffff
47.6152712397826,-1.98795966064888940,#ffffff
47.6215153529646,-1.98318785328044389,#ffffff
47.6277444292150,-1.97839643344323868,#ffffff
47.6339584069324,-1.97358544852137463,#ffffff
47.6401572246644,-1.96875494609243784,#ffffff
47.6463408211086,-1.96390497392703023,#ffffff
47.6525091351133,-1.95903557998829791,#ffffff
47.6586621056776,-1.95414681243145472,#ffffff
47.6647996719527,-1.94923871960330808,#ffffff
47.6709217732418,-1.94431135004178035,#ffffff
47.6770283490013,-1.93936475247542806,#ffffff
47.6831193388411,-1.93439897582296028,#ffffff
47.6891946825251,-1.92941406919275549,#ffffff
47.6952543199720,-1.92441008188237550,#ffffff
47.7012981912559,-1.91938706337807763,#ffffff
47.7073262366067,-1.91434506335432619,#ffffff
47.7133383964108,-1.90928413167330002,#ffffff
47.7193346112118,-1.90420431838440019,#ffffff
47.7253148217111,-1.89910567372375505,#ffffff
47.7312789687680,-1.89398824811372357,#ffffff
47.7372269934009,-1.88885209216239569,#ffffff
47.7431588367877,-1.88369725666309251,#ffffff
47.7490744402662,-1.87852379259386515,#ffffff
47.7549737453348,-1.87333175111698846,#ffffff
47.7608566936532,-1.86812118357845547,#ffffff
47.7667232270427,-1.86289214150747218,#ffffff
47.7725732874871,-1.85764467661594379,#ffffff
47.7784068171329,-1.85237884079796711,#ffffff
47.7842237582903,-1.84709468612931493,#ffffff
47.7900240534333,-1.84179226486692205,#ffffff
47.7958076452009,-1.83647162944836850,#ffffff
47.8015744763968,-1.83113283249136027,#ffffff
47.8073244899908,-1.82577592679320988,#ffffff
47.8130576291190,-1.82040096533031348,#ffffff
47.8187738370841,-1.81500800125762729,#ffffff
47.8244730573567,-1.80959708790814267,#ffffff
47.8301552335749,-1.80416827879235653,#ffffff
47.8358203095457,-1.79872162759774490,#ffffff
47.8414682292450,-1.79325718818822999,#ffffff
47.8470989368186,-1.78777501460364796,#ffffff
47.8527123765822,-1.78227516105921469,#ffffff
47.8583084930226,-1.77675768194499062,#ffffff
47.8638872307977,-1.77122263182534101,#ffffff
47.8694485347374,-1.76567006543839722,#ffffff
47.8749923498438,-1.76010003769551537,#ffffff
47.8805186212921,-1.75451260368073392,#ffffff
47.8860272944311,-1.74890781865022715,#ffffff
47.8915183147835,-1.74328573803176146,#ffffff
47.8969916280465,-1.73764641742414461,#ffffff
47.9024471800925,-1.73198991259667645,#ffffff
47.9078849169697,-1.72631627948859889,#ffffff
47.9133047849022,-1.72062557420854123,#ffffff
47.9187067302910,-1.71491785303396527,#ffffff
47.9240906997143,-1.70919317241061020,#ffffff
47.9294566399281,-1.70345158895193260,#ffffff
47.9348044978665,-1.69769315943854759,#ffffff
47.9401342206428,-1.69191794081766744,#ffffff
47.9454457555492,-1.68612599020253695,#ffffff
47.9507390500582,-1.68031736487187078,#ffffff
47.9560140518223,-1.67449212226928568,#ffffff
47.9612707086752,-1.66865032000273272,#ffffff
47.9665089686318,-1.66279201584392711,#ffffff
47.9717287798891,-1.65691726772777770,#ffffff
47.9769300908266,-1.65102613375181373,#ffffff
47.9821128500064,-1.64511867217560970,#ffffff
47.9872770061744,-1.63919494142021027,#ffffff
47.9924225082605,-1.63325500006755098,#ffffff
47.9975493053788,-1.62729890685988132,#ffffff
48.0026573468285,-1.62132672069918193,#ffffff
48.0077465820944,-1.61533850064658147,#ffffff
48.0128169608473,-1.60933430592177484,#ffffff
48.0178684329441,-1.60331419590243551,#ffffff
48.0229009484292,-1.59727823012362946,#ffffff
48.0279144575341,-1.59122646827722658,#ffffff
48.0329089106784,-1.58515897021130869,#ffffff
48.0378842584701,-1.57907579592958003,#ffffff
48.0428404517062,-1.57297700559077169,#ffffff
48.0477774413731,-1.56686265950804815,#ffffff
48.0526951786471,-1.56073281814841014,#ffffff
48.0575936148949,-1.55458754213209716,#ffffff
48.0624727016741,-1.54842689223198704,#ffffff
48.0673323907336,-1.54225092937299668,#ffffff
48.0721726340141,-1.53605971463147695,#ffffff
48.0769933836488,-1.52985330923461116,#ffffff
48.0817945919635,-1.52363177455980825,#ffffff
48.0865762114772,-1.51739517213409592,#ffffff
48.0913381949028,-1.51114356363351310,#ffffff
48.0960804951473,-1.50487701088249848,#ffffff
48.1008030653124,-1.49859557585328029,#ffffff
48.1055058586949,-1.49229932066526283,#ffffff
48.1101888287870,-1.48598830758441247,#ffffff
48.1148519292772,-1.47966259902264174,#ffffff
48.1194951140504,-1.47332225753719204,#ffffff
48.1241183371885,-1.46696734583001587,#ffffff
48.1287215529707,-1.46059792674715472,#ffffff
48.1333047158741,-1.45421406327811953,#ffffff
48.1378677805742,-1.44781581855526720,#ffffff
48.1424107019451,-1.44140325585317530,#ffffff
48.1469334350602,-1.43497643858801838,#ffffff
48.1514359351926,-1.42853543031693841,#ffffff
48.1559181578154,-1.42208029473741804,#ffffff
48.1603800586023,-1.41561109568664967,#ffffff
48.1648215934279,-1.40912789714090447,#ffffff
48.1692427183682,-1.40263076321490088,#ffffff
48.1736433897012,-1.39611975816116707,#ffffff
48.1780235639069,-1.38959494636941017,#ffffff
48.1823831976683,-1.38305639236587607,#ffffff
48.1867222478713,-1.37650416081271287,#ffffff
48.1910406716055,-1.36993831650732978,#ffffff
48.1953384261644,-1.36335892438175943,#ffffff
48.1996154690459,-1.35676604950201174,#ffffff
48.2038717579528,-1.35015975706743463,#ffffff
48.2081072507932,-1.34354011241006499,#ffffff
48.2123219056806,-1.33690718099398653,#ffffff
48.2165156809348,-1.33026102841467919,#ffffff
48.2206885350821,-1.32360172039837254,#ffffff
48.2248404268555,-1.31692932280139474,#ffffff
48.2289713151955,-1.31024390160952220,#ffffff
48.2330811592503,-1.30354552293732584,#ffffff
48.2371699183760,-1.29683425302751787,#ffffff
48.2412375521375,-1.29011015825029629,#ffffff
48.2452840203084,-1.28337330510269054,#ffffff
48.2493092828717,-1.27662376020790003,#ffffff
48.2533133000201,-1.26986159031463930,#ffffff
48.2572960321565,-1.26308686229647482,#ffffff
48.2612574398942,-1.25629964315116593,#ffffff
48.2651974840573,-1.24950000000000006,#ffffff
48.2691161256813,-1.24268800008713187,#ffffff
48.2730133260134,-1.23586371077891499,#ffffff
48.2768890465127,-1.22902719956323803,#ffffff
48.2807432488507,-1.22217853404885668,#ffffff
48.2845758949119,-1.21531778196472473,#ffffff
48.2883869467939,-1.20844501115932434,#ffffff
48.2921763668077,-1.20156028959999506,#ffffff
48.2959441174783,-1.19466368537226253,#ffffff
48.2996901615453,-1.18775526667916376,#ffffff
48.3034144619624,-1.18083510184057361,#ffffff
48.3071169818988,-1.17390325929252870,#ffffff
48.3107976847389,-1.16695980758655105,#ffffff
48.3144565340829,-1.16000481538896949,#ffffff
48.3180934937471,-1.15303835148024092,#ffffff
48.3217085277642,-1.14606048475427102,#ffffff
48.3253016003839,-1.13907128421773107,#ffffff
48.3288726760730,-1.13207081898937711,#ffffff
48.3324217195158,-1.12505915829936609,#ffffff
48.3359486956144,-1.11803637148856927,#ffffff
48.3394535694895,-1.11100252800789123,#ffffff
48.3429363064798,-1.10395769741757777,#ffffff
48.3463968721436,-1.09690194938653018,#ffffff
48.3498352322578,-1.08983535369161699,#ffffff
48.3532513528193,-1.08275798021698355,#ffffff
48.3566452000449,-1.07566989895335974,#ffffff
48.3600167403716,-1.06857117999736939,#ffffff
48.3633659404569,-1.06146189355083576,#ffffff
48.3666927671794,-1.05434210992008826,#ffffff
48.3699971876390,-1.04721189951526683,#ffffff
48.3732791691569,-1.04007133284962516,#ffffff
48.3765386792765,-1.03292048053883456,#ffffff
48.3797756857633,-1.02575941330028342,#ffffff
48.3829901566053,-1.01858820195238153,#ffffff
48.3861820600135,-1.01140691741385558,#ffffff
48.3893513644219,-1.00421563070305031,#ffffff
48.3924980384882,-0.99701441293722559,#ffffff
48.3956220510938,-0.98980333533185305,#ffffff
48.3987233713441,-0.98258246919991210,#ffffff
48.4018019685691,-0.97535188595118416,#ffffff
48.4048578123234,-0.96811165709154723,#ffffff
48.4078908723866,-0.96086185422226755,#ffffff
48.4109011187637,-0.95360254903929298,#ffffff
48.4138885216853,-0.94633381333254274,#ffffff
48.4168530516078,-0.93905571898519824,#ffffff
48.4197946792140,-0.93176833797299108,#ffffff
48.4227133754130,-0.92447174236349394,#ffffff
48.4256091113407,-0.91716600431540440,#ffffff
48.4284818583602,-0.90985119607783327,#ffffff
48.4313315880618,-0.90252738998958981,#ffffff
48.4341582722635,-0.89519465847846669,#ffffff
48.4369618830112,-0.88785307406052283,#ffffff
48.4397423925790,-0.88050270933936714,#ffffff
48.4424997734693,-0.87314363700543995,#ffffff
48.4452339984135,-0.86577592983529450,#ffffff
48.4479450403718,-0.85839966069087692,#ffffff
48.4506328725337,-0.85101490251880585,#ffffff
48.4532974683182,-0.84362172834965132,#ffffff
48.4559388013743,-0.83622021129721136,#ffffff
48.4585568455807,-0.82881042455779153,#ffffff
48.4611515750467,-0.82139244140947765,#ffffff
48.4637229641121,-0.81396633521141348,#ffffff
48.4662709873474,-0.80653217940307464,#ffffff
48.4687956195544,-0.79909004750354207,#ffffff
48.4712968357659,-0.79164001311077548,#ffffff
48.4737746112467,-0.78418214990088475,#ffffff
48.4762289214930,-0.77671653162740251,#ffffff
48.4786597422333,-0.76924323212055312,#ffffff
48.4810670494282,-0.76176232528652443,#ffffff
48.4834508192712,-0.75427388510673510,#ffffff
48.4858110281881,-0.74677798563710440,#ffffff
48.4881476528381,-0.73927470100731851,#ffffff
48.4904606701134,-0.73176410542009940,#ffffff
48.4927500571397,-0.72424627315046874,#ffffff
48.4950157912764,-0.71672127854501455,#ffffff
48.4972578501169,-0.70918919602115615,#ffffff
48.4994762114886,-0.70165010006640738,#ffffff
48.5016708534534,-0.69410406523764068,#ffffff
48.5038417543076,-0.68655116616034984,#ffffff
48.5059888925823,-0.67899147752791134,#ffffff
48.5081122470439,-0.67142507410084606,#ffffff
48.5102117966936,-0.66385203070608023,#ffffff
48.5122875207682,-0.65627242223620497,#ffffff
48.5143393987401,-0.64868632364873557,#ffffff
48.5163674103175,-0.64109380996537058,#ffffff
48.5183715354448,-0.63349495627125041,#ffffff
48.5203517543024,-0.62588983771421369,#ffffff
48.5223080473071,-0.61827852950405415,#ffffff
48.5242403951126,-0.61066110691177777,#ffffff
48.5261487786090,-0.60303764526885772,#ffffff
48.5280331789237,-0.59540821996648963,#ffffff
48.5298935774211,-0.58777290645484581,#ffffff
48.5317299557032,-0.58013178024232925,#ffffff
48.5335422956093,-0.57248491689482695,#ffffff
48.5353305792164,-0.56483239203496260,#ffffff
48.5370947888397,-0.55717428134134839,#ffffff
48.5388349070321,-0.54951066054783659,#ffffff
48.5405509165851,-0.54184160544277227,#ffffff
48.5422428005284,-0.53416719186824080,#ffffff
48.5439105421303,-0.52648749571932019,#ffffff
48.5455541248979,-0.51880259294332942,#ffffff
48.5471735325772,-0.51111255953907797,#ffffff
48.5487687491534,-0.50341747155611383,#ffffff
48.5503397588507,-0.49571740509397144,#ffffff
48.5518865461329,-0.48801243630141966,#ffffff
48.5534090957031,-0.48030264137570794,#ffffff
48.5549073925045,-0.47258809656181322,#ffffff
48.5563814217196,-0.46486887815168576,#ffffff
48.5578311687715,-0.45714506248349474,#ffffff
48.5592566193228,-0.44941672594087295,#ffffff
48.5606577592770,-0.44168394495216301,#ffffff
48.5620345747775,-0.43394679598965896,#ffffff
48.5633870522086,-0.42620535556885186,#ffffff
48.5647151781950,-0.41845970024767248,#ffffff
48.5660189396026,-0.41070990662573426,#ffffff
48.5672983235378,-0.40295605134357576,#ffffff
48.5685533173485,-0.39519821108190301,#ffffff
48.5697839086235,-0.38743646256083075,#ffffff
48.5709900851930,-0.37967088253912390,#ffffff
48.5721718351288,-0.37190154781343865,#ffffff
48.5733291467441,-0.36412853521756283,#ffffff
48.5744620085937,-0.35635192162165591,#ffffff
48.5755704094745,-0.34857178393148841,#ffffff
48.5766543384250,-0.34078819908768371,#ffffff
48.5777137847259,-0.33300124406495368,#ffffff
48.5787487378999,-0.32521099587133967,#ffffff
48.5797591877119,-0.31741753154745017,#ffffff
48.5807451241694,-0.30962092816569942,#ffffff
48.5817065375219,-0.30182126282954491,#ffffff
48.5826434182618,-0.29401861267272489,#ffffff
48.5835557571238,-0.28621305485849546,#ffffff
48.5844435450856,-0.27840466657886781,#ffffff
48.5853067733674,-0.27059352505384454,#ffffff
48.5861454334324,-0.26277970753065610,#ffffff
48.5869595169870,-0.25496329128299677,#ffffff
48.5877490159802,-0.24714435361026024,#ffffff
48.5885139226045,-0.23932297183677698,#ffffff
48.5892542292954,-0.23149922331104639,#ffffff
48.5899699287317,-0.22367318540497422,#ffffff
48.5906610138357,-0.21584493551310663,#ffffff
48.5913274777729,-0.20801455105186500,#ffffff
48.5919693139524,-0.20018210945878018,#ffffff
48.5925865160269,-0.19234768819172679,#ffffff
48.5931790778927,-0.18451136472815713,#ffffff
48.5937469936897,-0.17667321656433507,#ffffff
48.5942902578015,-0.16883332121456954,#ffffff
48.5948088648556,-0.16099175621044806,#ffffff
48.5953028097233,-0.15314859910006948,#ffffff
48.5957720875199,-0.14530392744727913,#ffffff
48.5962166936044,-0.13745781883089858,#ffffff
48.5966366235801,-0.12961035084396061,#ffffff
48.5970318732939,-0.12176160109294133,#ffffff
48.5974024388373,-0.11391164719699270,#ffffff
48.5977483165455,-0.10606056678717486,#ffffff
48.5980695029980,-0.09820843750568846,#ffffff
48.5983659950185,-0.09035533700510687,#ffffff
48.5986377896748,-0.08250134294760812,#ffffff
48.5988848842792,-0.07464653300420707,#ffffff
48.5991072763879,-0.06679098485398706,#ffffff
48.5993049638017,-0.05893477618333191,#ffffff
48.5994779445655,-0.05107798468515694,#ffffff
48.5996262169688,-0.04322068805814298,#ffffff
48.5997497795451,-0.03536296400596458,#ffffff
48.5998486310725,-0.02750489023652382,#ffffff
48.5999227705735,-0.01964654446118124,#ffffff
48.5999721973148,-0.01178800439398738,#ffffff
48.5999969108077,-0.00392934775091416,#ffffff
48.5999969108077, 0.00392934775091360,#ffffff
48.5999721973148, 0.01178800439398682,#ffffff
48.5999227705735, 0.01964654446118069,#ffffff
48.5998486310725, 0.02750489023652326,#ffffff
48.5997497795451, 0.03536296400596402,#ffffff
48.5996262169688, 0.04322068805814242,#ffffff
48.5994779445655, 0.05107798468515694,#ffffff
48.5993049638017, 0.05893477618333135,#ffffff
48.5991072763879, 0.06679098485398650,#ffffff
48.5988848842792, 0.07464653300420651,#ffffff
48.5986377896748, 0.08250134294760757,#ffffff
48.5983659950185, 0.09035533700510631,#ffffff
48.5980695029980, 0.09820843750568790,#ffffff
48.5977483165455, 0.10606056678717431,#ffffff
48.5974024388373, 0.11391164719699215,#ffffff
48.5970318732939, 0.12176160109294079,#ffffff
48.5966366235801, 0.12961035084396005,#ffffff
48.5962166936044, 0.13745781883089803,#ffffff
48.5957720875199, 0.14530392744727857,#ffffff
48.5953028097233, 0.15314859910006948,#ffffff
48.5948088648556, 0.16099175621044751,#ffffff
48.5942902578015, 0.16883332121456898,#ffffff
48.5937469936897, 0.17667321656433452,#ffffff
48.5931790778927, 0.18451136472815657,#ffffff
48.5925865160269, 0.19234768819172623,#ffffff
48.5919693139524, 0.20018210945877962,#ffffff
48.5913274777729, 0.20801455105186445,#ffffff
48.5906610138357, 0.21584493551310607,#ffffff
48.5899699287317, 0.22367318540497366,#ffffff
48.5892542292954, 0.23149922331104583,#ffffff
48.5885139226045, 0.23932297183677642,#ffffff
48.5877490159802, 0.24714435361025969,#ffffff
48.5869595169870, 0.25496329128299622,#ffffff
48.5861454334324, 0.26277970753065555,#ffffff
48.5853067733674, 0.27059352505384399,#ffffff
48.5844435450856, 0.27840466657886731,#ffffff
48.5835557571238, 0.28621305485849491,#ffffff
48.5826434182618, 0.29401861267272433,#ffffff
48.5817065375219, 0.30182126282954441,#ffffff
48.5807451241694, 0.30962092816569886,#ffffff
48.5797591877119, 0.31741753154744962,#ffffff
48.5787487378999, 0.32521099587133911,#ffffff
48.5777137847259, 0.33300124406495313,#ffffff
48.5766543384250, 0.34078819908768315,#ffffff
48.5755704094745, 0.34857178393148786,#ffffff
48.5744620085937, 0.35635192162165535,#ffffff
48.5733291467441, 0.36412853521756228,#ffffff
48.5721718351288, 0.37190154781343815,#ffffff
48.5709900851930, 0.37967088253912340,#ffffff
48.5697839086235, 0.38743646256083020,#ffffff
48.5685533173485, 0.39519821108190251,#ffffff
48.5672983235378, 0.40295605134357521,#ffffff
48.5660189396026, 0.41070990662573370,#ffffff
48.5647151781950, 0.41845970024767193,#ffffff
48.5633870522086, 0.42620535556885136,#ffffff
48.5620345747775, 0.43394679598965841,#ffffff
48.5606577592770, 0.44168394495216245,#ffffff
48.5592566193228, 0.44941672594087295,#ffffff
48.5578311687715, 0.45714506248349424,#ffffff
48.5563814217196, 0.46486887815168521,#ffffff
48.5549073925045, 0.47258809656181267,#ffffff
48.5534090957031, 0.48030264137570744,#ffffff
48.5518865461329, 0.48801243630141911,#ffffff
48.5503397588507, 0.49571740509397089,#ffffff
48.5487687491534, 0.50341747155611327,#ffffff
48.5471735325772, 0.51111255953907742,#ffffff
48.5455541248979, 0.51880259294332887,#ffffff
48.5439105421303, 0.52648749571931963,#ffffff
48.5422428005284, 0.53416719186824035,#ffffff
48.5405509165851, 0.54184160544277171,#ffffff
48.5388349070321, 0.54951066054783659,#ffffff
48.5370947888397, 0.55717428134134783,#ffffff
48.5353305792164, 0.56483239203496205,#ffffff
48.5335422956093, 0.57248491689482639,#ffffff
48.5317299557032, 0.58013178024232870,#ffffff
48.5298935774211, 0.58777290645484526,#ffffff
48.5280331789237, 0.59540821996648907,#ffffff
48.5261487786090, 0.60303764526885717,#ffffff
48.5242403951126, 0.61066110691177722,#ffffff
48.5223080473071, 0.61827852950405360,#ffffff
48.5203517543024, 0.62588983771421314,#ffffff
48.5183715354448, 0.63349495627124985,#ffffff
48.5163674103175, 0.64109380996537002,#ffffff
48.5143393987401, 0.64868632364873513,#ffffff
48.5122875207682, 0.65627242223620441,#ffffff
48.5102117966936, 0.66385203070607979,#ffffff
48.5081122470439, 0.67142507410084562,#ffffff
48.5059888925823, 0.67899147752791078,#ffffff
48.5038417543076, 0.68655116616034939,#ffffff
48.5016708534534, 0.69410406523764012,#ffffff
48.4994762114886, 0.70165010006640682,#ffffff
48.4972578501169, 0.70918919602115560,#ffffff
48.4950157912764, 0.71672127854501422,#ffffff
48.4927500571397, 0.72424627315046819,#ffffff
48.4904606701134, 0.73176410542009884,#ffffff
48.4881476528381, 0.73927470100731796,#ffffff
48.4858110281881, 0.74677798563710385,#ffffff
48.4834508192712, 0.75427388510673454,#ffffff
48.4810670494282, 0.76176232528652388,#ffffff
48.4786597422333, 0.76924323212055268,#ffffff
48.4762289214930, 0.77671653162740195,#ffffff
48.4737746112467, 0.78418214990088431,#ffffff
48.4712968357659, 0.79164001311077492,#ffffff
48.4687956195544, 0.79909004750354162,#ffffff
48.4662709873474, 0.80653217940307420,#ffffff
48.4637229641121, 0.81396633521141293,#ffffff
48.4611515750467, 0.82139244140947709,#ffffff
48.4585568455807, 0.82881042455779097,#ffffff
48.4559388013743, 0.83622021129721136,#ffffff
48.4532974683182, 0.84362172834965077,#ffffff
48.4506328725337, 0.85101490251880529,#ffffff
48.4479450403718, 0.85839966069087636,#ffffff
48.4452339984135, 0.86577592983529394,#ffffff
48.4424997734693, 0.87314363700543940,#ffffff
48.4397423925790, 0.88050270933936658,#ffffff
48.4369618830112, 0.88785307406052227,#ffffff
48.4341582722635, 0.89519465847846613,#ffffff
48.4313315880618, 0.90252738998958937,#ffffff
48.4284818583602, 0.90985119607783271,#ffffff
48.4256091113407, 0.91716600431540385,#ffffff
48.4227133754130, 0.92447174236349361,#ffffff
48.4197946792140, 0.93176833797299108,#ffffff
48.4168530516078, 0.93905571898519768,#ffffff
48.4138885216853, 0.94633381333254230,#ffffff
48.4109011187637, 0.95360254903929254,#ffffff
48.4078908723866, 0.96086185422226711,#ffffff
48.4048578123234, 0.96811165709154667,#ffffff
48.4018019685691, 0.97535188595118383,#ffffff
48.3987233713441, 0.98258246919991166,#ffffff
48.3956220510938, 0.98980333533185261,#ffffff
48.3924980384882, 0.99701441293722504,#ffffff
48.3893513644219, 1.00421563070304964,#ffffff
48.3861820600135, 1.01140691741385491,#ffffff
48.3829901566053, 1.01858820195238109,#ffffff
48.3797756857633, 1.02575941330028342,#ffffff
48.3765386792765, 1.03292048053883412,#ffffff
48.3732791691569, 1.04007133284962472,#ffffff
48.3699971876390, 1.04721189951526572,#ffffff
48.3666927671794, 1.05434210992008759,#ffffff
48.3633659404569, 1.06146189355083465,#ffffff
48.3600167403716, 1.06857117999736895,#ffffff
48.3566452000449, 1.07566989895335974,#ffffff
48.3532513528193, 1.08275798021698311,#ffffff
48.3498352322578, 1.08983535369161699,#ffffff
48.3463968721436, 1.09690194938652974,#ffffff
48.3429363064798, 1.10395769741757777,#ffffff
48.3394535694895, 1.11100252800789101,#ffffff
48.3359486956144, 1.11803637148856927,#ffffff
48.3324217195158, 1.12505915829936498,#ffffff
48.3288726760730, 1.13207081898937667,#ffffff
48.3253016003839, 1.13907128421773018,#ffffff
48.3217085277642, 1.14606048475427036,#ffffff
48.3180934937471, 1.15303835148024003,#ffffff
48.3144565340829, 1.16000481538896882,#ffffff
48.3107976847389, 1.16695980758655105,#ffffff
48.3071169818988, 1.17390325929252826,#ffffff
48.3034144619624, 1.18083510184057361,#ffffff
48.2996901615453, 1.18775526667916331,#ffffff
48.2959441174783, 1.19466368537226253,#ffffff
48.2921763668077, 1.20156028959999439,#ffffff
48.2883869467939, 1.20844501115932390,#ffffff
48.2845758949119, 1.21531778196472384,#ffffff
48.2807432488507, 1.22217853404885646,#ffffff
48.2768890465127, 1.22902719956323714,#ffffff
48.2730133260134, 1.23586371077891455,#ffffff
48.2691161256813, 1.24268800008713098,#ffffff
48.2651974840573, 1.24949999999999961,#ffffff
48.2612574398942, 1.25629964315116593,#ffffff
48.2572960321565, 1.26308686229647438,#ffffff
48.2533133000201, 1.26986159031463930,#ffffff
48.2493092828717, 1.27662376020789980,#ffffff
48.2452840203084, 1.28337330510269054,#ffffff
48.2412375521375, 1.29011015825029585,#ffffff
48.2371699183760, 1.29683425302751743,#ffffff
48.2330811592503, 1.30354552293732473,#ffffff
48.2289713151955, 1.31024390160952175,#ffffff
48.2248404268555, 1.31692932280139385,#ffffff
48.2206885350821, 1.32360172039837209,#ffffff
48.2165156809348, 1.33026102841467830,#ffffff
48.2123219056806, 1.33690718099398609,#ffffff
48.2081072507932, 1.34354011241006499,#ffffff
48.2038717579528, 1.35015975706743419,#ffffff
48.1996154690459, 1.35676604950201174,#ffffff
48.1953384261644, 1.36335892438175876,#ffffff
48.1910406716055, 1.36993831650732978,#ffffff
48.1867222478713, 1.37650416081271199,#ffffff
48.1823831976683, 1.38305639236587585,#ffffff
48.1780235639069, 1.38959494636940972,#ffffff
48.1736433897012, 1.39611975816116662,#ffffff
48.1692427183682, 1.40263076321489977,#ffffff
48.1648215934279, 1.40912789714090425,#ffffff
48.1603800586023, 1.41561109568664856,#ffffff
48.1559181578154, 1.42208029473741737,#ffffff
48.1514359351926, 1.42853543031693841,#ffffff
48.1469334350602, 1.43497643858801793,#ffffff
48.1424107019451, 1.44140325585317530,#ffffff
48.1378677805742, 1.44781581855526653,#ffffff
48.1333047158741, 1.45421406327811931,#ffffff
48.1287215529707, 1.46059792674715427,#ffffff
48.1241183371885, 1.46696734583001565,#ffffff
48.1194951140504, 1.47332225753719159,#ffffff
48.1148519292772, 1.47966259902264152,#ffffff
48.1101888287870, 1.48598830758441158,#ffffff
48.1055058586949, 1.49229932066526239,#ffffff
48.1008030653124, 1.49859557585328029,#ffffff
48.0960804951473, 1.50487701088249803,#ffffff
48.0913381949028, 1.51114356363351310,#ffffff
48.0865762114772, 1.51739517213409547,#ffffff
48.0817945919635, 1.52363177455980781,#ffffff
48.0769933836488, 1.52985330923461049,#ffffff
48.0721726340141, 1.53605971463147672,#ffffff
48.0673323907336, 1.54225092937299602,#ffffff
48.0624727016741, 1.54842689223198704,#ffffff
48.0575936148949, 1.55458754213209649,#ffffff
48.0526951786471, 1.56073281814840992,#ffffff
48.0477774413731, 1.56686265950804726,#ffffff
48.0428404517062, 1.57297700559077147,#ffffff
48.0378842584701, 1.57907579592958003,#ffffff
48.0329089106784, 1.58515897021130825,#ffffff
48.0279144575341, 1.59122646827722658,#ffffff
48.0229009484292, 1.59727823012362902,#ffffff
48.0178684329441, 1.60331419590243529,#ffffff
48.0128169608473, 1.60933430592177418,#ffffff
48.0077465820944, 1.61533850064658102,#ffffff
48.0026573468285, 1.62132672069918105,#ffffff
47.9975493053788, 1.62729890685988132,#ffffff
47.9924225082605, 1.63325500006755053,#ffffff
47.9872770061744, 1.63919494142020961,#ffffff
47.9821128500064, 1.64511867217560881,#ffffff
47.9769300908266, 1.65102613375181306,#ffffff
47.9717287798891, 1.65691726772777770,#ffffff
47.9665089686318, 1.66279201584392666,#ffffff
47.9612707086752, 1.66865032000273272,#ffffff
47.9560140518223, 1.67449212226928523,#ffffff
47.9507390500582, 1.68031736487187078,#ffffff
47.9454457555492, 1.68612599020253628,#ffffff
47.9401342206428, 1.69191794081766700,#ffffff
47.9348044978665, 1.69769315943854715,#ffffff
47.9294566399281, 1.70345158895193260,#ffffff
47.9240906997143, 1.70919317241060975,#ffffff
47.9187067302910, 1.71491785303396505,#ffffff
47.9133047849022, 1.72062557420854034,#ffffff
47.9078849169697, 1.72631627948859845,#ffffff
47.9024471800925, 1.73198991259667645,#ffffff
47.8969916280465, 1.73764641742414416,#ffffff
47.8915183147835, 1.74328573803176146,#ffffff
47.8860272944311, 1.74890781865022693,#ffffff
47.8805186212921, 1.75451260368073370,#ffffff
47.8749923498438, 1.76010003769551493,#ffffff
47.8694485347374, 1.76567006543839677,#ffffff
47.8638872307977, 1.77122263182534034,#ffffff
47.8583084930226, 1.77675768194499062,#ffffff
47.8527123765822, 1.78227516105921424,#ffffff
47.8470989368186, 1.78777501460364729,#ffffff
47.8414682292450, 1.79325718818822910,#ffffff
47.8358203095457, 1.79872162759774468,#ffffff
47.8301552335749, 1.80416827879235653,#ffffff
47.8244730573567, 1.80959708790814244,#ffffff
47.8187738370841, 1.81500800125762729,#ffffff
47.8130576291190, 1.82040096533031304,#ffffff
47.8073244899908, 1.82577592679320988,#ffffff
47.8015744763968, 1.83113283249135983,#ffffff
47.7958076452009, 1.83647162944836850,#ffffff
47.7900240534333, 1.84179226486692160,#ffffff
47.7842237582903, 1.84709468612931471,#ffffff
47.7784068171329, 1.85237884079796644,#ffffff
47.7725732874871, 1.85764467661594357,#ffffff
47.7667232270427, 1.86289214150747129,#ffffff
47.7608566936532, 1.86812118357845525,#ffffff
47.7549737453348, 1.87333175111698846,#ffffff
47.7490744402662, 1.87852379259386493,#ffffff
47.7431588367877, 1.88369725666309251,#ffffff
47.7372269934009, 1.88885209216239525,#ffffff
47.7312789687680, 1.89398824811372335,#ffffff
47.7253148217111, 1.89910567372375461,#ffffff
47.7193346112118, 1.90420431838440019,#ffffff
47.7133383964108, 1.90928413167329936,#ffffff
47.7073262366067, 1.91434506335432597,#ffffff
47.7012981912559, 1.91938706337807719,#ffffff
47.6952543199720, 1.92441008188237528,#ffffff
47.6891946825251, 1.92941406919275482,#ffffff
47.6831193388411, 1.93439897582296005,#ffffff
47.6770283490013, 1.93936475247542806,#ffffff
47.6709217732418, 1.94431135004178013,#ffffff
47.6647996719527, 1.94923871960330808,#ffffff
47.6586621056776, 1.95414681243145427,#ffffff
47.6525091351133, 1.95903557998829769,#ffffff
47.6463408211086, 1.96390497392703001,#ffffff
47.6401572246644, 1.96875494609243762,#ffffff
47.6339584069324, 1.97358544852137441,#ffffff
47.6277444292150, 1.97839643344323868,#ffffff
47.6215153529646, 1.98318785328044300,#ffffff
47.6152712397826, 1.98795966064888918,#ffffff
47.6090121514195, 1.99271180835842965,#ffffff
47.6027381497736, 1.99744424941334264,#ffffff
47.5964492968909, 2.00215693701278941,#ffffff
47.5901456549641, 2.00684982455128136,#ffffff
47.5838272863322, 2.01152286561914195,#ffffff
47.5774942534799, 2.01617601400295987,#ffffff
47.5711466190368, 2.02080922368605354,#ffffff
47.5647844457771, 2.02542244884891964,#ffffff
47.5584077966185, 2.03001564386969102,#ffffff
47.5520167346221, 2.03458876332458383,#ffffff
47.5456113229914, 2.03914176198835184,#ffffff
47.5391916250720, 2.04367459483472702,#ffffff
47.5327577043504, 2.04818721703687245,#ffffff
47.5263096244542, 2.05267958396781802,#ffffff
47.5198474491507, 2.05715165120090804,#ffffff
47.5133712423467, 2.06160337451023601,#ffffff
47.5068810680879, 2.06603470987108473,#ffffff
47.5003769905579, 2.07044561346036149,#ffffff
47.4938590740778, 2.07483604165702928,#ffffff
47.4873273831059, 2.07920595104254247,#ffffff
47.4807819822363, 2.08355529840126952,#ffffff
47.4742229361989, 2.08788404072092826,#ffffff
47.4676503098586, 2.09219213519300373,#ffffff
47.4610641682143, 2.09647953921317853,#ffffff
47.4544645763989, 2.10074621038174714,#ffffff
47.4478515996782, 2.10499210650404223,#ffffff
47.4412253034502, 2.10921718559084548,#ffffff
47.4345857532449, 2.11342140585880811,#ffffff
47.4279330147232, 2.11760472573086123,#ffffff
47.4212671536764, 2.12176710383662570,#ffffff
47.4145882360257, 2.12590849901282608,#ffffff
47.4078963278213, 2.13002887030369292,#ffffff
47.4011914952420, 2.13412817696137003,#ffffff
47.3944738045942, 2.13820637844631722,#ffffff
47.3877433223118, 2.14226343442771139,#ffffff
47.3810001149548, 2.14629930478384434,#ffffff
47.3742442492094, 2.15031394960252076,#ffffff
47.3674757918867, 2.15430732918145207,#ffffff
47.3606948099225, 2.15827940402864993,#ffffff
47.3539013703764, 2.16223013486281523,#ffffff
47.3470955404312, 2.16615948261372981,#ffffff
47.3402773873923, 2.17006740842263746,#ffffff
47.3334469786868, 2.17395387364263337,#ffffff
47.3266043818631, 2.17781883983904478,#ffffff
47.3197496645903, 2.18166226878980885,#ffffff
47.3128828946570, 2.18548412248585455,#ffffff
47.3060041399713, 2.18928436313147401,#ffffff
47.2991134685597, 2.19306295314470168,#ffffff
47.2922109485666, 2.19681985515767941,#ffffff
47.2852966482535, 2.20055503201703262,#ffffff
47.2783706359985, 2.20426844678423350,#ffffff
47.2714329802953, 2.20796006273596745,#ffffff
47.2644837497531, 2.21162984336449675,#ffffff
47.2575230130953, 2.21527775237802027,#ffffff
47.2505508391591, 2.21890375370103499,#ffffff
47.2435672968950, 2.22250781147468857,#ffffff
47.2365724553657, 2.22608989005713909,#ffffff
47.2295663837459, 2.22964995402390231,#ffffff
47.2225491513210, 2.23318796816820697,#ffffff
47.2155208274870, 2.23670389750133891,#ffffff
47.2084814817497, 2.24019770725298972,#ffffff
47.2014311837236, 2.24366936287159868,#ffffff
47.1943700031318, 2.24711883002469603,#ffffff
47.1872980098048, 2.25054607459924139,#ffffff
47.1802152736802, 2.25395106270196210,#ffffff
47.1731218648018, 2.25733376065968816,#ffffff
47.1660178533187, 2.26069413501968342,#ffffff
47.1589033094853, 2.26403215254997914,#ffffff
47.1517783036598, 2.26734778023970174,#ffffff
47.1446429063040, 2.27064098529939828,#ffffff
47.1374971879824, 2.27391173516136069,#ffffff
47.1303412193617, 2.27715999747995124,#ffffff
47.1231750712099, 2.28038574013191608,#ffffff
47.1159988143956, 2.28358893121670903,#ffffff
47.1088125198875, 2.28676953905680413,#ffffff
47.1016162587533, 2.28992753219800926,#ffffff
47.0944101021597, 2.29306287940977649,#ffffff
47.0871941213708, 2.29617554968551385,#ffffff
47.0799683877483, 2.29926551224288733,#ffffff
47.0727329727499, 2.30233273652412906,#ffffff
47.0654879479293, 2.30537719219633930,#ffffff
47.0582333849353, 2.30839884915178306,#ffffff
47.0509693555109, 2.31139767750819258,#ffffff
47.0436959314926, 2.31437364760905817,#ffffff
47.0364131848101, 2.31732673002392620,#ffffff
47.0291211874851, 2.32025689554868553,#ffffff
47.0218200116308, 2.32316411520586019,#ffffff
47.0145097294512, 2.32604836024489225,#ffffff
47.0071904132404, 2.32890960214243137,#ffffff
46.9998621353817, 2.33174781260261055,#ffffff
46.9925249683472, 2.33456296355733040,#ffffff
46.9851789846967, 2.33735502716653576,#ffffff
46.9778242570775, 2.34012397581848930,#ffffff
46.9704608582230, 2.34286978213004771,#ffffff
46.9630888609527, 2.34559241894692949,#ffffff
46.9557083381708, 2.34829185934398499,#ffffff
46.9483193628662, 2.35096807662546237,#ffffff
46.9409220081110, 2.35362104432527319,#ffffff
46.9335163470604, 2.35625073620724912,#ffffff
46.9261024529517, 2.35885712626540878,#ffffff
46.9186803991036, 2.36144018872420824,#ffffff
46.9112502589154, 2.36399989803879995,#ffffff
46.9038121058667, 2.36653622889528403,#ffffff
46.8963660135159, 2.36904915621095924,#ffffff
46.8889120555002, 2.37153865513456896,#ffffff
46.8814503055345, 2.37400470104654948,#ffffff
46.8739808374108, 2.37644726955927288,#ffffff
46.8665037249974, 2.37886633651728685,#ffffff
46.8590190422381, 2.38126187799755584,#ffffff
46.8515268631518, 2.38363387030969420,#ffffff
46.8440272618313, 2.38598228999620510,#ffffff
46.8365203124429, 2.38830711383270833,#ffffff
46.8290060892256, 2.39060831882817215,#ffffff
46.8214846664903, 2.39288588222513976,#ffffff
46.8139561186191, 2.39513978149995621,#ffffff
46.8064205200645, 2.39736999436298781,#ffffff
46.7988779453488, 2.39957649875884593,#ffffff
46.7913284690633, 2.40175927286660240,#ffffff
46.7837721658676, 2.40391829510000710,#ffffff
46.7762091104886, 2.40605354410770156,#ffffff
46.7686393777202, 2.40816499877342816,#ffffff
46.7610630424222, 2.41025263821624103,#ffffff
46.7534801795198, 2.41231644179071125,#ffffff
46.7458908640027, 2.41435638908713202,#ffffff
46.7382951709244, 2.41637245993171978,#ffffff
46.7306931754014, 2.41836463438681371,#ffffff
46.7230849526128, 2.42033289275107277,#ffffff
46.7154705777989, 2.42227721555967257,#ffffff
46.7078501262611, 2.42419758358449400,#ffffff
46.7002236733608, 2.42609397783431691,#ffffff
46.6925912945189, 2.42796637955500572,#ffffff
46.6849530652147, 2.42981477022969683,#ffffff
46.6773090609854, 2.43163913157897982,#ffffff
46.6696593574253, 2.43343944556107905,#ffffff
46.6620040301853, 2.43521569437203222,#ffffff
46.6543431549716, 2.43696786044586577,#ffffff
46.6466768075454, 2.43869592645477118,#ffffff
46.6390050637220, 2.44039987530927149,#ffffff
46.6313279993701, 2.44207969015839454,#ffffff
46.6236456904110, 2.44373535438983813,#ffffff
46.6159582128178, 2.44536685163013479,#ffffff
46.6082656426149, 2.44697416574481164,#ffffff
46.6005680558768, 2.44855728083855295,#ffffff
46.5928655287278, 2.45011618125535557,#ffffff
46.5851581373410, 2.45165085157868390,#ffffff
46.5774459579376, 2.45316127663162353,#ffffff
46.5697290667862, 2.45464744147702829,#ffffff
46.5620075402019, 2.45610933141767296,#ffffff
46.5542814545458, 2.45754693199639318,#ffffff
46.5465508862238, 2.45896022899623246,#ffffff
46.5388159116864, 2.46034920844057980,#ffffff
46.5310766074277, 2.46171385659331188,#ffffff
46.5233330499843, 2.46305415995892307,#ffffff
46.5155853159352, 2.46437010528266587,#ffffff
46.5078334819006, 2.46566167955067561,#ffffff
46.5000776245411, 2.46692886999010241,#ffffff
46.4923178205573, 2.46817166406923816,#ffffff
46.4845541466886, 2.46939004949763774,#ffffff
46.4767866797130, 2.47058401422624341,#ffffff
46.4690154964457, 2.47175354644750156,#ffffff
46.4612406737388, 2.47289863459548132,#ffffff
46.4534622884804, 2.47401926734598776,#ffffff
46.4456804175937, 2.47511543361667474,#ffffff
46.4378951380365, 2.47618712256715323,#ffffff
46.4301065268002, 2.47723432359910056,#ffffff
46.4223146609094, 2.47825702635636302,#ffffff
46.4145196174206, 2.47925522072505977,#ffffff
46.4067214734218, 2.48022889683368275,#ffffff
46.3989203060317, 2.48117804505319217,#ffffff
46.3911161923989, 2.48210265599711555,#ffffff
46.3833092097013, 2.48300272052163784,#ffffff
46.3754994351447, 2.48387822972569206,#ffffff
46.3676869459630, 2.48472917495104761,#ffffff
46.3598718194168, 2.48555554778239740,#ffffff
46.3520541327926, 2.48635734004743814,#ffffff
46.3442339634024, 2.48713454381695387,#ffffff
46.3364113885827, 2.48788715140489192,#ffffff
46.3285864856939, 2.48861515536844191,#ffffff
46.3207593321192, 2.48931854850810641,#ffffff
46.3129300052643, 2.48999732386777373,#ffffff
46.3050985825562, 2.49065147473478721,#ffffff
46.2972651414426, 2.49128099464000918,#ffffff
46.2894297593914, 2.49188587735788802,#ffffff
46.2815925138895, 2.49246611690651765,#ffffff
46.2737534824424, 2.49302170754769703,#ffffff
46.2659127425729, 2.49355264378698793,#ffffff
46.2580703718212, 2.49405892037376731,#ffffff
46.2502264477431, 2.49454053230128192,#ffffff
46.2423810479103, 2.49499747480669543,#ffffff
46.2345342499086, 2.49542974337113632,#ffffff
46.2266861313380, 2.49583733371974281,#ffffff
46.2188367698114, 2.49622024182170543,#ffffff
46.2109862429539, 2.49657846389030569,#ffffff
46.2031346284023, 2.49691199638295558,#ffffff
46.1952820038041, 2.49722083600123002,#ffffff
46.1874284468167, 2.49750497969090102,#ffffff
46.1795740351069, 2.49776442464196835,#ffffff
46.1717188463497, 2.49799916828868618,#ffffff
46.1638629582281, 2.49820920830958793,#ffffff
46.1560064484316, 2.49839454262751248,#ffffff
46.1481493946564, 2.49855516940962064,#ffffff
46.1402918746035, 2.49869108706741505,#ffffff
46.1324339659790, 2.49880229425675671,#ffffff
46.1245757464925, 2.49888878987787688,#ffffff
46.1167172938569, 2.49895057307538959,#ffffff
46.1088586857871, 2.49898764323829736,#ffffff
46.1010000000000, 2.49900000000000011,#ffffff
46.1010000000000, 2.49900000000000011,#ffffff
46.1010000000000, 2.60000000000000009,#ffffff
46.1010000000000, 2.60000000000000009,#ffffff
46.1010000000000, 2.60000000000000009,#ffffff
46.0928236962599, 2.59998714382535967,#ffffff
46.0846474733782, 2.59994857542857671,#ffffff
46.0764714122127, 2.59988429519106878,#ffffff
46.0682955936193, 2.59979430374852649,#ffffff
46.0601200984517, 2.59967860199090772,#ffffff
46.0519450075604, 2.59953719106243053,#ffffff
46.0437704017918, 2.59937007236155759,#ffffff
46.0355963619876, 2.59917724754098778,#ffffff
46.0274229689839, 2.59895871850763660,#ffffff
46.0192503036103, 2.59871448742261624,#ffffff
46.0110784466893, 2.59844455670121732,#ffffff
46.0029074790353, 2.59814892901288408,#ffffff
45.9947374814542, 2.59782760728118589,#ffffff
45.9865685347418, 2.59748059468379155,#ffffff
45.9784007196840, 2.59710789465243463,#ffffff
45.9702341170552, 2.59670951087288149,#ffffff
45.9620688076181, 2.59628544728489530,#ffffff
45.9539048721221, 2.59583570808219610,#ffffff
45.9457423913037, 2.59536029771241816,#ffffff
45.9375814458843, 2.59485922087706911,#ffffff
45.9294221165708, 2.59433248253148019,#ffffff
45.9212644840536, 2.59378008788475878,#ffffff
45.9131086290065, 2.59320204239973817,#ffffff
45.9049546320858, 2.59259835179292075,#ffffff
45.8968025739293, 2.59196902203442336,#ffffff
45.8886525351557, 2.59131405934791781,#ffffff
45.8805045963637, 2.59063347021056911,#ffffff
45.8723588381312, 2.58992726135297158,#ffffff
45.8642153410147, 2.58919543975908306,#ffffff
45.8560741855482, 2.58843801266615392,#ffffff
45.8479354522424, 2.58765498756465773,#ffffff
45.8397992215844, 2.58684637219821489,#ffffff
45.8316655740362, 2.58601217456351895,#ffffff
45.8235345900345, 2.58515240291025350,#ffffff
45.8154063499895, 2.58426706574101583,#ffffff
45.8072809342844, 2.58335617181122768,#ffffff
45.7991584232744, 2.58241973012905213,#ffffff
45.7910388972860, 2.58145774995530175,#ffffff
45.7829224366160, 2.58047024080335108,#ffffff
45.7748091215312, 2.57945721243903803,#ffffff
45.7666990322671, 2.57841867488057019,#ffffff
45.7585922490274, 2.57735463839842405,#ffffff
45.7504888519829, 2.57626511351524590,#ffffff
45.7423889212711, 2.57515011100574398,#ffffff
45.7342925369952, 2.57400964189658588,#ffffff
45.7261997792233, 2.57284371746628704,#ffffff
45.7181107279876, 2.57165234924509978,#ffffff
45.7100254632838, 2.57043554901489912,#ffffff
45.7019440650698, 2.56919332880906692,#ffffff
45.6938666132657, 2.56792570091237238,#ffffff
45.6857931877524, 2.56663267786085081,#ffffff
45.6777238683708, 2.56531427244167931,#ffffff
45.6696587349213, 2.56397049769304974,#ffffff
45.6615978671632, 2.56260136690404217,#ffffff
45.6535413448132, 2.56120689361448983,#ffffff
45.6454892475451, 2.55978709161484907,#ffffff
45.6374416549893, 2.55834197494605986,#ffffff
45.6293986467311, 2.55687155789940856,#ffffff
45.6213603023109, 2.55537585501638631,#ffffff
45.6133267012228, 2.55385488108854508,#ffffff
45.6052979229140, 2.55230865115735117,#ffffff
45.5972740467841, 2.55073718051403686,#ffffff
45.5892551521840, 2.54914048469944943,#ffffff
45.5812413184155, 2.54751857950389660,#ffffff
45.5732326247304, 2.54587148096699112,#ffffff
45.5652291503296, 2.54419920537749089,#ffffff
45.5572309743623, 2.54250176927314131,#ffffff
45.5492381759255, 2.54077918944050651,#ffffff
45.5412508340628, 2.53903148291480818,#ffffff
45.5332690277639, 2.53725866697975411,#ffffff
45.5252928359639, 2.53546075916736768,#ffffff
45.5173223375423, 2.53363777725781647,#ffffff
45.5093576113222, 2.53178973927923368,#ffffff
45.5013987360697, 2.52991666350754185,#ffffff
45.4934457904929, 2.52801856846627171,#ffffff
45.4854988532416, 2.52609547292637648,#ffffff
45.4775580029059, 2.52414739590605208,#ffffff
45.4696233180157, 2.52217435667054213,#ffffff
45.4616948770400, 2.52017637473195233,#ffffff
45.4537727583861, 2.51815346984905553,#ffffff
45.4458570403987, 2.51610566202709718,#ffffff
45.4379478013592, 2.51403297151759553,#ffffff
45.4300451194850, 2.51193541881814442,#ffffff
45.4221490729286, 2.50981302467220857,#ffffff
45.4142597397768, 2.50766581006891842,#ffffff
45.4063771980502, 2.50549379624286273,#ffffff
45.3985015257022, 2.50329700467387939,#ffffff
45.3906328006180, 2.50107545708684276,#ffffff
45.3827711006144, 2.49882917545144734,#ffffff
45.3749165034386, 2.49655818198199286,#ffffff
45.3670690867677, 2.49426249913716269,#ffffff
45.3592289282075, 2.49194214961980265,#ffffff
45.3513961052922, 2.48959715637669632,#ffffff
45.3435706954836, 2.48722754259833811,#ffffff
45.3357527761699, 2.48483333171870413,#ffffff
45.3279424246654, 2.48241454741501943,#ffffff
45.3201397182094, 2.47997121360752493,#ffffff
45.3123447339660, 2.47750335445924152,#ffffff
45.3045575490224, 2.47501099437572902,#ffffff
45.2967782403889, 2.47249415800484584,#ffffff
45.2890068849981, 2.46995287023650656,#ffffff
45.2812435597037, 2.46738715620243276,#ffffff
45.2734883412800, 2.46479704127590793,#ffffff
45.2657413064212, 2.46218255107152473,#ffffff
45.2580025317406, 2.45954371144493056,#ffffff
45.2502720937698, 2.45688054849257353,#ffffff
45.2425500689578, 2.45419308855144580,#ffffff
45.2348365336707, 2.45148135819881885,#ffffff
45.2271315641902, 2.44874538425198462,#ffffff
45.2194352367138, 2.44598519376798862,#ffffff
45.2117476273533, 2.44320081404336165,#ffffff
45.2040688121341, 2.44039227261385205,#ffffff
45.1963988669949, 2.43755959725415128,#ffffff
45.1887378677865, 2.43470281597761984,#ffffff
45.1810858902715, 2.43182195703601156,#ffffff
45.1734430101230, 2.42891704891919158,#ffffff
45.1658093029242, 2.42598812035485700,#ffffff
45.1581848441677, 2.42303520030825226,#ffffff
45.1505697092544, 2.42005831798188131,#ffffff
45.1429639734934, 2.41705750281522036,#ffffff
45.1353677121003, 2.41403278448442693,#ffffff
45.1277810001976, 2.41098419290204413,#ffffff
45.1202039128128, 2.40791175821670755,#ffffff
45.1126365248786, 2.40481551081284506,#ffffff
45.1050789112318, 2.40169548131037836,#ffffff
45.0975311466121, 2.39855170056441835,#ffffff
45.0899933056624, 2.39538419966496052,#ffffff
45.0824654629270, 2.39219300993657757,#ffffff
45.0749476928515, 2.38897816293810994,#ffffff
45.0674400697818, 2.38573969046235312,#ffffff
45.0599426679637, 2.38247762453574419,#ffffff
45.0524555615416, 2.37919199741804377,#ffffff
45.0449788245584, 2.37588284160201813,#ffffff
45.0375125309541, 2.37255018981311805,#ffffff
45.0300567545656, 2.36919407500915291,#ffffff
45.0226115691259, 2.36581453037996781,#ffffff
45.0151770482632, 2.36241158934711271,#ffffff
45.0077532655000, 2.35898528556351517,#ffffff
45.0003402942530, 2.35553565291314371,#ffffff
44.9929382078317, 2.35206272551067519,#ffffff
44.9855470794379, 2.34856653770115642,#ffffff
44.9781669821654, 2.34504712405966487,#ffffff
44.9707979889986, 2.34150451939096804,#ffffff
44.9634401728120, 2.33793875872917578,#ffffff
44.9560936063700, 2.33434987733739785,#ffffff
44.9487583623253, 2.33073791070739267,#ffffff
44.9414345132188, 2.32710289455921648,#ffffff
44.9341221314788, 2.32344486484087165,#ffffff
44.9268212894201, 2.31976385772794957,#ffffff
44.9195320592433, 2.31605990962327368,#ffffff
44.9122545130344, 2.31233305715653881,#ffffff
44.9049887227636, 2.30858333718394970,#ffffff
44.8977347602850, 2.30481078678785645,#ffffff
44.8904926973357, 2.30101544327638718,#ffffff
44.8832626055351, 2.29719734418307953,#ffffff
44.8760445563842, 2.29335652726650974,#ffffff
44.8688386212648, 2.28949303050991837,#ffffff
44.8616448714393, 2.28560689212083545,#ffffff
44.8544633780491, 2.28169815053070169,#ffffff
44.8472942121147, 2.27776684439449140,#ffffff
44.8401374445345, 2.27381301259032487,#ffffff
44.8329931460845, 2.26983669421908951,#ffffff
44.8258613874173, 2.26583792860404820,#ffffff
44.8187422390614, 2.26181675529045512,#ffffff
44.8116357714206, 2.25777321404516096,#ffffff
44.8045420547734, 2.25370734485622171,#ffffff
44.7974611592722, 2.24961918793250160,#ffffff
44.7903931549426, 2.24550878370327744,#ffffff
44.7833381116825, 2.24137617281783763,#ffffff
44.7762960992619, 2.23722139614507975,#ffffff
44.7692671873219, 2.23304449477310785,#ffffff
44.7622514453739, 2.22884551000882336,#ffffff
44.7552489427991, 2.22462448337752150,#ffffff
44.7482597488479, 2.22038145662247377,#ffffff
44.7412839326389, 2.21611647170452297,#ffffff
44.7343215631586, 2.21182957080165998,#ffffff
44.7273727092603, 2.20752079630861431,#ffffff
44.7204374396638, 2.20319019083642997,#ffffff
44.7135158229545, 2.19883779721204586,#ffffff
44.7066079275828, 2.19446365847787117,#ffffff
44.6997138218634, 2.19006781789136040,#ffffff
44.6928335739747, 2.18565031892458750,#ffffff
44.6859672519579, 2.18121120526381107,#ffffff
44.6791149237166, 2.17675052080904807,#ffffff
44.6722766570159, 2.17226830967363460,#ffffff
44.6654525194820, 2.16776461618379424,#ffffff
44.6586425786013, 2.16323948487819528,#ffffff
44.6518469017197, 2.15869296050751425,#ffffff
44.6450655560422, 2.15412508803398950,#ffffff
44.6382986086321, 2.14953591263098076,#ffffff
44.6315461264100, 2.14492547968251834,#ffffff
44.6248081761538, 2.14029383478285773,#ffffff
44.6180848244975, 2.13564102373602571,#ffffff
44.6113761379307, 2.13096709255537009,#ffffff
44.6046821827983, 2.12627208746310226,#ffffff
44.5980030252990, 2.12155605488984200,#ffffff
44.5913387314856, 2.11681904147415745,#ffffff
44.5846893672637, 2.11206109406210318,#ffffff
44.5780549983912, 2.10728225970675931,#ffffff
44.5714356904779, 2.10248258566776292,#ffffff
44.5648315089845, 2.09766211941084313,#ffffff
44.5582425192222, 2.09282090860735037,#ffffff
44.5516687863519, 2.08795900113378652,#ffffff
44.5451103753836, 2.08307644507132972,#ffffff
44.5385673511759, 2.07817328870535878,#ffffff
44.5320397784351, 2.07324958052497754,#ffffff
44.5255277217148, 2.06830536922253394,#ffffff
44.5190312454150, 2.06334070369313904,#ffffff
44.5125504137819, 2.05835563303418212,#ffffff
44.5060852909067, 2.05335020654484746,#ffffff
44.4996359407253, 2.04832447372562587,#ffffff
44.4932024270178, 2.04327848427782266,#ffffff
44.4867848134076, 2.03821228810307087,#ffffff
44.4803831633606, 2.03312593530283392,#ffffff
44.4739975401853, 2.02801947617791178,#ffffff
44.4676280070313, 2.02289296122794271,#ffffff
44.4612746268893, 2.01774644115090540,#ffffff
44.4549374625903, 2.01257996684261586,#ffffff
44.4486165768046, 2.00739358939622425,#ffffff
44.4423120320419, 2.00218736010171128,#ffffff
44.4360238906501, 1.99696133044537905,#ffffff
44.4297522148150, 1.99171555210934281,#ffffff
44.4234970665594, 1.98645007697102027,#ffffff
44.4172585077428, 1.98116495710261709,#ffffff
44.4110366000605, 1.97586024477061351,#ffffff
44.4048314050433, 1.97053599243524680,#ffffff
44.3986429840567, 1.96519225274999165,#ffffff
44.3924713983001, 1.95982907856104061,#ffffff
44.3863167088067, 1.95444652290678245,#ffffff
44.3801789764423, 1.94904463901727487,#ffffff
44.3740582619054, 1.94362348031371912,#ffffff
44.3679546257258, 1.93818310040793418,#ffffff
44.3618681282647, 1.93272355310182231,#ffffff
44.3557988297136, 1.92724489238684038,#ffffff
44.3497467900941, 1.92174717244346493,#ffffff
44.3437120692570, 1.91623044764065531,#ffffff
44.3376947268819, 1.91069477253531739,#ffffff
44.3316948224763, 1.90514020187176336,#ffffff
44.3257124153757, 1.89956679058117062,#ffffff
44.3197475647422, 1.89397459378103838,#ffffff
44.3138003295643, 1.88836366677464218,#ffffff
44.3078707686565, 1.88273406505048868,#ffffff
44.3019589406584, 1.87708584428176350,#ffffff
44.2960649040341, 1.87141906032578498,#ffffff
44.2901887170720, 1.86573376922344858,#ffffff
44.2843304378838, 1.86003002719867316,#ffffff
44.2784901244042, 1.85430789065784651,#ffffff
44.2726678343902, 1.84856741618926579,#ffffff
44.2668636254205, 1.84280866056257953,#ffffff
44.2610775548951, 1.83703168072822431,#ffffff
44.2553096800345, 1.83123653381686280,#ffffff
44.2495600578793, 1.82542327713881880,#ffffff
44.2438287452897, 1.81959196818350977,#ffffff
44.2381157989448, 1.81374266461887945,#ffffff
44.2324212753418, 1.80787542429082659,#ffffff
44.2267452307961, 1.80199030522263270,#ffffff
44.2210877214401, 1.79608736561438875,#ffffff
44.2154488032230, 1.79016666384241985,#ffffff
44.2098285319101, 1.78422825845870747,#ffffff
44.2042269630823, 1.77827220819031084,#ffffff
44.1986441521356, 1.77229857193878537,#ffffff
44.1930801542805, 1.76630740877960135,#ffffff
44.1875350245413, 1.76029877796155865,#ffffff
44.1820088177559, 1.75427273890620095,#ffffff
44.1765015885749, 1.74822935120722844,#ffffff
44.1710133914614, 1.74216867462990899,#ffffff
44.1655442806901, 1.73609076911048610,#ffffff
44.1600943103471, 1.72999569475558634,#ffffff
44.1546635343290, 1.72388351184162558,#ffffff
44.1492520063429, 1.71775428081421189,#ffffff
44.1438597799053, 1.71160806228754914,#ffffff
44.1384869083419, 1.70544491704383616,#ffffff
44.1331334447870, 1.69926490603266611,#ffffff
44.1277994421830, 1.69306809037042494,#ffffff
44.1224849532797, 1.68685453133968499,#ffffff
44.1171900306340, 1.68062429038859995,#ffffff
44.1119147266095, 1.67437742913029775,#ffffff
44.1066590933754, 1.66811400934226972,#ffffff
44.1014231829068, 1.66183409296576090,#ffffff
44.0962070469833, 1.65553774210515758,#ffffff
44.0910107371893, 1.64922501902737206,#ffffff
44.0858343049130, 1.64289598616122778,#ffffff
44.0806778013460, 1.63655070609684117,#ffffff
44.0755412774829, 1.63018924158500411,#ffffff
44.0704247841206, 1.62381165553656115,#ffffff
44.0653283718580, 1.61741801102178995,#ffffff
44.0602520910954, 1.61100837126977448,#ffffff
44.0551959920339, 1.60458279966778372,#ffffff
44.0501601246752, 1.59814135976064020,#ffffff
44.0451445388208, 1.59168411525009579,#ffffff
44.0401492840716, 1.58521112999419822,#ffffff
44.0351744098276, 1.57872246800666249,#ffffff
44.0302199652872, 1.57221819345623626,#ffffff
44.0252859994465, 1.56569837066606476,#ffffff
44.0203725610995, 1.55916306411305672,#ffffff
44.0154796988369, 1.55261233842724411,#ffffff
44.0106074610460, 1.54604625839114540,#ffffff
44.0057558959101, 1.53946488893912314,#ffffff
44.0009250514081, 1.53286829515674250,#ffffff
43.9961149753141, 1.52625654228012864,#ffffff
43.9913257151965, 1.51962969569531903,#ffffff
43.9865573184183, 1.51298782093761930,#ffffff
43.9818098321357, 1.50633098369095442,#ffffff
43.9770833032984, 1.49965924978721721,#ffffff
43.9723777786488, 1.49297268520562154,#ffffff
43.9676933047216, 1.48627135607204486,#ffffff
43.9630299278431, 1.47955532865837802,#ffffff
43.9583876941313, 1.47282466938186851,#ffffff
43.9537666494948, 1.46607944480446251,#ffffff
43.9491668396329, 1.45931972163214962,#ffffff
43.9445883100348, 1.45254556671429946,#ffffff
43.9400311059792, 1.44575704704300390,#ffffff
43.9354952725340, 1.43895422975241205,#ffffff
43.9309808545557, 1.43213718211806862,#ffffff
43.9264878966890, 1.42530597155624550,#ffffff
43.9220164433664, 1.41846066562327899,#ffffff
43.9175665388078, 1.41160133201489835,#ffffff
43.9131382270199, 1.40472803856555828,#ffffff
43.9087315517958, 1.39784085324776686,#ffffff
43.9043465567149, 1.39093984417141470,#ffffff
43.8999832851418, 1.38402507958309950,#ffffff
43.8956417802267, 1.37709662786545373,#ffffff
43.8913220849042, 1.37015455753646509,#ffffff
43.8870242418934, 1.36319893724880270,#ffffff
43.8827482936972, 1.35622983578913470,#ffffff
43.8784942826020, 1.34924732207744968,#ffffff
43.8742622506773, 1.34225146516637461,#ffffff
43.8700522397752, 1.33524233424049421,#ffffff
43.8658642915301, 1.32821999861566242,#ffffff
43.8616984473580, 1.32118452773832029,#ffffff
43.8575547484566, 1.31413599118480784,#ffffff
43.8534332358044, 1.30707445866067684,#ffffff
43.8493339501605, 1.30000000000000004,#ffffff
43.8452569320642, 1.29291268516468305,#ffffff
43.8412022218348, 1.28581258424376887,#ffffff
43.8371698595707, 1.27869976745274871,#ffffff
43.8331598851493, 1.27157430513286407,#ffffff
43.8291723382269, 1.26443626775041396,#ffffff
43.8252072582377, 1.25728572589605569,#ffffff
43.8212646843938, 1.25012275028410835,#ffffff
43.8173446556848, 1.24294741175185375,#ffffff
43.8134472108773, 1.23575978125883390,#ffffff
43.8095723885145, 1.22855992988615093,#ffffff
43.8057202269160, 1.22134792883576426,#ffffff
43.8018907641772, 1.21412384942978480,#ffffff
43.7980840381690, 1.20688776310977208,#ffffff
43.7943000865376, 1.19963974143602492,#ffffff
43.7905389467039, 1.19237985608687658,#ffffff
43.7868006558630, 1.18510817885798359,#ffffff
43.7830852509845, 1.17782478166161697,#ffffff
43.7793927688111, 1.17052973652595105,#ffffff
43.7757232458593, 1.16322311559434977,#ffffff
43.7720767184183, 1.15590499112465683,#ffffff
43.7684532225500, 1.14857543548847629,#ffffff
43.7648527940883, 1.14123452117045954,#ffffff
43.7612754686394, 1.13388232076758877,#ffffff
43.7577212815805, 1.12651890698845825,#ffffff
43.7541902680605, 1.11914435265255507,#ffffff
43.7506824629988, 1.11175873068953979,#ffffff
43.7471979010853, 1.10436211413852448,#ffffff
43.7437366167801, 1.09695457614735070,#ffffff
43.7402986443132, 1.08953618997186630,#ffffff
43.7368840176839, 1.08210702897520039,#ffffff
43.7334927706607, 1.07466716662703887,#ffffff
43.7301249367809, 1.06721667650289587,#ffffff
43.7267805493502, 1.05975563228339009,#ffffff
43.7234596414426, 1.05228410775351122,#ffffff
43.7201622458996, 1.04480217680189313,#ffffff
43.7168883953304, 1.03730991342008272,#ffffff
43.7136381221113, 1.02980739170180779,#ffffff
43.7104114583855, 1.02229468584224548,#ffffff
43.7072084360626, 1.01477187013728654,#ffffff
43.7040290868184, 1.00723901898280221,#ffffff
43.7008734420948, 0.99969620687390781,#ffffff
43.6977415330990, 0.99214350840422638,#ffffff
43.6946333908036, 0.98458099826515055,#ffffff
43.6915490459463, 0.97700875124510422,#ffffff
43.6884885290291, 0.96942684222880227,#ffffff
43.6854518703187, 0.96183534619651234,#ffffff
43.6824390998456, 0.95423433822330994,#ffffff
43.6794502474044, 0.94662389347833786,#ffffff
43.6764853425528, 0.93900408722406303,#ffffff
43.6735444146118, 0.93137499481553154,#ffffff
43.6706274926654, 0.92373669169962358,#ffffff
43.6677346055601, 0.91608925341430747,#ffffff
43.6648657819047, 0.90843275558789272,#ffffff
43.6620210500700, 0.90076727393828149,#ffffff
43.6592004381886, 0.89309288427222078,#ffffff
43.6564039741546, 0.88540966248455188,#ffffff
43.6536316856233, 0.87771768455746035,#ffffff
43.6508836000108, 0.87001702655972368,#ffffff
43.6481597444939, 0.86230776464596148,#ffffff
43.6454601460098, 0.85458997505587908,#ffffff
43.6427848312560, 0.84686373411351545,#ffffff
43.6401338266894, 0.83912911822648817,#ffffff
43.6375071585269, 0.83138620388523787,#ffffff
43.6349048527445, 0.82363506766227146,#ffffff
43.6323269350775, 0.81587578621140466,#ffffff
43.6297734310197, 0.80810843626700535,#ffffff
43.6272443658237, 0.80033309464323255,#ffffff
43.6247397645004, 0.79254983823327874,#ffffff
43.6222596518187, 0.78475874400860801,#ffffff
43.6198040523053, 0.77695988901819590,#ffffff
43.6173729902445, 0.76915335038776633,#ffffff
43.6149664896779, 0.76133920531903099,#ffffff
43.6125845744045, 0.75351753108892305,#ffffff
43.6102272679797, 0.74568840504883471,#ffffff
43.6078945937159, 0.73785190462385186,#ffffff
43.6055865746817, 0.73000810731198840,#ffffff
43.6033032337020, 0.72215709068341971,#ffffff
43.6010445933575, 0.71429893237971565,#ffffff
43.5988106759848, 0.70643371011307310,#ffffff
43.5966015036758, 0.69856150166554609,#ffffff
43.5944170982780, 0.69068238488827871,#ffffff
43.5922574813937, 0.68279643770073351,#ffffff
43.5901226743801, 0.67490373808992099,#ffffff
43.5880126983491, 0.66700436410962927,#ffffff
43.5859275741670, 0.65909839387965230,#ffffff
43.5838673224545, 0.65118590558501621,#ffffff
43.5818319635860, 0.64326697747520645,#ffffff
43.5798215176900, 0.63534168786339418,#ffffff
43.5778360046485, 0.62741011512566225,#ffffff
43.5758754440970, 0.61947233770022925,#ffffff
43.5739398554242, 0.61152843408667423,#ffffff
43.5720292577718, 0.60357848284516047,#ffffff
43.5701436700344, 0.59562256259565827,#ffffff
43.5682831108593, 0.58766075201716794,#ffffff
43.5664475986462, 0.57969312984694110,#ffffff
43.5646371515472, 0.57171977487970194,#ffffff
43.5628517874665, 0.56374076596686984,#ffffff
43.5610915240601, 0.55575618201577670,#ffffff
43.5593563787360, 0.54776610198888853,#ffffff
43.5576463686537, 0.53977060490302375,#ffffff
43.5559615107240, 0.53176976982857249,#ffffff
43.5543018216091, 0.52376367588871386,#ffffff
43.5526673177223, 0.51575240225863372,#ffffff
43.5510580152279, 0.50773602816474239,#ffffff
43.5494739300407, 0.49971463288388984,#ffffff
43.5479150778265, 0.49168829574258277,#ffffff
43.5463814740012, 0.48365709611619967,#ffffff
43.5448731337312, 0.47562111342820579,#ffffff
43.5433900719330, 0.46758042714936759,#ffffff
43.5419323032732, 0.45953511679696829,#ffffff
43.5404998421683, 0.45148526193401894,#ffffff
43.5390927027842, 0.44343094216847334,#ffffff
43.5377108990368, 0.43537223715244033,#ffffff
43.5363544445911, 0.42730922658139614,#ffffff
43.5350233528618, 0.41924199019339614,#ffffff
43.5337176370123, 0.41117060776828640,#ffffff
43.5324373099555, 0.40309515912691474,#ffffff
43.5311823843530, 0.39501572413034097,#ffffff
43.5299528726151, 0.38693238267904784,#ffffff
43.5287487869009, 0.37884521471215021,#ffffff
43.5275701391182, 0.37075430020660477,#ffffff
43.5264169409229, 0.36265971917641848,#ffffff
43.5252892037195, 0.35456155167185982,#ffffff
43.5241869386605, 0.34645987777866333,#ffffff
43.5231101566468, 0.33835477761724014,#ffffff
43.5220588683269, 0.33024633134188491,#ffffff
43.5210330840975, 0.32213461913998342,#ffffff
43.5200328141028, 0.31401972123121924,#ffffff
43.5190580682350, 0.30590171786678061,#ffffff
43.5181088561337, 0.29778068932856672,#ffffff
43.5171851871859, 0.28965671592839393,#ffffff
43.5162870705262, 0.28152987800720120,#ffffff
43.5154145150363, 0.27340025593425604,#ffffff
43.5145675293453, 0.26526793010635918,#ffffff
43.5137461218293, 0.25713298094704945,#ffffff
43.5129503006116, 0.24899548890581036,#ffffff
43.5121800735622, 0.24085553445727115,#ffffff
43.5114354482983, 0.23271319810041335,#ffffff
43.5107164321838, 0.22456856035777401,#ffffff
43.5100230323291, 0.21642170177464945,#ffffff
43.5093552555917, 0.20827270291829869,#ffffff
43.5087131085754, 0.20012164437714672,#ffffff
43.5080965976306, 0.19196860675998742,#ffffff
43.5075057288543, 0.18381367069518656,#ffffff
43.5069405080897, 0.17565691682988427,#ffffff
43.5064009409266, 0.16749842582919766,#ffffff
43.5058870327008, 0.15933827837542242,#ffffff
43.5053987884947, 0.15117655516723719,#ffffff
43.5049362131366, 0.14301333691890208,#ffffff
43.5044993112012, 0.13484870435946281,#ffffff
43.5040880870091, 0.12668273823195178,#ffffff
43.5037025446270, 0.11851551929258945,#ffffff
43.5033426878678, 0.11034712830998585,#ffffff
43.5030085202902, 0.10217764606434174,#ffffff
43.5027000451988, 0.09400715334664979,#ffffff
43.5024172656444, 0.08583573095789560,#ffffff
43.5021601844234, 0.07766345970825865,#ffffff
43.5019288040782, 0.06949042041631306,#ffffff
43.5017231268970, 0.06131669390822847,#ffffff
43.5015431549138, 0.05314236101697000,#ffffff
43.5013888899084, 0.04496750258150130,#ffffff
43.5012603334064, 0.03679219944598155,#ffffff
43.5011574866792, 0.02861653245896835,#ffffff
43.5010803507439, 0.02044058247261754,#ffffff
43.5010289263631, 0.01226443034188362,#ffffff
43.5010032140456, 0.00408815692372021,#ffffff
43.5010032140456,-0.00408815692371964,#ffffff
43.5010289263631,-0.01226443034188305,#ffffff
43.5010803507439,-0.02044058247261696,#ffffff
43.5011574866792,-0.02861653245896778,#ffffff
43.5012603334064,-0.03679219944598098,#ffffff
43.5013888899084,-0.04496750258150072,#ffffff
43.5015431549138,-0.05314236101697000,#ffffff
43.5017231268970,-0.06131669390822789,#ffffff
43.5019288040782,-0.06949042041631250,#ffffff
43.5021601844234,-0.07766345970825808,#ffffff
43.5024172656444,-0.08583573095789503,#ffffff
43.5027000451988,-0.09400715334664922,#ffffff
43.5030085202902,-0.10217764606434115,#ffffff
43.5033426878678,-0.11034712830998526,#ffffff
43.5037025446270,-0.11851551929258887,#ffffff
43.5040880870091,-0.12668273823195120,#ffffff
43.5044993112012,-0.13484870435946222,#ffffff
43.5049362131366,-0.14301333691890150,#ffffff
43.5053987884947,-0.15117655516723660,#ffffff
43.5058870327008,-0.15933827837542242,#ffffff
43.5064009409266,-0.16749842582919711,#ffffff
43.5069405080897,-0.17565691682988371,#ffffff
43.5075057288543,-0.18381367069518598,#ffffff
43.5080965976306,-0.19196860675998684,#ffffff
43.5087131085754,-0.20012164437714614,#ffffff
43.5093552555917,-0.20827270291829814,#ffffff
43.5100230323291,-0.21642170177464889,#ffffff
43.5107164321838,-0.22456856035777342,#ffffff
43.5114354482983,-0.23271319810041277,#ffffff
43.5121800735622,-0.24085553445727056,#ffffff
43.5129503006116,-0.24899548890580980,#ffffff
43.5137461218293,-0.25713298094704889,#ffffff
43.5145675293453,-0.26526793010635863,#ffffff
43.5154145150363,-0.27340025593425543,#ffffff
43.5162870705262,-0.28152987800720064,#ffffff
43.5171851871859,-0.28965671592839332,#ffffff
43.5181088561337,-0.29778068932856616,#ffffff
43.5190580682350,-0.30590171786678005,#ffffff
43.5200328141028,-0.31401972123121868,#ffffff
43.5210330840975,-0.32213461913998281,#ffffff
43.5220588683269,-0.33024633134188436,#ffffff
43.5231101566468,-0.33835477761723959,#ffffff
43.5241869386605,-0.34645987777866272,#ffffff
43.5252892037195,-0.35456155167185921,#ffffff
43.5264169409229,-0.36265971917641793,#ffffff
43.5275701391182,-0.37075430020660416,#ffffff
43.5287487869009,-0.37884521471214960,#ffffff
43.5299528726151,-0.38693238267904734,#ffffff
43.5311823843530,-0.39501572413034047,#ffffff
43.5324373099555,-0.40309515912691418,#ffffff
43.5337176370123,-0.41117060776828590,#ffffff
43.5350233528618,-0.41924199019339559,#ffffff
43.5363544445911,-0.42730922658139558,#ffffff
43.5377108990368,-0.43537223715243978,#ffffff
43.5390927027842,-0.44343094216847279,#ffffff
43.5404998421683,-0.45148526193401839,#ffffff
43.5419323032732,-0.45953511679696774,#ffffff
43.5433900719330,-0.46758042714936759,#ffffff
43.5448731337312,-0.47562111342820529,#ffffff
43.5463814740012,-0.48365709611619911,#ffffff
43.5479150778265,-0.49168829574258222,#ffffff
43.5494739300407,-0.49971463288388929,#ffffff
43.5510580152279,-0.50773602816474184,#ffffff
43.5526673177223,-0.51575240225863317,#ffffff
43.5543018216091,-0.52376367588871320,#ffffff
43.5559615107240,-0.53176976982857194,#ffffff
43.5576463686537,-0.53977060490302331,#ffffff
43.5593563787360,-0.54776610198888798,#ffffff
43.5610915240601,-0.55575618201577626,#ffffff
43.5628517874665,-0.56374076596686928,#ffffff
43.5646371515472,-0.57171977487970194,#ffffff
43.5664475986462,-0.57969312984694055,#ffffff
43.5682831108593,-0.58766075201716739,#ffffff
43.5701436700344,-0.59562256259565771,#ffffff
43.5720292577718,-0.60357848284515991,#ffffff
43.5739398554242,-0.61152843408667368,#ffffff
43.5758754440970,-0.61947233770022869,#ffffff
43.5778360046485,-0.62741011512566180,#ffffff
43.5798215176900,-0.63534168786339373,#ffffff
43.5818319635860,-0.64326697747520589,#ffffff
43.5838673224545,-0.65118590558501566,#ffffff
43.5859275741670,-0.65909839387965174,#ffffff
43.5880126983491,-0.66700436410962860,#ffffff
43.5901226743801,-0.67490373808992055,#ffffff
43.5922574813937,-0.68279643770073295,#ffffff
43.5944170982780,-0.69068238488827827,#ffffff
43.5966015036758,-0.69856150166554565,#ffffff
43.5988106759848,-0.70643371011307243,#ffffff
43.6010445933575,-0.71429893237971520,#ffffff
43.6033032337020,-0.72215709068341916,#ffffff
43.6055865746817,-0.73000810731198784,#ffffff
43.6078945937159,-0.73785190462385131,#ffffff
43.6102272679797,-0.74568840504883427,#ffffff
43.6125845744045,-0.75351753108892250,#ffffff
43.6149664896779,-0.76133920531903043,#ffffff
43.6173729902445,-0.76915335038776578,#ffffff
43.6198040523053,-0.77695988901819535,#ffffff
43.6222596518187,-0.78475874400860735,#ffffff
43.6247397645004,-0.79254983823327807,#ffffff
43.6272443658237,-0.80033309464323210,#ffffff
43.6297734310197,-0.80810843626700479,#ffffff
43.6323269350775,-0.81587578621140422,#ffffff
43.6349048527445,-0.82363506766227079,#ffffff
43.6375071585269,-0.83138620388523743,#ffffff
43.6401338266894,-0.83912911822648772,#ffffff
43.6427848312560,-0.84686373411351490,#ffffff
43.6454601460098,-0.85458997505587853,#ffffff
43.6481597444939,-0.86230776464596093,#ffffff
43.6508836000108,-0.87001702655972368,#ffffff
43.6536316856233,-0.87771768455745980,#ffffff
43.6564039741546,-0.88540966248455133,#ffffff
43.6592004381886,-0.89309288427222022,#ffffff
43.6620210500700,-0.90076727393828093,#ffffff
43.6648657819047,-0.90843275558789216,#ffffff
43.6677346055601,-0.91608925341430691,#ffffff
43.6706274926654,-0.92373669169962302,#ffffff
43.6735444146118,-0.93137499481553099,#ffffff
43.6764853425528,-0.93900408722406259,#ffffff
43.6794502474044,-0.94662389347833731,#ffffff
43.6824390998456,-0.95423433822330928,#ffffff
43.6854518703187,-0.96183534619651190,#ffffff
43.6884885290291,-0.96942684222880227,#ffffff
43.6915490459463,-0.97700875124510367,#ffffff
43.6946333908036,-0.98458099826515011,#ffffff
43.6977415330990,-0.99214350840422594,#ffffff
43.7008734420948,-0.99969620687390737,#ffffff
43.7040290868184,-1.00723901898280177,#ffffff
43.7072084360626,-1.01477187013728609,#ffffff
43.7104114583855,-1.02229468584224503,#ffffff
43.7136381221113,-1.02980739170180735,#ffffff
43.7168883953304,-1.03730991342008205,#ffffff
43.7201622458996,-1.04480217680189247,#ffffff
43.7234596414426,-1.05228410775351056,#ffffff
43.7267805493502,-1.05975563228338965,#ffffff
43.7301249367809,-1.06721667650289587,#ffffff
43.7334927706607,-1.07466716662703821,#ffffff
43.7368840176839,-1.08210702897519973,#ffffff
43.7402986443132,-1.08953618997186497,#ffffff
43.7437366167801,-1.09695457614735004,#ffffff
43.7471979010852,-1.10436211413852359,#ffffff
43.7506824629988,-1.11175873068953956,#ffffff
43.7541902680605,-1.11914435265255507,#ffffff
43.7577212815805,-1.12651890698845780,#ffffff
43.7612754686394,-1.13388232076758877,#ffffff
43.7648527940883,-1.14123452117045909,#ffffff
43.7684532225500,-1.14857543548847629,#ffffff
43.7720767184183,-1.15590499112465639,#ffffff
43.7757232458593,-1.16322311559434977,#ffffff
43.7793927688111,-1.17052973652594994,#ffffff
43.7830852509845,-1.17782478166161630,#ffffff
43.7868006558630,-1.18510817885798247,#ffffff
43.7905389467039,-1.19237985608687591,#ffffff
43.7943000865376,-1.19963974143602403,#ffffff
43.7980840381690,-1.20688776310977142,#ffffff
43.8018907641772,-1.21412384942978480,#ffffff
43.8057202269160,-1.22134792883576382,#ffffff
43.8095723885145,-1.22855992988615093,#ffffff
43.8134472108773,-1.23575978125883346,#ffffff
43.8173446556848,-1.24294741175185375,#ffffff
43.8212646843938,-1.25012275028410791,#ffffff
43.8252072582377,-1.25728572589605525,#ffffff
43.8291723382269,-1.26443626775041285,#ffffff
43.8331598851493,-1.27157430513286362,#ffffff
43.8371698595707,-1.27869976745274760,#ffffff
43.8412022218348,-1.28581258424376865,#ffffff
43.8452569320642,-1.29291268516468194,#ffffff
43.8493339501605,-1.29999999999999960,#ffffff
43.8534332358044,-1.30707445866067684,#ffffff
43.8575547484566,-1.31413599118480717,#ffffff
43.8616984473580,-1.32118452773832029,#ffffff
43.8658642915301,-1.32821999861566198,#ffffff
43.8700522397752,-1.33524233424049421,#ffffff
43.8742622506773,-1.34225146516637439,#ffffff
43.8784942826020,-1.34924732207744902,#ffffff
43.8827482936972,-1.35622983578913336,#ffffff
43.8870242418934,-1.36319893724880203,#ffffff
43.8913220849042,-1.37015455753646420,#ffffff
43.8956417802267,-1.37709662786545306,#ffffff
43.8999832851418,-1.38402507958309862,#ffffff
43.9043465567149,-1.39093984417141403,#ffffff
43.9087315517958,-1.39784085324776686,#ffffff
43.9131382270199,-1.40472803856555761,#ffffff
43.9175665388078,-1.41160133201489835,#ffffff
43.9220164433664,-1.41846066562327855,#ffffff
43.9264878966890,-1.42530597155624550,#ffffff
43.9309808545557,-1.43213718211806773,#ffffff
43.9354952725340,-1.43895422975241183,#ffffff
43.9400311059792,-1.44575704704300323,#ffffff
43.9445883100348,-1.45254556671429902,#ffffff
43.9491668396329,-1.45931972163214851,#ffffff
43.9537666494948,-1.46607944480446228,#ffffff
43.9583876941313,-1.47282466938186740,#ffffff
43.9630299278431,-1.47955532865837736,#ffffff
43.9676933047216,-1.48627135607204486,#ffffff
43.9723777786488,-1.49297268520562088,#ffffff
43.9770833032984,-1.49965924978721721,#ffffff
43.9818098321357,-1.50633098369095353,#ffffff
43.9865573184183,-1.51298782093761908,#ffffff
43.9913257151965,-1.51962969569531858,#ffffff
43.9961149753141,-1.52625654228012819,#ffffff
44.0009250514081,-1.53286829515674183,#ffffff
44.0057558959101,-1.53946488893912270,#ffffff
44.0106074610460,-1.54604625839114451,#ffffff
44.0154796988369,-1.55261233842724389,#ffffff
44.0203725610995,-1.55916306411305672,#ffffff
44.0252859994465,-1.56569837066606432,#ffffff
44.0302199652872,-1.57221819345623626,#ffffff
44.0351744098276,-1.57872246800666183,#ffffff
44.0401492840716,-1.58521112999419778,#ffffff
44.0451445388208,-1.59168411525009490,#ffffff
44.0501601246752,-1.59814135976063998,#ffffff
44.0551959920339,-1.60458279966778283,#ffffff
44.0602520910954,-1.61100837126977448,#ffffff
44.0653283718580,-1.61741801102178906,#ffffff
44.0704247841206,-1.62381165553656093,#ffffff
44.0755412774829,-1.63018924158500322,#ffffff
44.0806778013460,-1.63655070609684095,#ffffff
44.0858343049130,-1.64289598616122778,#ffffff
44.0910107371893,-1.64922501902737140,#ffffff
44.0962070469833,-1.65553774210515758,#ffffff
44.1014231829068,-1.66183409296576046,#ffffff
44.1066590933754,-1.66811400934226950,#ffffff
44.1119147266095,-1.67437742913029730,#ffffff
44.1171900306340,-1.68062429038859973,#ffffff
44.1224849532797,-1.68685453133968433,#ffffff
44.1277994421830,-1.69306809037042494,#ffffff
44.1331334447870,-1.69926490603266567,#ffffff
44.1384869083419,-1.70544491704383550,#ffffff
44.1438597799053,-1.71160806228754825,#ffffff
44.1492520063429,-1.71775428081421144,#ffffff
44.1546635343290,-1.72388351184162558,#ffffff
44.1600943103471,-1.72999569475558590,#ffffff
44.1655442806901,-1.73609076911048610,#ffffff
44.1710133914614,-1.74216867462990854,#ffffff
44.1765015885749,-1.74822935120722844,#ffffff
44.1820088177559,-1.75427273890620006,#ffffff
44.1875350245413,-1.76029877796155843,#ffffff
44.1930801542805,-1.76630740877960069,#ffffff
44.1986441521356,-1.77229857193878537,#ffffff
44.2042269630823,-1.77827220819031018,#ffffff
44.2098285319101,-1.78422825845870703,#ffffff
44.2154488032230,-1.79016666384241896,#ffffff
44.2210877214401,-1.79608736561438809,#ffffff
44.2267452307961,-1.80199030522263270,#ffffff
44.2324212753418,-1.80787542429082637,#ffffff
44.2381157989448,-1.81374266461887945,#ffffff
44.2438287452897,-1.81959196818350932,#ffffff
44.2495600578793,-1.82542327713881858,#ffffff
44.2553096800345,-1.83123653381686213,#ffffff
44.2610775548951,-1.83703168072822409,#ffffff
44.2668636254205,-1.84280866056257908,#ffffff
44.2726678343902,-1.84856741618926579,#ffffff
44.2784901244042,-1.85430789065784585,#ffffff
44.2843304378838,-1.86003002719867272,#ffffff
44.2901887170720,-1.86573376922344769,#ffffff
44.2960649040341,-1.87141906032578476,#ffffff
44.3019589406584,-1.87708584428176350,#ffffff
44.3078707686565,-1.88273406505048824,#ffffff
44.3138003295643,-1.88836366677464218,#ffffff
44.3197475647422,-1.89397459378103794,#ffffff
44.3257124153757,-1.89956679058117062,#ffffff
44.3316948224763,-1.90514020187176292,#ffffff
44.3376947268819,-1.91069477253531739,#ffffff
44.3437120692570,-1.91623044764065464,#ffffff
44.3497467900941,-1.92174717244346471,#ffffff
44.3557988297136,-1.92724489238683971,#ffffff
44.3618681282647,-1.93272355310182209,#ffffff
44.3679546257258,-1.93818310040793329,#ffffff
44.3740582619054,-1.94362348031371890,#ffffff
44.3801789764423,-1.94904463901727487,#ffffff
44.3863167088067,-1.95444652290678222,#ffffff
44.3924713983001,-1.95982907856104061,#ffffff
44.3986429840567,-1.96519225274999099,#ffffff
44.4048314050433,-1.97053599243524635,#ffffff
44.4110366000605,-1.97586024477061284,#ffffff
44.4172585077428,-1.98116495710261709,#ffffff
44.4234970665594,-1.98645007697101983,#ffffff
44.4297522148150,-1.99171555210934259,#ffffff
44.4360238906501,-1.99696133044537838,#ffffff
44.4423120320419,-2.00218736010171083,#ffffff
44.4486165768046,-2.00739358939622337,#ffffff
44.4549374625903,-2.01257996684261542,#ffffff
44.4612746268893,-2.01774644115090540,#ffffff
44.4676280070313,-2.02289296122794271,#ffffff
44.4739975401853,-2.02801947617791178,#ffffff
44.4803831633606,-2.03312593530283348,#ffffff
44.4867848134076,-2.03821228810307087,#ffffff
44.4932024270178,-2.04327848427782222,#ffffff
44.4996359407253,-2.04832447372562543,#ffffff
44.5060852909067,-2.05335020654484701,#ffffff
44.5125504137819,-2.05835563303418212,#ffffff
44.5190312454150,-2.06334070369313816,#ffffff
44.5255277217148,-2.06830536922253350,#ffffff
44.5320397784351,-2.07324958052497665,#ffffff
44.5385673511759,-2.07817328870535833,#ffffff
44.5451103753836,-2.08307644507132972,#ffffff
44.5516687863519,-2.08795900113378607,#ffffff
44.5582425192222,-2.09282090860735037,#ffffff
44.5648315089845,-2.09766211941084268,#ffffff
44.5714356904779,-2.10248258566776292,#ffffff
44.5780549983912,-2.10728225970675886,#ffffff
44.5846893672637,-2.11206109406210318,#ffffff
44.5913387314856,-2.11681904147415656,#ffffff
44.5980030252990,-2.12155605488984156,#ffffff
44.6046821827983,-2.12627208746310137,#ffffff
44.6113761379307,-2.13096709255536965,#ffffff
44.6180848244975,-2.13564102373602527,#ffffff
44.6248081761538,-2.14029383478285729,#ffffff
44.6315461264100,-2.14492547968251834,#ffffff
44.6382986086321,-2.14953591263098032,#ffffff
44.6450655560422,-2.15412508803398950,#ffffff
44.6518469017197,-2.15869296050751380,#ffffff
44.6586425786013,-2.16323948487819528,#ffffff
44.6654525194820,-2.16776461618379379,#ffffff
44.6722766570159,-2.17226830967363460,#ffffff
44.6791149237166,-2.17675052080904718,#ffffff
44.6859672519579,-2.18121120526381107,#ffffff
44.6928335739747,-2.18565031892458705,#ffffff
44.6997138218634,-2.19006781789136040,#ffffff
44.7066079275828,-2.19446365847787028,#ffffff
44.7135158229545,-2.19883779721204542,#ffffff
44.7204374396638,-2.20319019083642997,#ffffff
44.7273727092603,-2.20752079630861386,#ffffff
44.7343215631586,-2.21182957080165998,#ffffff
44.7412839326389,-2.21611647170452208,#ffffff
44.7482597488479,-2.22038145662247377,#ffffff
44.7552489427991,-2.22462448337752106,#ffffff
44.7622514453739,-2.22884551000882336,#ffffff
44.7692671873219,-2.23304449477310740,#ffffff
44.7762960992619,-2.23722139614507975,#ffffff
44.7833381116825,-2.24137617281783719,#ffffff
44.7903931549426,-2.24550878370327744,#ffffff
44.7974611592722,-2.24961918793250071,#ffffff
44.8045420547734,-2.25370734485622126,#ffffff
44.8116357714206,-2.25777321404516096,#ffffff
44.8187422390614,-2.26181675529045512,#ffffff
44.8258613874173,-2.26583792860404820,#ffffff
44.8329931460845,-2.26983669421908907,#ffffff
44.8401374445345,-2.27381301259032487,#ffffff
44.8472942121147,-2.27776684439449095,#ffffff
44.8544633780491,-2.28169815053070169,#ffffff
44.8616448714393,-2.28560689212083457,#ffffff
44.8688386212648,-2.28949303050991793,#ffffff
44.8760445563842,-2.29335652726650929,#ffffff
44.8832626055351,-2.29719734418307953,#ffffff
44.8904926973357,-2.30101544327638718,#ffffff
44.8977347602850,-2.30481078678785645,#ffffff
44.9049887227636,-2.30858333718394970,#ffffff
44.9122545130344,-2.31233305715653836,#ffffff
44.9195320592433,-2.31605990962327368,#ffffff
44.9268212894201,-2.31976385772794957,#ffffff
44.9341221314788,-2.32344486484087165,#ffffff
44.9414345132188,-2.32710289455921604,#ffffff
44.9487583623253,-2.33073791070739267,#ffffff
44.9560936063700,-2.33434987733739741,#ffffff
44.9634401728120,-2.33793875872917534,#ffffff
44.9707979889986,-2.34150451939096715,#ffffff
44.9781669821654,-2.34504712405966442,#ffffff
44.9855470794379,-2.34856653770115642,#ffffff
44.9929382078317,-2.35206272551067475,#ffffff
45.0003402942530,-2.35553565291314371,#ffffff
45.0077532655000,-2.35898528556351517,#ffffff
45.0151770482632,-2.36241158934711271,#ffffff
45.0226115691259,-2.36581453037996736,#ffffff
45.0300567545656,-2.36919407500915291,#ffffff
45.0375125309541,-2.37255018981311760,#ffffff
45.0449788245584,-2.37588284160201813,#ffffff
45.0524555615416,-2.37919199741804333,#ffffff
45.0599426679637,-2.38247762453574374,#ffffff
45.0674400697818,-2.38573969046235268,#ffffff
45.0749476928515,-2.38897816293810950,#ffffff
45.0824654629270,-2.39219300993657757,#ffffff
45.0899933056624,-2.39538419966496052,#ffffff
45.0975311466121,-2.39855170056441835,#ffffff
45.1050789112318,-2.40169548131037836,#ffffff
45.1126365248786,-2.40481551081284506,#ffffff
45.1202039128128,-2.40791175821670711,#ffffff
45.1277810001976,-2.41098419290204413,#ffffff
45.1353677121003,-2.41403278448442649,#ffffff
45.1429639734934,-2.41705750281522036,#ffffff
45.1505697092544,-2.42005831798188087,#ffffff
45.1581848441677,-2.42303520030825226,#ffffff
45.1658093029242,-2.42598812035485700,#ffffff
45.1734430101230,-2.42891704891919114,#ffffff
45.1810858902715,-2.43182195703601156,#ffffff
45.1887378677865,-2.43470281597761984,#ffffff
45.1963988669949,-2.43755959725415128,#ffffff
45.2040688121341,-2.44039227261385205,#ffffff
45.2117476273533,-2.44320081404336165,#ffffff
45.2194352367138,-2.44598519376798818,#ffffff
45.2271315641902,-2.44874538425198462,#ffffff
45.2348365336706,-2.45148135819881885,#ffffff
45.2425500689578,-2.45419308855144536,#ffffff
45.2502720937698,-2.45688054849257353,#ffffff
45.2580025317406,-2.45954371144493011,#ffffff
45.2657413064212,-2.46218255107152428,#ffffff
45.2734883412800,-2.46479704127590793,#ffffff
45.2812435597037,-2.46738715620243276,#ffffff
45.2890068849981,-2.46995287023650612,#ffffff
45.2967782403889,-2.47249415800484584,#ffffff
45.3045575490224,-2.47501099437572858,#ffffff
45.3123447339660,-2.47750335445924152,#ffffff
45.3201397182094,-2.47997121360752493,#ffffff
45.3279424246654,-2.48241454741501943,#ffffff
45.3357527761699,-2.48483333171870369,#ffffff
45.3435706954836,-2.48722754259833811,#ffffff
45.3513961052922,-2.48959715637669632,#ffffff
45.3592289282075,-2.49194214961980220,#ffffff
45.3670690867677,-2.49426249913716225,#ffffff
45.3749165034386,-2.49655818198199242,#ffffff
45.3827711006144,-2.49882917545144734,#ffffff
45.3906328006180,-2.50107545708684231,#ffffff
45.3985015257022,-2.50329700467387939,#ffffff
45.4063771980502,-2.50549379624286273,#ffffff
45.4142597397768,-2.50766581006891842,#ffffff
45.4221490729286,-2.50981302467220857,#ffffff
45.4300451194850,-2.51193541881814442,#ffffff
45.4379478013592,-2.51403297151759553,#ffffff
45.4458570403987,-2.51610566202709673,#ffffff
45.4537727583861,-2.51815346984905553,#ffffff
45.4616948770400,-2.52017637473195233,#ffffff
45.4696233180157,-2.52217435667054168,#ffffff
45.4775580029059,-2.52414739590605164,#ffffff
45.4854988532416,-2.52609547292637648,#ffffff
45.4934457904929,-2.52801856846627127,#ffffff
45.5013987360697,-2.52991666350754185,#ffffff
45.5093576113222,-2.53178973927923368,#ffffff
45.5173223375423,-2.53363777725781647,#ffffff
45.5252928359639,-2.53546075916736724,#ffffff
45.5332690277639,-2.53725866697975411,#ffffff
45.5412508340628,-2.53903148291480818,#ffffff
45.5492381759255,-2.54077918944050651,#ffffff
45.5572309743623,-2.54250176927314087,#ffffff
45.5652291503296,-2.54419920537749089,#ffffff
45.5732326247304,-2.54587148096699067,#ffffff
45.5812413184155,-2.54751857950389660,#ffffff
45.5892551521840,-2.54914048469944943,#ffffff
45.5972740467841,-2.55073718051403686,#ffffff
45.6052979229140,-2.55230865115735117,#ffffff
45.6133267012228,-2.55385488108854508,#ffffff
45.6213603023109,-2.55537585501638631,#ffffff
45.6293986467311,-2.55687155789940856,#ffffff
45.6374416549893,-2.55834197494605986,#ffffff
45.6454892475451,-2.55978709161484907,#ffffff
45.6535413448132,-2.56120689361448983,#ffffff
45.6615978671632,-2.56260136690404172,#ffffff
45.6696587349213,-2.56397049769304974,#ffffff
45.6777238683708,-2.56531427244167887,#ffffff
45.6857931877524,-2.56663267786085081,#ffffff
45.6938666132657,-2.56792570091237238,#ffffff
45.7019440650698,-2.56919332880906692,#ffffff
45.7100254632838,-2.57043554901489912,#ffffff
45.7181107279876,-2.57165234924509933,#ffffff
45.7261997792233,-2.57284371746628704,#ffffff
45.7342925369952,-2.57400964189658588,#ffffff
45.7423889212711,-2.57515011100574398,#ffffff
45.7504888519829,-2.57626511351524545,#ffffff
45.7585922490274,-2.57735463839842405,#ffffff
45.7666990322671,-2.57841867488056975,#ffffff
45.7748091215312,-2.57945721243903803,#ffffff
45.7829224366160,-2.58047024080335108,#ffffff
45.7910388972860,-2.58145774995530175,#ffffff
45.7991584232744,-2.58241973012905213,#ffffff
45.8072809342844,-2.58335617181122768,#ffffff
45.8154063499895,-2.58426706574101583,#ffffff
45.8235345900345,-2.58515240291025350,#ffffff
45.8316655740362,-2.58601217456351895,#ffffff
45.8397992215844,-2.58684637219821489,#ffffff
45.8479354522424,-2.58765498756465773,#ffffff
45.8560741855482,-2.58843801266615392,#ffffff
45.8642153410147,-2.58919543975908306,#ffffff
45.8723588381312,-2.58992726135297158,#ffffff
45.8805045963637,-2.59063347021056911,#ffffff
45.8886525351557,-2.59131405934791781,#ffffff
45.8968025739293,-2.59196902203442336,#ffffff
45.9049546320858,-2.59259835179292075,#ffffff
45.9131086290065,-2.59320204239973817,#ffffff
45.9212644840536,-2.59378008788475878,#ffffff
45.9294221165708,-2.59433248253148019,#ffffff
45.9375814458843,-2.59485922087706911,#ffffff
45.9457423913037,-2.59536029771241816,#ffffff
45.9539048721221,-2.59583570808219610,#ffffff
45.9620688076180,-2.59628544728489530,#ffffff
45.9702341170552,-2.59670951087288149,#ffffff
45.9784007196840,-2.59710789465243463,#ffffff
45.9865685347418,-2.59748059468379155,#ffffff
45.9947374814542,-2.59782760728118589,#ffffff
46.0029074790353,-2.59814892901288408,#ffffff
46.0110784466893,-2.59844455670121732,#ffffff
46.0192503036103,-2.59871448742261624,#ffffff
46.0274229689839,-2.59895871850763660,#ffffff
46.0355963619876,-2.59917724754098778,#ffffff
46.0437704017918,-2.59937007236155759,#ffffff
46.0519450075604,-2.59953719106243053,#ffffff
46.0601200984517,-2.59967860199090772,#ffffff
46.0682955936193,-2.59979430374852649,#ffffff
46.0764714122127,-2.59988429519106878,#ffffff
46.0846474733782,-2.59994857542857671,#ffffff
46.0928236962599,-2.59998714382535967,#ffffff
46.1010000000000,-2.60000000000000009,#ffffff
46.1010000000000,-2.60000000000000009,#ffffff
46.1010000000000,-2.49900000000000011,#ffffff
46.1010000000000,-2.49900000000000011,#ffffff
46.0931413142129,-2.49898764323829736,#ffffff
46.0852827061431,-2.49895057307538959,#ffffff
46.0774242535075,-2.49888878987787688,#ffffff
46.0695660340210,-2.49880229425675671,#ffffff
46.0617081253965,-2.49869108706741505,#ffffff
46.0538506053436,-2.49855516940962064,#ffffff
46.0459935515684,-2.49839454262751248,#ffffff
46.0381370417719,-2.49820920830958793,#ffffff
46.0302811536503,-2.49799916828868618,#ffffff
46.0224259648931,-2.49776442464196835,#ffffff
46.0145715531833,-2.49750497969090102,#ffffff
46.0067179961959,-2.49722083600123002,#ffffff
45.9988653715977,-2.49691199638295558,#ffffff
45.9910137570461,-2.49657846389030569,#ffffff
45.9831632301886,-2.49622024182170543,#ffffff
45.9753138686619,-2.49583733371974281,#ffffff
45.9674657500913,-2.49542974337113632,#ffffff
45.9596189520897,-2.49499747480669543,#ffffff
45.9517735522569,-2.49454053230128192,#ffffff
45.9439296281788,-2.49405892037376731,#ffffff
45.9360872574271,-2.49355264378698793,#ffffff
45.9282465175576,-2.49302170754769703,#ffffff
45.9204074861104,-2.49246611690651765,#ffffff
45.9125702406086,-2.49188587735788802,#ffffff
45.9047348585574,-2.49128099464000918,#ffffff
45.8969014174438,-2.49065147473478721,#ffffff
45.8890699947357,-2.48999732386777373,#ffffff
45.8812406678808,-2.48931854850810641,#ffffff
45.8734135143061,-2.48861515536844191,#ffffff
45.8655886114173,-2.48788715140489192,#ffffff
45.8577660365976,-2.48713454381695387,#ffffff
45.8499458672074,-2.48635734004743814,#ffffff
45.8421281805832,-2.48555554778239740,#ffffff
45.8343130540370,-2.48472917495104761,#ffffff
45.8265005648553,-2.48387822972569206,#ffffff
45.8186907902987,-2.48300272052163784,#ffffff
45.8108838076011,-2.48210265599711555,#ffffff
45.8030796939683,-2.48117804505319217,#ffffff
45.7952785265782,-2.48022889683368275,#ffffff
45.7874803825794,-2.47925522072506022,#ffffff
45.7796853390906,-2.47825702635636347,#ffffff
45.7718934731998,-2.47723432359910056,#ffffff
45.7641048619635,-2.47618712256715368,#ffffff
45.7563195824063,-2.47511543361667474,#ffffff
45.7485377115196,-2.47401926734598776,#ffffff
45.7407593262612,-2.47289863459548132,#ffffff
45.7329845035543,-2.47175354644750156,#ffffff
45.7252133202870,-2.47058401422624341,#ffffff
45.7174458533114,-2.46939004949763774,#ffffff
45.7096821794427,-2.46817166406923816,#ffffff
45.7019223754589,-2.46692886999010241,#ffffff
45.6941665180994,-2.46566167955067561,#ffffff
45.6864146840648,-2.46437010528266587,#ffffff
45.6786669500157,-2.46305415995892352,#ffffff
45.6709233925723,-2.46171385659331188,#ffffff
45.6631840883136,-2.46034920844058025,#ffffff
45.6554491137762,-2.45896022899623246,#ffffff
45.6477185454542,-2.45754693199639318,#ffffff
45.6399924597981,-2.45610933141767296,#ffffff
45.6322709332138,-2.45464744147702874,#ffffff
45.6245540420624,-2.45316127663162353,#ffffff
45.6168418626590,-2.45165085157868390,#ffffff
45.6091344712722,-2.45011618125535557,#ffffff
45.6014319441232,-2.44855728083855295,#ffffff
45.5937343573851,-2.44697416574481164,#ffffff
45.5860417871822,-2.44536685163013479,#ffffff
45.5783543095890,-2.44373535438983858,#ffffff
45.5706720006299,-2.44207969015839454,#ffffff
45.5629949362780,-2.44039987530927149,#ffffff
45.5553231924546,-2.43869592645477118,#ffffff
45.5476568450284,-2.43696786044586622,#ffffff
45.5399959698147,-2.43521569437203222,#ffffff
45.5323406425747,-2.43343944556107905,#ffffff
45.5246909390146,-2.43163913157897982,#ffffff
45.5170469347853,-2.42981477022969727,#ffffff
45.5094087054811,-2.42796637955500572,#ffffff
45.5017763266392,-2.42609397783431691,#ffffff
45.4941498737389,-2.42419758358449400,#ffffff
45.4865294222011,-2.42227721555967257,#ffffff
45.4789150473872,-2.42033289275107322,#ffffff
45.4713068245986,-2.41836463438681371,#ffffff
45.4637048290756,-2.41637245993171978,#ffffff
45.4561091359973,-2.41435638908713202,#ffffff
45.4485198204802,-2.41231644179071125,#ffffff
45.4409369575778,-2.41025263821624103,#ffffff
45.4333606222798,-2.40816499877342816,#ffffff
45.4257908895114,-2.40605354410770156,#ffffff
45.4182278341324,-2.40391829510000754,#ffffff
45.4106715309367,-2.40175927286660240,#ffffff
45.4031220546512,-2.39957649875884638,#ffffff
45.3955794799355,-2.39736999436298825,#ffffff
45.3880438813810,-2.39513978149995665,#ffffff
45.3805153335097,-2.39288588222514020,#ffffff
45.3729939107744,-2.39060831882817215,#ffffff
45.3654796875571,-2.38830711383270833,#ffffff
45.3579727381687,-2.38598228999620510,#ffffff
45.3504731368482,-2.38363387030969420,#ffffff
45.3429809577619,-2.38126187799755584,#ffffff
45.3354962750026,-2.37886633651728729,#ffffff
45.3280191625892,-2.37644726955927288,#ffffff
45.3205496944655,-2.37400470104654993,#ffffff
45.3130879444998,-2.37153865513456896,#ffffff
45.3056339864841,-2.36904915621095924,#ffffff
45.2981878941333,-2.36653622889528448,#ffffff
45.2907497410846,-2.36399989803880040,#ffffff
45.2833196008964,-2.36144018872420824,#ffffff
45.2758975470483,-2.35885712626540878,#ffffff
45.2684836529396,-2.35625073620724956,#ffffff
45.2610779918890,-2.35362104432527319,#ffffff
45.2536806371338,-2.35096807662546325,#ffffff
45.2462916618292,-2.34829185934398499,#ffffff
45.2389111390473,-2.34559241894692949,#ffffff
45.2315391417770,-2.34286978213004771,#ffffff
45.2241757429225,-2.34012397581848930,#ffffff
45.2168210153033,-2.33735502716653576,#ffffff
45.2094750316528,-2.33456296355733084,#ffffff
45.2021378646183,-2.33174781260261099,#ffffff
45.1948095867596,-2.32890960214243181,#ffffff
45.1874902705488,-2.32604836024489314,#ffffff
45.1801799883692,-2.32316411520586019,#ffffff
45.1728788125149,-2.32025689554868553,#ffffff
45.1655868151899,-2.31732673002392620,#ffffff
45.1583040685074,-2.31437364760905862,#ffffff
45.1510306444891,-2.31139767750819258,#ffffff
45.1437666150647,-2.30839884915178306,#ffffff
45.1365120520707,-2.30537719219633930,#ffffff
45.1292670272501,-2.30233273652412951,#ffffff
45.1220316122517,-2.29926551224288733,#ffffff
45.1148058786291,-2.29617554968551385,#ffffff
45.1075898978403,-2.29306287940977693,#ffffff
45.1003837412467,-2.28992753219800926,#ffffff
45.0931874801125,-2.28676953905680458,#ffffff
45.0860011856044,-2.28358893121670903,#ffffff
45.0788249287901,-2.28038574013191608,#ffffff
45.0716587806383,-2.27715999747995124,#ffffff
45.0645028120176,-2.27391173516136114,#ffffff
45.0573570936960,-2.27064098529939828,#ffffff
45.0502216963402,-2.26734778023970174,#ffffff
45.0430966905147,-2.26403215254997914,#ffffff
45.0359821466813,-2.26069413501968342,#ffffff
45.0288781351982,-2.25733376065968816,#ffffff
45.0217847263198,-2.25395106270196255,#ffffff
45.0147019901952,-2.25054607459924183,#ffffff
45.0076299968682,-2.24711883002469603,#ffffff
45.0005688162764,-2.24366936287159868,#ffffff
44.9935185182503,-2.24019770725298972,#ffffff
44.9864791725130,-2.23670389750133936,#ffffff
44.9794508486790,-2.23318796816820697,#ffffff
44.9724336162541,-2.22964995402390231,#ffffff
44.9654275446343,-2.22608989005713909,#ffffff
44.9584327031050,-2.22250781147468857,#ffffff
44.9514491608409,-2.21890375370103499,#ffffff
44.9444769869047,-2.21527775237802071,#ffffff
44.9375162502469,-2.21162984336449675,#ffffff
44.9305670197047,-2.20796006273596790,#ffffff
44.9236293640015,-2.20426844678423395,#ffffff
44.9167033517465,-2.20055503201703306,#ffffff
44.9097890514334,-2.19681985515767986,#ffffff
44.9028865314403,-2.19306295314470168,#ffffff
44.8959958600287,-2.18928436313147490,#ffffff
44.8891171053430,-2.18548412248585455,#ffffff
44.8822503354097,-2.18166226878980973,#ffffff
44.8753956181369,-2.17781883983904478,#ffffff
44.8685530213132,-2.17395387364263382,#ffffff
44.8617226126077,-2.17006740842263746,#ffffff
44.8549044595688,-2.16615948261372981,#ffffff
44.8480986296236,-2.16223013486281568,#ffffff
44.8413051900775,-2.15827940402865037,#ffffff
44.8345242081133,-2.15430732918145251,#ffffff
44.8277557507906,-2.15031394960252076,#ffffff
44.8209998850452,-2.14629930478384479,#ffffff
44.8142566776882,-2.14226343442771139,#ffffff
44.8075261954058,-2.13820637844631767,#ffffff
44.8008085047580,-2.13412817696137003,#ffffff
44.7941036721787,-2.13002887030369337,#ffffff
44.7874117639743,-2.12590849901282608,#ffffff
44.7807328463236,-2.12176710383662570,#ffffff
44.7740669852768,-2.11760472573086123,#ffffff
44.7674142467551,-2.11342140585880855,#ffffff
44.7607746965498,-2.10921718559084592,#ffffff
44.7541484003218,-2.10499210650404223,#ffffff
44.7475354236011,-2.10074621038174758,#ffffff
44.7409358317857,-2.09647953921317853,#ffffff
44.7343496901414,-2.09219213519300418,#ffffff
44.7277770638011,-2.08788404072092826,#ffffff
44.7212180177637,-2.08355529840126996,#ffffff
44.7146726168941,-2.07920595104254247,#ffffff
44.7081409259222,-2.07483604165703017,#ffffff
44.7016230094421,-2.07044561346036149,#ffffff
44.6951189319121,-2.06603470987108517,#ffffff
44.6886287576533,-2.06160337451023601,#ffffff
44.6821525508493,-2.05715165120090804,#ffffff
44.6756903755458,-2.05267958396781847,#ffffff
44.6692422956496,-2.04818721703687290,#ffffff
44.6628083749280,-2.04367459483472791,#ffffff
44.6563886770086,-2.03914176198835184,#ffffff
44.6499832653779,-2.03458876332458427,#ffffff
44.6435922033815,-2.03001564386969102,#ffffff
44.6372155542229,-2.02542244884892009,#ffffff
44.6308533809632,-2.02080922368605354,#ffffff
44.6245057465201,-2.01617601400296031,#ffffff
44.6181727136678,-2.01152286561914195,#ffffff
44.6118543450359,-2.00684982455128180,#ffffff
44.6055507031091,-2.00215693701278941,#ffffff
44.5992618502264,-1.99744424941334286,#ffffff
44.5929878485805,-1.99271180835843009,#ffffff
44.5867287602174,-1.98795966064888940,#ffffff
44.5804846470354,-1.98318785328044389,#ffffff
44.5742555707850,-1.97839643344323868,#ffffff
44.5680415930676,-1.97358544852137463,#ffffff
44.5618427753356,-1.96875494609243784,#ffffff
44.5556591788914,-1.96390497392703023,#ffffff
44.5494908648867,-1.95903557998829791,#ffffff
44.5433378943224,-1.95414681243145472,#ffffff
44.5372003280473,-1.94923871960330808,#ffffff
44.5310782267582,-1.94431135004178035,#ffffff
44.5249716509987,-1.93936475247542806,#ffffff
44.5188806611589,-1.93439897582296028,#ffffff
44.5128053174749,-1.92941406919275549,#ffffff
44.5067456800280,-1.92441008188237550,#ffffff
44.5007018087441,-1.91938706337807763,#ffffff
44.4946737633933,-1.91434506335432619,#ffffff
44.4886616035892,-1.90928413167330002,#ffffff
44.4826653887881,-1.90420431838440019,#ffffff
44.4766851782889,-1.89910567372375505,#ffffff
44.4707210312320,-1.89398824811372357,#ffffff
44.4647730065991,-1.88885209216239569,#ffffff
44.4588411632123,-1.88369725666309251,#ffffff
44.4529255597338,-1.87852379259386515,#ffffff
44.4470262546652,-1.87333175111698846,#ffffff
44.4411433063468,-1.86812118357845547,#ffffff
44.4352767729573,-1.86289214150747218,#ffffff
44.4294267125129,-1.85764467661594379,#ffffff
44.4235931828671,-1.85237884079796711,#ffffff
44.4177762417097,-1.84709468612931493,#ffffff
44.4119759465667,-1.84179226486692205,#ffffff
44.4061923547991,-1.83647162944836850,#ffffff
44.4004255236032,-1.83113283249136027,#ffffff
44.3946755100092,-1.82577592679320988,#ffffff
44.3889423708810,-1.82040096533031348,#ffffff
44.3832261629159,-1.81500800125762729,#ffffff
44.3775269426433,-1.80959708790814267,#ffffff
44.3718447664251,-1.80416827879235653,#ffffff
44.3661796904543,-1.79872162759774490,#ffffff
44.3605317707550,-1.79325718818822999,#ffffff
44.3549010631814,-1.78777501460364796,#ffffff
44.3492876234178,-1.78227516105921469,#ffffff
44.3436915069774,-1.77675768194499062,#ffffff
44.3381127692023,-1.77122263182534101,#ffffff
44.3325514652626,-1.76567006543839722,#ffffff
44.3270076501562,-1.76010003769551537,#ffffff
44.3214813787079,-1.75451260368073392,#ffffff
44.3159727055689,-1.74890781865022715,#ffffff
44.3104816852165,-1.74328573803176146,#ffffff
44.3050083719535,-1.73764641742414461,#ffffff
44.2995528199075,-1.73198991259667645,#ffffff
44.2941150830303,-1.72631627948859889,#ffffff
44.2886952150978,-1.72062557420854123,#ffffff
44.2832932697089,-1.71491785303396527,#ffffff
44.2779093002856,-1.70919317241061020,#ffffff
44.2725433600719,-1.70345158895193260,#ffffff
44.2671955021335,-1.69769315943854759,#ffffff
44.2618657793572,-1.69191794081766744,#ffffff
44.2565542444508,-1.68612599020253695,#ffffff
44.2512609499418,-1.68031736487187078,#ffffff
44.2459859481777,-1.67449212226928568,#ffffff
44.2407292913248,-1.66865032000273272,#ffffff
44.2354910313682,-1.66279201584392711,#ffffff
44.2302712201109,-1.65691726772777770,#ffffff
44.2250699091734,-1.65102613375181373,#ffffff
44.2198871499936,-1.64511867217560970,#ffffff
44.2147229938256,-1.63919494142021027,#ffffff
44.2095774917395,-1.63325500006755098,#ffffff
44.2044506946212,-1.62729890685988132,#ffffff
44.1993426531715,-1.62132672069918193,#ffffff
44.1942534179055,-1.61533850064658147,#ffffff
44.1891830391527,-1.60933430592177484,#ffffff
44.1841315670559,-1.60331419590243551,#ffffff
44.1790990515708,-1.59727823012362946,#ffffff
44.1740855424659,-1.59122646827722658,#ffffff
44.1690910893216,-1.58515897021130869,#ffffff
44.1641157415299,-1.57907579592958003,#ffffff
44.1591595482938,-1.57297700559077169,#ffffff
44.1542225586269,-1.56686265950804815,#ffffff
44.1493048213528,-1.56073281814841014,#ffffff
44.1444063851051,-1.55458754213209716,#ffffff
44.1395272983259,-1.54842689223198704,#ffffff
44.1346676092664,-1.54225092937299668,#ffffff
44.1298273659859,-1.53605971463147695,#ffffff
44.1250066163512,-1.52985330923461116,#ffffff
44.1202054080365,-1.52363177455980825,#ffffff
44.1154237885228,-1.51739517213409592,#ffffff
44.1106618050972,-1.51114356363351310,#ffffff
44.1059195048527,-1.50487701088249848,#ffffff
44.1011969346876,-1.49859557585328029,#ffffff
44.0964941413051,-1.49229932066526283,#ffffff
44.0918111712130,-1.48598830758441247,#ffffff
44.0871480707228,-1.47966259902264174,#ffffff
44.0825048859496,-1.47332225753719204,#ffffff
44.0778816628115,-1.46696734583001587,#ffffff
44.0732784470293,-1.46059792674715472,#ffffff
44.0686952841259,-1.45421406327811953,#ffffff
44.0641322194258,-1.44781581855526720,#ffffff
44.0595892980549,-1.44140325585317530,#ffffff
44.0550665649398,-1.43497643858801838,#ffffff
44.0505640648074,-1.42853543031693841,#ffffff
44.0460818421846,-1.42208029473741804,#ffffff
44.0416199413977,-1.41561109568664967,#ffffff
44.0371784065721,-1.40912789714090447,#ffffff
44.0327572816318,-1.40263076321490088,#ffffff
44.0283566102988,-1.39611975816116707,#ffffff
44.0239764360931,-1.38959494636941017,#ffffff
44.0196168023317,-1.38305639236587607,#ffffff
44.0152777521287,-1.37650416081271287,#ffffff
44.0109593283945,-1.36993831650732978,#ffffff
44.0066615738356,-1.36335892438175943,#ffffff
44.0023845309541,-1.35676604950201174,#ffffff
43.9981282420472,-1.35015975706743463,#ffffff
43.9938927492068,-1.34354011241006499,#ffffff
43.9896780943194,-1.33690718099398653,#ffffff
43.9854843190652,-1.33026102841467919,#ffffff
43.9813114649179,-1.32360172039837254,#ffffff
43.9771595731445,-1.31692932280139474,#ffffff
43.9730286848045,-1.31024390160952220,#ffffff
43.9689188407497,-1.30354552293732584,#ffffff
43.9648300816240,-1.29683425302751787,#ffffff
43.9607624478625,-1.29011015825029629,#ffffff
43.9567159796916,-1.28337330510269054,#ffffff
43.9526907171283,-1.27662376020790003,#ffffff
43.9486866999799,-1.26986159031463930,#ffffff
43.9447039678435,-1.26308686229647482,#ffffff
43.9407425601058,-1.25629964315116593,#ffffff
43.9368025159427,-1.24950000000000006,#ffffff
43.9328838743187,-1.24268800008713187,#ffffff
43.9289866739866,-1.23586371077891499,#ffffff
43.9251109534873,-1.22902719956323803,#ffffff
43.9212567511493,-1.22217853404885668,#ffffff
43.9174241050881,-1.21531778196472473,#ffffff
43.9136130532061,-1.20844501115932434,#ffffff
43.9098236331923,-1.20156028959999506,#ffffff
43.9060558825217,-1.19466368537226253,#ffffff
43.9023098384547,-1.18775526667916376,#ffffff
43.8985855380376,-1.18083510184057361,#ffffff
43.8948830181012,-1.17390325929252870,#ffffff
43.8912023152611,-1.16695980758655105,#ffffff
43.8875434659171,-1.16000481538896949,#ffffff
43.8839065062529,-1.15303835148024092,#ffffff
43.8802914722358,-1.14606048475427102,#ffffff
43.8766983996161,-1.13907128421773107,#ffffff
43.8731273239270,-1.13207081898937711,#ffffff
43.8695782804842,-1.12505915829936609,#ffffff
43.8660513043856,-1.11803637148856927,#ffffff
43.8625464305105,-1.11100252800789123,#ffffff
43.8590636935202,-1.10395769741757777,#ffffff
43.8556031278564,-1.09690194938653018,#ffffff
43.8521647677422,-1.08983535369161699,#ffffff
43.8487486471807,-1.08275798021698355,#ffffff
43.8453547999551,-1.07566989895335974,#ffffff
43.8419832596284,-1.06857117999736939,#ffffff
43.8386340595431,-1.06146189355083576,#ffffff
43.8353072328206,-1.05434210992008826,#ffffff
43.8320028123610,-1.04721189951526683,#ffffff
43.8287208308431,-1.04007133284962516,#ffffff
43.8254613207235,-1.03292048053883456,#ffffff
43.8222243142367,-1.02575941330028342,#ffffff
43.8190098433947,-1.01858820195238153,#ffffff
43.8158179399865,-1.01140691741385558,#ffffff
43.8126486355781,-1.00421563070305031,#ffffff
43.8095019615118,-0.99701441293722559,#ffffff
43.8063779489062,-0.98980333533185305,#ffffff
43.8032766286559,-0.98258246919991210,#ffffff
43.8001980314309,-0.97535188595118416,#ffffff
43.7971421876766,-0.96811165709154723,#ffffff
43.7941091276134,-0.96086185422226755,#ffffff
43.7910988812363,-0.95360254903929298,#ffffff
43.7881114783147,-0.94633381333254274,#ffffff
43.7851469483922,-0.93905571898519824,#ffffff
43.7822053207860,-0.93176833797299108,#ffffff
43.7792866245870,-0.92447174236349394,#ffffff
43.7763908886593,-0.91716600431540440,#ffffff
43.7735181416398,-0.90985119607783327,#ffffff
43.7706684119382,-0.90252738998958981,#ffffff
43.7678417277365,-0.89519465847846669,#ffffff
43.7650381169888,-0.88785307406052283,#ffffff
43.7622576074210,-0.88050270933936714,#ffffff
43.7595002265307,-0.87314363700543995,#ffffff
43.7567660015865,-0.86577592983529450,#ffffff
43.7540549596282,-0.85839966069087692,#ffffff
43.7513671274663,-0.85101490251880585,#ffffff
43.7487025316818,-0.84362172834965132,#ffffff
43.7460611986257,-0.83622021129721136,#ffffff
43.7434431544193,-0.82881042455779153,#ffffff
43.7408484249533,-0.82139244140947765,#ffffff
43.7382770358879,-0.81396633521141348,#ffffff
43.7357290126526,-0.80653217940307464,#ffffff
43.7332043804456,-0.79909004750354207,#ffffff
43.7307031642341,-0.79164001311077548,#ffffff
43.7282253887533,-0.78418214990088475,#ffffff
43.7257710785070,-0.77671653162740251,#ffffff
43.7233402577667,-0.76924323212055312,#ffffff
43.7209329505718,-0.76176232528652443,#ffffff
43.7185491807288,-0.75427388510673510,#ffffff
43.7161889718119,-0.74677798563710440,#ffffff
43.7138523471619,-0.73927470100731851,#ffffff
43.7115393298866,-0.73176410542009940,#ffffff
43.7092499428603,-0.72424627315046874,#ffffff
43.7069842087236,-0.71672127854501455,#ffffff
43.7047421498831,-0.70918919602115615,#ffffff
43.7025237885114,-0.70165010006640738,#ffffff
43.7003291465466,-0.69410406523764068,#ffffff
43.6981582456924,-0.68655116616034984,#ffffff
43.6960111074177,-0.67899147752791134,#ffffff
43.6938877529561,-0.67142507410084606,#ffffff
43.6917882033064,-0.66385203070608023,#ffffff
43.6897124792318,-0.65627242223620497,#ffffff
43.6876606012599,-0.64868632364873557,#ffffff
43.6856325896825,-0.64109380996537058,#ffffff
43.6836284645552,-0.63349495627125041,#ffffff
43.6816482456976,-0.62588983771421369,#ffffff
43.6796919526929,-0.61827852950405415,#ffffff
43.6777596048874,-0.61066110691177777,#ffffff
43.6758512213910,-0.60303764526885772,#ffffff
43.6739668210763,-0.59540821996648963,#ffffff
43.6721064225789,-0.58777290645484581,#ffffff
43.6702700442968,-0.58013178024232925,#ffffff
43.6684577043907,-0.57248491689482695,#ffffff
43.6666694207836,-0.56483239203496260,#ffffff
43.6649052111603,-0.55717428134134839,#ffffff
43.6631650929679,-0.54951066054783659,#ffffff
43.6614490834149,-0.54184160544277227,#ffffff
43.6597571994716,-0.53416719186824080,#ffffff
43.6580894578697,-0.52648749571932019,#ffffff
43.6564458751021,-0.51880259294332942,#ffffff
43.6548264674228,-0.51111255953907797,#ffffff
43.6532312508466,-0.50341747155611383,#ffffff
43.6516602411493,-0.49571740509397144,#ffffff
43.6501134538671,-0.48801243630141966,#ffffff
43.6485909042969,-0.48030264137570794,#ffffff
43.6470926074955,-0.47258809656181322,#ffffff
43.6456185782803,-0.46486887815168576,#ffffff
43.6441688312285,-0.45714506248349474,#ffffff
43.6427433806772,-0.44941672594087295,#ffffff
43.6413422407230,-0.44168394495216301,#ffffff
43.6399654252225,-0.43394679598965896,#ffffff
43.6386129477914,-0.42620535556885186,#ffffff
43.6372848218050,-0.41845970024767248,#ffffff
43.6359810603974,-0.41070990662573426,#ffffff
43.6347016764622,-0.40295605134357576,#ffffff
43.6334466826515,-0.39519821108190301,#ffffff
43.6322160913765,-0.38743646256083075,#ffffff
43.6310099148070,-0.37967088253912390,#ffffff
43.6298281648712,-0.37190154781343865,#ffffff
43.6286708532559,-0.36412853521756283,#ffffff
43.6275379914063,-0.35635192162165591,#ffffff
43.6264295905255,-0.34857178393148841,#ffffff
43.6253456615750,-0.34078819908768371,#ffffff
43.6242862152741,-0.33300124406495368,#ffffff
43.6232512621001,-0.32521099587133967,#ffffff
43.6222408122881,-0.31741753154745017,#ffffff
43.6212548758306,-0.30962092816569942,#ffffff
43.6202934624781,-0.30182126282954491,#ffffff
43.6193565817382,-0.29401861267272489,#ffffff
43.6184442428762,-0.28621305485849546,#ffffff
43.6175564549144,-0.27840466657886781,#ffffff
43.6166932266326,-0.27059352505384454,#ffffff
43.6158545665676,-0.26277970753065610,#ffffff
43.6150404830130,-0.25496329128299677,#ffffff
43.6142509840198,-0.24714435361026024,#ffffff
43.6134860773955,-0.23932297183677698,#ffffff
43.6127457707046,-0.23149922331104639,#ffffff
43.6120300712683,-0.22367318540497422,#ffffff
43.6113389861643,-0.21584493551310663,#ffffff
43.6106725222271,-0.20801455105186500,#ffffff
43.6100306860476,-0.20018210945878018,#ffffff
43.6094134839731,-0.19234768819172679,#ffffff
43.6088209221073,-0.18451136472815713,#ffffff
43.6082530063103,-0.17667321656433507,#ffffff
43.6077097421985,-0.16883332121456954,#ffffff
43.6071911351444,-0.16099175621044806,#ffffff
43.6066971902767,-0.15314859910006948,#ffffff
43.6062279124801,-0.14530392744727913,#ffffff
43.6057833063956,-0.13745781883089858,#ffffff
43.6053633764199,-0.12961035084396061,#ffffff
43.6049681267061,-0.12176160109294133,#ffffff
43.6045975611627,-0.11391164719699270,#ffffff
43.6042516834545,-0.10606056678717486,#ffffff
43.6039304970020,-0.09820843750568846,#ffffff
43.6036340049815,-0.09035533700510687,#ffffff
43.6033622103252,-0.08250134294760812,#ffffff
43.6031151157208,-0.07464653300420707,#ffffff
43.6028927236121,-0.06679098485398706,#ffffff
43.6026950361983,-0.05893477618333191,#ffffff
43.6025220554344,-0.05107798468515694,#ffffff
43.6023737830312,-0.04322068805814298,#ffffff
43.6022502204549,-0.03536296400596458,#ffffff
43.6021513689275,-0.02750489023652382,#ffffff
43.6020772294265,-0.01964654446118124,#ffffff
43.6020278026852,-0.01178800439398738,#ffffff
43.6020030891923,-0.00392934775091416,#ffffff
43.6020030891923, 0.00392934775091360,#ffffff
43.6020278026852, 0.01178800439398682,#ffffff
43.6020772294265, 0.01964654446118069,#ffffff
43.6021513689275, 0.02750489023652326,#ffffff
43.6022502204549, 0.03536296400596402,#ffffff
43.6023737830312, 0.04322068805814242,#ffffff
43.6025220554344, 0.05107798468515694,#ffffff
43.6026950361983, 0.05893477618333135,#ffffff
43.6028927236121, 0.06679098485398650,#ffffff
43.6031151157208, 0.07464653300420651,#ffffff
43.6033622103252, 0.08250134294760757,#ffffff
43.6036340049815, 0.09035533700510631,#ffffff
43.6039304970020, 0.09820843750568790,#ffffff
43.6042516834545, 0.10606056678717431,#ffffff
43.6045975611627, 0.11391164719699215,#ffffff
43.6049681267061, 0.12176160109294079,#ffffff
43.6053633764199, 0.12961035084396005,#ffffff
43.6057833063956, 0.13745781883089803,#ffffff
43.6062279124801, 0.14530392744727857,#ffffff
43.6066971902767, 0.15314859910006948,#ffffff
43.6071911351444, 0.16099175621044751,#ffffff
43.6077097421985, 0.16883332121456898,#ffffff
43.6082530063103, 0.17667321656433452,#ffffff
43.6088209221073, 0.18451136472815657,#ffffff
43.6094134839731, 0.19234768819172623,#ffffff
43.6100306860476, 0.20018210945877962,#ffffff
43.6106725222271, 0.20801455105186445,#ffffff
43.6113389861643, 0.21584493551310607,#ffffff
43.6120300712683, 0.22367318540497366,#ffffff
43.6127457707046, 0.23149922331104583,#ffffff
43.6134860773955, 0.23932297183677642,#ffffff
43.6142509840198, 0.24714435361025969,#ffffff
43.6150404830130, 0.25496329128299622,#ffffff
43.6158545665676, 0.26277970753065555,#ffffff
43.6166932266326, 0.27059352505384399,#ffffff
43.6175564549144, 0.27840466657886731,#ffffff
43.6184442428762, 0.28621305485849491,#ffffff
43.6193565817382, 0.29401861267272433,#ffffff
43.6202934624781, 0.30182126282954441,#ffffff
43.6212548758306, 0.30962092816569886,#ffffff
43.6222408122881, 0.31741753154744962,#ffffff
43.6232512621001, 0.32521099587133911,#ffffff
43.6242862152741, 0.33300124406495313,#ffffff
43.6253456615750, 0.34078819908768315,#ffffff
43.6264295905255, 0.34857178393148786,#ffffff
43.6275379914063, 0.35635192162165535,#ffffff
43.6286708532559, 0.36412853521756228,#ffffff
43.6298281648712, 0.37190154781343815,#ffffff
43.6310099148070, 0.37967088253912340,#ffffff
43.6322160913765, 0.38743646256083020,#ffffff
43.6334466826515, 0.39519821108190251,#ffffff
43.6347016764622, 0.40295605134357521,#ffffff
43.6359810603974, 0.41070990662573370,#ffffff
43.6372848218050, 0.41845970024767193,#ffffff
43.6386129477914, 0.42620535556885136,#ffffff
43.6399654252225, 0.43394679598965841,#ffffff
43.6413422407230, 0.44168394495216245,#ffffff
43.6427433806772, 0.44941672594087295,#ffffff
43.6441688312285, 0.45714506248349424,#ffffff
43.6456185782803, 0.46486887815168521,#ffffff
43.6470926074955, 0.47258809656181267,#ffffff
43.6485909042969, 0.48030264137570744,#ffffff
43.6501134538671, 0.48801243630141911,#ffffff
43.6516602411493, 0.49571740509397089,#ffffff
43.6532312508466, 0.50341747155611327,#ffffff
43.6548264674228, 0.51111255953907742,#ffffff
43.6564458751021, 0.51880259294332887,#ffffff
43.6580894578697, 0.52648749571931963,#ffffff
43.6597571994716, 0.53416719186824035,#ffffff
43.6614490834149, 0.54184160544277171,#ffffff
43.6631650929679, 0.54951066054783659,#ffffff
43.6649052111603, 0.55717428134134783,#ffffff
43.6666694207836, 0.56483239203496205,#ffffff
43.6684577043907, 0.57248491689482639,#ffffff
43.6702700442968, 0.58013178024232870,#ffffff
43.6721064225789, 0.58777290645484526,#ffffff
43.6739668210763, 0.59540821996648907,#ffffff
43.6758512213910, 0.60303764526885717,#ffffff
43.6777596048874, 0.61066110691177722,#ffffff
43.6796919526929, 0.61827852950405360,#ffffff
43.6816482456976, 0.62588983771421314,#ffffff
43.6836284645552, 0.63349495627124985,#ffffff
43.6856325896825, 0.64109380996537002,#ffffff
43.6876606012599, 0.64868632364873513,#ffffff
43.6897124792318, 0.65627242223620441,#ffffff
43.6917882033064, 0.66385203070607979,#ffffff
43.6938877529561, 0.67142507410084562,#ffffff
43.6960111074177, 0.67899147752791078,#ffffff
43.6981582456924, 0.68655116616034939,#ffffff
43.7003291465466, 0.69410406523764012,#ffffff
43.7025237885114, 0.70165010006640682,#ffffff
43.7047421498831, 0.70918919602115560,#ffffff
43.7069842087236, 0.71672127854501422,#ffffff
43.7092499428603, 0.72424627315046819,#ffffff
43.7115393298866, 0.73176410542009884,#ffffff
43.7138523471619, 0.73927470100731796,#ffffff
43.7161889718119, 0.74677798563710385,#ffffff
43.7185491807288, 0.75427388510673454,#ffffff
43.7209329505718, 0.76176232528652388,#ffffff
43.7233402577667, 0.76924323212055268,#ffffff
43.7257710785070, 0.77671653162740195,#ffffff
43.7282253887533, 0.78418214990088431,#ffffff
43.7307031642341, 0.79164001311077492,#ffffff
43.7332043804456, 0.79909004750354162,#ffffff
43.7357290126526, 0.80653217940307420,#ffffff
43.7382770358879, 0.81396633521141293,#ffffff
43.7408484249533, 0.82139244140947709,#ffffff
43.7434431544193, 0.82881042455779097,#ffffff
43.7460611986257, 0.83622021129721136,#ffffff
43.7487025316818, 0.84362172834965077,#ffffff
43.7513671274663, 0.85101490251880529,#ffffff
43.7540549596282, 0.85839966069087636,#ffffff
43.7567660015865, 0.86577592983529394,#ffffff
43.7595002265307, 0.87314363700543940,#ffffff
43.7622576074210, 0.88050270933936658,#ffffff
43.7650381169888, 0.88785307406052227,#ffffff
43.7678417277365, 0.89519465847846613,#ffffff
43.7706684119382, 0.90252738998958937,#ffffff
43.7735181416398, 0.90985119607783271,#ffffff
43.7763908886593, 0.91716600431540385,#ffffff
43.7792866245870, 0.92447174236349361,#ffffff
43.7822053207860, 0.93176833797299108,#ffffff
43.7851469483922, 0.93905571898519768,#ffffff
43.7881114783147, 0.94633381333254230,#ffffff
43.7910988812363, 0.95360254903929254,#ffffff
43.7941091276134, 0.96086185422226711,#ffffff
43.7971421876766, 0.96811165709154667,#ffffff
43.8001980314309, 0.97535188595118383,#ffffff
43.8032766286559, 0.98258246919991166,#ffffff
43.8063779489062, 0.98980333533185261,#ffffff
43.8095019615118, 0.99701441293722504,#ffffff
43.8126486355781, 1.00421563070304964,#ffffff
43.8158179399865, 1.01140691741385491,#ffffff
43.8190098433947, 1.01858820195238109,#ffffff
43.8222243142367, 1.02575941330028342,#ffffff
43.8254613207235, 1.03292048053883412,#ffffff
43.8287208308431, 1.04007133284962472,#ffffff
43.8320028123610, 1.04721189951526572,#ffffff
43.8353072328206, 1.05434210992008759,#ffffff
43.8386340595431, 1.06146189355083465,#ffffff
43.8419832596284, 1.06857117999736895,#ffffff
43.8453547999551, 1.07566989895335974,#ffffff
43.8487486471807, 1.08275798021698311,#ffffff
43.8521647677422, 1.08983535369161699,#ffffff
43.8556031278564, 1.09690194938652974,#ffffff
43.8590636935202, 1.10395769741757777,#ffffff
43.8625464305105, 1.11100252800789101,#ffffff
43.8660513043856, 1.11803637148856927,#ffffff
43.8695782804842, 1.12505915829936498,#ffffff
43.8731273239270, 1.13207081898937667,#ffffff
43.8766983996161, 1.13907128421773018,#ffffff
43.8802914722358, 1.14606048475427036,#ffffff
43.8839065062529, 1.15303835148024003,#ffffff
43.8875434659171, 1.16000481538896882,#ffffff
43.8912023152611, 1.16695980758655105,#ffffff
43.8948830181012, 1.17390325929252826,#ffffff
43.8985855380376, 1.18083510184057361,#ffffff
43.9023098384547, 1.18775526667916331,#ffffff
43.9060558825217, 1.19466368537226253,#ffffff
43.9098236331923, 1.20156028959999439,#ffffff
43.9136130532061, 1.20844501115932390,#ffffff
43.9174241050881, 1.21531778196472384,#ffffff
43.9212567511493, 1.22217853404885646,#ffffff
43.9251109534873, 1.22902719956323714,#ffffff
43.9289866739866, 1.23586371077891455,#ffffff
43.9328838743187, 1.24268800008713098,#ffffff
43.9368025159427, 1.24949999999999961,#ffffff
43.9407425601058, 1.25629964315116593,#ffffff
43.9447039678435, 1.26308686229647438,#ffffff
43.9486866999799, 1.26986159031463930,#ffffff
43.9526907171283, 1.27662376020789980,#ffffff
43.9567159796916, 1.28337330510269054,#ffffff
43.9607624478625, 1.29011015825029585,#ffffff
43.9648300816240, 1.29683425302751743,#ffffff
43.9689188407497, 1.30354552293732473,#ffffff
43.9730286848045, 1.31024390160952175,#ffffff
43.9771595731445, 1.31692932280139385,#ffffff
43.9813114649179, 1.32360172039837209,#ffffff
43.9854843190652, 1.33026102841467830,#ffffff
43.9896780943194, 1.33690718099398609,#ffffff
43.9938927492068, 1.34354011241006499,#ffffff
43.9981282420472, 1.35015975706743419,#ffffff
44.0023845309541, 1.35676604950201174,#ffffff
44.0066615738356, 1.36335892438175876,#ffffff
44.0109593283945, 1.36993831650732978,#ffffff
44.0152777521287, 1.37650416081271199,#ffffff
44.0196168023317, 1.38305639236587585,#ffffff
44.0239764360931, 1.38959494636940972,#ffffff
44.0283566102988, 1.39611975816116662,#ffffff
44.0327572816318, 1.40263076321489977,#ffffff
44.0371784065721, 1.40912789714090425,#ffffff
44.0416199413977, 1.41561109568664856,#ffffff
44.0460818421846, 1.42208029473741737,#ffffff
44.0505640648074, 1.42853543031693841,#ffffff
44.0550665649398, 1.43497643858801793,#ffffff
44.0595892980549, 1.44140325585317530,#ffffff
44.0641322194258, 1.44781581855526653,#ffffff
44.0686952841259, 1.45421406327811931,#ffffff
44.0732784470293, 1.46059792674715427,#ffffff
44.0778816628115, 1.46696734583001565,#ffffff
44.0825048859496, 1.47332225753719159,#ffffff
44.0871480707228, 1.47966259902264152,#ffffff
44.0918111712130, 1.48598830758441158,#ffffff
44.0964941413051, 1.49229932066526239,#ffffff
44.1011969346876, 1.49859557585328029,#ffffff
44.1059195048527, 1.50487701088249803,#ffffff
44.1106618050972, 1.51114356363351310,#ffffff
44.1154237885228, 1.51739517213409547,#ffffff
44.1202054080365, 1.52363177455980781,#ffffff
44.1250066163512, 1.52985330923461049,#ffffff
44.1298273659859, 1.53605971463147672,#ffffff
44.1346676092664, 1.54225092937299602,#ffffff
44.1395272983259, 1.54842689223198704,#ffffff
44.1444063851051, 1.55458754213209649,#ffffff
44.1493048213528, 1.56073281814840992,#ffffff
44.1542225586269, 1.56686265950804726,#ffffff
44.1591595482938, 1.57297700559077147,#ffffff
44.1641157415299, 1.57907579592958003,#ffffff
44.1690910893216, 1.58515897021130825,#ffffff
44.1740855424659, 1.59122646827722658,#ffffff
44.1790990515708, 1.59727823012362902,#ffffff
44.1841315670559, 1.60331419590243529,#ffffff
44.1891830391527, 1.60933430592177418,#ffffff
44.1942534179055, 1.61533850064658102,#ffffff
44.1993426531715, 1.62132672069918105,#ffffff
44.2044506946212, 1.62729890685988132,#ffffff
44.2095774917395, 1.63325500006755053,#ffffff
44.2147229938256, 1.63919494142020961,#ffffff
44.2198871499936, 1.64511867217560881,#ffffff
44.2250699091734, 1.65102613375181306,#ffffff
44.2302712201109, 1.65691726772777770,#ffffff
44.2354910313682, 1.66279201584392666,#ffffff
44.2407292913248, 1.66865032000273272,#ffffff
44.2459859481777, 1.67449212226928523,#ffffff
44.2512609499418, 1.68031736487187078,#ffffff
44.2565542444508, 1.68612599020253628,#ffffff
44.2618657793572, 1.69191794081766700,#ffffff
44.2671955021335, 1.69769315943854715,#ffffff
44.2725433600719, 1.70345158895193260,#ffffff
44.2779093002856, 1.70919317241060975,#ffffff
44.2832932697089, 1.71491785303396505,#ffffff
44.2886952150978, 1.72062557420854034,#ffffff
44.2941150830303, 1.72631627948859845,#ffffff
44.2995528199075, 1.73198991259667645,#ffffff
44.3050083719535, 1.73764641742414416,#ffffff
44.3104816852165, 1.74328573803176146,#ffffff
44.3159727055689, 1.74890781865022693,#ffffff
44.3214813787079, 1.75451260368073370,#ffffff
44.3270076501562, 1.76010003769551493,#ffffff
44.3325514652626, 1.76567006543839677,#ffffff
44.3381127692023, 1.77122263182534034,#ffffff
44.3436915069774, 1.77675768194499062,#ffffff
44.3492876234178, 1.78227516105921424,#ffffff
44.3549010631814, 1.78777501460364729,#ffffff
44.3605317707550, 1.79325718818822910,#ffffff
44.3661796904543, 1.79872162759774468,#ffffff
44.3718447664251, 1.80416827879235653,#ffffff
44.3775269426433, 1.80959708790814244,#ffffff
44.3832261629159, 1.81500800125762729,#ffffff
44.3889423708810, 1.82040096533031304,#ffffff
44.3946755100092, 1.82577592679320988,#ffffff
44.4004255236032, 1.83113283249135983,#ffffff
44.4061923547991, 1.83647162944836850,#ffffff
44.4119759465667, 1.84179226486692160,#ffffff
44.4177762417097, 1.84709468612931471,#ffffff
44.4235931828671, 1.85237884079796644,#ffffff
44.4294267125129, 1.85764467661594357,#ffffff
44.4352767729573, 1.86289214150747129,#ffffff
44.4411433063468, 1.86812118357845525,#ffffff
44.4470262546652, 1.87333175111698846,#ffffff
44.4529255597338, 1.87852379259386493,#ffffff
44.4588411632123, 1.88369725666309251,#ffffff
44.4647730065991, 1.88885209216239525,#ffffff
44.4707210312320, 1.89398824811372335,#ffffff
44.4766851782889, 1.89910567372375461,#ffffff
44.4826653887881, 1.90420431838440019,#ffffff
44.4886616035892, 1.90928413167329936,#ffffff
44.4946737633933, 1.91434506335432597,#ffffff
44.5007018087441, 1.91938706337807719,#ffffff
44.5067456800280, 1.92441008188237528,#ffffff
44.5128053174749, 1.92941406919275482,#ffffff
44.5188806611589, 1.93439897582296005,#ffffff
44.5249716509987, 1.93936475247542806,#ffffff
44.5310782267582, 1.94431135004178013,#ffffff
44.5372003280473, 1.94923871960330808,#ffffff
44.5433378943224, 1.95414681243145427,#ffffff
44.5494908648867, 1.95903557998829769,#ffffff
44.5556591788914, 1.96390497392703001,#ffffff
44.5618427753356, 1.96875494609243762,#ffffff
44.5680415930676, 1.97358544852137441,#ffffff
44.5742555707850, 1.97839643344323868,#ffffff
44.5804846470354, 1.98318785328044300,#ffffff
44.5867287602174, 1.98795966064888918,#ffffff
44.5929878485805, 1.99271180835842965,#ffffff
44.5992618502264, 1.99744424941334264,#ffffff
44.6055507031091, 2.00215693701278941,#ffffff
44.6118543450359, 2.00684982455128136,#ffffff
44.6181727136678, 2.01152286561914195,#ffffff
44.6245057465201, 2.01617601400295987,#ffffff
44.6308533809632, 2.02080922368605354,#ffffff
44.6372155542229, 2.02542244884891964,#ffffff
44.6435922033815, 2.03001564386969102,#ffffff
44.6499832653779, 2.03458876332458383,#ffffff
44.6563886770086, 2.03914176198835184,#ffffff
44.6628083749280, 2.04367459483472702,#ffffff
44.6692422956496, 2.04818721703687245,#ffffff
44.6756903755458, 2.05267958396781802,#ffffff
44.6821525508493, 2.05715165120090804,#ffffff
44.6886287576533, 2.06160337451023601,#ffffff
44.6951189319121, 2.06603470987108473,#ffffff
44.7016230094421, 2.07044561346036149,#ffffff
44.7081409259222, 2.07483604165702928,#ffffff
44.7146726168941, 2.07920595104254247,#ffffff
44.7212180177637, 2.08355529840126952,#ffffff
44.7277770638011, 2.08788404072092826,#ffffff
44.7343496901414, 2.09219213519300373,#ffffff
44.7409358317857, 2.09647953921317853,#ffffff
44.7475354236011, 2.10074621038174714,#ffffff
44.7541484003218, 2.10499210650404223,#ffffff
44.7607746965498, 2.10921718559084548,#ffffff
44.7674142467551, 2.11342140585880811,#ffffff
44.7740669852768, 2.11760472573086123,#ffffff
44.7807328463236, 2.12176710383662570,#ffffff
44.7874117639743, 2.12590849901282608,#ffffff
44.7941036721787, 2.13002887030369292,#ffffff
44.8008085047580, 2.13412817696137003,#ffffff
44.8075261954058, 2.13820637844631722,#ffffff
44.8142566776882, 2.14226343442771139,#ffffff
44.8209998850452, 2.14629930478384434,#ffffff
44.8277557507906, 2.15031394960252076,#ffffff
44.8345242081133, 2.15430732918145207,#ffffff
44.8413051900775, 2.15827940402864993,#ffffff
44.8480986296236, 2.16223013486281523,#ffffff
44.8549044595688, 2.16615948261372981,#ffffff
44.8617226126077, 2.17006740842263746,#ffffff
44.8685530213132, 2.17395387364263337,#ffffff
44.8753956181369, 2.17781883983904478,#ffffff
44.8822503354097, 2.18166226878980885,#ffffff
44.8891171053430, 2.18548412248585455,#ffffff
44.8959958600287, 2.18928436313147401,#ffffff
44.9028865314403, 2.19306295314470168,#ffffff
44.9097890514334, 2.19681985515767941,#ffffff
44.9167033517465, 2.20055503201703262,#ffffff
44.9236293640015, 2.20426844678423350,#ffffff
44.9305670197047, 2.20796006273596745,#ffffff
44.9375162502469, 2.21162984336449675,#ffffff
44.9444769869047, 2.21527775237802027,#ffffff
44.9514491608409, 2.21890375370103499,#ffffff
44.9584327031050, 2.22250781147468857,#ffffff
44.9654275446343, 2.22608989005713909,#ffffff
44.9724336162541, 2.22964995402390231,#ffffff
44.9794508486790, 2.23318796816820697,#ffffff
44.9864791725130, 2.23670389750133891,#ffffff
44.9935185182503, 2.24019770725298972,#ffffff
45.0005688162764, 2.24366936287159868,#ffffff
45.0076299968682, 2.24711883002469603,#ffffff
45.0147019901952, 2.25054607459924139,#ffffff
45.0217847263198, 2.25395106270196210,#ffffff
45.0288781351982, 2.25733376065968816,#ffffff
45.0359821466813, 2.26069413501968342,#ffffff
45.0430966905147, 2.26403215254997914,#ffffff
45.0502216963402, 2.26734778023970174,#ffffff
45.0573570936960, 2.27064098529939828,#ffffff
45.0645028120176, 2.27391173516136069,#ffffff
45.0716587806383, 2.27715999747995124,#ffffff
45.0788249287901, 2.28038574013191608,#ffffff
45.0860011856044, 2.28358893121670903,#ffffff
45.0931874801125, 2.28676953905680413,#ffffff
45.1003837412467, 2.28992753219800926,#ffffff
45.1075898978403, 2.29306287940977649,#ffffff
45.1148058786291, 2.29617554968551385,#ffffff
45.1220316122517, 2.29926551224288733,#ffffff
45.1292670272501, 2.30233273652412906,#ffffff
45.1365120520707, 2.30537719219633930,#ffffff
45.1437666150647, 2.30839884915178306,#ffffff
45.1510306444891, 2.31139767750819258,#ffffff
45.1583040685074, 2.31437364760905817,#ffffff
45.1655868151899, 2.31732673002392620,#ffffff
45.1728788125149, 2.32025689554868553,#ffffff
45.1801799883692, 2.32316411520586019,#ffffff
45.1874902705488, 2.32604836024489225,#ffffff
45.1948095867596, 2.32890960214243137,#ffffff
45.2021378646183, 2.33174781260261055,#ffffff
45.2094750316528, 2.33456296355733040,#ffffff
45.2168210153033, 2.33735502716653576,#ffffff
45.2241757429225, 2.34012397581848930,#ffffff
45.2315391417770, 2.34286978213004771,#ffffff
45.2389111390473, 2.34559241894692949,#ffffff
45.2462916618292, 2.34829185934398499,#ffffff
45.2536806371338, 2.35096807662546237,#ffffff
45.2610779918890, 2.35362104432527319,#ffffff
45.2684836529396, 2.35625073620724912,#ffffff
45.2758975470483, 2.35885712626540878,#ffffff
45.2833196008964, 2.36144018872420824,#ffffff
45.2907497410846, 2.36399989803879995,#ffffff
45.2981878941333, 2.36653622889528403,#ffffff
45.3056339864841, 2.36904915621095924,#ffffff
45.3130879444998, 2.37153865513456896,#ffffff
45.3205496944655, 2.37400470104654948,#ffffff
45.3280191625892, 2.37644726955927288,#ffffff
45.3354962750026, 2.37886633651728685,#ffffff
45.3429809577619, 2.38126187799755584,#ffffff
45.3504731368482, 2.38363387030969420,#ffffff
45.3579727381687, 2.38598228999620510,#ffffff
45.3654796875571, 2.38830711383270833,#ffffff
45.3729939107744, 2.39060831882817215,#ffffff
45.3805153335097, 2.39288588222513976,#ffffff
45.3880438813809, 2.39513978149995621,#ffffff
45.3955794799355, 2.39736999436298781,#ffffff
45.4031220546512, 2.39957649875884593,#ffffff
45.4106715309367, 2.40175927286660240,#ffffff
45.4182278341324, 2.40391829510000710,#ffffff
45.4257908895114, 2.40605354410770156,#ffffff
45.4333606222798, 2.40816499877342816,#ffffff
45.4409369575778, 2.41025263821624103,#ffffff
45.4485198204802, 2.41231644179071125,#ffffff
45.4561091359973, 2.41435638908713202,#ffffff
45.4637048290756, 2.41637245993171978,#ffffff
45.4713068245986, 2.41836463438681371,#ffffff
45.4789150473872, 2.42033289275107277,#ffffff
45.4865294222011, 2.42227721555967257,#ffffff
45.4941498737389, 2.42419758358449400,#ffffff
45.5017763266392, 2.42609397783431691,#ffffff
45.5094087054811, 2.42796637955500572,#ffffff
45.5170469347853, 2.42981477022969683,#ffffff
45.5246909390146, 2.43163913157897982,#ffffff
45.5323406425747, 2.43343944556107905,#ffffff
45.5399959698147, 2.43521569437203222,#ffffff
45.5476568450284, 2.43696786044586577,#ffffff
45.5553231924546, 2.43869592645477118,#ffffff
45.5629949362780, 2.44039987530927149,#ffffff
45.5706720006299, 2.44207969015839454,#ffffff
45.5783543095890, 2.44373535438983813,#ffffff
45.5860417871822, 2.44536685163013479,#ffffff
45.5937343573851, 2.44697416574481164,#ffffff
45.6014319441232, 2.44855728083855295,#ffffff
45.6091344712722, 2.45011618125535557,#ffffff
45.6168418626590, 2.45165085157868390,#ffffff
45.6245540420624, 2.45316127663162353,#ffffff
45.6322709332138, 2.45464744147702829,#ffffff
45.6399924597981, 2.45610933141767296,#ffffff
45.6477185454542, 2.45754693199639318,#ffffff
45.6554491137762, 2.45896022899623246,#ffffff
45.6631840883136, 2.46034920844057980,#ffffff
45.6709233925723, 2.46171385659331188,#ffffff
45.6786669500157, 2.46305415995892307,#ffffff
45.6864146840648, 2.46437010528266587,#ffffff
45.6941665180994, 2.46566167955067561,#ffffff
45.7019223754589, 2.46692886999010241,#ffffff
45.7096821794427, 2.46817166406923816,#ffffff
45.7174458533114, 2.46939004949763774,#ffffff
45.7252133202870, 2.47058401422624341,#ffffff
45.7329845035543, 2.47175354644750156,#ffffff
45.7407593262612, 2.47289863459548132,#ffffff
45.7485377115196, 2.47401926734598776,#ffffff
45.7563195824063, 2.47511543361667474,#ffffff
45.7641048619635, 2.47618712256715323,#ffffff
45.7718934731998, 2.47723432359910056,#ffffff
45.7796853390906, 2.47825702635636302,#ffffff
45.7874803825794, 2.47925522072505977,#ffffff
45.7952785265782, 2.48022889683368275,#ffffff
45.8030796939683, 2.48117804505319217,#ffffff
45.8108838076011, 2.48210265599711555,#ffffff
45.8186907902987, 2.48300272052163784,#ffffff
45.8265005648553, 2.48387822972569206,#ffffff
45.8343130540370, 2.48472917495104761,#ffffff
45.8421281805832, 2.48555554778239740,#ffffff
45.8499458672074, 2.48635734004743814,#ffffff
45.8577660365976, 2.48713454381695387,#ffffff
45.8655886114173, 2.48788715140489192,#ffffff
45.8734135143061, 2.48861515536844191,#ffffff
45.8812406678808, 2.48931854850810641,#ffffff
45.8890699947357, 2.48999732386777373,#ffffff
45.8969014174438, 2.49065147473478721,#ffffff
45.9047348585574, 2.49128099464000918,#ffffff
45.9125702406086, 2.49188587735788802,#ffffff
45.9204074861104, 2.49246611690651765,#ffffff
45.9282465175576, 2.49302170754769703,#ffffff
45.9360872574271, 2.49355264378698793,#ffffff
45.9439296281788, 2.49405892037376731,#ffffff
45.9517735522569, 2.49454053230128192,#ffffff
45.9596189520897, 2.49499747480669543,#ffffff
45.9674657500913, 2.49542974337113632,#ffffff
45.9753138686619, 2.49583733371974281,#ffffff
45.9831632301886, 2.49622024182170543,#ffffff
45.9910137570461, 2.49657846389030569,#ffffff
45.9988653715977, 2.49691199638295558,#ffffff
46.0067179961959, 2.49722083600123002,#ffffff
46.0145715531833, 2.49750497969090102,#ffffff
46.0224259648931, 2.49776442464196835,#ffffff
46.0302811536503, 2.49799916828868618,#ffffff
46.0381370417719, 2.49820920830958793,#ffffff
46.0459935515684, 2.49839454262751248,#ffffff
46.0538506053436, 2.49855516940962064,#ffffff
46.0617081253964, 2.49869108706741505,#ffffff
46.0695660340210, 2.49880229425675671,#ffffff
46.0774242535075, 2.49888878987787688,#ffffff
46.0852827061431, 2.49895057307538959,#ffffff
46.0931413142129, 2.49898764323829736,#ffffff
46.1010000000000, 2.49900000000000011,#ffffff
46.1010000000000, 2.49900000000000011,#ffffff
46.1010000000000, 2.60000000000000009,#ffffff
