x,y,fill
 86.9037623376683257, 83.9037623376682689,#9b7653
 86.8421916577459427, 84.1312028487616601,#9b7653
 86.7800257321223825, 84.3584813836123573,#9b7653
 86.7172649869038850, 84.5855963843765863,#9b7653
 86.6539098522737845, 84.8125462943314403,#9b7653
 86.5899607624895538, 85.0393295578856367,#9b7653
 86.5254181558798621, 85.2659446205900906,#9b7653
 86.4602824748415344, 85.4923899291486720,#9b7653
 86.3945541658364817, 85.7186639314287788,#9b7653
 86.3282336793887595, 85.9447650764719953,#9b7653
 86.2613214700813558, 86.1706918145047496,#9b7653
 86.1938179965531504, 86.3964425969489014,#9b7653
 86.1257237214957456, 86.6220158764323571,#9b7653
 86.0570391116502833, 86.8474101067997140,#9b7653
 85.9877646378042755, 87.0726237431228327,#9b7653
 85.9179007747883645, 87.2976552417113822,#9b7653
 85.8474480014730261, 87.5225030601235119,#9b7653
 85.7764068007653862, 87.7471656571763674,#9b7653
 85.7047776596057815, 87.9716414929566497,#9b7653
 85.6325610689645629, 88.1959290288312019,#9b7653
 85.5597575238386128, 88.4200267274575253,#9b7653
 85.4863675232479920, 88.6439330527943241,#9b7653
 85.4123915702325860, 88.8676464701120636,#9b7653
 85.3378301718485233, 89.0911654460034299,#9b7653
 85.2626838391647937, 89.3144884483939308,#9b7653
 85.1869530872597380, 89.5376139465522840,#9b7653
 85.1106384352175098, 89.7605404111010046,#9b7653
 85.0337404061244939, 89.9832663140268352,#9b7653
 84.9562595270657539, 90.2057901286912482,#9b7653
 84.8781963291213515, 90.4281103298408908,#9b7653
 84.7995513473628648, 90.6502253936180296,#9b7653
 84.7203251208495089, 90.8721337975710384,#9b7653
 84.6405181926245831, 91.0938340206647865,#9b7653
 84.5601311097117332, 91.3153245432911262,#9b7653
 84.4791644231111860, 91.5366038472791814,#9b7653
 84.3976186877959123, 91.7576704159059489,#9b7653
 84.3154944627079317, 91.9785227339064875,#9b7653
 84.2327923107543910, 92.1991592874844912,#9b7653
 84.1495127988037979, 92.4195785643224781,#9b7653
 84.0656564976820135, 92.6397790535923491,#9b7653
 83.9812239821684443, 92.8597592459656056,#9b7653
 83.8962158309920625, 93.0795176336237091,#9b7653
 83.8106326268274131, 93.2990527102684979,#9b7653
 83.7244749562907202, 93.5183629711324329,#9b7653
 83.6377434099357089, 93.7374469129889292,#9b7653
 83.5504385822496687, 93.9563030341627154,#9b7653
 83.4625610716494037, 94.1749298345400234,#9b7653
 83.3741114804770120, 94.3933258155789474,#9b7653
 83.2850904149958779, 94.6114894803197046,#9b7653
 83.1954984853864090, 94.8294193333948954,#9b7653
 83.1053363057419716, 95.0471138810397065,#9b7653
 83.0146044940645567, 95.2645716311022284,#9b7653
 82.9233036722606442, 95.4817910930536016,#9b7653
 82.8314344661368978, 95.6987707779983339,#9b7653
 82.7389975053958580, 95.9155091986843757,#9b7653
 82.6459934236316798, 96.1320048695134233,#9b7653
 82.5524228583257411, 96.3482563065510647,#9b7653
 82.4582864508422659, 96.5642620275369268,#9b7653
 82.3635848464240041, 96.7800205518948928,#9b7653
 82.2683186941876841, 96.9955304007431636,#9b7653
 82.1724886471197067, 97.2107900969045033,#9b7653
 82.0760953620715696, 97.4257981649162446,#9b7653
 81.9791394997554050, 97.6405531310405337,#9b7653
 81.8816217247393752, 97.8550535232743073,#9b7653
 81.7835427054432813, 98.0692978713594670,#9b7653
 81.6849031141338173, 98.2832847067929123,#9b7653
 81.5857036269200506, 98.4970125628366304,#9b7653
 81.4859449237487468, 98.7104799745277290,#9b7653
 81.3856276883997651, 98.9236854786885118,#9b7653
 81.2847526084812699, 99.1366276139364686,#9b7653
 81.1833203754251258, 99.3493049206942942,#9b7653
 81.0813316844821372, 99.5617159411999353,#9b7653
 80.9787872347171884, 99.7738592195165666,#9b7653
 80.8756877290045537, 99.9857333015424956,#9b7653
 80.7720338740230801,100.1973367350212527,#9b7653
 80.6678263802512845,100.4086680695514531,#9b7653
 80.5630659619624936,100.6197258565968013,#9b7653
 80.4577533372199838,100.8305086494959255,#9b7653
 80.3518892278720500,101.0410150034724523,#9b7653
 80.2454743595470603,101.2512434756447277,#9b7653
 80.1385094616483968,101.4611926250358351,#9b7653
 80.0309952673496241,101.6708610125834298,#9b7653
 79.9229325135893163,101.8802472011495581,#9b7653
 79.8143219410660834,102.0893497555306340,#9b7653
 79.7051642942334411,102.2981672424671586,#9b7653
 79.5954603212947660,102.5066982306535408,#9b7653
 79.4852107741981087,102.7149412907479871,#9b7653
 79.3744164086311201,102.9228949953822791,#9b7653
 79.2630779840157516,103.1305579191715083,#9b7653
 79.1511962635031949,103.3379286387238665,#9b7653
 79.0387720139684973,103.5450057326504520,#9b7653
 78.9258060060054447,103.7517877815749330,#9b7653
 78.8122990139211907,103.9582733681433524,#9b7653
 78.6982518157309698,104.1644610770337636,#9b7653
 78.5836651931527967,104.3703494949660211,#9b7653
 78.4685399316020664,104.5759372107113734,#9b7653
 78.3528768201861823,104.7812228151022396,#9b7653
 78.2366766516991703,104.9862049010417309,#9b7653
 78.1199402226162221,105.1908820635134418,#9b7653
 78.0026683330882236,105.3952528995910285,#9b7653
 77.8848617869362840,105.5993160084477580,#9b7653
 77.7665213916462790,105.8030699913661863,#9b7653
 77.6476479583631942,106.0065134517477077,#9b7653
 77.5282423018856974,106.2096449951222041,#9b7653
 77.4083052406604821,106.4124632291574528,#9b7653
 77.2878375967766402,106.6149667636688037,#9b7653
 77.1668401959600914,106.8171542106287006,#9b7653
 77.0453138675678417,107.0190241841760610,#9b7653
 76.9232594445824134,107.2205753006259954,#9b7653
 76.8006777636060036,107.4218061784790450,#9b7653
 76.6775696648548433,107.6227154384308875,#9b7653
 76.5539359921534128,107.8233017033815884,#9b7653
 76.4297775929286303,108.0235635984451790,#9b7653
 76.3050953182041098,108.2234997509590215,#9b7653
 76.1798900225942361,108.4231087904932167,#9b7653
 76.0541625642983803,108.6223893488599970,#9b7653
 75.9279138050949882,108.8213400601231768,#9b7653
 75.8011446103356974,109.0199595606073899,#9b7653
 75.6738558489393398,109.2182464889075106,#9b7653
 75.5460483933860729,109.4161994858980052,#9b7653
 75.4177231197113542,109.6138171947422109,#9b7653
 75.2888809074999301,109.8110982609015878,#9b7653
 75.1595226398798246,110.0080413321451402,#9b7653
 75.0296492035162856,110.2046450585585546,#9b7653
 74.8992614886056600,110.4009080925535073,#9b7653
 74.7683603888694108,110.5968290888769161,#9b7653
 74.6369468015478361,110.7924067046201202,#9b7653
 74.5050216273940435,110.9876395992281033,#9b7653
 74.3725857706677260,111.1825264345087021,#9b7653
 74.2396401391289515,111.3770658746417155,#9b7653
 74.1061856440319531,111.5712565861881984,#9b7653
 73.9722232001189184,111.7650972380994006,#9b7653
 73.8377537256136662,111.9585865017260886,#9b7653
 73.7027781422153367,112.1517230508274992,#9b7653
 73.5672973750921955,112.3445055615805330,#9b7653
 73.4313123528751106,112.5369327125887651,#9b7653
 73.2948240076513855,112.7290031848915248,#9b7653
 73.1578332749582074,112.9207156619729631,#9b7653
 73.0203410937762953,113.1120688297710331,#9b7653
 72.8823484065234766,113.3030613766865144,#9b7653
 72.7438561590482493,113.4936919935920230,#9b7653
 72.6048653006231888,113.6839593738409349,#9b7653
 72.4653767839385807,113.8738622132763965,#9b7653
 72.3253915650958277,114.0633992102402345,#9b7653
 72.1849106036008834,114.2525690655818664,#9b7653
 72.0439348623576734,114.4413704826672387,#9b7653
 71.9024653076615294,114.6298021673877088,#9b7653
 71.7605029091925388,114.8178628281688560,#9b7653
 71.6180486400089080,115.0055511759794769,#9b7653
 71.4751034765403119,115.1928659243402251,#9b7653
 71.3316683985811295,115.3798057893325932,#9b7653
 71.1877443892838215,115.5663694896076095,#9b7653
 71.0433324351521662,115.7525557463947194,#9b7653
 70.8984335260344238,115.9383632835104265,#9b7653
 70.7530486551166575,116.1237908273671593,#9b7653
 70.6071788189158411,116.3088371069819260,#9b7653
 70.4608250172730806,116.4935008539850401,#9b7653
 70.3139882533467642,116.6777808026288454,#9b7653
 70.1666695336056137,116.8616756897963569,#9b7653
 70.0188698678219055,117.0451842550099286,#9b7653
 69.8705902690644223,117.2283052404398802,#9b7653
 69.7218317536916175,117.4110373909131795,#9b7653
 69.5725953413445808,117.5933794539219690,#9b7653
 69.4228820549400325,117.7753301796321779,#9b7653
 69.2726929206634310,117.9568883208921051,#9b7653
 69.1220289679617679,118.1380526332409460,#9b7653
 68.9708912295366616,118.3188218749173473,#9b7653
 68.8192807413372094,118.4991948068679051,#9b7653
 68.6671985425528533,118.6791701927556488,#9b7653
 68.5146456756063600,118.8587467989684825,#9b7653
 68.3616231861465735,119.0379233946277537,#9b7653
 68.2081321230412954,119.2166987515965673,#9b7653
 68.0541735383700939,119.3950716444882829,#9b7653
 67.8997484874170851,119.5730408506748574,#9b7653
 67.7448580286637139,119.7506051502952857,#9b7653
 67.5895032237814632,119.9277633262638858,#9b7653
 67.4336851376246500,120.1045141642786973,#9b7653
 67.2774048382230063,120.2808564528298376,#9b7653
 67.1206633967744892,120.4567889832077014,#9b7653
 66.9634618876378624,120.6323105495113452,#9b7653
 66.8058013883253068,120.8074199486566584,#9b7653
 66.6476829794951726,120.9821159803847479,#9b7653
 66.4891077449443486,121.1563974472699954,#9b7653
 66.3300767716010711,121.3302631547283994,#9b7653
 66.1705911495173211,121.5037119110256896,#9b7653
 66.0106519718614067,121.6767425272855547,#9b7653
 65.8502603349104447,121.8493538174977147,#9b7653
 65.6894173380428441,122.0215445985261056,#9b7653
 65.5281240837308303,122.1933136901169803,#9b7653
 65.3663816775328144,122.3646599149070084,#9b7653
 65.2041912280858611,122.5355820984313056,#9b7653
 65.0415538470980579,122.7060790691315333,#9b7653
 64.8784706493409544,122.8761496583638575,#9b7653
 64.7149427526418037,123.0457927004070484,#9b7653
 64.5509712778760729,123.2150070324704529,#9b7653
 64.3865573489595562,123.3837914947018959,#9b7653
 64.2217020928408573,123.5521449301956807,#9b7653
 64.0564066394935736,123.7200661850005190,#9b7653
 63.8906721219085014,123.8875541081274321,#9b7653
 63.7244996760860403,124.0546075515576661,#9b7653
 63.5578904410281993,124.2212253702505080,#9b7653
 63.3908455587309376,124.3874064221511730,#9b7653
 63.2233661741762774,124.5531495681986200,#9b7653
 63.0554534353244520,124.7184536723333963,#9b7653
 62.8871084931060835,124.8833176015053255,#9b7653
 62.7183325014142170,125.0477402256813946,#9b7653
 62.5491266170964977,125.2117204178534422,#9b7653
 62.3794919999471844,125.3752570540458464,#9b7653
 62.2094298126992200,125.5383490133232840,#9b7653
 62.0389412210162376,125.7009951777984185,#9b7653
 61.8680273934846170,125.8631944326395171,#9b7653
 61.6966895016054266,126.0249456660781249,#9b7653
 61.5249287197864305,126.1862477694166955,#9b7653
 61.3527462253340161,126.3470996370361235,#9b7653
 61.1801431984451156,126.5075001664034460,#9b7653
 61.0071208221991768,126.6674482580792187,#9b7653
 60.8336802825499703,126.8269428157252889,#9b7653
 60.6598227683175111,126.9859827461120432,#9b7653
 60.4855494711799011,127.1445669591261520,#9b7653
 60.3108615856651511,127.3026943677778604,#9b7653
 60.1357603091430164,127.4603638882085193,#9b7653
 59.9602468418167547,127.6175744396980036,#9b7653
 59.7843223867149121,127.7743249446721450,#9b7653
 59.6079881496831376,127.9306143287100213,#9b7653
 59.4312453393758133,128.0864415205514604,#9b7653
 59.2540951672478187,128.2418054521042450,#9b7653
 59.0765388475462387,128.3967050584515448,#9b7653
 58.8985775973020580,128.5511392778591926,#9b7653
 58.7202126363217545,128.7051070517828464,#9b7653
 58.5414451871789936,128.8586073248754644,#9b7653
 58.3622764752062082,129.0116390449943253,#9b7653
 58.1827077284862710,129.1642011632083609,#9b7653
 58.0027401778439966,129.3162926338052898,#9b7653
 57.8223750568377142,129.4679124142988087,#9b7653
 57.6416136017508691,129.6190594654357824,#9b7653
 57.4604570515835107,129.7697327512032928,#9b7653
 57.2789066480437796,129.9199312388357725,#9b7653
 57.0969636355394599,130.0696538988220254,#9b7653
 56.9146292611693454,130.2188997049124737,#9b7653
 56.7319047747148417,130.3676676341259224,#9b7653
 56.5487914286312545,130.5159566667567788,#9b7653
 56.3652904780392774,130.6637657863819015,#9b7653
 56.1814031807163801,130.8110939798677350,#9b7653
 55.9971307970881824,130.9579402373770449,#9b7653
 55.8124745902198214,131.1043035523761091,#9b7653
 55.6274358258072681,131.2501829216412261,#9b7653
 55.4420157721686806,131.3955773452660196,#9b7653
 55.2562157002357424,131.5404858266680321,#9b7653
 55.0700368835448515,131.6849073725955463,#9b7653
 54.8834805982284806,131.8288409931345768,#9b7653
 54.6965481230063943,131.9722857017154922,#9b7653
 54.5092407391768887,132.1152405151198082,#9b7653
 54.3215597306080156,132.2577044534869799,#9b7653
 54.1335063837287578,132.3996765403210816,#9b7653
 53.9450819875202399,132.5411558024974852,#9b7653
 53.7562878335069243,132.6821412702695966,#9b7653
 53.5671252157476729,132.8226319772753641,#9b7653
 53.3775954308269078,132.9626269605440712,#9b7653
 53.1876997778457792,133.1021252605028451,#9b7653
 52.9974395584132125,133.2411259209832224,#9b7653
 52.8068160766369630,133.3796279892277994,#9b7653
 52.6158306391147690,133.5176305158965988,#9b7653
 52.4244845549252503,133.6551325550736919,#9b7653
 52.2327791356191184,133.7921331642737073,#9b7653
 52.0407156952100252,133.9286314044482253,#9b7653
 51.8482955501656164,134.0646263399922304,#9b7653
 51.6555200193985655,134.2001170387504487,#9b7653
 51.4623904242574213,134.3351025720239704,#9b7653
 51.2689080885176267,134.4695820145763037,#9b7653
 51.0750743383724597,134.6035544446400252,#9b7653
 50.8808905024238456,134.7370189439228056,#9b7653
 50.6863579116733902,134.8699745976139468,#9b7653
 50.4914778995131570,135.0024204943904920,#9b7653
 50.2962518017165081,135.1343557264235358,#9b7653
 50.1006809564290592,135.2657793893844769,#9b7653
 49.9047667041594067,135.3966905824511286,#9b7653
 49.7085103877699623,135.5270884083140004,#9b7653
 49.5119133524677935,135.6569719731823795,#9b7653
 49.3149769457953440,135.7863403867904424,#9b7653
 49.1177025176212467,135.9151927624034215,#9b7653
 48.9200914201310439,136.0435282168235744,#9b7653
 48.7221450078179075,136.1713458703964648,#9b7653
 48.5238646374733662,136.2986448470166465,#9b7653
 48.3252516681780264,136.4254242741340022,#9b7653
 48.1263074612922424,136.5516832827595408,#9b7653
 47.9270333804467654,136.6774210074713665,#9b7653
 47.7274307915334219,136.8026365864207037,#9b7653
 47.5275010626957695,136.9273291613376387,#9b7653
 47.3272455643196537,137.0514978775372015,#9b7653
 47.1266656690238648,137.1751418839251073,#9b7653
 46.9257627516507441,137.2982603330035545,#9b7653
 46.7245381892566840,137.4208523808771361,#9b7653
 46.5229933611028059,137.5429171872585812,#9b7653
 46.3211296486453818,137.6644539154744962,#9b7653
 46.1189484355264483,137.7854617324710773,#9b7653
 45.9164511075643276,137.9059398088199373,#9b7653
 45.7136390527440568,138.0258873187236190,#9b7653
 45.5105136612079448,138.1453034400214506,#9b7653
 45.3070763252459727,138.2641873541949735,#9b7653
 45.1033284392863507,138.3825382463737128,#9b7653
 44.8992713998858832,138.5003553053406904,#9b7653
 44.6949066057203979,138.6176377235380244,#9b7653
 44.4902354575751744,138.7343846970724144,#9b7653
 44.2852593583354022,138.8505954257207122,#9b7653
 44.0799797129764457,138.9662691129353220,#9b7653
 43.8743979285543162,139.0814049658496856,#9b7653
 43.6685154141959515,139.1960021952839099,#9b7653
 43.4623335810896236,139.3100600157498263,#9b7653
 43.2558538424752399,139.4235776454566178,#9b7653
 43.0490776136346227,139.5365543063161340,#9b7653
 42.8420063118818462,139.6489892239482629,#9b7653
 42.6346413565535514,139.7608816276859898,#9b7653
 42.4269841689991480,139.8722307505811386,#9b7653
 42.2190361725711014,139.9830358294091184,#9b7653
 42.0107987926151836,140.0932961046745504,#9b7653
 41.8022734564607035,140.2030108206163277,#9b7653
 41.5934615934107228,140.3121792252126738,#9b7653
 41.3843646347322434,140.4208005701864863,#9b7653
 41.1749840136463945,140.5288741110104809,#9b7653
 40.9653211653186915,140.6363991069120516,#9b7653
 40.7553775268490526,140.7433748208785573,#9b7653
 40.5451545372620643,140.8498005196623808,#9b7653
 40.3346536374970626,140.9556754737858455,#9b7653
 40.1238762703982985,141.0609989575462464,#9b7653
 39.9128238807049982,141.1657702490209090,#9b7653
 39.7014979150415002,141.2699886300719641,#9b7653
 39.4898998219073007,141.3736533863515206,#9b7653
 39.2780310516672060,141.4767638073062699,#9b7653
 39.0658930565412774,141.5793191861826017,#9b7653
 38.8534872905949697,141.6813188200313505,#9b7653
 38.6408152097290909,141.7827620097125418,#9b7653
 38.4278782716699041,141.8836480599003380,#9b7653
 38.2146779359590667,141.9839762790876989,#9b7653
 38.0012156639436611,142.0837459795910718,#9b7653
 37.7874929187661479,142.1829564775553365,#9b7653
 37.5735111653544180,142.2816070929581826,#9b7653
 37.3592718704116393,142.3796971496149979,#9b7653
 37.1447765024062662,142.4772259751834440,#9b7653
 36.9300265315619711,142.5741929011679758,#9b7653
 36.7150234298475553,142.6705972629245593,#9b7653
 36.4997686709668727,142.7664383996651623,#9b7653
 36.2842637303487052,142.8617156544623015,#9b7653
 36.0685100851366585,142.9564283742535054,#9b7653
 35.8525092141791006,143.0505759098457474,#9b7653
 35.6362625980189023,143.1441576159200508,#9b7653
 35.4197717188833963,143.2371728510358935,#9b7653
 35.2030380606741389,143.3296209776353294,#9b7653
 34.9860631089568059,143.4215013620477635,#9b7653
 34.7688483509509680,143.5128133744940158,#9b7653
 34.5513952755199156,143.6035563890907270,#9b7653
 34.3337053731604271,143.6937297838545931,#9b7653
 34.1157801359926225,143.7833329407067708,#9b7653
 33.8976210577496389,143.8723652454769422,#9b7653
 33.6792296337674486,143.9608260879076056,#9b7653
 33.4606073609746062,144.0487148616583681,#9b7653
 33.2417557378819737,144.1360309643098390,#9b7653
 33.0226762645724818,144.2227737973679496,#9b7653
 32.8033704426907917,144.3089427662681032,#9b7653
 32.5838397754330344,144.3945372803790406,#9b7653
 32.3640857675365581,144.4795567530070741,#9b7653
 32.1441099252695039,144.5640006014000676,#9b7653
 31.9239137564205606,144.6478682467513295,#9b7653
 31.7034987702886184,144.7311591142037344,#9b7653
 31.4828664776724132,144.8138726328535313,#9b7653
 31.2620183908601561,144.8960082357543797,#9b7653
 31.0409560236192021,144.9775653599210727,#9b7653
 30.8196808911856301,145.0585434463336014,#9b7653
 30.5981945102539541,145.1389419399407643,#9b7653
 30.3764983989665645,145.2187602896642034,#9b7653
 30.1545940769034786,145.2979979484019282,#9b7653
 29.9324830650718319,145.3766543730323235,#9b7653
 29.7101668858954859,145.4547290244177020,#9b7653
 29.4876470632045908,145.5322213674080274,#9b7653
 29.2649251222251401,145.6091308708446093,#9b7653
 29.0420025895684901,145.6854570075637980,#9b7653
 28.8188809932209900,145.7611992544003954,#9b7653
 28.5955618625333621,145.8363570921915198,#9b7653
 28.3720467282103250,145.9109300057799885,#9b7653
 28.1483371223000773,145.9849174840178421,#9b7653
 27.9244345781837850,146.0583190197699821,#9b7653
 27.7003406305650834,146.1311341099174399,#9b7653
 27.4760568154595362,146.2033622553610144,#9b7653
 27.2515846701841262,146.2750029610246543,#9b7653
 27.0269257333467579,146.3460557358586982,#9b7653
 26.8020815448356160,146.4165200928435127,#9b7653
 26.5770536458086752,146.4863955489925615,#9b7653
 26.3518435786831304,146.5556816253558736,#9b7653
 26.1264528871248274,146.6243778470233678,#9b7653
 25.9008831160376438,146.6924837431278377,#9b7653
 25.6751358115529449,146.7599988468485321,#9b7653
 25.4492125210189997,146.8269226954141402,#9b7653
 25.2231147929903017,146.8932548301060024,#9b7653
 24.9968441772170138,146.9589947962612655,#9b7653
 24.7704022246343314,147.0241421432759807,#9b7653
 24.5437904873518491,147.0886964246083153,#9b7653
 24.3170105186429204,147.1526571977813660,#9b7653
 24.0900638729339924,147.2160240243863996,#9b7653
 23.8629521057940437,147.2787964700858083,#9b7653
 23.6356767739237803,147.3409741046160661,#9b7653
 23.4082394351450525,147.4025565017906843,#9b7653
 23.1806416483901856,147.4635432395030534,#9b7653
 22.9528849736912264,147.5239338997295704,#9b7653
 22.7249709721693414,147.5837280685321957,#9b7653
 22.4969012060240310,147.6429253360615235,#9b7653
 22.2686772385224749,147.7015252965595096,#9b7653
 22.0403006339887853,147.7595275483622572,#9b7653
 21.8117729577933481,147.8169316939027453,#9b7653
 21.5830957763419917,147.8737373397135286,#9b7653
 21.3542706570653280,147.9299440964295513,#9b7653
 21.1252991684079738,147.9855515787907621,#9b7653
 20.8961828798178217,148.0405594056447001,#9b7653
 20.6669233617352646,148.0949671999491102,#9b7653
 20.4375221855824272,148.1487745887746428,#9b7653
 20.2079809237524550,148.2019812033072412,#9b7653
 19.9783011495986393,148.2545866788508420,#9b7653
 19.7484844374236914,148.3065906548297335,#9b7653
 19.5185323624689495,148.3579927747911427,#9b7653
 19.2884465009035715,148.4087926864075371,#9b7653
 19.0582284298137310,148.4589900414792112,#9b7653
 18.8278797271918208,148.5085844959365318,#9b7653
 18.5974019719256098,148.5575757098423537,#9b7653
 18.3667967437874324,148.6059633473943791,#9b7653
 18.1360656234234128,148.6537470769273455,#9b7653
 17.9052101923425369,148.7009265709155272,#9b7653
 17.6742320329058664,148.7475015059746966,#9b7653
 17.4431327283156890,148.7934715628645108,#9b7653
 17.2119138626046571,148.8388364264906727,#9b7653
 16.9805770206249491,148.8835957859071470,#9b7653
 16.7491237880373589,148.9277493343181504,#9b7653
 16.5175557513005238,148.9712967690803112,#9b7653
 16.2858744976599361,149.0142377917048293,#9b7653
 16.0540816151371182,149.0565721078594947,#9b7653
 15.8221786925187526,149.0982994273705344,#9b7653
 15.5901673193457633,149.1394194642248578,#9b7653
 15.3580490859024312,149.1799319365718191,#9b7653
 15.1258255832055006,149.2198365667252915,#9b7653
 14.8934984029932558,149.2591330811654302,#9b7653
 14.6610691377146143,149.2978212105406897,#9b7653
 14.4285393805182682,149.3359006896695860,#9b7653
 14.1959107252416619,149.3733712575424306,#9b7653
 13.9631847664001381,149.4102326573233768,#9b7653
 13.7303630991759906,149.4464846363518973,#9b7653
 13.4974473194075344,149.4821269461447457,#9b7653
 13.2644390235781557,149.5171593423974628,#9b7653
 13.0313398088053685,149.5515815849861383,#9b7653
 12.7981512728299247,149.5853934379691736,#9b7653
 12.5648750140047589,149.6185946695886742,#9b7653
 12.3315126312841095,149.6511850522721829,#9b7653
 12.0980657242125318,149.6831643626342156,#9b7653
 11.8645358929139491,149.7145323814778237,#9b7653
 11.6309247380806635,149.7452888937959870,#9b7653
 11.3972338609624071,149.7754336887731483,#9b7653
 11.1634648633553422,149.8049665597867488,#9b7653
 10.9296193475910925,149.8338873044085062,#9b7653
 10.6956989165258065,149.8621957244058933,#9b7653
 10.4617051735290776,149.8898916257434166,#9b7653
 10.2276397224730218,149.9169748185840376,#9b7653
  9.9935041677212624,149.9434451172903664,#9b7653
  9.7593001141179432,149.9693023404261112,#9b7653
  9.5250291669767186,149.9945463107570731,#9b7653
  9.2906929320697333,150.0191768552525673,#9b7653
  9.0562930156167010,150.0431938050865597,#9b7653
  8.8218310242737630,150.0665969956387471,#9b7653
  8.5873085651225676,150.0893862664957226,#9b7653
  8.3527272456592314,150.1115614614521974,#9b7653
  8.1180886737833156,150.1331224285118253,#9b7653
  7.8833944577868102,150.1540690198885386,#9b7653
  7.6486462063431064,150.1744010920072583,#9b7653
  7.4138455284959788,150.1941185055051449,#9b7653
  7.1789940336485261,150.2132211252323657,#9b7653
  6.9440933315522217,150.2317088202531181,#9b7653
  6.7091450322957664,150.2495814638465106,#9b7653
  6.4741507462941268,150.2668389335074153,#9b7653
  6.2391120842774761,150.2834811109472639,#9b7653
  6.0040306572801594,150.2995078820949857,#9b7653
  5.7689080766296419,150.3149191370976894,#9b7653
  5.5337459539354574,150.3297147703214023,#9b7653
  5.2985459010782261,150.3438946803519229,#9b7653
  5.0633095301985005,150.3574587699952758,#9b7653
  4.8280384536857861,150.3704069462786492,#9b7653
  4.5927342841674736,150.3827391204508785,#9b7653
  4.3573986344977831,150.3944552079830714,#9b7653
  4.1220331177467129,150.4055551285692331,#9b7653
  3.8866393471889773,150.4160388061267213,#9b7653
  3.6512189362929539,150.4259061687968426,#9b7653
  3.4157734987096009,150.4351571489454500,#9b7653
  3.1803046482614779,150.4437916831631412,#9b7653
  2.9448139989315645,150.4518097122659128,#9b7653
  2.7093031648522783,150.4592111812955011,#9b7653
  2.4737737602943883,150.4659960395197231,#9b7653
  2.2382273996559530,150.4721642404328747,#9b7653
  2.0026656974512527,150.4777157417560147,#9b7653
  1.7670902682997041,150.4826505054373342,#9b7653
  1.5315027269148735,150.4869684976522137,#9b7653
  1.2959046880932887,150.4906696888037345,#9b7653
  1.0602977667034501,150.4937540535226503,#9b7653
  0.8246835776747418,150.4962215706677000,#9b7653
  0.5890637359863634,150.4980722233256927,#9b7653
  0.3534398566562595,150.4993059988116215,#9b7653
  0.1178135547300503,150.4999228886687490,#9b7653
 -0.1178135547300392,150.4999228886687490,#9b7653
 -0.3534398566562685,150.4993059988116215,#9b7653
 -0.5890637359863724,150.4980722233256927,#9b7653
 -0.8246835776747508,150.4962215706677000,#9b7653
 -1.0602977667034590,150.4937540535226503,#9b7653
 -1.2959046880932978,150.4906696888037345,#9b7653
 -1.5315027269148827,150.4869684976522137,#9b7653
 -1.7670902682997132,150.4826505054373342,#9b7653
 -2.0026656974512616,150.4777157417560147,#9b7653
 -2.2382273996559618,150.4721642404328747,#9b7653
 -2.4737737602943977,150.4659960395197231,#9b7653
 -2.7093031648522872,150.4592111812955011,#9b7653
 -2.9448139989315738,150.4518097122659128,#9b7653
 -3.1803046482614867,150.4437916831631412,#9b7653
 -3.4157734987096098,150.4351571489454500,#9b7653
 -3.6512189362929433,150.4259061687968710,#9b7653
 -3.8866393471889666,150.4160388061267213,#9b7653
 -4.1220331177467218,150.4055551285692331,#9b7653
 -4.3573986344977929,150.3944552079830714,#9b7653
 -4.5927342841674825,150.3827391204508785,#9b7653
 -4.8280384536857950,150.3704069462786492,#9b7653
 -5.0633095301985094,150.3574587699952758,#9b7653
 -5.2985459010782350,150.3438946803519229,#9b7653
 -5.5337459539354654,150.3297147703214023,#9b7653
 -5.7689080766296508,150.3149191370976894,#9b7653
 -6.0040306572801683,150.2995078820949857,#9b7653
 -6.2391120842774850,150.2834811109472639,#9b7653
 -6.4741507462941366,150.2668389335074153,#9b7653
 -6.7091450322957762,150.2495814638465106,#9b7653
 -6.9440933315522306,150.2317088202531181,#9b7653
 -7.1789940336485349,150.2132211252323657,#9b7653
 -7.4138455284959690,150.1941185055051449,#9b7653
 -7.6486462063430958,150.1744010920072583,#9b7653
 -7.8833944577868191,150.1540690198885386,#9b7653
 -8.1180886737833244,150.1331224285118253,#9b7653
 -8.3527272456592421,150.1115614614521974,#9b7653
 -8.5873085651225782,150.0893862664957226,#9b7653
 -8.8218310242737719,150.0665969956387471,#9b7653
 -9.0562930156167099,150.0431938050865597,#9b7653
 -9.2906929320697422,150.0191768552525673,#9b7653
 -9.5250291669767275,149.9945463107570731,#9b7653
 -9.7593001141179521,149.9693023404261112,#9b7653
 -9.9935041677212713,149.9434451172903664,#9b7653
-10.2276397224730307,149.9169748185840376,#9b7653
-10.4617051735290865,149.8898916257434166,#9b7653
-10.6956989165258154,149.8621957244058933,#9b7653
-10.9296193475911014,149.8338873044085062,#9b7653
-11.1634648633553333,149.8049665597867488,#9b7653
-11.3972338609623947,149.7754336887731483,#9b7653
-11.6309247380806742,149.7452888937959870,#9b7653
-11.8645358929139579,149.7145323814778237,#9b7653
-12.0980657242125424,149.6831643626342156,#9b7653
-12.3315126312841166,149.6511850522721829,#9b7653
-12.5648750140047660,149.6185946695886742,#9b7653
-12.7981512728299318,149.5853934379691736,#9b7653
-13.0313398088053756,149.5515815849861383,#9b7653
-13.2644390235781664,149.5171593423974628,#9b7653
-13.4974473194075415,149.4821269461447457,#9b7653
-13.7303630991760013,149.4464846363518973,#9b7653
-13.9631847664001469,149.4102326573233768,#9b7653
-14.1959107252416725,149.3733712575424306,#9b7653
-14.4285393805182789,149.3359006896695576,#9b7653
-14.6610691377146232,149.2978212105406897,#9b7653
-14.8934984029932469,149.2591330811654302,#9b7653
-15.1258255832054882,149.2198365667252915,#9b7653
-15.3580490859024419,149.1799319365718191,#9b7653
-15.5901673193457704,149.1394194642248578,#9b7653
-15.8221786925187597,149.0982994273705344,#9b7653
-16.0540816151371288,149.0565721078594947,#9b7653
-16.2858744976599432,149.0142377917048293,#9b7653
-16.5175557513005344,148.9712967690803112,#9b7653
-16.7491237880373660,148.9277493343181504,#9b7653
-16.9805770206249598,148.8835957859071470,#9b7653
-17.2119138626046677,148.8388364264906727,#9b7653
-17.4431327283156961,148.7934715628645108,#9b7653
-17.6742320329058735,148.7475015059746966,#9b7653
-17.9052101923425475,148.7009265709155272,#9b7653
-18.1360656234234234,148.6537470769273455,#9b7653
-18.3667967437874395,148.6059633473943791,#9b7653
-18.5974019719255992,148.5575757098423537,#9b7653
-18.8278797271918101,148.5085844959365318,#9b7653
-19.0582284298137381,148.4589900414792112,#9b7653
-19.2884465009035786,148.4087926864075371,#9b7653
-19.5185323624689566,148.3579927747911142,#9b7653
-19.7484844374236985,148.3065906548297335,#9b7653
-19.9783011495986464,148.2545866788508420,#9b7653
-20.2079809237524621,148.2019812033072412,#9b7653
-20.4375221855824343,148.1487745887746428,#9b7653
-20.6669233617352752,148.0949671999491102,#9b7653
-20.8961828798178288,148.0405594056447001,#9b7653
-21.1252991684079809,147.9855515787907621,#9b7653
-21.3542706570653351,147.9299440964295513,#9b7653
-21.5830957763419988,147.8737373397135002,#9b7653
-21.8117729577933552,147.8169316939027453,#9b7653
-22.0403006339887924,147.7595275483622572,#9b7653
-22.2686772385224643,147.7015252965595096,#9b7653
-22.4969012060240168,147.6429253360615235,#9b7653
-22.7249709721693449,147.5837280685321957,#9b7653
-22.9528849736912370,147.5239338997295704,#9b7653
-23.1806416483901891,147.4635432395030534,#9b7653
-23.4082394351450631,147.4025565017906843,#9b7653
-23.6356767739237874,147.3409741046160661,#9b7653
-23.8629521057940508,147.2787964700858083,#9b7653
-24.0900638729340031,147.2160240243863996,#9b7653
-24.3170105186429240,147.1526571977813660,#9b7653
-24.5437904873518562,147.0886964246083153,#9b7653
-24.7704022246343420,147.0241421432759807,#9b7653
-24.9968441772170245,146.9589947962612655,#9b7653
-25.2231147929903123,146.8932548301060024,#9b7653
-25.4492125210190068,146.8269226954141402,#9b7653
-25.6751358115529520,146.7599988468485321,#9b7653
-25.9008831160376332,146.6924837431278377,#9b7653
-26.1264528871248167,146.6243778470233678,#9b7653
-26.3518435786831411,146.5556816253558736,#9b7653
-26.5770536458086859,146.4863955489925615,#9b7653
-26.8020815448356231,146.4165200928435127,#9b7653
-27.0269257333467685,146.3460557358586982,#9b7653
-27.2515846701841369,146.2750029610246543,#9b7653
-27.4760568154595255,146.2033622553610144,#9b7653
-27.7003406305650728,146.1311341099174399,#9b7653
-27.9244345781837957,146.0583190197699821,#9b7653
-28.1483371223000880,145.9849174840178421,#9b7653
-28.3720467282103357,145.9109300057799885,#9b7653
-28.5955618625333692,145.8363570921915198,#9b7653
-28.8188809932210006,145.7611992544003954,#9b7653
-29.0420025895685008,145.6854570075637696,#9b7653
-29.2649251222251294,145.6091308708446377,#9b7653
-29.4876470632045837,145.5322213674080274,#9b7653
-29.7101668858954753,145.4547290244177020,#9b7653
-29.9324830650718425,145.3766543730323235,#9b7653
-30.1545940769034893,145.2979979484019282,#9b7653
-30.3764983989665751,145.2187602896642034,#9b7653
-30.5981945102539576,145.1389419399407643,#9b7653
-30.8196808911856408,145.0585434463336014,#9b7653
-31.0409560236191915,144.9775653599210727,#9b7653
-31.2620183908601490,144.8960082357543797,#9b7653
-31.4828664776724239,144.8138726328535313,#9b7653
-31.7034987702886291,144.7311591142037344,#9b7653
-31.9239137564205713,144.6478682467513295,#9b7653
-32.1441099252695039,144.5640006014000676,#9b7653
-32.3640857675365652,144.4795567530070741,#9b7653
-32.5838397754330416,144.3945372803790406,#9b7653
-32.8033704426907846,144.3089427662681032,#9b7653
-33.0226762645724747,144.2227737973679496,#9b7653
-33.2417557378819666,144.1360309643098390,#9b7653
-33.4606073609746133,144.0487148616583681,#9b7653
-33.6792296337674557,143.9608260879076056,#9b7653
-33.8976210577496460,143.8723652454769137,#9b7653
-34.1157801359926367,143.7833329407067708,#9b7653
-34.3337053731604414,143.6937297838545931,#9b7653
-34.5513952755199085,143.6035563890907270,#9b7653
-34.7688483509509609,143.5128133744940442,#9b7653
-34.9860631089568130,143.4215013620477635,#9b7653
-35.2030380606741460,143.3296209776353294,#9b7653
-35.4197717188834034,143.2371728510358935,#9b7653
-35.6362625980189165,143.1441576159200508,#9b7653
-35.8525092141791077,143.0505759098457474,#9b7653
-36.0685100851366656,142.9564283742534769,#9b7653
-36.2842637303486910,142.8617156544623299,#9b7653
-36.4997686709668585,142.7664383996651623,#9b7653
-36.7150234298475482,142.6705972629245593,#9b7653
-36.9300265315619853,142.5741929011679474,#9b7653
-37.1447765024062804,142.4772259751834156,#9b7653
-37.3592718704116535,142.3796971496149979,#9b7653
-37.5735111653544109,142.2816070929581826,#9b7653
-37.7874929187661408,142.1829564775553365,#9b7653
-38.0012156639436327,142.0837459795911002,#9b7653
-38.2146779359590383,141.9839762790876989,#9b7653
-38.4278782716699112,141.8836480599003380,#9b7653
-38.6408152097291051,141.7827620097125418,#9b7653
-38.8534872905949697,141.6813188200313505,#9b7653
-39.0658930565412916,141.5793191861826017,#9b7653
-39.2780310516672131,141.4767638073062699,#9b7653
-39.4898998219073150,141.3736533863515206,#9b7653
-39.7014979150414931,141.2699886300719641,#9b7653
-39.9128238807049911,141.1657702490209090,#9b7653
-40.1238762703982914,141.0609989575462464,#9b7653
-40.3346536374970555,140.9556754737858455,#9b7653
-40.5451545372620501,140.8498005196623808,#9b7653
-40.7553775268490384,140.7433748208785573,#9b7653
-40.9653211653186773,140.6363991069120516,#9b7653
-41.1749840136463874,140.5288741110104809,#9b7653
-41.3843646347322149,140.4208005701865147,#9b7653
-41.5934615934106944,140.3121792252126738,#9b7653
-41.8022734564607106,140.2030108206163277,#9b7653
-42.0107987926151907,140.0932961046745504,#9b7653
-42.2190361725711085,139.9830358294091184,#9b7653
-42.4269841689991551,139.8722307505811386,#9b7653
-42.6346413565535656,139.7608816276859898,#9b7653
-42.8420063118818533,139.6489892239482629,#9b7653
-43.0490776136346156,139.5365543063161624,#9b7653
-43.2558538424752257,139.4235776454566462,#9b7653
-43.4623335810896165,139.3100600157498263,#9b7653
-43.6685154141959373,139.1960021952839384,#9b7653
-43.8743979285543020,139.0814049658497140,#9b7653
-44.0799797129764386,138.9662691129353220,#9b7653
-44.2852593583353880,138.8505954257207122,#9b7653
-44.4902354575751602,138.7343846970724144,#9b7653
-44.6949066057203694,138.6176377235380528,#9b7653
-44.8992713998858548,138.5003553053406904,#9b7653
-45.1033284392863649,138.3825382463737128,#9b7653
-45.3070763252459869,138.2641873541949735,#9b7653
-45.5105136612079448,138.1453034400214506,#9b7653
-45.7136390527440639,138.0258873187236190,#9b7653
-45.9164511075643418,137.9059398088199373,#9b7653
-46.1189484355264554,137.7854617324710773,#9b7653
-46.3211296486453676,137.6644539154744962,#9b7653
-46.5229933611027917,137.5429171872585812,#9b7653
-46.7245381892566769,137.4208523808771361,#9b7653
-46.9257627516507299,137.2982603330035545,#9b7653
-47.1266656690238648,137.1751418839251073,#9b7653
-47.3272455643196466,137.0514978775372299,#9b7653
-47.5275010626957624,136.9273291613376387,#9b7653
-47.7274307915334148,136.8026365864207037,#9b7653
-47.9270333804467441,136.6774210074713665,#9b7653
-48.1263074612922210,136.5516832827595408,#9b7653
-48.3252516681780406,136.4254242741340022,#9b7653
-48.5238646374733662,136.2986448470166465,#9b7653
-48.7221450078179146,136.1713458703964363,#9b7653
-48.9200914201310582,136.0435282168235744,#9b7653
-49.1177025176212609,135.9151927624034215,#9b7653
-49.3149769457953440,135.7863403867904424,#9b7653
-49.5119133524677864,135.6569719731823795,#9b7653
-49.7085103877699552,135.5270884083140004,#9b7653
-49.9047667041593925,135.3966905824511286,#9b7653
-50.1006809564290521,135.2657793893844769,#9b7653
-50.2962518017165010,135.1343557264235358,#9b7653
-50.4914778995131428,135.0024204943904920,#9b7653
-50.6863579116733760,134.8699745976139752,#9b7653
-50.8808905024238314,134.7370189439228056,#9b7653
-51.0750743383724313,134.6035544446400536,#9b7653
-51.2689080885176054,134.4695820145763321,#9b7653
-51.4623904242574213,134.3351025720239704,#9b7653
-51.6555200193985726,134.2001170387504203,#9b7653
-51.8482955501656306,134.0646263399922020,#9b7653
-52.0407156952100323,133.9286314044482253,#9b7653
-52.2327791356191256,133.7921331642737073,#9b7653
-52.4244845549252574,133.6551325550736919,#9b7653
-52.6158306391147548,133.5176305158965988,#9b7653
-52.8068160766369559,133.3796279892277994,#9b7653
-52.9974395584131983,133.2411259209832224,#9b7653
-53.1876997778457650,133.1021252605028451,#9b7653
-53.3775954308269007,132.9626269605440712,#9b7653
-53.5671252157476587,132.8226319772753641,#9b7653
-53.7562878335069172,132.6821412702695966,#9b7653
-53.9450819875202399,132.5411558024974852,#9b7653
-54.1335063837287365,132.3996765403210816,#9b7653
-54.3215597306079871,132.2577044534870083,#9b7653
-54.5092407391768958,132.1152405151198082,#9b7653
-54.6965481230064015,131.9722857017154922,#9b7653
-54.8834805982284877,131.8288409931345768,#9b7653
-55.0700368835448586,131.6849073725955463,#9b7653
-55.2562157002357424,131.5404858266680321,#9b7653
-55.4420157721686948,131.3955773452660196,#9b7653
-55.6274358258072610,131.2501829216412261,#9b7653
-55.8124745902198143,131.1043035523761091,#9b7653
-55.9971307970881682,130.9579402373770733,#9b7653
-56.1814031807163730,130.8110939798677350,#9b7653
-56.3652904780392632,130.6637657863819015,#9b7653
-56.5487914286312474,130.5159566667567788,#9b7653
-56.7319047747148346,130.3676676341259508,#9b7653
-56.9146292611693383,130.2188997049124737,#9b7653
-57.0969636355394314,130.0696538988220823,#9b7653
-57.2789066480437583,129.9199312388357725,#9b7653
-57.4604570515835249,129.7697327512032928,#9b7653
-57.6416136017508762,129.6190594654357824,#9b7653
-57.8223750568377213,129.4679124142988087,#9b7653
-58.0027401778440037,129.3162926338052614,#9b7653
-58.1827077284862852,129.1642011632083609,#9b7653
-58.3622764752062153,129.0116390449943253,#9b7653
-58.5414451871789794,128.8586073248754644,#9b7653
-58.7202126363217474,128.7051070517828748,#9b7653
-58.8985775973020509,128.5511392778591926,#9b7653
-59.0765388475462316,128.3967050584515448,#9b7653
-59.2540951672478045,128.2418054521042450,#9b7653
-59.4312453393757991,128.0864415205514604,#9b7653
-59.6079881496831305,127.9306143287100355,#9b7653
-59.7843223867149334,127.7743249446721308,#9b7653
-59.9602468418167618,127.6175744396980036,#9b7653
-60.1357603091430235,127.4603638882085193,#9b7653
-60.3108615856651653,127.3026943677778462,#9b7653
-60.4855494711799011,127.1445669591261378,#9b7653
-60.6598227683175111,126.9859827461120432,#9b7653
-60.8336802825499703,126.8269428157252747,#9b7653
-61.0071208221991839,126.6674482580792187,#9b7653
-61.1801431984451156,126.5075001664034318,#9b7653
-61.3527462253340090,126.3470996370361377,#9b7653
-61.5249287197864234,126.1862477694166955,#9b7653
-61.6966895016054195,126.0249456660781391,#9b7653
-61.8680273934846028,125.8631944326395171,#9b7653
-62.0389412210162376,125.7009951777984185,#9b7653
-62.2094298126992129,125.5383490133232840,#9b7653
-62.3794919999472057,125.3752570540458322,#9b7653
-62.5491266170965190,125.2117204178534280,#9b7653
-62.7183325014142312,125.0477402256813946,#9b7653
-62.8871084931060835,124.8833176015053255,#9b7653
-63.0554534353244662,124.7184536723333821,#9b7653
-63.2233661741762774,124.5531495681986200,#9b7653
-63.3908455587309447,124.3874064221511730,#9b7653
-63.5578904410282064,124.2212253702504938,#9b7653
-63.7244996760860403,124.0546075515576661,#9b7653
-63.8906721219085085,123.8875541081274321,#9b7653
-64.0564066394935594,123.7200661850005190,#9b7653
-64.2217020928408573,123.5521449301956807,#9b7653
-64.3865573489595420,123.3837914947019101,#9b7653
-64.5509712778760587,123.2150070324704814,#9b7653
-64.7149427526418037,123.0457927004070768,#9b7653
-64.8784706493409402,122.8761496583638575,#9b7653
-65.0415538470980579,122.7060790691315333,#9b7653
-65.2041912280858753,122.5355820984312913,#9b7653
-65.3663816775328286,122.3646599149069942,#9b7653
-65.5281240837308445,122.1933136901169803,#9b7653
-65.6894173380428441,122.0215445985260914,#9b7653
-65.8502603349104447,121.8493538174977004,#9b7653
-66.0106519718614209,121.6767425272855405,#9b7653
-66.1705911495173353,121.5037119110256896,#9b7653
-66.3300767716010711,121.3302631547283994,#9b7653
-66.4891077449443486,121.1563974472699954,#9b7653
-66.6476829794951584,120.9821159803847479,#9b7653
-66.8058013883253068,120.8074199486566727,#9b7653
-66.9634618876378482,120.6323105495113452,#9b7653
-67.1206633967744892,120.4567889832077157,#9b7653
-67.2774048382230063,120.2808564528298518,#9b7653
-67.4336851376246500,120.1045141642787115,#9b7653
-67.5895032237814917,119.9277633262638574,#9b7653
-67.7448580286637281,119.7506051502952573,#9b7653
-67.8997484874170851,119.5730408506748574,#9b7653
-68.0541735383700939,119.3950716444882687,#9b7653
-68.2081321230412954,119.2166987515965673,#9b7653
-68.3616231861465877,119.0379233946277395,#9b7653
-68.5146456756063742,118.8587467989684683,#9b7653
-68.6671985425528533,118.6791701927556346,#9b7653
-68.8192807413372094,118.4991948068679051,#9b7653
-68.9708912295366616,118.3188218749173615,#9b7653
-69.1220289679617679,118.1380526332409602,#9b7653
-69.2726929206634310,117.9568883208921051,#9b7653
-69.4228820549400325,117.7753301796321921,#9b7653
-69.5725953413445666,117.5933794539219690,#9b7653
-69.7218317536916175,117.4110373909131795,#9b7653
-69.8705902690644223,117.2283052404398944,#9b7653
-70.0188698678218913,117.0451842550099286,#9b7653
-70.1666695336056279,116.8616756897963427,#9b7653
-70.3139882533467642,116.6777808026288312,#9b7653
-70.4608250172730948,116.4935008539850401,#9b7653
-70.6071788189158411,116.3088371069819118,#9b7653
-70.7530486551166575,116.1237908273671593,#9b7653
-70.8984335260344238,115.9383632835104265,#9b7653
-71.0433324351521662,115.7525557463947052,#9b7653
-71.1877443892838215,115.5663694896076095,#9b7653
-71.3316683985811153,115.3798057893325932,#9b7653
-71.4751034765402977,115.1928659243402251,#9b7653
-71.6180486400089080,115.0055511759794769,#9b7653
-71.7605029091925246,114.8178628281688702,#9b7653
-71.9024653076615294,114.6298021673877088,#9b7653
-72.0439348623576734,114.4413704826672529,#9b7653
-72.1849106036008834,114.2525690655818664,#9b7653
-72.3253915650958561,114.0633992102402203,#9b7653
-72.4653767839385949,113.8738622132763822,#9b7653
-72.6048653006231888,113.6839593738409349,#9b7653
-72.7438561590482493,113.4936919935920230,#9b7653
-72.8823484065234908,113.3030613766865144,#9b7653
-73.0203410937762953,113.1120688297710331,#9b7653
-73.1578332749582074,112.9207156619729631,#9b7653
-73.2948240076513997,112.7290031848915248,#9b7653
-73.4313123528751248,112.5369327125887651,#9b7653
-73.5672973750921955,112.3445055615805330,#9b7653
-73.7027781422153367,112.1517230508275134,#9b7653
-73.8377537256136520,111.9585865017261028,#9b7653
-73.9722232001189184,111.7650972380994290,#9b7653
-74.1061856440319531,111.5712565861882126,#9b7653
-74.2396401391289373,111.3770658746417439,#9b7653
-74.3725857706677118,111.1825264345087021,#9b7653
-74.5050216273940293,110.9876395992281175,#9b7653
-74.6369468015478361,110.7924067046201060,#9b7653
-74.7683603888694108,110.5968290888769019,#9b7653
-74.8992614886056742,110.4009080925534931,#9b7653
-75.0296492035162856,110.2046450585585546,#9b7653
-75.1595226398798246,110.0080413321451260,#9b7653
-75.2888809074999301,109.8110982609015878,#9b7653
-75.4177231197113542,109.6138171947422109,#9b7653
-75.5460483933860871,109.4161994858980052,#9b7653
-75.6738558489393398,109.2182464889075106,#9b7653
-75.8011446103356974,109.0199595606073899,#9b7653
-75.9279138050949882,108.8213400601231911,#9b7653
-76.0541625642983803,108.6223893488600112,#9b7653
-76.1798900225942219,108.4231087904932167,#9b7653
-76.3050953182040956,108.2234997509590357,#9b7653
-76.4297775929286303,108.0235635984451932,#9b7653
-76.5539359921534128,107.8233017033815599,#9b7653
-76.6775696648548433,107.6227154384308733,#9b7653
-76.8006777636060036,107.4218061784790450,#9b7653
-76.9232594445824134,107.2205753006259670,#9b7653
-77.0453138675678559,107.0190241841760610,#9b7653
-77.1668401959600914,106.8171542106286722,#9b7653
-77.2878375967766402,106.6149667636688037,#9b7653
-77.4083052406604821,106.4124632291574386,#9b7653
-77.5282423018856974,106.2096449951221899,#9b7653
-77.6476479583631942,106.0065134517477077,#9b7653
-77.7665213916462648,105.8030699913661863,#9b7653
-77.8848617869362840,105.5993160084477722,#9b7653
-78.0026683330882094,105.3952528995910427,#9b7653
-78.1199402226162221,105.1908820635134703,#9b7653
-78.2366766516991703,104.9862049010417309,#9b7653
-78.3528768201861823,104.7812228151022396,#9b7653
-78.4685399316020664,104.5759372107114018,#9b7653
-78.5836651931528110,104.3703494949660069,#9b7653
-78.6982518157309698,104.1644610770337636,#9b7653
-78.8122990139211907,103.9582733681433382,#9b7653
-78.9258060060054447,103.7517877815749330,#9b7653
-79.0387720139684973,103.5450057326504520,#9b7653
-79.1511962635031949,103.3379286387238665,#9b7653
-79.2630779840157658,103.1305579191715083,#9b7653
-79.3744164086311201,102.9228949953822791,#9b7653
-79.4852107741981087,102.7149412907479871,#9b7653
-79.5954603212947660,102.5066982306535408,#9b7653
-79.7051642942334411,102.2981672424671586,#9b7653
-79.8143219410660834,102.0893497555306624,#9b7653
-79.9229325135893163,101.8802472011495723,#9b7653
-80.0309952673496241,101.6708610125834298,#9b7653
-80.1385094616483826,101.4611926250358493,#9b7653
-80.2454743595470603,101.2512434756447135,#9b7653
-80.3518892278720642,101.0410150034724381,#9b7653
-80.4577533372199980,100.8305086494959255,#9b7653
-80.5630659619624936,100.6197258565967729,#9b7653
-80.6678263802512845,100.4086680695514531,#9b7653
-80.7720338740230943,100.1973367350212385,#9b7653
-80.8756877290045537, 99.9857333015424814,#9b7653
-80.9787872347171884, 99.7738592195165666,#9b7653
-81.0813316844821372, 99.5617159411999353,#9b7653
-81.1833203754251258, 99.3493049206942942,#9b7653
-81.2847526084812699, 99.1366276139364686,#9b7653
-81.3856276883997509, 98.9236854786885260,#9b7653
-81.4859449237487468, 98.7104799745277433,#9b7653
-81.5857036269200506, 98.4970125628366446,#9b7653
-81.6849031141338173, 98.2832847067929265,#9b7653
-81.7835427054432671, 98.0692978713594812,#9b7653
-81.8816217247393752, 97.8550535232743357,#9b7653
-81.9791394997554050, 97.6405531310405195,#9b7653
-82.0760953620715838, 97.4257981649162303,#9b7653
-82.1724886471197209, 97.2107900969044749,#9b7653
-82.2683186941876983, 96.9955304007431494,#9b7653
-82.3635848464240041, 96.7800205518948786,#9b7653
-82.4582864508422659, 96.5642620275369268,#9b7653
-82.5524228583257411, 96.3482563065510647,#9b7653
-82.6459934236316798, 96.1320048695134233,#9b7653
-82.7389975053958580, 95.9155091986843757,#9b7653
-82.8314344661368978, 95.6987707779983339,#9b7653
-82.9233036722606442, 95.4817910930536300,#9b7653
-83.0146044940645567, 95.2645716311022284,#9b7653
-83.1053363057419574, 95.0471138810397207,#9b7653
-83.1954984853864090, 94.8294193333949096,#9b7653
-83.2850904149958637, 94.6114894803197330,#9b7653
-83.3741114804770262, 94.3933258155789190,#9b7653
-83.4625610716494180, 94.1749298345399950,#9b7653
-83.5504385822496829, 93.9563030341627012,#9b7653
-83.6377434099357089, 93.7374469129889292,#9b7653
-83.7244749562907202, 93.5183629711324187,#9b7653
-83.8106326268274131, 93.2990527102684837,#9b7653
-83.8962158309920625, 93.0795176336237091,#9b7653
-83.9812239821684443, 92.8597592459655914,#9b7653
-84.0656564976820135, 92.6397790535923491,#9b7653
-84.1495127988037979, 92.4195785643224923,#9b7653
-84.2327923107543910, 92.1991592874844912,#9b7653
-84.3154944627079317, 91.9785227339065017,#9b7653
-84.3976186877959123, 91.7576704159059489,#9b7653
-84.4791644231111718, 91.5366038472791956,#9b7653
-84.5601311097117332, 91.3153245432911262,#9b7653
-84.6405181926245831, 91.0938340206648149,#9b7653
-84.7203251208494947, 90.8721337975710526,#9b7653
-84.7995513473628648, 90.6502253936180011,#9b7653
-84.8781963291213657, 90.4281103298408766,#9b7653
-84.9562595270657539, 90.2057901286912340,#9b7653
-85.0337404061245081, 89.9832663140268210,#9b7653
-85.1106384352175240, 89.7605404111009904,#9b7653
-85.1869530872597380, 89.5376139465522840,#9b7653
-85.2626838391647937, 89.3144884483939165,#9b7653
-85.3378301718485233, 89.0911654460034299,#9b7653
-85.4123915702325860, 88.8676464701120636,#9b7653
-85.4863675232479920, 88.6439330527943241,#9b7653
-85.5597575238386128, 88.4200267274575253,#9b7653
-85.6325610689645629, 88.1959290288312161,#9b7653
-85.7047776596057673, 87.9716414929566639,#9b7653
-85.7764068007653719, 87.7471656571763816,#9b7653
-85.8474480014730261, 87.5225030601235261,#9b7653
-85.9179007747883645, 87.2976552417113680,#9b7653
-85.9877646378042897, 87.0726237431228185,#9b7653
-86.0570391116502975, 86.8474101067997140,#9b7653
-86.1257237214957598, 86.6220158764323429,#9b7653
-86.1938179965531646, 86.3964425969488872,#9b7653
-86.2613214700813558, 86.1706918145047354,#9b7653
-86.3282336793887595, 85.9447650764719810,#9b7653
-86.3945541658364817, 85.7186639314287788,#9b7653
-86.4602824748415344, 85.4923899291486720,#9b7653
-86.5254181558798621, 85.2659446205900906,#9b7653
-86.5899607624895538, 85.0393295578856367,#9b7653
-86.6539098522737845, 84.8125462943314545,#9b7653
-86.7172649869038707, 84.5855963843766006,#9b7653
-86.7800257321223825, 84.3584813836123715,#9b7653
-86.8421916577459427, 84.1312028487616601,#9b7653
-86.9037623376683257, 83.9037623376682973,#9b7653
-10.5691785736085286,  7.5691785736085260,#9b7653
-10.6022974545758508,  7.5227181712925031,#9b7653
-10.6352121046002424,  7.4761128596460145,#9b7653
-10.6679218896502501,  7.4293635364222856,#9b7653
-10.7004261796407203,  7.3824711021486218,#9b7653
-10.7327243484449255,  7.3354364601090678,#9b7653
-10.7648157739066335,  7.2882605163269876,#9b7653
-10.7966998378520831,  7.2409441795476370,#9b7653
-10.8283759261018968,  7.1934883612206457,#9b7653
-10.8598434284829128,  7.1458939754824593,#9b7653
-10.8911017388399340,  7.0981619391387349,#9b7653
-10.9221502550474110,  7.0502931716466790,#9b7653
-10.9529883790210345,  7.0022885950973341,#9b7653
-10.9836155167292588,  6.9541491341978201,#9b7653
-11.0140310782047415,  6.9058757162535223,#9b7653
-11.0442344775557242,  6.8574692711502143,#9b7653
-11.0742251329772898,  6.8089307313361722,#9b7653
-11.1040024667625925,  6.7602610318041929,#9b7653
-11.1335659053139757,  6.7114611100735884,#9b7653
-11.1629148791540267,  6.6625319061721306,#9b7653
-11.1920488229365436,  6.6134743626179375,#9b7653
-11.2209671754574245,  6.5642894244013199,#9b7653
-11.2496693796654821,  6.5149780389665812,#9b7653
-11.2781548826731690,  6.4655411561937610,#9b7653
-11.3064231357672274,  6.4159797283803490,#9b7653
-11.3344735944192703,  6.3662947102229159,#9b7653
-11.3623057182962572,  6.3164870587987565,#9b7653
-11.3899189712709052,  6.2665577335474323,#9b7653
-11.4173128214320201,  6.2165076962522932,#9b7653
-11.4444867410947442,  6.1663379110219552,#9b7653
-11.4714402068107137,  6.1160493442717225,#9b7653
-11.4981726993781486,  6.0656429647049803,#9b7653
-11.5246837038518493,  6.0151197432945258,#9b7653
-11.5509727095531201,  5.9644806532638741,#9b7653
-11.5770392100796045,  5.9137266700684918,#9b7653
-11.6028827033150410,  5.8628587713770344,#9b7653
-11.6285026914389302,  5.8118779370524933,#9b7653
-11.6538986809361305,  5.7607851491333308,#9b7653
-11.6790701826063597,  5.7095813918145550,#9b7653
-11.7040167115736278,  5.6582676514287700,#9b7653
-11.7287377872955627,  5.6068449164271694,#9b7653
-11.7532329335726775,  5.5553141773605006,#9b7653
-11.7775016785575417,  5.5036764268599851,#9b7653
-11.8015435547638692,  5.4519326596181807,#9b7653
-11.8253580990755225,  5.4000838723698488,#9b7653
-11.8489448527554337,  5.3481310638727360,#9b7653
-11.8723033614544420,  5.2960752348883382,#9b7653
-11.8954331752200453,  5.2439173881626262,#9b7653
-11.9183338485050712,  5.1916585284067249,#9b7653
-11.9410049401762546,  5.1392996622775655,#9b7653
-11.9634460135227325,  5.0868417983584884,#9b7653
-11.9856566362644674,  5.0342859471398258,#9b7653
-12.0076363805605659,  4.9816331209994127,#9b7653
-12.0293848230175211,  4.9288843341831177,#9b7653
-12.0509015446973660,  4.8760406027852818,#9b7653
-12.0721861311257506,  4.8231029447291593,#9b7653
-12.0932381722999214,  4.7700723797472975,#9b7653
-12.1140572626966208,  4.7169499293619035,#9b7653
-12.1346430012798923,  4.6637366168651644,#9b7653
-12.1549949915088167,  4.6104334672995320,#9b7653
-12.1751128413451397,  4.5570415074379858,#9b7653
-12.1949961632608375,  4.5035617657642346,#9b7653
-12.2146445742455629,  4.4499952724529326,#9b7653
-12.2340576958140375,  4.3963430593498174,#9b7653
-12.2532351540133408,  4.3426061599518393,#9b7653
-12.2721765794301074,  4.2887856093872498,#9b7653
-12.2908816071976474,  4.2348824443956641,#9b7653
-12.3093498770029726,  4.1808977033080925,#9b7653
-12.3275810330937450,  4.1268324260269358,#9b7653
-12.3455747242851110,  4.0726876540059598,#9b7653
-12.3633306039664959,  4.0184644302302130,#9b7653
-12.3808483301082468,  3.9641637991959700,#9b7653
-12.3981275652682470,  3.9097868068905850,#9b7653
-12.4151679765983989,  3.8553345007723530,#9b7653
-12.4319692358510512,  3.8008079297503312,#9b7653
-12.4485310193853120,  3.7462081441641337,#9b7653
-12.4648530081732805,  3.6915361957636974,#9b7653
-12.4809348878062014,  3.6367931376890277,#9b7653
-12.4967763485005143,  3.5819800244499094,#9b7653
-12.5123770851038252,  3.5270979119055794,#9b7653
-12.5277367971007845,  3.4721478572444151,#9b7653
-12.5428551886188711,  3.4171309189635517,#9b7653
-12.5577319684340942,  3.3620481568484966,#9b7653
-12.5723668499766088,  3.3069006319527130,#9b7653
-12.5867595513362254,  3.2516894065771851,#9b7653
-12.6009097952678513,  3.1964155442499522,#9b7653
-12.6148173091968214,  3.1410801097056207,#9b7653
-12.6284818252241529,  3.0856841688648644,#9b7653
-12.6419030801317120,  3.0302287888138650,#9b7653
-12.6550808153872723,  2.9747150377837932,#9b7653
-12.6680147771495015,  2.9191439851302072,#9b7653
-12.6807047162728548,  2.8635167013124607,#9b7653
-12.6931503883123629,  2.8078342578730839,#9b7653
-12.7053515535283559,  2.7520977274171385,#9b7653
-12.7173079768910675,  2.6963081835915608,#9b7653
-12.7290194280851701,  2.6404667010644767,#9b7653
-12.7404856815142047,  2.5845743555045084,#9b7653
-12.7517065163049388,  2.5286322235600300,#9b7653
-12.7626817163116115,  2.4726413828384617,#9b7653
-12.7734110701200940,  2.4166029118854917,#9b7653
-12.7838943710519715,  2.3605178901643034,#9b7653
-12.7941314171685168,  2.3043873980347831,#9b7653
-12.8041220112745879,  2.2482125167327078,#9b7653
-12.8138659609224170,  2.1919943283489203,#9b7653
-12.8233630784153263,  2.1357339158084816,#9b7653
-12.8326131808113360,  2.0794323628498192,#9b7653
-12.8416160899266973,  2.0230907540038250,#9b7653
-12.8503716323393178,  1.9667101745730025,#9b7653
-12.8588796393920983,  1.9102917106105350,#9b7653
-12.8671399471961969,  1.8538364488993713,#9b7653
-12.8751523966341708,  1.7973454769312913,#9b7653
-12.8829168333630459,  1.7408198828859587,#9b7653
-12.8904331078172909,  1.6842607556099574,#9b7653
-12.8977010752117049,  1.6276691845958198,#9b7653
-12.9047205955441910,  1.5710462599610431,#9b7653
-12.9114915335984684,  1.5143930724270633,#9b7653
-12.9180137589466639,  1.4577107132983087,#9b7653
-12.9242871459518405,  1.4010002744410952,#9b7653
-12.9303115737703997,  1.3442628482626597,#9b7653
-12.9360869263544238,  1.2874995276900867,#9b7653
-12.9416130924538955,  1.2307114061492621,#9b7653
-12.9468899656188654,  1.1738995775438097,#9b7653
-12.9519174442014755,  1.1170651362340207,#9b7653
-12.9566954313579323,  1.0602091770157778,#9b7653
-12.9612238350503759,  1.0033327950994375,#9b7653
-12.9655025680486347,  0.9464370860887978,#9b7653
-12.9695315479319291,  0.8895231459599113,#9b7653
-12.9733106970904402,  0.8325920710400386,#9b7653
-12.9768399427268157,  0.7756449579864994,#9b7653
-12.9801192168575668,  0.7186829037655547,#9b7653
-12.9831484563143817,  0.6617070056312757,#9b7653
-12.9859276027453348,  0.6047183611044072,#9b7653
-12.9884566026160222,  0.5477180679512326,#9b7653
-12.9907354072105878,  0.4907072241623980,#9b7653
-12.9927639726326536,  0.4336869279318259,#9b7653
-12.9945422598061793,  0.3766582776354799,#9b7653
-12.9960702344762051,  0.3196223718102699,#9b7653
-12.9973478672095144,  0.2625803091328629,#9b7653
-12.9983751333952018,  0.2055331883985244,#9b7653
-12.9991520132451495,  0.1484821084999528,#9b7653
-12.9996784917944002,  0.0914281684061115,#9b7653
-12.9999545589014502,  0.0343724671410653,#9b7653
-12.9999802092484558, -0.0226838962372189,#9b7653
-12.9997554423413071, -0.0797398226579795,#9b7653
-12.9992802625096733, -0.1367942130589124,#9b7653
-12.9985546789068920, -0.1938459684072785,#9b7653
-12.9975787055098007, -0.2508939897211034,#9b7653
-12.9963523611184755, -0.3079371780903409,#9b7653
-12.9948756693558565, -0.3649744346980415,#9b7653
-12.9931486586673071, -0.4220046608415181,#9b7653
-12.9911713623200491, -0.4790267579535055,#9b7653
-12.9889438184025359, -0.5360396276233498,#9b7653
-12.9864660698237113, -0.5930421716181042,#9b7653
-12.9837381643121859, -0.6500332919037650,#9b7653
-12.9807601544153179, -0.7070118906663584,#9b7653
-12.9775320974981998, -0.7639768703331177,#9b7653
-12.9740540557425508, -0.8209271335936191,#9b7653
-12.9703260961455289, -0.8778615834209199,#9b7653
-12.9663482905184235, -0.9347791230926891,#9b7653
-12.9621207154852911, -0.9916786562123291,#9b7653
-12.9576434524814612, -1.0485590867301238,#9b7653
-12.9529165877519841, -1.1054193189642874,#9b7653
-12.9479402123499607, -1.1622582576221527,#9b7653
-12.9427144221347827, -1.2190748078212048,#9b7653
-12.9372393177703024, -1.2758678751102013,#9b7653
-12.9315150047228791, -1.3326363654902489,#9b7653
-12.9255415932593518, -1.3893791854358764,#9b7653
-12.9193191984449260, -1.4460952419160991,#9b7653
-12.9128479401409315, -1.5027834424154694,#9b7653
-12.9061279430025415, -1.5594426949551485,#9b7653
-12.8991593364763570, -1.6160719081138797,#9b7653
-12.8919422547979110, -1.6726699910490914,#9b7653
-12.8844768369890907, -1.7292358535178469,#9b7653
-12.8767632268554575, -1.7857684058978764,#9b7653
-12.8688015729834717, -1.8422665592085568,#9b7653
-12.8605920287376367, -1.8987292251318919,#9b7653
-12.8521347522575429, -1.9551553160334747,#9b7653
-12.8434299064548174, -2.0115437449834399,#9b7653
-12.8344776590099929, -2.0678934257773984,#9b7653
-12.8252781823692708, -2.1242032729573599,#9b7653
-12.8158316537412045, -2.1804722018326599,#9b7653
-12.8061382550932841, -2.2366991285008231,#9b7653
-12.7961981731484293, -2.2928829698684616,#9b7653
-12.7860115993813945, -2.3490226436721384,#9b7653
-12.7755787300150825, -2.4051170684992091,#9b7653
-12.7648997660167591, -2.4611651638086576,#9b7653
-12.7539749130941882, -2.5171658499519061,#9b7653
-12.7428043816916627, -2.5731180481936167,#9b7653
-12.7313883869859623, -2.6290206807324621,#9b7653
-12.7197271488821873, -2.6848726707219113,#9b7653
-12.7078208920095470, -2.7406729422909382,#9b7653
-12.6956698457170187, -2.7964204205647691,#9b7653
-12.6832742440689277, -2.8521140316855820,#9b7653
-12.6706343258404495, -2.9077527028331915,#9b7653
-12.6577503345130040, -2.9633353622457164,#9b7653
-12.6446225182695606, -3.0188609392402226,#9b7653
-12.6312511299898667, -3.0743283642333492,#9b7653
-12.6176364272455732, -3.1297365687619054,#9b7653
-12.6037786722952685, -3.1850844855034754,#9b7653
-12.5896781320794275, -3.2403710482969426,#9b7653
-12.5753350782152840, -3.2955951921630513,#9b7653
-12.5607497869915719, -3.3507558533249151,#9b7653
-12.5459225393632288, -3.4058519692285087,#9b7653
-12.5308536209459689, -3.4608824785631351,#9b7653
-12.5155433220107835, -3.5158463212818698,#9b7653
-12.4999919374783577, -3.5707424386219788,#9b7653
-12.4841997669133793, -3.6255697731253123,#9b7653
-12.4681671145187689, -3.6803272686586910,#9b7653
-12.4518942891298270, -3.7350138704342219,#9b7653
-12.4353816042082812, -3.7896285250296344,#9b7653
-12.4186293778362487, -3.8441701804085713,#9b7653
-12.4016379327101092, -3.8986377859408488,#9b7653
-12.3844075961342828, -3.9530302924226994,#9b7653
-12.3669387000149360, -4.0073466520969809,#9b7653
-12.3492315808535835, -4.0615858186733593,#9b7653
-12.3312865797406008, -4.1157467473484557,#9b7653
-12.3131040423486553, -4.1698283948260029,#9b7653
-12.2946843189260679, -4.2238297193368801,#9b7653
-12.2760277642900277, -4.2777496806592596,#9b7653
-12.2571347378197917, -4.3315872401385809,#9b7653
-12.2380056034497429, -4.3853413607075860,#9b7653
-12.2186407296623951, -4.4390110069062931,#9b7653
-12.1990404894812734, -4.4925951449019426,#9b7653
-12.1792052604637480, -4.5460927425089084,#9b7653
-12.1591354246937566, -4.5995027692085779,#9b7653
-12.1388313687744329, -4.6528241961692292,#9b7653
-12.1182934838206826, -4.7060559962657900,#9b7653
-12.0975221654516201, -4.7591971440997005,#9b7653
-12.0765178137829743, -4.8122466160186024,#9b7653
-12.0552808334193653, -4.8652033901360863,#9b7653
-12.0338116334465202, -4.9180664463513706,#9b7653
-12.0121106274233824, -4.9708347663689487,#9b7653
-11.9901782333741487, -5.0235073337182268,#9b7653
-11.9680148737802305, -5.0760831337730474,#9b7653
-11.9456209755720888, -5.1285611537713143,#9b7653
-11.9229969701210443, -5.1809403828344163,#9b7653
-11.9001432932309292, -5.2332198119867774,#9b7653
-11.8770603851297292, -5.2853984341752369,#9b7653
-11.8537486904610780, -5.3374752442884725,#9b7653
-11.8302086582757013, -5.3894492391763578,#9b7653
-11.8064407420227724, -5.4413194176692850,#9b7653
-11.7824453995411602, -5.4930847805974503,#9b7653
-11.7582230930506366, -5.5447443308100972,#9b7653
-11.7337742891429411, -5.5962970731947470,#9b7653
-11.7090994587728225, -5.6477420146963144,#9b7653
-11.6841990772489446, -5.6990781643363073,#9b7653
-11.6590736242247441, -5.7503045332318594,#9b7653
-11.6337235836891857, -5.8014201346148031,#9b7653
-11.6081494439574389, -5.8524239838506746,#9b7653
-11.5823516976614727, -5.9033150984576803,#9b7653
-11.5563308417405661, -5.9540924981256218,#9b7653
-11.5300873774317356, -6.0047552047347734,#9b7653
-11.5036218102600749, -6.0553022423747525,#9b7653
-11.4769346500290368, -6.1057326373632579,#9b7653
-11.4500264108105760, -6.1560454182648998,#9b7653
-11.4228976109352871, -6.2062396159098556,#9b7653
-11.3955487729823908, -6.2563142634125661,#9b7653
-11.3679804237696835, -6.3062683961903518,#9b7653
-11.3401930943433822, -6.3561010519819972,#9b7653
-11.3121873199678973, -6.4058112708662858,#9b7653
-11.2839636401155214, -6.4553980952804828,#9b7653
-11.2555225984560288, -6.5048605700388098,#9b7653
-11.2268647428462334, -6.5541977423507882,#9b7653
-11.1979906253193882, -6.6034086618396630,#9b7653
-11.1689008020745923, -6.6524923805606502,#9b7653
-11.1395958334660587, -6.7014479530192297,#9b7653
-11.1100762839923188, -6.7502744361893479,#9b7653
-11.0803427222853568, -6.7989708895315859,#9b7653
-11.0503957210996511, -6.8475363750112743,#9b7653
-11.0202358573011434, -6.8959699571165576,#9b7653
-10.9898637118561151, -6.9442707028764445,#9b7653
-10.9592798698200315, -6.9924376818787195,#9b7653
-10.9284849203262180, -7.0404699662879366,#9b7653
-10.8974794565745583, -7.0883666308632396,#9b7653
-10.8662640758200464, -7.1361267529762049,#9b7653
-10.8348393793612860, -7.1837494126286128,#9b7653
-10.8032059725289038, -7.2312336924701723,#9b7653
-10.7713644646738977, -7.2785786778161832,#9b7653
-10.7393154691558941, -7.3257834566651603,#9b7653
-10.7070596033313183, -7.3728471197164147,#9b7653
-10.6745974885415400, -7.4197687603875275,#9b7653
-10.6419297501008572, -7.4665474748318799,#9b7653
-10.6090570172844991, -7.5131823619559865,#9b7653
-10.5759799233164582, -7.5596725234369249,#9b7653
-10.5426991053573254, -7.6060170637395927,#9b7653
-10.5092152044920049, -7.6522150901339723,#9b7653
-10.4755288657173615, -7.6982657127123328,#9b7653
-10.4416407379298111, -7.7441680444063579,#9b7653
-10.4075514739127879, -7.7899212010042680,#9b7653
-10.3732617303242201, -7.8355243011677871,#9b7653
-10.3387721676838282, -7.8809764664492086,#9b7653
-10.3040834503604479, -7.9262768213082193,#9b7653
-10.2691962465591899, -7.9714244931288567,#9b7653
-10.2341112283086026, -8.0164186122362526,#9b7653
-10.1988290714477099, -8.0612583119134111,#9b7653
-10.1633504556129939, -8.1059427284179062,#9b7653
-10.1276760642253141, -8.1504710009985075,#9b7653
-10.0918065844767142, -8.1948422719117922,#9b7653
-10.0557427073172345, -8.2390556864386024,#9b7653
-10.0194851274415360, -8.2831103929005963,#9b7653
 -9.9830345432755916, -8.3270055426765701,#9b7653
 -9.9463916569631632, -8.3707402902188743,#9b7653
 -9.9095571743523330, -8.4143137930696525,#9b7653
 -9.8725318049818700, -8.4577252118770954,#9b7653
 -9.8353162620675754, -8.5009737104115963,#9b7653
 -9.7979112624885527, -8.5440584555818671,#9b7653
 -9.7603175267733704, -8.5869786174509937,#9b7653
 -9.7225357790862272, -8.6297333692523885,#9b7653
 -9.6845667472129477, -8.6723218874057721,#9b7653
 -9.6464111625470252, -8.7147433515329720,#9b7653
 -9.6080697600754679, -8.7569969444737925,#9b7653
 -9.5695432783646908, -8.7990818523017023,#9b7653
 -9.5308324595462697, -8.8409972643395403,#9b7653
 -9.4919380493026395, -8.8827423731751232,#9b7653
 -9.4528607968527485, -8.9243163746767991,#9b7653
 -9.4136014549375950, -8.9657184680089514,#9b7653
 -9.3741607798057807, -9.0069478556473879,#9b7653
 -9.3345395311988728, -9.0480037433947569,#9b7653
 -9.2947384723368387, -9.0888853403957892,#9b7653
 -9.2547583699032874, -9.1295918591525815,#9b7653
 -9.2145999940307366, -9.1701225155397328,#9b7653
 -9.1742641182857678, -9.2104765288194663,#9b7653
 -9.1337515196541190, -9.2506531216566579,#9b7653
 -9.0930629785257313, -9.2906515201338138,#9b7653
 -9.0521992786796890, -9.3304709537659942,#9b7653
 -9.0111612072691685, -9.3701106555156155,#9b7653
 -8.9699495548062149, -9.4095698618072756,#9b7653
 -8.9285651151465810, -9.4488478125424127,#9b7653
 -8.8870086854743704, -9.4879437511139955,#9b7653
 -8.8452810662867289, -9.5268569244210610,#9b7653
 -8.8033830613784065, -9.5655865828832347,#9b7653
 -8.7613154778262725, -9.6041319804551719,#9b7653
 -8.7190791259737779, -9.6424923746409217,#9b7653
 -8.6766748194153234, -9.6806670265082495,#9b7653
 -8.6341033749806293, -9.7186552007028268,#9b7653
 -8.5913656127189455, -9.7564561654624598,#9b7653
 -8.5484623558833164, -9.7940691926311132,#9b7653
 -8.5053944309146647, -9.8314935576730065,#9b7653
 -8.4621626674259076, -9.8687285396865203,#9b7653
 -8.4187678981859762, -9.9057734214181021,#9b7653
 -8.3752109591037396, -9.9426274892760915,#9b7653
 -8.3314926892119612, -9.9792900333444390,#9b7653
 -8.2876139306510659,-10.0157603473964159,#9b7653
 -8.2435755286529950,-10.0520377289081786,#9b7653
 -8.1993783315248425,-10.0881214790723508,#9b7653
 -8.1550231906325958,-10.1240109028114222,#9b7653
 -8.1105109603846675,-10.1597053087912030,#9b7653
 -8.0658424982154724,-10.1952040094341019,#9b7653
 -8.0210186645689117,-10.2305063209323688,#9b7653
 -7.9760403228817998,-10.2656115632612739,#9b7653
 -7.9309083395672015,-10.3005190601922294,#9b7653
 -7.8856235839977646,-10.3352281393057908,#9b7653
 -7.8401869284890005,-10.3697381320045974,#9b7653
 -7.7945992482824167,-10.4040483735262974,#9b7653
 -7.7488614215287290,-10.4381582029562932,#9b7653
 -7.7029743292708757,-10.4720669632405379,#9b7653
 -7.6569388554271169,-10.5057740011981267,#9b7653
 -7.6107558867739407,-10.5392786675339316,#9b7653
 -7.5644263129290188,-10.5725803168510897,#9b7653
 -7.5179510263340852,-10.6056783076634122,#9b7653
 -7.4713309222376889,-10.6385720024077912,#9b7653
 -7.4245668986780213,-10.6712607674564222,#9b7653
 -7.3776598564655389,-10.7037439731290700,#9b7653
 -7.3306106991656916,-10.7360209937051394,#9b7653
 -7.2834203330814482,-10.7680912074357789,#9b7653
 -7.2360896672358672,-10.7999539965558338,#9b7653
 -7.1886196133546072,-10.8316087472957339,#9b7653
 -7.1410110858483407,-10.8630548498933344,#9b7653
 -7.0932650017951255,-10.8942916986056701,#9b7653
 -7.0453822809227589,-10.9253186917206051,#9b7653
 -6.9973638455910869,-10.9561352315684157,#9b7653
 -6.9492106207741680,-10.9867407245333446,#9b7653
 -6.9009235340425370,-11.0171345810649814,#9b7653
 -6.8525035155452567,-11.0473162156896691,#9b7653
 -6.8039514979920801,-11.0772850470217357,#9b7653
 -6.7552684166354151,-11.1070404977747366,#9b7653
 -6.7064552092523400,-11.1365819947725502,#9b7653
 -6.6575128161265509,-11.1659089689604194,#9b7653
 -6.6084421800302424,-11.1950208554159083,#9b7653
 -6.5592442462059140,-11.2239170933598142,#9b7653
 -6.5099199623481905,-11.2525971261669415,#9b7653
 -6.4604702785855972,-11.2810604013768199,#9b7653
 -6.4108961474621884,-11.3093063707043697,#9b7653
 -6.3611985239192412,-11.3373344900504591,#9b7653
 -6.3113783652768678,-11.3651442195123540,#9b7653
 -6.2614366312155658,-11.3927350233941560,#9b7653
 -6.2113742837577073,-11.4201063702171108,#9b7653
 -6.1611922872490252,-11.4472577327298399,#9b7653
 -6.1108916083400704,-11.4741885879184888,#9b7653
 -6.0604732159675203,-11.5008984170168329,#9b7653
 -6.0099380813355960,-11.5273867055162249,#9b7653
 -5.9592871778972691,-11.5536529431755568,#9b7653
 -5.9085214813355975,-11.5796966240310368,#9b7653
 -5.8576419695448552,-11.6055172464059826,#9b7653
 -5.8066496226117259,-11.6311143129204559,#9b7653
 -5.7555454227964455,-11.6564873305008518,#9b7653
 -5.7043303545138624,-11.6816358103893876,#9b7653
 -5.6530054043144498,-11.7065592681535424,#9b7653
 -5.6015715608653247,-11.7312572236953692,#9b7653
 -5.5500298149312375,-11.7557292012607348,#9b7653
 -5.4983811593554162,-11.7799747294485062,#9b7653
 -5.4466265890404832,-11.8039933412196234,#9b7653
 -5.3947671009293021,-11.8277845739060901,#9b7653
 -5.3428036939857622,-11.8513479692198764,#9b7653
 -5.2907373691755044,-11.8746830732617816,#9b7653
 -5.2385691294466676,-11.8977894365301484,#9b7653
 -5.1862999797105998,-11.9206666139295177,#9b7653
 -5.1339309268224218,-11.9433141647792329,#9b7653
 -5.0814629795617261,-11.9657316528218889,#9b7653
 -5.0288971486130514,-11.9879186462317779,#9b7653
 -4.9762344465465018,-12.0098747176231626,#9b7653
 -4.9234758877981681,-12.0315994440585516,#9b7653
 -4.8706224886506195,-12.0530924070568233,#9b7653
 -4.8176752672133469,-12.0743531926012828,#9b7653
 -4.7646352434031298,-12.0953813911476473,#9b7653
 -4.7115034389243666,-12.1161765976319380,#9b7653
 -4.6582808772494211,-12.1367384114782819,#9b7653
 -4.6049685835989314,-12.1570664366066055,#9b7653
 -4.5515675849219939,-12.1771602814403064,#9b7653
 -4.4980789098764618,-12.1970195589137500,#9b7653
 -4.4445035888090452,-12.2166438864797691,#9b7653
 -4.3908426537355529,-12.2360328861169911,#9b7653
 -4.3370971383209334,-12.2551861843371590,#9b7653
 -4.2832680778593968,-12.2741034121923001,#9b7653
 -4.2293565092545062,-12.2927842052818352,#9b7653
 -4.1753634709991267,-12.3112282037596135,#9b7653
 -4.1212900031555089,-12.3294350523408198,#9b7653
 -4.0671371473351652,-12.3474044003088501,#9b7653
 -4.0129059466788952,-12.3651359015220361,#9b7653
 -3.9585974458366131,-12.3826292144203300,#9b7653
 -3.9042126909472592,-12.3998840020318877,#9b7653
 -3.8497527296186682,-12.4168999319795432,#9b7653
 -3.7952186109073707,-12.4336766764872220,#9b7653
 -3.7406113852983598,-12.4502139123862570,#9b7653
 -3.6859321046848779,-12.4665113211216116,#9b7653
 -3.6311818223481906,-12.4825685887580065,#9b7653
 -3.5763615929372179,-12.4983854059859905,#9b7653
 -3.5214724724483051,-12.5139614681278619,#9b7653
 -3.4665155182047971,-12.5292964751435782,#9b7653
 -3.4114917888367575,-12.5443901316365078,#9b7653
 -3.3564023442604971,-12.5592421468591251,#9b7653
 -3.3012482456581926,-12.5738522347186308,#9b7653
 -3.2460305554574793,-12.5882201137824250,#9b7653
 -3.1907503373109041,-12.6023455072835695,#9b7653
 -3.1354086560755290,-12.6162281431260848,#9b7653
 -3.0800065777923273,-12.6298677538902204,#9b7653
 -3.0245451696657404,-12.6432640768375801,#9b7653
 -2.9690255000430406,-12.6564168539162054,#9b7653
 -2.9134486383937830,-12.6693258317655317,#9b7653
 -2.8578156552892322,-12.6819907617212753,#9b7653
 -2.8021276223817129,-12.6944113998202148,#9b7653
 -2.7463856123839454,-12.7065875068049046,#9b7653
 -2.6905906990484061,-12.7185188481282765,#9b7653
 -2.6347439571466769,-12.7302051939581506,#9b7653
 -2.5788464624486616,-12.7416463191816778,#9b7653
 -2.5228992917019553,-12.7528420034096630,#9b7653
 -2.4669035226110139,-12.7637920309808148,#9b7653
 -2.4108602338164804,-12.7744961909659018,#9b7653
 -2.3547705048743333,-12.7849542771718152,#9b7653
 -2.2986354162351228,-12.7951660881455371,#9b7653
 -2.2424560492231791,-12.8051314271780274,#9b7653
 -2.1862334860157637,-12.8148501023080001,#9b7653
 -2.1299688096221985,-12.8243219263256414,#9b7653
 -2.0736631038630264,-12.8335467167761994,#9b7653
 -2.0173174533491713,-12.8425242959635000,#9b7653
 -1.9609329434609719,-12.8512544909533819,#9b7653
 -1.9045106603273125,-12.8597371335770170,#9b7653
 -1.8480516908047218,-12.8679720604341465,#9b7653
 -1.7915571224564146,-12.8759591128962381,#9b7653
 -1.7350280435313188,-12.8836981371095423,#9b7653
 -1.6784655429431368,-12.8911889839980471,#9b7653
 -1.6218707102494028,-12.8984315092663522,#9b7653
 -1.5652446356304268,-12.9054255734024590,#9b7653
 -1.5085884098683287,-12.9121710416804394,#9b7653
 -1.4519031243260490,-12.9186677841630502,#9b7653
 -1.3951898709263049,-12.9249156757042183,#9b7653
 -1.3384497421305317,-12.9309145959514691,#9b7653
 -1.2816838309178626,-12.9366644293482285,#9b7653
 -1.2248932307640985,-12.9421650651360611,#9b7653
 -1.1680790356206197,-12.9474163973567951,#9b7653
 -1.1112423398932925,-12.9524183248545715,#9b7653
 -1.0543842384214084,-12.9571707512777845,#9b7653
 -0.9975058264566311,-12.9616735850809430,#9b7653
 -0.9406081996418281,-12.9659267395264326,#9b7653
 -0.8836924539900003,-12.9699301326861871,#9b7653
 -0.8267596858631934,-12.9736836874432608,#9b7653
 -0.7698109919513553,-12.9771873314933259,#9b7653
 -0.7128474692511868,-12.9804409973460526,#9b7653
 -0.6558702150450351,-12.9834446223264166,#9b7653
 -0.5988803268797783,-12.9861981485759088,#9b7653
 -0.5418789025456731,-12.9887015230536385,#9b7653
 -0.4848670400551265,-12.9909546975373669,#9b7653
 -0.4278458376216844,-12.9929576286244313,#9b7653
 -0.3708163936387951,-12.9947102777325796,#9b7653
 -0.3137798066586402,-12.9962126111007148,#9b7653
 -0.2567371753709959,-12.9974645997895486,#9b7653
 -0.1996895985820923,-12.9984662196821574,#9b7653
 -0.1426381751934245,-12.9992174514844354,#9b7653
 -0.0855840041805607,-12.9997182807254870,#9b7653
 -0.0285281845719968,-12.9999686977578914,#9b7653
  0.0285281845719804,-12.9999686977578914,#9b7653
  0.0855840041805329,-12.9997182807254870,#9b7653
  0.1426381751934082,-12.9992174514844354,#9b7653
  0.1996895985820876,-12.9984662196821574,#9b7653
  0.2567371753709796,-12.9974645997895486,#9b7653
  0.3137798066586124,-12.9962126111007166,#9b7653
  0.3708163936387788,-12.9947102777325796,#9b7653
  0.4278458376216796,-12.9929576286244313,#9b7653
  0.4848670400550987,-12.9909546975373669,#9b7653
  0.5418789025456452,-12.9887015230536385,#9b7653
  0.5988803268797736,-12.9861981485759088,#9b7653
  0.6558702150450187,-12.9834446223264184,#9b7653
  0.7128474692511590,-12.9804409973460544,#9b7653
  0.7698109919513390,-12.9771873314933259,#9b7653
  0.8267596858631887,-12.9736836874432608,#9b7653
  0.8836924539899841,-12.9699301326861889,#9b7653
  0.9406081996418003,-12.9659267395264344,#9b7653
  0.9975058264566149,-12.9616735850809448,#9b7653
  1.0543842384213922,-12.9571707512777863,#9b7653
  1.1112423398932645,-12.9524183248545732,#9b7653
  1.1680790356206034,-12.9474163973567968,#9b7653
  1.2248932307640936,-12.9421650651360611,#9b7653
  1.2816838309178464,-12.9366644293482302,#9b7653
  1.3384497421305039,-12.9309145959514709,#9b7653
  1.3951898709262887,-12.9249156757042201,#9b7653
  1.4519031243260443,-12.9186677841630519,#9b7653
  1.5085884098683007,-12.9121710416804447,#9b7653
  1.5652446356303991,-12.9054255734024608,#9b7653
  1.6218707102493868,-12.8984315092663557,#9b7653
  1.6784655429431208,-12.8911889839980489,#9b7653
  1.7350280435312910,-12.8836981371095458,#9b7653
  1.7915571224563984,-12.8759591128962416,#9b7653
  1.8480516908047171,-12.8679720604341465,#9b7653
  1.9045106603272968,-12.8597371335770188,#9b7653
  1.9609329434609446,-12.8512544909533872,#9b7653
  2.0173174533491554,-12.8425242959635035,#9b7653
  2.0736631038630104,-12.8335467167762012,#9b7653
  2.1299688096221705,-12.8243219263256449,#9b7653
  2.1862334860157473,-12.8148501023080037,#9b7653
  2.2424560492231742,-12.8051314271780274,#9b7653
  2.2986354162351064,-12.7951660881455407,#9b7653
  2.3547705048743062,-12.7849542771718205,#9b7653
  2.4108602338164644,-12.7744961909659054,#9b7653
  2.4669035226110090,-12.7637920309808166,#9b7653
  2.5228992917019282,-12.7528420034096666,#9b7653
  2.5788464624486456,-12.7416463191816831,#9b7653
  2.6347439571466609,-12.7302051939581542,#9b7653
  2.6905906990483901,-12.7185188481282800,#9b7653
  2.7463856123839179,-12.7065875068049099,#9b7653
  2.8021276223816969,-12.6944113998202184,#9b7653
  2.8578156552892273,-12.6819907617212770,#9b7653
  2.9134486383937674,-12.6693258317655371,#9b7653
  2.9690255000430130,-12.6564168539162125,#9b7653
  3.0245451696657244,-12.6432640768375837,#9b7653
  3.0800065777923114,-12.6298677538902240,#9b7653
  3.1354086560755019,-12.6162281431260919,#9b7653
  3.1907503373108881,-12.6023455072835731,#9b7653
  3.2460305554574638,-12.5882201137824303,#9b7653
  3.3012482456581775,-12.5738522347186343,#9b7653
  3.3564023442604705,-12.5592421468591322,#9b7653
  3.4114917888367415,-12.5443901316365114,#9b7653
  3.4665155182047926,-12.5292964751435800,#9b7653
  3.5214724724482895,-12.5139614681278655,#9b7653
  3.5763615929372019,-12.4983854059859940,#9b7653
  3.6311818223481747,-12.4825685887580118,#9b7653
  3.6859321046848619,-12.4665113211216152,#9b7653
  3.7406113852983331,-12.4502139123862641,#9b7653
  3.7952186109073551,-12.4336766764872255,#9b7653
  3.8497527296186642,-12.4168999319795450,#9b7653
  3.9042126909472432,-12.3998840020318930,#9b7653
  3.9585974458365869,-12.3826292144203389,#9b7653
  4.0129059466788801,-12.3651359015220415,#9b7653
  4.0671371473351492,-12.3474044003088572,#9b7653
  4.1212900031554822,-12.3294350523408287,#9b7653
  4.1753634709991116,-12.3112282037596170,#9b7653
  4.2293565092544911,-12.2927842052818388,#9b7653
  4.2832680778593808,-12.2741034121923072,#9b7653
  4.3370971383209067,-12.2551861843371679,#9b7653
  4.3908426537355378,-12.2360328861169982,#9b7653
  4.4445035888090407,-12.2166438864797708,#9b7653
  4.4980789098764467,-12.1970195589137571,#9b7653
  4.5515675849219788,-12.1771602814403117,#9b7653
  4.6049685835989163,-12.1570664366066126,#9b7653
  4.6582808772494060,-12.1367384114782872,#9b7653
  4.7115034389243409,-12.1161765976319487,#9b7653
  4.7646352434031147,-12.0953813911476544,#9b7653
  4.8176752672133434,-12.0743531926012864,#9b7653
  4.8706224886506044,-12.0530924070568286,#9b7653
  4.9234758877981424,-12.0315994440585623,#9b7653
  4.9762344465464867,-12.0098747176231679,#9b7653
  5.0288971486130363,-11.9879186462317833,#9b7653
  5.0814629795617003,-11.9657316528219013,#9b7653
  5.1339309268224076,-11.9433141647792400,#9b7653
  5.1862999797105847,-11.9206666139295248,#9b7653
  5.2385691294466525,-11.8977894365301555,#9b7653
  5.2907373691754787,-11.8746830732617923,#9b7653
  5.3428036939857479,-11.8513479692198835,#9b7653
  5.3947671009292986,-11.8277845739060901,#9b7653
  5.4466265890404681,-11.8039933412196305,#9b7653
  5.4983811593553913,-11.7799747294485169,#9b7653
  5.5500298149312215,-11.7557292012607402,#9b7653
  5.6015715608653105,-11.7312572236953763,#9b7653
  5.6530054043144249,-11.7065592681535549,#9b7653
  5.7043303545138473,-11.6816358103893947,#9b7653
  5.7555454227964420,-11.6564873305008554,#9b7653
  5.8066496226117108,-11.6311143129204630,#9b7653
  5.8576419695448303,-11.6055172464059932,#9b7653
  5.9085214813355833,-11.5796966240310439,#9b7653
  5.9592871778972647,-11.5536529431755586,#9b7653
  6.0099380813355703,-11.5273867055162391,#9b7653
  6.0604732159675061,-11.5008984170168418,#9b7653
  6.1108916083400553,-11.4741885879184977,#9b7653
  6.1611922872490110,-11.4472577327298488,#9b7653
  6.2113742837576833,-11.4201063702171233,#9b7653
  6.2614366312155516,-11.3927350233941649,#9b7653
  6.3113783652768634,-11.3651442195123575,#9b7653
  6.3611985239192261,-11.3373344900504662,#9b7653
  6.4108961474621644,-11.3093063707043839,#9b7653
  6.4604702785855830,-11.2810604013768288,#9b7653
  6.5099199623481763,-11.2525971261669504,#9b7653
  6.5592442462058891,-11.2239170933598285,#9b7653
  6.6084421800302273,-11.1950208554159172,#9b7653
  6.6575128161265473,-11.1659089689604212,#9b7653
  6.7064552092523257,-11.1365819947725591,#9b7653
  6.7552684166353920,-11.1070404977747508,#9b7653
  6.8039514979920659,-11.0772850470217428,#9b7653
  6.8525035155452523,-11.0473162156896709,#9b7653
  6.9009235340425130,-11.0171345810649974,#9b7653
  6.9492106207741537,-10.9867407245333535,#9b7653
  6.9973638455910736,-10.9561352315684246,#9b7653
  7.0453822809227464,-10.9253186917206122,#9b7653
  7.0932650017951024,-10.8942916986056844,#9b7653
  7.1410110858483256,-10.8630548498933432,#9b7653
  7.1886196133546028,-10.8316087472957374,#9b7653
  7.2360896672358539,-10.7999539965558427,#9b7653
  7.2834203330814251,-10.7680912074357948,#9b7653
  7.3306106991656783,-10.7360209937051483,#9b7653
  7.3776598564655256,-10.7037439731290789,#9b7653
  7.4245668986779982,-10.6712607674564381,#9b7653
  7.4713309222376756,-10.6385720024078001,#9b7653
  7.5179510263340728,-10.6056783076634229,#9b7653
  7.5644263129290055,-10.5725803168510986,#9b7653
  7.6107558867739193,-10.5392786675339476,#9b7653
  7.6569388554271018,-10.5057740011981355,#9b7653
  7.7029743292708712,-10.4720669632405414,#9b7653
  7.7488614215287068,-10.4381582029563091,#9b7653
  7.7945992482824042,-10.4040483735263063,#9b7653
  7.8401869284889871,-10.3697381320046080,#9b7653
  7.8856235839977513,-10.3352281393058014,#9b7653
  7.9309083395671802,-10.3005190601922472,#9b7653
  7.9760403228817864,-10.2656115632612845,#9b7653
  8.0210186645689081,-10.2305063209323723,#9b7653
  8.0658424982154582,-10.1952040094341125,#9b7653
  8.1105109603846461,-10.1597053087912208,#9b7653
  8.1550231906325816,-10.1240109028114329,#9b7653
  8.1993783315248283,-10.0881214790723597,#9b7653
  8.2435755286529737,-10.0520377289081964,#9b7653
  8.2876139306510535,-10.0157603473964265,#9b7653
  8.3314926892119487, -9.9792900333444496,#9b7653
  8.3752109591037271, -9.9426274892761040,#9b7653
  8.4187678981859548, -9.9057734214181199,#9b7653
  8.4621626674258952, -9.8687285396865310,#9b7653
  8.5053944309146559, -9.8314935576730118,#9b7653
  8.5484623558832968, -9.7940691926311310,#9b7653
  8.5913656127189331, -9.7564561654624686,#9b7653
  8.6341033749806169, -9.7186552007028375,#9b7653
  8.6766748194153109, -9.6806670265082602,#9b7653
  8.7190791259737583, -9.6424923746409394,#9b7653
  8.7613154778262619, -9.6041319804551826,#9b7653
  8.8033830613783994, -9.5655865828832418,#9b7653
  8.8452810662867165, -9.5268569244210717,#9b7653
  8.8870086854743544, -9.4879437511140114,#9b7653
  8.9285651151465686, -9.4488478125424233,#9b7653
  8.9699495548062025, -9.4095698618072863,#9b7653
  9.0111612072691489, -9.3701106555156333,#9b7653
  9.0521992786796783, -9.3304709537660067,#9b7653
  9.0930629785257207, -9.2906515201338244,#9b7653
  9.1337515196541084, -9.2506531216566685,#9b7653
  9.1742641182857518, -9.2104765288194823,#9b7653
  9.2145999940307242, -9.1701225155397434,#9b7653
  9.2547583699032785, -9.1295918591525886,#9b7653
  9.2947384723368280, -9.0888853403957999,#9b7653
  9.3345395311988604, -9.0480037433947675,#9b7653
  9.3741607798057700, -9.0069478556474003,#9b7653
  9.4136014549375862, -8.9657184680089621,#9b7653
  9.4528607968527290, -8.9243163746768186,#9b7653
  9.4919380493026271, -8.8827423731751338,#9b7653
  9.5308324595462608, -8.8409972643395474,#9b7653
  9.5695432783646819, -8.7990818523017147,#9b7653
  9.6080697600754519, -8.7569969444738103,#9b7653
  9.6464111625470146, -8.7147433515329844,#9b7653
  9.6845667472129389, -8.6723218874057846,#9b7653
  9.7225357790862077, -8.6297333692524081,#9b7653
  9.7603175267733580, -8.5869786174510061,#9b7653
  9.7979112624885421, -8.5440584555818777,#9b7653
  9.8353162620675647, -8.5009737104116088,#9b7653
  9.8725318049818558, -8.4577252118771113,#9b7653
  9.9095571743523223, -8.4143137930696650,#9b7653
  9.9463916569631579, -8.3707402902188814,#9b7653
  9.9830345432755809, -8.3270055426765826,#9b7653
 10.0194851274415253, -8.2831103929006087,#9b7653
 10.0557427073172239, -8.2390556864386149,#9b7653
 10.0918065844767053, -8.1948422719118028,#9b7653
 10.1276760642252981, -8.1504710009985306,#9b7653
 10.1633504556129850, -8.1059427284179186,#9b7653
 10.1988290714477028, -8.0612583119134182,#9b7653
 10.2341112283085920, -8.0164186122362633,#9b7653
 10.2691962465591757, -7.9714244931288745,#9b7653
 10.3040834503604373, -7.9262768213082326,#9b7653
 10.3387721676838176, -7.8809764664492210,#9b7653
 10.3732617303242041, -7.8355243011678102,#9b7653
 10.4075514739127772, -7.7899212010042804,#9b7653
 10.4416407379298004, -7.7441680444063712,#9b7653
 10.4755288657173526, -7.6982657127123453,#9b7653
 10.5092152044919906, -7.6522150901339909,#9b7653
 10.5426991053573165, -7.6060170637396052,#9b7653
 10.5759799233164511, -7.5596725234369337,#9b7653
 10.6090570172844902, -7.5131823619559999,#9b7653
 10.6419297501008465, -7.4665474748318932,#9b7653
 10.6745974885415293, -7.4197687603875400,#9b7653
 10.7070596033313077, -7.3728471197164271,#9b7653
 10.7393154691558781, -7.3257834566651834,#9b7653
 10.7713644646738889, -7.2785786778161965,#9b7653
 10.8032059725288985, -7.2312336924701812,#9b7653
 10.8348393793612772, -7.1837494126286270,#9b7653
 10.8662640758200340, -7.1361267529762218,#9b7653
 10.8974794565745494, -7.0883666308632529,#9b7653
 10.9284849203262056, -7.0404699662879553,#9b7653
 10.9592798698200156, -6.9924376818787426,#9b7653
 10.9898637118561062, -6.9442707028764588,#9b7653
 11.0202358573011345, -6.8959699571165718,#9b7653
 11.0503957210996422, -6.8475363750112876,#9b7653
 11.0803427222853461, -6.7989708895316046,#9b7653
 11.1100762839923117, -6.7502744361893621,#9b7653
 11.1395958334660534, -6.7014479530192395,#9b7653
 11.1689008020745835, -6.6524923805606644,#9b7653
 11.1979906253193775, -6.6034086618396817,#9b7653
 11.2268647428462245, -6.5541977423508033,#9b7653
 11.2555225984560199, -6.5048605700388240,#9b7653
 11.2839636401155072, -6.4553980952805068,#9b7653
 11.3121873199678884, -6.4058112708663000,#9b7653
 11.3401930943433769, -6.3561010519820069,#9b7653
 11.3679804237696764, -6.3062683961903661,#9b7653
 11.3955487729823801, -6.2563142634125857,#9b7653
 11.4228976109352800, -6.2062396159098698,#9b7653
 11.4500264108105725, -6.1560454182649087,#9b7653
 11.4769346500290226, -6.1057326373632828,#9b7653
 11.5036218102600678, -6.0553022423747667,#9b7653
 11.5300873774317285, -6.0047552047347876,#9b7653
 11.5563308417405572, -5.9540924981256369,#9b7653
 11.5823516976614620, -5.9033150984576999,#9b7653
 11.6081494439574300, -5.8524239838506888,#9b7653
 11.6337235836891821, -5.8014201346148129,#9b7653
 11.6590736242247370, -5.7503045332318745,#9b7653
 11.6841990772489357, -5.6990781643363277,#9b7653
 11.7090994587728154, -5.6477420146963295,#9b7653
 11.7337742891429340, -5.5962970731947612,#9b7653
 11.7582230930506242, -5.5447443308101221,#9b7653
 11.7824453995411549, -5.4930847805974645,#9b7653
 11.8064407420227653, -5.4413194176692947,#9b7653
 11.8302086582756960, -5.3894492391763729,#9b7653
 11.8537486904610692, -5.3374752442884921,#9b7653
 11.8770603851297221, -5.2853984341752520,#9b7653
 11.9001432932309257, -5.2332198119867872,#9b7653
 11.9229969701210319, -5.1809403828344420,#9b7653
 11.9456209755720817, -5.1285611537713294,#9b7653
 11.9680148737802217, -5.0760831337730625,#9b7653
 11.9901782333741416, -5.0235073337182419,#9b7653
 12.0121106274233718, -4.9708347663689745,#9b7653
 12.0338116334465131, -4.9180664463513857,#9b7653
 12.0552808334193635, -4.8652033901360952,#9b7653
 12.0765178137829690, -4.8122466160186175,#9b7653
 12.0975221654516130, -4.7591971440997218,#9b7653
 12.1182934838206755, -4.7060559962658051,#9b7653
 12.1388313687744276, -4.6528241961692443,#9b7653
 12.1591354246937478, -4.5995027692086037,#9b7653
 12.1792052604637426, -4.5460927425089235,#9b7653
 12.1990404894812698, -4.4925951449019532,#9b7653
 12.2186407296623898, -4.4390110069063082,#9b7653
 12.2380056034497358, -4.3853413607076064,#9b7653
 12.2571347378197864, -4.3315872401385960,#9b7653
 12.2760277642900242, -4.2777496806592694,#9b7653
 12.2946843189260573, -4.2238297193369068,#9b7653
 12.3131040423486500, -4.1698283948260180,#9b7653
 12.3312865797405937, -4.1157467473484708,#9b7653
 12.3492315808535764, -4.0615858186733744,#9b7653
 12.3669387000149289, -4.0073466520970022,#9b7653
 12.3844075961342757, -3.9530302924227150,#9b7653
 12.4016379327101038, -3.8986377859408585,#9b7653
 12.4186293778362433, -3.8441701804085864,#9b7653
 12.4353816042082741, -3.7896285250296553,#9b7653
 12.4518942891298217, -3.7350138704342370,#9b7653
 12.4681671145187618, -3.6803272686587127,#9b7653
 12.4841997669133704, -3.6255697731253389,#9b7653
 12.4999919374783541, -3.5707424386219948,#9b7653
 12.5155433220107817, -3.5158463212818800,#9b7653
 12.5308536209459636, -3.4608824785631511,#9b7653
 12.5459225393632217, -3.4058519692285305,#9b7653
 12.5607497869915683, -3.3507558533249311,#9b7653
 12.5753350782152804, -3.2955951921630615,#9b7653
 12.5896781320794222, -3.2403710482969692,#9b7653
 12.6037786722952614, -3.1850844855034968,#9b7653
 12.6176364272455697, -3.1297365687619214,#9b7653
 12.6312511299898631, -3.0743283642333652,#9b7653
 12.6446225182695553, -3.0188609392402443,#9b7653
 12.6577503345129987, -2.9633353622457324,#9b7653
 12.6706343258404477, -2.9077527028332018,#9b7653
 12.6832742440689241, -2.8521140316855975,#9b7653
 12.6956698457170116, -2.7964204205647909,#9b7653
 12.7078208920095435, -2.7406729422909542,#9b7653
 12.7197271488821837, -2.6848726707219330,#9b7653
 12.7313883869859570, -2.6290206807324896,#9b7653
 12.7428043816916610, -2.5731180481936327,#9b7653
 12.7539749130941864, -2.5171658499519167,#9b7653
 12.7648997660167556, -2.4611651638086731,#9b7653
 12.7755787300150772, -2.4051170684992309,#9b7653
 12.7860115993813928, -2.3490226436721544,#9b7653
 12.7961981731484276, -2.2928829698684723,#9b7653
 12.8061382550932805, -2.2366991285008386,#9b7653
 12.8158316537412027, -2.1804722018326821,#9b7653
 12.8252781823692672, -2.1242032729573763,#9b7653
 12.8344776590099894, -2.0678934257774149,#9b7653
 12.8434299064548139, -2.0115437449834612,#9b7653
 12.8521347522575411, -1.9551553160334909,#9b7653
 12.8605920287376350, -1.8987292251319023,#9b7653
 12.8688015729834682, -1.8422665592085732,#9b7653
 12.8767632268554539, -1.7857684058978984,#9b7653
 12.8844768369890872, -1.7292358535178631,#9b7653
 12.8919422547979075, -1.6726699910491130,#9b7653
 12.8991593364763535, -1.6160719081139072,#9b7653
 12.9061279430025397, -1.5594426949551647,#9b7653
 12.9128479401409315, -1.5027834424154856,#9b7653
 12.9193191984449225, -1.4460952419161155,#9b7653
 12.9255415932593518, -1.3893791854358981,#9b7653
 12.9315150047228773, -1.3326363654902651,#9b7653
 12.9372393177703007, -1.2758678751102119,#9b7653
 12.9427144221347810, -1.2190748078212210,#9b7653
 12.9479402123499572, -1.1622582576221747,#9b7653
 12.9529165877519823, -1.1054193189643036,#9b7653
 12.9576434524814594, -1.0485590867301400,#9b7653
 12.9621207154852893, -0.9916786562123570,#9b7653
 12.9663482905184235, -0.9347791230927053,#9b7653
 12.9703260961455289, -0.8778615834209303,#9b7653
 12.9740540557425508, -0.8209271335936356,#9b7653
 12.9775320974981980, -0.7639768703331398,#9b7653
 12.9807601544153162, -0.7070118906663746,#9b7653
 12.9837381643121841, -0.6500332919037870,#9b7653
 12.9864660698237095, -0.5930421716181321,#9b7653
 12.9889438184025341, -0.5360396276233661,#9b7653
 12.9911713623200491, -0.4790267579535217,#9b7653
 12.9931486586673071, -0.4220046608415344,#9b7653
 12.9948756693558565, -0.3649744346980636,#9b7653
 12.9963523611184755, -0.3079371780903573,#9b7653
 12.9975787055098007, -0.2508939897211140,#9b7653
 12.9985546789068920, -0.1938459684072948,#9b7653
 12.9992802625096733, -0.1367942130589345,#9b7653
 12.9997554423413071, -0.0797398226579958,#9b7653
 12.9999802092484558, -0.0226838962372352,#9b7653
 12.9999545589014502,  0.0343724671410374,#9b7653
 12.9996784917944002,  0.0914281684060952,#9b7653
 12.9991520132451495,  0.1484821084999423,#9b7653
 12.9983751333952018,  0.2055331883985081,#9b7653
 12.9973478672095144,  0.2625803091328408,#9b7653
 12.9960702344762051,  0.3196223718102536,#9b7653
 12.9945422598061793,  0.3766582776354693,#9b7653
 12.9927639726326536,  0.4336869279317980,#9b7653
 12.9907354072105896,  0.4907072241623816,#9b7653
 12.9884566026160240,  0.5477180679512162,#9b7653
 12.9859276027453348,  0.6047183611043909,#9b7653
 12.9831484563143817,  0.6617070056312536,#9b7653
 12.9801192168575685,  0.7186829037655383,#9b7653
 12.9768399427268175,  0.7756449579864888,#9b7653
 12.9733106970904419,  0.8325920710400222,#9b7653
 12.9695315479319309,  0.8895231459598893,#9b7653
 12.9655025680486364,  0.9464370860887815,#9b7653
 12.9612238350503759,  1.0033327950994213,#9b7653
 12.9566954313579341,  1.0602091770157500,#9b7653
 12.9519174442014755,  1.1170651362340045,#9b7653
 12.9468899656188654,  1.1738995775437993,#9b7653
 12.9416130924538972,  1.2307114061492459,#9b7653
 12.9360869263544238,  1.2874995276900647,#9b7653
 12.9303115737704033,  1.3442628482626433,#9b7653
 12.9242871459518422,  1.4010002744410845,#9b7653
 12.9180137589466675,  1.4577107132982809,#9b7653
 12.9114915335984701,  1.5143930724270473,#9b7653
 12.9047205955441928,  1.5710462599610266,#9b7653
 12.8977010752117067,  1.6276691845958036,#9b7653
 12.8904331078172945,  1.6842607556099358,#9b7653
 12.8829168333630477,  1.7408198828859425,#9b7653
 12.8751523966341725,  1.7973454769312809,#9b7653
 12.8671399471962005,  1.8538364488993551,#9b7653
 12.8588796393921019,  1.9102917106105131,#9b7653
 12.8503716323393178,  1.9667101745729862,#9b7653
 12.8416160899267009,  2.0230907540038032,#9b7653
 12.8326131808113395,  2.0794323628497917,#9b7653
 12.8233630784153281,  2.1357339158084661,#9b7653
 12.8138659609224170,  2.1919943283489101,#9b7653
 12.8041220112745897,  2.2482125167326923,#9b7653
 12.7941314171685221,  2.3043873980347609,#9b7653
 12.7838943710519750,  2.3605178901642874,#9b7653
 12.7734110701200958,  2.4166029118854815,#9b7653
 12.7626817163116169,  2.4726413828384342,#9b7653
 12.7517065163049441,  2.5286322235600083,#9b7653
 12.7404856815142065,  2.5845743555044924,#9b7653
 12.7290194280851718,  2.6404667010644611,#9b7653
 12.7173079768910711,  2.6963081835915395,#9b7653
 12.7053515535283594,  2.7520977274171230,#9b7653
 12.6931503883123664,  2.8078342578730737,#9b7653
 12.6807047162728566,  2.8635167013124452,#9b7653
 12.6680147771495069,  2.9191439851301855,#9b7653
 12.6550808153872758,  2.9747150377837772,#9b7653
 12.6419030801317174,  3.0302287888138433,#9b7653
 12.6284818252241600,  3.0856841688648373,#9b7653
 12.6148173091968250,  3.1410801097056051,#9b7653
 12.6009097952678548,  3.1964155442499416,#9b7653
 12.5867595513362325,  3.2516894065771584,#9b7653
 12.5723668499766141,  3.3069006319526921,#9b7653
 12.5577319684340978,  3.3620481568484810,#9b7653
 12.5428551886188728,  3.4171309189635415,#9b7653
 12.5277367971007916,  3.4721478572443880,#9b7653
 12.5123770851038323,  3.5270979119055577,#9b7653
 12.4967763485005179,  3.5819800244498943,#9b7653
 12.4809348878062032,  3.6367931376890228,#9b7653
 12.4648530081732876,  3.6915361957636765,#9b7653
 12.4485310193853174,  3.7462081441641177,#9b7653
 12.4319692358510565,  3.8008079297503210,#9b7653
 12.4151679765984078,  3.8553345007723263,#9b7653
 12.3981275652682523,  3.9097868068905632,#9b7653
 12.3808483301082521,  3.9641637991959540,#9b7653
 12.3633306039664994,  4.0184644302302033,#9b7653
 12.3455747242851199,  4.0726876540059331,#9b7653
 12.3275810330937485,  4.1268324260269207,#9b7653
 12.3093498770029779,  4.1808977033080827,#9b7653
 12.2908816071976563,  4.2348824443956383,#9b7653
 12.2721765794301145,  4.2887856093872285,#9b7653
 12.2532351540133462,  4.3426061599518242,#9b7653
 12.2340576958140410,  4.3963430593498076,#9b7653
 12.2146445742455718,  4.4499952724529059,#9b7653
 12.1949961632608446,  4.5035617657642133,#9b7653
 12.1751128413451468,  4.5570415074379707,#9b7653
 12.1549949915088185,  4.6104334672995275,#9b7653
 12.1346430012799011,  4.6637366168651440,#9b7653
 12.1140572626966261,  4.7169499293618884,#9b7653
 12.0932381722999267,  4.7700723797472877,#9b7653
 12.0721861311257612,  4.8231029447291327,#9b7653
 12.0509015446973731,  4.8760406027852614,#9b7653
 12.0293848230175264,  4.9288843341831026,#9b7653
 12.0076363805605695,  4.9816331209994029,#9b7653
 11.9856566362644781,  5.0342859471398000,#9b7653
 11.9634460135227396,  5.0868417983584733,#9b7653
 11.9410049401762581,  5.1392996622775557,#9b7653
 11.9183338485050836,  5.1916585284066992,#9b7653
 11.8954331752200542,  5.2439173881626058,#9b7653
 11.8723033614544473,  5.2960752348883240,#9b7653
 11.8489448527554373,  5.3481310638727262,#9b7653
 11.8253580990755331,  5.4000838723698239,#9b7653
 11.8015435547638781,  5.4519326596181603,#9b7653
 11.7775016785575488,  5.5036764268599701,#9b7653
 11.7532329335726811,  5.5553141773604962,#9b7653
 11.7287377872955716,  5.6068449164271499,#9b7653
 11.7040167115736349,  5.6582676514287558,#9b7653
 11.6790701826063650,  5.7095813918145453,#9b7653
 11.6538986809361429,  5.7607851491333060,#9b7653
 11.6285026914389409,  5.8118779370524738,#9b7653
 11.6028827033150481,  5.8628587713770202,#9b7653
 11.5770392100796116,  5.9137266700684830,#9b7653
 11.5509727095531325,  5.9644806532638501,#9b7653
 11.5246837038518564,  6.0151197432945116,#9b7653
 11.4981726993781539,  6.0656429647049714,#9b7653
 11.4714402068107155,  6.1160493442717181,#9b7653
 11.4444867410947548,  6.1663379110219356,#9b7653
 11.4173128214320272,  6.2165076962522789,#9b7653
 11.3899189712709106,  6.2665577335474225,#9b7653
 11.3623057182962715,  6.3164870587987325,#9b7653
 11.3344735944192827,  6.3662947102228973,#9b7653
 11.3064231357672362,  6.4159797283803339,#9b7653
 11.2781548826731708,  6.4655411561937566,#9b7653
 11.2496693796654945,  6.5149780389665626,#9b7653
 11.2209671754574334,  6.5642894244013057,#9b7653
 11.1920488229365489,  6.6134743626179286,#9b7653
 11.1629148791540409,  6.6625319061721076,#9b7653
 11.1335659053139864,  6.7114611100735697,#9b7653
 11.1040024667626014,  6.7602610318041787,#9b7653
 11.0742251329772952,  6.8089307313361633,#9b7653
 11.0442344775557384,  6.8574692711501912,#9b7653
 11.0140310782047539,  6.9058757162535036,#9b7653
 10.9836155167292624,  6.9541491341978112,#9b7653
 10.9529883790210345,  7.0022885950973297,#9b7653
 10.9221502550474217,  7.0502931716466604,#9b7653
 10.8911017388399429,  7.0981619391387216,#9b7653
 10.8598434284829182,  7.1458939754824504,#9b7653
 10.8283759261019128,  7.1934883612206226,#9b7653
 10.7966998378520955,  7.2409441795476184,#9b7653
 10.7648157739066423,  7.2882605163269742,#9b7653
 10.7327243484449308,  7.3354364601090598,#9b7653
 10.7004261796407327,  7.3824711021486040,#9b7653
 10.6679218896502590,  7.4293635364222714,#9b7653
 10.6352121046002477,  7.4761128596460056,#9b7653
 10.6022974545758668,  7.5227181712924809,#9b7653
 10.5691785736085340,  7.5691785736085180,#9b7653
