x,y,fill
-5.60257406873738e-16, 9.1500000000000004,#ffffff
 2.87742997007870e-02, 9.1499547561546297,#ffffff
 5.75483148420190e-02, 9.1498190250659519,#ffffff
 8.63217608669543e-02, 9.1495928080762603,#ffffff
 1.15094353224479e-01, 9.1492761074226987,#ffffff
 1.43865807371924e-01, 9.1488689262372329,#ffffff
 1.72635838777872e-01, 9.1483712685466294,#ffffff
 2.01404162924983e-01, 9.1477831392724056,#ffffff
 2.30170495312789e-01, 9.1471045442307855,#ffffff
 2.58934551460531e-01, 9.1463354901326444,#ffffff
 2.87696046909953e-01, 9.1454759845834381,#ffffff
 3.16454697228128e-01, 9.1445260360831302,#ffffff
 3.45210218010262e-01, 9.1434856540261116,#ffffff
 3.73962324882510e-01, 9.1423548487010979,#ffffff
 4.02710733504791e-01, 9.1411336312910372,#ffffff
 4.31455159573596e-01, 9.1398220138729904,#ffffff
 4.60195318824800e-01, 9.1384200094180255,#ffffff
 4.88930927036474e-01, 9.1369276317910746,#ffffff
 5.17661700031699e-01, 9.1353448957508068,#ffffff
 5.46387353681369e-01, 9.1336718169494713,#ffffff
 5.75107603907010e-01, 9.1319084119327627,#ffffff
 6.03822166683578e-01, 9.1300546981396309,#ffffff
 6.32530758042279e-01, 9.1281106939021317,#ffffff
 6.61233094073371e-01, 9.1260764184452334,#ffffff
 6.89928890928974e-01, 9.1239518918866249,#ffffff
 7.18617864825876e-01, 9.1217371352365291,#ffffff
 7.47299732048340e-01, 9.1194321703974790,#ffffff
 7.75974208950908e-01, 9.1170370201641173,#ffffff
 8.04641011961209e-01, 9.1145517082229581,#ffffff
 8.33299857582762e-01, 9.1119762591521578,#ffffff
 8.61950462397779e-01, 9.1093106984212735,#ffffff
 8.90592543069968e-01, 9.1065550523910073,#ffffff
 9.19225816347335e-01, 9.1037093483129485,#ffffff
 9.47849999064990e-01, 9.1007736143293059,#ffffff
 9.76464808147934e-01, 9.0977478794726228,#ffffff
 1.00506996061388e+00, 9.0946321736654987,#ffffff
 1.03366517357602e+00, 9.0914265277202819,#ffffff
 1.06225016424586e+00, 9.0881309733387798,#ffffff
 1.09082464993599e+00, 9.0847455431119286,#ffffff
 1.11938834806288e+00, 9.0812702705194859,#ffffff
 1.14794097614971e+00, 9.0777051899296914,#ffffff
 1.17648225182910e+00, 9.0740503365989298,#ffffff
 1.20501189284596e+00, 9.0703057466713766,#ffffff
 1.23352961706024e+00, 9.0664714571786540,#ffffff
 1.26203514244978e+00, 9.0625475060394454,#ffffff
 1.29052818711301e+00, 9.0585339320591398,#ffffff
 1.31900846927182e+00, 9.0544307749294344,#ffffff
 1.34747570727429e+00, 9.0502380752279468,#ffffff
 1.37592961959752e+00, 9.0459558744178175,#ffffff
 1.40436992485038e+00, 9.0415842148472940,#ffffff
 1.43279634177630e+00, 9.0371231397493119,#ffffff
 1.46120858925608e+00, 9.0325726932410717,#ffffff
 1.48960638631061e+00, 9.0279329203236021,#ffffff
 1.51798945210373e+00, 9.0232038668813104,#ffffff
 1.54635750594492e+00, 9.0183855796815333,#ffffff
 1.57471026729215e+00, 9.0134781063740714,#ffffff
 1.60304745575460e+00, 9.0084814954907184,#ffffff
 1.63136879109548e+00, 9.0033957964447886,#ffffff
 1.65967399323476e+00, 8.9982210595306125,#ffffff
 1.68796278225195e+00, 8.9929573359230517,#ffffff
 1.71623487838891e+00, 8.9876046776769964,#ffffff
 1.74449000205254e+00, 8.9821631377268325,#ffffff
 1.77272787381761e+00, 8.9766327698859385,#ffffff
 1.80094821442950e+00, 8.9710136288461406,#ffffff
 1.82915074480696e+00, 8.9653057701771743,#ffffff
 1.85733518604487e+00, 8.9595092503261409,#ffffff
 1.88550125941699e+00, 8.9536241266169405,#ffffff
 1.91364868637874e+00, 8.9476504572497095,#ffffff
 1.94177718856995e+00, 8.9415883013002446,#ffffff
 1.96988648781757e+00, 8.9354377187194221,#ffffff
 1.99797630613851e+00, 8.9291987703325955,#ffffff
 2.02604636574226e+00, 8.9228715178390061,#ffffff
 2.05409638903379e+00, 8.9164560238111612,#ffffff
 2.08212609861615e+00, 8.9099523516942263,#ffffff
 2.11013521729333e+00, 8.9033605658053876,#ffffff
 2.13812346807291e+00, 8.8966807313332250,#ffffff
 2.16609057416887e+00, 8.8899129143370565,#ffffff
 2.19403625900428e+00, 8.8830571817462989,#ffffff
 2.22196024621407e+00, 8.8761136013597923,#ffffff
 2.24986225964773e+00, 8.8690822418451400,#ffffff
 2.27774202337206e+00, 8.8619631727380224,#ffffff
 2.30559926167389e+00, 8.8547564644415147,#ffffff
 2.33343369906284e+00, 8.8474621882253857,#ffffff
 2.36124506027398e+00, 8.8400804162253941,#ffffff
 2.38903307027061e+00, 8.8326112214425816,#ffffff
 2.41679745424695e+00, 8.8250546777425392,#ffffff
 2.44453793763087e+00, 8.8174108598546894,#ffffff
 2.47225424608661e+00, 8.8096798433715371,#ffffff
 2.49994610551746e+00, 8.8018617047479264,#ffffff
 2.52761324206853e+00, 8.7939565213002844,#ffffff
 2.55525538212939e+00, 8.7859643712058588,#ffffff
 2.58287225233684e+00, 8.7778853335019384,#ffffff
 2.61046357957755e+00, 8.7697194880850748,#ffffff
 2.63802909099083e+00, 8.7614669157102973,#ffffff
 2.66556851397126e+00, 8.7531276979903065,#ffffff
 2.69308157617143e+00, 8.7447019173946714,#ffffff
 2.72056800550463e+00, 8.7361896572490103,#ffffff
 2.74802753014751e+00, 8.7275910017341758,#ffffff
 2.77545987854283e+00, 8.7189060358854089,#ffffff
 2.80286477940207e+00, 8.7101348455915080,#ffffff
 2.83024196170815e+00, 8.7012775175939776,#ffffff
 2.85759115471813e+00, 8.6923341394861673,#ffffff
 2.88491208796585e+00, 8.6833047997124080,#ffffff
 2.91220449126462e+00, 8.6741895875671382,#ffffff
 2.93946809470991e+00, 8.6649885931940194,#ffffff
 2.96670262868199e+00, 8.6557019075850441,#ffffff
 2.99390782384861e+00, 8.6463296225796338,#ffffff
 3.02108341116765e+00, 8.6368718308637416,#ffffff
 3.04822912188983e+00, 8.6273286259689215,#ffffff
 3.07534468756128e+00, 8.6177001022714084,#ffffff
 3.10242984002628e+00, 8.6079863549911906,#ffffff
 3.12948431142987e+00, 8.5981874801910632,#ffffff
 3.15650783422050e+00, 8.5883035747756722,#ffffff
 3.18350014115270e+00, 8.5783347364905715,#ffffff
 3.21046096528967e+00, 8.5682810639212406,#ffffff
 3.23739004000600e+00, 8.5581426564921177,#ffffff
 3.26428709899022e+00, 8.5479196144656182,#ffffff
 3.29115187624750e+00, 8.5376120389411323,#ffffff
 3.31798410610225e+00, 8.5272200318540428,#ffffff
 3.34478352320075e+00, 8.5167436959746983,#ffffff
 3.37154986251379e+00, 8.5061831349074115,#ffffff
 3.39828285933925e+00, 8.4955384530894271,#ffffff
 3.42498224930477e+00, 8.4848097557898861,#ffffff
 3.45164776837034e+00, 8.4739971491087989,#ffffff
 3.47827915283091e+00, 8.4631007399759746,#ffffff
 3.50487613931898e+00, 8.4521206361499868,#ffffff
 3.53143846480726e+00, 8.4410569462170884,#ffffff
 3.55796586661120e+00, 8.4299097795901492,#ffffff
 3.58445808239163e+00, 8.4186792465075708,#ffffff
 3.61091485015738e+00, 8.4073654580321957,#ffffff
 3.63733590826780e+00, 8.3959685260502059,#ffffff
 3.66372099543540e+00, 8.3844885632700237,#ffffff
 3.69006985072843e+00, 8.3729256832211938,#ffffff
 3.71638221357342e+00, 8.3612800002532577,#ffffff
 3.74265782375782e+00, 8.3495516295346288,#ffffff
 3.76889642143253e+00, 8.3377406870514417,#ffffff
 3.79509774711447e+00, 8.3258472896064255,#ffffff
 3.82126154168917e+00, 8.3138715548177249,#ffffff
 3.84738754641331e+00, 8.3018136011177575,#ffffff
 3.87347550291729e+00, 8.2896735477520256,#ffffff
 3.89952515320778e+00, 8.2774515147779510,#ffffff
 3.92553623967029e+00, 8.2651476230636849,#ffffff
 3.95150850507167e+00, 8.2527619942868995,#ffffff
 3.97744169256272e+00, 8.2402947509335984,#ffffff
 4.00333554568067e+00, 8.2277460162969067,#ffffff
 4.02918980835177e+00, 8.2151159144758434,#ffffff
 4.05500422489375e+00, 8.2024045703740924,#ffffff
 4.08077854001844e+00, 8.1896121096987819,#ffffff
 4.10651249883423e+00, 8.1767386589592235,#ffffff
 4.13220584684859e+00, 8.1637843454656700,#ffffff
 4.15785832997063e+00, 8.1507492973280602,#ffffff
 4.18346969451357e+00, 8.1376336434547447,#ffffff
 4.20903968719729e+00, 8.1244375135512090,#ffffff
 4.23456805515079e+00, 8.1111610381188033,#ffffff
 4.26005454591471e+00, 8.0978043484534403,#ffffff
 4.28549890744384e+00, 8.0843675766443006,#ffffff
 4.31090088810961e+00, 8.0708508555725249,#ffffff
 4.33626023670256e+00, 8.0572543189099051,#ffffff
 4.36157670243481e+00, 8.0435781011175553,#ffffff
 4.38685003494261e+00, 8.0298223374445854,#ffffff
 4.41207998428874e+00, 8.0159871639267699,#ffffff
 4.43726630096501e+00, 8.0020727173851824,#ffffff
 4.46240873589475e+00, 7.9880791354248730,#ffffff
 4.48750704043525e+00, 7.9740065564334781,#ffffff
 4.51256096638019e+00, 7.9598551195798724,#ffffff
 4.53757026596216e+00, 7.9456249648127786,#ffffff
 4.56253469185507e+00, 7.9313162328593938,#ffffff
 4.58745399717659e+00, 7.9169290652239965,#ffffff
 4.61232793549062e+00, 7.9024636041865364,#ffffff
 4.63715626080969e+00, 7.8879199928012378,#ffffff
 4.66193872759744e+00, 7.8732983748951852,#ffffff
 4.68667509077099e+00, 7.8585988950668995,#ffffff
 4.71136510570344e+00, 7.8438216986848994,#ffffff
 4.73600852822619e+00, 7.8289669318862778,#ffffff
 4.76060511463145e+00, 7.8140347415752460,#ffffff
 4.78515462167459e+00, 7.7990252754216858,#ffffff
 4.80965680657658e+00, 7.7839386818596887,#ffffff
 4.83411142702637e+00, 7.7687751100860867,#ffffff
 4.85851824118328e+00, 7.7535347100589762,#ffffff
 4.88287700767942e+00, 7.7382176324962382,#ffffff
 4.90718748562205e+00, 7.7228240288740473,#ffffff
 4.93144943459598e+00, 7.7073540514253676,#ffffff
 4.95566261466594e+00, 7.6918078531384522,#ffffff
 4.97982678637895e+00, 7.6761855877553344,#ffffff
 5.00394171076669e+00, 7.6604874097703046,#ffffff
 5.02800714934788e+00, 7.6447134744283680,#ffffff
 5.05202286413059e+00, 7.6288639377237386,#ffffff
 5.07598861761467e+00, 7.6129389563982652,#ffffff
 5.09990417279402e+00, 7.5969386879399066,#ffffff
 5.12376929315900e+00, 7.5808632905811564,#ffffff
 5.14758374269870e+00, 7.5647129232974919,#ffffff
 5.17134728590334e+00, 7.5484877458057875,#ffffff
 5.19505968776658e+00, 7.5321879185627489,#ffffff
 5.21872071378780e+00, 7.5158136027633224,#ffffff
 5.24233012997448e+00, 7.4993649603390926,#ffffff
 5.26588770284449e+00, 7.4828421539566872,#ffffff
 5.28939319942839e+00, 7.4662453470161747,#ffffff
 5.31284638727174e+00, 7.4495747036494393,#ffffff
 5.33624703443740e+00, 7.4328303887185561,#ffffff
 5.35959490950783e+00, 7.4160125678141737,#ffffff
 5.38288978158737e+00, 7.3991214072538583,#ffffff
 5.40613142030451e+00, 7.3821570740804692,#ffffff
 5.42931959581423e+00, 7.3651197360604845,#ffffff
 5.45245407880016e+00, 7.3480095616823666,#ffffff
 5.47553464047698e+00, 7.3308267201548727,#ffffff
 5.49856105259258e+00, 7.3135713814053958,#ffffff
 5.52153308743035e+00, 7.2962437160782869,#ffffff
 5.54445051781146e+00, 7.2788438955331500,#ffffff
 5.56731311709708e+00, 7.2613720918431630,#ffffff
 5.59012065919062e+00, 7.2438284777933708,#ffffff
 5.61287291853995e+00, 7.2262132268789845,#ffffff
 5.63556967013969e+00, 7.2085265133036440,#ffffff
 5.65821068953337e+00, 7.1907685119777236,#ffffff
 5.68079575281568e+00, 7.1729393985165766,#ffffff
 5.70332463663468e+00, 7.1550393492388213,#ffffff
 5.72579711819402e+00, 7.1370685411645738,#ffffff
 5.74821297525513e+00, 7.1190271520137243,#ffffff
 5.77057198613940e+00, 7.1009153602041488,#ffffff
 5.79287392973042e+00, 7.0827333448499736,#ffffff
 5.81511858547611e+00, 7.0644812857597898,#ffffff
 5.83730573339097e+00, 7.0461593634348709,#ffffff
 5.85943515405819e+00, 7.0277677590673928,#ffffff
 5.88150662863184e+00, 7.0093066545386495,#ffffff
 5.90351993883904e+00, 6.9907762324172458,#ffffff
 5.92547486698216e+00, 6.9721766759572867,#ffffff
 5.94737119594086e+00, 6.9535081690965841,#ffffff
 5.96920870917439e+00, 6.9347708964548103,#ffffff
 5.99098719072357e+00, 6.9159650433317017,#ffffff
 6.01270642521308e+00, 6.8970907957052017,#ffffff
 6.03436619785345e+00, 6.8781483402296404,#ffffff
 6.05596629444329e+00, 6.8591378642338707,#ffffff
 6.07750650137137e+00, 6.8400595557194350,#ffffff
 6.09898660561870e+00, 6.8209136033586928,#ffffff
 6.12040639476070e+00, 6.8017001964929538,#ffffff
 6.14176565696926e+00, 6.7824195251306136,#ffffff
 6.16306418101482e+00, 6.7630717799452711,#ffffff
 6.18430175626851e+00, 6.7436571522738467,#ffffff
 6.20547817270420e+00, 6.7241758341146749,#ffffff
 6.22659322090056e+00, 6.7046280181256313,#ffffff
 6.24764669204318e+00, 6.6850138976221967,#ffffff
 6.26863837792660e+00, 6.6653336665755765,#ffffff
 6.28956807095636e+00, 6.6455875196107614,#ffffff
 6.31043556415109e+00, 6.6257756520046058,#ffffff
 6.33124065114455e+00, 6.6058982596839000,#ffffff
 6.35198312618761e+00, 6.5859555392234359,#ffffff
 6.37266278415038e+00, 6.5659476878440604,#ffffff
 6.39327942052416e+00, 6.5458749034107173,#ffffff
 6.41383283142352e+00, 6.5257373844304993,#ffffff
 6.43432281358826e+00, 6.5055353300506855,#ffffff
 6.45474916438547e+00, 6.4852689400567725,#ffffff
 6.47511168181151e+00, 6.4649384148704820,#ffffff
 6.49541016449402e+00, 6.4445439555478066,#ffffff
 6.51564441169388e+00, 6.4240857637769970,#ffffff
 6.53581422330724e+00, 6.4035640418765825,#ffffff
 6.55591939986747e+00, 6.3829789927933653,#ffffff
 6.57595974254712e+00, 6.3623308201004107,#ffffff
 6.59593505315995e+00, 6.3416197279950355,#ffffff
 6.61584513416281e+00, 6.3208459212967902,#ffffff
 6.63568978865763e+00, 6.3000096054454398,#ffffff
 6.65546882039339e+00, 6.2791109864989156,#ffffff
 6.67518203376802e+00, 6.2581502711312869,#ffffff
 6.69482923383036e+00, 6.2371276666307249,#ffffff
 6.71441022628206e+00, 6.2160433808974451,#ffffff
 6.73392481747955e+00, 6.1948976224416388,#ffffff
 6.75337281443590e+00, 6.1736906003814394,#ffffff
 6.77275402482278e+00, 6.1524225244408237,#ffffff
 6.79206825697233e+00, 6.1310936049475639,#ffffff
 6.81131531987903e+00, 6.1097040528311348,#ffffff
 6.83049502320167e+00, 6.0882540796206239,#ffffff
 6.84960717726516e+00, 6.0667438974426444,#ffffff
 6.86865159306243e+00, 6.0451737190192452,#ffffff
 6.88762808225628e+00, 6.0235437576657986,#ffffff
 6.90653645718131e+00, 6.0018542272888871,#ffffff
 6.92537653084567e+00, 5.9801053423841912,#ffffff
 6.94414811693301e+00, 5.9582973180343801,#ffffff
 6.96285102980426e+00, 5.9364303699069696,#ffffff
 6.98148508449948e+00, 5.9145047142521889,#ffffff
 7.00005009673969e+00, 5.8925205679008572,#ffffff
 7.01854588292873e+00, 5.8704781482622188,#ffffff
 7.03697226015500e+00, 5.8483776733218109,#ffffff
 7.05532904619333e+00, 5.8262193616393061,#ffffff
 7.07361605950677e+00, 5.8040034323463310,#ffffff
 7.09183311924835e+00, 5.7817301051443222,#ffffff
 7.10998004526294e+00, 5.7593996003023449,#ffffff
 7.12805665808894e+00, 5.7370121386549187,#ffffff
 7.14606277896015e+00, 5.7145679415998210,#ffffff
 7.16399822980744e+00, 5.6920672310959155,#ffffff
 7.18186283326060e+00, 5.6695102296609381,#ffffff
 7.19965641265005e+00, 5.6468971603693170,#ffffff
 7.21737879200858e+00, 5.6242282468499454,#ffffff
 7.23502979607311e+00, 5.6015037132839920,#ffffff
 7.25260925028642e+00, 5.5787237844026594,#ffffff
 7.27011698079886e+00, 5.5558886854849838,#ffffff
 7.28755281447010e+00, 5.5329986423556017,#ffffff
 7.30491657887081e+00, 5.5100538813825004,#ffffff
 7.32220810228439e+00, 5.4870546294747973,#ffffff
 7.33942721370865e+00, 5.4640011140804940,#ffffff
 7.35657374285751e+00, 5.4408935631842246,#ffffff
 7.37364752016267e+00, 5.4177322053049908,#ffffff
 7.39064837677533e+00, 5.3945172694939227,#ffffff
 7.40757614456781e+00, 5.3712489853319907,#ffffff
 7.42443065613522e+00, 5.3479275829277597,#ffffff
 7.44121174479716e+00, 5.3245532929150841,#ffffff
 7.45791924459930e+00, 5.3011263464508600,#ffffff
 7.47455299031508e+00, 5.2776469752127078,#ffffff
 7.49111281744733e+00, 5.2541154113967048,#ffffff
 7.50759856222985e+00, 5.2305318877150819,#ffffff
 7.52401006162911e+00, 5.2068966373939096,#ffffff
 7.54034715334578e+00, 5.1832098941708065,#ffffff
 7.55660967581642e+00, 5.1594718922926281,#ffffff
 7.57279746821499e+00, 5.1356828665131431,#ffffff
 7.58891037045451e+00, 5.1118430520907072,#ffffff
 7.60494822318859e+00, 5.0879526847859582,#ffffff
 7.62091086781308e+00, 5.0640120008594502,#ffffff
 7.63679814646753e+00, 5.0400212370693573,#ffffff
 7.65260990203685e+00, 5.0159806306690955,#ffffff
 7.66834597815282e+00, 4.9918904194050029,#ffffff
 7.68400621919564e+00, 4.9677508415139702,#ffffff
 7.69959047029546e+00, 4.9435621357210984,#ffffff
 7.71509857733393e+00, 4.9193245412373345,#ffffff
 7.73053038694573e+00, 4.8950382977570959,#ffffff
 7.74588574652005e+00, 4.8707036454559089,#ffffff
 7.76116450420214e+00, 4.8463208249880374,#ffffff
 7.77636650889478e+00, 4.8218900774840998,#ffffff
 7.79149161025980e+00, 4.7974116445486743,#ffffff
 7.80653965871954e+00, 4.7728857682579173,#ffffff
 7.82151050545837e+00, 4.7483126911571771,#ffffff
 7.83640400242412e+00, 4.7236926562585877,#ffffff
 7.85122000232954e+00, 4.6990259070386635,#ffffff
 7.86595835865382e+00, 4.6743126874358918,#ffffff
 7.88061892564396e+00, 4.6495532418483201,#ffffff
 7.89520155831627e+00, 4.6247478151311494,#ffffff
 7.90970611245776e+00, 4.5998966525943050,#ffffff
 7.92413244462761e+00, 4.5750000000000028,#ffffff
 7.93848041215855e+00, 4.5500581035603274,#ffffff
 7.95274987315829e+00, 4.5250712099348016,#ffffff
 7.96694068651092e+00, 4.5000395662279429,#ffffff
 7.98105271187830e+00, 4.4749634199868131,#ffffff
 7.99508580970146e+00, 4.4498430191985729,#ffffff
 8.00903984120199e+00, 4.4246786122880417,#ffffff
 8.02291466838336e+00, 4.3994704481152267,#ffffff
 8.03671015403233e+00, 4.3742187759728708,#ffffff
 8.05042616172033e+00, 4.3489238455839763,#ffffff
 8.06406255580473e+00, 4.3235859070993401,#ffffff
 8.07761920143027e+00, 4.2982052110950928,#ffffff
 8.09109596453032e+00, 4.2727820085702053,#ffffff
 8.10449271182824e+00, 4.2473165509440083,#ffffff
 8.11780931083873e+00, 4.2218090900537044,#ffffff
 8.13104562986906e+00, 4.1962598781518921,#ffffff
 8.14420153802044e+00, 4.1706691679040580,#ffffff
 8.15727690518930e+00, 4.1450372123860779,#ffffff
 8.17027160206855e+00, 4.1193642650817131,#ffffff
 8.18318550014890e+00, 4.0936505798801166,#ffffff
 8.19601847172009e+00, 4.0678964110733107,#ffffff
 8.20877038987217e+00, 4.0421020133536771,#ffffff
 8.22144112849678e+00, 4.0162676418114280,#ffffff
 8.23403056228836e+00, 3.9903935519320921,#ffffff
 8.24653856674539e+00, 3.9644799995939968,#ffffff
 8.25896501817166e+00, 3.9385272410657239,#ffffff
 8.27130979367745e+00, 3.9125355330035760,#ffffff
 8.28357277118076e+00, 3.8865051324490394,#ffffff
 8.29575382940854e+00, 3.8604362968262524,#ffffff
 8.30785284789785e+00, 3.8343292839394532,#ffffff
 8.31986970699708e+00, 3.8081843519704193,#ffffff
 8.33180428786712e+00, 3.7820017594759259,#ffffff
 8.34365647248256e+00, 3.7557817653851924,#ffffff
 8.35542614363280e+00, 3.7295246289973143,#ffffff
 8.36711318492327e+00, 3.7032306099787040,#ffffff
 8.37871748077655e+00, 3.6768999683605110,#ffffff
 8.39023891643352e+00, 3.6505329645360609,#ffffff
 8.40167737795451e+00, 3.6241298592582849,#ffffff
 8.41303275222038e+00, 3.5976909136371340,#ffffff
 8.42430492693370e+00, 3.5712163891369921,#ffffff
 8.43549379061981e+00, 3.5447065475740938,#ffffff
 8.44659923262796e+00, 3.5181616511139442,#ffffff
 8.45762114313237e+00, 3.4915819622687208,#ffffff
 8.46855941313335e+00, 3.4649677438946673,#ffffff
 8.47941393445836e+00, 3.4383192591895027,#ffffff
 8.49018459976306e+00, 3.4116367716898246,#ffffff
 8.50087130253242e+00, 3.3849205452684950,#ffffff
 8.51147393708173e+00, 3.3581708441320339,#ffffff
 8.52199239855767e+00, 3.3313879328179996,#ffffff
 8.53242658293932e+00, 3.3045720761923767,#ffffff
 8.54277638703924e+00, 3.2777235394469657,#ffffff
 8.55304170850443e+00, 3.2508425880967535,#ffffff
 8.56322244581738e+00, 3.2239294879772773,#ffffff
 8.57331849829706e+00, 3.1969845052420083,#ffffff
 8.58332976609992e+00, 3.1700079063597206,#ffffff
 8.59325615022087e+00, 3.1429999581118553,#ffffff
 8.60309755249429e+00, 3.1159609275898683,#ffffff
 8.61285387559495e+00, 3.0888910821926019,#ffffff
 8.62252502303902e+00, 3.0617906896236442,#ffffff
 8.63211089918497e+00, 3.0346600178886711,#ffffff
 8.64161140923458e+00, 3.0074993352928061,#ffffff
 8.65102645923385e+00, 2.9803089104379517,#ffffff
 8.66035595607390e+00, 2.9530890122201421,#ffffff
 8.66959980749193e+00, 2.9258399098268941,#ffffff
 8.67875792207213e+00, 2.8985618727345330,#ffffff
 8.68783020924654e+00, 2.8712551707055232,#ffffff
 8.69681657929602e+00, 2.8439200737858084,#ffffff
 8.70571694335107e+00, 2.8165568523021447,#ffffff
 8.71453121339273e+00, 2.7891657768594240,#ffffff
 8.72325930225348e+00, 2.7617471183379889,#ffffff
 8.73190112361805e+00, 2.7343011478909598,#ffffff
 8.74045659202432e+00, 2.7068281369415632,#ffffff
 8.74892562286415e+00, 2.6793283571804349,#ffffff
 8.75730813238418e+00, 2.6518020805629421,#ffffff
 8.76560403768672e+00, 2.6242495793064791,#ffffff
 8.77381325673054e+00, 2.5966711258877875,#ffffff
 8.78193570833168e+00, 2.5690669930402659,#ffffff
 8.78997131216424e+00, 2.5414374537512665,#ffffff
 8.79791998876120e+00, 2.5137827812593869,#ffffff
 8.80578165951520e+00, 2.4861032490517774,#ffffff
 8.81355624667930e+00, 2.4583991308614408,#ffffff
 8.82124367336778e+00, 2.4306707006645212,#ffffff
 8.82884386355686e+00, 2.4029182326775844,#ffffff
 8.83635674208549e+00, 2.3751420013549156,#ffffff
 8.84378223465608e+00, 2.3473422813858114,#ffffff
 8.85112026783521e+00, 2.3195193476918528,#ffffff
 8.85837076905439e+00, 2.2916734754241928,#ffffff
 8.86553366661077e+00, 2.2638049399608255,#ffffff
 8.87260888966784e+00, 2.2359140169038696,#ffffff
 8.87959636825614e+00, 2.2080009820768494,#ffffff
 8.88649603327394e+00, 2.1800661115219619,#ffffff
 8.89330781648794e+00, 2.1521096814973375,#ffffff
 8.90003165053391e+00, 2.1241319684743161,#ffffff
 8.90666746891742e+00, 2.0961332491347200,#ffffff
 8.91321520601444e+00, 2.0681138003681112,#ffffff
 8.91967479707199e+00, 2.0400738992690459,#ffffff
 8.92604617820882e+00, 2.0120138231343390,#ffffff
 8.93232928641603e+00, 1.9839338494603316,#ffffff
 8.93852405955766e+00, 1.9558342559401365,#ffffff
 8.94463043637133e+00, 1.9277153204608972,#ffffff
 8.95064835646886e+00, 1.8995773211010292,#ffffff
 8.95657776033683e+00, 1.8714205361274772,#ffffff
 8.96241858933722e+00, 1.8432452439929725,#ffffff
 8.96817078570792e+00, 1.8150517233332701,#ffffff
 8.97383429256336e+00, 1.7868402529643848,#ffffff
 8.97940905389507e+00, 1.7586111118798442,#ffffff
 8.98489501457219e+00, 1.7303645792479345,#ffffff
 8.99029212034204e+00, 1.7021009344089346,#ffffff
 8.99560031783069e+00, 1.6738204568723429,#ffffff
 9.00081955454343e+00, 1.6455234263141236,#ffffff
 9.00594977886532e+00, 1.6172101225739473,#ffffff
 9.01099094006170e+00, 1.5888808256524121,#ffffff
 9.01594298827869e+00, 1.5605358157082825,#ffffff
 9.02080587454367e+00, 1.5321753730557068,#ffffff
 9.02557955076579e+00, 1.5037997781614532,#ffffff
 9.03026396973641e+00, 1.4754093116421434,#ffffff
 9.03485908512962e+00, 1.4470042542614707,#ffffff
 9.03936485150263e+00, 1.4185848869274145,#ffffff
 9.04378122429627e+00, 1.3901514906894705,#ffffff
 9.04810815983544e+00, 1.3617043467358791,#ffffff
 9.05234561532947e+00, 1.3332437363908374,#ffffff
 9.05649354887262e+00, 1.3047699411117082,#ffffff
 9.06055191944447e+00, 1.2762832424862451,#ffffff
 9.06452068691030e+00, 1.2477839222298155,#ffffff
 9.06839981202153e+00, 1.2192722621826029,#ffffff
 9.07218925641607e+00, 1.1907485443068269,#ffffff
 9.07588898261872e+00, 1.1622130506839443,#ffffff
 9.07949895404155e+00, 1.1336660635118658,#ffffff
 9.08301913498421e+00, 1.1051078651021744,#ffffff
 9.08644949063437e+00, 1.0765387378773250,#ffffff
 9.08978998706797e+00, 1.0479589643678437,#ffffff
 9.09304059124963e+00, 1.0193688272095411,#ffffff
 9.09620127103294e+00, 0.9907686091407264,#ffffff
 9.09927199516079e+00, 0.9621585929994021,#ffffff
 9.10225273326565e+00, 0.9335390617204596,#ffffff
 9.10514345586993e+00, 0.9049102983328888,#ffffff
 9.10794413438622e+00, 0.8762725859569875,#ffffff
 9.11065474111757e+00, 0.8476262078015495,#ffffff
 9.11327524925781e+00, 0.8189714471610711,#ffffff
 9.11580563289177e+00, 0.7903085874129386,#ffffff
 9.11824586699558e+00, 0.7616379120146329,#ffffff
 9.12059592743686e+00, 0.7329597045009349,#ffffff
 9.12285579097501e+00, 0.7042742484811136,#ffffff
 9.12502543526142e+00, 0.6755818276361127,#ffffff
 9.12710483883967e+00, 0.6468827257157538,#ffffff
 9.12909398114579e+00, 0.6181772265359380,#ffffff
 9.13099284250843e+00, 0.5894656139758314,#ffffff
 9.13280140414904e+00, 0.5607481719750455,#ffffff
 9.13451964818210e+00, 0.5320251845308570,#ffffff
 9.13614755761528e+00, 0.5032969356953680,#ffffff
 9.13768511634958e+00, 0.4745637095727240,#ffffff
 9.13913230917951e+00, 0.4458257903162929,#ffffff
 9.14048912179327e+00, 0.4170834621258468,#ffffff
 9.14175554077284e+00, 0.3883370092447590,#ffffff
 9.14293155359413e+00, 0.3595867159572018,#ffffff
 9.14401714862712e+00, 0.3308328665853263,#ffffff
 9.14501231513598e+00, 0.3020757454864434,#ffffff
 9.14591704327914e+00, 0.2733156370502191,#ffffff
 9.14673132410941e+00, 0.2445528256958701,#ffffff
 9.14745514957406e+00, 0.2157875958693436,#ffffff
 9.14808851251492e+00, 0.1870202320404917,#ffffff
 9.14863140666845e+00, 0.1582510187002865,#ffffff
 9.14908382666575e+00, 0.1294802403579746,#ffffff
 9.14944576803269e+00, 0.1007081815382916,#ffffff
 9.14971722718988e+00, 0.0719351267786359,#ffffff
 9.14989820145278e+00, 0.0431613606262474,#ffffff
 9.14998868903167e+00, 0.0143871676354011,#ffffff
 9.14998868903167e+00,-0.0143871676353989,#ffffff
 9.14989820145278e+00,-0.0431613606262411,#ffffff
 9.14971722718988e+00,-0.0719351267786296,#ffffff
 9.14944576803269e+00,-0.1007081815382893,#ffffff
 9.14908382666575e+00,-0.1294802403579724,#ffffff
 9.14863140666845e+00,-0.1582510187002802,#ffffff
 9.14808851251492e+00,-0.1870202320404895,#ffffff
 9.14745514957406e+00,-0.2157875958693373,#ffffff
 9.14673132410941e+00,-0.2445528256958679,#ffffff
 9.14591704327914e+00,-0.2733156370502168,#ffffff
 9.14501231513598e+00,-0.3020757454864372,#ffffff
 9.14401714862712e+00,-0.3308328665853200,#ffffff
 9.14293155359413e+00,-0.3595867159571994,#ffffff
 9.14175554077284e+00,-0.3883370092447567,#ffffff
 9.14048912179327e+00,-0.4170834621258405,#ffffff
 9.13913230917951e+00,-0.4458257903162867,#ffffff
 9.13768511634958e+00,-0.4745637095727218,#ffffff
 9.13614755761528e+00,-0.5032969356953658,#ffffff
 9.13451964818210e+00,-0.5320251845308508,#ffffff
 9.13280140414904e+00,-0.5607481719750432,#ffffff
 9.13099284250843e+00,-0.5894656139758251,#ffffff
 9.12909398114579e+00,-0.6181772265359358,#ffffff
 9.12710483883967e+00,-0.6468827257157516,#ffffff
 9.12502543526142e+00,-0.6755818276361064,#ffffff
 9.12285579097502e+00,-0.7042742484811073,#ffffff
 9.12059592743686e+00,-0.7329597045009326,#ffffff
 9.11824586699558e+00,-0.7616379120146306,#ffffff
 9.11580563289177e+00,-0.7903085874129322,#ffffff
 9.11327524925781e+00,-0.8189714471610648,#ffffff
 9.11065474111757e+00,-0.8476262078015472,#ffffff
 9.10794413438622e+00,-0.8762725859569853,#ffffff
 9.10514345586993e+00,-0.9049102983328824,#ffffff
 9.10225273326566e+00,-0.9335390617204532,#ffffff
 9.09927199516079e+00,-0.9621585929993959,#ffffff
 9.09620127103294e+00,-0.9907686091407242,#ffffff
 9.09304059124963e+00,-1.0193688272095389,#ffffff
 9.08978998706797e+00,-1.0479589643678375,#ffffff
 9.08644949063437e+00,-1.0765387378773188,#ffffff
 9.08301913498421e+00,-1.1051078651021722,#ffffff
 9.07949895404155e+00,-1.1336660635118636,#ffffff
 9.07588898261873e+00,-1.1622130506839381,#ffffff
 9.07218925641607e+00,-1.1907485443068206,#ffffff
 9.06839981202153e+00,-1.2192722621826004,#ffffff
 9.06452068691030e+00,-1.2477839222298133,#ffffff
 9.06055191944447e+00,-1.2762832424862387,#ffffff
 9.05649354887262e+00,-1.3047699411117020,#ffffff
 9.05234561532947e+00,-1.3332437363908312,#ffffff
 9.04810815983544e+00,-1.3617043467358767,#ffffff
 9.04378122429628e+00,-1.3901514906894681,#ffffff
 9.03936485150263e+00,-1.4185848869274083,#ffffff
 9.03485908512962e+00,-1.4470042542614645,#ffffff
 9.03026396973642e+00,-1.4754093116421412,#ffffff
 9.02557955076579e+00,-1.5037997781614509,#ffffff
 9.02080587454367e+00,-1.5321753730557004,#ffffff
 9.01594298827869e+00,-1.5605358157082760,#ffffff
 9.01099094006170e+00,-1.5888808256524098,#ffffff
 9.00594977886532e+00,-1.6172101225739453,#ffffff
 9.00081955454343e+00,-1.6455234263141214,#ffffff
 8.99560031783069e+00,-1.6738204568723367,#ffffff
 8.99029212034205e+00,-1.7021009344089282,#ffffff
 8.98489501457219e+00,-1.7303645792479325,#ffffff
 8.97940905389507e+00,-1.7586111118798420,#ffffff
 8.97383429256336e+00,-1.7868402529643788,#ffffff
 8.96817078570792e+00,-1.8150517233332637,#ffffff
 8.96241858933722e+00,-1.8432452439929703,#ffffff
 8.95657776033683e+00,-1.8714205361274749,#ffffff
 8.95064835646886e+00,-1.8995773211010230,#ffffff
 8.94463043637133e+00,-1.9277153204608910,#ffffff
 8.93852405955766e+00,-1.9558342559401343,#ffffff
 8.93232928641603e+00,-1.9839338494603294,#ffffff
 8.92604617820882e+00,-2.0120138231343363,#ffffff
 8.91967479707199e+00,-2.0400738992690397,#ffffff
 8.91321520601444e+00,-2.0681138003681054,#ffffff
 8.90666746891743e+00,-2.0961332491347178,#ffffff
 8.90003165053391e+00,-2.1241319684743134,#ffffff
 8.89330781648794e+00,-2.1521096814973313,#ffffff
 8.88649603327394e+00,-2.1800661115219557,#ffffff
 8.87959636825614e+00,-2.2080009820768467,#ffffff
 8.87260888966784e+00,-2.2359140169038669,#ffffff
 8.86553366661077e+00,-2.2638049399608193,#ffffff
 8.85837076905439e+00,-2.2916734754241865,#ffffff
 8.85112026783521e+00,-2.3195193476918501,#ffffff
 8.84378223465608e+00,-2.3473422813858091,#ffffff
 8.83635674208549e+00,-2.3751420013549129,#ffffff
 8.82884386355686e+00,-2.4029182326775782,#ffffff
 8.82124367336778e+00,-2.4306707006645150,#ffffff
 8.81355624667930e+00,-2.4583991308614381,#ffffff
 8.80578165951520e+00,-2.4861032490517747,#ffffff
 8.79791998876120e+00,-2.5137827812593807,#ffffff
 8.78997131216424e+00,-2.5414374537512603,#ffffff
 8.78193570833168e+00,-2.5690669930402641,#ffffff
 8.77381325673055e+00,-2.5966711258877857,#ffffff
 8.76560403768672e+00,-2.6242495793064728,#ffffff
 8.75730813238418e+00,-2.6518020805629359,#ffffff
 8.74892562286415e+00,-2.6793283571804332,#ffffff
 8.74045659202432e+00,-2.7068281369415614,#ffffff
 8.73190112361805e+00,-2.7343011478909576,#ffffff
 8.72325930225348e+00,-2.7617471183379827,#ffffff
 8.71453121339273e+00,-2.7891657768594178,#ffffff
 8.70571694335107e+00,-2.8165568523021420,#ffffff
 8.69681657929602e+00,-2.8439200737858057,#ffffff
 8.68783020924654e+00,-2.8712551707055178,#ffffff
 8.67875792207213e+00,-2.8985618727345273,#ffffff
 8.66959980749193e+00,-2.9258399098268919,#ffffff
 8.66035595607390e+00,-2.9530890122201399,#ffffff
 8.65102645923385e+00,-2.9803089104379454,#ffffff
 8.64161140923459e+00,-3.0074993352927999,#ffffff
 8.63211089918497e+00,-3.0346600178886693,#ffffff
 8.62252502303902e+00,-3.0617906896236420,#ffffff
 8.61285387559496e+00,-3.0888910821925997,#ffffff
 8.60309755249430e+00,-3.1159609275898625,#ffffff
 8.59325615022088e+00,-3.1429999581118491,#ffffff
 8.58332976609992e+00,-3.1700079063597184,#ffffff
 8.57331849829706e+00,-3.1969845052420056,#ffffff
 8.56322244581738e+00,-3.2239294879772715,#ffffff
 8.55304170850443e+00,-3.2508425880967473,#ffffff
 8.54277638703924e+00,-3.2777235394469635,#ffffff
 8.53242658293932e+00,-3.3045720761923745,#ffffff
 8.52199239855767e+00,-3.3313879328179938,#ffffff
 8.51147393708173e+00,-3.3581708441320286,#ffffff
 8.50087130253242e+00,-3.3849205452684927,#ffffff
 8.49018459976306e+00,-3.4116367716898224,#ffffff
 8.47941393445836e+00,-3.4383192591895004,#ffffff
 8.46855941313335e+00,-3.4649677438946616,#ffffff
 8.45762114313237e+00,-3.4915819622687150,#ffffff
 8.44659923262796e+00,-3.5181616511139424,#ffffff
 8.43549379061981e+00,-3.5447065475740911,#ffffff
 8.42430492693370e+00,-3.5712163891369864,#ffffff
 8.41303275222038e+00,-3.5976909136371282,#ffffff
 8.40167737795451e+00,-3.6241298592582827,#ffffff
 8.39023891643352e+00,-3.6505329645360591,#ffffff
 8.37871748077655e+00,-3.6768999683605053,#ffffff
 8.36711318492327e+00,-3.7032306099786982,#ffffff
 8.35542614363280e+00,-3.7295246289973125,#ffffff
 8.34365647248256e+00,-3.7557817653851902,#ffffff
 8.33180428786713e+00,-3.7820017594759232,#ffffff
 8.31986970699708e+00,-3.8081843519704135,#ffffff
 8.30785284789785e+00,-3.8343292839394469,#ffffff
 8.29575382940854e+00,-3.8604362968262502,#ffffff
 8.28357277118076e+00,-3.8865051324490336,#ffffff
 8.27130979367745e+00,-3.9125355330035707,#ffffff
 8.25896501817166e+00,-3.9385272410657222,#ffffff
 8.24653856674540e+00,-3.9644799995939950,#ffffff
 8.23403056228836e+00,-3.9903935519320903,#ffffff
 8.22144112849679e+00,-4.0162676418114218,#ffffff
 8.20877038987217e+00,-4.0421020133536745,#ffffff
 8.19601847172009e+00,-4.0678964110733089,#ffffff
 8.18318550014890e+00,-4.0936505798801148,#ffffff
 8.17027160206855e+00,-4.1193642650817077,#ffffff
 8.15727690518930e+00,-4.1450372123860726,#ffffff
 8.14420153802044e+00,-4.1706691679040526,#ffffff
 8.13104562986906e+00,-4.1962598781518894,#ffffff
 8.11780931083873e+00,-4.2218090900536991,#ffffff
 8.10449271182824e+00,-4.2473165509440030,#ffffff
 8.09109596453032e+00,-4.2727820085702044,#ffffff
 8.07761920143027e+00,-4.2982052110950910,#ffffff
 8.06406255580474e+00,-4.3235859070993383,#ffffff
 8.05042616172033e+00,-4.3489238455839700,#ffffff
 8.03671015403233e+00,-4.3742187759728690,#ffffff
 8.02291466838336e+00,-4.3994704481152249,#ffffff
 8.00903984120199e+00,-4.4246786122880399,#ffffff
 7.99508580970147e+00,-4.4498430191985676,#ffffff
 7.98105271187830e+00,-4.4749634199868078,#ffffff
 7.96694068651092e+00,-4.5000395662279384,#ffffff
 7.95274987315829e+00,-4.5250712099347998,#ffffff
 7.93848041215855e+00,-4.5500581035603220,#ffffff
 7.92413244462762e+00,-4.5749999999999975,#ffffff
 7.90970611245776e+00,-4.5998966525943041,#ffffff
 7.89520155831627e+00,-4.6247478151311476,#ffffff
 7.88061892564396e+00,-4.6495532418483183,#ffffff
 7.86595835865382e+00,-4.6743126874358865,#ffffff
 7.85122000232954e+00,-4.6990259070386617,#ffffff
 7.83640400242412e+00,-4.7236926562585859,#ffffff
 7.82151050545837e+00,-4.7483126911571754,#ffffff
 7.80653965871955e+00,-4.7728857682579111,#ffffff
 7.79149161025980e+00,-4.7974116445486681,#ffffff
 7.77636650889478e+00,-4.8218900774840945,#ffffff
 7.76116450420214e+00,-4.8463208249880356,#ffffff
 7.74588574652006e+00,-4.8707036454559036,#ffffff
 7.73053038694573e+00,-4.8950382977570905,#ffffff
 7.71509857733394e+00,-4.9193245412373319,#ffffff
 7.69959047029546e+00,-4.9435621357210966,#ffffff
 7.68400621919564e+00,-4.9677508415139675,#ffffff
 7.66834597815282e+00,-4.9918904194049984,#ffffff
 7.65260990203685e+00,-5.0159806306690937,#ffffff
 7.63679814646753e+00,-5.0400212370693529,#ffffff
 7.62091086781308e+00,-5.0640120008594485,#ffffff
 7.60494822318860e+00,-5.0879526847859529,#ffffff
 7.58891037045451e+00,-5.1118430520907054,#ffffff
 7.57279746821499e+00,-5.1356828665131378,#ffffff
 7.55660967581642e+00,-5.1594718922926255,#ffffff
 7.54034715334579e+00,-5.1832098941708011,#ffffff
 7.52401006162911e+00,-5.2068966373939043,#ffffff
 7.50759856222985e+00,-5.2305318877150802,#ffffff
 7.49111281744733e+00,-5.2541154113967030,#ffffff
 7.47455299031509e+00,-5.2776469752127060,#ffffff
 7.45791924459930e+00,-5.3011263464508547,#ffffff
 7.44121174479716e+00,-5.3245532929150814,#ffffff
 7.42443065613522e+00,-5.3479275829277544,#ffffff
 7.40757614456781e+00,-5.3712489853319889,#ffffff
 7.39064837677534e+00,-5.3945172694939174,#ffffff
 7.37364752016267e+00,-5.4177322053049890,#ffffff
 7.35657374285751e+00,-5.4408935631842192,#ffffff
 7.33942721370865e+00,-5.4640011140804914,#ffffff
 7.32220810228439e+00,-5.4870546294747946,#ffffff
 7.30491657887082e+00,-5.5100538813824951,#ffffff
 7.28755281447010e+00,-5.5329986423555990,#ffffff
 7.27011698079886e+00,-5.5558886854849829,#ffffff
 7.25260925028642e+00,-5.5787237844026576,#ffffff
 7.23502979607311e+00,-5.6015037132839867,#ffffff
 7.21737879200858e+00,-5.6242282468499436,#ffffff
 7.19965641265005e+00,-5.6468971603693117,#ffffff
 7.18186283326060e+00,-5.6695102296609363,#ffffff
 7.16399822980744e+00,-5.6920672310959102,#ffffff
 7.14606277896015e+00,-5.7145679415998192,#ffffff
 7.12805665808895e+00,-5.7370121386549142,#ffffff
 7.10998004526294e+00,-5.7593996003023431,#ffffff
 7.09183311924836e+00,-5.7817301051443195,#ffffff
 7.07361605950677e+00,-5.8040034323463265,#ffffff
 7.05532904619333e+00,-5.8262193616393034,#ffffff
 7.03697226015500e+00,-5.8483776733218100,#ffffff
 7.01854588292873e+00,-5.8704781482622170,#ffffff
 7.00005009673970e+00,-5.8925205679008528,#ffffff
 6.98148508449948e+00,-5.9145047142521880,#ffffff
 6.96285102980426e+00,-5.9364303699069660,#ffffff
 6.94414811693301e+00,-5.9582973180343783,#ffffff
 6.92537653084568e+00,-5.9801053423841877,#ffffff
 6.90653645718131e+00,-6.0018542272888817,#ffffff
 6.88762808225629e+00,-6.0235437576657933,#ffffff
 6.86865159306243e+00,-6.0451737190192434,#ffffff
 6.84960717726516e+00,-6.0667438974426426,#ffffff
 6.83049502320168e+00,-6.0882540796206186,#ffffff
 6.81131531987903e+00,-6.1097040528311330,#ffffff
 6.79206825697233e+00,-6.1310936049475622,#ffffff
 6.77275402482278e+00,-6.1524225244408219,#ffffff
 6.75337281443590e+00,-6.1736906003814340,#ffffff
 6.73392481747955e+00,-6.1948976224416370,#ffffff
 6.71441022628206e+00,-6.2160433808974407,#ffffff
 6.69482923383036e+00,-6.2371276666307240,#ffffff
 6.67518203376803e+00,-6.2581502711312833,#ffffff
 6.65546882039340e+00,-6.2791109864989103,#ffffff
 6.63568978865764e+00,-6.3000096054454344,#ffffff
 6.61584513416281e+00,-6.3208459212967885,#ffffff
 6.59593505315995e+00,-6.3416197279950328,#ffffff
 6.57595974254713e+00,-6.3623308201004072,#ffffff
 6.55591939986747e+00,-6.3829789927933644,#ffffff
 6.53581422330724e+00,-6.4035640418765798,#ffffff
 6.51564441169388e+00,-6.4240857637769953,#ffffff
 6.49541016449402e+00,-6.4445439555478030,#ffffff
 6.47511168181152e+00,-6.4649384148704794,#ffffff
 6.45474916438547e+00,-6.4852689400567671,#ffffff
 6.43432281358826e+00,-6.5055353300506846,#ffffff
 6.41383283142352e+00,-6.5257373844304949,#ffffff
 6.39327942052416e+00,-6.5458749034107138,#ffffff
 6.37266278415038e+00,-6.5659476878440550,#ffffff
 6.35198312618761e+00,-6.5859555392234341,#ffffff
 6.33124065114455e+00,-6.6058982596838991,#ffffff
 6.31043556415110e+00,-6.6257756520046023,#ffffff
 6.28956807095636e+00,-6.6455875196107606,#ffffff
 6.26863837792660e+00,-6.6653336665755747,#ffffff
 6.24764669204318e+00,-6.6850138976221958,#ffffff
 6.22659322090056e+00,-6.7046280181256259,#ffffff
 6.20547817270420e+00,-6.7241758341146731,#ffffff
 6.18430175626852e+00,-6.7436571522738413,#ffffff
 6.16306418101482e+00,-6.7630717799452693,#ffffff
 6.14176565696926e+00,-6.7824195251306092,#ffffff
 6.12040639476071e+00,-6.8017001964929493,#ffffff
 6.09898660561871e+00,-6.8209136033586875,#ffffff
 6.07750650137137e+00,-6.8400595557194324,#ffffff
 6.05596629444329e+00,-6.8591378642338698,#ffffff
 6.03436619785345e+00,-6.8781483402296368,#ffffff
 6.01270642521308e+00,-6.8970907957052008,#ffffff
 5.99098719072358e+00,-6.9159650433316981,#ffffff
 5.96920870917439e+00,-6.9347708964548085,#ffffff
 5.94737119594087e+00,-6.9535081690965823,#ffffff
 5.92547486698215e+00,-6.9721766759572894,#ffffff
 5.90351993883905e+00,-6.9907762324172413,#ffffff
 5.88150662863184e+00,-7.0093066545386478,#ffffff
 5.85943515405820e+00,-7.0277677590673866,#ffffff
 5.83730573339098e+00,-7.0461593634348638,#ffffff
 5.81511858547612e+00,-7.0644812857597854,#ffffff
 5.79287392973042e+00,-7.0827333448499727,#ffffff
 5.77057198613940e+00,-7.1009153602041470,#ffffff
 5.74821297525513e+00,-7.1190271520137216,#ffffff
 5.72579711819402e+00,-7.1370685411645756,#ffffff
 5.70332463663469e+00,-7.1550393492388169,#ffffff
 5.68079575281568e+00,-7.1729393985165757,#ffffff
 5.65821068953338e+00,-7.1907685119777165,#ffffff
 5.63556967013970e+00,-7.2085265133036405,#ffffff
 5.61287291853996e+00,-7.2262132268789809,#ffffff
 5.59012065919062e+00,-7.2438284777933699,#ffffff
 5.56731311709709e+00,-7.2613720918431612,#ffffff
 5.54445051781147e+00,-7.2788438955331483,#ffffff
 5.52153308743035e+00,-7.2962437160782825,#ffffff
 5.49856105259258e+00,-7.3135713814053949,#ffffff
 5.47553464047698e+00,-7.3308267201548700,#ffffff
 5.45245407880017e+00,-7.3480095616823604,#ffffff
 5.42931959581423e+00,-7.3651197360604801,#ffffff
 5.40613142030452e+00,-7.3821570740804647,#ffffff
 5.38288978158737e+00,-7.3991214072538574,#ffffff
 5.35959490950783e+00,-7.4160125678141728,#ffffff
 5.33624703443740e+00,-7.4328303887185569,#ffffff
 5.31284638727174e+00,-7.4495747036494357,#ffffff
 5.28939319942839e+00,-7.4662453470161729,#ffffff
 5.26588770284450e+00,-7.4828421539566810,#ffffff
 5.24233012997449e+00,-7.4993649603390864,#ffffff
 5.21872071378780e+00,-7.5158136027633180,#ffffff
 5.19505968776658e+00,-7.5321879185627481,#ffffff
 5.17134728590335e+00,-7.5484877458057857,#ffffff
 5.14758374269870e+00,-7.5647129232974901,#ffffff
 5.12376929315900e+00,-7.5808632905811573,#ffffff
 5.09990417279403e+00,-7.5969386879399030,#ffffff
 5.07598861761467e+00,-7.6129389563982635,#ffffff
 5.05202286413060e+00,-7.6288639377237324,#ffffff
 5.02800714934788e+00,-7.6447134744283654,#ffffff
 5.00394171076669e+00,-7.6604874097703002,#ffffff
 4.97982678637895e+00,-7.6761855877553336,#ffffff
 4.95566261466594e+00,-7.6918078531384513,#ffffff
 4.93144943459598e+00,-7.7073540514253658,#ffffff
 4.90718748562205e+00,-7.7228240288740428,#ffffff
 4.88287700767942e+00,-7.7382176324962373,#ffffff
 4.85851824118328e+00,-7.7535347100589753,#ffffff
 4.83411142702638e+00,-7.7687751100860822,#ffffff
 4.80965680657659e+00,-7.7839386818596843,#ffffff
 4.78515462167460e+00,-7.7990252754216831,#ffffff
 4.76060511463145e+00,-7.8140347415752442,#ffffff
 4.73600852822619e+00,-7.8289669318862769,#ffffff
 4.71136510570343e+00,-7.8438216986849003,#ffffff
 4.68667509077100e+00,-7.8585988950668968,#ffffff
 4.66193872759744e+00,-7.8732983748951844,#ffffff
 4.63715626080970e+00,-7.8879199928012325,#ffffff
 4.61232793549063e+00,-7.9024636041865319,#ffffff
 4.58745399717660e+00,-7.9169290652239939,#ffffff
 4.56253469185508e+00,-7.9313162328593929,#ffffff
 4.53757026596216e+00,-7.9456249648127777,#ffffff
 4.51256096638019e+00,-7.9598551195798715,#ffffff
 4.48750704043525e+00,-7.9740065564334790,#ffffff
 4.46240873589476e+00,-7.9880791354248695,#ffffff
 4.43726630096501e+00,-8.0020727173851807,#ffffff
 4.41207998428874e+00,-8.0159871639267646,#ffffff
 4.38685003494261e+00,-8.0298223374445818,#ffffff
 4.36157670243482e+00,-8.0435781011175518,#ffffff
 4.33626023670256e+00,-8.0572543189099033,#ffffff
 4.31090088810961e+00,-8.0708508555725249,#ffffff
 4.28549890744384e+00,-8.0843675766443006,#ffffff
 4.26005454591471e+00,-8.0978043484534403,#ffffff
 4.23456805515079e+00,-8.1111610381188015,#ffffff
 4.20903968719729e+00,-8.1244375135512072,#ffffff
 4.18346969451358e+00,-8.1376336434547394,#ffffff
 4.15785832997063e+00,-8.1507492973280584,#ffffff
 4.13220584684859e+00,-8.1637843454656682,#ffffff
 4.10651249883423e+00,-8.1767386589592217,#ffffff
 4.08077854001845e+00,-8.1896121096987819,#ffffff
 4.05500422489375e+00,-8.2024045703740942,#ffffff
 4.02918980835177e+00,-8.2151159144758399,#ffffff
 4.00333554568068e+00,-8.2277460162969049,#ffffff
 3.97744169256273e+00,-8.2402947509335949,#ffffff
 3.95150850507168e+00,-8.2527619942868942,#ffffff
 3.92553623967029e+00,-8.2651476230636831,#ffffff
 3.89952515320779e+00,-8.2774515147779510,#ffffff
 3.87347550291729e+00,-8.2896735477520256,#ffffff
 3.84738754641331e+00,-8.3018136011177557,#ffffff
 3.82126154168917e+00,-8.3138715548177249,#ffffff
 3.79509774711448e+00,-8.3258472896064237,#ffffff
 3.76889642143253e+00,-8.3377406870514417,#ffffff
 3.74265782375783e+00,-8.3495516295346235,#ffffff
 3.71638221357343e+00,-8.3612800002532541,#ffffff
 3.69006985072843e+00,-8.3729256832211902,#ffffff
 3.66372099543541e+00,-8.3844885632700219,#ffffff
 3.63733590826780e+00,-8.3959685260502042,#ffffff
 3.61091485015738e+00,-8.4073654580321957,#ffffff
 3.58445808239163e+00,-8.4186792465075726,#ffffff
 3.55796586661120e+00,-8.4299097795901492,#ffffff
 3.53143846480726e+00,-8.4410569462170884,#ffffff
 3.50487613931899e+00,-8.4521206361499832,#ffffff
 3.47827915283092e+00,-8.4631007399759728,#ffffff
 3.45164776837035e+00,-8.4739971491087953,#ffffff
 3.42498224930478e+00,-8.4848097557898843,#ffffff
 3.39828285933925e+00,-8.4955384530894253,#ffffff
 3.37154986251379e+00,-8.5061831349074115,#ffffff
 3.34478352320076e+00,-8.5167436959746965,#ffffff
 3.31798410610226e+00,-8.5272200318540410,#ffffff
 3.29115187624751e+00,-8.5376120389411287,#ffffff
 3.26428709899023e+00,-8.5479196144656147,#ffffff
 3.23739004000600e+00,-8.5581426564921159,#ffffff
 3.21046096528968e+00,-8.5682810639212388,#ffffff
 3.18350014115270e+00,-8.5783347364905698,#ffffff
 3.15650783422050e+00,-8.5883035747756722,#ffffff
 3.12948431142987e+00,-8.5981874801910632,#ffffff
 3.10242984002628e+00,-8.6079863549911888,#ffffff
 3.07534468756128e+00,-8.6177001022714066,#ffffff
 3.04822912188984e+00,-8.6273286259689179,#ffffff
 3.02108341116766e+00,-8.6368718308637398,#ffffff
 2.99390782384862e+00,-8.6463296225796320,#ffffff
 2.96670262868200e+00,-8.6557019075850423,#ffffff
 2.93946809470992e+00,-8.6649885931940194,#ffffff
 2.91220449126462e+00,-8.6741895875671382,#ffffff
 2.88491208796584e+00,-8.6833047997124080,#ffffff
 2.85759115471813e+00,-8.6923341394861655,#ffffff
 2.83024196170815e+00,-8.7012775175939776,#ffffff
 2.80286477940208e+00,-8.7101348455915044,#ffffff
 2.77545987854284e+00,-8.7189060358854054,#ffffff
 2.74802753014752e+00,-8.7275910017341740,#ffffff
 2.72056800550463e+00,-8.7361896572490085,#ffffff
 2.69308157617143e+00,-8.7447019173946696,#ffffff
 2.66556851397126e+00,-8.7531276979903065,#ffffff
 2.63802909099083e+00,-8.7614669157102956,#ffffff
 2.61046357957756e+00,-8.7697194880850731,#ffffff
 2.58287225233685e+00,-8.7778853335019349,#ffffff
 2.55525538212940e+00,-8.7859643712058570,#ffffff
 2.52761324206854e+00,-8.7939565213002844,#ffffff
 2.49994610551747e+00,-8.8018617047479264,#ffffff
 2.47225424608661e+00,-8.8096798433715371,#ffffff
 2.44453793763087e+00,-8.8174108598546894,#ffffff
 2.41679745424695e+00,-8.8250546777425392,#ffffff
 2.38903307027061e+00,-8.8326112214425798,#ffffff
 2.36124506027398e+00,-8.8400804162253941,#ffffff
 2.33343369906285e+00,-8.8474621882253821,#ffffff
 2.30559926167390e+00,-8.8547564644415129,#ffffff
 2.27774202337206e+00,-8.8619631727380224,#ffffff
 2.24986225964773e+00,-8.8690822418451400,#ffffff
 2.22196024621407e+00,-8.8761136013597923,#ffffff
 2.19403625900428e+00,-8.8830571817462989,#ffffff
 2.16609057416887e+00,-8.8899129143370565,#ffffff
 2.13812346807291e+00,-8.8966807313332232,#ffffff
 2.11013521729333e+00,-8.9033605658053876,#ffffff
 2.08212609861616e+00,-8.9099523516942245,#ffffff
 2.05409638903380e+00,-8.9164560238111612,#ffffff
 2.02604636574227e+00,-8.9228715178390043,#ffffff
 1.99797630613851e+00,-8.9291987703325955,#ffffff
 1.96988648781758e+00,-8.9354377187194221,#ffffff
 1.94177718856995e+00,-8.9415883013002446,#ffffff
 1.91364868637875e+00,-8.9476504572497078,#ffffff
 1.88550125941699e+00,-8.9536241266169405,#ffffff
 1.85733518604488e+00,-8.9595092503261391,#ffffff
 1.82915074480697e+00,-8.9653057701771726,#ffffff
 1.80094821442951e+00,-8.9710136288461388,#ffffff
 1.77272787381762e+00,-8.9766327698859367,#ffffff
 1.74449000205254e+00,-8.9821631377268307,#ffffff
 1.71623487838891e+00,-8.9876046776769964,#ffffff
 1.68796278225195e+00,-8.9929573359230517,#ffffff
 1.65967399323476e+00,-8.9982210595306107,#ffffff
 1.63136879109548e+00,-9.0033957964447886,#ffffff
 1.60304745575461e+00,-9.0084814954907184,#ffffff
 1.57471026729215e+00,-9.0134781063740697,#ffffff
 1.54635750594492e+00,-9.0183855796815315,#ffffff
 1.51798945210373e+00,-9.0232038668813104,#ffffff
 1.48960638631061e+00,-9.0279329203236021,#ffffff
 1.46120858925608e+00,-9.0325726932410717,#ffffff
 1.43279634177630e+00,-9.0371231397493119,#ffffff
 1.40436992485038e+00,-9.0415842148472922,#ffffff
 1.37592961959752e+00,-9.0459558744178175,#ffffff
 1.34747570727430e+00,-9.0502380752279468,#ffffff
 1.31900846927182e+00,-9.0544307749294326,#ffffff
 1.29052818711302e+00,-9.0585339320591380,#ffffff
 1.26203514244978e+00,-9.0625475060394436,#ffffff
 1.23352961706025e+00,-9.0664714571786540,#ffffff
 1.20501189284596e+00,-9.0703057466713766,#ffffff
 1.17648225182910e+00,-9.0740503365989280,#ffffff
 1.14794097614971e+00,-9.0777051899296914,#ffffff
 1.11938834806289e+00,-9.0812702705194859,#ffffff
 1.09082464993599e+00,-9.0847455431119268,#ffffff
 1.06225016424586e+00,-9.0881309733387781,#ffffff
 1.03366517357602e+00,-9.0914265277202819,#ffffff
 1.00506996061388e+00,-9.0946321736654987,#ffffff
 9.76464808147934e-01,-9.0977478794726228,#ffffff
 9.47849999064988e-01,-9.1007736143293059,#ffffff
 9.19225816347341e-01,-9.1037093483129485,#ffffff
 8.90592543069972e-01,-9.1065550523910055,#ffffff
 8.61950462397789e-01,-9.1093106984212717,#ffffff
 8.33299857582771e-01,-9.1119762591521578,#ffffff
 8.04641011961216e-01,-9.1145517082229581,#ffffff
 7.75974208950913e-01,-9.1170370201641173,#ffffff
 7.47299732048342e-01,-9.1194321703974790,#ffffff
 7.18617864825877e-01,-9.1217371352365291,#ffffff
 6.89928890928972e-01,-9.1239518918866249,#ffffff
 6.61233094073375e-01,-9.1260764184452317,#ffffff
 6.32530758042281e-01,-9.1281106939021317,#ffffff
 6.03822166683586e-01,-9.1300546981396309,#ffffff
 5.75107603907016e-01,-9.1319084119327627,#ffffff
 5.46387353681375e-01,-9.1336718169494713,#ffffff
 5.17661700031703e-01,-9.1353448957508050,#ffffff
 4.88930927036476e-01,-9.1369276317910746,#ffffff
 4.60195318824800e-01,-9.1384200094180255,#ffffff
 4.31455159573602e-01,-9.1398220138729904,#ffffff
 4.02710733504796e-01,-9.1411336312910354,#ffffff
 3.73962324882513e-01,-9.1423548487010979,#ffffff
 3.45210218010270e-01,-9.1434856540261116,#ffffff
 3.16454697228134e-01,-9.1445260360831302,#ffffff
 2.87696046909958e-01,-9.1454759845834381,#ffffff
 2.58934551460533e-01,-9.1463354901326426,#ffffff
 2.30170495312789e-01,-9.1471045442307855,#ffffff
 2.01404162924981e-01,-9.1477831392724056,#ffffff
 1.72635838777879e-01,-9.1483712685466294,#ffffff
 1.43865807371928e-01,-9.1488689262372329,#ffffff
 1.15094353224490e-01,-9.1492761074226987,#ffffff
 8.63217608669626e-02,-9.1495928080762603,#ffffff
 5.75483148420253e-02,-9.1498190250659519,#ffffff
 2.87742997007913e-02,-9.1499547561546297,#ffffff
 1.68077222062121e-15,-9.1500000000000004,#ffffff
 1.65872930625241e-15,-9.0300000000000011,#ffffff
 2.83969318358628e-02,-9.0299553495165377,#ffffff
 5.67935828440972e-02,-9.0298213985077105,#ffffff
 8.51896721998469e-02,-9.0295981482982128,#ffffff
 1.13584919083833e-01,-9.0292856010958449,#ffffff
 1.41979042685083e-01,-9.0288837599914995,#ffffff
 1.70371762203743e-01,-9.0283926289591339,#ffffff
 1.98762796853833e-01,-9.0278122128557179,#ffffff
 2.27151865866064e-01,-9.0271425174212023,#ffffff
 2.55538688490559e-01,-9.0263835492784441,#ffffff
 2.83922983999663e-01,-9.0255353159331637,#ffffff
 3.12304471690708e-01,-9.0245978257738440,#ffffff
 3.40682870888816e-01,-9.0235710880716713,#ffffff
 3.69057900949627e-01,-9.0224551129804276,#ffffff
 3.97429281262110e-01,-9.0212499115363993,#ffffff
 4.25796731251325e-01,-9.0199554956582624,#ffffff
 4.54159970381196e-01,-9.0185718781469699,#ffffff
 4.82518718157310e-01,-9.0170990726856193,#ffffff
 5.10872694129648e-01,-9.0155370938393204,#ffffff
 5.39221617895390e-01,-9.0138859570550540,#ffffff
 5.67565209101671e-01,-9.0121456786615131,#ffffff
 5.95903187448383e-01,-9.0103162758689486,#ffffff
 6.24235272690907e-01,-9.0083977667689901,#ffffff
 6.52561184642905e-01,-9.0063901703344751,#ffffff
 6.80880643179084e-01,-9.0042935064192609,#ffffff
 7.09193368237996e-01,-9.0021077957580165,#ffffff
 7.37499079824758e-01,-8.9998330599660381,#ffffff
 7.65797498013851e-01,-8.9974693215390165,#ffffff
 7.94088342951888e-01,-8.9950166038528216,#ffffff
 8.22371334860366e-01,-8.9924749311632777,#ffffff
 8.50646194038466e-01,-8.9898443286059120,#ffffff
 8.78912640865775e-01,-8.9871248221957156,#ffffff
 9.07170395805081e-01,-8.9843164388268786,#ffffff
 9.35419179405120e-01,-8.9814192062725287,#ffffff
 9.63658712303371e-01,-8.9784331531844597,#ffffff
 9.91888715228777e-01,-8.9753583090928366,#ffffff
 1.02010890900453e+00,-8.9721947044059185,#ffffff
 1.04831901455083e+00,-8.9689423704097475,#ffffff
 1.07651875288765e+00,-8.9656013392678382,#ffffff
 1.10470784513747e+00,-8.9621716440208701,#ffffff
 1.13288601252808e+00,-8.9586533185863519,#ffffff
 1.16105297639528e+00,-8.9550463977582879,#ffffff
 1.18920845818568e+00,-8.9513509172068346,#ffffff
 1.21735217945946e+00,-8.9475669134779512,#ffffff
 1.24548386189306e+00,-8.9436944239930263,#ffffff
 1.27360322728203e+00,-8.9397334870485281,#ffffff
 1.30170999754366e+00,-8.9356841418156066,#ffffff
 1.32980389471987e+00,-8.9315464283397130,#ffffff
 1.35788464097985e+00,-8.9273203875402078,#ffffff
 1.38595195862284e+00,-8.9230060612099518,#ffffff
 1.41400557008087e+00,-8.9186034920148956,#ffffff
 1.44204519792157e+00,-8.9141127234936484,#ffffff
 1.47007056485080e+00,-8.9095338000570639,#ffffff
 1.49808139371548e+00,-8.9048667669877855,#ffffff
 1.52607740750630e+00,-8.9001116704398076,#ffffff
 1.55405832936045e+00,-8.8952685574380190,#ffffff
 1.58202388256438e+00,-8.8903374758777272,#ffffff
 1.60997379055653e+00,-8.8853184745242011,#ffffff
 1.63790777693004e+00,-8.8802116030121763,#ffffff
 1.66582556543553e+00,-8.8750169118453748,#ffffff
 1.69372687998381e+00,-8.8697344523959867,#ffffff
 1.72161144464858e+00,-8.8643642769041850,#ffffff
 1.74947898366919e+00,-8.8589064384775984,#ffffff
 1.77732922145338e+00,-8.8533609910907813,#ffffff
 1.80516188257999e+00,-8.8477279895846888,#ffffff
 1.83297669180166e+00,-8.8420074896661269,#ffffff
 1.86077337404759e+00,-8.8361995479072100,#ffffff
 1.88855165442624e+00,-8.8303042217447949,#ffffff
 1.91631125822805e+00,-8.8243215694799151,#ffffff
 1.94405191092817e+00,-8.8182516502772010,#ffffff
 1.97177333818915e+00,-8.8120945241642996,#ffffff
 1.99947526586368e+00,-8.8058502520312807,#ffffff
 2.02715741999728e+00,-8.7995188956300332,#ffffff
 2.05481952683102e+00,-8.7931005175736470,#ffffff
 2.08246131280424e+00,-8.7865951813358105,#ffffff
 2.11008250455720e+00,-8.7800029512501663,#ffffff
 2.13768282893387e+00,-8.7733238925096870,#ffffff
 2.16526201298456e+00,-8.7665580711660205,#ffffff
 2.19281978396864e+00,-8.7597055541288444,#ffffff
 2.22035586935727e+00,-8.7527664091652042,#ffffff
 2.24786999683604e+00,-8.7457407048988358,#ffffff
 2.27536189430768e+00,-8.7386285108094963,#ffffff
 2.30283128989480e+00,-8.7314298972322657,#ffffff
 2.33027791194252e+00,-8.7241449353568647,#ffffff
 2.35770148902116e+00,-8.7167736972269410,#ffffff
 2.38510174992895e+00,-8.7093162557393597,#ffffff
 2.41247842369473e+00,-8.7017726846434815,#ffffff
 2.43983123958055e+00,-8.6941430585404351,#ffffff
 2.46715992708445e+00,-8.6864274528823806,#ffffff
 2.49446421594305e+00,-8.6786259439717561,#ffffff
 2.52174383613426e+00,-8.6707386089605372,#ffffff
 2.54899851787997e+00,-8.6627655258494531,#ffffff
 2.57622799164867e+00,-8.6547067734872378,#ffffff
 2.60343198815817e+00,-8.6465624315698335,#ffffff
 2.63061023837819e+00,-8.6383325806396147,#ffffff
 2.65776247353312e+00,-8.6300173020845765,#ffffff
 2.68488842510457e+00,-8.6216166781375474,#ffffff
 2.71198782483411e+00,-8.6131307918753652,#ffffff
 2.73906040472588e+00,-8.6045597272180601,#ffffff
 2.76610589704925e+00,-8.5959035689280139,#ffffff
 2.79312403434149e+00,-8.5871624026091382,#ffffff
 2.82011454941035e+00,-8.5783363147060196,#ffffff
 2.84707717533678e+00,-8.5694253925030655,#ffffff
 2.87401164547755e+00,-8.5604297241236367,#ffffff
 2.90091769346782e+00,-8.5513493985291795,#ffffff
 2.92779505322387e+00,-8.5421845055183550,#ffffff
 2.95464345894568e+00,-8.5329351357261292,#ffffff
 2.98146264511956e+00,-8.5236013806229067,#ffffff
 3.00825234652078e+00,-8.5141833325135909,#ffffff
 3.03501229821621e+00,-8.5046810845367009,#ffffff
 3.06174223556692e+00,-8.4950947306634372,#ffffff
 3.08844189423079e+00,-8.4854243656967547,#ffffff
 3.11511101016515e+00,-8.4756700852704192,#ffffff
 3.14174931962939e+00,-8.4658319858480713,#ffffff
 3.16835655918752e+00,-8.4559101647222725,#ffffff
 3.19493246571084e+00,-8.4459047200135320,#ffffff
 3.22147677638051e+00,-8.4358157506693470,#ffffff
 3.24798922869016e+00,-8.4256433564632154,#ffffff
 3.27446956044846e+00,-8.4153876379936605,#ffffff
 3.30091750978173e+00,-8.4050486966832256,#ffffff
 3.32733281513656e+00,-8.3946266347774792,#ffffff
 3.35371521528234e+00,-8.3841215553439916,#ffffff
 3.38006444931389e+00,-8.3735335622713301,#ffffff
 3.40638025665402e+00,-8.3628627602680261,#ffffff
 3.43266237705608e+00,-8.3521092548615368,#ffffff
 3.45891055060660e+00,-8.3412731523972017,#ffffff
 3.48512451772782e+00,-8.3303545600371933,#ffffff
 3.51130401918023e+00,-8.3193535857594583,#ffffff
 3.53744879606519e+00,-8.3082703383566532,#ffffff
 3.56355858982745e+00,-8.2971049274350523,#ffffff
 3.58963314225774e+00,-8.2858574634134801,#ffffff
 3.61567219549527e+00,-8.2745280575222182,#ffffff
 3.64167549203036e+00,-8.2631168218018978,#ffffff
 3.66764277470689e+00,-8.2516238691023958,#ffffff
 3.69357378672494e+00,-8.2400493130817143,#ffffff
 3.71946827164326e+00,-8.2283932682048651,#ffffff
 3.74532597338183e+00,-8.2166558497427324,#ffffff
 3.77114663622439e+00,-8.2048371737709367,#ffffff
 3.79693000482101e+00,-8.1929373571686721,#ffffff
 3.82267582419051e+00,-8.1809565176175738,#ffffff
 3.84838383972309e+00,-8.1688947736005364,#ffffff
 3.87405379718281e+00,-8.1567522444005522,#ffffff
 3.89968544271008e+00,-8.1445290500995284,#ffffff
 3.92527852282419e+00,-8.1322253115770913,#ffffff
 3.95083278442585e+00,-8.1198411505094068,#ffffff
 3.97634797479962e+00,-8.1073766893679604,#ffffff
 4.00182384161646e+00,-8.0948320514183685,#ffffff
 4.02726013293624e+00,-8.0822073607191260,#ffffff
 4.05265659721018e+00,-8.0695027421204131,#ffffff
 4.07801298328337e+00,-8.0567183212628404,#ffffff
 4.10332904039724e+00,-8.0438542245762186,#ffffff
 4.12860451819208e+00,-8.0309105792782880,#ffffff
 4.15383916670946e+00,-8.0178875133734877,#ffffff
 4.17903273639471e+00,-8.0047851556516711,#ffffff
 4.20418497809943e+00,-7.9916036356868396,#ffffff
 4.22929564308392e+00,-7.9783430838358509,#ffffff
 4.25436448301965e+00,-7.9650036312371473,#ffffff
 4.27939124999170e+00,-7.9515854098094465,#ffffff
 4.30437569650124e+00,-7.9380885522504370,#ffffff
 4.32931757546795e+00,-7.9245131920354774,#ffffff
 4.35421664023249e+00,-7.9108594634162532,#ffffff
 4.37907264455892e+00,-7.8971275014194742,#ffffff
 4.40388534263712e+00,-7.8833174418455281,#ffffff
 4.42865448908528e+00,-7.8694294212671387,#ffffff
 4.45337983895225e+00,-7.8554635770280052,#ffffff
 4.47806114772004e+00,-7.8414200472414626,#ffffff
 4.50269817130616e+00,-7.8272989707891067,#ffffff
 4.52729066606609e+00,-7.8131004873194172,#ffffff
 4.55183838879566e+00,-7.7988247372463855,#ffffff
 4.57634109673350e+00,-7.7844718617481066,#ffffff
 4.60079854756338e+00,-7.7700420027654120,#ffffff
 4.62521049941663e+00,-7.7555353030004461,#ffffff
 4.64957671087454e+00,-7.7409519059152627,#ffffff
 4.67389694097076e+00,-7.7262919557303915,#ffffff
 4.69817094919366e+00,-7.7115555974234384,#ffffff
 4.72239849548870e+00,-7.6967429767276290,#ffffff
 4.74657934026083e+00,-7.6818542401303782,#ffffff
 4.77071324437684e+00,-7.6668895348718431,#ffffff
 4.79479996916776e+00,-7.6518490089434481,#ffffff
 4.81883927643117e+00,-7.6367328110864507,#ffffff
 4.84283092843356e+00,-7.6215410907904548,#ffffff
 4.86677468791275e+00,-7.6062739982919192,#ffffff
 4.89067031808016e+00,-7.5909316845727011,#ffffff
 4.91451758262316e+00,-7.5755143013585435,#ffffff
 4.93831624570746e+00,-7.5600220011175754,#ffffff
 4.96206607197938e+00,-7.5444549370588172,#ffffff
 4.98576682656823e+00,-7.5288132631306404,#ffffff
 5.00941827508858e+00,-7.5130971340192705,#ffffff
 5.03302018364263e+00,-7.4973067051472491,#ffffff
 5.05657231882249e+00,-7.4814421326718969,#ffffff
 5.08007444771249e+00,-7.4655035734837529,#ffffff
 5.10352633789150e+00,-7.4494911852050549,#ffffff
 5.12692775743522e+00,-7.4334051261881555,#ffffff
 5.15027847491845e+00,-7.4172455555139640,#ffffff
 5.17357825941744e+00,-7.4010126329903825,#ffffff
 5.19682688051211e+00,-7.3847065191506980,#ffffff
 5.22002410828835e+00,-7.3683273752520266,#ffffff
 5.24316971334031e+00,-7.3518753632737068,#ffffff
 5.26626346677265e+00,-7.3353506459156916,#ffffff
 5.28930514020281e+00,-7.3187533865969385,#ffffff
 5.31229450576327e+00,-7.3020837494538071,#ffffff
 5.33523133610380e+00,-7.2853418993384267,#ffffff
 5.35811540439372e+00,-7.2685280018170646,#ffffff
 5.38094648432410e+00,-7.2516422231684992,#ffffff
 5.40372435011007e+00,-7.2346847303823481,#ffffff
 5.42644877649300e+00,-7.2176556911574554,#ffffff
 5.44911953874274e+00,-7.2005552739002123,#ffffff
 5.47173641265984e+00,-7.1833836477228781,#ffffff
 5.49429917457778e+00,-7.1661409824419398,#ffffff
 5.51680760136517e+00,-7.1488274485764087,#ffffff
 5.53926147042796e+00,-7.1314432173461419,#ffffff
 5.56166055971163e+00,-7.1139884606701553,#ffffff
 5.58400464770343e+00,-7.0964633511648998,#ffffff
 5.60629351343449e+00,-7.0788680621425888,#ffffff
 5.62852693648210e+00,-7.0612027676094558,#ffffff
 5.65070469697181e+00,-7.0434676422640576,#ffffff
 5.67282657557965e+00,-7.0256628614955101,#ffffff
 5.69489235353429e+00,-7.0077886013817983,#ffffff
 5.71690181261920e+00,-6.9898450386880064,#ffffff
 5.73885473517479e+00,-6.9718323508645765,#ffffff
 5.76075090410060e+00,-6.9537507160455601,#ffffff
 5.78259010285743e+00,-6.9356003130468364,#ffffff
 5.80437211546945e+00,-6.9173813213643713,#ffffff
 5.82609672652640e+00,-6.8990939211724260,#ffffff
 5.84776372118567e+00,-6.8807382933217847,#ffffff
 5.86937288517443e+00,-6.8623146193379387,#ffffff
 5.89092400479177e+00,-6.8438230814193366,#ffffff
 5.91241686691081e+00,-6.8252638624355484,#ffffff
 5.93385125898077e+00,-6.8066371459254604,#ffffff
 5.95522696902914e+00,-6.7879431160954802,#ffffff
 5.97654378566371e+00,-6.7691819578176888,#ffffff
 5.99780149807470e+00,-6.7503538566280312,#ffffff
 6.01899989603682e+00,-6.7314589987244791,#ffffff
 6.04013876991139e+00,-6.7124975709651764,#ffffff
 6.06121791064835e+00,-6.6934697608666038,#ffffff
 6.08223710978840e+00,-6.6743757566017248,#ffffff
 6.10319615946499e+00,-6.6552157469981221,#ffffff
 6.12409485240644e+00,-6.6359899215361207,#ffffff
 6.14493298193793e+00,-6.6166984703469325,#ffffff
 6.16571034198360e+00,-6.5973415842107581,#ffffff
 6.18642672706854e+00,-6.5779194545549116,#ffffff
 6.20708193232087e+00,-6.5584322734519311,#ffffff
 6.22767575347371e+00,-6.5388802336176601,#ffffff
 6.24820798686724e+00,-6.5192635284093567,#ffffff
 6.26867842945073e+00,-6.4995823518237827,#ffffff
 6.28908687878447e+00,-6.4798368984952841,#ffffff
 6.30943313304188e+00,-6.4600273636938539,#ffffff
 6.32971699101141e+00,-6.4401539433232138,#ffffff
 6.34993825209858e+00,-6.4202168339188734,#ffffff
 6.37009671632796e+00,-6.4002162326461907,#ffffff
 6.39019218434514e+00,-6.3801523372984086,#ffffff
 6.41022445741869e+00,-6.3600253462947203,#ffffff
 6.43019333744216e+00,-6.3398354586782810,#ffffff
 6.45009862693600e+00,-6.3195828741142650,#ffffff
 6.46994012904953e+00,-6.2992677928878784,#ffffff
 6.48971764756290e+00,-6.2788904159023726,#ffffff
 6.50943098688901e+00,-6.2584509446770662,#ffffff
 6.52907995207543e+00,-6.2379495813453563,#ffffff
 6.54866434880639e+00,-6.2173865286527112,#ffffff
 6.56818398340463e+00,-6.1967619899546662,#ffffff
 6.58763866283336e+00,-6.1760761692148103,#ffffff
 6.60702819469816e+00,-6.1553292710027812,#ffffff
 6.62635238724885e+00,-6.1345215004922311,#ffffff
 6.64561104938146e+00,-6.1136530634587967,#ffffff
 6.66480399064002e+00,-6.0927241662780744,#ffffff
 6.68393102121855e+00,-6.0717350159235659,#ffffff
 6.70299195196285e+00,-6.0506858199646443,#ffffff
 6.72198659437243e+00,-6.0295767865644958,#ffffff
 6.74091476060231e+00,-6.0084081244780565,#ffffff
 6.75977626346497e+00,-5.9871800430499533,#ffffff
 6.77857091643210e+00,-5.9658927522124348,#ffffff
 6.79729853363653e+00,-5.9445464624832951,#ffffff
 6.81595892987401e+00,-5.9231413849637855,#ffffff
 6.83455192060508e+00,-5.9016777313365294,#ffffff
 6.85307732195685e+00,-5.8801557138634362,#ffffff
 6.87153495072486e+00,-5.8585755453835988,#ffffff
 6.88992462437489e+00,-5.8369374393111757,#ffffff
 6.90824616104475e+00,-5.8152416096333042,#ffffff
 6.92649937954606e+00,-5.7934882709079591,#ffffff
 6.94468409936608e+00,-5.7716776382618526,#ffffff
 6.96280014066949e+00,-5.7498099273882968,#ffffff
 6.98084732430012e+00,-5.7278853545450668,#ffffff
 6.99882547178280e+00,-5.7059041365522640,#ffffff
 7.01673440532507e+00,-5.6838664907901819,#ffffff
 7.03457394781893e+00,-5.6617726351971482,#ffffff
 7.05234392284264e+00,-5.6396227882673626,#ffffff
 7.07004415466242e+00,-5.6174171690487551,#ffffff
 7.08767446823423e+00,-5.5951559971407931,#ffffff
 7.10523468920546e+00,-5.5728394926923421,#ffffff
 7.12272464391666e+00,-5.5504678763994528,#ffffff
 7.14014415940330e+00,-5.5280413695032173,#ffffff
 7.15749306339741e+00,-5.5055601937875416,#ffffff
 7.17477118432937e+00,-5.4830245715769834,#ffffff
 7.19197835132951e+00,-5.4604347257345429,#ffffff
 7.20911439422988e+00,-5.4377908796594498,#ffffff
 7.22617914356591e+00,-5.4150932572849619,#ffffff
 7.24317243057805e+00,-5.3923420830761577,#ffffff
 7.26009408721347e+00,-5.3695375820277089,#ffffff
 7.27694394612775e+00,-5.3466799796616451,#ffffff
 7.29372184068648e+00,-5.3237695020251481,#ffffff
 7.31042760496692e+00,-5.3008063756882908,#ffffff
 7.32706107375968e+00,-5.2777908277418204,#ffffff
 7.34362208257031e+00,-5.2547230857948843,#ffffff
 7.36011046762095e+00,-5.2316033779728146,#ffffff
 7.37652606585194e+00,-5.2084319329148352,#ffffff
 7.39286871492343e+00,-5.1852089797718293,#ffffff
 7.40913825321700e+00,-5.1619347482040627,#ffffff
 7.42533451983725e+00,-5.1386094683789070,#ffffff
 7.44145735461338e+00,-5.1152333709685660,#ffffff
 7.45750659810080e+00,-5.0918066871478045,#ffffff
 7.47348209158266e+00,-5.0683296485916580,#ffffff
 7.48938367707150e+00,-5.0448024874731230,#ffffff
 7.50521119731071e+00,-5.0212254364608944,#ffffff
 7.52096449577619e+00,-4.9975987287170298,#ffffff
 7.53664341667779e+00,-4.9739225978946768,#ffffff
 7.55224780496096e+00,-4.9501972781357289,#ffffff
 7.56777750630820e+00,-4.9264230040685426,#ffffff
 7.58323236714062e+00,-4.9026000108055880,#ffffff
 7.59861223461946e+00,-4.8787285339411479,#ffffff
 7.61391695664759e+00,-4.8548088095489739,#ffffff
 7.62914638187103e+00,-4.8308410741799523,#ffffff
 7.64430035968045e+00,-4.8068255648597642,#ffffff
 7.65937874021261e+00,-4.7827625190865533,#ffffff
 7.67438137435190e+00,-4.7586521748285691,#ffffff
 7.68930811373180e+00,-4.7344947705218043,#ffffff
 7.70415881073634e+00,-4.7102905450676475,#ffffff
 7.71893331850154e+00,-4.6860397378305239,#ffffff
 7.73363149091692e+00,-4.6617425886355228,#ffffff
 7.74825318262686e+00,-4.6373993377660234,#ffffff
 7.76279824903213e+00,-4.6130102259613208,#ffffff
 7.77726654629125e+00,-4.5885754944142425,#ffffff
 7.79165793132196e+00,-4.5640953847687724,#ffffff
 7.80597226180258e+00,-4.5395701391176573,#ffffff
 7.82020939617348e+00,-4.5150000000000015,#ffffff
 7.83436919363844e+00,-4.4903852103988795,#ffffff
 7.84845151416605e+00,-4.4657260137389336,#ffffff
 7.86245621849110e+00,-4.4410226538839686,#ffffff
 7.87638316811596e+00,-4.4162753751345258,#ffffff
 7.89023222531194e+00,-4.3914844222254752,#ffffff
 7.90400325312065e+00,-4.3666500403236066,#ffffff
 7.91769611535538e+00,-4.3417724750251896,#ffffff
 7.93131067660240e+00,-4.3168519723535530,#ffffff
 7.94484680222236e+00,-4.2918887787566433,#ffffff
 7.95830435835156e+00,-4.2668831411045929,#ffffff
 7.97168321190332e+00,-4.2418353066872871,#ffffff
 7.98498323056926e+00,-4.2167455232119071,#ffffff
 7.99820428282066e+00,-4.1916140388004788,#ffffff
 8.01134623790970e+00,-4.1664411019874246,#ffffff
 8.02440896587077e+00,-4.1412269617171109,#ffffff
 8.03739233752181e+00,-4.1159718673413801,#ffffff
 8.05029622446550e+00,-4.0906760686170784,#ffffff
 8.06312049909060e+00,-4.0653398157035907,#ffffff
 8.07586503457318e+00,-4.0399633591603763,#ffffff
 8.08852970487786e+00,-4.0145469499444788,#ffffff
 8.10111438475910e+00,-3.9890908394080533,#ffffff
 8.11361894976240e+00,-3.9635952792958662,#ffffff
 8.12604327622556e+00,-3.9380605217428175,#ffffff
 8.13838724127988e+00,-3.9124868192714510,#ffffff
 8.15065072285138e+00,-3.8868744247894504,#ffffff
 8.16283359966200e+00,-3.8612235915871342,#ffffff
 8.17493575123085e+00,-3.8355345733349520,#ffffff
 8.18695705787531e+00,-3.8098076240809884,#ffffff
 8.19889740071230e+00,-3.7840429982484425,#ffffff
 8.21075666165941e+00,-3.7582409506331009,#ffffff
 8.22253472343608e+00,-3.7324017364008295,#ffffff
 8.23423146956476e+00,-3.7065256110850568,#ffffff
 8.24584678437204e+00,-3.6806128305842334,#ffffff
 8.25738055298985e+00,-3.6546636511593094,#ffffff
 8.26883266135653e+00,-3.6286783294311915,#ffffff
 8.28020299621800e+00,-3.6026571223782096,#ffffff
 8.29149144512888e+00,-3.5766002873335840,#ffffff
 8.30269789645356e+00,-3.5505080819828749,#ffffff
 8.31382223936735e+00,-3.5243807643614233,#ffffff
 8.32486436385758e+00,-3.4982185928518081,#ffffff
 8.33582416072464e+00,-3.4720218261813005,#ffffff
 8.34670152158310e+00,-3.4457907234192930,#ffffff
 8.35749633886275e+00,-3.4195255439747356,#ffffff
 8.36820850580973e+00,-3.3932265475935730,#ffffff
 8.37883791648748e+00,-3.3668939943561855,#ffffff
 8.38938446577790e+00,-3.3405281446748081,#ffffff
 8.39984804938230e+00,-3.3141292592909566,#ffffff
 8.41022856382248e+00,-3.2876975992728439,#ffffff
 8.42052590644176e+00,-3.2612334260128026,#ffffff
 8.43073997540594e+00,-3.2347370012247088,#ffffff
 8.44087066970438e+00,-3.2082085869413843,#ffffff
 8.45091788915092e+00,-3.1816484455120002,#ffffff
 8.46088153438497e+00,-3.1550568395994878,#ffffff
 8.47076150687238e+00,-3.1284340321779518,#ffffff
 8.48055770890650e+00,-3.1017802865300586,#ffffff
 8.49027004360912e+00,-3.0750958662444257,#ffffff
 8.49989841493142e+00,-3.0483810352130249,#ffffff
 8.50944272765490e+00,-3.0216360576285783,#ffffff
 8.51890288739238e+00,-2.9948611979819328,#ffffff
 8.52827880058889e+00,-2.9680567210594564,#ffffff
 8.53757037452259e+00,-2.9412228919404031,#ffffff
 8.54677751730572e+00,-2.9143599759943024,#ffffff
 8.55590013788548e+00,-2.8874682388783430,#ffffff
 8.56493814604495e+00,-2.8605479465347337,#ffffff
 8.57389145240396e+00,-2.8335993651880722,#ffffff
 8.58275996842001e+00,-2.8066227613427137,#ffffff
 8.59154360638909e+00,-2.7796184017801471,#ffffff
 8.60024227944660e+00,-2.7525865535563478,#ffffff
 8.60885590156819e+00,-2.7255274839991284,#ffffff
 8.61738438757060e+00,-2.6984414607055025,#ffffff
 8.62582765311253e+00,-2.6713287515390491,#ffffff
 8.63418561469544e+00,-2.6441896246272472,#ffffff
 8.64245818966439e+00,-2.6170243483588358,#ffffff
 8.65064529620886e+00,-2.5898331913811465,#ffffff
 8.65874685336359e+00,-2.5626164225974541,#ffffff
 8.66676278100930e+00,-2.5353743111643263,#ffffff
 8.67469299987356e+00,-2.5081071264889530,#ffffff
 8.68253743153154e+00,-2.4808151382264754,#ffffff
 8.69029599840680e+00,-2.4534986162773254,#ffffff
 8.69796862377203e+00,-2.4261578307845668,#ffffff
 8.70555523174984e+00,-2.3987930521312135,#ffffff
 8.71305574731349e+00,-2.3714045509375481,#ffffff
 8.72047009628765e+00,-2.3439925980584553,#ffffff
 8.72779820534912e+00,-2.3165574645807494,#ffffff
 8.73504000202753e+00,-2.2890994218204819,#ffffff
 8.74219541470613e+00,-2.2616187413202669,#ffffff
 8.74926437262243e+00,-2.2341156948465835,#ffffff
 8.75624680586892e+00,-2.2065905543870952,#ffffff
 8.76314264539377e+00,-2.1790435921479703,#ffffff
 8.76995182300150e+00,-2.1514750805511800,#ffffff
 8.77667427135367e+00,-2.1238852922317966,#ffffff
 8.78330992396954e+00,-2.0962745000353062,#ffffff
 8.78985871522671e+00,-2.0686429770149184,#ffffff
 8.79632058036179e+00,-2.0409909964288557,#ffffff
 8.80269545547104e+00,-2.0133188317376467,#ffffff
 8.80898327751100e+00,-1.9856267566014274,#ffffff
 8.81518398429910e+00,-1.9579150448772431,#ffffff
 8.82129751451428e+00,-1.9301839706163295,#ffffff
 8.82732380769761e+00,-1.9024338080614080,#ffffff
 8.83326280425287e+00,-1.8746648316439645,#ffffff
 8.83911444544717e+00,-1.8468773159815410,#ffffff
 8.84487867341148e+00,-1.8190715358750298,#ffffff
 8.85055543114126e+00,-1.7912477663059465,#ffffff
 8.85614466249696e+00,-1.7634062824337025,#ffffff
 8.86164631220464e+00,-1.7355473595928934,#ffffff
 8.86706032585649e+00,-1.7076712732905828,#ffffff
 8.87238664991133e+00,-1.6797782992035692,#ffffff
 8.87762523169521e+00,-1.6518687131756544,#ffffff
 8.88277601940188e+00,-1.6239427912149198,#ffffff
 8.88783896209332e+00,-1.5960008094910083,#ffffff
 8.89281400970024e+00,-1.5680430443323783,#ffffff
 8.89770111302258e+00,-1.5400697722235817,#ffffff
 8.90250022372999e+00,-1.5120812698025150,#ffffff
 8.90721129436230e+00,-1.4840778138576942,#ffffff
 8.91183427833004e+00,-1.4560596813255231,#ffffff
 8.91636912991481e+00,-1.4280271492875478,#ffffff
 8.92081580426981e+00,-1.3999804949677086,#ffffff
 8.92517425742026e+00,-1.3719199957296064,#ffffff
 8.92944444626383e+00,-1.3438459290737670,#ffffff
 8.93362632857105e+00,-1.3157585726348899,#ffffff
 8.93771986298577e+00,-1.2876582041790936,#ffffff
 8.94172500902552e+00,-1.2595451016011774,#ffffff
 8.94564172708197e+00,-1.2314195429218815,#ffffff
 8.94946997842125e+00,-1.2032818062851238,#ffffff
 8.95320972518439e+00,-1.1751321699552597,#ffffff
 8.95686093038766e+00,-1.1469709123143166,#ffffff
 8.96042355792297e+00,-1.1187983118592491,#ffffff
 8.96389757255819e+00,-1.0906146471991931,#ffffff
 8.96728293993752e+00,-1.0624201970527023,#ffffff
 8.97057962658183e+00,-1.0342152402449847,#ffffff
 8.97378759988898e+00,-1.0060000557051516,#ffffff
 8.97690682813415e+00,-0.9777749224634689,#ffffff
 8.97993728047016e+00,-0.9495401196485882,#ffffff
 8.98287892692774e+00,-0.9212959264847792,#ffffff
 8.98573173841590e+00,-0.8930426222891766,#ffffff
 8.98849568672213e+00,-0.8647804864690249,#ffffff
 8.99117074451275e+00,-0.8365097985189041,#ffffff
 8.99375688533311e+00,-0.8082308380179730,#ffffff
 8.99625408360795e+00,-0.7799438846271930,#ffffff
 8.99866231464154e+00,-0.7516492180865699,#ffffff
 9.00098155461802e+00,-0.7233471182123959,#ffffff
 9.00321178060157e+00,-0.6950378648944738,#ffffff
 9.00535297053668e+00,-0.6667217380933419,#ffffff
 9.00740510324833e+00,-0.6383990178375122,#ffffff
 9.00936815844224e+00,-0.6100699842207105,#ffffff
 9.01124211670504e+00,-0.5817349173990970,#ffffff
 9.01302695950446e+00,-0.5533940975884853,#ffffff
 9.01472266918955e+00,-0.5250478050615978,#ffffff
 9.01632922899082e+00,-0.4966963201452627,#ffffff
 9.01784662302040e+00,-0.4683399232176697,#ffffff
 9.01927483627224e+00,-0.4399788947055853,#ffffff
 9.02061385462221e+00,-0.4116135150815712,#ffffff
 9.02186366482828e+00,-0.3832440648612190,#ffffff
 9.02302425453060e+00,-0.3548708246003838,#ffffff
 9.02409561225169e+00,-0.3264940748924018,#ffffff
 9.02507772739650e+00,-0.2981140963653076,#ffffff
 9.02597059025253e+00,-0.2697311696790665,#ffffff
 9.02677419198994e+00,-0.2413455755228073,#ffffff
 9.02748852466161e+00,-0.2129575946120386,#ffffff
 9.02811358120326e+00,-0.1845675076858601,#ffffff
 9.02864935543345e+00,-0.1561755955042150,#ffffff
 9.02909584205374e+00,-0.1277821388450810,#ffffff
 9.02945303664865e+00,-0.0993874185017216,#ffffff
 9.02972093568576e+00,-0.0709917152798975,#ffffff
 9.02989953651570e+00,-0.0425953099950813,#ffffff
 9.02998883737224e+00,-0.0141984834696887,#ffffff
 9.02998883737224e+00, 0.0141984834696909,#ffffff
 9.02989953651570e+00, 0.0425953099950795,#ffffff
 9.02972093568576e+00, 0.0709917152798957,#ffffff
 9.02945303664865e+00, 0.0993874185017238,#ffffff
 9.02909584205374e+00, 0.1277821388450832,#ffffff
 9.02864935543345e+00, 0.1561755955042132,#ffffff
 9.02811358120326e+00, 0.1845675076858623,#ffffff
 9.02748852466161e+00, 0.2129575946120368,#ffffff
 9.02677419198994e+00, 0.2413455755228096,#ffffff
 9.02597059025253e+00, 0.2697311696790687,#ffffff
 9.02507772739650e+00, 0.2981140963653058,#ffffff
 9.02409561225169e+00, 0.3264940748924000,#ffffff
 9.02302425453060e+00, 0.3548708246003860,#ffffff
 9.02186366482827e+00, 0.3832440648612212,#ffffff
 9.02061385462221e+00, 0.4116135150815695,#ffffff
 9.01927483627224e+00, 0.4399788947055835,#ffffff
 9.01784662302040e+00, 0.4683399232176719,#ffffff
 9.01632922899082e+00, 0.4966963201452648,#ffffff
 9.01472266918955e+00, 0.5250478050615959,#ffffff
 9.01302695950446e+00, 0.5533940975884876,#ffffff
 9.01124211670504e+00, 0.5817349173990952,#ffffff
 9.00936815844224e+00, 0.6100699842207127,#ffffff
 9.00740510324833e+00, 0.6383990178375145,#ffffff
 9.00535297053668e+00, 0.6667217380933401,#ffffff
 9.00321178060157e+00, 0.6950378648944722,#ffffff
 9.00098155461802e+00, 0.7233471182123982,#ffffff
 8.99866231464154e+00, 0.7516492180865723,#ffffff
 8.99625408360795e+00, 0.7799438846271912,#ffffff
 8.99375688533311e+00, 0.8082308380179711,#ffffff
 8.99117074451275e+00, 0.8365097985189063,#ffffff
 8.98849568672213e+00, 0.8647804864690271,#ffffff
 8.98573173841590e+00, 0.8930426222891749,#ffffff
 8.98287892692775e+00, 0.9212959264847775,#ffffff
 8.97993728047016e+00, 0.9495401196485864,#ffffff
 8.97690682813415e+00, 0.9777749224634711,#ffffff
 8.97378759988898e+00, 1.0060000557051538,#ffffff
 8.97057962658183e+00, 1.0342152402449829,#ffffff
 8.96728293993752e+00, 1.0624201970527005,#ffffff
 8.96389757255819e+00, 1.0906146471991951,#ffffff
 8.96042355792297e+00, 1.1187983118592513,#ffffff
 8.95686093038766e+00, 1.1469709123143148,#ffffff
 8.95320972518439e+00, 1.1751321699552579,#ffffff
 8.94946997842125e+00, 1.2032818062851260,#ffffff
 8.94564172708197e+00, 1.2314195429218837,#ffffff
 8.94172500902553e+00, 1.2595451016011756,#ffffff
 8.93771986298577e+00, 1.2876582041790918,#ffffff
 8.93362632857105e+00, 1.3157585726348879,#ffffff
 8.92944444626383e+00, 1.3438459290737692,#ffffff
 8.92517425742026e+00, 1.3719199957296087,#ffffff
 8.92081580426981e+00, 1.3999804949677068,#ffffff
 8.91636912991481e+00, 1.4280271492875460,#ffffff
 8.91183427833004e+00, 1.4560596813255253,#ffffff
 8.90721129436230e+00, 1.4840778138576964,#ffffff
 8.90250022372999e+00, 1.5120812698025135,#ffffff
 8.89770111302258e+00, 1.5400697722235799,#ffffff
 8.89281400970024e+00, 1.5680430443323805,#ffffff
 8.88783896209332e+00, 1.5960008094910103,#ffffff
 8.88277601940188e+00, 1.6239427912149222,#ffffff
 8.87762523169521e+00, 1.6518687131756526,#ffffff
 8.87238664991133e+00, 1.6797782992035677,#ffffff
 8.86706032585649e+00, 1.7076712732905848,#ffffff
 8.86164631220464e+00, 1.7355473595928956,#ffffff
 8.85614466249696e+00, 1.7634062824337007,#ffffff
 8.85055543114126e+00, 1.7912477663059447,#ffffff
 8.84487867341148e+00, 1.8190715358750322,#ffffff
 8.83911444544717e+00, 1.8468773159815433,#ffffff
 8.83326280425287e+00, 1.8746648316439627,#ffffff
 8.82732380769761e+00, 1.9024338080614063,#ffffff
 8.82129751451428e+00, 1.9301839706163317,#ffffff
 8.81518398429910e+00, 1.9579150448772453,#ffffff
 8.80898327751100e+00, 1.9856267566014296,#ffffff
 8.80269545547104e+00, 2.0133188317376449,#ffffff
 8.79632058036179e+00, 2.0409909964288540,#ffffff
 8.78985871522671e+00, 2.0686429770149206,#ffffff
 8.78330992396954e+00, 2.0962745000353085,#ffffff
 8.77667427135367e+00, 2.1238852922317948,#ffffff
 8.76995182300150e+00, 2.1514750805511782,#ffffff
 8.76314264539377e+00, 2.1790435921479725,#ffffff
 8.75624680586892e+00, 2.2065905543870974,#ffffff
 8.74926437262243e+00, 2.2341156948465817,#ffffff
 8.74219541470613e+00, 2.2616187413202655,#ffffff
 8.73504000202753e+00, 2.2890994218204845,#ffffff
 8.72779820534912e+00, 2.3165574645807521,#ffffff
 8.72047009628765e+00, 2.3439925980584579,#ffffff
 8.71305574731349e+00, 2.3714045509375468,#ffffff
 8.70555523174984e+00, 2.3987930521312122,#ffffff
 8.69796862377203e+00, 2.4261578307845695,#ffffff
 8.69029599840680e+00, 2.4534986162773280,#ffffff
 8.68253743153154e+00, 2.4808151382264736,#ffffff
 8.67469299987356e+00, 2.5081071264889516,#ffffff
 8.66676278100930e+00, 2.5353743111643281,#ffffff
 8.65874685336359e+00, 2.5626164225974559,#ffffff
 8.65064529620887e+00, 2.5898331913811448,#ffffff
 8.64245818966439e+00, 2.6170243483588340,#ffffff
 8.63418561469544e+00, 2.6441896246272494,#ffffff
 8.62582765311253e+00, 2.6713287515390514,#ffffff
 8.61738438757060e+00, 2.6984414607055047,#ffffff
 8.60885590156819e+00, 2.7255274839991261,#ffffff
 8.60024227944660e+00, 2.7525865535563461,#ffffff
 8.59154360638909e+00, 2.7796184017801497,#ffffff
 8.58275996842001e+00, 2.8066227613427159,#ffffff
 8.57389145240396e+00, 2.8335993651880704,#ffffff
 8.56493814604495e+00, 2.8605479465347323,#ffffff
 8.55590013788548e+00, 2.8874682388783448,#ffffff
 8.54677751730572e+00, 2.9143599759943042,#ffffff
 8.53757037452259e+00, 2.9412228919404009,#ffffff
 8.52827880058889e+00, 2.9680567210594546,#ffffff
 8.51890288739238e+00, 2.9948611979819351,#ffffff
 8.50944272765490e+00, 3.0216360576285801,#ffffff
 8.49989841493141e+00, 3.0483810352130272,#ffffff
 8.49027004360912e+00, 3.0750958662444239,#ffffff
 8.48055770890650e+00, 3.1017802865300563,#ffffff
 8.47076150687238e+00, 3.1284340321779540,#ffffff
 8.46088153438497e+00, 3.1550568395994900,#ffffff
 8.45091788915092e+00, 3.1816484455119980,#ffffff
 8.44087066970438e+00, 3.2082085869413826,#ffffff
 8.43073997540594e+00, 3.2347370012247105,#ffffff
 8.42052590644176e+00, 3.2612334260128049,#ffffff
 8.41022856382248e+00, 3.2876975992728426,#ffffff
 8.39984804938230e+00, 3.3141292592909548,#ffffff
 8.38938446577790e+00, 3.3405281446748099,#ffffff
 8.37883791648748e+00, 3.3668939943561877,#ffffff
 8.36820850580972e+00, 3.3932265475935748,#ffffff
 8.35749633886275e+00, 3.4195255439747343,#ffffff
 8.34670152158310e+00, 3.4457907234192917,#ffffff
 8.33582416072464e+00, 3.4720218261813027,#ffffff
 8.32486436385758e+00, 3.4982185928518108,#ffffff
 8.31382223936735e+00, 3.5243807643614216,#ffffff
 8.30269789645356e+00, 3.5505080819828732,#ffffff
 8.29149144512887e+00, 3.5766002873335863,#ffffff
 8.28020299621800e+00, 3.6026571223782113,#ffffff
 8.26883266135653e+00, 3.6286783294311893,#ffffff
 8.25738055298985e+00, 3.6546636511593080,#ffffff
 8.24584678437204e+00, 3.6806128305842352,#ffffff
 8.23423146956475e+00, 3.7065256110850591,#ffffff
 8.22253472343608e+00, 3.7324017364008322,#ffffff
 8.21075666165941e+00, 3.7582409506330987,#ffffff
 8.19889740071230e+00, 3.7840429982484403,#ffffff
 8.18695705787531e+00, 3.8098076240809902,#ffffff
 8.17493575123085e+00, 3.8355345733349502,#ffffff
 8.16283359966201e+00, 3.8612235915871325,#ffffff
 8.15065072285138e+00, 3.8868744247894527,#ffffff
 8.13838724127988e+00, 3.9124868192714528,#ffffff
 8.12604327622556e+00, 3.9380605217428193,#ffffff
 8.11361894976240e+00, 3.9635952792958649,#ffffff
 8.10111438475910e+00, 3.9890908394080551,#ffffff
 8.08852970487786e+00, 4.0145469499444815,#ffffff
 8.07586503457318e+00, 4.0399633591603781,#ffffff
 8.06312049909060e+00, 4.0653398157035889,#ffffff
 8.05029622446550e+00, 4.0906760686170767,#ffffff
 8.03739233752181e+00, 4.1159718673413792,#ffffff
 8.02440896587077e+00, 4.1412269617171127,#ffffff
 8.01134623790970e+00, 4.1664411019874228,#ffffff
 7.99820428282066e+00, 4.1916140388004770,#ffffff
 7.98498323056926e+00, 4.2167455232119080,#ffffff
 7.97168321190332e+00, 4.2418353066872889,#ffffff
 7.95830435835156e+00, 4.2668831411045955,#ffffff
 7.94484680222236e+00, 4.2918887787566415,#ffffff
 7.93131067660240e+00, 4.3168519723535548,#ffffff
 7.91769611535538e+00, 4.3417724750251914,#ffffff
 7.90400325312065e+00, 4.3666500403236093,#ffffff
 7.89023222531194e+00, 4.3914844222254743,#ffffff
 7.87638316811596e+00, 4.4162753751345241,#ffffff
 7.86245621849110e+00, 4.4410226538839668,#ffffff
 7.84845151416605e+00, 4.4657260137389363,#ffffff
 7.83436919363844e+00, 4.4903852103988777,#ffffff
 7.82020939617348e+00, 4.5149999999999997,#ffffff
 7.80597226180258e+00, 4.5395701391176591,#ffffff
 7.79165793132196e+00, 4.5640953847687742,#ffffff
 7.77726654629125e+00, 4.5885754944142443,#ffffff
 7.76279824903213e+00, 4.6130102259613190,#ffffff
 7.74825318262686e+00, 4.6373993377660261,#ffffff
 7.73363149091692e+00, 4.6617425886355246,#ffffff
 7.71893331850154e+00, 4.6860397378305265,#ffffff
 7.70415881073634e+00, 4.7102905450676458,#ffffff
 7.68930811373180e+00, 4.7344947705218026,#ffffff
 7.67438137435190e+00, 4.7586521748285682,#ffffff
 7.65937874021261e+00, 4.7827625190865559,#ffffff
 7.64430035968045e+00, 4.8068255648597624,#ffffff
 7.62914638187104e+00, 4.8308410741799506,#ffffff
 7.61391695664759e+00, 4.8548088095489756,#ffffff
 7.59861223461945e+00, 4.8787285339411497,#ffffff
 7.58323236714061e+00, 4.9026000108055907,#ffffff
 7.56777750630820e+00, 4.9264230040685417,#ffffff
 7.55224780496096e+00, 4.9501972781357315,#ffffff
 7.53664341667779e+00, 4.9739225978946751,#ffffff
 7.52096449577618e+00, 4.9975987287170316,#ffffff
 7.50521119731072e+00, 5.0212254364608926,#ffffff
 7.48938367707150e+00, 5.0448024874731248,#ffffff
 7.47348209158266e+00, 5.0683296485916554,#ffffff
 7.45750659810080e+00, 5.0918066871478072,#ffffff
 7.44145735461338e+00, 5.1152333709685633,#ffffff
 7.42533451983725e+00, 5.1386094683789043,#ffffff
 7.40913825321700e+00, 5.1619347482040645,#ffffff
 7.39286871492343e+00, 5.1852089797718310,#ffffff
 7.37652606585194e+00, 5.2084319329148361,#ffffff
 7.36011046762095e+00, 5.2316033779728128,#ffffff
 7.34362208257031e+00, 5.2547230857948861,#ffffff
 7.32706107375968e+00, 5.2777908277418177,#ffffff
 7.31042760496692e+00, 5.3008063756882935,#ffffff
 7.29372184068648e+00, 5.3237695020251472,#ffffff
 7.27694394612775e+00, 5.3466799796616469,#ffffff
 7.26009408721348e+00, 5.3695375820277071,#ffffff
 7.24317243057805e+00, 5.3923420830761595,#ffffff
 7.22617914356591e+00, 5.4150932572849637,#ffffff
 7.20911439422989e+00, 5.4377908796594481,#ffffff
 7.19197835132951e+00, 5.4604347257345447,#ffffff
 7.17477118432937e+00, 5.4830245715769843,#ffffff
 7.15749306339741e+00, 5.5055601937875425,#ffffff
 7.14014415940330e+00, 5.5280413695032156,#ffffff
 7.12272464391666e+00, 5.5504678763994546,#ffffff
 7.10523468920546e+00, 5.5728394926923395,#ffffff
 7.08767446823423e+00, 5.5951559971407949,#ffffff
 7.07004415466242e+00, 5.6174171690487533,#ffffff
 7.05234392284264e+00, 5.6396227882673644,#ffffff
 7.03457394781893e+00, 5.6617726351971474,#ffffff
 7.01673440532507e+00, 5.6838664907901837,#ffffff
 6.99882547178280e+00, 5.7059041365522658,#ffffff
 6.98084732430012e+00, 5.7278853545450650,#ffffff
 6.96280014066948e+00, 5.7498099273882985,#ffffff
 6.94468409936608e+00, 5.7716776382618535,#ffffff
 6.92649937954606e+00, 5.7934882709079609,#ffffff
 6.90824616104475e+00, 5.8152416096333024,#ffffff
 6.88992462437489e+00, 5.8369374393111766,#ffffff
 6.87153495072486e+00, 5.8585755453835970,#ffffff
 6.85307732195684e+00, 5.8801557138634379,#ffffff
 6.83455192060508e+00, 5.9016777313365276,#ffffff
 6.81595892987401e+00, 5.9231413849637846,#ffffff
 6.79729853363653e+00, 5.9445464624832942,#ffffff
 6.77857091643210e+00, 5.9658927522124356,#ffffff
 6.75977626346496e+00, 5.9871800430499551,#ffffff
 6.74091476060231e+00, 6.0084081244780556,#ffffff
 6.72198659437242e+00, 6.0295767865644976,#ffffff
 6.70299195196285e+00, 6.0506858199646452,#ffffff
 6.68393102121855e+00, 6.0717350159235668,#ffffff
 6.66480399064002e+00, 6.0927241662780736,#ffffff
 6.64561104938145e+00, 6.1136530634587984,#ffffff
 6.62635238724885e+00, 6.1345215004922302,#ffffff
 6.60702819469816e+00, 6.1553292710027820,#ffffff
 6.58763866283336e+00, 6.1760761692148085,#ffffff
 6.56818398340463e+00, 6.1967619899546653,#ffffff
 6.54866434880639e+00, 6.2173865286527104,#ffffff
 6.52907995207543e+00, 6.2379495813453572,#ffffff
 6.50943098688900e+00, 6.2584509446770680,#ffffff
 6.48971764756290e+00, 6.2788904159023708,#ffffff
 6.46994012904953e+00, 6.2992677928878793,#ffffff
 6.45009862693600e+00, 6.3195828741142668,#ffffff
 6.43019333744216e+00, 6.3398354586782828,#ffffff
 6.41022445741869e+00, 6.3600253462947194,#ffffff
 6.39019218434514e+00, 6.3801523372984104,#ffffff
 6.37009671632796e+00, 6.4002162326461898,#ffffff
 6.34993825209858e+00, 6.4202168339188743,#ffffff
 6.32971699101141e+00, 6.4401539433232129,#ffffff
 6.30943313304188e+00, 6.4600273636938530,#ffffff
 6.28908687878447e+00, 6.4798368984952832,#ffffff
 6.26867842945073e+00, 6.4995823518237845,#ffffff
 6.24820798686724e+00, 6.5192635284093576,#ffffff
 6.22767575347371e+00, 6.5388802336176584,#ffffff
 6.20708193232087e+00, 6.5584322734519320,#ffffff
 6.18642672706854e+00, 6.5779194545549142,#ffffff
 6.16571034198360e+00, 6.5973415842107590,#ffffff
 6.14493298193793e+00, 6.6166984703469316,#ffffff
 6.12409485240644e+00, 6.6359899215361215,#ffffff
 6.10319615946499e+00, 6.6552157469981212,#ffffff
 6.08223710978840e+00, 6.6743757566017274,#ffffff
 6.06121791064835e+00, 6.6934697608666029,#ffffff
 6.04013876991139e+00, 6.7124975709651755,#ffffff
 6.01899989603682e+00, 6.7314589987244782,#ffffff
 5.99780149807470e+00, 6.7503538566280330,#ffffff
 5.97654378566371e+00, 6.7691819578176897,#ffffff
 5.95522696902914e+00, 6.7879431160954793,#ffffff
 5.93385125898077e+00, 6.8066371459254613,#ffffff
 5.91241686691081e+00, 6.8252638624355457,#ffffff
 5.89092400479177e+00, 6.8438230814193384,#ffffff
 5.86937288517443e+00, 6.8623146193379378,#ffffff
 5.84776372118567e+00, 6.8807382933217820,#ffffff
 5.82609672652640e+00, 6.8990939211724278,#ffffff
 5.80437211546945e+00, 6.9173813213643722,#ffffff
 5.78259010285743e+00, 6.9356003130468347,#ffffff
 5.76075090410060e+00, 6.9537507160455583,#ffffff
 5.73885473517479e+00, 6.9718323508645774,#ffffff
 5.71690181261920e+00, 6.9898450386880073,#ffffff
 5.69489235353429e+00, 7.0077886013818000,#ffffff
 5.67282657557965e+00, 7.0256628614955083,#ffffff
 5.65070469697181e+00, 7.0434676422640550,#ffffff
 5.62852693648210e+00, 7.0612027676094566,#ffffff
 5.60629351343449e+00, 7.0788680621425897,#ffffff
 5.58400464770343e+00, 7.0964633511648989,#ffffff
 5.56166055971163e+00, 7.1139884606701544,#ffffff
 5.53926147042796e+00, 7.1314432173461428,#ffffff
 5.51680760136517e+00, 7.1488274485764096,#ffffff
 5.49429917457778e+00, 7.1661409824419389,#ffffff
 5.47173641265984e+00, 7.1833836477228772,#ffffff
 5.44911953874274e+00, 7.2005552739002097,#ffffff
 5.42644877649300e+00, 7.2176556911574572,#ffffff
 5.40372435011007e+00, 7.2346847303823498,#ffffff
 5.38094648432410e+00, 7.2516422231684983,#ffffff
 5.35811540439371e+00, 7.2685280018170690,#ffffff
 5.33523133610380e+00, 7.2853418993384276,#ffffff
 5.31229450576327e+00, 7.3020837494538080,#ffffff
 5.28930514020281e+00, 7.3187533865969376,#ffffff
 5.26626346677265e+00, 7.3353506459156907,#ffffff
 5.24316971334031e+00, 7.3518753632737077,#ffffff
 5.22002410828835e+00, 7.3683273752520293,#ffffff
 5.19682688051211e+00, 7.3847065191506962,#ffffff
 5.17357825941744e+00, 7.4010126329903816,#ffffff
 5.15027847491845e+00, 7.4172455555139658,#ffffff
 5.12692775743521e+00, 7.4334051261881564,#ffffff
 5.10352633789150e+00, 7.4494911852050558,#ffffff
 5.08007444771249e+00, 7.4655035734837520,#ffffff
 5.05657231882249e+00, 7.4814421326718961,#ffffff
 5.03302018364263e+00, 7.4973067051472508,#ffffff
 5.00941827508858e+00, 7.5130971340192723,#ffffff
 4.98576682656823e+00, 7.5288132631306395,#ffffff
 4.96206607197938e+00, 7.5444549370588163,#ffffff
 4.93831624570746e+00, 7.5600220011175780,#ffffff
 4.91451758262316e+00, 7.5755143013585444,#ffffff
 4.89067031808016e+00, 7.5909316845727002,#ffffff
 4.86677468791276e+00, 7.6062739982919183,#ffffff
 4.84283092843357e+00, 7.6215410907904513,#ffffff
 4.81883927643117e+00, 7.6367328110864516,#ffffff
 4.79479996916776e+00, 7.6518490089434490,#ffffff
 4.77071324437685e+00, 7.6668895348718422,#ffffff
 4.74657934026083e+00, 7.6818542401303818,#ffffff
 4.72239849548870e+00, 7.6967429767276299,#ffffff
 4.69817094919366e+00, 7.7115555974234402,#ffffff
 4.67389694097076e+00, 7.7262919557303906,#ffffff
 4.64957671087454e+00, 7.7409519059152618,#ffffff
 4.62521049941663e+00, 7.7555353030004470,#ffffff
 4.60079854756338e+00, 7.7700420027654138,#ffffff
 4.57634109673350e+00, 7.7844718617481057,#ffffff
 4.55183838879566e+00, 7.7988247372463837,#ffffff
 4.52729066606608e+00, 7.8131004873194181,#ffffff
 4.50269817130615e+00, 7.8272989707891076,#ffffff
 4.47806114772004e+00, 7.8414200472414644,#ffffff
 4.45337983895226e+00, 7.8554635770280035,#ffffff
 4.42865448908528e+00, 7.8694294212671378,#ffffff
 4.40388534263712e+00, 7.8833174418455290,#ffffff
 4.37907264455891e+00, 7.8971275014194759,#ffffff
 4.35421664023249e+00, 7.9108594634162532,#ffffff
 4.32931757546795e+00, 7.9245131920354765,#ffffff
 4.30437569650124e+00, 7.9380885522504379,#ffffff
 4.27939124999170e+00, 7.9515854098094474,#ffffff
 4.25436448301965e+00, 7.9650036312371464,#ffffff
 4.22929564308393e+00, 7.9783430838358500,#ffffff
 4.20418497809943e+00, 7.9916036356868378,#ffffff
 4.17903273639471e+00, 8.0047851556516711,#ffffff
 4.15383916670946e+00, 8.0178875133734877,#ffffff
 4.12860451819209e+00, 8.0309105792782880,#ffffff
 4.10332904039724e+00, 8.0438542245762168,#ffffff
 4.07801298328336e+00, 8.0567183212628422,#ffffff
 4.05265659721017e+00, 8.0695027421204131,#ffffff
 4.02726013293624e+00, 8.0822073607191260,#ffffff
 4.00182384161646e+00, 8.0948320514183685,#ffffff
 3.97634797479962e+00, 8.1073766893679622,#ffffff
 3.95083278442585e+00, 8.1198411505094068,#ffffff
 3.92527852282420e+00, 8.1322253115770913,#ffffff
 3.89968544271008e+00, 8.1445290500995284,#ffffff
 3.87405379718281e+00, 8.1567522444005540,#ffffff
 3.84838383972309e+00, 8.1688947736005364,#ffffff
 3.82267582419051e+00, 8.1809565176175738,#ffffff
 3.79693000482101e+00, 8.1929373571686721,#ffffff
 3.77114663622440e+00, 8.2048371737709367,#ffffff
 3.74532597338183e+00, 8.2166558497427342,#ffffff
 3.71946827164325e+00, 8.2283932682048668,#ffffff
 3.69357378672494e+00, 8.2400493130817143,#ffffff
 3.66764277470689e+00, 8.2516238691023958,#ffffff
 3.64167549203035e+00, 8.2631168218018978,#ffffff
 3.61567219549527e+00, 8.2745280575222200,#ffffff
 3.58963314225774e+00, 8.2858574634134801,#ffffff
 3.56355858982745e+00, 8.2971049274350506,#ffffff
 3.53744879606519e+00, 8.3082703383566532,#ffffff
 3.51130401918023e+00, 8.3193535857594600,#ffffff
 3.48512451772782e+00, 8.3303545600371933,#ffffff
 3.45891055060661e+00, 8.3412731523971999,#ffffff
 3.43266237705608e+00, 8.3521092548615368,#ffffff
 3.40638025665401e+00, 8.3628627602680261,#ffffff
 3.38006444931389e+00, 8.3735335622713301,#ffffff
 3.35371521528234e+00, 8.3841215553439898,#ffffff
 3.32733281513656e+00, 8.3946266347774774,#ffffff
 3.30091750978173e+00, 8.4050486966832256,#ffffff
 3.27446956044845e+00, 8.4153876379936605,#ffffff
 3.24798922869016e+00, 8.4256433564632154,#ffffff
 3.22147677638051e+00, 8.4358157506693470,#ffffff
 3.19493246571084e+00, 8.4459047200135338,#ffffff
 3.16835655918752e+00, 8.4559101647222725,#ffffff
 3.14174931962938e+00, 8.4658319858480731,#ffffff
 3.11511101016515e+00, 8.4756700852704174,#ffffff
 3.08844189423079e+00, 8.4854243656967547,#ffffff
 3.06174223556692e+00, 8.4950947306634372,#ffffff
 3.03501229821621e+00, 8.5046810845367009,#ffffff
 3.00825234652078e+00, 8.5141833325135909,#ffffff
 2.98146264511956e+00, 8.5236013806229067,#ffffff
 2.95464345894568e+00, 8.5329351357261309,#ffffff
 2.92779505322387e+00, 8.5421845055183550,#ffffff
 2.90091769346782e+00, 8.5513493985291795,#ffffff
 2.87401164547755e+00, 8.5604297241236349,#ffffff
 2.84707717533679e+00, 8.5694253925030655,#ffffff
 2.82011454941035e+00, 8.5783363147060196,#ffffff
 2.79312403434149e+00, 8.5871624026091382,#ffffff
 2.76610589704926e+00, 8.5959035689280121,#ffffff
 2.73906040472588e+00, 8.6045597272180601,#ffffff
 2.71198782483411e+00, 8.6131307918753670,#ffffff
 2.68488842510457e+00, 8.6216166781375492,#ffffff
 2.65776247353312e+00, 8.6300173020845765,#ffffff
 2.63061023837819e+00, 8.6383325806396147,#ffffff
 2.60343198815817e+00, 8.6465624315698335,#ffffff
 2.57622799164867e+00, 8.6547067734872378,#ffffff
 2.54899851787997e+00, 8.6627655258494531,#ffffff
 2.52174383613426e+00, 8.6707386089605372,#ffffff
 2.49446421594304e+00, 8.6786259439717579,#ffffff
 2.46715992708445e+00, 8.6864274528823806,#ffffff
 2.43983123958055e+00, 8.6941430585404351,#ffffff
 2.41247842369473e+00, 8.7017726846434815,#ffffff
 2.38510174992896e+00, 8.7093162557393597,#ffffff
 2.35770148902116e+00, 8.7167736972269410,#ffffff
 2.33027791194252e+00, 8.7241449353568647,#ffffff
 2.30283128989481e+00, 8.7314298972322657,#ffffff
 2.27536189430768e+00, 8.7386285108094963,#ffffff
 2.24786999683603e+00, 8.7457407048988358,#ffffff
 2.22035586935727e+00, 8.7527664091652042,#ffffff
 2.19281978396865e+00, 8.7597055541288444,#ffffff
 2.16526201298456e+00, 8.7665580711660187,#ffffff
 2.13768282893387e+00, 8.7733238925096870,#ffffff
 2.11008250455720e+00, 8.7800029512501663,#ffffff
 2.08246131280423e+00, 8.7865951813358105,#ffffff
 2.05481952683103e+00, 8.7931005175736470,#ffffff
 2.02715741999728e+00, 8.7995188956300332,#ffffff
 1.99947526586368e+00, 8.8058502520312825,#ffffff
 1.97177333818915e+00, 8.8120945241642996,#ffffff
 1.94405191092817e+00, 8.8182516502771993,#ffffff
 1.91631125822805e+00, 8.8243215694799151,#ffffff
 1.88855165442624e+00, 8.8303042217447949,#ffffff
 1.86077337404758e+00, 8.8361995479072100,#ffffff
 1.83297669180166e+00, 8.8420074896661269,#ffffff
 1.80516188257999e+00, 8.8477279895846870,#ffffff
 1.77732922145338e+00, 8.8533609910907813,#ffffff
 1.74947898366919e+00, 8.8589064384775984,#ffffff
 1.72161144464857e+00, 8.8643642769041868,#ffffff
 1.69372687998381e+00, 8.8697344523959849,#ffffff
 1.66582556543554e+00, 8.8750169118453748,#ffffff
 1.63790777693004e+00, 8.8802116030121780,#ffffff
 1.60997379055652e+00, 8.8853184745242011,#ffffff
 1.58202388256438e+00, 8.8903374758777272,#ffffff
 1.55405832936045e+00, 8.8952685574380173,#ffffff
 1.52607740750630e+00, 8.9001116704398093,#ffffff
 1.49808139371548e+00, 8.9048667669877855,#ffffff
 1.47007056485081e+00, 8.9095338000570639,#ffffff
 1.44204519792157e+00, 8.9141127234936484,#ffffff
 1.41400557008088e+00, 8.9186034920148956,#ffffff
 1.38595195862283e+00, 8.9230060612099518,#ffffff
 1.35788464097985e+00, 8.9273203875402078,#ffffff
 1.32980389471988e+00, 8.9315464283397112,#ffffff
 1.30170999754366e+00, 8.9356841418156066,#ffffff
 1.27360322728202e+00, 8.9397334870485281,#ffffff
 1.24548386189306e+00, 8.9436944239930281,#ffffff
 1.21735217945946e+00, 8.9475669134779494,#ffffff
 1.18920845818568e+00, 8.9513509172068346,#ffffff
 1.16105297639528e+00, 8.9550463977582879,#ffffff
 1.13288601252807e+00, 8.9586533185863519,#ffffff
 1.10470784513747e+00, 8.9621716440208701,#ffffff
 1.07651875288765e+00, 8.9656013392678382,#ffffff
 1.04831901455083e+00, 8.9689423704097475,#ffffff
 1.02010890900453e+00, 8.9721947044059185,#ffffff
 9.91888715228775e-01, 8.9753583090928366,#ffffff
 9.63658712303373e-01, 8.9784331531844597,#ffffff
 9.35419179405121e-01, 8.9814192062725287,#ffffff
 9.07170395805079e-01, 8.9843164388268786,#ffffff
 8.78912640865773e-01, 8.9871248221957156,#ffffff
 8.50646194038468e-01, 8.9898443286059120,#ffffff
 8.22371334860368e-01, 8.9924749311632777,#ffffff
 7.94088342951886e-01, 8.9950166038528216,#ffffff
 7.65797498013849e-01, 8.9974693215390165,#ffffff
 7.37499079824755e-01, 8.9998330599660381,#ffffff
 7.09193368237998e-01, 9.0021077957580165,#ffffff
 6.80880643179086e-01, 9.0042935064192609,#ffffff
 6.52561184642902e-01, 9.0063901703344769,#ffffff
 6.24235272690905e-01, 9.0083977667689901,#ffffff
 5.95903187448385e-01, 9.0103162758689486,#ffffff
 5.67565209101672e-01, 9.0121456786615131,#ffffff
 5.39221617895388e-01, 9.0138859570550540,#ffffff
 5.10872694129646e-01, 9.0155370938393204,#ffffff
 4.82518718157311e-01, 9.0170990726856193,#ffffff
 4.54159970381198e-01, 9.0185718781469699,#ffffff
 4.25796731251323e-01, 9.0199554956582642,#ffffff
 3.97429281262108e-01, 9.0212499115363993,#ffffff
 3.69057900949625e-01, 9.0224551129804293,#ffffff
 3.40682870888818e-01, 9.0235710880716713,#ffffff
 3.12304471690710e-01, 9.0245978257738440,#ffffff
 2.83922983999661e-01, 9.0255353159331637,#ffffff
 2.55538688490556e-01, 9.0263835492784459,#ffffff
 2.27151865866066e-01, 9.0271425174212006,#ffffff
 1.98762796853835e-01, 9.0278122128557179,#ffffff
 1.70371762203740e-01, 9.0283926289591339,#ffffff
 1.41979042685081e-01, 9.0288837599914995,#ffffff
 1.13584919083835e-01, 9.0292856010958449,#ffffff
 8.51896721998487e-02, 9.0295981482982128,#ffffff
 5.67935828440949e-02, 9.0298213985077105,#ffffff
 2.83969318358606e-02, 9.0299553495165377,#ffffff
-5.52909768750803e-16, 9.0300000000000011,#ffffff
