x,y,fill
26.0000000000000, 0.965000000000000,#c8102e
26.2113728261323, 1.087131314287691,#c8102e
26.2122985216000, 1.087601788587106,#c8102e
26.2132251768198, 1.088070369710009,#c8102e
26.2141527879201, 1.088537055698548,#c8102e
26.2150813510249, 1.089001844602787,#c8102e
26.2160108622546, 1.089464734480719,#c8102e
26.2169413177254, 1.089925723398270,#c8102e
26.2178727135496, 1.090384809429308,#c8102e
26.2188050458356, 1.090841990655653,#c8102e
26.2197383106879, 1.091297265167085,#c8102e
26.2206725042070, 1.091750631061348,#c8102e
26.2216076224897, 1.092202086444162,#c8102e
26.2225436616287, 1.092651629429231,#c8102e
26.2234806177131, 1.093099258138246,#c8102e
26.2244184868280, 1.093544970700899,#c8102e
26.2253572650548, 1.093988765254889,#c8102e
26.2262969484710, 1.094430639945926,#c8102e
26.2272375331503, 1.094870592927744,#c8102e
26.2281790151628, 1.095308622362105,#c8102e
26.2291213905747, 1.095744726418809,#c8102e
26.2300646554485, 1.096178903275701,#c8102e
26.2310088058431, 1.096611151118677,#c8102e
26.2319538378134, 1.097041468141694,#c8102e
26.2328997474109, 1.097469852546775,#c8102e
26.2338465306834, 1.097896302544021,#c8102e
26.2347941836750, 1.098320816351613,#c8102e
26.2357427024260, 1.098743392195821,#c8102e
26.2366920829735, 1.099164028311016,#c8102e
26.2376423213505, 1.099582722939670,#c8102e
26.2385934135868, 1.099999474332368,#c8102e
26.2395453557084, 1.100414280747817,#c8102e
26.2404981437379, 1.100827140452847,#c8102e
26.2414517736943, 1.101238051722423,#c8102e
26.2424062415931, 1.101647012839652,#c8102e
26.2433615434463, 1.102054022095789,#c8102e
26.2443176752623, 1.102459077790244,#c8102e
26.2452746330462, 1.102862178230588,#c8102e
26.2462324127996, 1.103263321732565,#c8102e
26.2471910105207, 1.103662506620092,#c8102e
26.2481504222041, 1.104059731225273,#c8102e
26.2491106438412, 1.104454993888399,#c8102e
26.2500716714199, 1.104848292957961,#c8102e
26.2510335009249, 1.105239626790655,#c8102e
26.2519961283373, 1.105628993751385,#c8102e
26.2529595496351, 1.106016392213277,#c8102e
26.2539237607927, 1.106401820557678,#c8102e
26.2548887577816, 1.106785277174170,#c8102e
26.2558545365696, 1.107166760460572,#c8102e
26.2568210931216, 1.107546268822947,#c8102e
26.2577884233989, 1.107923800675612,#c8102e
26.2587565233599, 1.108299354441141,#c8102e
26.2597253889595, 1.108672928550373,#c8102e
26.2606950161496, 1.109044521442419,#c8102e
26.2616654008789, 1.109414131564668,#c8102e
26.2626365390927, 1.109781757372792,#c8102e
26.2636084267336, 1.110147397330756,#c8102e
26.2645810597405, 1.110511049910822,#c8102e
26.2655544340497, 1.110872713593555,#c8102e
26.2665285455942, 1.111232386867831,#c8102e
26.2675033903037, 1.111590068230842,#c8102e
26.2684789641053, 1.111945756188102,#c8102e
26.2694552629226, 1.112299449253455,#c8102e
26.2704322826765, 1.112651145949080,#c8102e
26.2714100192848, 1.113000844805497,#c8102e
26.2723884686621, 1.113348544361574,#c8102e
26.2733676267202, 1.113694243164532,#c8102e
26.2743474893681, 1.114037939769953,#c8102e
26.2753280525115, 1.114379632741782,#c8102e
26.2763093120534, 1.114719320652338,#c8102e
26.2772912638939, 1.115057002082317,#c8102e
26.2782739039302, 1.115392675620799,#c8102e
26.2792572280564, 1.115726339865253,#c8102e
26.2802412321640, 1.116057993421543,#c8102e
26.2812259121416, 1.116387634903935,#c8102e
26.2822112638750, 1.116715262935101,#c8102e
26.2831972832470, 1.117040876146127,#c8102e
26.2841839661379, 1.117364473176517,#c8102e
26.2851713084250, 1.117686052674199,#c8102e
26.2861593059830, 1.118005613295529,#c8102e
26.2871479546837, 1.118323153705301,#c8102e
26.2881372503963, 1.118638672576750,#c8102e
26.2891271889873, 1.118952168591555,#c8102e
26.2901177663204, 1.119263640439850,#c8102e
26.2911089782568, 1.119573086820223,#c8102e
26.2921008206550, 1.119880506439729,#c8102e
26.2930932893707, 1.120185898013888,#c8102e
26.2940863802572, 1.120489260266696,#c8102e
26.2950800891650, 1.120790591930626,#c8102e
26.2960744119423, 1.121089891746637,#c8102e
26.2970693444344, 1.121387158464177,#c8102e
26.2980648824843, 1.121682390841188,#c8102e
26.2990610219323, 1.121975587644113,#c8102e
26.3000577586164, 1.122266747647900,#c8102e
26.3010550883719, 1.122555869636008,#c8102e
26.3020530070318, 1.122842952400410,#c8102e
26.3030515104263, 1.123127994741599,#c8102e
26.3040505943836, 1.123410995468595,#c8102e
26.3050502547293, 1.123691953398948,#c8102e
26.3060504872863, 1.123970867358743,#c8102e
26.3070512878757, 1.124247736182604,#c8102e
26.3080526523156, 1.124522558713704,#c8102e
26.3090545764223, 1.124795333803762,#c8102e
26.3100570560093, 1.125066060313052,#c8102e
26.3110600868881, 1.125334737110410,#c8102e
26.3120636648677, 1.125601363073235,#c8102e
26.3130677857550, 1.125865937087493,#c8102e
26.3140724453544, 1.126128458047728,#c8102e
26.3150776394682, 1.126388924857057,#c8102e
26.3160833638965, 1.126647336427183,#c8102e
26.3170896144370, 1.126903691678397,#c8102e
26.3180963868855, 1.127157989539578,#c8102e
26.3191036770354, 1.127410228948206,#c8102e
26.3201114806778, 1.127660408850358,#c8102e
26.3211197936021, 1.127908528200719,#c8102e
26.3221286115951, 1.128154585962581,#c8102e
26.3231379304418, 1.128398581107851,#c8102e
26.3241477459250, 1.128640512617054,#c8102e
26.3251580538254, 1.128880379479338,#c8102e
26.3261688499217, 1.129118180692478,#c8102e
26.3271801299905, 1.129353915262878,#c8102e
26.3281918898064, 1.129587582205578,#c8102e
26.3292041251421, 1.129819180544257,#c8102e
26.3302168317681, 1.130048709311238,#c8102e
26.3312300054531, 1.130276167547490,#c8102e
26.3322436419638, 1.130501554302633,#c8102e
26.3332577370650, 1.130724868634943,#c8102e
26.3342722865194, 1.130946109611356,#c8102e
26.3352872860882, 1.131165276307469,#c8102e
26.3363027315303, 1.131382367807547,#c8102e
26.3373186186029, 1.131597383204525,#c8102e
26.3383349430614, 1.131810321600014,#c8102e
26.3393517006593, 1.132021182104302,#c8102e
26.3403688871484, 1.132229963836360,#c8102e
26.3413864982786, 1.132436665923842,#c8102e
26.3424045297980, 1.132641287503094,#c8102e
26.3434229774531, 1.132843827719155,#c8102e
26.3444418369884, 1.133044285725759,#c8102e
26.3454611041470, 1.133242660685340,#c8102e
26.3464807746702, 1.133438951769037,#c8102e
26.3475008442973, 1.133633158156695,#c8102e
26.3485213087664, 1.133825279036869,#c8102e
26.3495421638136, 1.134015313606828,#c8102e
26.3505634051736, 1.134203261072559,#c8102e
26.3515850285793, 1.134389120648768,#c8102e
26.3526070297622, 1.134572891558887,#c8102e
26.3536294044521, 1.134754573035072,#c8102e
26.3546521483771, 1.134934164318212,#c8102e
26.3556752572641, 1.135111664657928,#c8102e
26.3566987268382, 1.135287073312577,#c8102e
26.3577225528231, 1.135460389549257,#c8102e
26.3587467309410, 1.135631612643808,#c8102e
26.3597712569125, 1.135800741880815,#c8102e
26.3607961264571, 1.135967776553612,#c8102e
26.3618213352924, 1.136132715964285,#c8102e
26.3628468791349, 1.136295559423676,#c8102e
26.3638727536997, 1.136456306251381,#c8102e
26.3648989547003, 1.136614955775759,#c8102e
26.3659254778490, 1.136771507333931,#c8102e
26.3669523188568, 1.136925960271784,#c8102e
26.3679794734332, 1.137078313943975,#c8102e
26.3690069372865, 1.137228567713929,#c8102e
26.3700347061237, 1.137376720953847,#c8102e
26.3710627756505, 1.137522773044708,#c8102e
26.3720911415714, 1.137666723376268,#c8102e
26.3731197995896, 1.137808571347065,#c8102e
26.3741487454071, 1.137948316364421,#c8102e
26.3751779747247, 1.138085957844445,#c8102e
26.3762074832420, 1.138221495212037,#c8102e
26.3772372666575, 1.138354927900885,#c8102e
26.3782673206684, 1.138486255353474,#c8102e
26.3792976409710, 1.138615477021082,#c8102e
26.3803282232602, 1.138742592363790,#c8102e
26.3813590632301, 1.138867600850476,#c8102e
26.3823901565735, 1.138990501958821,#c8102e
26.3834214989822, 1.139111295175315,#c8102e
26.3844530861471, 1.139229979995250,#c8102e
26.3854849137579, 1.139346555922732,#c8102e
26.3865169775033, 1.139461022470676,#c8102e
26.3875492730712, 1.139573379160810,#c8102e
26.3885817961482, 1.139683625523681,#c8102e
26.3896145424204, 1.139791761098649,#c8102e
26.3906475075725, 1.139897785433897,#c8102e
26.3916806872887, 1.140001698086428,#c8102e
26.3927140772520, 1.140103498622067,#c8102e
26.3937476731446, 1.140203186615465,#c8102e
26.3947814706479, 1.140300761650101,#c8102e
26.3958154654424, 1.140396223318280,#c8102e
26.3968496532079, 1.140489571221139,#c8102e
26.3978840296232, 1.140580804968646,#c8102e
26.3989185903664, 1.140669924179603,#c8102e
26.3999533311150, 1.140756928481648,#c8102e
26.4009882475453, 1.140841817511252,#c8102e
26.4020233353334, 1.140924590913729,#c8102e
26.4030585901544, 1.141005248343230,#c8102e
26.4040940076826, 1.141083789462746,#c8102e
26.4051295835919, 1.141160213944113,#c8102e
26.4061653135553, 1.141234521468009,#c8102e
26.4072011932453, 1.141306711723959,#c8102e
26.4082372183338, 1.141376784410332,#c8102e
26.4092733844918, 1.141444739234347,#c8102e
26.4103096873902, 1.141510575912072,#c8102e
26.4113461226988, 1.141574294168423,#c8102e
26.4123826860873, 1.141635893737170,#c8102e
26.4134193732246, 1.141695374360932,#c8102e
26.4144561797792, 1.141752735791185,#c8102e
26.4154931014189, 1.141807977788258,#c8102e
26.4165301338113, 1.141861100121336,#c8102e
26.4175672726235, 1.141912102568459,#c8102e
26.4186045135219, 1.141960984916526,#c8102e
26.4196418521726, 1.142007746961295,#c8102e
26.4206792842415, 1.142052388507380,#c8102e
26.4217168053939, 1.142094909368259,#c8102e
26.4227544112947, 1.142135309366268,#c8102e
26.4237920976086, 1.142173588332606,#c8102e
26.4248298599998, 1.142209746107333,#c8102e
26.4258676941322, 1.142243782539372,#c8102e
26.4269055956696, 1.142275697486510,#c8102e
26.4279435602754, 1.142305490815399,#c8102e
26.4289815836126, 1.142333162401555,#c8102e
26.4300196613441, 1.142358712129357,#c8102e
26.4310577891325, 1.142382139892054,#c8102e
26.4320959626404, 1.142403445591758,#c8102e
26.4331341775299, 1.142422629139447,#c8102e
26.4341724294630, 1.142439690454968,#c8102e
26.4352107141018, 1.142454629467035,#c8102e
26.4362490271080, 1.142467446113228,#c8102e
26.4372873641432, 1.142478140339997,#c8102e
26.4383257208691, 1.142486712102657,#c8102e
26.4393640929470, 1.142493161365395,#c8102e
26.4404024760385, 1.142497488101263,#c8102e
26.4414408658048, 1.142499692292182,#c8102e
26.4424792579073, 1.142499773928944,#c8102e
26.4435176480073, 1.142497733011207,#c8102e
26.4445560317663, 1.142493569547499,#c8102e
26.4455944048454, 1.142487283555216,#c8102e
26.4466327629062, 1.142478875060621,#c8102e
26.4476711016102, 1.142468344098849,#c8102e
26.4487094166188, 1.142455690713901,#c8102e
26.4497477035937, 1.142440914958644,#c8102e
26.4507859581967, 1.142424016894817,#c8102e
26.4518241760897, 1.142404996593023,#c8102e
26.4528623529347, 1.142383854132735,#c8102e
26.4539004843941, 1.142360589602291,#c8102e
26.4549385661301, 1.142335203098896,#c8102e
26.4559765938055, 1.142307694728622,#c8102e
26.4570145630830, 1.142278064606406,#c8102e
26.4580524696258, 1.142246312856050,#c8102e
26.4590903090972, 1.142212439610221,#c8102e
26.4601280771609, 1.142176445010450,#c8102e
26.4611657694808, 1.142138329207133,#c8102e
26.4622033817211, 1.142098092359526,#c8102e
26.4632409095465, 1.142055734635750,#c8102e
26.4642783486219, 1.142011256212787,#c8102e
26.4653156946126, 1.141964657276477,#c8102e
26.4663529431843, 1.141915938021526,#c8102e
26.4673900900030, 1.141865098651492,#c8102e
26.4684271307354, 1.141812139378798,#c8102e
26.4694640610484, 1.141757060424720,#c8102e
26.4705008766095, 1.141699862019392,#c8102e
26.4715375730865, 1.141640544401804,#c8102e
26.4725741461479, 1.141579107819801,#c8102e
26.4736105914626, 1.141515552530080,#c8102e
26.4746469047001, 1.141449878798193,#c8102e
26.4756830815304, 1.141382086898540,#c8102e
26.4767191176240, 1.141312177114373,#c8102e
26.4777550086522, 1.141240149737795,#c8102e
26.4787907502867, 1.141166005069754,#c8102e
26.4798263381999, 1.141089743420045,#c8102e
26.4808617680649, 1.141011365107310,#c8102e
26.4818970355554, 1.140930870459033,#c8102e
26.4829321363457, 1.140848259811543,#c8102e
26.4839670661110, 1.140763533510006,#c8102e
26.4850018205270, 1.140676691908433,#c8102e
26.4860363952703, 1.140587735369669,#c8102e
26.4870707860181, 1.140496664265398,#c8102e
26.4881049884485, 1.140403478976139,#c8102e
26.4891389982404, 1.140308179891244,#c8102e
26.4901728110733, 1.140210767408897,#c8102e
26.4912064226278, 1.140111241936113,#c8102e
26.4922398285850, 1.140009603888735,#c8102e
26.4932730246273, 1.139905853691433,#c8102e
26.4943060064376, 1.139799991777702,#c8102e
26.4953387696999, 1.139692018589860,#c8102e
26.4963713100990, 1.139581934579048,#c8102e
26.4974036233207, 1.139469740205225,#c8102e
26.4984357050518, 1.139355435937168,#c8102e
26.4994675509798, 1.139239022252470,#c8102e
26.5004991567936, 1.139120499637538,#c8102e
26.5015305181827, 1.138999868587589,#c8102e
26.5025616308380, 1.138877129606651,#c8102e
26.5035924904510, 1.138752283207560,#c8102e
26.5046230927148, 1.138625329911956,#c8102e
26.5056534333230, 1.138496270250283,#c8102e
26.5066835079707, 1.138365104761785,#c8102e
26.5077133123540, 1.138231833994507,#c8102e
26.5087428421700, 1.138096458505286,#c8102e
26.5097720931172, 1.137958978859758,#c8102e
26.5108010608951, 1.137819395632349,#c8102e
26.5118297412043, 1.137677709406272,#c8102e
26.5128581297468, 1.137533920773529,#c8102e
26.5138862222257, 1.137388030334907,#c8102e
26.5149140143453, 1.137240038699973,#c8102e
26.5159415018114, 1.137089946487076,#c8102e
26.5169686803307, 1.136937754323338,#c8102e
26.5179955456114, 1.136783462844659,#c8102e
26.5190220933631, 1.136627072695708,#c8102e
26.5200483192966, 1.136468584529923,#c8102e
26.5210742191240, 1.136307999009510,#c8102e
26.5220997885589, 1.136145316805435,#c8102e
26.5231250233161, 1.135980538597428,#c8102e
26.5241499191119, 1.135813665073974,#c8102e
26.5251744716642, 1.135644696932314,#c8102e
26.5261986766920, 1.135473634878440,#c8102e
26.5272225299159, 1.135300479627095,#c8102e
26.5282460270581, 1.135125231901765,#c8102e
26.5292691638420, 1.134947892434681,#c8102e
26.5302919359928, 1.134768461966814,#c8102e
26.5313143392370, 1.134586941247869,#c8102e
26.5323363693029, 1.134403331036288,#c8102e
26.5333580219200, 1.134217632099242,#c8102e
26.5343792928196, 1.134029845212628,#c8102e
26.5354001777346, 1.133839971161070,#c8102e
26.5364206723996, 1.133648010737909,#c8102e
26.5374407725505, 1.133453964745206,#c8102e
26.5384604739252, 1.133257833993736,#c8102e
26.5394797722631, 1.133059619302984,#c8102e
26.5404986633053, 1.132859321501141,#c8102e
26.5415171427945, 1.132656941425104,#c8102e
26.5425352064754, 1.132452479920470,#c8102e
26.5435528500942, 1.132245937841530,#c8102e
26.5445700693989, 1.132037316051273,#c8102e
26.5455868601393, 1.131826615421373,#c8102e
26.5466032180670, 1.131613836832191,#c8102e
26.5476191389354, 1.131398981172773,#c8102e
26.5486346184997, 1.131182049340841,#c8102e
26.5496496525170, 1.130963042242791,#c8102e
26.5506642367462, 1.130741960793693,#c8102e
26.5516783669481, 1.130518805917282,#c8102e
26.5526920388853, 1.130293578545956,#c8102e
26.5537052483227, 1.130066279620774,#c8102e
26.5547179910265, 1.129836910091450,#c8102e
26.5557302627655, 1.129605470916348,#c8102e
26.5567420593099, 1.129371963062482,#c8102e
26.5577533764324, 1.129136387505508,#c8102e
26.5587642099073, 1.128898745229721,#c8102e
26.5597745555111, 1.128659037228052,#c8102e
26.5607844090224, 1.128417264502065,#c8102e
26.5617937662216, 1.128173428061946,#c8102e
26.5628026228916, 1.127927528926508,#c8102e
26.5638109748168, 1.127679568123182,#c8102e
26.5648188177844, 1.127429546688012,#c8102e
26.5658261475831, 1.127177465665652,#c8102e
26.5668329600041, 1.126923326109361,#c8102e
26.5678392508408, 1.126667129081001,#c8102e
26.5688450158884, 1.126408875651029,#c8102e
26.5698502509448, 1.126148566898495,#c8102e
26.5708549518098, 1.125886203911035,#c8102e
26.5718591142854, 1.125621787784872,#c8102e
26.5728627341761, 1.125355319624802,#c8102e
26.5738658072883, 1.125086800544200,#c8102e
26.5748683294312, 1.124816231665008,#c8102e
26.5758702964157, 1.124543614117731,#c8102e
26.5768717040555, 1.124268949041438,#c8102e
26.5778725481665, 1.123992237583750,#c8102e
26.5788728245668, 1.123713480900839,#c8102e
26.5798725290770, 1.123432680157421,#c8102e
26.5808716575201, 1.123149836526757,#c8102e
26.5818702057215, 1.122864951190639,#c8102e
26.5828681695089, 1.122578025339392,#c8102e
26.5838655447128, 1.122289060171866,#c8102e
26.5848623271656, 1.121998056895433,#c8102e
26.5858585127027, 1.121705016725980,#c8102e
26.5868540971617, 1.121409940887905,#c8102e
26.5878490763828, 1.121112830614110,#c8102e
26.5888434462088, 1.120813687145999,#c8102e
26.5898372024848, 1.120512511733471,#c8102e
26.5908303410587, 1.120209305634915,#c8102e
26.5918228577810, 1.119904070117204,#c8102e
26.5928147485045, 1.119596806455691,#c8102e
26.5938060090851, 1.119287515934204,#c8102e
26.5947966353809, 1.118976199845038,#c8102e
26.5957866232527, 1.118662859488953,#c8102e
26.5967759685643, 1.118347496175165,#c8102e
26.5977646671819, 1.118030111221344,#c8102e
26.5987527149743, 1.117710705953606,#c8102e
26.5997401078134, 1.117389281706510,#c8102e
26.6007268415734, 1.117065839823049,#c8102e
26.6017129121317, 1.116740381654647,#c8102e
26.6026983153681, 1.116412908561152,#c8102e
26.6036830471653, 1.116083421910831,#c8102e
26.6046671034089, 1.115751923080366,#c8102e
26.6056504799873, 1.115418413454843,#c8102e
26.6066331727916, 1.115082894427754,#c8102e
26.6076151777160, 1.114745367400982,#c8102e
26.6085964906573, 1.114405833784803,#c8102e
26.6095771075153, 1.114064294997876,#c8102e
26.6105570241928, 1.113720752467239,#c8102e
26.6115362365955, 1.113375207628301,#c8102e
26.6125147406318, 1.113027661924839,#c8102e
26.6134925322135, 1.112678116808988,#c8102e
26.6144696072550, 1.112326573741237,#c8102e
26.6154459616739, 1.111973034190425,#c8102e
26.6164215913907, 1.111617499633732,#c8102e
26.6173964923289, 1.111259971556673,#c8102e
26.6183706604152, 1.110900451453093,#c8102e
26.6193440915792, 1.110538940825159,#c8102e
26.6203167817538, 1.110175441183357,#c8102e
26.6212887268746, 1.109809954046482,#c8102e
26.6222599228808, 1.109442480941634,#c8102e
26.6232303657144, 1.109073023404211,#c8102e
26.6242000513207, 1.108701582977902,#c8102e
26.6251689756479, 1.108328161214681,#c8102e
26.6261371346478, 1.107952759674802,#c8102e
26.6271045242751, 1.107575379926787,#c8102e
26.6280711404878, 1.107196023547429,#c8102e
26.6290369792472, 1.106814692121776,#c8102e
26.6300020365176, 1.106431387243129,#c8102e
26.6309663082669, 1.106046110513036,#c8102e
26.6319297904661, 1.105658863541282,#c8102e
26.6328924790894, 1.105269647945885,#c8102e
26.6338543701146, 1.104878465353089,#c8102e
26.6348154595226, 1.104485317397355,#c8102e
26.6357757432977, 1.104090205721359,#c8102e
26.6367352174276, 1.103693131975978,#c8102e
26.6376938779034, 1.103294097820289,#c8102e
26.6386517207195, 1.102893104921561,#c8102e
26.6396087418739, 1.102490154955245,#c8102e
26.6405649373677, 1.102085249604971,#c8102e
26.6415203032060, 1.101678390562537,#c8102e
26.6424748353967, 1.101269579527907,#c8102e
26.6434285299517, 1.100858818209199,#c8102e
26.6443813828862, 1.100446108322680,#c8102e
26.6453333902190, 1.100031451592757,#c8102e
26.6462845479722, 1.099614849751976,#c8102e
26.6472348521717, 1.099196304541004,#c8102e
26.6481842988469, 1.098775817708634,#c8102e
26.6491328840307, 1.098353391011768,#c8102e
26.6500806037598, 1.097929026215414,#c8102e
26.6510274540742, 1.097502725092677,#c8102e
26.6519734310179, 1.097074489424754,#c8102e
26.6529185306382, 1.096644321000925,#c8102e
26.6538627489864, 1.096212221618544,#c8102e
26.6548060821171, 1.095778193083035,#c8102e
26.6557485260890, 1.095342237207881,#c8102e
26.6566900769643, 1.094904355814618,#c8102e
26.6576307308088, 1.094464550732829,#c8102e
26.6585704836924, 1.094022823800132,#c8102e
26.6595093316884, 1.093579176862177,#c8102e
26.6604472708742, 1.093133611772637,#c8102e
26.6613842973308, 1.092686130393196,#c8102e
26.6623204071429, 1.092236734593548,#c8102e
26.6632555963995, 1.091785426251386,#c8102e
26.6641898611929, 1.091332207252391,#c8102e
26.6651231976195, 1.090877079490230,#c8102e
26.6660556017798, 1.090420044866546,#c8102e
26.6669870697777, 1.089961105290945,#c8102e
26.6679175977214, 1.089500262680998,#c8102e
26.6688471817230, 1.089037518962224,#c8102e
26.6697758178983, 1.088572876068086,#c8102e
26.6707035023674, 1.088106335939981,#c8102e
26.6716302312540, 1.087637900527235,#c8102e
26.6725560006861, 1.087167571787093,#c8102e
26.6734808067956, 1.086695351684710,#c8102e
26.6744046457184, 1.086221242193143,#c8102e
26.6753275135944, 1.085745245293346,#c8102e
26.6762494065677, 1.085267362974155,#c8102e
26.6771703207864, 1.084787597232287,#c8102e
26.6780902524026, 1.084305950072327,#c8102e
26.6790091975727, 1.083822423506722,#c8102e
26.6799271524570, 1.083337019555771,#c8102e
26.6808441132201, 1.082849740247617,#c8102e
26.6817600760307, 1.082360587618239,#c8102e
26.6826750370617, 1.081869563711444,#c8102e
26.6835889924900, 1.081376670578856,#c8102e
26.6845019384971, 1.080881910279910,#c8102e
26.6854138712683, 1.080385284881844,#c8102e
26.6863247869934, 1.079886796459685,#c8102e
26.6872346818663, 1.079386447096249,#c8102e
26.6881435520853, 1.078884238882124,#c8102e
26.6890513938528, 1.078380173915666,#c8102e
26.6899582033756, 1.077874254302989,#c8102e
26.6908639768649, 1.077366482157955,#c8102e
26.6917687105362, 1.076856859602169,#c8102e
26.6926724006091, 1.076345388764965,#c8102e
26.6935750433079, 1.075832071783401,#c8102e
26.6944766348611, 1.075316910802247,#c8102e
26.6953771715015, 1.074799907973980,#c8102e
26.6962766494666, 1.074281065458772,#c8102e
26.6971750649980, 1.073760385424480,#c8102e
26.6980724143420, 1.073237870046640,#c8102e
26.6989686937492, 1.072713521508458,#c8102e
26.6998638994747, 1.072187342000796,#c8102e
26.7007580277781, 1.071659333722169,#c8102e
26.7016510749235, 1.071129498878733,#c8102e
26.7025430371795, 1.070597839684273,#c8102e
26.7034339108193, 1.070064358360201,#c8102e
26.7043236921206, 1.069529057135538,#c8102e
26.7052123773656, 1.068991938246912,#c8102e
26.7060999628412, 1.068453003938545,#c8102e
26.7069864448388, 1.067912256462243,#c8102e
26.7078718196545, 1.067369698077390,#c8102e
26.7087560835889, 1.066825331050935,#c8102e
26.7096392329474, 1.066279157657384,#c8102e
26.7105212640399, 1.065731180178791,#c8102e
26.7114021731811, 1.065181400904747,#c8102e
26.7122819566904, 1.064629822132372,#c8102e
26.7131606108916, 1.064076446166307,#c8102e
26.7140381321137, 1.063521275318697,#c8102e
26.7149145166901, 1.062964311909192,#c8102e
26.7157897609590, 1.062405558264927,#c8102e
26.7166638612634, 1.061845016720521,#c8102e
26.7175368139512, 1.061282689618061,#c8102e
26.7184086153748, 1.060718579307095,#c8102e
26.7192792618918, 1.060152688144622,#c8102e
26.7201487498642, 1.059585018495082,#c8102e
26.7210170756592, 1.059015572730345,#c8102e
26.7218842356487, 1.058444353229703,#c8102e
26.7227502262094, 1.057871362379859,#c8102e
26.7236150437230, 1.057296602574917,#c8102e
26.7244786845761, 1.056720076216372,#c8102e
26.7253411451602, 1.056141785713101,#c8102e
26.7262024218716, 1.055561733481351,#c8102e
26.7270625111118, 1.054979921944729,#c8102e
26.7279214092870, 1.054396353534196,#c8102e
26.7287791128087, 1.053811030688051,#c8102e
26.7296356180930, 1.053223955851925,#c8102e
26.7304909215612, 1.052635131478767,#c8102e
26.7313450196397, 1.052044560028840,#c8102e
26.7321979087599, 1.051452243969701,#c8102e
26.7330495853581, 1.050858185776203,#c8102e
26.7339000458759, 1.050262387930473,#c8102e
26.7347492867597, 1.049664852921909,#c8102e
26.7355973044613, 1.049065583247167,#c8102e
26.7364440954373, 1.048464581410151,#c8102e
26.7372896561498, 1.047861849922001,#c8102e
26.7381339830656, 1.047257391301087,#c8102e
26.7389770726571, 1.046651208072992,#c8102e
26.7398189214015, 1.046043302770507,#c8102e
26.7406595257814, 1.045433677933618,#c8102e
26.7414988822845, 1.044822336109494,#c8102e
26.7423369874038, 1.044209279852480,#c8102e
26.7431738376374, 1.043594511724085,#c8102e
26.7440094294888, 1.042978034292967,#c8102e
26.7448437594667, 1.042359850134930,#c8102e
26.7456768240850, 1.041739961832906,#c8102e
26.7465086198629, 1.041118371976950,#c8102e
26.7473391433250, 1.040495083164224,#c8102e
26.7481683910012, 1.039870097998992,#c8102e
26.7489963594267, 1.039243419092601,#c8102e
26.7498230451419, 1.038615049063480,#c8102e
26.7506484446928, 1.037984990537120,#c8102e
26.7514725546306, 1.037353246146069,#c8102e
26.7522953715120, 1.036719818529918,#c8102e
26.7531168918990, 1.036084710335293,#c8102e
26.7539371123592, 1.035447924215840,#c8102e
26.7547560294654, 1.034809462832215,#c8102e
26.7555736397960, 1.034169328852075,#c8102e
26.7563899399348, 1.033527524950066,#c8102e
26.7572049264711, 1.032884053807811,#c8102e
26.7580185959996, 1.032238918113899,#c8102e
26.7588309451207, 1.031592120563873,#c8102e
26.7596419704401, 1.030943663860221,#c8102e
26.7604516685692, 1.030293550712363,#c8102e
26.7612600361248, 1.029641783836640,#c8102e
26.7620670697293, 1.028988365956302,#c8102e
26.7628727660109, 1.028333299801499,#c8102e
26.7636771216029, 1.027676588109266,#c8102e
26.7644801331448, 1.027018233623515,#c8102e
26.7652817972812, 1.026358239095020,#c8102e
26.7660821106626, 1.025696607281411,#c8102e
26.7668810699451, 1.025033340947156,#c8102e
26.7676786717904, 1.024368442863553,#c8102e
26.7684749128659, 1.023701915808718,#c8102e
26.7692697898448, 1.023033762567575,#c8102e
26.7700632994059, 1.022363985931839,#c8102e
26.7708554382336, 1.021692588700012,#c8102e
26.7716462030181, 1.021019573677365,#c8102e
26.7724355904556, 1.020344943675928,#c8102e
26.7732235972476, 1.019668701514480,#c8102e
26.7740102201018, 1.018990850018536,#c8102e
26.7747954557313, 1.018311392020335,#c8102e
26.7755793008553, 1.017630330358827,#c8102e
26.7763617521987, 1.016947667879667,#c8102e
26.7771428064922, 1.016263407435192,#c8102e
26.7779224604723, 1.015577551884421,#c8102e
26.7787007108815, 1.014890104093036,#c8102e
26.7794775544679, 1.014201066933371,#c8102e
26.7802529879859, 1.013510443284403,#c8102e
26.7810270081953, 1.012818236031734,#c8102e
26.7817996118621, 1.012124448067587,#c8102e
26.7825707957583, 1.011429082290786,#c8102e
26.7833405566615, 1.010732141606751,#c8102e
26.7841088913556, 1.010033628927479,#c8102e
26.7848757966302, 1.009333547171537,#c8102e
26.7856412692810, 1.008631899264048,#c8102e
26.7864053061097, 1.007928688136679,#c8102e
26.7871679039239, 1.007223916727627,#c8102e
26.7879290595373, 1.006517587981610,#c8102e
26.7886887697695, 1.005809704849852,#c8102e
26.7894470314464, 1.005100270290072,#c8102e
26.7902038413997, 1.004389287266471,#c8102e
26.7909591964672, 1.003676758749720,#c8102e
26.7917130934929, 1.002962687716948,#c8102e
26.7924655293269, 1.002247077151728,#c8102e
26.7932165008251, 1.001529930044066,#c8102e
26.7939660048500, 1.000811249390389,#c8102e
26.7947140382698, 1.000091038193530,#c8102e
26.7954605979591, 0.999369299462717,#c8102e
26.7962056807985, 0.998646036213563,#c8102e
26.7969492836750, 0.997921251468048,#c8102e
26.7976914034815, 0.997194948254511,#c8102e
26.7984320371173, 0.996467129607633,#c8102e
26.7991711814879, 0.995737798568430,#c8102e
26.7999088335048, 0.995006958184235,#c8102e
26.8006449900860, 0.994274611508690,#c8102e
26.8013796481556, 0.993540761601726,#c8102e
26.8021128046441, 0.992805411529561,#c8102e
26.8028444564881, 0.992068564364675,#c8102e
26.8035746006306, 0.991330223185808,#c8102e
26.8043032340208, 0.990590391077939,#c8102e
26.8050303536144, 0.989849071132280,#c8102e
26.8057559563733, 0.989106266446256,#c8102e
26.8064800392656, 0.988361980123497,#c8102e
26.8072025992661, 0.987616215273825,#c8102e
26.8079236333555, 0.986868975013238,#c8102e
26.8086431385214, 0.986120262463899,#c8102e
26.8093611117574, 0.985370080754122,#c8102e
26.8100775500635, 0.984618433018362,#c8102e
26.8107924504465, 0.983865322397196,#c8102e
26.8115058099191, 0.983110752037317,#c8102e
26.8122176255009, 0.982354725091513,#c8102e
26.8129278942176, 0.981597244718662,#c8102e
26.8136366131016, 0.980838314083712,#c8102e
26.8143437791917, 0.980077936357671,#c8102e
26.8150493895332, 0.979316114717596,#c8102e
26.8157534411777, 0.978552852346573,#c8102e
26.8164559311837, 0.977788152433711,#c8102e
26.8171568566159, 0.977022018174123,#c8102e
26.8178562145457, 0.976254452768916,#c8102e
26.8185540020510, 0.975485459425179,#c8102e
26.8192502162162, 0.974715041355962,#c8102e
26.8199448541324, 0.973943201780273,#c8102e
26.8206379128972, 0.973169943923058,#c8102e
26.8213293896148, 0.972395271015187,#c8102e
26.8220192813961, 0.971619186293444,#c8102e
26.8227075853586, 0.970841693000513,#c8102e
26.8233942986262, 0.970062794384961,#c8102e
26.8240794183297, 0.969282493701228,#c8102e
26.8247629416066, 0.968500794209612,#c8102e
26.8254448656009, 0.967717699176257,#c8102e
26.8261251874633, 0.966933211873136,#c8102e
26.8268039043513, 0.966147335578039,#c8102e
26.8274810134290, 0.965360073574562,#c8102e
26.8281565118673, 0.964571429152088,#c8102e
26.8288303968437, 0.963781405605778,#c8102e
26.8295026655427, 0.962990006236555,#c8102e
26.8301733151553, 0.962197234351091,#c8102e
26.8308423428793, 0.961403093261790,#c8102e
26.8315097459194, 0.960607586286781,#c8102e
26.8321755214870, 0.959810716749897,#c8102e
26.8328396668003, 0.959012487980665,#c8102e
26.8335021790844, 0.958212903314293,#c8102e
26.8341630555711, 0.957411966091650,#c8102e
26.8348222934990, 0.956609679659260,#c8102e
26.8354798901137, 0.955806047369285,#c8102e
26.8361358426677, 0.955001072579506,#c8102e
26.8367901484201, 0.954194758653317,#c8102e
26.8374428046372, 0.953387108959707,#c8102e
26.8380938085919, 0.952578126873245,#c8102e
26.8387431575641, 0.951767815774066,#c8102e
26.8393908488408, 0.950956179047862,#c8102e
26.8400368797157, 0.950143220085859,#c8102e
26.8406812474896, 0.949328942284811,#c8102e
26.8413239494700, 0.948513349046982,#c8102e
26.8419649829716, 0.947696443780130,#c8102e
26.8426043453161, 0.946878229897497,#c8102e
26.8432420338319, 0.946058710817793,#c8102e
26.8438780458547, 0.945237889965181,#c8102e
26.8445123787270, 0.944415770769261,#c8102e
26.8451450297985, 0.943592356665062,#c8102e
26.8457759964257, 0.942767651093020,#c8102e
26.8464052759724, 0.941941657498969,#c8102e
26.8470328658091, 0.941114379334122,#c8102e
26.8476587633138, 0.940285820055064,#c8102e
26.8482829658711, 0.939455983123728,#c8102e
26.8489054708731, 0.938624872007388,#c8102e
26.8495262757188, 0.937792490178642,#c8102e
26.8501453778142, 0.936958841115396,#c8102e
26.8507627745727, 0.936123928300851,#c8102e
26.8513784634145, 0.935287755223490,#c8102e
26.8519924417672, 0.934450325377060,#c8102e
26.8526047070653, 0.933611642260558,#c8102e
26.8532152567508, 0.932771709378222,#c8102e
26.8538240882725, 0.931930530239507,#c8102e
26.8544311990866, 0.931088108359077,#c8102e
26.8550365866564, 0.930244447256789,#c8102e
26.8556402484525, 0.929399550457678,#c8102e
26.8562421819526, 0.928553421491941,#c8102e
26.8568423846417, 0.927706063894923,#c8102e
26.8574408540120, 0.926857481207104,#c8102e
26.8580375875629, 0.926007676974082,#c8102e
26.8586325828011, 0.925156654746559,#c8102e
26.8592258372406, 0.924304418080326,#c8102e
26.8598173484026, 0.923450970536249,#c8102e
26.8604071138156, 0.922596315680251,#c8102e
26.8609951310154, 0.921740457083302,#c8102e
26.8615813975451, 0.920883398321402,#c8102e
26.8621659109552, 0.920025142975562,#c8102e
26.8627486688034, 0.919165694631796,#c8102e
26.8633296686547, 0.918305056881102,#c8102e
26.8639089080818, 0.917443233319446,#c8102e
26.8644863846642, 0.916580227547751,#c8102e
26.8650620959892, 0.915716043171878,#c8102e
26.8656360396513, 0.914850683802612,#c8102e
26.8662082132524, 0.913984153055650,#c8102e
26.8667786144018, 0.913116454551581,#c8102e
26.8673472407163, 0.912247591915874,#c8102e
26.8679140898199, 0.911377568778861,#c8102e
26.8684791593443, 0.910506388775725,#c8102e
26.8690424469283, 0.909634055546480,#c8102e
26.8696039502186, 0.908760572735962,#c8102e
26.8701636668689, 0.907885943993807,#c8102e
26.8707215945406, 0.907010172974440,#c8102e
26.8712777309026, 0.906133263337059,#c8102e
26.8718320736311, 0.905255218745619,#c8102e
26.8723846204100, 0.904376042868819,#c8102e
26.8729353689306, 0.903495739380082,#c8102e
26.8734843168917, 0.902614311957544,#c8102e
26.8740314619997, 0.901731764284037,#c8102e
26.8745768019685, 0.900848100047074,#c8102e
26.8751203345195, 0.899963322938831,#c8102e
26.8756620573816, 0.899077436656138,#c8102e
26.8762019682915, 0.898190444900456,#c8102e
26.8767400649932, 0.897302351377866,#c8102e
26.8772763452384, 0.896413159799053,#c8102e
26.8778108067864, 0.895522873879288,#c8102e
26.8783434474041, 0.894631497338418,#c8102e
26.8788742648659, 0.893739033900844,#c8102e
26.8794032569541, 0.892845487295509,#c8102e
26.8799304214583, 0.891950861255882,#c8102e
26.8804557561758, 0.891055159519942,#c8102e
26.8809792589118, 0.890158385830163,#c8102e
26.8815009274788, 0.889260543933497,#c8102e
26.8820207596972, 0.888361637581360,#c8102e
26.8825387533951, 0.887461670529616,#c8102e
26.8830549064080, 0.886560646538558,#c8102e
26.8835692165794, 0.885658569372900,#c8102e
26.8840816817604, 0.884755442801752,#c8102e
26.8845922998097, 0.883851270598612,#c8102e
26.8851010685939, 0.882946056541344,#c8102e
26.8856079859872, 0.882039804412167,#c8102e
26.8861130498715, 0.881132517997638,#c8102e
26.8866162581366, 0.880224201088632,#c8102e
26.8871176086799, 0.879314857480335,#c8102e
26.8876170994066, 0.878404490972218,#c8102e
26.8881147282299, 0.877493105368027,#c8102e
26.8886104930703, 0.876580704475769,#c8102e
26.8891043918566, 0.875667292107690,#c8102e
26.8895964225250, 0.874752872080264,#c8102e
26.8900865830198, 0.873837448214173,#c8102e
26.8905748712928, 0.872921024334296,#c8102e
26.8910612853040, 0.872003604269688,#c8102e
26.8915458230210, 0.871085191853569,#c8102e
26.8920284824192, 0.870165790923302,#c8102e
26.8925092614819, 0.869245405320383,#c8102e
26.8929881582004, 0.868324038890421,#c8102e
26.8934651705736, 0.867401695483123,#c8102e
26.8939402966086, 0.866478378952279,#c8102e
26.8944135343201, 0.865554093155744,#c8102e
26.8948848817307, 0.864628841955423,#c8102e
26.8953543368712, 0.863702629217256,#c8102e
26.8958218977799, 0.862775458811198,#c8102e
26.8962875625033, 0.861847334611208,#c8102e
26.8967513290957, 0.860918260495228,#c8102e
26.8972131956194, 0.859988240345172,#c8102e
26.8976731601446, 0.859057278046902,#c8102e
26.8981312207494, 0.858125377490221,#c8102e
26.8985873755200, 0.857192542568851,#c8102e
26.8990416225503, 0.856258777180417,#c8102e
26.8994939599425, 0.855324085226433,#c8102e
26.8999443858066, 0.854388470612283,#c8102e
26.9003928982605, 0.853451937247207,#c8102e
26.9008394954303, 0.852514489044285,#c8102e
26.9012841754500, 0.851576129920416,#c8102e
26.9017269364615, 0.850636863796310,#c8102e
26.9021677766150, 0.849696694596461,#c8102e
26.9026066940684, 0.848755626249141,#c8102e
26.9030436869878, 0.847813662686376,#c8102e
26.9034787535475, 0.846870807843935,#c8102e
26.9039118919295, 0.845927065661308,#c8102e
26.9043431003241, 0.844982440081695,#c8102e
26.9047723769295, 0.844036935051985,#c8102e
26.9051997199523, 0.843090554522744,#c8102e
26.9056251276068, 0.842143302448194,#c8102e
26.9060485981155, 0.841195182786199,#c8102e
26.9064701297091, 0.840246199498249,#c8102e
26.9068897206264, 0.839296356549441,#c8102e
26.9073073691141, 0.838345657908465,#c8102e
26.9077230734272, 0.837394107547586,#c8102e
26.9081368318288, 0.836441709442628,#c8102e
26.9085486425901, 0.835488467572955,#c8102e
26.9089585039905, 0.834534385921460,#c8102e
26.9093664143174, 0.833579468474542,#c8102e
26.9097723718665, 0.832623719222094,#c8102e
26.9101763749416, 0.831667142157483,#c8102e
26.9105784218547, 0.830709741277536,#c8102e
26.9109785109258, 0.829751520582521,#c8102e
26.9113766404834, 0.828792484076133,#c8102e
26.9117728088640, 0.827832635765473,#c8102e
26.9121670144122, 0.826871979661037,#c8102e
26.9125592554810, 0.825910519776694,#c8102e
26.9129495304314, 0.824948260129673,#c8102e
26.9133378376329, 0.823985204740543,#c8102e
26.9137241754629, 0.823021357633199,#c8102e
26.9141085423072, 0.822056722834844,#c8102e
26.9144909365599, 0.821091304375970,#c8102e
26.9148713566232, 0.820125106290348,#c8102e
26.9152498009077, 0.819158132615001,#c8102e
26.9156262678320, 0.818190387390196,#c8102e
26.9160007558232, 0.817221874659424,#c8102e
26.9163732633166, 0.816252598469381,#c8102e
26.9167437887558, 0.815282562869953,#c8102e
26.9171123305925, 0.814311771914201,#c8102e
26.9174788872871, 0.813340229658340,#c8102e
26.9178434573078, 0.812367940161725,#c8102e
26.9182060391314, 0.811394907486833,#c8102e
26.9185666312430, 0.810421135699247,#c8102e
26.9189252321359, 0.809446628867637,#c8102e
26.9192818403117, 0.808471391063745,#c8102e
26.9196364542806, 0.807495426362366,#c8102e
26.9199890725607, 0.806518738841334,#c8102e
26.9203396936788, 0.805541332581502,#c8102e
26.9206883161699, 0.804563211666726,#c8102e
26.9210349385774, 0.803584380183848,#c8102e
26.9213795594529, 0.802604842222679,#c8102e
26.9217221773566, 0.801624601875984,#c8102e
26.9220627908570, 0.800643663239458,#c8102e
26.9224013985307, 0.799662030411719,#c8102e
26.9227379989632, 0.798679707494281,#c8102e
26.9230725907478, 0.797696698591545,#c8102e
26.9234051724867, 0.796713007810775,#c8102e
26.9237357427903, 0.795728639262086,#c8102e
26.9240643002772, 0.794743597058426,#c8102e
26.9243908435748, 0.793757885315554,#c8102e
26.9247153713186, 0.792771508152030,#c8102e
26.9250378821527, 0.791784469689192,#c8102e
26.9253583747296, 0.790796774051144,#c8102e
26.9256768477100, 0.789808425364732,#c8102e
26.9259932997635, 0.788819427759533,#c8102e
26.9263077295677, 0.787829785367835,#c8102e
26.9266201358090, 0.786839502324621,#c8102e
26.9269305171818, 0.785848582767549,#c8102e
26.9272388723896, 0.784857030836936,#c8102e
26.9275452001437, 0.783864850675745,#c8102e
26.9278494991644, 0.782872046429560,#c8102e
26.9281517681802, 0.781878622246574,#c8102e
26.9284520059280, 0.780884582277571,#c8102e
26.9287502111536, 0.779889930675906,#c8102e
26.9290463826108, 0.778894671597491,#c8102e
26.9293405190622, 0.777898809200777,#c8102e
26.9296326192788, 0.776902347646735,#c8102e
26.9299226820402, 0.775905291098837,#c8102e
26.9302107061343, 0.774907643723046,#c8102e
26.9304966903578, 0.773909409687789,#c8102e
26.9307806335157, 0.772910593163946,#c8102e
26.9310625344217, 0.771911198324832,#c8102e
26.9313423918978, 0.770911229346176,#c8102e
26.9316202047748, 0.769910690406109,#c8102e
26.9318959718919, 0.768909585685139,#c8102e
26.9321696920969, 0.767907919366143,#c8102e
26.9324413642461, 0.766905695634341,#c8102e
26.9327109872044, 0.765902918677283,#c8102e
26.9329785598452, 0.764899592684830,#c8102e
26.9332440810505, 0.763895721849139,#c8102e
26.9335075497109, 0.762891310364641,#c8102e
26.9337689647257, 0.761886362428028,#c8102e
26.9340283250024, 0.760880882238231,#c8102e
26.9342856294575, 0.759874873996408,#c8102e
26.9345408770159, 0.758868341905921,#c8102e
26.9347940666110, 0.757861290172322,#c8102e
26.9350451971850, 0.756853723003333,#c8102e
26.9352942676886, 0.755845644608831,#c8102e
26.9355412770812, 0.754837059200827,#c8102e
26.9357862243305, 0.753827970993454,#c8102e
26.9360291084133, 0.752818384202942,#c8102e
26.9362699283146, 0.751808303047606,#c8102e
26.9365086830282, 0.750797731747827,#c8102e
26.9367453715567, 0.749786674526033,#c8102e
26.9369799929109, 0.748775135606683,#c8102e
26.9372125461107, 0.747763119216248,#c8102e
26.9374430301843, 0.746750629583195,#c8102e
26.9376714441687, 0.745737670937966,#c8102e
26.9378977871096, 0.744724247512966,#c8102e
26.9381220580612, 0.743710363542540,#c8102e
26.9383442560865, 0.742696023262957,#c8102e
26.9385643802571, 0.741681230912393,#c8102e
26.9387824296532, 0.740665990730914,#c8102e
26.9389984033638, 0.739650306960456,#c8102e
26.9392123004864, 0.738634183844807,#c8102e
26.9394241201274, 0.737617625629595,#c8102e
26.9396338614017, 0.736600636562261,#c8102e
26.9398415234330, 0.735583220892049,#c8102e
26.9400471053536, 0.734565382869985,#c8102e
26.9402506063045, 0.733547126748860,#c8102e
26.9404520254354, 0.732528456783212,#c8102e
26.9406513619049, 0.731509377229306,#c8102e
26.9408486148799, 0.730489892345122,#c8102e
26.9410437835363, 0.729470006390330,#c8102e
26.9412368670587, 0.728449723626278,#c8102e
26.9414278646402, 0.727429048315972,#c8102e
26.9416167754829, 0.726407984724057,#c8102e
26.9418035987975, 0.725386537116801,#c8102e
26.9419883338033, 0.724364709762076,#c8102e
26.9421709797284, 0.723342506929342,#c8102e
26.9423515358098, 0.722319932889626,#c8102e
26.9425300012931, 0.721296991915507,#c8102e
26.9427063754324, 0.720273688281097,#c8102e
26.9428806574910, 0.719250026262025,#c8102e
26.9430528467405, 0.718226010135413,#c8102e
26.9432229424617, 0.717201644179868,#c8102e
26.9433909439437, 0.716176932675454,#c8102e
26.9435568504846, 0.715151879903682,#c8102e
26.9437206613912, 0.714126490147487,#c8102e
26.9438823759790, 0.713100767691214,#c8102e
26.9440419935725, 0.712074716820595,#c8102e
26.9441995135045, 0.711048341822737,#c8102e
26.9443549351171, 0.710021646986101,#c8102e
26.9445082577608, 0.708994636600482,#c8102e
26.9446594807949, 0.707967314956996,#c8102e
26.9448086035877, 0.706939686348059,#c8102e
26.9449556255160, 0.705911755067369,#c8102e
26.9451005459656, 0.704883525409889,#c8102e
26.9452433643309, 0.703855001671828,#c8102e
26.9453840800153, 0.702826188150625,#c8102e
26.9455226924307, 0.701797089144928,#c8102e
26.9456592009980, 0.700767708954580,#c8102e
26.9457936051468, 0.699738051880598,#c8102e
26.9459259043156, 0.698708122225154,#c8102e
26.9460560979516, 0.697677924291563,#c8102e
26.9461841855108, 0.696647462384256,#c8102e
26.9463101664580, 0.695616740808771,#c8102e
26.9464340402669, 0.694585763871730,#c8102e
26.9465558064198, 0.693554535880820,#c8102e
26.9466754644080, 0.692523061144778,#c8102e
26.9467930137315, 0.691491343973374,#c8102e
26.9469084538992, 0.690459388677389,#c8102e
26.9470217844287, 0.689427199568598,#c8102e
26.9471330048465, 0.688394780959756,#c8102e
26.9472421146880, 0.687362137164573,#c8102e
26.9473491134972, 0.686329272497704,#c8102e
26.9474540008270, 0.685296191274723,#c8102e
26.9475567762392, 0.684262897812112,#c8102e
26.9476574393044, 0.683229396427238,#c8102e
26.9477559896019, 0.682195691438337,#c8102e
26.9478524267201, 0.681161787164495,#c8102e
26.9479467502560, 0.680127687925634,#c8102e
26.9480389598154, 0.679093398042486,#c8102e
26.9481290550131, 0.678058921836584,#c8102e
26.9482170354726, 0.677024263630234,#c8102e
26.9483029008264, 0.675989427746509,#c8102e
26.9483866507157, 0.674954418509219,#c8102e
26.9484682847905, 0.673919240242901,#c8102e
26.9485478027098, 0.672883897272798,#c8102e
26.9486252041413, 0.671848393924840,#c8102e
26.9487004887616, 0.670812734525628,#c8102e
26.9487736562562, 0.669776923402416,#c8102e
26.9488447063193, 0.668740964883090,#c8102e
26.9489136386540, 0.667704863296154,#c8102e
26.9489804529725, 0.666668622970706,#c8102e
26.9490451489954, 0.665632248236429,#c8102e
26.9491077264525, 0.664595743423562,#c8102e
26.9491681850822, 0.663559112862893,#c8102e
26.9492265246321, 0.662522360885731,#c8102e
26.9492827448584, 0.661485491823895,#c8102e
26.9493368455260, 0.660448510009691,#c8102e
26.9493888264090, 0.659411419775899,#c8102e
26.9494386872903, 0.658374225455749,#c8102e
26.9494864279614, 0.657336931382907,#c8102e
26.9495320482229, 0.656299541891458,#c8102e
26.9495755478842, 0.655262061315881,#c8102e
26.9496169267635, 0.654224493991041,#c8102e
26.9496561846879, 0.653186844252161,#c8102e
26.9496933214935, 0.652149116434810,#c8102e
26.9497283370250, 0.651111314874884,#c8102e
26.9497612311361, 0.650073443908587,#c8102e
26.9497920036894, 0.649035507872411,#c8102e
26.9498206545563, 0.647997511103123,#c8102e
26.9498471836172, 0.646959457937741,#c8102e
26.9498715907611, 0.645921352713519,#c8102e
26.9498938758861, 0.644883199767931,#c8102e
26.9499140388990, 0.643845003438647,#c8102e
26.9499320797157, 0.642806768063521,#c8102e
26.9499479982608, 0.641768497980569,#c8102e
26.9499617944676, 0.640730197527952,#c8102e
26.9499734682787, 0.639691871043957,#c8102e
26.9499830196451, 0.638653522866981,#c8102e
26.9499904485271, 0.637615157335513,#c8102e
26.9499957548935, 0.636576778788111,#c8102e
26.9499989387223, 0.635538391563390,#c8102e
26.9500000000000, 0.634500000000000,#c8102e
26.9500000000000,-0.634500000000000,#c8102e
26.9499989387223,-0.635538391563390,#c8102e
26.9499957548935,-0.636576778788111,#c8102e
26.9499904485271,-0.637615157335513,#c8102e
26.9499830196451,-0.638653522866982,#c8102e
26.9499734682787,-0.639691871043957,#c8102e
26.9499617944676,-0.640730197527952,#c8102e
26.9499479982608,-0.641768497980569,#c8102e
26.9499320797157,-0.642806768063522,#c8102e
26.9499140388990,-0.643845003438647,#c8102e
26.9498938758861,-0.644883199767931,#c8102e
26.9498715907611,-0.645921352713519,#c8102e
26.9498471836172,-0.646959457937741,#c8102e
26.9498206545563,-0.647997511103123,#c8102e
26.9497920036894,-0.649035507872412,#c8102e
26.9497612311361,-0.650073443908587,#c8102e
26.9497283370250,-0.651111314874884,#c8102e
26.9496933214935,-0.652149116434810,#c8102e
26.9496561846879,-0.653186844252161,#c8102e
26.9496169267635,-0.654224493991041,#c8102e
26.9495755478842,-0.655262061315881,#c8102e
26.9495320482229,-0.656299541891458,#c8102e
26.9494864279614,-0.657336931382907,#c8102e
26.9494386872903,-0.658374225455749,#c8102e
26.9493888264090,-0.659411419775899,#c8102e
26.9493368455260,-0.660448510009691,#c8102e
26.9492827448584,-0.661485491823895,#c8102e
26.9492265246321,-0.662522360885731,#c8102e
26.9491681850822,-0.663559112862893,#c8102e
26.9491077264525,-0.664595743423563,#c8102e
26.9490451489954,-0.665632248236429,#c8102e
26.9489804529725,-0.666668622970706,#c8102e
26.9489136386540,-0.667704863296154,#c8102e
26.9488447063193,-0.668740964883091,#c8102e
26.9487736562562,-0.669776923402416,#c8102e
26.9487004887616,-0.670812734525628,#c8102e
26.9486252041413,-0.671848393924840,#c8102e
26.9485478027098,-0.672883897272798,#c8102e
26.9484682847905,-0.673919240242901,#c8102e
26.9483866507157,-0.674954418509219,#c8102e
26.9483029008264,-0.675989427746509,#c8102e
26.9482170354726,-0.677024263630235,#c8102e
26.9481290550131,-0.678058921836584,#c8102e
26.9480389598154,-0.679093398042487,#c8102e
26.9479467502560,-0.680127687925634,#c8102e
26.9478524267201,-0.681161787164496,#c8102e
26.9477559896019,-0.682195691438337,#c8102e
26.9476574393044,-0.683229396427238,#c8102e
26.9475567762392,-0.684262897812112,#c8102e
26.9474540008270,-0.685296191274723,#c8102e
26.9473491134972,-0.686329272497704,#c8102e
26.9472421146880,-0.687362137164573,#c8102e
26.9471330048465,-0.688394780959756,#c8102e
26.9470217844287,-0.689427199568599,#c8102e
26.9469084538992,-0.690459388677389,#c8102e
26.9467930137315,-0.691491343973375,#c8102e
26.9466754644080,-0.692523061144778,#c8102e
26.9465558064198,-0.693554535880820,#c8102e
26.9464340402669,-0.694585763871730,#c8102e
26.9463101664580,-0.695616740808771,#c8102e
26.9461841855108,-0.696647462384256,#c8102e
26.9460560979516,-0.697677924291563,#c8102e
26.9459259043156,-0.698708122225154,#c8102e
26.9457936051468,-0.699738051880598,#c8102e
26.9456592009980,-0.700767708954580,#c8102e
26.9455226924307,-0.701797089144928,#c8102e
26.9453840800153,-0.702826188150625,#c8102e
26.9452433643309,-0.703855001671828,#c8102e
26.9451005459656,-0.704883525409889,#c8102e
26.9449556255160,-0.705911755067369,#c8102e
26.9448086035877,-0.706939686348060,#c8102e
26.9446594807949,-0.707967314956996,#c8102e
26.9445082577608,-0.708994636600482,#c8102e
26.9443549351171,-0.710021646986101,#c8102e
26.9441995135045,-0.711048341822737,#c8102e
26.9440419935725,-0.712074716820595,#c8102e
26.9438823759790,-0.713100767691214,#c8102e
26.9437206613912,-0.714126490147488,#c8102e
26.9435568504846,-0.715151879903682,#c8102e
26.9433909439437,-0.716176932675454,#c8102e
26.9432229424617,-0.717201644179868,#c8102e
26.9430528467405,-0.718226010135413,#c8102e
26.9428806574910,-0.719250026262025,#c8102e
26.9427063754324,-0.720273688281098,#c8102e
26.9425300012931,-0.721296991915507,#c8102e
26.9423515358098,-0.722319932889626,#c8102e
26.9421709797284,-0.723342506929342,#c8102e
26.9419883338033,-0.724364709762076,#c8102e
26.9418035987975,-0.725386537116801,#c8102e
26.9416167754829,-0.726407984724057,#c8102e
26.9414278646402,-0.727429048315972,#c8102e
26.9412368670587,-0.728449723626279,#c8102e
26.9410437835363,-0.729470006390330,#c8102e
26.9408486148799,-0.730489892345122,#c8102e
26.9406513619049,-0.731509377229306,#c8102e
26.9404520254354,-0.732528456783212,#c8102e
26.9402506063045,-0.733547126748860,#c8102e
26.9400471053536,-0.734565382869985,#c8102e
26.9398415234330,-0.735583220892049,#c8102e
26.9396338614017,-0.736600636562261,#c8102e
26.9394241201274,-0.737617625629595,#c8102e
26.9392123004864,-0.738634183844808,#c8102e
26.9389984033638,-0.739650306960456,#c8102e
26.9387824296532,-0.740665990730914,#c8102e
26.9385643802571,-0.741681230912393,#c8102e
26.9383442560865,-0.742696023262957,#c8102e
26.9381220580612,-0.743710363542540,#c8102e
26.9378977871096,-0.744724247512966,#c8102e
26.9376714441687,-0.745737670937966,#c8102e
26.9374430301843,-0.746750629583195,#c8102e
26.9372125461107,-0.747763119216248,#c8102e
26.9369799929109,-0.748775135606683,#c8102e
26.9367453715567,-0.749786674526034,#c8102e
26.9365086830282,-0.750797731747827,#c8102e
26.9362699283146,-0.751808303047606,#c8102e
26.9360291084133,-0.752818384202942,#c8102e
26.9357862243305,-0.753827970993454,#c8102e
26.9355412770812,-0.754837059200828,#c8102e
26.9352942676886,-0.755845644608831,#c8102e
26.9350451971850,-0.756853723003333,#c8102e
26.9347940666110,-0.757861290172322,#c8102e
26.9345408770159,-0.758868341905922,#c8102e
26.9342856294575,-0.759874873996409,#c8102e
26.9340283250024,-0.760880882238231,#c8102e
26.9337689647257,-0.761886362428028,#c8102e
26.9335075497109,-0.762891310364641,#c8102e
26.9332440810505,-0.763895721849139,#c8102e
26.9329785598452,-0.764899592684830,#c8102e
26.9327109872044,-0.765902918677283,#c8102e
26.9324413642461,-0.766905695634341,#c8102e
26.9321696920969,-0.767907919366143,#c8102e
26.9318959718919,-0.768909585685139,#c8102e
26.9316202047748,-0.769910690406109,#c8102e
26.9313423918978,-0.770911229346176,#c8102e
26.9310625344217,-0.771911198324832,#c8102e
26.9307806335157,-0.772910593163946,#c8102e
26.9304966903578,-0.773909409687789,#c8102e
26.9302107061343,-0.774907643723046,#c8102e
26.9299226820402,-0.775905291098838,#c8102e
26.9296326192788,-0.776902347646735,#c8102e
26.9293405190622,-0.777898809200778,#c8102e
26.9290463826108,-0.778894671597491,#c8102e
26.9287502111536,-0.779889930675906,#c8102e
26.9284520059280,-0.780884582277571,#c8102e
26.9281517681802,-0.781878622246574,#c8102e
26.9278494991644,-0.782872046429560,#c8102e
26.9275452001437,-0.783864850675745,#c8102e
26.9272388723896,-0.784857030836937,#c8102e
26.9269305171818,-0.785848582767549,#c8102e
26.9266201358090,-0.786839502324621,#c8102e
26.9263077295677,-0.787829785367836,#c8102e
26.9259932997635,-0.788819427759533,#c8102e
26.9256768477100,-0.789808425364732,#c8102e
26.9253583747296,-0.790796774051144,#c8102e
26.9250378821527,-0.791784469689192,#c8102e
26.9247153713186,-0.792771508152030,#c8102e
26.9243908435748,-0.793757885315554,#c8102e
26.9240643002772,-0.794743597058426,#c8102e
26.9237357427903,-0.795728639262087,#c8102e
26.9234051724867,-0.796713007810775,#c8102e
26.9230725907478,-0.797696698591545,#c8102e
26.9227379989632,-0.798679707494282,#c8102e
26.9224013985307,-0.799662030411719,#c8102e
26.9220627908570,-0.800643663239458,#c8102e
26.9217221773566,-0.801624601875984,#c8102e
26.9213795594529,-0.802604842222679,#c8102e
26.9210349385774,-0.803584380183848,#c8102e
26.9206883161699,-0.804563211666726,#c8102e
26.9203396936788,-0.805541332581502,#c8102e
26.9199890725607,-0.806518738841334,#c8102e
26.9196364542806,-0.807495426362366,#c8102e
26.9192818403117,-0.808471391063745,#c8102e
26.9189252321359,-0.809446628867637,#c8102e
26.9185666312430,-0.810421135699247,#c8102e
26.9182060391314,-0.811394907486833,#c8102e
26.9178434573078,-0.812367940161725,#c8102e
26.9174788872871,-0.813340229658340,#c8102e
26.9171123305925,-0.814311771914201,#c8102e
26.9167437887558,-0.815282562869953,#c8102e
26.9163732633166,-0.816252598469381,#c8102e
26.9160007558232,-0.817221874659424,#c8102e
26.9156262678320,-0.818190387390196,#c8102e
26.9152498009077,-0.819158132615001,#c8102e
26.9148713566232,-0.820125106290348,#c8102e
26.9144909365599,-0.821091304375970,#c8102e
26.9141085423072,-0.822056722834844,#c8102e
26.9137241754629,-0.823021357633199,#c8102e
26.9133378376329,-0.823985204740543,#c8102e
26.9129495304314,-0.824948260129673,#c8102e
26.9125592554810,-0.825910519776694,#c8102e
26.9121670144122,-0.826871979661037,#c8102e
26.9117728088640,-0.827832635765473,#c8102e
26.9113766404834,-0.828792484076133,#c8102e
26.9109785109258,-0.829751520582521,#c8102e
26.9105784218547,-0.830709741277536,#c8102e
26.9101763749416,-0.831667142157483,#c8102e
26.9097723718665,-0.832623719222094,#c8102e
26.9093664143174,-0.833579468474543,#c8102e
26.9089585039905,-0.834534385921460,#c8102e
26.9085486425901,-0.835488467572955,#c8102e
26.9081368318288,-0.836441709442628,#c8102e
26.9077230734272,-0.837394107547586,#c8102e
26.9073073691141,-0.838345657908465,#c8102e
26.9068897206264,-0.839296356549441,#c8102e
26.9064701297091,-0.840246199498249,#c8102e
26.9060485981155,-0.841195182786199,#c8102e
26.9056251276068,-0.842143302448194,#c8102e
26.9051997199523,-0.843090554522744,#c8102e
26.9047723769295,-0.844036935051986,#c8102e
26.9043431003241,-0.844982440081695,#c8102e
26.9039118919295,-0.845927065661308,#c8102e
26.9034787535475,-0.846870807843935,#c8102e
26.9030436869878,-0.847813662686376,#c8102e
26.9026066940684,-0.848755626249141,#c8102e
26.9021677766150,-0.849696694596461,#c8102e
26.9017269364615,-0.850636863796310,#c8102e
26.9012841754500,-0.851576129920416,#c8102e
26.9008394954303,-0.852514489044285,#c8102e
26.9003928982605,-0.853451937247207,#c8102e
26.8999443858066,-0.854388470612283,#c8102e
26.8994939599425,-0.855324085226433,#c8102e
26.8990416225503,-0.856258777180417,#c8102e
26.8985873755200,-0.857192542568851,#c8102e
26.8981312207494,-0.858125377490221,#c8102e
26.8976731601446,-0.859057278046902,#c8102e
26.8972131956194,-0.859988240345172,#c8102e
26.8967513290957,-0.860918260495228,#c8102e
26.8962875625033,-0.861847334611208,#c8102e
26.8958218977799,-0.862775458811198,#c8102e
26.8953543368712,-0.863702629217256,#c8102e
26.8948848817307,-0.864628841955424,#c8102e
26.8944135343201,-0.865554093155744,#c8102e
26.8939402966086,-0.866478378952279,#c8102e
26.8934651705736,-0.867401695483123,#c8102e
26.8929881582004,-0.868324038890421,#c8102e
26.8925092614819,-0.869245405320383,#c8102e
26.8920284824192,-0.870165790923302,#c8102e
26.8915458230210,-0.871085191853569,#c8102e
26.8910612853040,-0.872003604269688,#c8102e
26.8905748712928,-0.872921024334296,#c8102e
26.8900865830198,-0.873837448214173,#c8102e
26.8895964225250,-0.874752872080264,#c8102e
26.8891043918566,-0.875667292107690,#c8102e
26.8886104930703,-0.876580704475769,#c8102e
26.8881147282299,-0.877493105368027,#c8102e
26.8876170994066,-0.878404490972218,#c8102e
26.8871176086799,-0.879314857480335,#c8102e
26.8866162581366,-0.880224201088633,#c8102e
26.8861130498715,-0.881132517997638,#c8102e
26.8856079859872,-0.882039804412167,#c8102e
26.8851010685939,-0.882946056541344,#c8102e
26.8845922998097,-0.883851270598612,#c8102e
26.8840816817604,-0.884755442801752,#c8102e
26.8835692165794,-0.885658569372900,#c8102e
26.8830549064080,-0.886560646538558,#c8102e
26.8825387533951,-0.887461670529616,#c8102e
26.8820207596972,-0.888361637581360,#c8102e
26.8815009274788,-0.889260543933497,#c8102e
26.8809792589118,-0.890158385830163,#c8102e
26.8804557561758,-0.891055159519943,#c8102e
26.8799304214583,-0.891950861255882,#c8102e
26.8794032569541,-0.892845487295509,#c8102e
26.8788742648659,-0.893739033900844,#c8102e
26.8783434474041,-0.894631497338419,#c8102e
26.8778108067864,-0.895522873879289,#c8102e
26.8772763452384,-0.896413159799053,#c8102e
26.8767400649932,-0.897302351377866,#c8102e
26.8762019682915,-0.898190444900456,#c8102e
26.8756620573816,-0.899077436656138,#c8102e
26.8751203345195,-0.899963322938831,#c8102e
26.8745768019685,-0.900848100047074,#c8102e
26.8740314619997,-0.901731764284037,#c8102e
26.8734843168917,-0.902614311957544,#c8102e
26.8729353689306,-0.903495739380082,#c8102e
26.8723846204100,-0.904376042868819,#c8102e
26.8718320736311,-0.905255218745619,#c8102e
26.8712777309026,-0.906133263337059,#c8102e
26.8707215945406,-0.907010172974440,#c8102e
26.8701636668689,-0.907885943993807,#c8102e
26.8696039502186,-0.908760572735962,#c8102e
26.8690424469283,-0.909634055546481,#c8102e
26.8684791593443,-0.910506388775725,#c8102e
26.8679140898199,-0.911377568778861,#c8102e
26.8673472407163,-0.912247591915874,#c8102e
26.8667786144018,-0.913116454551581,#c8102e
26.8662082132524,-0.913984153055650,#c8102e
26.8656360396513,-0.914850683802612,#c8102e
26.8650620959892,-0.915716043171878,#c8102e
26.8644863846642,-0.916580227547751,#c8102e
26.8639089080818,-0.917443233319446,#c8102e
26.8633296686547,-0.918305056881102,#c8102e
26.8627486688034,-0.919165694631796,#c8102e
26.8621659109552,-0.920025142975562,#c8102e
26.8615813975451,-0.920883398321402,#c8102e
26.8609951310154,-0.921740457083302,#c8102e
26.8604071138156,-0.922596315680251,#c8102e
26.8598173484026,-0.923450970536249,#c8102e
26.8592258372406,-0.924304418080326,#c8102e
26.8586325828011,-0.925156654746559,#c8102e
26.8580375875629,-0.926007676974082,#c8102e
26.8574408540120,-0.926857481207104,#c8102e
26.8568423846417,-0.927706063894923,#c8102e
26.8562421819526,-0.928553421491941,#c8102e
26.8556402484525,-0.929399550457678,#c8102e
26.8550365866564,-0.930244447256789,#c8102e
26.8544311990866,-0.931088108359077,#c8102e
26.8538240882725,-0.931930530239507,#c8102e
26.8532152567508,-0.932771709378222,#c8102e
26.8526047070653,-0.933611642260559,#c8102e
26.8519924417672,-0.934450325377060,#c8102e
26.8513784634145,-0.935287755223490,#c8102e
26.8507627745727,-0.936123928300851,#c8102e
26.8501453778142,-0.936958841115396,#c8102e
26.8495262757188,-0.937792490178642,#c8102e
26.8489054708731,-0.938624872007388,#c8102e
26.8482829658711,-0.939455983123728,#c8102e
26.8476587633138,-0.940285820055064,#c8102e
26.8470328658091,-0.941114379334122,#c8102e
26.8464052759724,-0.941941657498969,#c8102e
26.8457759964257,-0.942767651093020,#c8102e
26.8451450297985,-0.943592356665062,#c8102e
26.8445123787270,-0.944415770769262,#c8102e
26.8438780458547,-0.945237889965181,#c8102e
26.8432420338319,-0.946058710817793,#c8102e
26.8426043453161,-0.946878229897497,#c8102e
26.8419649829716,-0.947696443780130,#c8102e
26.8413239494700,-0.948513349046982,#c8102e
26.8406812474896,-0.949328942284812,#c8102e
26.8400368797157,-0.950143220085859,#c8102e
26.8393908488408,-0.950956179047862,#c8102e
26.8387431575641,-0.951767815774067,#c8102e
26.8380938085919,-0.952578126873245,#c8102e
26.8374428046372,-0.953387108959707,#c8102e
26.8367901484201,-0.954194758653317,#c8102e
26.8361358426677,-0.955001072579506,#c8102e
26.8354798901137,-0.955806047369285,#c8102e
26.8348222934990,-0.956609679659260,#c8102e
26.8341630555711,-0.957411966091650,#c8102e
26.8335021790844,-0.958212903314293,#c8102e
26.8328396668003,-0.959012487980666,#c8102e
26.8321755214870,-0.959810716749897,#c8102e
26.8315097459194,-0.960607586286781,#c8102e
26.8308423428793,-0.961403093261790,#c8102e
26.8301733151553,-0.962197234351091,#c8102e
26.8295026655427,-0.962990006236555,#c8102e
26.8288303968437,-0.963781405605778,#c8102e
26.8281565118673,-0.964571429152088,#c8102e
26.8274810134290,-0.965360073574562,#c8102e
26.8268039043513,-0.966147335578039,#c8102e
26.8261251874633,-0.966933211873136,#c8102e
26.8254448656009,-0.967717699176257,#c8102e
26.8247629416066,-0.968500794209612,#c8102e
26.8240794183297,-0.969282493701228,#c8102e
26.8233942986262,-0.970062794384961,#c8102e
26.8227075853586,-0.970841693000513,#c8102e
26.8220192813961,-0.971619186293444,#c8102e
26.8213293896148,-0.972395271015187,#c8102e
26.8206379128972,-0.973169943923058,#c8102e
26.8199448541324,-0.973943201780274,#c8102e
26.8192502162162,-0.974715041355962,#c8102e
26.8185540020510,-0.975485459425179,#c8102e
26.8178562145457,-0.976254452768917,#c8102e
26.8171568566159,-0.977022018174123,#c8102e
26.8164559311837,-0.977788152433711,#c8102e
26.8157534411777,-0.978552852346573,#c8102e
26.8150493895332,-0.979316114717596,#c8102e
26.8143437791917,-0.980077936357672,#c8102e
26.8136366131016,-0.980838314083712,#c8102e
26.8129278942176,-0.981597244718662,#c8102e
26.8122176255009,-0.982354725091513,#c8102e
26.8115058099191,-0.983110752037317,#c8102e
26.8107924504465,-0.983865322397196,#c8102e
26.8100775500635,-0.984618433018362,#c8102e
26.8093611117574,-0.985370080754122,#c8102e
26.8086431385214,-0.986120262463899,#c8102e
26.8079236333555,-0.986868975013238,#c8102e
26.8072025992661,-0.987616215273825,#c8102e
26.8064800392656,-0.988361980123497,#c8102e
26.8057559563733,-0.989106266446256,#c8102e
26.8050303536144,-0.989849071132280,#c8102e
26.8043032340208,-0.990590391077939,#c8102e
26.8035746006306,-0.991330223185808,#c8102e
26.8028444564881,-0.992068564364675,#c8102e
26.8021128046441,-0.992805411529561,#c8102e
26.8013796481556,-0.993540761601726,#c8102e
26.8006449900860,-0.994274611508690,#c8102e
26.7999088335048,-0.995006958184236,#c8102e
26.7991711814879,-0.995737798568430,#c8102e
26.7984320371173,-0.996467129607633,#c8102e
26.7976914034815,-0.997194948254511,#c8102e
26.7969492836750,-0.997921251468048,#c8102e
26.7962056807985,-0.998646036213563,#c8102e
26.7954605979591,-0.999369299462717,#c8102e
26.7947140382698,-1.000091038193530,#c8102e
26.7939660048500,-1.000811249390389,#c8102e
26.7932165008251,-1.001529930044066,#c8102e
26.7924655293269,-1.002247077151728,#c8102e
26.7917130934929,-1.002962687716948,#c8102e
26.7909591964672,-1.003676758749720,#c8102e
26.7902038413997,-1.004389287266471,#c8102e
26.7894470314464,-1.005100270290072,#c8102e
26.7886887697695,-1.005809704849852,#c8102e
26.7879290595373,-1.006517587981610,#c8102e
26.7871679039239,-1.007223916727627,#c8102e
26.7864053061097,-1.007928688136679,#c8102e
26.7856412692810,-1.008631899264048,#c8102e
26.7848757966302,-1.009333547171537,#c8102e
26.7841088913556,-1.010033628927479,#c8102e
26.7833405566615,-1.010732141606751,#c8102e
26.7825707957583,-1.011429082290786,#c8102e
26.7817996118621,-1.012124448067587,#c8102e
26.7810270081953,-1.012818236031734,#c8102e
26.7802529879859,-1.013510443284403,#c8102e
26.7794775544679,-1.014201066933372,#c8102e
26.7787007108815,-1.014890104093036,#c8102e
26.7779224604723,-1.015577551884421,#c8102e
26.7771428064922,-1.016263407435192,#c8102e
26.7763617521987,-1.016947667879667,#c8102e
26.7755793008553,-1.017630330358828,#c8102e
26.7747954557313,-1.018311392020335,#c8102e
26.7740102201018,-1.018990850018536,#c8102e
26.7732235972476,-1.019668701514480,#c8102e
26.7724355904556,-1.020344943675928,#c8102e
26.7716462030181,-1.021019573677365,#c8102e
26.7708554382336,-1.021692588700012,#c8102e
26.7700632994059,-1.022363985931840,#c8102e
26.7692697898448,-1.023033762567575,#c8102e
26.7684749128659,-1.023701915808718,#c8102e
26.7676786717904,-1.024368442863553,#c8102e
26.7668810699451,-1.025033340947156,#c8102e
26.7660821106626,-1.025696607281411,#c8102e
26.7652817972812,-1.026358239095020,#c8102e
26.7644801331448,-1.027018233623515,#c8102e
26.7636771216029,-1.027676588109266,#c8102e
26.7628727660109,-1.028333299801499,#c8102e
26.7620670697293,-1.028988365956302,#c8102e
26.7612600361248,-1.029641783836640,#c8102e
26.7604516685692,-1.030293550712363,#c8102e
26.7596419704401,-1.030943663860221,#c8102e
26.7588309451207,-1.031592120563873,#c8102e
26.7580185959996,-1.032238918113899,#c8102e
26.7572049264711,-1.032884053807812,#c8102e
26.7563899399348,-1.033527524950067,#c8102e
26.7555736397960,-1.034169328852075,#c8102e
26.7547560294654,-1.034809462832215,#c8102e
26.7539371123592,-1.035447924215840,#c8102e
26.7531168918990,-1.036084710335293,#c8102e
26.7522953715120,-1.036719818529919,#c8102e
26.7514725546306,-1.037353246146069,#c8102e
26.7506484446928,-1.037984990537120,#c8102e
26.7498230451419,-1.038615049063480,#c8102e
26.7489963594267,-1.039243419092601,#c8102e
26.7481683910012,-1.039870097998992,#c8102e
26.7473391433250,-1.040495083164224,#c8102e
26.7465086198629,-1.041118371976950,#c8102e
26.7456768240850,-1.041739961832906,#c8102e
26.7448437594667,-1.042359850134930,#c8102e
26.7440094294888,-1.042978034292967,#c8102e
26.7431738376374,-1.043594511724085,#c8102e
26.7423369874038,-1.044209279852480,#c8102e
26.7414988822845,-1.044822336109494,#c8102e
26.7406595257814,-1.045433677933618,#c8102e
26.7398189214015,-1.046043302770507,#c8102e
26.7389770726571,-1.046651208072992,#c8102e
26.7381339830656,-1.047257391301087,#c8102e
26.7372896561498,-1.047861849922002,#c8102e
26.7364440954373,-1.048464581410151,#c8102e
26.7355973044613,-1.049065583247167,#c8102e
26.7347492867597,-1.049664852921909,#c8102e
26.7339000458759,-1.050262387930473,#c8102e
26.7330495853581,-1.050858185776203,#c8102e
26.7321979087599,-1.051452243969701,#c8102e
26.7313450196397,-1.052044560028840,#c8102e
26.7304909215612,-1.052635131478767,#c8102e
26.7296356180930,-1.053223955851925,#c8102e
26.7287791128087,-1.053811030688051,#c8102e
26.7279214092870,-1.054396353534196,#c8102e
26.7270625111118,-1.054979921944729,#c8102e
26.7262024218716,-1.055561733481351,#c8102e
26.7253411451602,-1.056141785713101,#c8102e
26.7244786845761,-1.056720076216372,#c8102e
26.7236150437230,-1.057296602574917,#c8102e
26.7227502262094,-1.057871362379859,#c8102e
26.7218842356487,-1.058444353229703,#c8102e
26.7210170756592,-1.059015572730345,#c8102e
26.7201487498642,-1.059585018495082,#c8102e
26.7192792618918,-1.060152688144622,#c8102e
26.7184086153748,-1.060718579307095,#c8102e
26.7175368139512,-1.061282689618061,#c8102e
26.7166638612634,-1.061845016720521,#c8102e
26.7157897609590,-1.062405558264927,#c8102e
26.7149145166901,-1.062964311909192,#c8102e
26.7140381321137,-1.063521275318697,#c8102e
26.7131606108916,-1.064076446166307,#c8102e
26.7122819566904,-1.064629822132373,#c8102e
26.7114021731811,-1.065181400904747,#c8102e
26.7105212640399,-1.065731180178791,#c8102e
26.7096392329474,-1.066279157657384,#c8102e
26.7087560835889,-1.066825331050935,#c8102e
26.7078718196545,-1.067369698077390,#c8102e
26.7069864448388,-1.067912256462244,#c8102e
26.7060999628412,-1.068453003938545,#c8102e
26.7052123773656,-1.068991938246912,#c8102e
26.7043236921206,-1.069529057135538,#c8102e
26.7034339108193,-1.070064358360201,#c8102e
26.7025430371795,-1.070597839684273,#c8102e
26.7016510749235,-1.071129498878733,#c8102e
26.7007580277781,-1.071659333722169,#c8102e
26.6998638994747,-1.072187342000796,#c8102e
26.6989686937492,-1.072713521508458,#c8102e
26.6980724143420,-1.073237870046640,#c8102e
26.6971750649980,-1.073760385424480,#c8102e
26.6962766494666,-1.074281065458772,#c8102e
26.6953771715015,-1.074799907973980,#c8102e
26.6944766348611,-1.075316910802247,#c8102e
26.6935750433079,-1.075832071783401,#c8102e
26.6926724006091,-1.076345388764965,#c8102e
26.6917687105362,-1.076856859602169,#c8102e
26.6908639768649,-1.077366482157955,#c8102e
26.6899582033756,-1.077874254302989,#c8102e
26.6890513938528,-1.078380173915666,#c8102e
26.6881435520853,-1.078884238882124,#c8102e
26.6872346818663,-1.079386447096249,#c8102e
26.6863247869934,-1.079886796459685,#c8102e
26.6854138712683,-1.080385284881844,#c8102e
26.6845019384971,-1.080881910279910,#c8102e
26.6835889924900,-1.081376670578856,#c8102e
26.6826750370617,-1.081869563711444,#c8102e
26.6817600760307,-1.082360587618239,#c8102e
26.6808441132201,-1.082849740247617,#c8102e
26.6799271524570,-1.083337019555771,#c8102e
26.6790091975727,-1.083822423506722,#c8102e
26.6780902524026,-1.084305950072327,#c8102e
26.6771703207864,-1.084787597232287,#c8102e
26.6762494065677,-1.085267362974155,#c8102e
26.6753275135944,-1.085745245293346,#c8102e
26.6744046457184,-1.086221242193144,#c8102e
26.6734808067956,-1.086695351684710,#c8102e
26.6725560006861,-1.087167571787093,#c8102e
26.6716302312540,-1.087637900527235,#c8102e
26.6707035023674,-1.088106335939981,#c8102e
26.6697758178983,-1.088572876068086,#c8102e
26.6688471817230,-1.089037518962224,#c8102e
26.6679175977214,-1.089500262680999,#c8102e
26.6669870697777,-1.089961105290946,#c8102e
26.6660556017798,-1.090420044866546,#c8102e
26.6651231976195,-1.090877079490230,#c8102e
26.6641898611929,-1.091332207252391,#c8102e
26.6632555963995,-1.091785426251386,#c8102e
26.6623204071429,-1.092236734593548,#c8102e
26.6613842973308,-1.092686130393196,#c8102e
26.6604472708742,-1.093133611772637,#c8102e
26.6595093316884,-1.093579176862177,#c8102e
26.6585704836924,-1.094022823800132,#c8102e
26.6576307308088,-1.094464550732829,#c8102e
26.6566900769643,-1.094904355814618,#c8102e
26.6557485260890,-1.095342237207881,#c8102e
26.6548060821171,-1.095778193083035,#c8102e
26.6538627489864,-1.096212221618544,#c8102e
26.6529185306382,-1.096644321000925,#c8102e
26.6519734310179,-1.097074489424754,#c8102e
26.6510274540742,-1.097502725092677,#c8102e
26.6500806037598,-1.097929026215414,#c8102e
26.6491328840307,-1.098353391011768,#c8102e
26.6481842988469,-1.098775817708634,#c8102e
26.6472348521717,-1.099196304541004,#c8102e
26.6462845479722,-1.099614849751976,#c8102e
26.6453333902190,-1.100031451592757,#c8102e
26.6443813828862,-1.100446108322680,#c8102e
26.6434285299517,-1.100858818209199,#c8102e
26.6424748353967,-1.101269579527907,#c8102e
26.6415203032060,-1.101678390562538,#c8102e
26.6405649373677,-1.102085249604971,#c8102e
26.6396087418739,-1.102490154955245,#c8102e
26.6386517207195,-1.102893104921561,#c8102e
26.6376938779034,-1.103294097820289,#c8102e
26.6367352174276,-1.103693131975978,#c8102e
26.6357757432977,-1.104090205721359,#c8102e
26.6348154595226,-1.104485317397355,#c8102e
26.6338543701146,-1.104878465353089,#c8102e
26.6328924790894,-1.105269647945885,#c8102e
26.6319297904661,-1.105658863541282,#c8102e
26.6309663082669,-1.106046110513036,#c8102e
26.6300020365176,-1.106431387243129,#c8102e
26.6290369792472,-1.106814692121776,#c8102e
26.6280711404878,-1.107196023547429,#c8102e
26.6271045242751,-1.107575379926788,#c8102e
26.6261371346478,-1.107952759674802,#c8102e
26.6251689756479,-1.108328161214681,#c8102e
26.6242000513207,-1.108701582977902,#c8102e
26.6232303657144,-1.109073023404211,#c8102e
26.6222599228808,-1.109442480941634,#c8102e
26.6212887268746,-1.109809954046482,#c8102e
26.6203167817538,-1.110175441183357,#c8102e
26.6193440915792,-1.110538940825159,#c8102e
26.6183706604152,-1.110900451453093,#c8102e
26.6173964923289,-1.111259971556673,#c8102e
26.6164215913907,-1.111617499633732,#c8102e
26.6154459616739,-1.111973034190425,#c8102e
26.6144696072550,-1.112326573741237,#c8102e
26.6134925322135,-1.112678116808988,#c8102e
26.6125147406318,-1.113027661924839,#c8102e
26.6115362365955,-1.113375207628301,#c8102e
26.6105570241928,-1.113720752467239,#c8102e
26.6095771075153,-1.114064294997876,#c8102e
26.6085964906573,-1.114405833784803,#c8102e
26.6076151777160,-1.114745367400982,#c8102e
26.6066331727916,-1.115082894427754,#c8102e
26.6056504799873,-1.115418413454843,#c8102e
26.6046671034089,-1.115751923080366,#c8102e
26.6036830471653,-1.116083421910831,#c8102e
26.6026983153681,-1.116412908561152,#c8102e
26.6017129121317,-1.116740381654647,#c8102e
26.6007268415734,-1.117065839823049,#c8102e
26.5997401078134,-1.117389281706510,#c8102e
26.5987527149743,-1.117710705953606,#c8102e
26.5977646671819,-1.118030111221344,#c8102e
26.5967759685643,-1.118347496175165,#c8102e
26.5957866232527,-1.118662859488953,#c8102e
26.5947966353809,-1.118976199845038,#c8102e
26.5938060090851,-1.119287515934204,#c8102e
26.5928147485045,-1.119596806455691,#c8102e
26.5918228577810,-1.119904070117204,#c8102e
26.5908303410587,-1.120209305634915,#c8102e
26.5898372024848,-1.120512511733471,#c8102e
26.5888434462088,-1.120813687145999,#c8102e
26.5878490763828,-1.121112830614110,#c8102e
26.5868540971617,-1.121409940887905,#c8102e
26.5858585127027,-1.121705016725980,#c8102e
26.5848623271656,-1.121998056895433,#c8102e
26.5838655447128,-1.122289060171866,#c8102e
26.5828681695089,-1.122578025339392,#c8102e
26.5818702057215,-1.122864951190639,#c8102e
26.5808716575201,-1.123149836526757,#c8102e
26.5798725290770,-1.123432680157422,#c8102e
26.5788728245668,-1.123713480900839,#c8102e
26.5778725481665,-1.123992237583750,#c8102e
26.5768717040555,-1.124268949041439,#c8102e
26.5758702964157,-1.124543614117732,#c8102e
26.5748683294312,-1.124816231665008,#c8102e
26.5738658072883,-1.125086800544200,#c8102e
26.5728627341761,-1.125355319624802,#c8102e
26.5718591142854,-1.125621787784872,#c8102e
26.5708549518098,-1.125886203911035,#c8102e
26.5698502509448,-1.126148566898495,#c8102e
26.5688450158884,-1.126408875651029,#c8102e
26.5678392508408,-1.126667129081001,#c8102e
26.5668329600041,-1.126923326109361,#c8102e
26.5658261475831,-1.127177465665652,#c8102e
26.5648188177844,-1.127429546688012,#c8102e
26.5638109748168,-1.127679568123182,#c8102e
26.5628026228916,-1.127927528926508,#c8102e
26.5617937662216,-1.128173428061946,#c8102e
26.5607844090224,-1.128417264502065,#c8102e
26.5597745555111,-1.128659037228053,#c8102e
26.5587642099073,-1.128898745229721,#c8102e
26.5577533764324,-1.129136387505508,#c8102e
26.5567420593099,-1.129371963062482,#c8102e
26.5557302627655,-1.129605470916348,#c8102e
26.5547179910265,-1.129836910091450,#c8102e
26.5537052483227,-1.130066279620774,#c8102e
26.5526920388853,-1.130293578545956,#c8102e
26.5516783669481,-1.130518805917282,#c8102e
26.5506642367462,-1.130741960793693,#c8102e
26.5496496525170,-1.130963042242791,#c8102e
26.5486346184997,-1.131182049340841,#c8102e
26.5476191389354,-1.131398981172773,#c8102e
26.5466032180670,-1.131613836832191,#c8102e
26.5455868601393,-1.131826615421373,#c8102e
26.5445700693989,-1.132037316051273,#c8102e
26.5435528500942,-1.132245937841531,#c8102e
26.5425352064754,-1.132452479920470,#c8102e
26.5415171427945,-1.132656941425104,#c8102e
26.5404986633053,-1.132859321501141,#c8102e
26.5394797722631,-1.133059619302984,#c8102e
26.5384604739252,-1.133257833993736,#c8102e
26.5374407725505,-1.133453964745206,#c8102e
26.5364206723996,-1.133648010737909,#c8102e
26.5354001777346,-1.133839971161070,#c8102e
26.5343792928196,-1.134029845212628,#c8102e
26.5333580219200,-1.134217632099242,#c8102e
26.5323363693029,-1.134403331036288,#c8102e
26.5313143392370,-1.134586941247869,#c8102e
26.5302919359928,-1.134768461966814,#c8102e
26.5292691638420,-1.134947892434681,#c8102e
26.5282460270581,-1.135125231901765,#c8102e
26.5272225299159,-1.135300479627095,#c8102e
26.5261986766920,-1.135473634878440,#c8102e
26.5251744716642,-1.135644696932314,#c8102e
26.5241499191119,-1.135813665073974,#c8102e
26.5231250233161,-1.135980538597428,#c8102e
26.5220997885589,-1.136145316805435,#c8102e
26.5210742191240,-1.136307999009510,#c8102e
26.5200483192966,-1.136468584529923,#c8102e
26.5190220933631,-1.136627072695708,#c8102e
26.5179955456114,-1.136783462844659,#c8102e
26.5169686803307,-1.136937754323338,#c8102e
26.5159415018114,-1.137089946487076,#c8102e
26.5149140143453,-1.137240038699973,#c8102e
26.5138862222257,-1.137388030334907,#c8102e
26.5128581297468,-1.137533920773529,#c8102e
26.5118297412043,-1.137677709406272,#c8102e
26.5108010608951,-1.137819395632349,#c8102e
26.5097720931172,-1.137958978859758,#c8102e
26.5087428421700,-1.138096458505286,#c8102e
26.5077133123540,-1.138231833994507,#c8102e
26.5066835079707,-1.138365104761785,#c8102e
26.5056534333230,-1.138496270250283,#c8102e
26.5046230927148,-1.138625329911956,#c8102e
26.5035924904510,-1.138752283207560,#c8102e
26.5025616308380,-1.138877129606651,#c8102e
26.5015305181827,-1.138999868587589,#c8102e
26.5004991567936,-1.139120499637538,#c8102e
26.4994675509798,-1.139239022252470,#c8102e
26.4984357050518,-1.139355435937168,#c8102e
26.4974036233207,-1.139469740205225,#c8102e
26.4963713100990,-1.139581934579048,#c8102e
26.4953387696999,-1.139692018589860,#c8102e
26.4943060064376,-1.139799991777702,#c8102e
26.4932730246273,-1.139905853691433,#c8102e
26.4922398285850,-1.140009603888735,#c8102e
26.4912064226278,-1.140111241936113,#c8102e
26.4901728110733,-1.140210767408897,#c8102e
26.4891389982404,-1.140308179891244,#c8102e
26.4881049884485,-1.140403478976139,#c8102e
26.4870707860181,-1.140496664265398,#c8102e
26.4860363952703,-1.140587735369669,#c8102e
26.4850018205270,-1.140676691908433,#c8102e
26.4839670661110,-1.140763533510006,#c8102e
26.4829321363457,-1.140848259811543,#c8102e
26.4818970355554,-1.140930870459033,#c8102e
26.4808617680649,-1.141011365107310,#c8102e
26.4798263381999,-1.141089743420045,#c8102e
26.4787907502867,-1.141166005069754,#c8102e
26.4777550086522,-1.141240149737795,#c8102e
26.4767191176240,-1.141312177114373,#c8102e
26.4756830815304,-1.141382086898540,#c8102e
26.4746469047001,-1.141449878798193,#c8102e
26.4736105914626,-1.141515552530080,#c8102e
26.4725741461479,-1.141579107819801,#c8102e
26.4715375730865,-1.141640544401804,#c8102e
26.4705008766095,-1.141699862019392,#c8102e
26.4694640610484,-1.141757060424720,#c8102e
26.4684271307354,-1.141812139378798,#c8102e
26.4673900900030,-1.141865098651492,#c8102e
26.4663529431843,-1.141915938021526,#c8102e
26.4653156946126,-1.141964657276477,#c8102e
26.4642783486219,-1.142011256212787,#c8102e
26.4632409095465,-1.142055734635750,#c8102e
26.4622033817211,-1.142098092359526,#c8102e
26.4611657694808,-1.142138329207133,#c8102e
26.4601280771609,-1.142176445010450,#c8102e
26.4590903090972,-1.142212439610221,#c8102e
26.4580524696258,-1.142246312856050,#c8102e
26.4570145630830,-1.142278064606406,#c8102e
26.4559765938055,-1.142307694728622,#c8102e
26.4549385661301,-1.142335203098896,#c8102e
26.4539004843941,-1.142360589602291,#c8102e
26.4528623529347,-1.142383854132735,#c8102e
26.4518241760897,-1.142404996593023,#c8102e
26.4507859581967,-1.142424016894817,#c8102e
26.4497477035937,-1.142440914958644,#c8102e
26.4487094166188,-1.142455690713901,#c8102e
26.4476711016102,-1.142468344098849,#c8102e
26.4466327629062,-1.142478875060621,#c8102e
26.4455944048454,-1.142487283555216,#c8102e
26.4445560317663,-1.142493569547499,#c8102e
26.4435176480073,-1.142497733011207,#c8102e
26.4424792579073,-1.142499773928944,#c8102e
26.4414408658048,-1.142499692292182,#c8102e
26.4404024760385,-1.142497488101263,#c8102e
26.4393640929470,-1.142493161365395,#c8102e
26.4383257208691,-1.142486712102657,#c8102e
26.4372873641432,-1.142478140339997,#c8102e
26.4362490271080,-1.142467446113228,#c8102e
26.4352107141018,-1.142454629467035,#c8102e
26.4341724294630,-1.142439690454968,#c8102e
26.4331341775299,-1.142422629139447,#c8102e
26.4320959626404,-1.142403445591758,#c8102e
26.4310577891325,-1.142382139892054,#c8102e
26.4300196613441,-1.142358712129357,#c8102e
26.4289815836126,-1.142333162401555,#c8102e
26.4279435602754,-1.142305490815399,#c8102e
26.4269055956696,-1.142275697486510,#c8102e
26.4258676941322,-1.142243782539372,#c8102e
26.4248298599998,-1.142209746107333,#c8102e
26.4237920976086,-1.142173588332606,#c8102e
26.4227544112947,-1.142135309366268,#c8102e
26.4217168053939,-1.142094909368259,#c8102e
26.4206792842415,-1.142052388507380,#c8102e
26.4196418521726,-1.142007746961295,#c8102e
26.4186045135219,-1.141960984916526,#c8102e
26.4175672726235,-1.141912102568459,#c8102e
26.4165301338113,-1.141861100121336,#c8102e
26.4154931014189,-1.141807977788258,#c8102e
26.4144561797792,-1.141752735791185,#c8102e
26.4134193732246,-1.141695374360932,#c8102e
26.4123826860873,-1.141635893737170,#c8102e
26.4113461226988,-1.141574294168423,#c8102e
26.4103096873902,-1.141510575912072,#c8102e
26.4092733844918,-1.141444739234347,#c8102e
26.4082372183338,-1.141376784410332,#c8102e
26.4072011932453,-1.141306711723959,#c8102e
26.4061653135553,-1.141234521468009,#c8102e
26.4051295835919,-1.141160213944113,#c8102e
26.4040940076826,-1.141083789462746,#c8102e
26.4030585901544,-1.141005248343230,#c8102e
26.4020233353334,-1.140924590913729,#c8102e
26.4009882475453,-1.140841817511252,#c8102e
26.3999533311150,-1.140756928481648,#c8102e
26.3989185903664,-1.140669924179603,#c8102e
26.3978840296232,-1.140580804968646,#c8102e
26.3968496532079,-1.140489571221139,#c8102e
26.3958154654424,-1.140396223318280,#c8102e
26.3947814706479,-1.140300761650101,#c8102e
26.3937476731446,-1.140203186615465,#c8102e
26.3927140772520,-1.140103498622067,#c8102e
26.3916806872887,-1.140001698086428,#c8102e
26.3906475075725,-1.139897785433897,#c8102e
26.3896145424204,-1.139791761098649,#c8102e
26.3885817961482,-1.139683625523681,#c8102e
26.3875492730712,-1.139573379160810,#c8102e
26.3865169775033,-1.139461022470676,#c8102e
26.3854849137579,-1.139346555922732,#c8102e
26.3844530861471,-1.139229979995250,#c8102e
26.3834214989822,-1.139111295175315,#c8102e
26.3823901565735,-1.138990501958821,#c8102e
26.3813590632301,-1.138867600850476,#c8102e
26.3803282232602,-1.138742592363790,#c8102e
26.3792976409710,-1.138615477021082,#c8102e
26.3782673206684,-1.138486255353474,#c8102e
26.3772372666575,-1.138354927900885,#c8102e
26.3762074832420,-1.138221495212037,#c8102e
26.3751779747247,-1.138085957844445,#c8102e
26.3741487454071,-1.137948316364421,#c8102e
26.3731197995896,-1.137808571347065,#c8102e
26.3720911415714,-1.137666723376268,#c8102e
26.3710627756505,-1.137522773044708,#c8102e
26.3700347061237,-1.137376720953847,#c8102e
26.3690069372865,-1.137228567713929,#c8102e
26.3679794734332,-1.137078313943975,#c8102e
26.3669523188568,-1.136925960271784,#c8102e
26.3659254778490,-1.136771507333931,#c8102e
26.3648989547003,-1.136614955775759,#c8102e
26.3638727536997,-1.136456306251381,#c8102e
26.3628468791349,-1.136295559423676,#c8102e
26.3618213352924,-1.136132715964285,#c8102e
26.3607961264571,-1.135967776553612,#c8102e
26.3597712569125,-1.135800741880815,#c8102e
26.3587467309410,-1.135631612643808,#c8102e
26.3577225528231,-1.135460389549257,#c8102e
26.3566987268382,-1.135287073312577,#c8102e
26.3556752572641,-1.135111664657928,#c8102e
26.3546521483771,-1.134934164318212,#c8102e
26.3536294044521,-1.134754573035072,#c8102e
26.3526070297622,-1.134572891558887,#c8102e
26.3515850285793,-1.134389120648768,#c8102e
26.3505634051736,-1.134203261072559,#c8102e
26.3495421638136,-1.134015313606828,#c8102e
26.3485213087664,-1.133825279036869,#c8102e
26.3475008442973,-1.133633158156695,#c8102e
26.3464807746702,-1.133438951769037,#c8102e
26.3454611041470,-1.133242660685340,#c8102e
26.3444418369884,-1.133044285725759,#c8102e
26.3434229774531,-1.132843827719155,#c8102e
26.3424045297980,-1.132641287503094,#c8102e
26.3413864982786,-1.132436665923842,#c8102e
26.3403688871484,-1.132229963836360,#c8102e
26.3393517006593,-1.132021182104302,#c8102e
26.3383349430614,-1.131810321600014,#c8102e
26.3373186186029,-1.131597383204525,#c8102e
26.3363027315303,-1.131382367807547,#c8102e
26.3352872860882,-1.131165276307469,#c8102e
26.3342722865194,-1.130946109611356,#c8102e
26.3332577370650,-1.130724868634943,#c8102e
26.3322436419638,-1.130501554302633,#c8102e
26.3312300054531,-1.130276167547490,#c8102e
26.3302168317681,-1.130048709311238,#c8102e
26.3292041251421,-1.129819180544257,#c8102e
26.3281918898064,-1.129587582205578,#c8102e
26.3271801299905,-1.129353915262878,#c8102e
26.3261688499217,-1.129118180692478,#c8102e
26.3251580538254,-1.128880379479338,#c8102e
26.3241477459250,-1.128640512617054,#c8102e
26.3231379304418,-1.128398581107851,#c8102e
26.3221286115951,-1.128154585962581,#c8102e
26.3211197936021,-1.127908528200719,#c8102e
26.3201114806778,-1.127660408850358,#c8102e
26.3191036770354,-1.127410228948206,#c8102e
26.3180963868855,-1.127157989539578,#c8102e
26.3170896144370,-1.126903691678397,#c8102e
26.3160833638965,-1.126647336427183,#c8102e
26.3150776394682,-1.126388924857057,#c8102e
26.3140724453544,-1.126128458047728,#c8102e
26.3130677857550,-1.125865937087493,#c8102e
26.3120636648677,-1.125601363073235,#c8102e
26.3110600868881,-1.125334737110410,#c8102e
26.3100570560093,-1.125066060313052,#c8102e
26.3090545764223,-1.124795333803762,#c8102e
26.3080526523156,-1.124522558713704,#c8102e
26.3070512878757,-1.124247736182604,#c8102e
26.3060504872863,-1.123970867358743,#c8102e
26.3050502547293,-1.123691953398948,#c8102e
26.3040505943836,-1.123410995468595,#c8102e
26.3030515104263,-1.123127994741599,#c8102e
26.3020530070318,-1.122842952400410,#c8102e
26.3010550883719,-1.122555869636008,#c8102e
26.3000577586164,-1.122266747647900,#c8102e
26.2990610219323,-1.121975587644113,#c8102e
26.2980648824843,-1.121682390841188,#c8102e
26.2970693444344,-1.121387158464177,#c8102e
26.2960744119423,-1.121089891746637,#c8102e
26.2950800891650,-1.120790591930626,#c8102e
26.2940863802572,-1.120489260266696,#c8102e
26.2930932893707,-1.120185898013888,#c8102e
26.2921008206550,-1.119880506439729,#c8102e
26.2911089782568,-1.119573086820223,#c8102e
26.2901177663204,-1.119263640439849,#c8102e
26.2891271889873,-1.118952168591555,#c8102e
26.2881372503963,-1.118638672576750,#c8102e
26.2871479546837,-1.118323153705301,#c8102e
26.2861593059830,-1.118005613295529,#c8102e
26.2851713084250,-1.117686052674199,#c8102e
26.2841839661379,-1.117364473176517,#c8102e
26.2831972832470,-1.117040876146127,#c8102e
26.2822112638750,-1.116715262935101,#c8102e
26.2812259121416,-1.116387634903935,#c8102e
26.2802412321640,-1.116057993421543,#c8102e
26.2792572280564,-1.115726339865253,#c8102e
26.2782739039302,-1.115392675620799,#c8102e
26.2772912638939,-1.115057002082317,#c8102e
26.2763093120534,-1.114719320652338,#c8102e
26.2753280525115,-1.114379632741782,#c8102e
26.2743474893681,-1.114037939769953,#c8102e
26.2733676267202,-1.113694243164532,#c8102e
26.2723884686621,-1.113348544361574,#c8102e
26.2714100192848,-1.113000844805497,#c8102e
26.2704322826765,-1.112651145949080,#c8102e
26.2694552629226,-1.112299449253455,#c8102e
26.2684789641053,-1.111945756188102,#c8102e
26.2675033903037,-1.111590068230842,#c8102e
26.2665285455942,-1.111232386867831,#c8102e
26.2655544340497,-1.110872713593555,#c8102e
26.2645810597405,-1.110511049910822,#c8102e
26.2636084267336,-1.110147397330756,#c8102e
26.2626365390927,-1.109781757372792,#c8102e
26.2616654008789,-1.109414131564668,#c8102e
26.2606950161496,-1.109044521442419,#c8102e
26.2597253889595,-1.108672928550373,#c8102e
26.2587565233599,-1.108299354441141,#c8102e
26.2577884233989,-1.107923800675612,#c8102e
26.2568210931216,-1.107546268822947,#c8102e
26.2558545365696,-1.107166760460572,#c8102e
26.2548887577816,-1.106785277174170,#c8102e
26.2539237607927,-1.106401820557678,#c8102e
26.2529595496351,-1.106016392213277,#c8102e
26.2519961283373,-1.105628993751385,#c8102e
26.2510335009249,-1.105239626790655,#c8102e
26.2500716714199,-1.104848292957961,#c8102e
26.2491106438412,-1.104454993888399,#c8102e
26.2481504222041,-1.104059731225273,#c8102e
26.2471910105207,-1.103662506620092,#c8102e
26.2462324127996,-1.103263321732565,#c8102e
26.2452746330462,-1.102862178230588,#c8102e
26.2443176752623,-1.102459077790244,#c8102e
26.2433615434463,-1.102054022095789,#c8102e
26.2424062415931,-1.101647012839652,#c8102e
26.2414517736943,-1.101238051722423,#c8102e
26.2404981437379,-1.100827140452847,#c8102e
26.2395453557084,-1.100414280747817,#c8102e
26.2385934135868,-1.099999474332368,#c8102e
26.2376423213505,-1.099582722939670,#c8102e
26.2366920829735,-1.099164028311016,#c8102e
26.2357427024260,-1.098743392195821,#c8102e
26.2347941836750,-1.098320816351612,#c8102e
26.2338465306834,-1.097896302544021,#c8102e
26.2328997474109,-1.097469852546775,#c8102e
26.2319538378134,-1.097041468141694,#c8102e
26.2310088058431,-1.096611151118677,#c8102e
26.2300646554485,-1.096178903275701,#c8102e
26.2291213905747,-1.095744726418809,#c8102e
26.2281790151628,-1.095308622362105,#c8102e
26.2272375331503,-1.094870592927744,#c8102e
26.2262969484710,-1.094430639945926,#c8102e
26.2253572650548,-1.093988765254889,#c8102e
26.2244184868280,-1.093544970700899,#c8102e
26.2234806177131,-1.093099258138246,#c8102e
26.2225436616287,-1.092651629429231,#c8102e
26.2216076224897,-1.092202086444162,#c8102e
26.2206725042070,-1.091750631061348,#c8102e
26.2197383106879,-1.091297265167085,#c8102e
26.2188050458356,-1.090841990655653,#c8102e
26.2178727135496,-1.090384809429308,#c8102e
26.2169413177254,-1.089925723398270,#c8102e
26.2160108622546,-1.089464734480719,#c8102e
26.2150813510249,-1.089001844602787,#c8102e
26.2141527879201,-1.088537055698548,#c8102e
26.2132251768198,-1.088070369710009,#c8102e
26.2122985216000,-1.087601788587105,#c8102e
26.2113728261323,-1.087131314287691,#c8102e
26.0000000000000,-0.965000000000000,#c8102e
26.0000000000000,-0.915000000000000,#c8102e
26.2340723511193,-1.042580988078273,#c8102e
26.2349069348283,-1.043005155852154,#c8102e
26.2357423838257,-1.043427616785795,#c8102e
26.2365786946209,-1.043848369114045,#c8102e
26.2374158637193,-1.044267411078891,#c8102e
26.2382538876233,-1.044684740929467,#c8102e
26.2390927628312,-1.045100356922062,#c8102e
26.2399324858381,-1.045514257320124,#c8102e
26.2407730531353,-1.045926440394270,#c8102e
26.2416144612107,-1.046336904422293,#c8102e
26.2424567065488,-1.046745647689168,#c8102e
26.2432997856304,-1.047152668487060,#c8102e
26.2441436949330,-1.047557965115330,#c8102e
26.2449884309303,-1.047961535880545,#c8102e
26.2458339900930,-1.048363379096480,#c8102e
26.2466803688880,-1.048763493084132,#c8102e
26.2475275637790,-1.049161876171721,#c8102e
26.2483755712261,-1.049558526694698,#c8102e
26.2492243876862,-1.049953442995756,#c8102e
26.2500740096126,-1.050346623424832,#c8102e
26.2509244334556,-1.050738066339116,#c8102e
26.2517756556617,-1.051127770103059,#c8102e
26.2526276726743,-1.051515733088377,#c8102e
26.2534804809335,-1.051901953674061,#c8102e
26.2543340768760,-1.052286430246381,#c8102e
26.2551884569353,-1.052669161198895,#c8102e
26.2560436175416,-1.053050144932453,#c8102e
26.2568995551217,-1.053429379855207,#c8102e
26.2577562660994,-1.053806864382616,#c8102e
26.2586137468951,-1.054182596937450,#c8102e
26.2594719939261,-1.054556575949803,#c8102e
26.2603310036062,-1.054928799857094,#c8102e
26.2611907723464,-1.055299267104074,#c8102e
26.2620512965544,-1.055667976142836,#c8102e
26.2629125726346,-1.056034925432818,#c8102e
26.2637745969884,-1.056400113440810,#c8102e
26.2646373660141,-1.056763538640963,#c8102e
26.2655008761068,-1.057125199514793,#c8102e
26.2663651236584,-1.057485094551185,#c8102e
26.2672301050580,-1.057843222246407,#c8102e
26.2680958166915,-1.058199581104108,#c8102e
26.2689622549416,-1.058554169635328,#c8102e
26.2698294161882,-1.058906986358504,#c8102e
26.2706972968081,-1.059258029799477,#c8102e
26.2715658931749,-1.059607298491497,#c8102e
26.2724352016596,-1.059954790975230,#c8102e
26.2733052186299,-1.060300505798760,#c8102e
26.2741759404506,-1.060644441517602,#c8102e
26.2750473634836,-1.060986596694705,#c8102e
26.2759194840880,-1.061326969900454,#c8102e
26.2767922986197,-1.061665559712683,#c8102e
26.2776658034320,-1.062002364716675,#c8102e
26.2785399948751,-1.062337383505173,#c8102e
26.2794148692963,-1.062670614678382,#c8102e
26.2802904230403,-1.063002056843974,#c8102e
26.2811666524488,-1.063331708617099,#c8102e
26.2820435538606,-1.063659568620387,#c8102e
26.2829211236118,-1.063985635483954,#c8102e
26.2837993580357,-1.064309907845407,#c8102e
26.2846782534628,-1.064632384349854,#c8102e
26.2855578062209,-1.064953063649903,#c8102e
26.2864380126350,-1.065271944405674,#c8102e
26.2873188690273,-1.065589025284801,#c8102e
26.2882003717174,-1.065904304962437,#c8102e
26.2890825170221,-1.066217782121262,#c8102e
26.2899653012556,-1.066529455451488,#c8102e
26.2908487207295,-1.066839323650863,#c8102e
26.2917327717525,-1.067147385424677,#c8102e
26.2926174506308,-1.067453639485769,#c8102e
26.2935027536682,-1.067758084554530,#c8102e
26.2943886771654,-1.068060719358909,#c8102e
26.2952752174209,-1.068361542634421,#c8102e
26.2961623707305,-1.068660553124147,#c8102e
26.2970501333875,-1.068957749578744,#c8102e
26.2979385016826,-1.069253130756449,#c8102e
26.2988274719038,-1.069546695423083,#c8102e
26.2997170403369,-1.069838442352057,#c8102e
26.3006072032651,-1.070128370324376,#c8102e
26.3014979569689,-1.070416478128646,#c8102e
26.3023892977266,-1.070702764561079,#c8102e
26.3032812218140,-1.070987228425495,#c8102e
26.3041737255043,-1.071269868533331,#c8102e
26.3050668050684,-1.071550683703644,#c8102e
26.3059604567749,-1.071829672763115,#c8102e
26.3068546768897,-1.072106834546055,#c8102e
26.3077494616767,-1.072382167894411,#c8102e
26.3086448073972,-1.072655671657769,#c8102e
26.3095407103102,-1.072927344693360,#c8102e
26.3104371666724,-1.073197185866062,#c8102e
26.3113341727381,-1.073465194048411,#c8102e
26.3122317247594,-1.073731368120598,#c8102e
26.3131298189862,-1.073995706970480,#c8102e
26.3140284516660,-1.074258209493580,#c8102e
26.3149276190440,-1.074518874593094,#c8102e
26.3158273173633,-1.074777701179897,#c8102e
26.3167275428647,-1.075034688172544,#c8102e
26.3176282917868,-1.075289834497276,#c8102e
26.3185295603661,-1.075543139088028,#c8102e
26.3194313448369,-1.075794600886425,#c8102e
26.3203336414312,-1.076044218841797,#c8102e
26.3212364463791,-1.076291991911174,#c8102e
26.3221397559083,-1.076537919059297,#c8102e
26.3230435662446,-1.076781999258618,#c8102e
26.3239478736117,-1.077024231489307,#c8102e
26.3248526742311,-1.077264614739255,#c8102e
26.3257579643224,-1.077503148004079,#c8102e
26.3266637401029,-1.077739830287125,#c8102e
26.3275699977882,-1.077974660599473,#c8102e
26.3284767335917,-1.078207637959941,#c8102e
26.3293839437247,-1.078438761395090,#c8102e
26.3302916243968,-1.078668029939226,#c8102e
26.3311997718154,-1.078895442634406,#c8102e
26.3321083821859,-1.079120998530441,#c8102e
26.3330174517121,-1.079344696684900,#c8102e
26.3339269765956,-1.079566536163114,#c8102e
26.3348369530361,-1.079786516038180,#c8102e
26.3357473772316,-1.080004635390966,#c8102e
26.3366582453780,-1.080220893310112,#c8102e
26.3375695536696,-1.080435288892037,#c8102e
26.3384812982985,-1.080647821240941,#c8102e
26.3393934754554,-1.080858489468809,#c8102e
26.3403060813289,-1.081067292695413,#c8102e
26.3412191121059,-1.081274230048321,#c8102e
26.3421325639715,-1.081479300662894,#c8102e
26.3430464331091,-1.081682503682295,#c8102e
26.3439607157003,-1.081883838257488,#c8102e
26.3448754079250,-1.082083303547246,#c8102e
26.3457905059614,-1.082280898718151,#c8102e
26.3467060059859,-1.082476622944599,#c8102e
26.3476219041734,-1.082670475408804,#c8102e
26.3485381966971,-1.082862455300800,#c8102e
26.3494548797283,-1.083052561818446,#c8102e
26.3503719494369,-1.083240794167426,#c8102e
26.3512894019913,-1.083427151561259,#c8102e
26.3522072335580,-1.083611633221294,#c8102e
26.3531254403022,-1.083794238376719,#c8102e
26.3540440183872,-1.083974966264562,#c8102e
26.3549629639751,-1.084153816129697,#c8102e
26.3558822732262,-1.084330787224841,#c8102e
26.3568019422995,-1.084505878810563,#c8102e
26.3577219673524,-1.084679090155287,#c8102e
26.3586423445406,-1.084850420535290,#c8102e
26.3595630700187,-1.085019869234708,#c8102e
26.3604841399396,-1.085187435545543,#c8102e
26.3614055504549,-1.085353118767658,#c8102e
26.3623272977147,-1.085516918208786,#c8102e
26.3632493778676,-1.085678833184530,#c8102e
26.3641717870609,-1.085838863018368,#c8102e
26.3650945214407,-1.085997007041654,#c8102e
26.3660175771515,-1.086153264593622,#c8102e
26.3669409503365,-1.086307635021386,#c8102e
26.3678646371377,-1.086460117679947,#c8102e
26.3687886336955,-1.086610711932193,#c8102e
26.3697129361494,-1.086759417148903,#c8102e
26.3706375406374,-1.086906232708747,#c8102e
26.3715624432962,-1.087051157998292,#c8102e
26.3724876402613,-1.087194192412003,#c8102e
26.3734131276670,-1.087335335352245,#c8102e
26.3743389016465,-1.087474586229286,#c8102e
26.3752649583315,-1.087611944461300,#c8102e
26.3761912938528,-1.087747409474369,#c8102e
26.3771179043398,-1.087880980702485,#c8102e
26.3780447859211,-1.088012657587552,#c8102e
26.3789719347238,-1.088142439579391,#c8102e
26.3798993468741,-1.088270326135739,#c8102e
26.3808270184970,-1.088396316722253,#c8102e
26.3817549457164,-1.088520410812512,#c8102e
26.3826831246552,-1.088642607888017,#c8102e
26.3836115514353,-1.088762907438199,#c8102e
26.3845402221774,-1.088881308960415,#c8102e
26.3854691330014,-1.088997811959952,#c8102e
26.3863982800259,-1.089112415950031,#c8102e
26.3873276593688,-1.089225120451807,#c8102e
26.3882572671469,-1.089335924994370,#c8102e
26.3891870994761,-1.089444829114752,#c8102e
26.3901171524712,-1.089551832357922,#c8102e
26.3910474222463,-1.089656934276794,#c8102e
26.3919779049144,-1.089760134432223,#c8102e
26.3929085965878,-1.089861432393014,#c8102e
26.3938394933777,-1.089960827735917,#c8102e
26.3947705913948,-1.090058320045633,#c8102e
26.3957018867485,-1.090153908914813,#c8102e
26.3966333755477,-1.090247593944063,#c8102e
26.3975650539004,-1.090339374741942,#c8102e
26.3984969179138,-1.090429250924966,#c8102e
26.3994289636943,-1.090517222117610,#c8102e
26.4003611873477,-1.090603287952307,#c8102e
26.4012935849788,-1.090687448069452,#c8102e
26.4022261526918,-1.090769702117401,#c8102e
26.4031588865902,-1.090850049752477,#c8102e
26.4040917827769,-1.090928490638966,#c8102e
26.4050248373539,-1.091005024449121,#c8102e
26.4059580464227,-1.091079650863165,#c8102e
26.4068914060841,-1.091152369569290,#c8102e
26.4078249124383,-1.091223180263657,#c8102e
26.4087585615848,-1.091292082650401,#c8102e
26.4096923496227,-1.091359076441630,#c8102e
26.4106262726503,-1.091424161357427,#c8102e
26.4115603267655,-1.091487337125851,#c8102e
26.4124945080655,-1.091548603482935,#c8102e
26.4134288126470,-1.091607960172695,#c8102e
26.4143632366064,-1.091665406947122,#c8102e
26.4152977760394,-1.091720943566188,#c8102e
26.4162324270411,-1.091774569797848,#c8102e
26.4171671857064,-1.091826285418037,#c8102e
26.4181020481296,-1.091876090210674,#c8102e
26.4190370104047,-1.091923983967661,#c8102e
26.4199720686251,-1.091969966488886,#c8102e
26.4209072188839,-1.092014037582222,#c8102e
26.4218424572737,-1.092056197063529,#c8102e
26.4227777798871,-1.092096444756654,#c8102e
26.4237131828158,-1.092134780493430,#c8102e
26.4246486621515,-1.092171204113683,#c8102e
26.4255842139857,-1.092205715465223,#c8102e
26.4265198344092,-1.092238314403855,#c8102e
26.4274555195129,-1.092269000793370,#c8102e
26.4283912653872,-1.092297774505554,#c8102e
26.4293270681223,-1.092324635420183,#c8102e
26.4302629238082,-1.092349583425024,#c8102e
26.4311988285346,-1.092372618415838,#c8102e
26.4321347783911,-1.092393740296379,#c8102e
26.4330707694671,-1.092412948978395,#c8102e
26.4340067978517,-1.092430244381627,#c8102e
26.4349428596340,-1.092445626433810,#c8102e
26.4358789509028,-1.092459095070673,#c8102e
26.4368150677470,-1.092470650235942,#c8102e
26.4377512062551,-1.092480291881336,#c8102e
26.4386873625158,-1.092488019966569,#c8102e
26.4396235326176,-1.092493834459352,#c8102e
26.4405597126489,-1.092497735335390,#c8102e
26.4414958986980,-1.092499722578385,#c8102e
26.4424320868534,-1.092499796180032,#c8102e
26.4433682732035,-1.092497956140025,#c8102e
26.4443044538365,-1.092494202466052,#c8102e
26.4452406248410,-1.092488535173797,#c8102e
26.4461767823052,-1.092480954286938,#c8102e
26.4471129223178,-1.092471459837152,#c8102e
26.4480490409673,-1.092460051864107,#c8102e
26.4489851343423,-1.092446730415470,#c8102e
26.4499211985317,-1.092431495546902,#c8102e
26.4508572296242,-1.092414347322056,#c8102e
26.4517932237089,-1.092395285812584,#c8102e
26.4527291768750,-1.092374311098128,#c8102e
26.4536650852118,-1.092351423266327,#c8102e
26.4546009448089,-1.092326622412813,#c8102e
26.4555367517559,-1.092299908641208,#c8102e
26.4564725021429,-1.092271282063131,#c8102e
26.4574081920601,-1.092240742798191,#c8102e
26.4583438175978,-1.092208290973989,#c8102e
26.4592793748469,-1.092173926726116,#c8102e
26.4602148598982,-1.092137650198155,#c8102e
26.4611502688431,-1.092099461541680,#c8102e
26.4620855977733,-1.092059360916252,#c8102e
26.4630208427806,-1.092017348489423,#c8102e
26.4639559999575,-1.091973424436730,#c8102e
26.4648910653964,-1.091927588941700,#c8102e
26.4658260351906,-1.091879842195845,#c8102e
26.4667609054334,-1.091830184398665,#c8102e
26.4676956722188,-1.091778615757641,#c8102e
26.4686303316410,-1.091725136488241,#c8102e
26.4695648797948,-1.091669746813915,#c8102e
26.4704993127754,-1.091612446966096,#c8102e
26.4714336266784,-1.091553237184197,#c8102e
26.4723678176002,-1.091492117715612,#c8102e
26.4733018816374,-1.091429088815715,#c8102e
26.4742358148872,-1.091364150747855,#c8102e
26.4751696134474,-1.091297303783361,#c8102e
26.4761032734164,-1.091228548201537,#c8102e
26.4770367908931,-1.091157884289661,#c8102e
26.4779701619771,-1.091085312342987,#c8102e
26.4789033827684,-1.091010832664737,#c8102e
26.4798364493678,-1.090934445566108,#c8102e
26.4807693578767,-1.090856151366264,#c8102e
26.4817021043972,-1.090775950392340,#c8102e
26.4826346850321,-1.090693842979434,#c8102e
26.4835670958847,-1.090609829470614,#c8102e
26.4844993330592,-1.090523910216909,#c8102e
26.4854313926606,-1.090436085577313,#c8102e
26.4863632707943,-1.090346355918779,#c8102e
26.4872949635668,-1.090254721616222,#c8102e
26.4882264670853,-1.090161183052512,#c8102e
26.4891577774576,-1.090065740618479,#c8102e
26.4900888907925,-1.089968394712905,#c8102e
26.4910198031995,-1.089869145742528,#c8102e
26.4919505107892,-1.089767994122034,#c8102e
26.4928810096727,-1.089664940274061,#c8102e
26.4938112959621,-1.089559984629196,#c8102e
26.4947413657706,-1.089453127625969,#c8102e
26.4956712152120,-1.089344369710858,#c8102e
26.4966008404012,-1.089233711338280,#c8102e
26.4975302374539,-1.089121152970596,#c8102e
26.4984594024869,-1.089006695078102,#c8102e
26.4993883316180,-1.088890338139035,#c8102e
26.5003170209657,-1.088772082639562,#c8102e
26.5012454666498,-1.088651929073787,#c8102e
26.5021736647911,-1.088529877943742,#c8102e
26.5031016115112,-1.088405929759388,#c8102e
26.5040293029330,-1.088280085038614,#c8102e
26.5049567351802,-1.088152344307229,#c8102e
26.5058839043780,-1.088022708098969,#c8102e
26.5068108066523,-1.087891176955487,#c8102e
26.5077374381302,-1.087757751426354,#c8102e
26.5086637949402,-1.087622432069057,#c8102e
26.5095898732115,-1.087485219448994,#c8102e
26.5105156690749,-1.087346114139476,#c8102e
26.5114411786620,-1.087205116721721,#c8102e
26.5123663981060,-1.087062227784852,#c8102e
26.5132913235409,-1.086917447925897,#c8102e
26.5142159511023,-1.086770777749782,#c8102e
26.5151402769267,-1.086622217869335,#c8102e
26.5160642971521,-1.086471768905275,#c8102e
26.5169880079177,-1.086319431486220,#c8102e
26.5179114053640,-1.086165206248672,#c8102e
26.5188344856329,-1.086009093837026,#c8102e
26.5197572448673,-1.085851094903560,#c8102e
26.5206796792119,-1.085691210108433,#c8102e
26.5216017848124,-1.085529440119686,#c8102e
26.5225235578161,-1.085365785613237,#c8102e
26.5234449943715,-1.085200247272874,#c8102e
26.5243660906286,-1.085032825790262,#c8102e
26.5252868427389,-1.084863521864929,#c8102e
26.5262072468552,-1.084692336204271,#c8102e
26.5271272991319,-1.084519269523548,#c8102e
26.5280469957247,-1.084344322545875,#c8102e
26.5289663327908,-1.084167496002227,#c8102e
26.5298853064892,-1.083988790631430,#c8102e
26.5308039129799,-1.083808207180162,#c8102e
26.5317221484250,-1.083625746402948,#c8102e
26.5326400089877,-1.083441409062156,#c8102e
26.5335574908330,-1.083255195927994,#c8102e
26.5344745901274,-1.083067107778510,#c8102e
26.5353913030390,-1.082877145399584,#c8102e
26.5363076257376,-1.082685309584928,#c8102e
26.5372235543945,-1.082491601136083,#c8102e
26.5381390851828,-1.082296020862412,#c8102e
26.5390542142771,-1.082098569581099,#c8102e
26.5399689378538,-1.081899248117149,#c8102e
26.5408832520910,-1.081698057303376,#c8102e
26.5417971531683,-1.081494997980409,#c8102e
26.5427106372673,-1.081290070996682,#c8102e
26.5436237005712,-1.081083277208433,#c8102e
26.5445363392649,-1.080874617479700,#c8102e
26.5454485495353,-1.080664092682317,#c8102e
26.5463603275709,-1.080451703695911,#c8102e
26.5472716695621,-1.080237451407898,#c8102e
26.5481825717010,-1.080021336713481,#c8102e
26.5490930301816,-1.079803360515641,#c8102e
26.5500030411998,-1.079583523725140,#c8102e
26.5509126009534,-1.079361827260514,#c8102e
26.5518217056420,-1.079138272048066,#c8102e
26.5527303514670,-1.078912859021869,#c8102e
26.5536385346320,-1.078685589123757,#c8102e
26.5545462513423,-1.078456463303322,#c8102e
26.5554534978053,-1.078225482517910,#c8102e
26.5563602702301,-1.077992647732621,#c8102e
26.5572665648282,-1.077757959920296,#c8102e
26.5581723778128,-1.077521420061524,#c8102e
26.5590777053991,-1.077283029144628,#c8102e
26.5599825438044,-1.077042788165668,#c8102e
26.5608868892481,-1.076800698128432,#c8102e
26.5617907379517,-1.076556760044436,#c8102e
26.5626940861386,-1.076310974932915,#c8102e
26.5635969300343,-1.076063343820824,#c8102e
26.5644992658666,-1.075813867742830,#c8102e
26.5654010898653,-1.075562547741307,#c8102e
26.5663023982623,-1.075309384866337,#c8102e
26.5672031872917,-1.075054380175698,#c8102e
26.5681034531898,-1.074797534734867,#c8102e
26.5690031921951,-1.074538849617011,#c8102e
26.5699024005481,-1.074278325902982,#c8102e
26.5708010744918,-1.074015964681316,#c8102e
26.5716992102713,-1.073751767048226,#c8102e
26.5725968041340,-1.073485734107599,#c8102e
26.5734938523294,-1.073217866970988,#c8102e
26.5743903511095,-1.072948166757613,#c8102e
26.5752862967284,-1.072676634594349,#c8102e
26.5761816854427,-1.072403271615730,#c8102e
26.5770765135112,-1.072128078963936,#c8102e
26.5779707771950,-1.071851057788793,#c8102e
26.5788644727578,-1.071572209247767,#c8102e
26.5797575964654,-1.071291534505960,#c8102e
26.5806501445861,-1.071009034736103,#c8102e
26.5815421133907,-1.070724711118554,#c8102e
26.5824334991521,-1.070438564841291,#c8102e
26.5833242981461,-1.070150597099905,#c8102e
26.5842145066506,-1.069860809097602,#c8102e
26.5851041209461,-1.069569202045190,#c8102e
26.5859931373156,-1.069275777161079,#c8102e
26.5868815520444,-1.068980535671274,#c8102e
26.5877693614207,-1.068683478809371,#c8102e
26.5886565617348,-1.068384607816550,#c8102e
26.5895431492799,-1.068083923941571,#c8102e
26.5904291203515,-1.067781428440770,#c8102e
26.5913144712479,-1.067477122578050,#c8102e
26.5921991982697,-1.067171007624881,#c8102e
26.5930832977205,-1.066863084860290,#c8102e
26.5939667659061,-1.066553355570857,#c8102e
26.5948495991353,-1.066241821050713,#c8102e
26.5957317937193,-1.065928482601528,#c8102e
26.5966133459720,-1.065613341532512,#c8102e
26.5974942522103,-1.065296399160407,#c8102e
26.5983745087533,-1.064977656809478,#c8102e
26.5992541119231,-1.064657115811515,#c8102e
26.6001330580446,-1.064334777505819,#c8102e
26.6010113434452,-1.064010643239206,#c8102e
26.6018889644553,-1.063684714365990,#c8102e
26.6027659174079,-1.063356992247987,#c8102e
26.6036421986390,-1.063027478254505,#c8102e
26.6045178044871,-1.062696173762339,#c8102e
26.6053927312937,-1.062363080155765,#c8102e
26.6062669754033,-1.062028198826534,#c8102e
26.6071405331629,-1.061691531173866,#c8102e
26.6080134009227,-1.061353078604447,#c8102e
26.6088855750355,-1.061012842532419,#c8102e
26.6097570518572,-1.060670824379375,#c8102e
26.6106278277465,-1.060327025574357,#c8102e
26.6114978990651,-1.059981447553845,#c8102e
26.6123672621777,-1.059634091761753,#c8102e
26.6132359134517,-1.059284959649423,#c8102e
26.6141038492578,-1.058934052675621,#c8102e
26.6149710659695,-1.058581372306525,#c8102e
26.6158375599633,-1.058226920015726,#c8102e
26.6167033276188,-1.057870697284217,#c8102e
26.6175683653186,-1.057512705600389,#c8102e
26.6184326694483,-1.057152946460024,#c8102e
26.6192962363967,-1.056791421366289,#c8102e
26.6201590625556,-1.056428131829729,#c8102e
26.6210211443197,-1.056063079368261,#c8102e
26.6218824780873,-1.055696265507170,#c8102e
26.6227430602592,-1.055327691779098,#c8102e
26.6236028872400,-1.054957359724042,#c8102e
26.6244619554368,-1.054585270889345,#c8102e
26.6253202612604,-1.054211426829691,#c8102e
26.6261778011245,-1.053835829107096,#c8102e
26.6270345714461,-1.053458479290906,#c8102e
26.6278905686454,-1.053079378957785,#c8102e
26.6287457891458,-1.052698529691712,#c8102e
26.6296002293740,-1.052315933083975,#c8102e
26.6304538857598,-1.051931590733161,#c8102e
26.6313067547366,-1.051545504245152,#c8102e
26.6321588327408,-1.051157675233117,#c8102e
26.6330101162121,-1.050768105317506,#c8102e
26.6338606015938,-1.050376796126043,#c8102e
26.6347102853322,-1.049983749293719,#c8102e
26.6355591638772,-1.049588966462786,#c8102e
26.6364072336820,-1.049192449282747,#c8102e
26.6372544912030,-1.048794199410355,#c8102e
26.6381009329002,-1.048394218509601,#c8102e
26.6389465552370,-1.047992508251708,#c8102e
26.6397913546801,-1.047589070315126,#c8102e
26.6406353276997,-1.047183906385522,#c8102e
26.6414784707696,-1.046777018155777,#c8102e
26.6423207803668,-1.046368407325974,#c8102e
26.6431622529719,-1.045958075603397,#c8102e
26.6440028850691,-1.045546024702515,#c8102e
26.6448426731460,-1.045132256344986,#c8102e
26.6456816136937,-1.044716772259640,#c8102e
26.6465197032070,-1.044299574182478,#c8102e
26.6473569381839,-1.043880663856660,#c8102e
26.6481933151265,-1.043460043032502,#c8102e
26.6490288305400,-1.043037713467468,#c8102e
26.6498634809335,-1.042613676926159,#c8102e
26.6506972628197,-1.042187935180310,#c8102e
26.6515301727146,-1.041760490008779,#c8102e
26.6523622071383,-1.041331343197544,#c8102e
26.6531933626142,-1.040900496539691,#c8102e
26.6540236356696,-1.040467951835408,#c8102e
26.6548530228354,-1.040033710891980,#c8102e
26.6556815206462,-1.039597775523777,#c8102e
26.6565091256404,-1.039160147552250,#c8102e
26.6573358343599,-1.038720828805922,#c8102e
26.6581616433505,-1.038279821120381,#c8102e
26.6589865491619,-1.037837126338270,#c8102e
26.6598105483473,-1.037392746309283,#c8102e
26.6606336374639,-1.036946682890155,#c8102e
26.6614558130726,-1.036498937944654,#c8102e
26.6622770717382,-1.036049513343575,#c8102e
26.6630974100291,-1.035598410964729,#c8102e
26.6639168245178,-1.035145632692939,#c8102e
26.6647353117806,-1.034691180420030,#c8102e
26.6655528683977,-1.034235056044821,#c8102e
26.6663694909530,-1.033777261473117,#c8102e
26.6671851760346,-1.033317798617704,#c8102e
26.6679999202342,-1.032856669398335,#c8102e
26.6688137201477,-1.032393875741727,#c8102e
26.6696265723747,-1.031929419581553,#c8102e
26.6704384735191,-1.031463302858431,#c8102e
26.6712494201884,-1.030995527519916,#c8102e
26.6720594089943,-1.030526095520496,#c8102e
26.6728684365524,-1.030055008821577,#c8102e
26.6736764994825,-1.029582269391484,#c8102e
26.6744835944083,-1.029107879205442,#c8102e
26.6752897179574,-1.028631840245578,#c8102e
26.6760948667617,-1.028154154500905,#c8102e
26.6768990374571,-1.027674823967317,#c8102e
26.6777022266835,-1.027193850647582,#c8102e
26.6785044310851,-1.026711236551331,#c8102e
26.6793056473099,-1.026226983695051,#c8102e
26.6801058720104,-1.025741094102074,#c8102e
26.6809051018429,-1.025253569802574,#c8102e
26.6817033334680,-1.024764412833553,#c8102e
26.6825005635506,-1.024273625238835,#c8102e
26.6832967887597,-1.023781209069059,#c8102e
26.6840920057683,-1.023287166381666,#c8102e
26.6848862112539,-1.022791499240894,#c8102e
26.6856794018980,-1.022294209717769,#c8102e
26.6864715743866,-1.021795299890095,#c8102e
26.6872627254096,-1.021294771842448,#c8102e
26.6880528516615,-1.020792627666161,#c8102e
26.6888419498410,-1.020288869459324,#c8102e
26.6896300166509,-1.019783499326769,#c8102e
26.6904170487985,-1.019276519380063,#c8102e
26.6912030429954,-1.018767931737499,#c8102e
26.6919879959576,-1.018257738524089,#c8102e
26.6927719044052,-1.017745941871550,#c8102e
26.6935547650628,-1.017232543918303,#c8102e
26.6943365746596,-1.016717546809456,#c8102e
26.6951173299289,-1.016200952696802,#c8102e
26.6958970276085,-1.015682763738803,#c8102e
26.6966756644407,-1.015162982100588,#c8102e
26.6974532371719,-1.014641609953937,#c8102e
26.6982297425535,-1.014118649477281,#c8102e
26.6990051773409,-1.013594102855681,#c8102e
26.6997795382942,-1.013067972280830,#c8102e
26.7005528221779,-1.012540259951038,#c8102e
26.7013250257610,-1.012010968071224,#c8102e
26.7020961458170,-1.011480098852904,#c8102e
26.7028661791240,-1.010947654514190,#c8102e
26.7036351224647,-1.010413637279770,#c8102e
26.7044029726260,-1.009878049380907,#c8102e
26.7051697263999,-1.009340893055426,#c8102e
26.7059353805826,-1.008802170547705,#c8102e
26.7066999319749,-1.008261884108666,#c8102e
26.7074633773825,-1.007720035995766,#c8102e
26.7082257136154,-1.007176628472986,#c8102e
26.7089869374883,-1.006631663810823,#c8102e
26.7097470458208,-1.006085144286280,#c8102e
26.7105060354368,-1.005537072182859,#c8102e
26.7112639031651,-1.004987449790545,#c8102e
26.7120206458392,-1.004436279405803,#c8102e
26.7127762602971,-1.003883563331567,#c8102e
26.7135307433817,-1.003329303877226,#c8102e
26.7142840919407,-1.002773503358620,#c8102e
26.7150363028263,-1.002216164098027,#c8102e
26.7157873728955,-1.001657288424155,#c8102e
26.7165372990103,-1.001096878672132,#c8102e
26.7172860780372,-1.000534937183494,#c8102e
26.7180337068476,-0.999971466306177,#c8102e
26.7187801823177,-0.999406468394511,#c8102e
26.7195255013287,-0.998839945809200,#c8102e
26.7202696607663,-0.998271900917324,#c8102e
26.7210126575213,-0.997702336092322,#c8102e
26.7217544884892,-0.997131253713982,#c8102e
26.7224951505704,-0.996558656168434,#c8102e
26.7232346406703,-0.995984545848139,#c8102e
26.7239729556991,-0.995408925151879,#c8102e
26.7247100925720,-0.994831796484745,#c8102e
26.7254460482090,-0.994253162258131,#c8102e
26.7261808195350,-0.993673024889720,#c8102e
26.7269144034800,-0.993091386803476,#c8102e
26.7276467969789,-0.992508250429634,#c8102e
26.7283779969716,-0.991923618204688,#c8102e
26.7291080004029,-0.991337492571383,#c8102e
26.7298368042227,-0.990749875978703,#c8102e
26.7305644053859,-0.990160770881863,#c8102e
26.7312908008523,-0.989570179742296,#c8102e
26.7320159875869,-0.988978105027645,#c8102e
26.7327399625597,-0.988384549211751,#c8102e
26.7334627227456,-0.987789514774644,#c8102e
26.7341842651249,-0.987193004202532,#c8102e
26.7349045866828,-0.986595019987790,#c8102e
26.7356236844094,-0.985995564628951,#c8102e
26.7363415553004,-0.985394640630695,#c8102e
26.7370581963562,-0.984792250503837,#c8102e
26.7377736045825,-0.984188396765320,#c8102e
26.7384877769901,-0.983583081938200,#c8102e
26.7392007105951,-0.982976308551640,#c8102e
26.7399124024186,-0.982368079140895,#c8102e
26.7406228494870,-0.981758396247306,#c8102e
26.7413320488319,-0.981147262418286,#c8102e
26.7420399974900,-0.980534680207309,#c8102e
26.7427466925034,-0.979920652173904,#c8102e
26.7434521309193,-0.979305180883636,#c8102e
26.7441563097902,-0.978688268908106,#c8102e
26.7448592261739,-0.978069918824931,#c8102e
26.7455608771333,-0.977450133217737,#c8102e
26.7462612597368,-0.976828914676150,#c8102e
26.7469603710581,-0.976206265795780,#c8102e
26.7476582081761,-0.975582189178217,#c8102e
26.7483547681749,-0.974956687431013,#c8102e
26.7490500481443,-0.974329763167677,#c8102e
26.7497440451791,-0.973701419007661,#c8102e
26.7504367563797,-0.973071657576349,#c8102e
26.7511281788516,-0.972440481505047,#c8102e
26.7518183097061,-0.971807893430972,#c8102e
26.7525071460595,-0.971173895997242,#c8102e
26.7531946850338,-0.970538491852860,#c8102e
26.7538809237560,-0.969901683652711,#c8102e
26.7545658593592,-0.969263474057543,#c8102e
26.7552494889812,-0.968623865733962,#c8102e
26.7559318097659,-0.967982861354416,#c8102e
26.7566128188622,-0.967340463597188,#c8102e
26.7572925134247,-0.966696675146382,#c8102e
26.7579708906136,-0.966051498691912,#c8102e
26.7586479475943,-0.965404936929492,#c8102e
26.7593236815380,-0.964756992560626,#c8102e
26.7599980896212,-0.964107668292592,#c8102e
26.7606711690261,-0.963456966838434,#c8102e
26.7613429169404,-0.962804890916953,#c8102e
26.7620133305574,-0.962151443252689,#c8102e
26.7626824070759,-0.961496626575917,#c8102e
26.7633501437003,-0.960840443622630,#c8102e
26.7640165376406,-0.960182897134529,#c8102e
26.7646815861126,-0.959523989859015,#c8102e
26.7653452863374,-0.958863724549173,#c8102e
26.7660076355419,-0.958202103963761,#c8102e
26.7666686309586,-0.957539130867202,#c8102e
26.7673282698259,-0.956874808029569,#c8102e
26.7679865493874,-0.956209138226575,#c8102e
26.7686434668928,-0.955542124239560,#c8102e
26.7692990195973,-0.954873768855481,#c8102e
26.7699532047617,-0.954204074866900,#c8102e
26.7706060196529,-0.953533045071972,#c8102e
26.7712574615430,-0.952860682274433,#c8102e
26.7719075277103,-0.952186989283588,#c8102e
26.7725562154386,-0.951511968914302,#c8102e
26.7732035220175,-0.950835623986984,#c8102e
26.7738494447423,-0.950157957327578,#c8102e
26.7744939809143,-0.949478971767551,#c8102e
26.7751371278405,-0.948798670143880,#c8102e
26.7757788828335,-0.948117055299041,#c8102e
26.7764192432119,-0.947434130080998,#c8102e
26.7770582063003,-0.946749897343189,#c8102e
26.7776957694288,-0.946064359944515,#c8102e
26.7783319299334,-0.945377520749329,#c8102e
26.7789666851563,-0.944689382627423,#c8102e
26.7796000324451,-0.943999948454015,#c8102e
26.7802319691537,-0.943309221109741,#c8102e
26.7808624926416,-0.942617203480637,#c8102e
26.7814916002743,-0.941923898458133,#c8102e
26.7821192894233,-0.941229308939037,#c8102e
26.7827455574658,-0.940533437825522,#c8102e
26.7833704017853,-0.939836288025119,#c8102e
26.7839938197709,-0.939137862450700,#c8102e
26.7846158088178,-0.938438164020468,#c8102e
26.7852363663272,-0.937737195657943,#c8102e
26.7858554897063,-0.937034960291953,#c8102e
26.7864731763681,-0.936331460856619,#c8102e
26.7870894237319,-0.935626700291343,#c8102e
26.7877042292228,-0.934920681540799,#c8102e
26.7883175902720,-0.934213407554914,#c8102e
26.7889295043167,-0.933504881288862,#c8102e
26.7895399688001,-0.932795105703049,#c8102e
26.7901489811717,-0.932084083763103,#c8102e
26.7907565388867,-0.931371818439855,#c8102e
26.7913626394066,-0.930658312709335,#c8102e
26.7919672801991,-0.929943569552755,#c8102e
26.7925704587377,-0.929227591956496,#c8102e
26.7931721725022,-0.928510382912098,#c8102e
26.7937724189785,-0.927791945416246,#c8102e
26.7943711956586,-0.927072282470757,#c8102e
26.7949685000407,-0.926351397082571,#c8102e
26.7955643296290,-0.925629292263732,#c8102e
26.7961586819341,-0.924905971031381,#c8102e
26.7967515544726,-0.924181436407741,#c8102e
26.7973429447673,-0.923455691420106,#c8102e
26.7979328503473,-0.922728739100825,#c8102e
26.7985212687477,-0.922000582487295,#c8102e
26.7991081975100,-0.921271224621941,#c8102e
26.7996936341818,-0.920540668552210,#c8102e
26.8002775763171,-0.919808917330553,#c8102e
26.8008600214760,-0.919075974014416,#c8102e
26.8014409672248,-0.918341841666228,#c8102e
26.8020204111363,-0.917606523353381,#c8102e
26.8025983507894,-0.916870022148227,#c8102e
26.8031747837692,-0.916132341128059,#c8102e
26.8037497076673,-0.915393483375097,#c8102e
26.8043231200816,-0.914653451976482,#c8102e
26.8048950186161,-0.913912250024255,#c8102e
26.8054654008813,-0.913169880615351,#c8102e
26.8060342644941,-0.912426346851581,#c8102e
26.8066016070775,-0.911681651839621,#c8102e
26.8071674262610,-0.910935798691000,#c8102e
26.8077317196805,-0.910188790522085,#c8102e
26.8082944849783,-0.909440630454070,#c8102e
26.8088557198029,-0.908691321612960,#c8102e
26.8094154218095,-0.907940867129563,#c8102e
26.8099735886593,-0.907189270139471,#c8102e
26.8105302180203,-0.906436533783051,#c8102e
26.8110853075666,-0.905682661205430,#c8102e
26.8116388549791,-0.904927655556483,#c8102e
26.8121908579447,-0.904171519990818,#c8102e
26.8127413141572,-0.903414257667767,#c8102e
26.8132902213165,-0.902655871751366,#c8102e
26.8138375771292,-0.901896365410349,#c8102e
26.8143833793083,-0.901135741818129,#c8102e
26.8149276255733,-0.900374004152788,#c8102e
26.8154703136502,-0.899611155597065,#c8102e
26.8160114412715,-0.898847199338336,#c8102e
26.8165510061762,-0.898082138568610,#c8102e
26.8170890061099,-0.897315976484507,#c8102e
26.8176254388246,-0.896548716287252,#c8102e
26.8181603020791,-0.895780361182656,#c8102e
26.8186935936385,-0.895010914381106,#c8102e
26.8192253112747,-0.894240379097549,#c8102e
26.8197554527658,-0.893468758551481,#c8102e
26.8202840158969,-0.892696055966933,#c8102e
26.8208109984596,-0.891922274572455,#c8102e
26.8213363982518,-0.891147417601107,#c8102e
26.8218602130785,-0.890371488290442,#c8102e
26.8223824407509,-0.889594489882492,#c8102e
26.8229030790870,-0.888816425623759,#c8102e
26.8234221259115,-0.888037298765197,#c8102e
26.8239395790557,-0.887257112562198,#c8102e
26.8244554363575,-0.886475870274582,#c8102e
26.8249696956615,-0.885693575166583,#c8102e
26.8254823548190,-0.884910230506831,#c8102e
26.8259934116880,-0.884125839568343,#c8102e
26.8265028641332,-0.883340405628508,#c8102e
26.8270107100259,-0.882553931969071,#c8102e
26.8275169472443,-0.881766421876123,#c8102e
26.8280215736731,-0.880977878640085,#c8102e
26.8285245872039,-0.880188305555696,#c8102e
26.8290259857350,-0.879397705921994,#c8102e
26.8295257671713,-0.878606083042310,#c8102e
26.8300239294248,-0.877813440224250,#c8102e
26.8305204704138,-0.877019780779680,#c8102e
26.8310153880638,-0.876225108024715,#c8102e
26.8315086803069,-0.875429425279703,#c8102e
26.8320003450819,-0.874632735869212,#c8102e
26.8324903803345,-0.873835043122017,#c8102e
26.8329787840173,-0.873036350371085,#c8102e
26.8334655540896,-0.872236660953561,#c8102e
26.8339506885175,-0.871435978210753,#c8102e
26.8344341852740,-0.870634305488122,#c8102e
26.8349160423389,-0.869831646135264,#c8102e
26.8353962576989,-0.869028003505897,#c8102e
26.8358748293476,-0.868223380957848,#c8102e
26.8363517552854,-0.867417781853038,#c8102e
26.8368270335194,-0.866611209557469,#c8102e
26.8373006620640,-0.865803667441208,#c8102e
26.8377726389401,-0.864995158878376,#c8102e
26.8382429621758,-0.864185687247129,#c8102e
26.8387116298058,-0.863375255929651,#c8102e
26.8391786398719,-0.862563868312134,#c8102e
26.8396439904230,-0.861751527784763,#c8102e
26.8401076795145,-0.860938237741709,#c8102e
26.8405697052092,-0.860124001581107,#c8102e
26.8410300655765,-0.859308822705048,#c8102e
26.8414887586929,-0.858492704519558,#c8102e
26.8419457826420,-0.857675650434592,#c8102e
26.8424011355140,-0.856857663864012,#c8102e
26.8428548154066,-0.856038748225578,#c8102e
26.8433068204240,-0.855218906940932,#c8102e
26.8437571486776,-0.854398143435582,#c8102e
26.8442057982860,-0.853576461138891,#c8102e
26.8446527673744,-0.852753863484060,#c8102e
26.8450980540754,-0.851930353908114,#c8102e
26.8455416565285,-0.851105935851891,#c8102e
26.8459835728800,-0.850280612760022,#c8102e
26.8464238012837,-0.849454388080920,#c8102e
26.8468623399001,-0.848627265266766,#c8102e
26.8472991868969,-0.847799247773493,#c8102e
26.8477343404488,-0.846970339060772,#c8102e
26.8481677987376,-0.846140542591999,#c8102e
26.8485995599523,-0.845309861834277,#c8102e
26.8490296222888,-0.844478300258406,#c8102e
26.8494579839503,-0.843645861338866,#c8102e
26.8498846431468,-0.842812548553801,#c8102e
26.8503095980958,-0.841978365385008,#c8102e
26.8507328470216,-0.841143315317920,#c8102e
26.8511543881559,-0.840307401841592,#c8102e
26.8515742197372,-0.839470628448687,#c8102e
26.8519923400115,-0.838632998635462,#c8102e
26.8524087472317,-0.837794515901749,#c8102e
26.8528234396579,-0.836955183750947,#c8102e
26.8532364155575,-0.836115005690003,#c8102e
26.8536476732050,-0.835273985229397,#c8102e
26.8540572108820,-0.834432125883132,#c8102e
26.8544650268773,-0.833589431168713,#c8102e
26.8548711194871,-0.832745904607137,#c8102e
26.8552754870144,-0.831901549722876,#c8102e
26.8556781277699,-0.831056370043863,#c8102e
26.8560790400711,-0.830210369101478,#c8102e
26.8564782222429,-0.829363550430531,#c8102e
26.8568756726174,-0.828515917569250,#c8102e
26.8572713895341,-0.827667474059265,#c8102e
26.8576653713394,-0.826818223445591,#c8102e
26.8580576163873,-0.825968169276619,#c8102e
26.8584481230388,-0.825117315104093,#c8102e
26.8588368896622,-0.824265664483103,#c8102e
26.8592239146333,-0.823413220972066,#c8102e
26.8596091963350,-0.822559988132710,#c8102e
26.8599927331573,-0.821705969530065,#c8102e
26.8603745234978,-0.820851168732440,#c8102e
26.8607545657614,-0.819995589311413,#c8102e
26.8611328583600,-0.819139234841819,#c8102e
26.8615093997131,-0.818282108901727,#c8102e
26.8618841882473,-0.817424215072430,#c8102e
26.8622572223968,-0.816565556938432,#c8102e
26.8626285006029,-0.815706138087428,#c8102e
26.8629980213142,-0.814845962110293,#c8102e
26.8633657829869,-0.813985032601064,#c8102e
26.8637317840844,-0.813123353156928,#c8102e
26.8640960230773,-0.812260927378204,#c8102e
26.8644584984438,-0.811397758868330,#c8102e
26.8648192086694,-0.810533851233848,#c8102e
26.8651781522469,-0.809669208084387,#c8102e
26.8655353276766,-0.808803833032651,#c8102e
26.8658907334661,-0.807937729694399,#c8102e
26.8662443681305,-0.807070901688437,#c8102e
26.8665962301921,-0.806203352636595,#c8102e
26.8669463181808,-0.805335086163718,#c8102e
26.8672946306339,-0.804466105897648,#c8102e
26.8676411660959,-0.803596415469209,#c8102e
26.8679859231190,-0.802726018512194,#c8102e
26.8683289002627,-0.801854918663345,#c8102e
26.8686700960939,-0.800983119562343,#c8102e
26.8690095091871,-0.800110624851791,#c8102e
26.8693471381240,-0.799237438177197,#c8102e
26.8696829814941,-0.798363563186961,#c8102e
26.8700170378940,-0.797489003532359,#c8102e
26.8703493059279,-0.796613762867527,#c8102e
26.8706797842076,-0.795737844849448,#c8102e
26.8710084713523,-0.794861253137933,#c8102e
26.8713353659886,-0.793983991395609,#c8102e
26.8716604667506,-0.793106063287904,#c8102e
26.8719837722800,-0.792227472483027,#c8102e
26.8723052812259,-0.791348222651959,#c8102e
26.8726249922451,-0.790468317468432,#c8102e
26.8729429040016,-0.789587760608919,#c8102e
26.8732590151671,-0.788706555752614,#c8102e
26.8735733244209,-0.787824706581418,#c8102e
26.8738858304497,-0.786942216779926,#c8102e
26.8741965319477,-0.786059090035408,#c8102e
26.8745054276168,-0.785175330037796,#c8102e
26.8748125161663,-0.784290940479669,#c8102e
26.8751177963131,-0.783405925056235,#c8102e
26.8754212667817,-0.782520287465317,#c8102e
26.8757229263041,-0.781634031407338,#c8102e
26.8760227736199,-0.780747160585305,#c8102e
26.8763208074763,-0.779859678704794,#c8102e
26.8766170266279,-0.778971589473935,#c8102e
26.8769114298371,-0.778082896603393,#c8102e
26.8772040158739,-0.777193603806357,#c8102e
26.8774947835156,-0.776303714798524,#c8102e
26.8777837315475,-0.775413233298078,#c8102e
26.8780708587622,-0.774522163025683,#c8102e
26.8783561639600,-0.773630507704461,#c8102e
26.8786396459489,-0.772738271059978,#c8102e
26.8789213035443,-0.771845456820229,#c8102e
26.8792011355695,-0.770952068715625,#c8102e
26.8794791408552,-0.770058110478970,#c8102e
26.8797553182398,-0.769163585845455,#c8102e
26.8800296665695,-0.768268498552635,#c8102e
26.8803021846979,-0.767372852340415,#c8102e
26.8805728714863,-0.766476650951038,#c8102e
26.8808417258038,-0.765579898129065,#c8102e
26.8811087465270,-0.764682597621360,#c8102e
26.8813739325403,-0.763784753177079,#c8102e
26.8816372827356,-0.762886368547647,#c8102e
26.8818987960126,-0.761987447486747,#c8102e
26.8821584712786,-0.761087993750305,#c8102e
26.8824163074485,-0.760188011096471,#c8102e
26.8826723034453,-0.759287503285605,#c8102e
26.8829264581991,-0.758386474080262,#c8102e
26.8831787706480,-0.757484927245175,#c8102e
26.8834292397379,-0.756582866547240,#c8102e
26.8836778644223,-0.755680295755500,#c8102e
26.8839246436622,-0.754777218641129,#c8102e
26.8841695764266,-0.753873638977418,#c8102e
26.8844126616921,-0.752969560539755,#c8102e
26.8846538984431,-0.752064987105615,#c8102e
26.8848932856715,-0.751159922454539,#c8102e
26.8851308223772,-0.750254370368121,#c8102e
26.8853665075676,-0.749348334629994,#c8102e
26.8856003402581,-0.748441819025807,#c8102e
26.8858323194715,-0.747534827343219,#c8102e
26.8860624442387,-0.746627363371874,#c8102e
26.8862907135981,-0.745719430903393,#c8102e
26.8865171265960,-0.744811033731351,#c8102e
26.8867416822862,-0.743902175651269,#c8102e
26.8869643797306,-0.742992860460589,#c8102e
26.8871852179988,-0.742083091958665,#c8102e
26.8874041961679,-0.741172873946747,#c8102e
26.8876213133230,-0.740262210227960,#c8102e
26.8878365685569,-0.739351104607293,#c8102e
26.8880499609704,-0.738439560891581,#c8102e
26.8882614896716,-0.737527582889490,#c8102e
26.8884711537769,-0.736615174411499,#c8102e
26.8886789524102,-0.735702339269888,#c8102e
26.8888848847033,-0.734789081278718,#c8102e
26.8890889497957,-0.733875404253816,#c8102e
26.8892911468347,-0.732961312012762,#c8102e
26.8894914749756,-0.732046808374871,#c8102e
26.8896899333814,-0.731131897161174,#c8102e
26.8898865212228,-0.730216582194407,#c8102e
26.8900812376783,-0.729300867298993,#c8102e
26.8902740819346,-0.728384756301027,#c8102e
26.8904650531857,-0.727468253028257,#c8102e
26.8906541506338,-0.726551361310070,#c8102e
26.8908413734888,-0.725634084977477,#c8102e
26.8910267209684,-0.724716427863097,#c8102e
26.8912101922981,-0.723798393801138,#c8102e
26.8913917867115,-0.722879986627384,#c8102e
26.8915715034497,-0.721961210179178,#c8102e
26.8917493417618,-0.721042068295405,#c8102e
26.8919253009048,-0.720122564816479,#c8102e
26.8920993801434,-0.719202703584322,#c8102e
26.8922715787504,-0.718282488442353,#c8102e
26.8924418960063,-0.717361923235469,#c8102e
26.8926103311993,-0.716441011810029,#c8102e
26.8927768836258,-0.715519758013840,#c8102e
26.8929415525898,-0.714598165696139,#c8102e
26.8931043374034,-0.713676238707576,#c8102e
26.8932652373863,-0.712753980900201,#c8102e
26.8934242518662,-0.711831396127446,#c8102e
26.8935813801789,-0.710908488244109,#c8102e
26.8937366216677,-0.709985261106337,#c8102e
26.8938899756840,-0.709061718571613,#c8102e
26.8940414415870,-0.708137864498736,#c8102e
26.8941910187440,-0.707213702747808,#c8102e
26.8943387065298,-0.706289237180215,#c8102e
26.8944845043275,-0.705364471658614,#c8102e
26.8946284115279,-0.704439410046914,#c8102e
26.8947704275297,-0.703514056210263,#c8102e
26.8949105517394,-0.702588414015028,#c8102e
26.8950487835717,-0.701662487328781,#c8102e
26.8951851224490,-0.700736280020284,#c8102e
26.8953195678015,-0.699809795959471,#c8102e
26.8954521190676,-0.698883039017431,#c8102e
26.8955827756934,-0.697956013066396,#c8102e
26.8957115371330,-0.697028721979719,#c8102e
26.8958384028484,-0.696101169631863,#c8102e
26.8959633723095,-0.695173359898380,#c8102e
26.8960864449942,-0.694245296655901,#c8102e
26.8962076203883,-0.693316983782114,#c8102e
26.8963268979853,-0.692388425155749,#c8102e
26.8964442772871,-0.691459624656566,#c8102e
26.8965597578031,-0.690530586165333,#c8102e
26.8966733390507,-0.689601313563813,#c8102e
26.8967850205556,-0.688671810734748,#c8102e
26.8968948018509,-0.687742081561841,#c8102e
26.8970026824780,-0.686812129929741,#c8102e
26.8971086619863,-0.685881959724027,#c8102e
26.8972127399327,-0.684951574831189,#c8102e
26.8973149158826,-0.684020979138618,#c8102e
26.8974151894089,-0.683090176534583,#c8102e
26.8975135600927,-0.682159170908218,#c8102e
26.8976100275230,-0.681227966149505,#c8102e
26.8977045912967,-0.680296566149258,#c8102e
26.8977972510188,-0.679364974799109,#c8102e
26.8978880063020,-0.678433195991486,#c8102e
26.8979768567671,-0.677501233619603,#c8102e
26.8980638020429,-0.676569091577439,#c8102e
26.8981488417662,-0.675636773759725,#c8102e
26.8982319755816,-0.674704284061927,#c8102e
26.8983132031417,-0.673771626380227,#c8102e
26.8983925241072,-0.672838804611511,#c8102e
26.8984699381467,-0.671905822653349,#c8102e
26.8985454449366,-0.670972684403981,#c8102e
26.8986190441615,-0.670039393762300,#c8102e
26.8986907355140,-0.669105954627837,#c8102e
26.8987605186943,-0.668172370900741,#c8102e
26.8988283934111,-0.667238646481767,#c8102e
26.8988943593806,-0.666304785272257,#c8102e
26.8989584163272,-0.665370791174125,#c8102e
26.8990205639834,-0.664436668089839,#c8102e
26.8990808020894,-0.663502419922408,#c8102e
26.8991391303935,-0.662568050575363,#c8102e
26.8991955486520,-0.661633563952739,#c8102e
26.8992500566293,-0.660698963959065,#c8102e
26.8993026540975,-0.659764254499340,#c8102e
26.8993533408369,-0.658829439479023,#c8102e
26.8994021166356,-0.657894522804013,#c8102e
26.8994489812900,-0.656959508380633,#c8102e
26.8994939346042,-0.656024400115616,#c8102e
26.8995369763904,-0.655089201916086,#c8102e
26.8995781064687,-0.654153917689543,#c8102e
26.8996173246672,-0.653218551343846,#c8102e
26.8996546308222,-0.652283106787198,#c8102e
26.8996900247777,-0.651347587928129,#c8102e
26.8997235063858,-0.650411998675478,#c8102e
26.8997550755068,-0.649476342938380,#c8102e
26.8997847320085,-0.648540624626246,#c8102e
26.8998124757672,-0.647604847648749,#c8102e
26.8998383066669,-0.646669015915808,#c8102e
26.8998622245997,-0.645733133337569,#c8102e
26.8998842294657,-0.644797203824393,#c8102e
26.8999043211729,-0.643861231286835,#c8102e
26.8999224996373,-0.642925219635631,#c8102e
26.8999387647831,-0.641989172781679,#c8102e
26.8999531165422,-0.641053094636025,#c8102e
26.8999655548547,-0.640116989109846,#c8102e
26.8999760796686,-0.639180860114434,#c8102e
26.8999846909399,-0.638244711561176,#c8102e
26.8999913886327,-0.637308547361545,#c8102e
26.8999961727190,-0.636372371427076,#c8102e
26.8999990431787,-0.635436187669355,#c8102e
26.9000000000000,-0.634500000000000,#c8102e
26.9000000000000, 0.634500000000000,#c8102e
26.8999990431787, 0.635436187669355,#c8102e
26.8999961727190, 0.636372371427076,#c8102e
26.8999913886327, 0.637308547361545,#c8102e
26.8999846909399, 0.638244711561176,#c8102e
26.8999760796686, 0.639180860114434,#c8102e
26.8999655548547, 0.640116989109846,#c8102e
26.8999531165422, 0.641053094636025,#c8102e
26.8999387647831, 0.641989172781679,#c8102e
26.8999224996373, 0.642925219635631,#c8102e
26.8999043211729, 0.643861231286835,#c8102e
26.8998842294657, 0.644797203824393,#c8102e
26.8998622245997, 0.645733133337569,#c8102e
26.8998383066669, 0.646669015915808,#c8102e
26.8998124757672, 0.647604847648749,#c8102e
26.8997847320085, 0.648540624626246,#c8102e
26.8997550755068, 0.649476342938380,#c8102e
26.8997235063858, 0.650411998675478,#c8102e
26.8996900247777, 0.651347587928129,#c8102e
26.8996546308222, 0.652283106787198,#c8102e
26.8996173246672, 0.653218551343846,#c8102e
26.8995781064687, 0.654153917689543,#c8102e
26.8995369763904, 0.655089201916086,#c8102e
26.8994939346042, 0.656024400115616,#c8102e
26.8994489812900, 0.656959508380633,#c8102e
26.8994021166356, 0.657894522804013,#c8102e
26.8993533408369, 0.658829439479023,#c8102e
26.8993026540975, 0.659764254499340,#c8102e
26.8992500566293, 0.660698963959065,#c8102e
26.8991955486520, 0.661633563952739,#c8102e
26.8991391303935, 0.662568050575363,#c8102e
26.8990808020894, 0.663502419922408,#c8102e
26.8990205639834, 0.664436668089839,#c8102e
26.8989584163272, 0.665370791174125,#c8102e
26.8988943593806, 0.666304785272257,#c8102e
26.8988283934111, 0.667238646481767,#c8102e
26.8987605186943, 0.668172370900741,#c8102e
26.8986907355140, 0.669105954627837,#c8102e
26.8986190441615, 0.670039393762300,#c8102e
26.8985454449366, 0.670972684403981,#c8102e
26.8984699381467, 0.671905822653349,#c8102e
26.8983925241072, 0.672838804611511,#c8102e
26.8983132031417, 0.673771626380227,#c8102e
26.8982319755816, 0.674704284061927,#c8102e
26.8981488417662, 0.675636773759725,#c8102e
26.8980638020429, 0.676569091577439,#c8102e
26.8979768567671, 0.677501233619603,#c8102e
26.8978880063020, 0.678433195991486,#c8102e
26.8977972510188, 0.679364974799109,#c8102e
26.8977045912967, 0.680296566149258,#c8102e
26.8976100275230, 0.681227966149505,#c8102e
26.8975135600927, 0.682159170908218,#c8102e
26.8974151894089, 0.683090176534583,#c8102e
26.8973149158826, 0.684020979138618,#c8102e
26.8972127399327, 0.684951574831190,#c8102e
26.8971086619863, 0.685881959724027,#c8102e
26.8970026824780, 0.686812129929741,#c8102e
26.8968948018509, 0.687742081561841,#c8102e
26.8967850205556, 0.688671810734748,#c8102e
26.8966733390507, 0.689601313563814,#c8102e
26.8965597578031, 0.690530586165333,#c8102e
26.8964442772871, 0.691459624656566,#c8102e
26.8963268979853, 0.692388425155749,#c8102e
26.8962076203883, 0.693316983782114,#c8102e
26.8960864449942, 0.694245296655901,#c8102e
26.8959633723095, 0.695173359898380,#c8102e
26.8958384028484, 0.696101169631863,#c8102e
26.8957115371330, 0.697028721979719,#c8102e
26.8955827756934, 0.697956013066396,#c8102e
26.8954521190676, 0.698883039017432,#c8102e
26.8953195678015, 0.699809795959471,#c8102e
26.8951851224490, 0.700736280020284,#c8102e
26.8950487835717, 0.701662487328781,#c8102e
26.8949105517394, 0.702588414015028,#c8102e
26.8947704275297, 0.703514056210263,#c8102e
26.8946284115279, 0.704439410046915,#c8102e
26.8944845043275, 0.705364471658614,#c8102e
26.8943387065298, 0.706289237180215,#c8102e
26.8941910187440, 0.707213702747808,#c8102e
26.8940414415870, 0.708137864498736,#c8102e
26.8938899756840, 0.709061718571613,#c8102e
26.8937366216677, 0.709985261106337,#c8102e
26.8935813801789, 0.710908488244109,#c8102e
26.8934242518662, 0.711831396127446,#c8102e
26.8932652373863, 0.712753980900201,#c8102e
26.8931043374034, 0.713676238707576,#c8102e
26.8929415525898, 0.714598165696139,#c8102e
26.8927768836258, 0.715519758013840,#c8102e
26.8926103311993, 0.716441011810029,#c8102e
26.8924418960063, 0.717361923235469,#c8102e
26.8922715787504, 0.718282488442353,#c8102e
26.8920993801434, 0.719202703584322,#c8102e
26.8919253009048, 0.720122564816479,#c8102e
26.8917493417618, 0.721042068295405,#c8102e
26.8915715034497, 0.721961210179178,#c8102e
26.8913917867115, 0.722879986627384,#c8102e
26.8912101922981, 0.723798393801138,#c8102e
26.8910267209684, 0.724716427863097,#c8102e
26.8908413734888, 0.725634084977477,#c8102e
26.8906541506338, 0.726551361310070,#c8102e
26.8904650531857, 0.727468253028257,#c8102e
26.8902740819346, 0.728384756301027,#c8102e
26.8900812376783, 0.729300867298994,#c8102e
26.8898865212228, 0.730216582194407,#c8102e
26.8896899333814, 0.731131897161174,#c8102e
26.8894914749756, 0.732046808374871,#c8102e
26.8892911468347, 0.732961312012762,#c8102e
26.8890889497957, 0.733875404253816,#c8102e
26.8888848847033, 0.734789081278718,#c8102e
26.8886789524102, 0.735702339269888,#c8102e
26.8884711537769, 0.736615174411499,#c8102e
26.8882614896716, 0.737527582889490,#c8102e
26.8880499609704, 0.738439560891581,#c8102e
26.8878365685569, 0.739351104607293,#c8102e
26.8876213133230, 0.740262210227960,#c8102e
26.8874041961679, 0.741172873946747,#c8102e
26.8871852179988, 0.742083091958665,#c8102e
26.8869643797306, 0.742992860460589,#c8102e
26.8867416822862, 0.743902175651269,#c8102e
26.8865171265960, 0.744811033731352,#c8102e
26.8862907135981, 0.745719430903393,#c8102e
26.8860624442387, 0.746627363371874,#c8102e
26.8858323194715, 0.747534827343219,#c8102e
26.8856003402581, 0.748441819025807,#c8102e
26.8853665075676, 0.749348334629994,#c8102e
26.8851308223772, 0.750254370368121,#c8102e
26.8848932856715, 0.751159922454539,#c8102e
26.8846538984431, 0.752064987105615,#c8102e
26.8844126616921, 0.752969560539755,#c8102e
26.8841695764266, 0.753873638977418,#c8102e
26.8839246436622, 0.754777218641129,#c8102e
26.8836778644223, 0.755680295755500,#c8102e
26.8834292397379, 0.756582866547240,#c8102e
26.8831787706480, 0.757484927245175,#c8102e
26.8829264581991, 0.758386474080262,#c8102e
26.8826723034453, 0.759287503285605,#c8102e
26.8824163074485, 0.760188011096471,#c8102e
26.8821584712786, 0.761087993750305,#c8102e
26.8818987960126, 0.761987447486747,#c8102e
26.8816372827356, 0.762886368547647,#c8102e
26.8813739325403, 0.763784753177079,#c8102e
26.8811087465270, 0.764682597621360,#c8102e
26.8808417258038, 0.765579898129065,#c8102e
26.8805728714863, 0.766476650951038,#c8102e
26.8803021846979, 0.767372852340415,#c8102e
26.8800296665695, 0.768268498552635,#c8102e
26.8797553182398, 0.769163585845455,#c8102e
26.8794791408552, 0.770058110478970,#c8102e
26.8792011355695, 0.770952068715625,#c8102e
26.8789213035443, 0.771845456820229,#c8102e
26.8786396459489, 0.772738271059978,#c8102e
26.8783561639600, 0.773630507704461,#c8102e
26.8780708587622, 0.774522163025683,#c8102e
26.8777837315475, 0.775413233298078,#c8102e
26.8774947835156, 0.776303714798524,#c8102e
26.8772040158739, 0.777193603806358,#c8102e
26.8769114298371, 0.778082896603393,#c8102e
26.8766170266279, 0.778971589473935,#c8102e
26.8763208074763, 0.779859678704795,#c8102e
26.8760227736199, 0.780747160585305,#c8102e
26.8757229263041, 0.781634031407338,#c8102e
26.8754212667817, 0.782520287465317,#c8102e
26.8751177963131, 0.783405925056235,#c8102e
26.8748125161663, 0.784290940479669,#c8102e
26.8745054276168, 0.785175330037796,#c8102e
26.8741965319477, 0.786059090035408,#c8102e
26.8738858304497, 0.786942216779926,#c8102e
26.8735733244209, 0.787824706581418,#c8102e
26.8732590151671, 0.788706555752614,#c8102e
26.8729429040016, 0.789587760608919,#c8102e
26.8726249922451, 0.790468317468432,#c8102e
26.8723052812259, 0.791348222651959,#c8102e
26.8719837722800, 0.792227472483027,#c8102e
26.8716604667506, 0.793106063287904,#c8102e
26.8713353659886, 0.793983991395610,#c8102e
26.8710084713523, 0.794861253137933,#c8102e
26.8706797842076, 0.795737844849448,#c8102e
26.8703493059279, 0.796613762867528,#c8102e
26.8700170378940, 0.797489003532359,#c8102e
26.8696829814941, 0.798363563186961,#c8102e
26.8693471381240, 0.799237438177197,#c8102e
26.8690095091871, 0.800110624851791,#c8102e
26.8686700960939, 0.800983119562343,#c8102e
26.8683289002627, 0.801854918663345,#c8102e
26.8679859231190, 0.802726018512194,#c8102e
26.8676411660959, 0.803596415469209,#c8102e
26.8672946306339, 0.804466105897648,#c8102e
26.8669463181808, 0.805335086163718,#c8102e
26.8665962301921, 0.806203352636595,#c8102e
26.8662443681305, 0.807070901688437,#c8102e
26.8658907334661, 0.807937729694399,#c8102e
26.8655353276766, 0.808803833032651,#c8102e
26.8651781522469, 0.809669208084387,#c8102e
26.8648192086694, 0.810533851233848,#c8102e
26.8644584984438, 0.811397758868330,#c8102e
26.8640960230773, 0.812260927378204,#c8102e
26.8637317840844, 0.813123353156928,#c8102e
26.8633657829869, 0.813985032601064,#c8102e
26.8629980213142, 0.814845962110293,#c8102e
26.8626285006029, 0.815706138087428,#c8102e
26.8622572223968, 0.816565556938432,#c8102e
26.8618841882473, 0.817424215072430,#c8102e
26.8615093997131, 0.818282108901727,#c8102e
26.8611328583600, 0.819139234841819,#c8102e
26.8607545657614, 0.819995589311414,#c8102e
26.8603745234978, 0.820851168732440,#c8102e
26.8599927331573, 0.821705969530065,#c8102e
26.8596091963350, 0.822559988132710,#c8102e
26.8592239146333, 0.823413220972066,#c8102e
26.8588368896622, 0.824265664483103,#c8102e
26.8584481230388, 0.825117315104093,#c8102e
26.8580576163873, 0.825968169276619,#c8102e
26.8576653713394, 0.826818223445591,#c8102e
26.8572713895341, 0.827667474059265,#c8102e
26.8568756726174, 0.828515917569250,#c8102e
26.8564782222429, 0.829363550430531,#c8102e
26.8560790400711, 0.830210369101478,#c8102e
26.8556781277699, 0.831056370043863,#c8102e
26.8552754870144, 0.831901549722876,#c8102e
26.8548711194871, 0.832745904607137,#c8102e
26.8544650268773, 0.833589431168713,#c8102e
26.8540572108820, 0.834432125883132,#c8102e
26.8536476732050, 0.835273985229397,#c8102e
26.8532364155575, 0.836115005690003,#c8102e
26.8528234396579, 0.836955183750947,#c8102e
26.8524087472317, 0.837794515901749,#c8102e
26.8519923400115, 0.838632998635462,#c8102e
26.8515742197372, 0.839470628448688,#c8102e
26.8511543881559, 0.840307401841592,#c8102e
26.8507328470216, 0.841143315317920,#c8102e
26.8503095980958, 0.841978365385008,#c8102e
26.8498846431468, 0.842812548553801,#c8102e
26.8494579839503, 0.843645861338866,#c8102e
26.8490296222888, 0.844478300258406,#c8102e
26.8485995599523, 0.845309861834277,#c8102e
26.8481677987376, 0.846140542591999,#c8102e
26.8477343404488, 0.846970339060772,#c8102e
26.8472991868969, 0.847799247773493,#c8102e
26.8468623399001, 0.848627265266766,#c8102e
26.8464238012837, 0.849454388080920,#c8102e
26.8459835728800, 0.850280612760022,#c8102e
26.8455416565285, 0.851105935851891,#c8102e
26.8450980540754, 0.851930353908115,#c8102e
26.8446527673744, 0.852753863484060,#c8102e
26.8442057982860, 0.853576461138891,#c8102e
26.8437571486776, 0.854398143435582,#c8102e
26.8433068204240, 0.855218906940932,#c8102e
26.8428548154066, 0.856038748225578,#c8102e
26.8424011355140, 0.856857663864012,#c8102e
26.8419457826420, 0.857675650434592,#c8102e
26.8414887586929, 0.858492704519558,#c8102e
26.8410300655765, 0.859308822705048,#c8102e
26.8405697052092, 0.860124001581108,#c8102e
26.8401076795145, 0.860938237741709,#c8102e
26.8396439904230, 0.861751527784763,#c8102e
26.8391786398719, 0.862563868312134,#c8102e
26.8387116298058, 0.863375255929652,#c8102e
26.8382429621758, 0.864185687247130,#c8102e
26.8377726389401, 0.864995158878376,#c8102e
26.8373006620640, 0.865803667441208,#c8102e
26.8368270335194, 0.866611209557469,#c8102e
26.8363517552854, 0.867417781853038,#c8102e
26.8358748293476, 0.868223380957848,#c8102e
26.8353962576989, 0.869028003505897,#c8102e
26.8349160423389, 0.869831646135264,#c8102e
26.8344341852740, 0.870634305488122,#c8102e
26.8339506885175, 0.871435978210753,#c8102e
26.8334655540896, 0.872236660953561,#c8102e
26.8329787840173, 0.873036350371085,#c8102e
26.8324903803345, 0.873835043122017,#c8102e
26.8320003450819, 0.874632735869212,#c8102e
26.8315086803069, 0.875429425279703,#c8102e
26.8310153880638, 0.876225108024715,#c8102e
26.8305204704138, 0.877019780779680,#c8102e
26.8300239294248, 0.877813440224250,#c8102e
26.8295257671713, 0.878606083042310,#c8102e
26.8290259857350, 0.879397705921994,#c8102e
26.8285245872039, 0.880188305555696,#c8102e
26.8280215736731, 0.880977878640086,#c8102e
26.8275169472443, 0.881766421876123,#c8102e
26.8270107100259, 0.882553931969071,#c8102e
26.8265028641332, 0.883340405628508,#c8102e
26.8259934116880, 0.884125839568343,#c8102e
26.8254823548190, 0.884910230506831,#c8102e
26.8249696956615, 0.885693575166583,#c8102e
26.8244554363575, 0.886475870274582,#c8102e
26.8239395790557, 0.887257112562198,#c8102e
26.8234221259115, 0.888037298765197,#c8102e
26.8229030790870, 0.888816425623760,#c8102e
26.8223824407509, 0.889594489882493,#c8102e
26.8218602130785, 0.890371488290442,#c8102e
26.8213363982518, 0.891147417601107,#c8102e
26.8208109984596, 0.891922274572455,#c8102e
26.8202840158969, 0.892696055966933,#c8102e
26.8197554527658, 0.893468758551481,#c8102e
26.8192253112747, 0.894240379097549,#c8102e
26.8186935936385, 0.895010914381106,#c8102e
26.8181603020791, 0.895780361182656,#c8102e
26.8176254388246, 0.896548716287252,#c8102e
26.8170890061099, 0.897315976484507,#c8102e
26.8165510061762, 0.898082138568610,#c8102e
26.8160114412715, 0.898847199338336,#c8102e
26.8154703136502, 0.899611155597065,#c8102e
26.8149276255733, 0.900374004152789,#c8102e
26.8143833793083, 0.901135741818129,#c8102e
26.8138375771292, 0.901896365410349,#c8102e
26.8132902213165, 0.902655871751366,#c8102e
26.8127413141572, 0.903414257667767,#c8102e
26.8121908579447, 0.904171519990819,#c8102e
26.8116388549791, 0.904927655556483,#c8102e
26.8110853075666, 0.905682661205430,#c8102e
26.8105302180203, 0.906436533783051,#c8102e
26.8099735886593, 0.907189270139471,#c8102e
26.8094154218095, 0.907940867129563,#c8102e
26.8088557198029, 0.908691321612960,#c8102e
26.8082944849783, 0.909440630454070,#c8102e
26.8077317196805, 0.910188790522085,#c8102e
26.8071674262610, 0.910935798691000,#c8102e
26.8066016070775, 0.911681651839621,#c8102e
26.8060342644941, 0.912426346851581,#c8102e
26.8054654008813, 0.913169880615351,#c8102e
26.8048950186161, 0.913912250024255,#c8102e
26.8043231200816, 0.914653451976482,#c8102e
26.8037497076673, 0.915393483375097,#c8102e
26.8031747837692, 0.916132341128059,#c8102e
26.8025983507894, 0.916870022148227,#c8102e
26.8020204111363, 0.917606523353381,#c8102e
26.8014409672248, 0.918341841666228,#c8102e
26.8008600214760, 0.919075974014417,#c8102e
26.8002775763171, 0.919808917330553,#c8102e
26.7996936341818, 0.920540668552210,#c8102e
26.7991081975100, 0.921271224621941,#c8102e
26.7985212687477, 0.922000582487295,#c8102e
26.7979328503473, 0.922728739100826,#c8102e
26.7973429447673, 0.923455691420106,#c8102e
26.7967515544726, 0.924181436407741,#c8102e
26.7961586819341, 0.924905971031381,#c8102e
26.7955643296290, 0.925629292263732,#c8102e
26.7949685000407, 0.926351397082571,#c8102e
26.7943711956586, 0.927072282470758,#c8102e
26.7937724189785, 0.927791945416246,#c8102e
26.7931721725022, 0.928510382912098,#c8102e
26.7925704587377, 0.929227591956496,#c8102e
26.7919672801991, 0.929943569552755,#c8102e
26.7913626394066, 0.930658312709335,#c8102e
26.7907565388867, 0.931371818439855,#c8102e
26.7901489811717, 0.932084083763103,#c8102e
26.7895399688001, 0.932795105703049,#c8102e
26.7889295043167, 0.933504881288862,#c8102e
26.7883175902720, 0.934213407554914,#c8102e
26.7877042292228, 0.934920681540799,#c8102e
26.7870894237319, 0.935626700291343,#c8102e
26.7864731763681, 0.936331460856619,#c8102e
26.7858554897063, 0.937034960291953,#c8102e
26.7852363663272, 0.937737195657943,#c8102e
26.7846158088178, 0.938438164020468,#c8102e
26.7839938197709, 0.939137862450700,#c8102e
26.7833704017853, 0.939836288025119,#c8102e
26.7827455574658, 0.940533437825522,#c8102e
26.7821192894233, 0.941229308939037,#c8102e
26.7814916002743, 0.941923898458134,#c8102e
26.7808624926416, 0.942617203480637,#c8102e
26.7802319691537, 0.943309221109741,#c8102e
26.7796000324451, 0.943999948454015,#c8102e
26.7789666851563, 0.944689382627423,#c8102e
26.7783319299334, 0.945377520749329,#c8102e
26.7776957694288, 0.946064359944515,#c8102e
26.7770582063003, 0.946749897343189,#c8102e
26.7764192432119, 0.947434130080998,#c8102e
26.7757788828335, 0.948117055299041,#c8102e
26.7751371278405, 0.948798670143880,#c8102e
26.7744939809143, 0.949478971767551,#c8102e
26.7738494447423, 0.950157957327578,#c8102e
26.7732035220175, 0.950835623986984,#c8102e
26.7725562154386, 0.951511968914302,#c8102e
26.7719075277103, 0.952186989283588,#c8102e
26.7712574615430, 0.952860682274433,#c8102e
26.7706060196529, 0.953533045071972,#c8102e
26.7699532047617, 0.954204074866900,#c8102e
26.7692990195973, 0.954873768855481,#c8102e
26.7686434668928, 0.955542124239560,#c8102e
26.7679865493874, 0.956209138226575,#c8102e
26.7673282698259, 0.956874808029569,#c8102e
26.7666686309586, 0.957539130867202,#c8102e
26.7660076355419, 0.958202103963761,#c8102e
26.7653452863374, 0.958863724549173,#c8102e
26.7646815861126, 0.959523989859016,#c8102e
26.7640165376406, 0.960182897134529,#c8102e
26.7633501437003, 0.960840443622630,#c8102e
26.7626824070759, 0.961496626575917,#c8102e
26.7620133305574, 0.962151443252689,#c8102e
26.7613429169404, 0.962804890916953,#c8102e
26.7606711690261, 0.963456966838434,#c8102e
26.7599980896212, 0.964107668292592,#c8102e
26.7593236815380, 0.964756992560626,#c8102e
26.7586479475943, 0.965404936929493,#c8102e
26.7579708906136, 0.966051498691912,#c8102e
26.7572925134247, 0.966696675146382,#c8102e
26.7566128188622, 0.967340463597188,#c8102e
26.7559318097659, 0.967982861354417,#c8102e
26.7552494889812, 0.968623865733962,#c8102e
26.7545658593592, 0.969263474057544,#c8102e
26.7538809237560, 0.969901683652711,#c8102e
26.7531946850338, 0.970538491852860,#c8102e
26.7525071460595, 0.971173895997242,#c8102e
26.7518183097061, 0.971807893430973,#c8102e
26.7511281788516, 0.972440481505047,#c8102e
26.7504367563797, 0.973071657576349,#c8102e
26.7497440451791, 0.973701419007661,#c8102e
26.7490500481443, 0.974329763167677,#c8102e
26.7483547681749, 0.974956687431013,#c8102e
26.7476582081761, 0.975582189178217,#c8102e
26.7469603710581, 0.976206265795780,#c8102e
26.7462612597368, 0.976828914676150,#c8102e
26.7455608771333, 0.977450133217737,#c8102e
26.7448592261739, 0.978069918824931,#c8102e
26.7441563097902, 0.978688268908106,#c8102e
26.7434521309193, 0.979305180883637,#c8102e
26.7427466925034, 0.979920652173904,#c8102e
26.7420399974900, 0.980534680207310,#c8102e
26.7413320488319, 0.981147262418286,#c8102e
26.7406228494870, 0.981758396247307,#c8102e
26.7399124024186, 0.982368079140895,#c8102e
26.7392007105951, 0.982976308551640,#c8102e
26.7384877769901, 0.983583081938200,#c8102e
26.7377736045825, 0.984188396765320,#c8102e
26.7370581963562, 0.984792250503837,#c8102e
26.7363415553004, 0.985394640630695,#c8102e
26.7356236844094, 0.985995564628951,#c8102e
26.7349045866828, 0.986595019987790,#c8102e
26.7341842651249, 0.987193004202532,#c8102e
26.7334627227456, 0.987789514774644,#c8102e
26.7327399625597, 0.988384549211751,#c8102e
26.7320159875869, 0.988978105027645,#c8102e
26.7312908008523, 0.989570179742296,#c8102e
26.7305644053859, 0.990160770881863,#c8102e
26.7298368042227, 0.990749875978703,#c8102e
26.7291080004029, 0.991337492571383,#c8102e
26.7283779969716, 0.991923618204688,#c8102e
26.7276467969789, 0.992508250429634,#c8102e
26.7269144034800, 0.993091386803476,#c8102e
26.7261808195350, 0.993673024889720,#c8102e
26.7254460482090, 0.994253162258131,#c8102e
26.7247100925720, 0.994831796484745,#c8102e
26.7239729556991, 0.995408925151879,#c8102e
26.7232346406703, 0.995984545848139,#c8102e
26.7224951505704, 0.996558656168434,#c8102e
26.7217544884892, 0.997131253713982,#c8102e
26.7210126575213, 0.997702336092322,#c8102e
26.7202696607663, 0.998271900917324,#c8102e
26.7195255013287, 0.998839945809200,#c8102e
26.7187801823177, 0.999406468394511,#c8102e
26.7180337068476, 0.999971466306178,#c8102e
26.7172860780372, 1.000534937183494,#c8102e
26.7165372990103, 1.001096878672132,#c8102e
26.7157873728955, 1.001657288424155,#c8102e
26.7150363028263, 1.002216164098027,#c8102e
26.7142840919407, 1.002773503358620,#c8102e
26.7135307433817, 1.003329303877226,#c8102e
26.7127762602971, 1.003883563331567,#c8102e
26.7120206458392, 1.004436279405803,#c8102e
26.7112639031651, 1.004987449790545,#c8102e
26.7105060354368, 1.005537072182859,#c8102e
26.7097470458208, 1.006085144286280,#c8102e
26.7089869374883, 1.006631663810823,#c8102e
26.7082257136154, 1.007176628472986,#c8102e
26.7074633773825, 1.007720035995766,#c8102e
26.7066999319749, 1.008261884108667,#c8102e
26.7059353805826, 1.008802170547705,#c8102e
26.7051697263999, 1.009340893055426,#c8102e
26.7044029726260, 1.009878049380907,#c8102e
26.7036351224647, 1.010413637279770,#c8102e
26.7028661791240, 1.010947654514190,#c8102e
26.7020961458170, 1.011480098852904,#c8102e
26.7013250257610, 1.012010968071224,#c8102e
26.7005528221779, 1.012540259951038,#c8102e
26.6997795382942, 1.013067972280830,#c8102e
26.6990051773409, 1.013594102855681,#c8102e
26.6982297425535, 1.014118649477281,#c8102e
26.6974532371719, 1.014641609953938,#c8102e
26.6966756644407, 1.015162982100588,#c8102e
26.6958970276085, 1.015682763738803,#c8102e
26.6951173299289, 1.016200952696802,#c8102e
26.6943365746596, 1.016717546809457,#c8102e
26.6935547650628, 1.017232543918303,#c8102e
26.6927719044052, 1.017745941871550,#c8102e
26.6919879959576, 1.018257738524089,#c8102e
26.6912030429954, 1.018767931737499,#c8102e
26.6904170487985, 1.019276519380063,#c8102e
26.6896300166509, 1.019783499326769,#c8102e
26.6888419498410, 1.020288869459324,#c8102e
26.6880528516615, 1.020792627666161,#c8102e
26.6872627254096, 1.021294771842448,#c8102e
26.6864715743866, 1.021795299890095,#c8102e
26.6856794018980, 1.022294209717769,#c8102e
26.6848862112539, 1.022791499240894,#c8102e
26.6840920057683, 1.023287166381666,#c8102e
26.6832967887597, 1.023781209069059,#c8102e
26.6825005635506, 1.024273625238835,#c8102e
26.6817033334680, 1.024764412833553,#c8102e
26.6809051018429, 1.025253569802574,#c8102e
26.6801058720104, 1.025741094102074,#c8102e
26.6793056473099, 1.026226983695051,#c8102e
26.6785044310851, 1.026711236551332,#c8102e
26.6777022266835, 1.027193850647582,#c8102e
26.6768990374571, 1.027674823967317,#c8102e
26.6760948667617, 1.028154154500905,#c8102e
26.6752897179574, 1.028631840245578,#c8102e
26.6744835944083, 1.029107879205442,#c8102e
26.6736764994825, 1.029582269391484,#c8102e
26.6728684365524, 1.030055008821577,#c8102e
26.6720594089943, 1.030526095520496,#c8102e
26.6712494201884, 1.030995527519916,#c8102e
26.6704384735191, 1.031463302858431,#c8102e
26.6696265723747, 1.031929419581554,#c8102e
26.6688137201477, 1.032393875741727,#c8102e
26.6679999202342, 1.032856669398335,#c8102e
26.6671851760346, 1.033317798617704,#c8102e
26.6663694909530, 1.033777261473117,#c8102e
26.6655528683977, 1.034235056044821,#c8102e
26.6647353117806, 1.034691180420030,#c8102e
26.6639168245178, 1.035145632692939,#c8102e
26.6630974100291, 1.035598410964729,#c8102e
26.6622770717382, 1.036049513343575,#c8102e
26.6614558130726, 1.036498937944654,#c8102e
26.6606336374639, 1.036946682890155,#c8102e
26.6598105483473, 1.037392746309283,#c8102e
26.6589865491619, 1.037837126338270,#c8102e
26.6581616433505, 1.038279821120381,#c8102e
26.6573358343599, 1.038720828805922,#c8102e
26.6565091256404, 1.039160147552250,#c8102e
26.6556815206462, 1.039597775523777,#c8102e
26.6548530228354, 1.040033710891980,#c8102e
26.6540236356696, 1.040467951835408,#c8102e
26.6531933626142, 1.040900496539691,#c8102e
26.6523622071383, 1.041331343197544,#c8102e
26.6515301727146, 1.041760490008779,#c8102e
26.6506972628197, 1.042187935180310,#c8102e
26.6498634809335, 1.042613676926159,#c8102e
26.6490288305400, 1.043037713467468,#c8102e
26.6481933151265, 1.043460043032502,#c8102e
26.6473569381839, 1.043880663856660,#c8102e
26.6465197032070, 1.044299574182478,#c8102e
26.6456816136937, 1.044716772259640,#c8102e
26.6448426731460, 1.045132256344986,#c8102e
26.6440028850691, 1.045546024702515,#c8102e
26.6431622529719, 1.045958075603397,#c8102e
26.6423207803668, 1.046368407325974,#c8102e
26.6414784707696, 1.046777018155777,#c8102e
26.6406353276997, 1.047183906385522,#c8102e
26.6397913546801, 1.047589070315126,#c8102e
26.6389465552370, 1.047992508251708,#c8102e
26.6381009329002, 1.048394218509601,#c8102e
26.6372544912030, 1.048794199410355,#c8102e
26.6364072336820, 1.049192449282747,#c8102e
26.6355591638772, 1.049588966462786,#c8102e
26.6347102853322, 1.049983749293719,#c8102e
26.6338606015938, 1.050376796126043,#c8102e
26.6330101162121, 1.050768105317506,#c8102e
26.6321588327408, 1.051157675233117,#c8102e
26.6313067547366, 1.051545504245152,#c8102e
26.6304538857598, 1.051931590733161,#c8102e
26.6296002293740, 1.052315933083975,#c8102e
26.6287457891458, 1.052698529691712,#c8102e
26.6278905686454, 1.053079378957785,#c8102e
26.6270345714461, 1.053458479290906,#c8102e
26.6261778011245, 1.053835829107096,#c8102e
26.6253202612604, 1.054211426829691,#c8102e
26.6244619554368, 1.054585270889345,#c8102e
26.6236028872400, 1.054957359724042,#c8102e
26.6227430602592, 1.055327691779098,#c8102e
26.6218824780873, 1.055696265507170,#c8102e
26.6210211443197, 1.056063079368261,#c8102e
26.6201590625556, 1.056428131829729,#c8102e
26.6192962363967, 1.056791421366289,#c8102e
26.6184326694483, 1.057152946460024,#c8102e
26.6175683653186, 1.057512705600389,#c8102e
26.6167033276188, 1.057870697284217,#c8102e
26.6158375599633, 1.058226920015726,#c8102e
26.6149710659695, 1.058581372306525,#c8102e
26.6141038492578, 1.058934052675621,#c8102e
26.6132359134517, 1.059284959649423,#c8102e
26.6123672621777, 1.059634091761753,#c8102e
26.6114978990651, 1.059981447553845,#c8102e
26.6106278277465, 1.060327025574357,#c8102e
26.6097570518572, 1.060670824379375,#c8102e
26.6088855750355, 1.061012842532419,#c8102e
26.6080134009227, 1.061353078604447,#c8102e
26.6071405331629, 1.061691531173866,#c8102e
26.6062669754033, 1.062028198826534,#c8102e
26.6053927312937, 1.062363080155765,#c8102e
26.6045178044871, 1.062696173762339,#c8102e
26.6036421986390, 1.063027478254505,#c8102e
26.6027659174079, 1.063356992247987,#c8102e
26.6018889644553, 1.063684714365990,#c8102e
26.6010113434452, 1.064010643239206,#c8102e
26.6001330580446, 1.064334777505819,#c8102e
26.5992541119231, 1.064657115811515,#c8102e
26.5983745087533, 1.064977656809478,#c8102e
26.5974942522103, 1.065296399160407,#c8102e
26.5966133459720, 1.065613341532512,#c8102e
26.5957317937193, 1.065928482601528,#c8102e
26.5948495991353, 1.066241821050713,#c8102e
26.5939667659061, 1.066553355570857,#c8102e
26.5930832977205, 1.066863084860290,#c8102e
26.5921991982697, 1.067171007624881,#c8102e
26.5913144712479, 1.067477122578050,#c8102e
26.5904291203515, 1.067781428440770,#c8102e
26.5895431492799, 1.068083923941572,#c8102e
26.5886565617348, 1.068384607816550,#c8102e
26.5877693614207, 1.068683478809371,#c8102e
26.5868815520444, 1.068980535671274,#c8102e
26.5859931373156, 1.069275777161079,#c8102e
26.5851041209461, 1.069569202045190,#c8102e
26.5842145066506, 1.069860809097602,#c8102e
26.5833242981461, 1.070150597099905,#c8102e
26.5824334991521, 1.070438564841291,#c8102e
26.5815421133907, 1.070724711118554,#c8102e
26.5806501445861, 1.071009034736103,#c8102e
26.5797575964654, 1.071291534505960,#c8102e
26.5788644727578, 1.071572209247767,#c8102e
26.5779707771950, 1.071851057788793,#c8102e
26.5770765135112, 1.072128078963936,#c8102e
26.5761816854427, 1.072403271615730,#c8102e
26.5752862967284, 1.072676634594350,#c8102e
26.5743903511095, 1.072948166757613,#c8102e
26.5734938523294, 1.073217866970988,#c8102e
26.5725968041340, 1.073485734107599,#c8102e
26.5716992102713, 1.073751767048226,#c8102e
26.5708010744918, 1.074015964681316,#c8102e
26.5699024005481, 1.074278325902982,#c8102e
26.5690031921951, 1.074538849617011,#c8102e
26.5681034531898, 1.074797534734867,#c8102e
26.5672031872917, 1.075054380175698,#c8102e
26.5663023982623, 1.075309384866337,#c8102e
26.5654010898653, 1.075562547741307,#c8102e
26.5644992658666, 1.075813867742830,#c8102e
26.5635969300343, 1.076063343820824,#c8102e
26.5626940861386, 1.076310974932916,#c8102e
26.5617907379517, 1.076556760044436,#c8102e
26.5608868892481, 1.076800698128432,#c8102e
26.5599825438044, 1.077042788165668,#c8102e
26.5590777053991, 1.077283029144628,#c8102e
26.5581723778128, 1.077521420061524,#c8102e
26.5572665648282, 1.077757959920296,#c8102e
26.5563602702301, 1.077992647732621,#c8102e
26.5554534978053, 1.078225482517910,#c8102e
26.5545462513423, 1.078456463303322,#c8102e
26.5536385346320, 1.078685589123757,#c8102e
26.5527303514670, 1.078912859021869,#c8102e
26.5518217056420, 1.079138272048066,#c8102e
26.5509126009534, 1.079361827260514,#c8102e
26.5500030411998, 1.079583523725140,#c8102e
26.5490930301816, 1.079803360515641,#c8102e
26.5481825717010, 1.080021336713481,#c8102e
26.5472716695621, 1.080237451407898,#c8102e
26.5463603275709, 1.080451703695911,#c8102e
26.5454485495353, 1.080664092682317,#c8102e
26.5445363392649, 1.080874617479700,#c8102e
26.5436237005712, 1.081083277208433,#c8102e
26.5427106372673, 1.081290070996682,#c8102e
26.5417971531683, 1.081494997980409,#c8102e
26.5408832520910, 1.081698057303376,#c8102e
26.5399689378538, 1.081899248117149,#c8102e
26.5390542142771, 1.082098569581099,#c8102e
26.5381390851828, 1.082296020862412,#c8102e
26.5372235543945, 1.082491601136083,#c8102e
26.5363076257376, 1.082685309584928,#c8102e
26.5353913030390, 1.082877145399584,#c8102e
26.5344745901274, 1.083067107778510,#c8102e
26.5335574908330, 1.083255195927994,#c8102e
26.5326400089877, 1.083441409062156,#c8102e
26.5317221484250, 1.083625746402948,#c8102e
26.5308039129799, 1.083808207180162,#c8102e
26.5298853064892, 1.083988790631430,#c8102e
26.5289663327908, 1.084167496002227,#c8102e
26.5280469957247, 1.084344322545875,#c8102e
26.5271272991319, 1.084519269523548,#c8102e
26.5262072468552, 1.084692336204271,#c8102e
26.5252868427389, 1.084863521864929,#c8102e
26.5243660906286, 1.085032825790262,#c8102e
26.5234449943715, 1.085200247272874,#c8102e
26.5225235578161, 1.085365785613237,#c8102e
26.5216017848124, 1.085529440119686,#c8102e
26.5206796792119, 1.085691210108433,#c8102e
26.5197572448673, 1.085851094903560,#c8102e
26.5188344856329, 1.086009093837026,#c8102e
26.5179114053640, 1.086165206248672,#c8102e
26.5169880079177, 1.086319431486220,#c8102e
26.5160642971521, 1.086471768905275,#c8102e
26.5151402769267, 1.086622217869335,#c8102e
26.5142159511023, 1.086770777749782,#c8102e
26.5132913235409, 1.086917447925897,#c8102e
26.5123663981060, 1.087062227784852,#c8102e
26.5114411786620, 1.087205116721721,#c8102e
26.5105156690749, 1.087346114139476,#c8102e
26.5095898732115, 1.087485219448994,#c8102e
26.5086637949402, 1.087622432069057,#c8102e
26.5077374381302, 1.087757751426354,#c8102e
26.5068108066523, 1.087891176955487,#c8102e
26.5058839043780, 1.088022708098969,#c8102e
26.5049567351802, 1.088152344307229,#c8102e
26.5040293029330, 1.088280085038614,#c8102e
26.5031016115112, 1.088405929759388,#c8102e
26.5021736647911, 1.088529877943742,#c8102e
26.5012454666498, 1.088651929073787,#c8102e
26.5003170209657, 1.088772082639562,#c8102e
26.4993883316180, 1.088890338139035,#c8102e
26.4984594024869, 1.089006695078102,#c8102e
26.4975302374539, 1.089121152970596,#c8102e
26.4966008404012, 1.089233711338280,#c8102e
26.4956712152120, 1.089344369710858,#c8102e
26.4947413657706, 1.089453127625969,#c8102e
26.4938112959621, 1.089559984629196,#c8102e
26.4928810096727, 1.089664940274061,#c8102e
26.4919505107892, 1.089767994122034,#c8102e
26.4910198031995, 1.089869145742528,#c8102e
26.4900888907925, 1.089968394712905,#c8102e
26.4891577774576, 1.090065740618479,#c8102e
26.4882264670853, 1.090161183052512,#c8102e
26.4872949635668, 1.090254721616222,#c8102e
26.4863632707943, 1.090346355918779,#c8102e
26.4854313926606, 1.090436085577313,#c8102e
26.4844993330592, 1.090523910216909,#c8102e
26.4835670958847, 1.090609829470614,#c8102e
26.4826346850321, 1.090693842979434,#c8102e
26.4817021043972, 1.090775950392340,#c8102e
26.4807693578767, 1.090856151366264,#c8102e
26.4798364493678, 1.090934445566108,#c8102e
26.4789033827684, 1.091010832664737,#c8102e
26.4779701619771, 1.091085312342987,#c8102e
26.4770367908931, 1.091157884289661,#c8102e
26.4761032734164, 1.091228548201537,#c8102e
26.4751696134474, 1.091297303783361,#c8102e
26.4742358148872, 1.091364150747855,#c8102e
26.4733018816374, 1.091429088815715,#c8102e
26.4723678176002, 1.091492117715612,#c8102e
26.4714336266784, 1.091553237184197,#c8102e
26.4704993127754, 1.091612446966096,#c8102e
26.4695648797948, 1.091669746813915,#c8102e
26.4686303316410, 1.091725136488241,#c8102e
26.4676956722188, 1.091778615757641,#c8102e
26.4667609054334, 1.091830184398665,#c8102e
26.4658260351906, 1.091879842195845,#c8102e
26.4648910653964, 1.091927588941700,#c8102e
26.4639559999575, 1.091973424436730,#c8102e
26.4630208427806, 1.092017348489423,#c8102e
26.4620855977733, 1.092059360916252,#c8102e
26.4611502688431, 1.092099461541680,#c8102e
26.4602148598982, 1.092137650198155,#c8102e
26.4592793748469, 1.092173926726116,#c8102e
26.4583438175978, 1.092208290973989,#c8102e
26.4574081920601, 1.092240742798191,#c8102e
26.4564725021429, 1.092271282063131,#c8102e
26.4555367517559, 1.092299908641208,#c8102e
26.4546009448089, 1.092326622412813,#c8102e
26.4536650852118, 1.092351423266327,#c8102e
26.4527291768750, 1.092374311098128,#c8102e
26.4517932237089, 1.092395285812584,#c8102e
26.4508572296242, 1.092414347322056,#c8102e
26.4499211985317, 1.092431495546902,#c8102e
26.4489851343423, 1.092446730415470,#c8102e
26.4480490409673, 1.092460051864107,#c8102e
26.4471129223178, 1.092471459837152,#c8102e
26.4461767823052, 1.092480954286938,#c8102e
26.4452406248410, 1.092488535173797,#c8102e
26.4443044538365, 1.092494202466052,#c8102e
26.4433682732035, 1.092497956140025,#c8102e
26.4424320868534, 1.092499796180032,#c8102e
26.4414958986980, 1.092499722578385,#c8102e
26.4405597126489, 1.092497735335390,#c8102e
26.4396235326176, 1.092493834459352,#c8102e
26.4386873625158, 1.092488019966569,#c8102e
26.4377512062551, 1.092480291881336,#c8102e
26.4368150677470, 1.092470650235942,#c8102e
26.4358789509028, 1.092459095070673,#c8102e
26.4349428596340, 1.092445626433810,#c8102e
26.4340067978517, 1.092430244381627,#c8102e
26.4330707694671, 1.092412948978395,#c8102e
26.4321347783911, 1.092393740296379,#c8102e
26.4311988285346, 1.092372618415838,#c8102e
26.4302629238082, 1.092349583425024,#c8102e
26.4293270681223, 1.092324635420183,#c8102e
26.4283912653872, 1.092297774505554,#c8102e
26.4274555195129, 1.092269000793370,#c8102e
26.4265198344092, 1.092238314403855,#c8102e
26.4255842139857, 1.092205715465223,#c8102e
26.4246486621515, 1.092171204113683,#c8102e
26.4237131828158, 1.092134780493430,#c8102e
26.4227777798871, 1.092096444756654,#c8102e
26.4218424572737, 1.092056197063529,#c8102e
26.4209072188839, 1.092014037582222,#c8102e
26.4199720686251, 1.091969966488886,#c8102e
26.4190370104047, 1.091923983967661,#c8102e
26.4181020481296, 1.091876090210674,#c8102e
26.4171671857064, 1.091826285418037,#c8102e
26.4162324270411, 1.091774569797848,#c8102e
26.4152977760394, 1.091720943566188,#c8102e
26.4143632366064, 1.091665406947122,#c8102e
26.4134288126470, 1.091607960172695,#c8102e
26.4124945080655, 1.091548603482935,#c8102e
26.4115603267655, 1.091487337125851,#c8102e
26.4106262726503, 1.091424161357427,#c8102e
26.4096923496227, 1.091359076441630,#c8102e
26.4087585615848, 1.091292082650401,#c8102e
26.4078249124383, 1.091223180263657,#c8102e
26.4068914060841, 1.091152369569290,#c8102e
26.4059580464227, 1.091079650863165,#c8102e
26.4050248373539, 1.091005024449121,#c8102e
26.4040917827769, 1.090928490638966,#c8102e
26.4031588865902, 1.090850049752477,#c8102e
26.4022261526918, 1.090769702117401,#c8102e
26.4012935849788, 1.090687448069452,#c8102e
26.4003611873477, 1.090603287952307,#c8102e
26.3994289636943, 1.090517222117610,#c8102e
26.3984969179138, 1.090429250924966,#c8102e
26.3975650539004, 1.090339374741942,#c8102e
26.3966333755477, 1.090247593944063,#c8102e
26.3957018867485, 1.090153908914813,#c8102e
26.3947705913948, 1.090058320045633,#c8102e
26.3938394933777, 1.089960827735917,#c8102e
26.3929085965878, 1.089861432393014,#c8102e
26.3919779049144, 1.089760134432223,#c8102e
26.3910474222463, 1.089656934276794,#c8102e
26.3901171524712, 1.089551832357922,#c8102e
26.3891870994761, 1.089444829114752,#c8102e
26.3882572671469, 1.089335924994370,#c8102e
26.3873276593688, 1.089225120451807,#c8102e
26.3863982800259, 1.089112415950031,#c8102e
26.3854691330014, 1.088997811959952,#c8102e
26.3845402221774, 1.088881308960415,#c8102e
26.3836115514353, 1.088762907438199,#c8102e
26.3826831246552, 1.088642607888017,#c8102e
26.3817549457164, 1.088520410812512,#c8102e
26.3808270184970, 1.088396316722253,#c8102e
26.3798993468741, 1.088270326135739,#c8102e
26.3789719347238, 1.088142439579391,#c8102e
26.3780447859211, 1.088012657587552,#c8102e
26.3771179043398, 1.087880980702485,#c8102e
26.3761912938528, 1.087747409474369,#c8102e
26.3752649583315, 1.087611944461300,#c8102e
26.3743389016465, 1.087474586229286,#c8102e
26.3734131276670, 1.087335335352245,#c8102e
26.3724876402613, 1.087194192412003,#c8102e
26.3715624432962, 1.087051157998292,#c8102e
26.3706375406374, 1.086906232708747,#c8102e
26.3697129361494, 1.086759417148903,#c8102e
26.3687886336955, 1.086610711932193,#c8102e
26.3678646371377, 1.086460117679947,#c8102e
26.3669409503365, 1.086307635021386,#c8102e
26.3660175771515, 1.086153264593622,#c8102e
26.3650945214407, 1.085997007041654,#c8102e
26.3641717870609, 1.085838863018368,#c8102e
26.3632493778676, 1.085678833184530,#c8102e
26.3623272977147, 1.085516918208786,#c8102e
26.3614055504549, 1.085353118767658,#c8102e
26.3604841399396, 1.085187435545543,#c8102e
26.3595630700187, 1.085019869234708,#c8102e
26.3586423445406, 1.084850420535290,#c8102e
26.3577219673524, 1.084679090155287,#c8102e
26.3568019422995, 1.084505878810563,#c8102e
26.3558822732262, 1.084330787224841,#c8102e
26.3549629639751, 1.084153816129697,#c8102e
26.3540440183872, 1.083974966264562,#c8102e
26.3531254403022, 1.083794238376719,#c8102e
26.3522072335580, 1.083611633221294,#c8102e
26.3512894019913, 1.083427151561259,#c8102e
26.3503719494369, 1.083240794167426,#c8102e
26.3494548797283, 1.083052561818446,#c8102e
26.3485381966971, 1.082862455300800,#c8102e
26.3476219041734, 1.082670475408804,#c8102e
26.3467060059859, 1.082476622944599,#c8102e
26.3457905059614, 1.082280898718151,#c8102e
26.3448754079250, 1.082083303547246,#c8102e
26.3439607157003, 1.081883838257488,#c8102e
26.3430464331091, 1.081682503682295,#c8102e
26.3421325639715, 1.081479300662894,#c8102e
26.3412191121059, 1.081274230048321,#c8102e
26.3403060813289, 1.081067292695413,#c8102e
26.3393934754554, 1.080858489468808,#c8102e
26.3384812982985, 1.080647821240941,#c8102e
26.3375695536696, 1.080435288892037,#c8102e
26.3366582453780, 1.080220893310112,#c8102e
26.3357473772316, 1.080004635390966,#c8102e
26.3348369530361, 1.079786516038180,#c8102e
26.3339269765956, 1.079566536163114,#c8102e
26.3330174517121, 1.079344696684900,#c8102e
26.3321083821859, 1.079120998530441,#c8102e
26.3311997718154, 1.078895442634406,#c8102e
26.3302916243968, 1.078668029939226,#c8102e
26.3293839437247, 1.078438761395090,#c8102e
26.3284767335917, 1.078207637959941,#c8102e
26.3275699977882, 1.077974660599473,#c8102e
26.3266637401029, 1.077739830287125,#c8102e
26.3257579643224, 1.077503148004079,#c8102e
26.3248526742311, 1.077264614739255,#c8102e
26.3239478736117, 1.077024231489307,#c8102e
26.3230435662446, 1.076781999258618,#c8102e
26.3221397559083, 1.076537919059297,#c8102e
26.3212364463791, 1.076291991911174,#c8102e
26.3203336414312, 1.076044218841797,#c8102e
26.3194313448369, 1.075794600886425,#c8102e
26.3185295603661, 1.075543139088028,#c8102e
26.3176282917868, 1.075289834497276,#c8102e
26.3167275428647, 1.075034688172544,#c8102e
26.3158273173633, 1.074777701179897,#c8102e
26.3149276190440, 1.074518874593094,#c8102e
26.3140284516660, 1.074258209493580,#c8102e
26.3131298189862, 1.073995706970480,#c8102e
26.3122317247594, 1.073731368120598,#c8102e
26.3113341727381, 1.073465194048411,#c8102e
26.3104371666724, 1.073197185866062,#c8102e
26.3095407103102, 1.072927344693360,#c8102e
26.3086448073972, 1.072655671657769,#c8102e
26.3077494616767, 1.072382167894411,#c8102e
26.3068546768897, 1.072106834546055,#c8102e
26.3059604567749, 1.071829672763115,#c8102e
26.3050668050684, 1.071550683703644,#c8102e
26.3041737255043, 1.071269868533331,#c8102e
26.3032812218140, 1.070987228425495,#c8102e
26.3023892977266, 1.070702764561079,#c8102e
26.3014979569689, 1.070416478128646,#c8102e
26.3006072032651, 1.070128370324376,#c8102e
26.2997170403369, 1.069838442352057,#c8102e
26.2988274719038, 1.069546695423083,#c8102e
26.2979385016826, 1.069253130756449,#c8102e
26.2970501333875, 1.068957749578744,#c8102e
26.2961623707305, 1.068660553124147,#c8102e
26.2952752174209, 1.068361542634421,#c8102e
26.2943886771654, 1.068060719358909,#c8102e
26.2935027536682, 1.067758084554530,#c8102e
26.2926174506308, 1.067453639485769,#c8102e
26.2917327717525, 1.067147385424677,#c8102e
26.2908487207295, 1.066839323650863,#c8102e
26.2899653012556, 1.066529455451488,#c8102e
26.2890825170221, 1.066217782121262,#c8102e
26.2882003717174, 1.065904304962437,#c8102e
26.2873188690273, 1.065589025284801,#c8102e
26.2864380126350, 1.065271944405674,#c8102e
26.2855578062209, 1.064953063649903,#c8102e
26.2846782534628, 1.064632384349854,#c8102e
26.2837993580357, 1.064309907845407,#c8102e
26.2829211236118, 1.063985635483954,#c8102e
26.2820435538606, 1.063659568620387,#c8102e
26.2811666524488, 1.063331708617099,#c8102e
26.2802904230403, 1.063002056843974,#c8102e
26.2794148692963, 1.062670614678382,#c8102e
26.2785399948751, 1.062337383505173,#c8102e
26.2776658034320, 1.062002364716675,#c8102e
26.2767922986197, 1.061665559712683,#c8102e
26.2759194840880, 1.061326969900453,#c8102e
26.2750473634836, 1.060986596694704,#c8102e
26.2741759404506, 1.060644441517602,#c8102e
26.2733052186299, 1.060300505798760,#c8102e
26.2724352016596, 1.059954790975230,#c8102e
26.2715658931749, 1.059607298491497,#c8102e
26.2706972968081, 1.059258029799477,#c8102e
26.2698294161882, 1.058906986358504,#c8102e
26.2689622549416, 1.058554169635328,#c8102e
26.2680958166915, 1.058199581104108,#c8102e
26.2672301050580, 1.057843222246407,#c8102e
26.2663651236584, 1.057485094551185,#c8102e
26.2655008761068, 1.057125199514793,#c8102e
26.2646373660141, 1.056763538640963,#c8102e
26.2637745969884, 1.056400113440810,#c8102e
26.2629125726346, 1.056034925432818,#c8102e
26.2620512965544, 1.055667976142836,#c8102e
26.2611907723464, 1.055299267104074,#c8102e
26.2603310036062, 1.054928799857094,#c8102e
26.2594719939261, 1.054556575949803,#c8102e
26.2586137468951, 1.054182596937450,#c8102e
26.2577562660994, 1.053806864382616,#c8102e
26.2568995551217, 1.053429379855207,#c8102e
26.2560436175416, 1.053050144932453,#c8102e
26.2551884569353, 1.052669161198895,#c8102e
26.2543340768760, 1.052286430246381,#c8102e
26.2534804809335, 1.051901953674061,#c8102e
26.2526276726743, 1.051515733088377,#c8102e
26.2517756556617, 1.051127770103059,#c8102e
26.2509244334556, 1.050738066339116,#c8102e
26.2500740096126, 1.050346623424832,#c8102e
26.2492243876862, 1.049953442995756,#c8102e
26.2483755712261, 1.049558526694698,#c8102e
26.2475275637790, 1.049161876171721,#c8102e
26.2466803688880, 1.048763493084132,#c8102e
26.2458339900930, 1.048363379096480,#c8102e
26.2449884309303, 1.047961535880545,#c8102e
26.2441436949330, 1.047557965115330,#c8102e
26.2432997856304, 1.047152668487060,#c8102e
26.2424567065488, 1.046745647689168,#c8102e
26.2416144612107, 1.046336904422293,#c8102e
26.2407730531353, 1.045926440394270,#c8102e
26.2399324858381, 1.045514257320124,#c8102e
26.2390927628312, 1.045100356922062,#c8102e
26.2382538876233, 1.044684740929467,#c8102e
26.2374158637193, 1.044267411078891,#c8102e
26.2365786946209, 1.043848369114045,#c8102e
26.2357423838257, 1.043427616785795,#c8102e
26.2349069348283, 1.043005155852154,#c8102e
26.2340723511193, 1.042580988078273,#c8102e
26.0000000000000, 0.915000000000000,#c8102e
26.0000000000000, 0.965000000000000,#c8102e
