x,y,fill
-20.0000000000000,-11.50000000000000,#c8102e
-20.0000000000000,-11.50000000000000,#c8102e
-19.9991440065653,-11.49999991858614,#c8102e
-19.9982880131615,-11.49999967434455,#c8102e
-19.9974320198197,-11.49999926727525,#c8102e
-19.9965760265708,-11.49999869737825,#c8102e
-19.9957200334458,-11.49999796465357,#c8102e
-19.9948640404757,-11.49999706910124,#c8102e
-19.9940080476914,-11.49999601072129,#c8102e
-19.9931520551239,-11.49999478951376,#c8102e
-19.9922960628042,-11.49999340547869,#c8102e
-19.9914400707632,-11.49999185861613,#c8102e
-19.9905840790320,-11.49999014892614,#c8102e
-19.9897280876415,-11.49998827640878,#c8102e
-19.9888720966227,-11.49998624106412,#c8102e
-19.9880161060065,-11.49998404289224,#c8102e
-19.9871601158240,-11.49998168189320,#c8102e
-19.9863041261060,-11.49997915806710,#c8102e
-19.9854481368837,-11.49997647141403,#c8102e
-19.9845921481878,-11.49997362193408,#c8102e
-19.9837361600495,-11.49997060962736,#c8102e
-19.9828801724997,-11.49996743449398,#c8102e
-19.9820241855693,-11.49996409653405,#c8102e
-19.9811681992894,-11.49996059574770,#c8102e
-19.9803122136908,-11.49995693213505,#c8102e
-19.9794562288047,-11.49995310569622,#c8102e
-19.9786002446619,-11.49994911643137,#c8102e
-19.9777442612935,-11.49994496434063,#c8102e
-19.9768882787303,-11.49994064942416,#c8102e
-19.9760322970034,-11.49993617168211,#c8102e
-19.9751763161438,-11.49993153111465,#c8102e
-19.9743203361824,-11.49992672772193,#c8102e
-19.9734643571501,-11.49992176150414,#c8102e
-19.9726083790781,-11.49991663246146,#c8102e
-19.9717524019971,-11.49991134059406,#c8102e
-19.9708964259383,-11.49990588590215,#c8102e
-19.9700404509326,-11.49990026838592,#c8102e
-19.9691844770109,-11.49989448804557,#c8102e
-19.9683285042042,-11.49988854488131,#c8102e
-19.9674725325436,-11.49988243889336,#c8102e
-19.9666165620599,-11.49987617008194,#c8102e
-19.9657605927842,-11.49986973844727,#c8102e
-19.9649046247473,-11.49986314398959,#c8102e
-19.9640486579804,-11.49985638670913,#c8102e
-19.9631926925143,-11.49984946660615,#c8102e
-19.9623367283801,-11.49984238368089,#c8102e
-19.9614807656086,-11.49983513793360,#c8102e
-19.9606248042310,-11.49982772936455,#c8102e
-19.9597688442781,-11.49982015797401,#c8102e
-19.9589128857809,-11.49981242376226,#c8102e
-19.9580569287704,-11.49980452672956,#c8102e
-19.9572009732776,-11.49979646687621,#c8102e
-19.9563450193334,-11.49978824420250,#c8102e
-19.9554890669688,-11.49977985870872,#c8102e
-19.9546331162148,-11.49977131039519,#c8102e
-19.9537771671024,-11.49976259926220,#c8102e
-19.9529212196624,-11.49975372531008,#c8102e
-19.9520652739260,-11.49974468853914,#c8102e
-19.9512093299241,-11.49973548894972,#c8102e
-19.9503533876875,-11.49972612654214,#c8102e
-19.9494974472474,-11.49971660131674,#c8102e
-19.9486415086347,-11.49970691327387,#c8102e
-19.9477855718803,-11.49969706241388,#c8102e
-19.9469296370153,-11.49968704873713,#c8102e
-19.9460737040705,-11.49967687224397,#c8102e
-19.9452177730770,-11.49966653293479,#c8102e
-19.9443618440658,-11.49965603080994,#c8102e
-19.9435059170677,-11.49964536586981,#c8102e
-19.9426499921138,-11.49963453811479,#c8102e
-19.9417940692351,-11.49962354754526,#c8102e
-19.9409381484625,-11.49961239416163,#c8102e
-19.9400822298270,-11.49960107796430,#c8102e
-19.9392263133596,-11.49958959895368,#c8102e
-19.9383703990911,-11.49957795713018,#c8102e
-19.9375144870527,-11.49956615249423,#c8102e
-19.9366585772753,-11.49955418504625,#c8102e
-19.9358026697898,-11.49954205478667,#c8102e
-19.9349467646272,-11.49952976171594,#c8102e
-19.9340908618185,-11.49951730583450,#c8102e
-19.9332349613946,-11.49950468714280,#c8102e
-19.9323790633866,-11.49949190564129,#c8102e
-19.9315231678253,-11.49947896133045,#c8102e
-19.9306672747419,-11.49946585421073,#c8102e
-19.9298113841671,-11.49945258428261,#c8102e
-19.9289554961321,-11.49943915154658,#c8102e
-19.9280996106677,-11.49942555600311,#c8102e
-19.9272437278050,-11.49941179765270,#c8102e
-19.9263878475748,-11.49939787649585,#c8102e
-19.9255319700083,-11.49938379253306,#c8102e
-19.9246760951363,-11.49936954576484,#c8102e
-19.9238202229898,-11.49935513619170,#c8102e
-19.9229643535998,-11.49934056381418,#c8102e
-19.9221084869972,-11.49932582863279,#c8102e
-19.9212526232131,-11.49931093064807,#c8102e
-19.9203967622783,-11.49929586986055,#c8102e
-19.9195409042240,-11.49928064627079,#c8102e
-19.9186850490809,-11.49926525987933,#c8102e
-19.9178291968801,-11.49924971068673,#c8102e
-19.9169733476527,-11.49923399869355,#c8102e
-19.9161175014294,-11.49921812390037,#c8102e
-19.9152616582413,-11.49920208630775,#c8102e
-19.9144058181194,-11.49918588591627,#c8102e
-19.9135499810947,-11.49916952272653,#c8102e
-19.9126941471980,-11.49915299673911,#c8102e
-19.9118383164604,-11.49913630795461,#c8102e
-19.9109824889128,-11.49911945637364,#c8102e
-19.9101266645863,-11.49910244199680,#c8102e
-19.9092708435117,-11.49908526482472,#c8102e
-19.9084150257201,-11.49906792485801,#c8102e
-19.9075592112423,-11.49905042209730,#c8102e
-19.9067034001095,-11.49903275654322,#c8102e
-19.9058475923524,-11.49901492819641,#c8102e
-19.9049917880022,-11.49899693705752,#c8102e
-19.9041359870898,-11.49897878312721,#c8102e
-19.9032801896461,-11.49896046640611,#c8102e
-19.9024243957021,-11.49894198689491,#c8102e
-19.9015686052887,-11.49892334459426,#c8102e
-19.9007128184370,-11.49890453950484,#c8102e
-19.8998570351779,-11.49888557162734,#c8102e
-19.8990012555424,-11.49886644096243,#c8102e
-19.8981454795614,-11.49884714751082,#c8102e
-19.8972897072659,-11.49882769127319,#c8102e
-19.8964339386868,-11.49880807225026,#c8102e
-19.8955781738552,-11.49878829044273,#c8102e
-19.8947224128020,-11.49876834585131,#c8102e
-19.8938666555581,-11.49874823847674,#c8102e
-19.8930109021546,-11.49872796831974,#c8102e
-19.8921551526223,-11.49870753538103,#c8102e
-19.8912994069923,-11.49868693966137,#c8102e
-19.8904436652955,-11.49866618116149,#c8102e
-19.8895879275629,-11.49864525988215,#c8102e
-19.8887321938255,-11.49862417582411,#c8102e
-19.8878764641141,-11.49860292898811,#c8102e
-19.8870207384598,-11.49858151937495,#c8102e
-19.8861650168936,-11.49855994698539,#c8102e
-19.8853092994463,-11.49853821182020,#c8102e
-19.8844535861490,-11.49851631388019,#c8102e
-19.8835978770327,-11.49849425316613,#c8102e
-19.8827421721282,-11.49847202967883,#c8102e
-19.8818864714666,-11.49844964341909,#c8102e
-19.8810307750788,-11.49842709438773,#c8102e
-19.8801750829957,-11.49840438258556,#c8102e
-19.8793193952484,-11.49838150801339,#c8102e
-19.8784637118678,-11.49835847067206,#c8102e
-19.8776080328849,-11.49833527056240,#c8102e
-19.8767523583306,-11.49831190768525,#c8102e
-19.8758966882358,-11.49828838204146,#c8102e
-19.8750410226316,-11.49826469363187,#c8102e
-19.8741853615490,-11.49824084245735,#c8102e
-19.8733297050187,-11.49821682851876,#c8102e
-19.8724740530720,-11.49819265181696,#c8102e
-19.8716184057396,-11.49816831235283,#c8102e
-19.8707627630525,-11.49814381012726,#c8102e
-19.8699071250418,-11.49811914514112,#c8102e
-19.8690514917384,-11.49809431739532,#c8102e
-19.8681958631732,-11.49806932689074,#c8102e
-19.8673402393771,-11.49804417362830,#c8102e
-19.8664846203813,-11.49801885760890,#c8102e
-19.8656290062165,-11.49799337883346,#c8102e
-19.8647733969138,-11.49796773730290,#c8102e
-19.8639177925042,-11.49794193301815,#c8102e
-19.8630621930185,-11.49791596598014,#c8102e
-19.8622065984878,-11.49788983618982,#c8102e
-19.8613510089430,-11.49786354364812,#c8102e
-19.8604954244150,-11.49783708835601,#c8102e
-19.8596398449349,-11.49781047031443,#c8102e
-19.8587842705336,-11.49778368952435,#c8102e
-19.8579287012420,-11.49775674598674,#c8102e
-19.8570731370911,-11.49772963970257,#c8102e
-19.8562175781118,-11.49770237067283,#c8102e
-19.8553620243352,-11.49767493889850,#c8102e
-19.8545064757922,-11.49764734438057,#c8102e
-19.8536509325136,-11.49761958712004,#c8102e
-19.8527953945306,-11.49759166711793,#c8102e
-19.8519398618740,-11.49756358437523,#c8102e
-19.8510843345748,-11.49753533889296,#c8102e
-19.8502288126640,-11.49750693067214,#c8102e
-19.8493732961725,-11.49747835971381,#c8102e
-19.8485177851312,-11.49744962601900,#c8102e
-19.8476622795712,-11.49742072958874,#c8102e
-19.8468067795233,-11.49739167042409,#c8102e
-19.8459512850186,-11.49736244852609,#c8102e
-19.8450957960879,-11.49733306389580,#c8102e
-19.8442403127623,-11.49730351653428,#c8102e
-19.8433848350728,-11.49727380644261,#c8102e
-19.8425293630501,-11.49724393362186,#c8102e
-19.8416738967254,-11.49721389807310,#c8102e
-19.8408184361295,-11.49718369979744,#c8102e
-19.8399629812935,-11.49715333879595,#c8102e
-19.8391075322482,-11.49712281506973,#c8102e
-19.8382520890246,-11.49709212861990,#c8102e
-19.8373966516537,-11.49706127944757,#c8102e
-19.8365412201665,-11.49703026755384,#c8102e
-19.8356857945938,-11.49699909293984,#c8102e
-19.8348303749667,-11.49696775560670,#c8102e
-19.8339749613160,-11.49693625555555,#c8102e
-19.8331195536728,-11.49690459278754,#c8102e
-19.8322641520680,-11.49687276730380,#c8102e
-19.8314087565325,-11.49684077910549,#c8102e
-19.8305533670974,-11.49680862819377,#c8102e
-19.8296979837934,-11.49677631456980,#c8102e
-19.8288426066517,-11.49674383823475,#c8102e
-19.8279872357031,-11.49671119918980,#c8102e
-19.8271318709786,-11.49667839743612,#c8102e
-19.8262765125092,-11.49664543297490,#c8102e
-19.8254211603258,-11.49661230580734,#c8102e
-19.8245658144593,-11.49657901593463,#c8102e
-19.8237104749407,-11.49654556335798,#c8102e
-19.8228551418010,-11.49651194807861,#c8102e
-19.8219998150710,-11.49647817009771,#c8102e
-19.8211444947818,-11.49644422941653,#c8102e
-19.8202891809644,-11.49641012603627,#c8102e
-19.8194338736495,-11.49637585995819,#c8102e
-19.8185785728683,-11.49634143118352,#c8102e
-19.8177232786515,-11.49630683971351,#c8102e
-19.8168679910303,-11.49627208554940,#c8102e
-19.8160127100355,-11.49623716869245,#c8102e
-19.8151574356981,-11.49620208914394,#c8102e
-19.8143021680491,-11.49616684690512,#c8102e
-19.8134469071193,-11.49613144197727,#c8102e
-19.8125916529397,-11.49609587436168,#c8102e
-19.8117364055413,-11.49606014405963,#c8102e
-19.8108811649551,-11.49602425107241,#c8102e
-19.8100259312119,-11.49598819540133,#c8102e
-19.8091707043427,-11.49595197704768,#c8102e
-19.8083154843784,-11.49591559601278,#c8102e
-19.8074602713501,-11.49587905229794,#c8102e
-19.8066050652886,-11.49584234590449,#c8102e
-19.8057498662249,-11.49580547683375,#c8102e
-19.8048946741899,-11.49576844508706,#c8102e
-19.8040394892146,-11.49573125066576,#c8102e
-19.8031843113300,-11.49569389357120,#c8102e
-19.8023291405669,-11.49565637380472,#c8102e
-19.8014739769563,-11.49561869136768,#c8102e
-19.8006188205291,-11.49558084626145,#c8102e
-19.7997636713164,-11.49554283848740,#c8102e
-19.7989085293490,-11.49550466804689,#c8102e
-19.7980533946579,-11.49546633494133,#c8102e
-19.7971982672740,-11.49542783917208,#c8102e
-19.7963431472283,-11.49538918074054,#c8102e
-19.7954880345516,-11.49535035964812,#c8102e
-19.7946329292751,-11.49531137589621,#c8102e
-19.7937778314295,-11.49527222948623,#c8102e
-19.7929227410458,-11.49523292041959,#c8102e
-19.7920676581551,-11.49519344869772,#c8102e
-19.7912125827881,-11.49515381432204,#c8102e
-19.7903575149759,-11.49511401729399,#c8102e
-19.7895024547493,-11.49507405761501,#c8102e
-19.7886474021394,-11.49503393528654,#c8102e
-19.7877923571771,-11.49499365031004,#c8102e
-19.7869373198933,-11.49495320268696,#c8102e
-19.7860822903189,-11.49491259241877,#c8102e
-19.7852272684849,-11.49487181950693,#c8102e
-19.7843722544223,-11.49483088395293,#c8102e
-19.7835172481619,-11.49478978575824,#c8102e
-19.7826622497347,-11.49474852492435,#c8102e
-19.7818072591716,-11.49470710145275,#c8102e
-19.7809522765036,-11.49466551534494,#c8102e
-19.7800973017616,-11.49462376660244,#c8102e
-19.7792423349766,-11.49458185522673,#c8102e
-19.7783873761794,-11.49453978121936,#c8102e
-19.7775324254011,-11.49449754458183,#c8102e
-19.7766774826725,-11.49445514531567,#c8102e
-19.7758225480246,-11.49441258342242,#c8102e
-19.7749676214883,-11.49436985890362,#c8102e
-19.7741127030946,-11.49432697176082,#c8102e
-19.7732577928744,-11.49428392199556,#c8102e
-19.7724028908586,-11.49424070960941,#c8102e
-19.7715479970781,-11.49419733460392,#c8102e
-19.7706931115640,-11.49415379698067,#c8102e
-19.7698382343470,-11.49411009674123,#c8102e
-19.7689833654583,-11.49406623388719,#c8102e
-19.7681285049286,-11.49402220842013,#c8102e
-19.7672736527890,-11.49397802034165,#c8102e
-19.7664188090703,-11.49393366965333,#c8102e
-19.7655639738035,-11.49388915635679,#c8102e
-19.7647091470195,-11.49384448045365,#c8102e
-19.7638543287493,-11.49379964194550,#c8102e
-19.7629995190237,-11.49375464083399,#c8102e
-19.7621447178738,-11.49370947712073,#c8102e
-19.7612899253304,-11.49366415080736,#c8102e
-19.7604351414244,-11.49361866189552,#c8102e
-19.7595803661869,-11.49357301038685,#c8102e
-19.7587255996487,-11.49352719628302,#c8102e
-19.7578708418408,-11.49348121958567,#c8102e
-19.7570160927940,-11.49343508029647,#c8102e
-19.7561613525394,-11.49338877841708,#c8102e
-19.7553066211078,-11.49334231394920,#c8102e
-19.7544518985302,-11.49329568689448,#c8102e
-19.7535971848374,-11.49324889725463,#c8102e
-19.7527424800605,-11.49320194503134,#c8102e
-19.7518877842304,-11.49315483022630,#c8102e
-19.7510330973779,-11.49310755284121,#c8102e
-19.7501784195340,-11.49306011287780,#c8102e
-19.7493237507297,-11.49301251033778,#c8102e
-19.7484690909958,-11.49296474522286,#c8102e
-19.7476144403633,-11.49291681753478,#c8102e
-19.7467597988631,-11.49286872727527,#c8102e
-19.7459051665261,-11.49282047444608,#c8102e
-19.7450505433833,-11.49277205904894,#c8102e
-19.7441959294655,-11.49272348108561,#c8102e
-19.7433413248038,-11.49267474055785,#c8102e
-19.7424867294289,-11.49262583746741,#c8102e
-19.7416321433719,-11.49257677181608,#c8102e
-19.7407775666637,-11.49252754360563,#c8102e
-19.7399229993352,-11.49247815283783,#c8102e
-19.7390684414173,-11.49242859951448,#c8102e
-19.7382138929409,-11.49237888363736,#c8102e
-19.7373593539369,-11.49232900520828,#c8102e
-19.7365048244364,-11.49227896422904,#c8102e
-19.7356503044701,-11.49222876070145,#c8102e
-19.7347957940691,-11.49217839462733,#c8102e
-19.7339412932641,-11.49212786600850,#c8102e
-19.7330868020863,-11.49207717484678,#c8102e
-19.7322323205664,-11.49202632114402,#c8102e
-19.7313778487353,-11.49197530490206,#c8102e
-19.7305233866241,-11.49192412612273,#c8102e
-19.7296689342637,-11.49187278480790,#c8102e
-19.7288144916848,-11.49182128095941,#c8102e
-19.7279600589186,-11.49176961457914,#c8102e
-19.7271056359958,-11.49171778566894,#c8102e
-19.7262512229473,-11.49166579423071,#c8102e
-19.7253968198043,-11.49161364026631,#c8102e
-19.7245424265974,-11.49156132377764,#c8102e
-19.7236880433576,-11.49150884476659,#c8102e
-19.7228336701160,-11.49145620323505,#c8102e
-19.7219793069033,-11.49140339918494,#c8102e
-19.7211249537504,-11.49135043261816,#c8102e
-19.7202706106884,-11.49129730353663,#c8102e
-19.7194162777481,-11.49124401194227,#c8102e
-19.7185619549604,-11.49119055783701,#c8102e
-19.7177076423563,-11.49113694122278,#c8102e
-19.7168533399666,-11.49108316210153,#c8102e
-19.7159990478222,-11.49102922047520,#c8102e
-19.7151447659541,-11.49097511634574,#c8102e
-19.7142904943933,-11.49092084971512,#c8102e
-19.7134362331705,-11.49086642058528,#c8102e
-19.7125819823167,-11.49081182895821,#c8102e
-19.7117277418628,-11.49075707483588,#c8102e
-19.7108735118398,-11.49070215822026,#c8102e
-19.7100192922785,-11.49064707911336,#c8102e
-19.7091650832098,-11.49059183751715,#c8102e
-19.7083108846647,-11.49053643343364,#c8102e
-19.7074566966741,-11.49048086686483,#c8102e
-19.7066025192688,-11.49042513781274,#c8102e
-19.7057483524798,-11.49036924627938,#c8102e
-19.7048941963379,-11.49031319226677,#c8102e
-19.7040400508742,-11.49025697577694,#c8102e
-19.7031859161195,-11.49020059681193,#c8102e
-19.7023317921047,-11.49014405537377,#c8102e
-19.7014776788606,-11.49008735146451,#c8102e
-19.7006235764183,-11.49003048508620,#c8102e
-19.6997694848086,-11.48997345624091,#c8102e
-19.6989154040625,-11.48991626493069,#c8102e
-19.6980613342107,-11.48985891115761,#c8102e
-19.6972072752843,-11.48980139492375,#c8102e
-19.6963532273142,-11.48974371623119,#c8102e
-19.6954991903311,-11.48968587508202,#c8102e
-19.6946451643661,-11.48962787147833,#c8102e
-19.6937911494501,-11.48956970542221,#c8102e
-19.6929371456138,-11.48951137691578,#c8102e
-19.6920831528884,-11.48945288596114,#c8102e
-19.6912291713045,-11.48939423256041,#c8102e
-19.6903752008933,-11.48933541671572,#c8102e
-19.6895212416854,-11.48927643842919,#c8102e
-19.6886672937119,-11.48921729770295,#c8102e
-19.6878133570037,-11.48915799453914,#c8102e
-19.6869594315916,-11.48909852893992,#c8102e
-19.6861055175065,-11.48903890090742,#c8102e
-19.6852516147794,-11.48897911044382,#c8102e
-19.6843977234411,-11.48891915755127,#c8102e
-19.6835438435225,-11.48885904223194,#c8102e
-19.6826899750546,-11.48879876448802,#c8102e
-19.6818361180682,-11.48873832432167,#c8102e
-19.6809822725942,-11.48867772173508,#c8102e
-19.6801284386635,-11.48861695673046,#c8102e
-19.6792746163071,-11.48855602930999,#c8102e
-19.6784208055558,-11.48849493947588,#c8102e
-19.6775670064404,-11.48843368723035,#c8102e
-19.6767132189920,-11.48837227257560,#c8102e
-19.6758594432413,-11.48831069551387,#c8102e
-19.6750056792193,-11.48824895604737,#c8102e
-19.6741519269570,-11.48818705417835,#c8102e
-19.6732981864850,-11.48812498990904,#c8102e
-19.6724444578344,-11.48806276324169,#c8102e
-19.6715907410361,-11.48800037417855,#c8102e
-19.6707370361209,-11.48793782272188,#c8102e
-19.6698833431198,-11.48787510887394,#c8102e
-19.6690296620636,-11.48781223263699,#c8102e
-19.6681759929832,-11.48774919401333,#c8102e
-19.6673223359094,-11.48768599300522,#c8102e
-19.6664686908733,-11.48762262961495,#c8102e
-19.6656150579056,-11.48755910384482,#c8102e
-19.6647614370374,-11.48749541569713,#c8102e
-19.6639078282993,-11.48743156517417,#c8102e
-19.6630542317224,-11.48736755227826,#c8102e
-19.6622006473375,-11.48730337701172,#c8102e
-19.6613470751756,-11.48723903937687,#c8102e
-19.6604935152674,-11.48717453937603,#c8102e
-19.6596399676439,-11.48710987701155,#c8102e
-19.6587864323360,-11.48704505228575,#c8102e
-19.6579329093746,-11.48698006520099,#c8102e
-19.6570793987904,-11.48691491575961,#c8102e
-19.6562259006145,-11.48684960396398,#c8102e
-19.6553724148777,-11.48678412981645,#c8102e
-19.6545189416109,-11.48671849331940,#c8102e
-19.6536654808449,-11.48665269447520,#c8102e
-19.6528120326107,-11.48658673328624,#c8102e
-19.6519585969391,-11.48652060975489,#c8102e
-19.6511051738610,-11.48645432388356,#c8102e
-19.6502517634073,-11.48638787567463,#c8102e
-19.6493983656089,-11.48632126513052,#c8102e
-19.6485449804966,-11.48625449225363,#c8102e
-19.6476916081014,-11.48618755704639,#c8102e
-19.6468382484541,-11.48612045951120,#c8102e
-19.6459849015855,-11.48605319965051,#c8102e
-19.6451315675266,-11.48598577746674,#c8102e
-19.6442782463082,-11.48591819296233,#c8102e
-19.6434249379613,-11.48585044613974,#c8102e
-19.6425716425166,-11.48578253700141,#c8102e
-19.6417183600052,-11.48571446554979,#c8102e
-19.6408650904577,-11.48564623178735,#c8102e
-19.6400118339052,-11.48557783571656,#c8102e
-19.6391585903784,-11.48550927733990,#c8102e
-19.6383053599084,-11.48544055665985,#c8102e
-19.6374521425258,-11.48537167367888,#c8102e
-19.6365989382617,-11.48530262839950,#c8102e
-19.6357457471468,-11.48523342082420,#c8102e
-19.6348925692121,-11.48516405095549,#c8102e
-19.6340394044885,-11.48509451879588,#c8102e
-19.6331862530067,-11.48502482434788,#c8102e
-19.6323331147977,-11.48495496761402,#c8102e
-19.6314799898923,-11.48488494859681,#c8102e
-19.6306268783215,-11.48481476729881,#c8102e
-19.6297737801160,-11.48474442372254,#c8102e
-19.6289206953067,-11.48467391787054,#c8102e
-19.6280676239246,-11.48460324974539,#c8102e
-19.6272145660004,-11.48453241934962,#c8102e
-19.6263615215651,-11.48446142668580,#c8102e
-19.6255084906495,-11.48439027175651,#c8102e
-19.6246554732845,-11.48431895456430,#c8102e
-19.6238024695009,-11.48424747511178,#c8102e
-19.6229494793296,-11.48417583340152,#c8102e
-19.6220965028015,-11.48410402943611,#c8102e
-19.6212435399475,-11.48403206321816,#c8102e
-19.6203905907983,-11.48395993475026,#c8102e
-19.6195376553849,-11.48388764403503,#c8102e
-19.6186847337381,-11.48381519107508,#c8102e
-19.6178318258889,-11.48374257587303,#c8102e
-19.6169789318679,-11.48366979843152,#c8102e
-19.6161260517062,-11.48359685875317,#c8102e
-19.6152731854345,-11.48352375684063,#c8102e
-19.6144203330838,-11.48345049269654,#c8102e
-19.6135674946849,-11.48337706632354,#c8102e
-19.6127146702686,-11.48330347772431,#c8102e
-19.6118618598659,-11.48322972690149,#c8102e
-19.6110090635075,-11.48315581385776,#c8102e
-19.6101562812243,-11.48308173859580,#c8102e
-19.6093035130472,-11.48300750111828,#c8102e
-19.6084507590070,-11.48293310142788,#c8102e
-19.6075980191347,-11.48285853952731,#c8102e
-19.6067452934609,-11.48278381541926,#c8102e
-19.6058925820167,-11.48270892910644,#c8102e
-19.6050398848329,-11.48263388059154,#c8102e
-19.6041872019402,-11.48255866987730,#c8102e
-19.6033345333697,-11.48248329696642,#c8102e
-19.6024818791520,-11.48240776186164,#c8102e
-19.6016292393181,-11.48233206456569,#c8102e
-19.6007766138989,-11.48225620508132,#c8102e
-19.5999240029251,-11.48218018341125,#c8102e
-19.5990714064276,-11.48210399955825,#c8102e
-19.5982188244374,-11.48202765352508,#c8102e
-19.5973662569851,-11.48195114531448,#c8102e
-19.5965137041017,-11.48187447492924,#c8102e
-19.5956611658181,-11.48179764237213,#c8102e
-19.5948086421650,-11.48172064764593,#c8102e
-19.5939561331733,-11.48164349075341,#c8102e
-19.5931036388739,-11.48156617169738,#c8102e
-19.5922511592976,-11.48148869048064,#c8102e
-19.5913986944753,-11.48141104710598,#c8102e
-19.5905462444378,-11.48133324157621,#c8102e
-19.5896938092159,-11.48125527389416,#c8102e
-19.5888413888405,-11.48117714406264,#c8102e
-19.5879889833425,-11.48109885208448,#c8102e
-19.5871365927526,-11.48102039796251,#c8102e
-19.5862842171018,-11.48094178169957,#c8102e
-19.5854318564208,-11.48086300329851,#c8102e
-19.5845795107405,-11.48078406276217,#c8102e
-19.5837271800918,-11.48070496009341,#c8102e
-19.5828748645055,-11.48062569529510,#c8102e
-19.5820225640124,-11.48054626837010,#c8102e
-19.5811702786434,-11.48046667932129,#c8102e
-19.5803180084293,-11.48038692815155,#c8102e
-19.5794657534009,-11.48030701486375,#c8102e
-19.5786135135892,-11.48022693946080,#c8102e
-19.5777612890248,-11.48014670194560,#c8102e
-19.5769090797387,-11.48006630232103,#c8102e
-19.5760568857617,-11.47998574059002,#c8102e
-19.5752047071246,-11.47990501675548,#c8102e
-19.5743525438583,-11.47982413082033,#c8102e
-19.5735003959936,-11.47974308278750,#c8102e
-19.5726482635614,-11.47966187265991,#c8102e
-19.5717961465924,-11.47958050044051,#c8102e
-19.5709440451175,-11.47949896613225,#c8102e
-19.5700919591675,-11.47941726973806,#c8102e
-19.5692398887733,-11.47933541126092,#c8102e
-19.5683878339658,-11.47925339070377,#c8102e
-19.5675357947756,-11.47917120806959,#c8102e
-19.5666837712337,-11.47908886336136,#c8102e
-19.5658317633709,-11.47900635658204,#c8102e
-19.5649797712180,-11.47892368773464,#c8102e
-19.5641277948058,-11.47884085682213,#c8102e
-19.5632758341652,-11.47875786384751,#c8102e
-19.5624238893270,-11.47867470881380,#c8102e
-19.5615719603221,-11.47859139172398,#c8102e
-19.5607200471812,-11.47850791258110,#c8102e
-19.5598681499352,-11.47842427138815,#c8102e
-19.5590162686149,-11.47834046814818,#c8102e
-19.5581644032511,-11.47825650286420,#c8102e
-19.5573125538746,-11.47817237553927,#c8102e
-19.5564607205164,-11.47808808617641,#c8102e
-19.5556089032071,-11.47800363477869,#c8102e
-19.5547571019777,-11.47791902134917,#c8102e
-19.5539053168589,-11.47783424589089,#c8102e
-19.5530535478815,-11.47774930840693,#c8102e
-19.5522017950765,-11.47766420890036,#c8102e
-19.5513500584745,-11.47757894737426,#c8102e
-19.5504983381065,-11.47749352383172,#c8102e
-19.5496466340032,-11.47740793827582,#c8102e
-19.5487949461955,-11.47732219070967,#c8102e
-19.5479432747141,-11.47723628113637,#c8102e
-19.5470916195900,-11.47715020955902,#c8102e
-19.5462399808538,-11.47706397598074,#c8102e
-19.5453883585365,-11.47697758040465,#c8102e
-19.5445367526688,-11.47689102283387,#c8102e
-19.5436851632816,-11.47680430327155,#c8102e
-19.5428335904056,-11.47671742172080,#c8102e
-19.5419820340717,-11.47663037818479,#c8102e
-19.5411304943107,-11.47654317266666,#c8102e
-19.5402789711535,-11.47645580516956,#c8102e
-19.5394274646307,-11.47636827569666,#c8102e
-19.5385759747733,-11.47628058425112,#c8102e
-19.5377245016120,-11.47619273083611,#c8102e
-19.5368730451776,-11.47610471545483,#c8102e
-19.5360216055010,-11.47601653811044,#c8102e
-19.5351701826130,-11.47592819880614,#c8102e
-19.5343187765443,-11.47583969754513,#c8102e
-19.5334673873259,-11.47575103433060,#c8102e
-19.5326160149884,-11.47566220916578,#c8102e
-19.5317646595627,-11.47557322205386,#c8102e
-19.5309133210796,-11.47548407299807,#c8102e
-19.5300619995699,-11.47539476200165,#c8102e
-19.5292106950644,-11.47530528906781,#c8102e
-19.5283594075940,-11.47521565419980,#c8102e
-19.5275081371893,-11.47512585740085,#c8102e
-19.5266568838813,-11.47503589867422,#c8102e
-19.5258056477007,-11.47494577802317,#c8102e
-19.5249544286783,-11.47485549545096,#c8102e
-19.5241032268449,-11.47476505096084,#c8102e
-19.5232520422314,-11.47467444455610,#c8102e
-19.5224008748684,-11.47458367624001,#c8102e
-19.5215497247869,-11.47449274601586,#c8102e
-19.5206985920176,-11.47440165388693,#c8102e
-19.5198474765913,-11.47431039985652,#c8102e
-19.5189963785388,-11.47421898392795,#c8102e
-19.5181452978909,-11.47412740610450,#c8102e
-19.5172942346785,-11.47403566638950,#c8102e
-19.5164431889322,-11.47394376478627,#c8102e
-19.5155921606829,-11.47385170129813,#c8102e
-19.5147411499614,-11.47375947592841,#c8102e
-19.5138901567985,-11.47366708868045,#c8102e
-19.5130391812249,-11.47357453955759,#c8102e
-19.5121882232715,-11.47348182856318,#c8102e
-19.5113372829691,-11.47338895570058,#c8102e
-19.5104863603484,-11.47329592097315,#c8102e
-19.5096354554402,-11.47320272438425,#c8102e
-19.5087845682753,-11.47310936593725,#c8102e
-19.5079336988846,-11.47301584563554,#c8102e
-19.5070828472987,-11.47292216348249,#c8102e
-19.5062320135486,-11.47282831948150,#c8102e
-19.5053811976649,-11.47273431363596,#c8102e
-19.5045303996785,-11.47264014594928,#c8102e
-19.5036796196201,-11.47254581642486,#c8102e
-19.5028288575205,-11.47245132506611,#c8102e
-19.5019781134105,-11.47235667187646,#c8102e
-19.5011273873210,-11.47226185685932,#c8102e
-19.5002766792826,-11.47216688001814,#c8102e
-19.4994259893262,-11.47207174135634,#c8102e
-19.4985753174825,-11.47197644087737,#c8102e
-19.4977246637823,-11.47188097858467,#c8102e
-19.4968740282564,-11.47178535448171,#c8102e
-19.4960234109357,-11.47168956857194,#c8102e
-19.4951728118507,-11.47159362085882,#c8102e
-19.4943222310324,-11.47149751134583,#c8102e
-19.4934716685115,-11.47140124003645,#c8102e
-19.4926211243189,-11.47130480693416,#c8102e
-19.4917705984851,-11.47120821204245,#c8102e
-19.4909200910412,-11.47111145536481,#c8102e
-19.4900696020177,-11.47101453690475,#c8102e
-19.4892191314455,-11.47091745666577,#c8102e
-19.4883686793554,-11.47082021465139,#c8102e
-19.4875182457781,-11.47072281086512,#c8102e
-19.4866678307445,-11.47062524531048,#c8102e
-19.4858174342852,-11.47052751799102,#c8102e
-19.4849670564310,-11.47042962891026,#c8102e
-19.4841166972128,-11.47033157807174,#c8102e
-19.4832663566613,-11.47023336547902,#c8102e
-19.4824160348072,-11.47013499113565,#c8102e
-19.4815657316814,-11.47003645504519,#c8102e
-19.4807154473146,-11.46993775721120,#c8102e
-19.4798651817375,-11.46983889763725,#c8102e
-19.4790149349809,-11.46973987632693,#c8102e
-19.4781647070756,-11.46964069328381,#c8102e
-19.4773144980524,-11.46954134851148,#c8102e
-19.4764643079420,-11.46944184201354,#c8102e
-19.4756141367752,-11.46934217379359,#c8102e
-19.4747639845828,-11.46924234385524,#c8102e
-19.4739138513954,-11.46914235220209,#c8102e
-19.4730637372439,-11.46904219883776,#c8102e
-19.4722136421591,-11.46894188376589,#c8102e
-19.4713635661716,-11.46884140699010,#c8102e
-19.4705135093123,-11.46874076851402,#c8102e
-19.4696634716119,-11.46863996834129,#c8102e
-19.4688134531012,-11.46853900647557,#c8102e
-19.4679634538108,-11.46843788292051,#c8102e
-19.4671134737717,-11.46833659767976,#c8102e
-19.4662635130145,-11.46823515075699,#c8102e
-19.4654135715700,-11.46813354215588,#c8102e
-19.4645636494689,-11.46803177188009,#c8102e
-19.4637137467420,-11.46792983993331,#c8102e
-19.4628638634201,-11.46782774631923,#c8102e
-19.4620139995338,-11.46772549104155,#c8102e
-19.4611641551141,-11.46762307410395,#c8102e
-19.4603143301915,-11.46752049551016,#c8102e
-19.4594645247969,-11.46741775526387,#c8102e
-19.4586147389609,-11.46731485336882,#c8102e
-19.4577649727145,-11.46721178982871,#c8102e
-19.4569152260882,-11.46710856464729,#c8102e
-19.4560654991129,-11.46700517782828,#c8102e
-19.4552157918193,-11.46690162937543,#c8102e
-19.4543661042381,-11.46679791929248,#c8102e
-19.4535164364001,-11.46669404758319,#c8102e
-19.4526667883360,-11.46659001425131,#c8102e
-19.4518171600766,-11.46648581930062,#c8102e
-19.4509675516526,-11.46638146273486,#c8102e
-19.4501179630947,-11.46627694455784,#c8102e
-19.4492683944338,-11.46617226477332,#c8102e
-19.4484188457005,-11.46606742338510,#c8102e
-19.4475693169256,-11.46596242039697,#c8102e
-19.4467198081398,-11.46585725581272,#c8102e
-19.4458703193738,-11.46575192963617,#c8102e
-19.4450208506585,-11.46564644187112,#c8102e
-19.4441714020245,-11.46554079252139,#c8102e
-19.4433219735025,-11.46543498159080,#c8102e
-19.4424725651234,-11.46532900908319,#c8102e
-19.4416231769177,-11.46522287500239,#c8102e
-19.4407738089164,-11.46511657935223,#c8102e
-19.4399244611501,-11.46501012213657,#c8102e
-19.4390751336495,-11.46490350335925,#c8102e
-19.4382258264454,-11.46479672302413,#c8102e
-19.4373765395685,-11.46468978113508,#c8102e
-19.4365272730495,-11.46458267769597,#c8102e
-19.4356780269191,-11.46447541271067,#c8102e
-19.4348288012082,-11.46436798618307,#c8102e
-19.4339795959474,-11.46426039811704,#c8102e
-19.4331304111675,-11.46415264851649,#c8102e
-19.4322812468991,-11.46404473738531,#c8102e
-19.4314321031730,-11.46393666472741,#c8102e
-19.4305829800199,-11.46382843054670,#c8102e
-19.4297338774706,-11.46372003484709,#c8102e
-19.4288847955558,-11.46361147763250,#c8102e
-19.4280357343061,-11.46350275890688,#c8102e
-19.4271866937524,-11.46339387867413,#c8102e
-19.4263376739254,-11.46328483693822,#c8102e
-19.4254886748556,-11.46317563370308,#c8102e
-19.4246396965740,-11.46306626897266,#c8102e
-19.4237907391112,-11.46295674275093,#c8102e
-19.4229418024979,-11.46284705504184,#c8102e
-19.4220928867648,-11.46273720584936,#c8102e
-19.4212439919427,-11.46262719517748,#c8102e
-19.4203951180623,-11.46251702303016,#c8102e
-19.4195462651542,-11.46240668941140,#c8102e
-19.4186974332493,-11.46229619432518,#c8102e
-19.4178486223781,-11.46218553777551,#c8102e
-19.4169998325715,-11.46207471976640,#c8102e
-19.4161510638602,-11.46196374030184,#c8102e
-19.4153023162748,-11.46185259938586,#c8102e
-19.4144535898460,-11.46174129702247,#c8102e
-19.4136048846047,-11.46162983321572,#c8102e
-19.4127562005814,-11.46151820796961,#c8102e
-19.4119075378069,-11.46140642128821,#c8102e
-19.4110588963119,-11.46129447317555,#c8102e
-19.4102102761271,-11.46118236363568,#c8102e
-19.4093616772833,-11.46107009267265,#c8102e
-19.4085130998110,-11.46095766029054,#c8102e
-19.4076645437411,-11.46084506649341,#c8102e
-19.4068160091043,-11.46073231128533,#c8102e
-19.4059674959311,-11.46061939467039,#c8102e
-19.4051190042524,-11.46050631665267,#c8102e
-19.4042705340988,-11.46039307723625,#c8102e
-19.4034220855011,-11.46027967642525,#c8102e
-19.4025736584899,-11.46016611422376,#c8102e
-19.4017252530959,-11.46005239063588,#c8102e
-19.4008768693499,-11.45993850566575,#c8102e
-19.4000285072825,-11.45982445931747,#c8102e
-19.3991801669245,-11.45971025159517,#c8102e
-19.3983318483064,-11.45959588250299,#c8102e
-19.3974835514591,-11.45948135204507,#c8102e
-19.3966352764133,-11.45936666022554,#c8102e
-19.3957870231995,-11.45925180704856,#c8102e
-19.3949387918485,-11.45913679251829,#c8102e
-19.3940905823911,-11.45902161663888,#c8102e
-19.3932423948578,-11.45890627941450,#c8102e
-19.3923942292794,-11.45879078084933,#c8102e
-19.3915460856865,-11.45867512094755,#c8102e
-19.3906979641100,-11.45855929971334,#c8102e
-19.3898498645804,-11.45844331715089,#c8102e
-19.3890017871284,-11.45832717326439,#c8102e
-19.3881537317847,-11.45821086805806,#c8102e
-19.3873056985801,-11.45809440153610,#c8102e
-19.3864576875451,-11.45797777370272,#c8102e
-19.3856096987105,-11.45786098456215,#c8102e
-19.3847617321070,-11.45774403411860,#c8102e
-19.3839137877652,-11.45762692237632,#c8102e
-19.3830658657158,-11.45750964933953,#c8102e
-19.3822179659896,-11.45739221501249,#c8102e
-19.3813700886171,-11.45727461939944,#c8102e
-19.3805222336292,-11.45715686250464,#c8102e
-19.3796744010563,-11.45703894433234,#c8102e
-19.3788265909293,-11.45692086488682,#c8102e
-19.3779788032788,-11.45680262417234,#c8102e
-19.3771310381354,-11.45668422219319,#c8102e
-19.3762832955299,-11.45656565895365,#c8102e
-19.3754355754930,-11.45644693445801,#c8102e
-19.3745878780552,-11.45632804871056,#c8102e
-19.3737402032473,-11.45620900171562,#c8102e
-19.3728925511000,-11.45608979347747,#c8102e
-19.3720449216438,-11.45597042400045,#c8102e
-19.3711973149096,-11.45585089328886,#c8102e
-19.3703497309279,-11.45573120134703,#c8102e
-19.3695021697295,-11.45561134817930,#c8102e
-19.3686546313449,-11.45549133379000,#c8102e
-19.3678071158049,-11.45537115818347,#c8102e
-19.3669596231402,-11.45525082136406,#c8102e
-19.3661121533813,-11.45513032333613,#c8102e
-19.3652647065590,-11.45500966410403,#c8102e
-19.3644172827039,-11.45488884367214,#c8102e
-19.3635698818467,-11.45476786204482,#c8102e
-19.3627225040180,-11.45464671922645,#c8102e
-19.3618751492486,-11.45452541522141,#c8102e
-19.3610278175690,-11.45440395003410,#c8102e
-19.3601805090100,-11.45428232366891,#c8102e
-19.3593332236021,-11.45416053613023,#c8102e
-19.3584859613761,-11.45403858742248,#c8102e
-19.3576387223626,-11.45391647755008,#c8102e
-19.3567915065923,-11.45379420651743,#c8102e
-19.3559443140958,-11.45367177432895,#c8102e
-19.3550971449037,-11.45354918098910,#c8102e
-19.3542499990468,-11.45342642650229,#c8102e
-19.3534028765556,-11.45330351087297,#c8102e
-19.3525557774609,-11.45318043410558,#c8102e
-19.3517087017933,-11.45305719620459,#c8102e
-19.3508616495834,-11.45293379717444,#c8102e
-19.3500146208619,-11.45281023701961,#c8102e
-19.3491676156594,-11.45268651574457,#c8102e
-19.3483206340066,-11.45256263335379,#c8102e
-19.3474736759341,-11.45243858985175,#c8102e
-19.3466267414726,-11.45231438524295,#c8102e
-19.3457798306527,-11.45219001953187,#c8102e
-19.3449329435051,-11.45206549272302,#c8102e
-19.3440860800604,-11.45194080482091,#c8102e
-19.3432392403492,-11.45181595583004,#c8102e
-19.3423924244022,-11.45169094575493,#c8102e
-19.3415456322501,-11.45156577460011,#c8102e
-19.3406988639234,-11.45144044237010,#c8102e
-19.3398521194528,-11.45131494906944,#c8102e
-19.3390053988690,-11.45118929470268,#c8102e
-19.3381587022026,-11.45106347927435,#c8102e
-19.3373120294842,-11.45093750278901,#c8102e
-19.3364653807445,-11.45081136525122,#c8102e
-19.3356187560140,-11.45068506666554,#c8102e
-19.3347721553235,-11.45055860703655,#c8102e
-19.3339255787036,-11.45043198636881,#c8102e
-19.3330790261848,-11.45030520466691,#c8102e
-19.3322324977979,-11.45017826193545,#c8102e
-19.3313859935734,-11.45005115817900,#c8102e
-19.3305395135421,-11.44992389340217,#c8102e
-19.3296930577344,-11.44979646760957,#c8102e
-19.3288466261811,-11.44966888080580,#c8102e
-19.3280002189128,-11.44954113299548,#c8102e
-19.3271538359600,-11.44941322418324,#c8102e
-19.3263074773535,-11.44928515437370,#c8102e
-19.3254611431238,-11.44915692357150,#c8102e
-19.3246148333017,-11.44902853178128,#c8102e
-19.3237685479176,-11.44889997900767,#c8102e
-19.3229222870022,-11.44877126525535,#c8102e
-19.3220760505861,-11.44864239052895,#c8102e
-19.3212298387001,-11.44851335483315,#c8102e
-19.3203836513746,-11.44838415817261,#c8102e
-19.3195374886403,-11.44825480055201,#c8102e
-19.3186913505278,-11.44812528197603,#c8102e
-19.3178452370677,-11.44799560244935,#c8102e
-19.3169991482907,-11.44786576197668,#c8102e
-19.3161530842273,-11.44773576056269,#c8102e
-19.3153070449083,-11.44760559821211,#c8102e
-19.3144610303641,-11.44747527492964,#c8102e
-19.3136150406254,-11.44734479072000,#c8102e
-19.3127690757228,-11.44721414558790,#c8102e
-19.3119231356869,-11.44708333953807,#c8102e
-19.3110772205484,-11.44695237257526,#c8102e
-19.3102313303378,-11.44682124470418,#c8102e
-19.3093854650858,-11.44668995592960,#c8102e
-19.3085396248229,-11.44655850625626,#c8102e
-19.3076938095798,-11.44642689568892,#c8102e
-19.3068480193870,-11.44629512423234,#c8102e
-19.3060022542752,-11.44616319189129,#c8102e
-19.3051565142750,-11.44603109867054,#c8102e
-19.3043107994170,-11.44589884457487,#c8102e
-19.3034651097317,-11.44576642960907,#c8102e
-19.3026194452498,-11.44563385377792,#c8102e
-19.3017738060019,-11.44550111708623,#c8102e
-19.3009281920186,-11.44536821953880,#c8102e
-19.3000826033304,-11.44523516114043,#c8102e
-19.2992370399680,-11.44510194189595,#c8102e
-19.2983915019619,-11.44496856181017,#c8102e
-19.2975459893429,-11.44483502088792,#c8102e
-19.2967005021413,-11.44470131913403,#c8102e
-19.2958550403880,-11.44456745655333,#c8102e
-19.2950096041133,-11.44443343315068,#c8102e
-19.2941641933480,-11.44429924893092,#c8102e
-19.2933188081226,-11.44416490389890,#c8102e
-19.2924734484677,-11.44403039805950,#c8102e
-19.2916281144140,-11.44389573141757,#c8102e
-19.2907828059919,-11.44376090397798,#c8102e
-19.2899375232320,-11.44362591574562,#c8102e
-19.2890922661651,-11.44349076672538,#c8102e
-19.2882470348215,-11.44335545692213,#c8102e
-19.2874018292320,-11.44321998634078,#c8102e
-19.2865566494271,-11.44308435498623,#c8102e
-19.2857114954374,-11.44294856286338,#c8102e
-19.2848663672935,-11.44281260997715,#c8102e
-19.2840212650259,-11.44267649633247,#c8102e
-19.2831761886653,-11.44254022193424,#c8102e
-19.2823311382421,-11.44240378678742,#c8102e
-19.2814861137871,-11.44226719089692,#c8102e
-19.2806411153307,-11.44213043426770,#c8102e
-19.2797961429036,-11.44199351690470,#c8102e
-19.2789511965362,-11.44185643881288,#c8102e
-19.2781062762593,-11.44171919999720,#c8102e
-19.2772613821033,-11.44158180046261,#c8102e
-19.2764165140988,-11.44144424021411,#c8102e
-19.2755716722764,-11.44130651925665,#c8102e
-19.2747268566667,-11.44116863759523,#c8102e
-19.2738820673003,-11.44103059523484,#c8102e
-19.2730373042077,-11.44089239218046,#c8102e
-19.2721925674194,-11.44075402843711,#c8102e
-19.2713478569660,-11.44061550400978,#c8102e
-19.2705031728782,-11.44047681890349,#c8102e
-19.2696585151865,-11.44033797312326,#c8102e
-19.2688138839213,-11.44019896667410,#c8102e
-19.2679692791134,-11.44005979956107,#c8102e
-19.2671247007932,-11.43992047178917,#c8102e
-19.2662801489914,-11.43978098336347,#c8102e
-19.2654356237384,-11.43964133428899,#c8102e
-19.2645911250648,-11.43950152457081,#c8102e
-19.2637466530012,-11.43936155421398,#c8102e
-19.2629022075782,-11.43922142322355,#c8102e
-19.2620577888263,-11.43908113160461,#c8102e
-19.2612133967760,-11.43894067936223,#c8102e
-19.2603690314580,-11.43880006650149,#c8102e
-19.2595246929027,-11.43865929302748,#c8102e
-19.2586803811407,-11.43851835894528,#c8102e
-19.2578360962026,-11.43837726426002,#c8102e
-19.2569918381189,-11.43823600897677,#c8102e
-19.2561476069202,-11.43809459310067,#c8102e
-19.2553034026369,-11.43795301663683,#c8102e
-19.2544592252998,-11.43781127959036,#c8102e
-19.2536150749392,-11.43766938196639,#c8102e
-19.2527709515858,-11.43752732377007,#c8102e
-19.2519268552701,-11.43738510500653,#c8102e
-19.2510827860226,-11.43724272568092,#c8102e
-19.2502387438738,-11.43710018579839,#c8102e
-19.2493947288544,-11.43695748536409,#c8102e
-19.2485507409949,-11.43681462438320,#c8102e
-19.2477067803257,-11.43667160286087,#c8102e
-19.2468628468775,-11.43652842080229,#c8102e
-19.2460189406807,-11.43638507821264,#c8102e
-19.2451750617660,-11.43624157509710,#c8102e
-19.2443312101638,-11.43609791146086,#c8102e
-19.2434873859046,-11.43595408730913,#c8102e
-19.2426435890191,-11.43581010264710,#c8102e
-19.2417998195377,-11.43566595747999,#c8102e
-19.2409560774910,-11.43552165181302,#c8102e
-19.2401123629094,-11.43537718565140,#c8102e
-19.2392686758236,-11.43523255900036,#c8102e
-19.2384250162641,-11.43508777186513,#c8102e
-19.2375813842613,-11.43494282425096,#c8102e
-19.2367377798459,-11.43479771616309,#c8102e
-19.2358942030483,-11.43465244760677,#c8102e
-19.2350506538990,-11.43450701858726,#c8102e
-19.2342071324286,-11.43436142910981,#c8102e
-19.2333636386676,-11.43421567917970,#c8102e
-19.2325201726466,-11.43406976880220,#c8102e
-19.2316767343960,-11.43392369798259,#c8102e
-19.2308333239463,-11.43377746672615,#c8102e
-19.2299899413282,-11.43363107503818,#c8102e
-19.2291465865720,-11.43348452292397,#c8102e
-19.2283032597083,-11.43333781038883,#c8102e
-19.2274599607677,-11.43319093743806,#c8102e
-19.2266166897806,-11.43304390407698,#c8102e
-19.2257734467776,-11.43289671031091,#c8102e
-19.2249302317891,-11.43274935614518,#c8102e
-19.2240870448457,-11.43260184158511,#c8102e
-19.2232438859779,-11.43245416663605,#c8102e
-19.2224007552162,-11.43230633130334,#c8102e
-19.2215576525911,-11.43215833559232,#c8102e
-19.2207145781331,-11.43201017950836,#c8102e
-19.2198715318727,-11.43186186305681,#c8102e
-19.2190285138405,-11.43171338624304,#c8102e
-19.2181855240668,-11.43156474907243,#c8102e
-19.2173425625823,-11.43141595155034,#c8102e
-19.2164996294175,-11.43126699368217,#c8102e
-19.2156567246027,-11.43111787547330,#c8102e
-19.2148138481686,-11.43096859692914,#c8102e
-19.2139710001456,-11.43081915805508,#c8102e
-19.2131281805642,-11.43066955885653,#c8102e
-19.2122853894550,-11.43051979933889,#c8102e
-19.2114426268484,-11.43036987950761,#c8102e
-19.2105998927749,-11.43021979936808,#c8102e
-19.2097571872650,-11.43006955892575,#c8102e
-19.2089145103492,-11.42991915818606,#c8102e
-19.2080718620579,-11.42976859715444,#c8102e
-19.2072292424218,-11.42961787583634,#c8102e
-19.2063866514712,-11.42946699423722,#c8102e
-19.2055440892367,-11.42931595236254,#c8102e
-19.2047015557487,-11.42916475021776,#c8102e
-19.2038590510378,-11.42901338780835,#c8102e
-19.2030165751344,-11.42886186513979,#c8102e
-19.2021741280690,-11.42871018221756,#c8102e
-19.2013317098720,-11.42855833904715,#c8102e
-19.2004893205740,-11.42840633563406,#c8102e
-19.1996469602055,-11.42825417198378,#c8102e
-19.1988046287969,-11.42810184810182,#c8102e
-19.1979623263787,-11.42794936399369,#c8102e
-19.1971200529814,-11.42779671966492,#c8102e
-19.1962778086354,-11.42764391512101,#c8102e
-19.1954355933713,-11.42749095036751,#c8102e
-19.1945934072195,-11.42733782540995,#c8102e
-19.1937512502105,-11.42718454025387,#c8102e
-19.1929091223747,-11.42703109490480,#c8102e
-19.1920670237426,-11.42687748936832,#c8102e
-19.1912249543448,-11.42672372364997,#c8102e
-19.1903829142116,-11.42656979775531,#c8102e
-19.1895409033736,-11.42641571168993,#c8102e
-19.1886989218611,-11.42626146545939,#c8102e
-19.1878569697047,-11.42610705906927,#c8102e
-19.1870150469349,-11.42595249252517,#c8102e
-19.1861731535821,-11.42579776583267,#c8102e
-19.1853312896767,-11.42564287899737,#c8102e
-19.1844894552492,-11.42548783202488,#c8102e
-19.1836476503301,-11.42533262492081,#c8102e
-19.1828058749499,-11.42517725769077,#c8102e
-19.1819641291390,-11.42502173034039,#c8102e
-19.1811224129278,-11.42486604287529,#c8102e
-19.1802807263468,-11.42471019530111,#c8102e
-19.1794390694266,-11.42455418762348,#c8102e
-19.1785974421974,-11.42439801984805,#c8102e
-19.1777558446898,-11.42424169198048,#c8102e
-19.1769142769343,-11.42408520402641,#c8102e
-19.1760727389612,-11.42392855599151,#c8102e
-19.1752312308011,-11.42377174788146,#c8102e
-19.1743897524844,-11.42361477970191,#c8102e
-19.1735483040415,-11.42345765145856,#c8102e
-19.1727068855028,-11.42330036315708,#c8102e
-19.1718654968989,-11.42314291480318,#c8102e
-19.1710241382602,-11.42298530640253,#c8102e
-19.1701828096170,-11.42282753796086,#c8102e
-19.1693415110000,-11.42266960948387,#c8102e
-19.1685002424394,-11.42251152097727,#c8102e
-19.1676590039658,-11.42235327244678,#c8102e
-19.1668177956095,-11.42219486389813,#c8102e
-19.1659766174010,-11.42203629533705,#c8102e
-19.1651354693708,-11.42187756676927,#c8102e
-19.1642943515493,-11.42171867820055,#c8102e
-19.1634532639669,-11.42155962963663,#c8102e
-19.1626122066541,-11.42140042108327,#c8102e
-19.1617711796413,-11.42124105254622,#c8102e
-19.1609301829588,-11.42108152403125,#c8102e
-19.1600892166373,-11.42092183554414,#c8102e
-19.1592482807070,-11.42076198709067,#c8102e
-19.1584073751984,-11.42060197867661,#c8102e
-19.1575665001419,-11.42044181030775,#c8102e
-19.1567256555681,-11.42028148198991,#c8102e
-19.1558848415072,-11.42012099372886,#c8102e
-19.1550440579897,-11.41996034553043,#c8102e
-19.1542033050460,-11.41979953740042,#c8102e
-19.1533625827066,-11.41963856934465,#c8102e
-19.1525218910019,-11.41947744136895,#c8102e
-19.1516812299623,-11.41931615347914,#c8102e
-19.1508405996182,-11.41915470568107,#c8102e
-19.1500000000000,-11.41899309798058,#c8102e
-19.1500000000000,-12.10000000000000,#c8102e
-19.1000000000000,-12.10000000000000,#c8102e
-19.1000000000000,-11.40908153700972,#c8102e
-19.0879153783501,-11.40659751315568,#c8102e
-19.0758376123541,-11.40408036725725,#c8102e
-19.0637667927942,-11.40153011823446,#c8102e
-19.0517030104001,-11.39894678525619,#c8102e
-19.0396463558490,-11.39633038773997,#c8102e
-19.0275969197643,-11.39368094535187,#c8102e
-19.0155547927151,-11.39099847800632,#c8102e
-19.0035200652158,-11.38828300586601,#c8102e
-18.9914928277249,-11.38553454934170,#c8102e
-18.9794731706448,-11.38275312909207,#c8102e
-18.9674611843209,-11.37993876602356,#c8102e
-18.9554569590408,-11.37709148129026,#c8102e
-18.9434605850339,-11.37421129629367,#c8102e
-18.9314721524706,-11.37129823268261,#c8102e
-18.9194917514615,-11.36835231235304,#c8102e
-18.9075194720568,-11.36537355744786,#c8102e
-18.8955554042459,-11.36236199035678,#c8102e
-18.8835996379563,-11.35931763371616,#c8102e
-18.8716522630530,-11.35624051040879,#c8102e
-18.8597133693382,-11.35313064356377,#c8102e
-18.8477830465501,-11.34998805655631,#c8102e
-18.8358613843626,-11.34681277300757,#c8102e
-18.8239484723845,-11.34360481678446,#c8102e
-18.8120444001587,-11.34036421199947,#c8102e
-18.8001492571620,-11.33709098301050,#c8102e
-18.7882631328036,-11.33378515442068,#c8102e
-18.7763861164253,-11.33044675107814,#c8102e
-18.7645182973003,-11.32707579807590,#c8102e
-18.7526597646326,-11.32367232075160,#c8102e
-18.7408106075565,-11.32023634468738,#c8102e
-18.7289709151358,-11.31676789570962,#c8102e
-18.7171407763632,-11.31326699988882,#c8102e
-18.7053202801594,-11.30973368353934,#c8102e
-18.6935095153730,-11.30616797321924,#c8102e
-18.6817085707790,-11.30256989573005,#c8102e
-18.6699175350790,-11.29893947811662,#c8102e
-18.6581364968998,-11.29527674766685,#c8102e
-18.6463655447932,-11.29158173191155,#c8102e
-18.6346047672352,-11.28785445862415,#c8102e
-18.6228542526252,-11.28409495582061,#c8102e
-18.6111140892858,-11.28030325175909,#c8102e
-18.5993843654613,-11.27647937493982,#c8102e
-18.5876651693178,-11.27262335410483,#c8102e
-18.5759565889424,-11.26873521823778,#c8102e
-18.5642587123422,-11.26481499656372,#c8102e
-18.5525716274439,-11.26086271854886,#c8102e
-18.5408954220930,-11.25687841390036,#c8102e
-18.5292301840534,-11.25286211256613,#c8102e
-18.5175760010065,-11.24881384473456,#c8102e
-18.5059329605505,-11.24473364083431,#c8102e
-18.4943011501999,-11.24062153153411,#c8102e
-18.4826806573850,-11.23647754774249,#c8102e
-18.4710715694506,-11.23230172060757,#c8102e
-18.4594739736562,-11.22809408151682,#c8102e
-18.4478879571748,-11.22385466209680,#c8102e
-18.4363136070921,-11.21958349421299,#c8102e
-18.4247510104065,-11.21528060996947,#c8102e
-18.4132002540277,-11.21094604170873,#c8102e
-18.4016614247768,-11.20657982201140,#c8102e
-18.3901346093849,-11.20218198369604,#c8102e
-18.3786198944929,-11.19775255981884,#c8102e
-18.3671173666508,-11.19329158367344,#c8102e
-18.3556271123170,-11.18879908879060,#c8102e
-18.3441492178576,-11.18427510893802,#c8102e
-18.3326837695458,-11.17971967812004,#c8102e
-18.3212308535613,-11.17513283057741,#c8102e
-18.3097905559895,-11.17051460078701,#c8102e
-18.2983629628211,-11.16586502346162,#c8102e
-18.2869481599511,-11.16118413354963,#c8102e
-18.2755462331786,-11.15647196623478,#c8102e
-18.2641572682059,-11.15172855693595,#c8102e
-18.2527813506375,-11.14695394130679,#c8102e
-18.2414185659803,-11.14214815523556,#c8102e
-18.2300689996423,-11.13731123484478,#c8102e
-18.2187327369321,-11.13244321649101,#c8102e
-18.2074098630583,-11.12754413676455,#c8102e
-18.1961004631290,-11.12261403248916,#c8102e
-18.1848046221508,-11.11765294072181,#c8102e
-18.1735224250287,-11.11266089875239,#c8102e
-18.1622539565648,-11.10763794410341,#c8102e
-18.1509993014582,-11.10258411452975,#c8102e
-18.1397585443042,-11.09749944801834,#c8102e
-18.1285317695935,-11.09238398278792,#c8102e
-18.1173190617118,-11.08723775728871,#c8102e
-18.1061205049392,-11.08206081020214,#c8102e
-18.0949361834491,-11.07685318044057,#c8102e
-18.0837661813081,-11.07161490714697,#c8102e
-18.0726105824752,-11.06634602969465,#c8102e
-18.0614694708011,-11.06104658768695,#c8102e
-18.0503429300276,-11.05571662095696,#c8102e
-18.0392310437869,-11.05035616956719,#c8102e
-18.0281338956012,-11.04496527380929,#c8102e
-18.0170515688818,-11.03954397420377,#c8102e
-18.0059841469287,-11.03409231149963,#c8102e
-17.9949317129298,-11.02861032667412,#c8102e
-17.9838943499603,-11.02309806093239,#c8102e
-17.9728721409822,-11.01755555570722,#c8102e
-17.9618651688436,-11.01198285265865,#c8102e
-17.9508735162780,-11.00637999367372,#c8102e
-17.9398972659038,-11.00074702086615,#c8102e
-17.9289365002236,-10.99508397657597,#c8102e
-17.9179913016238,-10.98939090336929,#c8102e
-17.9070617523733,-10.98366784403789,#c8102e
-17.8961479346240,-10.97791484159895,#c8102e
-17.8852499304091,-10.97213193929474,#c8102e
-17.8743678216432,-10.96631918059225,#c8102e
-17.8635016901211,-10.96047660918288,#c8102e
-17.8526516175179,-10.95460426898213,#c8102e
-17.8418176853878,-10.94870220412925,#c8102e
-17.8309999751636,-10.94277045898691,#c8102e
-17.8201985681564,-10.93680907814089,#c8102e
-17.8094135455545,-10.93081810639969,#c8102e
-17.7986449884231,-10.92479758879428,#c8102e
-17.7878929777039,-10.91874757057765,#c8102e
-17.7771575942139,-10.91266809722459,#c8102e
-17.7664389186453,-10.90655921443124,#c8102e
-17.7557370315647,-10.90042096811483,#c8102e
-17.7450520134124,-10.89425340441327,#c8102e
-17.7343839445020,-10.88805656968486,#c8102e
-17.7237329050197,-10.88183051050790,#c8102e
-17.7130989750237,-10.87557527368036,#c8102e
-17.7024822344437,-10.86929090621951,#c8102e
-17.6918827630798,-10.86297745536160,#c8102e
-17.6813006406028,-10.85663496856148,#c8102e
-17.6707359465529,-10.85026349349223,#c8102e
-17.6601887603391,-10.84386307804484,#c8102e
-17.6496591612390,-10.83743377032781,#c8102e
-17.6391472283981,-10.83097561866683,#c8102e
-17.6286530408290,-10.82448867160438,#c8102e
-17.6181766774107,-10.81797297789938,#c8102e
-17.6077182168887,-10.81142858652683,#c8102e
-17.5972777378736,-10.80485554667743,#c8102e
-17.5868553188408,-10.79825390775722,#c8102e
-17.5764510381301,-10.79162371938719,#c8102e
-17.5660649739451,-10.78496503140294,#c8102e
-17.5556972043521,-10.77827789385427,#c8102e
-17.5453478072802,-10.77156235700484,#c8102e
-17.5350168605203,-10.76481847133176,#c8102e
-17.5247044417246,-10.75804628752521,#c8102e
-17.5144106284060,-10.75124585648809,#c8102e
-17.5041354979377,-10.74441722933563,#c8102e
-17.4938791275524,-10.73756045739496,#c8102e
-17.4836415943416,-10.73067559220479,#c8102e
-17.4734229752556,-10.72376268551498,#c8102e
-17.4632233471022,-10.71682178928616,#c8102e
-17.4530427865465,-10.70985295568936,#c8102e
-17.4428813701104,-10.70285623710557,#c8102e
-17.4327391741719,-10.69583168612540,#c8102e
-17.4226162749645,-10.68877935554866,#c8102e
-17.4125127485765,-10.68169929838395,#c8102e
-17.4024286709508,-10.67459156784830,#c8102e
-17.3923641178841,-10.66745621736672,#c8102e
-17.3823191650262,-10.66029330057183,#c8102e
-17.3722938878797,-10.65310287130347,#c8102e
-17.3622883617992,-10.64588498360826,#c8102e
-17.3523026619910,-10.63863969173922,#c8102e
-17.3423368635122,-10.63136705015533,#c8102e
-17.3323910412704,-10.62406711352117,#c8102e
-17.3224652700231,-10.61673993670647,#c8102e
-17.3125596243770,-10.60938557478572,#c8102e
-17.3026741787875,-10.60200408303773,#c8102e
-17.2928090075584,-10.59459551694524,#c8102e
-17.2829641848407,-10.58715993219449,#c8102e
-17.2731397846328,-10.57969738467481,#c8102e
-17.2633358807795,-10.57220793047819,#c8102e
-17.2535525469715,-10.56469162589887,#c8102e
-17.2437898567450,-10.55714852743289,#c8102e
-17.2340478834807,-10.54957869177771,#c8102e
-17.2243267004040,-10.54198217583176,#c8102e
-17.2146263805838,-10.53435903669398,#c8102e
-17.2049469969323,-10.52670933166345,#c8102e
-17.1952886222041,-10.51903311823894,#c8102e
-17.1856513289963,-10.51133045411843,#c8102e
-17.1760351897471,-10.50360139719875,#c8102e
-17.1664402767359,-10.49584600557511,#c8102e
-17.1568666620826,-10.48806433754064,#c8102e
-17.1473144177470,-10.48025645158600,#c8102e
-17.1377836155282,-10.47242240639891,#c8102e
-17.1282743270641,-10.46456226086370,#c8102e
-17.1187866238310,-10.45667607406089,#c8102e
-17.1093205771430,-10.44876390526676,#c8102e
-17.0998762581511,-10.44082581395286,#c8102e
-17.0904537378434,-10.43286185978558,#c8102e
-17.0810530870439,-10.42487210262572,#c8102e
-17.0716743764122,-10.41685660252803,#c8102e
-17.0623176764433,-10.40881541974076,#c8102e
-17.0529830574663,-10.40074861470518,#c8102e
-17.0436705896446,-10.39265624805516,#c8102e
-17.0343803429751,-10.38453838061673,#c8102e
-17.0251123872877,-10.37639507340755,#c8102e
-17.0158667922445,-10.36822638763652,#c8102e
-17.0066436273399,-10.36003238470331,#c8102e
-16.9974429618993,-10.35181312619786,#c8102e
-16.9882648650795,-10.34356867389996,#c8102e
-16.9791094058670,-10.33529908977875,#c8102e
-16.9699766530788,-10.32700443599231,#c8102e
-16.9608666753608,-10.31868477488711,#c8102e
-16.9517795411879,-10.31034016899762,#c8102e
-16.9427153188632,-10.30197068104579,#c8102e
-16.9336740765176,-10.29357637394059,#c8102e
-16.9246558821093,-10.28515731077757,#c8102e
-16.9156608034234,-10.27671355483833,#c8102e
-16.9066889080710,-10.26824516959007,#c8102e
-16.8977402634890,-10.25975221868515,#c8102e
-16.8888149369397,-10.25123476596053,#c8102e
-16.8799129955100,-10.24269287543739,#c8102e
-16.8710345061110,-10.23412661132054,#c8102e
-16.8621795354775,-10.22553603799804,#c8102e
-16.8533481501678,-10.21692122004064,#c8102e
-16.8445404165626,-10.20828222220134,#c8102e
-16.8357564008650,-10.19961910941488,#c8102e
-16.8269961690996,-10.19093194679726,#c8102e
-16.8182597871125,-10.18222079964525,#c8102e
-16.8095473205705,-10.17348573343589,#c8102e
-16.8008588349605,-10.16472681382604,#c8102e
-16.7921943955891,-10.15594410665180,#c8102e
-16.7835540675825,-10.14713767792812,#c8102e
-16.7749379158852,-10.13830759384822,#c8102e
-16.7663460052605,-10.12945392078314,#c8102e
-16.7577784002889,-10.12057672528122,#c8102e
-16.7492351653687,-10.11167607406760,#c8102e
-16.7407163647149,-10.10275203404374,#c8102e
-16.7322220623586,-10.09380467228688,#c8102e
-16.7237523221471,-10.08483405604958,#c8102e
-16.7153072077428,-10.07584025275917,#c8102e
-16.7068867826232,-10.06682333001728,#c8102e
-16.6984911100801,-10.05778335559931,#c8102e
-16.6901202532194,-10.04872039745393,#c8102e
-16.6817742749603,-10.03963452370257,#c8102e
-16.6734532380350,-10.03052580263889,#c8102e
-16.6651572049884,-10.02139430272829,#c8102e
-16.6568862381773,-10.01224009260740,#c8102e
-16.6486403997701,-10.00306324108353,#c8102e
-16.6404197517465, -9.99386381713417,#c8102e
-16.6322243558967, -9.98464188990650,#c8102e
-16.6240542738211, -9.97539752871683,#c8102e
-16.6159095669298, -9.96613080305009,#c8102e
-16.6077902964422, -9.95684178255932,#c8102e
-16.5996965233867, -9.94753053706513,#c8102e
-16.5916283085997, -9.93819713655519,#c8102e
-16.5835857127258, -9.92884165118370,#c8102e
-16.5755687962168, -9.91946415127085,#c8102e
-16.5675776193316, -9.91006470730231,#c8102e
-16.5596122421356, -9.90064338992870,#c8102e
-16.5516727245005, -9.89120026996503,#c8102e
-16.5437591261031, -9.88173541839020,#c8102e
-16.5358715064260, -9.87224890634645,#c8102e
-16.5280099247560, -9.86274080513885,#c8102e
-16.5201744401845, -9.85321118623470,#c8102e
-16.5123651116067, -9.84366012126309,#c8102e
-16.5045819977212, -9.83408768201428,#c8102e
-16.4968251570294, -9.82449394043918,#c8102e
-16.4890946478353, -9.81487896864884,#c8102e
-16.4813905282452, -9.80524283891388,#c8102e
-16.4737128561668, -9.79558562366395,#c8102e
-16.4660616893090, -9.78590739548718,#c8102e
-16.4584370851815, -9.77620822712966,#c8102e
-16.4508391010945, -9.76648819149486,#c8102e
-16.4432677941580, -9.75674736164311,#c8102e
-16.4357232212814, -9.74698581079105,#c8102e
-16.4282054391733, -9.73720361231103,#c8102e
-16.4207145043408, -9.72740083973063,#c8102e
-16.4132504730892, -9.71757756673208,#c8102e
-16.4058134015219, -9.70773386715167,#c8102e
-16.3984033455391, -9.69786981497924,#c8102e
-16.3910203608384, -9.68798548435762,#c8102e
-16.3836645029138, -9.67808094958206,#c8102e
-16.3763358270553, -9.66815628509965,#c8102e
-16.3690343883486, -9.65821156550882,#c8102e
-16.3617602416748, -9.64824686555871,#c8102e
-16.3545134417097, -9.63826226014867,#c8102e
-16.3472940429237, -9.62825782432765,#c8102e
-16.3401020995812, -9.61823363329367,#c8102e
-16.3329376657402, -9.60818976239322,#c8102e
-16.3258007952518, -9.59812628712072,#c8102e
-16.3186915417602, -9.58804328311795,#c8102e
-16.3116099587018, -9.57794082617349,#c8102e
-16.3045560993051, -9.56781899222212,#c8102e
-16.2975300165902, -9.55767785734425,#c8102e
-16.2905317633684, -9.54751749776541,#c8102e
-16.2835613922418, -9.53733798985559,#c8102e
-16.2766189556031, -9.52713941012873,#c8102e
-16.2697045056348, -9.51692183524212,#c8102e
-16.2628180943091, -9.50668534199582,#c8102e
-16.2559597733876, -9.49643000733209,#c8102e
-16.2491295944205, -9.48615590833481,#c8102e
-16.2423276087468, -9.47586312222892,#c8102e
-16.2355538674932, -9.46555172637980,#c8102e
-16.2288084215744, -9.45522179829271,#c8102e
-16.2220913216923, -9.44487341561222,#c8102e
-16.2154026183358, -9.43450665612160,#c8102e
-16.2087423617803, -9.42412159774225,#c8102e
-16.2021106020873, -9.41371831853314,#c8102e
-16.1955073891044, -9.40329689669015,#c8102e
-16.1889327724642, -9.39285741054556,#c8102e
-16.1823868015848, -9.38239993856742,#c8102e
-16.1758695256687, -9.37192455935898,#c8102e
-16.1693809937027, -9.36143135165808,#c8102e
-16.1629212544577, -9.35092039433656,#c8102e
-16.1564903564882, -9.34039176639969,#c8102e
-16.1500883481317, -9.32984554698555,#c8102e
-16.1437152775087, -9.31928181536445,#c8102e
-16.1373711925223, -9.30870065093833,#c8102e
-16.1310561408574, -9.29810213324017,#c8102e
-16.1247701699811, -9.28748634193336,#c8102e
-16.1185133271415, -9.27685335681115,#c8102e
-16.1122856593681, -9.26620325779604,#c8102e
-16.1060872134709, -9.25553612493912,#c8102e
-16.0999180360403, -9.24485203841955,#c8102e
-16.0937781734467, -9.23415107854392,#c8102e
-16.0876676718403, -9.22343332574564,#c8102e
-16.0815865771503, -9.21269886058434,#c8102e
-16.0755349350851, -9.20194776374527,#c8102e
-16.0695127911318, -9.19118011603869,#c8102e
-16.0635201905555, -9.18039599839928,#c8102e
-16.0575571783994, -9.16959549188550,#c8102e
-16.0516237994843, -9.15877867767900,#c8102e
-16.0457200984083, -9.14794563708399,#c8102e
-16.0398461195464, -9.13709645152668,#c8102e
-16.0340019070500, -9.12623120255461,#c8102e
-16.0281875048470, -9.11534997183607,#c8102e
-16.0224029566413, -9.10445284115945,#c8102e
-16.0166483059121, -9.09353989243269,#c8102e
-16.0109235959141, -9.08261120768261,#c8102e
-16.0052288696769, -9.07166686905430,#c8102e
-15.9995641700047, -9.06070695881052,#c8102e
-15.9939295394761, -9.04973155933107,#c8102e
-15.9883250204435, -9.03874075311218,#c8102e
-15.9827506550332, -9.02773462276588,#c8102e
-15.9772064851446, -9.01671325101939,#c8102e
-15.9716925524503, -9.00567672071448,#c8102e
-15.9662088983957, -8.99462511480686,#c8102e
-15.9607555641985, -8.98355851636557,#c8102e
-15.9553325908483, -8.97247700857233,#c8102e
-15.9499400191070, -8.96138067472093,#c8102e
-15.9445778895074, -8.95026959821658,#c8102e
-15.9392462423540, -8.93914386257533,#c8102e
-15.9339451177218, -8.92800355142341,#c8102e
-15.9286745554565, -8.91684874849659,#c8102e
-15.9234345951743, -8.90567953763958,#c8102e
-15.9182252762610, -8.89449600280539,#c8102e
-15.9130466378724, -8.88329822805468,#c8102e
-15.9078987189335, -8.87208629755515,#c8102e
-15.9027815581384, -8.86086029558092,#c8102e
-15.8976951939502, -8.84962030651185,#c8102e
-15.8926396646004, -8.83836641483296,#c8102e
-15.8876150080885, -8.82709870513373,#c8102e
-15.8826212621824, -8.81581726210755,#c8102e
-15.8776584644174, -8.80452217055100,#c8102e
-15.8727266520960, -8.79321351536327,#c8102e
-15.8678258622882, -8.78189138154549,#c8102e
-15.8629561318306, -8.77055585420010,#c8102e
-15.8581174973264, -8.75920701853022,#c8102e
-15.8533099951449, -8.74784495983900,#c8102e
-15.8485336614216, -8.73646976352897,#c8102e
-15.8437885320577, -8.72508151510143,#c8102e
-15.8390746427197, -8.71368030015576,#c8102e
-15.8343920288395, -8.70226620438882,#c8102e
-15.8297407256138, -8.69083931359429,#c8102e
-15.8251207680039, -8.67939971366200,#c8102e
-15.8205321907357, -8.66794749057734,#c8102e
-15.8159750282989, -8.65648273042055,#c8102e
-15.8114493149474, -8.64500551936614,#c8102e
-15.8069550846985, -8.63351594368217,#c8102e
-15.8024923713329, -8.62201408972966,#c8102e
-15.7980612083946, -8.61050004396192,#c8102e
-15.7936616291901, -8.59897389292390,#c8102e
-15.7892936667888, -8.58743572325151,#c8102e
-15.7849573540223, -8.57588562167104,#c8102e
-15.7806527234844, -8.56432367499844,#c8102e
-15.7763798075307, -8.55274997013871,#c8102e
-15.7721386382784, -8.54116459408520,#c8102e
-15.7679292476062, -8.52956763391902,#c8102e
-15.7637516671537, -8.51795917680833,#c8102e
-15.7596059283216, -8.50633931000771,#c8102e
-15.7554920622712, -8.49470812085752,#c8102e
-15.7514100999243, -8.48306569678320,#c8102e
-15.7473600719628, -8.47141212529464,#c8102e
-15.7433420088286, -8.45974749398553,#c8102e
-15.7393559407234, -8.44807189053269,#c8102e
-15.7354018976082, -8.43638540269540,#c8102e
-15.7314799092036, -8.42468811831476,#c8102e
-15.7275900049889, -8.41298012531301,#c8102e
-15.7237322142027, -8.40126151169292,#c8102e
-15.7199065658417, -8.38953236553704,#c8102e
-15.7161130886614, -8.37779277500711,#c8102e
-15.7123518111753, -8.36604282834338,#c8102e
-15.7086227616550, -8.35428261386393,#c8102e
-15.7049259681296, -8.34251221996403,#c8102e
-15.7012614583861, -8.33073173511546,#c8102e
-15.6976292599686, -8.31894124786582,#c8102e
-15.6940294001784, -8.30714084683795,#c8102e
-15.6904619060738, -8.29533062072915,#c8102e
-15.6869268044696, -8.28351065831060,#c8102e
-15.6834241219373, -8.27168104842666,#c8102e
-15.6799538848049, -8.25984187999420,#c8102e
-15.6765161191560, -8.24799324200194,#c8102e
-15.6731108508308, -8.23613522350977,#c8102e
-15.6697381054246, -8.22426791364809,#c8102e
-15.6663979082887, -8.21239140161716,#c8102e
-15.6630902845295, -8.20050577668637,#c8102e
-15.6598152590086, -8.18861112819364,#c8102e
-15.6565728563428, -8.17670754554469,#c8102e
-15.6533631009034, -8.16479511821241,#c8102e
-15.6501860168163, -8.15287393573617,#c8102e
-15.6470416279622, -8.14094408772115,#c8102e
-15.6439299579756, -8.12900566383763,#c8102e
-15.6408510302453, -8.11705875382041,#c8102e
-15.6378048679141, -8.10510344746803,#c8102e
-15.6347914938782, -8.09313983464215,#c8102e
-15.6318109307875, -8.08116800526687,#c8102e
-15.6288632010455, -8.06918804932806,#c8102e
-15.6259483268086, -8.05720005687266,#c8102e
-15.6230663299864, -8.04520411800801,#c8102e
-15.6202172322412, -8.03320032290120,#c8102e
-15.6174010549883, -8.02118876177835,#c8102e
-15.6146178193954, -8.00916952492396,#c8102e
-15.6118675463825, -7.99714270268023,#c8102e
-15.6091502566219, -7.98510838544637,#c8102e
-15.6064659705382, -7.97306666367793,#c8102e
-15.6038147083076, -7.96101762788610,#c8102e
-15.6011964898584, -7.94896136863708,#c8102e
-15.5986113348701, -7.93689797655134,#c8102e
-15.5960592627741, -7.92482754230295,#c8102e
-15.5935402927529, -7.91275015661895,#c8102e
-15.5910544437403, -7.90066591027859,#c8102e
-15.5886017344211, -7.88857489411272,#c8102e
-15.5861821832310, -7.87647719900307,#c8102e
-15.5837958083564, -7.86437291588155,#c8102e
-15.5814426277345, -7.85226213572961,#c8102e
-15.5791226590529, -7.84014494957753,#c8102e
-15.5768359197496, -7.82802144850374,#c8102e
-15.5745824270126, -7.81589172363413,#c8102e
-15.5723621977805, -7.80375586614137,#c8102e
-15.5701752487413, -7.79161396724425,#c8102e
-15.5680215963334, -7.77946611820693,#c8102e
-15.5659012567444, -7.76731241033833,#c8102e
-15.5638142459119, -7.75515293499139,#c8102e
-15.5617605795229, -7.74298778356240,#c8102e
-15.5597402730136, -7.73081704749031,#c8102e
-15.5577533415696, -7.71864081825608,#c8102e
-15.5557998001256, -7.70645918738191,#c8102e
-15.5538796633654, -7.69427224643064,#c8102e
-15.5519929457215, -7.68208008700500,#c8102e
-15.5501396613755, -7.66988280074696,#c8102e
-15.5483198242575, -7.65768047933701,#c8102e
-15.5465334480462, -7.64547321449350,#c8102e
-15.5447805461689, -7.63326109797194,#c8102e
-15.5430611318012, -7.62104422156428,#c8102e
-15.5413752178670, -7.60882267709829,#c8102e
-15.5397228170384, -7.59659655643679,#c8102e
-15.5381039417357, -7.58436595147701,#c8102e
-15.5365186041271, -7.57213095414989,#c8102e
-15.5349668161287, -7.55989165641939,#c8102e
-15.5334485894045, -7.54764815028179,#c8102e
-15.5319639353661, -7.53540052776498,#c8102e
-15.5305128651730, -7.52314888092782,#c8102e
-15.5290953897321, -7.51089330185941,#c8102e
-15.5277115196977, -7.49863388267840,#c8102e
-15.5263612654716, -7.48637071553231,#c8102e
-15.5250446372031, -7.47410389259683,#c8102e
-15.5237616447885, -7.46183350607513,#c8102e
-15.5225122978714, -7.44955964819717,#c8102e
-15.5212966058424, -7.43728241121898,#c8102e
-15.5201145778393, -7.42500188742203,#c8102e
-15.5189662227468, -7.41271816911244,#c8102e
-15.5178515491963, -7.40043134862040,#c8102e
-15.5167705655664, -7.38814151829937,#c8102e
-15.5157232799821, -7.37584877052547,#c8102e
-15.5147097003154, -7.36355319769672,#c8102e
-15.5137298341849, -7.35125489223239,#c8102e
-15.5127836889556, -7.33895394657228,#c8102e
-15.5118712717392, -7.32665045317605,#c8102e
-15.5109925893939, -7.31434450452250,#c8102e
-15.5101476485243, -7.30203619310888,#c8102e
-15.5093364554812, -7.28972561145021,#c8102e
-15.5085590163622, -7.27741285207857,#c8102e
-15.5078153370106, -7.26509800754241,#c8102e
-15.5071054230164, -7.25278117040584,#c8102e
-15.5064292797157, -7.24046243324797,#c8102e
-15.5057869121906, -7.22814188866218,#c8102e
-15.5051783252694, -7.21581962925543,#c8102e
-15.5046035235266, -7.20349574764758,#c8102e
-15.5040625112827, -7.19117033647068,#c8102e
-15.5035552926041, -7.17884348836827,#c8102e
-15.5030818713034, -7.16651529599469,#c8102e
-15.5026422509390, -7.15418585201441,#c8102e
-15.5022364348154, -7.14185524910127,#c8102e
-15.5018644259827, -7.12952357993784,#c8102e
-15.5015262272372, -7.11719093721471,#c8102e
-15.5012218411210, -7.10485741362978,#c8102e
-15.5009512699219, -7.09252310188757,#c8102e
-15.5007145156738, -7.08018809469852,#c8102e
-15.5005115801561, -7.06785248477832,#c8102e
-15.5003424648942, -7.05551636484716,#c8102e
-15.5002071711593, -7.04317982762908,#c8102e
-15.5001056999683, -7.03084296585125,#c8102e
-15.5000380520839, -7.01850587224329,#c8102e
-15.5000042280146, -7.00616863953656,#c8102e
-15.5000042280146, -6.99383136046345,#c8102e
-15.5000380520839, -6.98149412775671,#c8102e
-15.5001056999683, -6.96915703414875,#c8102e
-15.5002071711593, -6.95682017237092,#c8102e
-15.5003424648942, -6.94448363515284,#c8102e
-15.5005115801561, -6.93214751522168,#c8102e
-15.5007145156738, -6.91981190530147,#c8102e
-15.5009512699219, -6.90747689811243,#c8102e
-15.5012218411210, -6.89514258637022,#c8102e
-15.5015262272372, -6.88280906278529,#c8102e
-15.5018644259827, -6.87047642006216,#c8102e
-15.5022364348154, -6.85814475089873,#c8102e
-15.5026422509390, -6.84581414798559,#c8102e
-15.5030818713034, -6.83348470400531,#c8102e
-15.5035552926041, -6.82115651163173,#c8102e
-15.5040625112827, -6.80882966352932,#c8102e
-15.5046035235266, -6.79650425235242,#c8102e
-15.5051783252694, -6.78418037074457,#c8102e
-15.5057869121906, -6.77185811133782,#c8102e
-15.5064292797157, -6.75953756675203,#c8102e
-15.5071054230164, -6.74721882959416,#c8102e
-15.5078153370106, -6.73490199245759,#c8102e
-15.5085590163622, -6.72258714792143,#c8102e
-15.5093364554812, -6.71027438854979,#c8102e
-15.5101476485243, -6.69796380689112,#c8102e
-15.5109925893939, -6.68565549547750,#c8102e
-15.5118712717392, -6.67334954682395,#c8102e
-15.5127836889556, -6.66104605342772,#c8102e
-15.5137298341849, -6.64874510776762,#c8102e
-15.5147097003154, -6.63644680230328,#c8102e
-15.5157232799821, -6.62415122947453,#c8102e
-15.5167705655664, -6.61185848170063,#c8102e
-15.5178515491963, -6.59956865137960,#c8102e
-15.5189662227468, -6.58728183088756,#c8102e
-15.5201145778393, -6.57499811257798,#c8102e
-15.5212966058424, -6.56271758878102,#c8102e
-15.5225122978714, -6.55044035180283,#c8102e
-15.5237616447885, -6.53816649392487,#c8102e
-15.5250446372031, -6.52589610740317,#c8102e
-15.5263612654716, -6.51362928446769,#c8102e
-15.5277115196977, -6.50136611732160,#c8102e
-15.5290953897321, -6.48910669814059,#c8102e
-15.5305128651730, -6.47685111907218,#c8102e
-15.5319639353661, -6.46459947223502,#c8102e
-15.5334485894045, -6.45235184971822,#c8102e
-15.5349668161287, -6.44010834358061,#c8102e
-15.5365186041271, -6.42786904585011,#c8102e
-15.5381039417357, -6.41563404852299,#c8102e
-15.5397228170384, -6.40340344356321,#c8102e
-15.5413752178670, -6.39117732290171,#c8102e
-15.5430611318012, -6.37895577843572,#c8102e
-15.5447805461689, -6.36673890202806,#c8102e
-15.5465334480462, -6.35452678550650,#c8102e
-15.5483198242575, -6.34231952066299,#c8102e
-15.5501396613755, -6.33011719925304,#c8102e
-15.5519929457215, -6.31791991299500,#c8102e
-15.5538796633654, -6.30572775356936,#c8102e
-15.5557998001256, -6.29354081261809,#c8102e
-15.5577533415696, -6.28135918174392,#c8102e
-15.5597402730136, -6.26918295250969,#c8102e
-15.5617605795229, -6.25701221643761,#c8102e
-15.5638142459119, -6.24484706500861,#c8102e
-15.5659012567444, -6.23268758966167,#c8102e
-15.5680215963334, -6.22053388179307,#c8102e
-15.5701752487413, -6.20838603275575,#c8102e
-15.5723621977805, -6.19624413385863,#c8102e
-15.5745824270126, -6.18410827636587,#c8102e
-15.5768359197496, -6.17197855149626,#c8102e
-15.5791226590529, -6.15985505042247,#c8102e
-15.5814426277345, -6.14773786427039,#c8102e
-15.5837958083564, -6.13562708411845,#c8102e
-15.5861821832310, -6.12352280099693,#c8102e
-15.5886017344211, -6.11142510588728,#c8102e
-15.5910544437403, -6.09933408972141,#c8102e
-15.5935402927529, -6.08724984338106,#c8102e
-15.5960592627741, -6.07517245769705,#c8102e
-15.5986113348701, -6.06310202344867,#c8102e
-15.6011964898584, -6.05103863136292,#c8102e
-15.6038147083076, -6.03898237211390,#c8102e
-15.6064659705382, -6.02693333632208,#c8102e
-15.6091502566219, -6.01489161455363,#c8102e
-15.6118675463825, -6.00285729731977,#c8102e
-15.6146178193954, -5.99083047507604,#c8102e
-15.6174010549883, -5.97881123822165,#c8102e
-15.6202172322412, -5.96679967709880,#c8102e
-15.6230663299864, -5.95479588199199,#c8102e
-15.6259483268086, -5.94279994312734,#c8102e
-15.6288632010455, -5.93081195067194,#c8102e
-15.6318109307875, -5.91883199473313,#c8102e
-15.6347914938782, -5.90686016535785,#c8102e
-15.6378048679141, -5.89489655253197,#c8102e
-15.6408510302453, -5.88294124617959,#c8102e
-15.6439299579756, -5.87099433616237,#c8102e
-15.6470416279622, -5.85905591227886,#c8102e
-15.6501860168163, -5.84712606426383,#c8102e
-15.6533631009034, -5.83520488178759,#c8102e
-15.6565728563428, -5.82329245445531,#c8102e
-15.6598152590086, -5.81138887180636,#c8102e
-15.6630902845295, -5.79949422331363,#c8102e
-15.6663979082887, -5.78760859838284,#c8102e
-15.6697381054246, -5.77573208635191,#c8102e
-15.6731108508308, -5.76386477649023,#c8102e
-15.6765161191560, -5.75200675799806,#c8102e
-15.6799538848049, -5.74015812000580,#c8102e
-15.6834241219373, -5.72831895157334,#c8102e
-15.6869268044696, -5.71648934168940,#c8102e
-15.6904619060738, -5.70466937927085,#c8102e
-15.6940294001784, -5.69285915316205,#c8102e
-15.6976292599686, -5.68105875213418,#c8102e
-15.7012614583861, -5.66926826488455,#c8102e
-15.7049259681296, -5.65748778003597,#c8102e
-15.7086227616550, -5.64571738613607,#c8102e
-15.7123518111753, -5.63395717165662,#c8102e
-15.7161130886614, -5.62220722499289,#c8102e
-15.7199065658417, -5.61046763446296,#c8102e
-15.7237322142027, -5.59873848830708,#c8102e
-15.7275900049889, -5.58701987468699,#c8102e
-15.7314799092036, -5.57531188168525,#c8102e
-15.7354018976082, -5.56361459730461,#c8102e
-15.7393559407234, -5.55192810946731,#c8102e
-15.7433420088286, -5.54025250601447,#c8102e
-15.7473600719628, -5.52858787470536,#c8102e
-15.7514100999243, -5.51693430321680,#c8102e
-15.7554920622712, -5.50529187914248,#c8102e
-15.7596059283216, -5.49366068999229,#c8102e
-15.7637516671537, -5.48204082319167,#c8102e
-15.7679292476062, -5.47043236608098,#c8102e
-15.7721386382784, -5.45883540591480,#c8102e
-15.7763798075307, -5.44725002986129,#c8102e
-15.7806527234844, -5.43567632500156,#c8102e
-15.7849573540223, -5.42411437832896,#c8102e
-15.7892936667888, -5.41256427674849,#c8102e
-15.7936616291901, -5.40102610707611,#c8102e
-15.7980612083946, -5.38949995603808,#c8102e
-15.8024923713329, -5.37798591027034,#c8102e
-15.8069550846985, -5.36648405631783,#c8102e
-15.8114493149474, -5.35499448063386,#c8102e
-15.8159750282989, -5.34351726957945,#c8102e
-15.8205321907357, -5.33205250942266,#c8102e
-15.8251207680039, -5.32060028633800,#c8102e
-15.8297407256138, -5.30916068640571,#c8102e
-15.8343920288395, -5.29773379561118,#c8102e
-15.8390746427197, -5.28631969984424,#c8102e
-15.8437885320577, -5.27491848489857,#c8102e
-15.8485336614216, -5.26353023647103,#c8102e
-15.8533099951449, -5.25215504016100,#c8102e
-15.8581174973264, -5.24079298146978,#c8102e
-15.8629561318306, -5.22944414579990,#c8102e
-15.8678258622882, -5.21810861845451,#c8102e
-15.8727266520960, -5.20678648463673,#c8102e
-15.8776584644174, -5.19547782944900,#c8102e
-15.8826212621824, -5.18418273789245,#c8102e
-15.8876150080885, -5.17290129486627,#c8102e
-15.8926396646004, -5.16163358516705,#c8102e
-15.8976951939502, -5.15037969348815,#c8102e
-15.9027815581384, -5.13913970441908,#c8102e
-15.9078987189335, -5.12791370244485,#c8102e
-15.9130466378724, -5.11670177194532,#c8102e
-15.9182252762610, -5.10550399719461,#c8102e
-15.9234345951743, -5.09432046236042,#c8102e
-15.9286745554565, -5.08315125150341,#c8102e
-15.9339451177218, -5.07199644857659,#c8102e
-15.9392462423540, -5.06085613742467,#c8102e
-15.9445778895074, -5.04973040178342,#c8102e
-15.9499400191070, -5.03861932527907,#c8102e
-15.9553325908483, -5.02752299142767,#c8102e
-15.9607555641985, -5.01644148363443,#c8102e
-15.9662088983957, -5.00537488519314,#c8102e
-15.9716925524503, -4.99432327928552,#c8102e
-15.9772064851446, -4.98328674898061,#c8102e
-15.9827506550332, -4.97226537723412,#c8102e
-15.9883250204435, -4.96125924688782,#c8102e
-15.9939295394761, -4.95026844066893,#c8102e
-15.9995641700047, -4.93929304118948,#c8102e
-16.0052288696769, -4.92833313094570,#c8102e
-16.0109235959141, -4.91738879231739,#c8102e
-16.0166483059121, -4.90646010756730,#c8102e
-16.0224029566413, -4.89554715884055,#c8102e
-16.0281875048470, -4.88465002816393,#c8102e
-16.0340019070500, -4.87376879744539,#c8102e
-16.0398461195464, -4.86290354847332,#c8102e
-16.0457200984083, -4.85205436291601,#c8102e
-16.0516237994843, -4.84122132232101,#c8102e
-16.0575571783994, -4.83040450811450,#c8102e
-16.0635201905555, -4.81960400160072,#c8102e
-16.0695127911318, -4.80881988396131,#c8102e
-16.0755349350851, -4.79805223625473,#c8102e
-16.0815865771503, -4.78730113941566,#c8102e
-16.0876676718403, -4.77656667425436,#c8102e
-16.0937781734467, -4.76584892145608,#c8102e
-16.0999180360403, -4.75514796158045,#c8102e
-16.1060872134709, -4.74446387506088,#c8102e
-16.1122856593681, -4.73379674220396,#c8102e
-16.1185133271415, -4.72314664318885,#c8102e
-16.1247701699811, -4.71251365806664,#c8102e
-16.1310561408574, -4.70189786675984,#c8102e
-16.1373711925223, -4.69129934906167,#c8102e
-16.1437152775087, -4.68071818463555,#c8102e
-16.1500883481317, -4.67015445301445,#c8102e
-16.1564903564882, -4.65960823360031,#c8102e
-16.1629212544577, -4.64907960566344,#c8102e
-16.1693809937027, -4.63856864834192,#c8102e
-16.1758695256687, -4.62807544064102,#c8102e
-16.1823868015848, -4.61760006143258,#c8102e
-16.1889327724642, -4.60714258945444,#c8102e
-16.1955073891044, -4.59670310330985,#c8102e
-16.2021106020873, -4.58628168146686,#c8102e
-16.2087423617803, -4.57587840225774,#c8102e
-16.2154026183358, -4.56549334387840,#c8102e
-16.2220913216923, -4.55512658438778,#c8102e
-16.2288084215744, -4.54477820170729,#c8102e
-16.2355538674932, -4.53444827362020,#c8102e
-16.2423276087468, -4.52413687777108,#c8102e
-16.2491295944205, -4.51384409166519,#c8102e
-16.2559597733876, -4.50356999266791,#c8102e
-16.2628180943091, -4.49331465800418,#c8102e
-16.2697045056348, -4.48307816475788,#c8102e
-16.2766189556031, -4.47286058987127,#c8102e
-16.2835613922418, -4.46266201014441,#c8102e
-16.2905317633684, -4.45248250223459,#c8102e
-16.2975300165902, -4.44232214265575,#c8102e
-16.3045560993051, -4.43218100777788,#c8102e
-16.3116099587018, -4.42205917382651,#c8102e
-16.3186915417602, -4.41195671688205,#c8102e
-16.3258007952518, -4.40187371287928,#c8102e
-16.3329376657402, -4.39181023760679,#c8102e
-16.3401020995812, -4.38176636670633,#c8102e
-16.3472940429237, -4.37174217567235,#c8102e
-16.3545134417097, -4.36173773985133,#c8102e
-16.3617602416748, -4.35175313444129,#c8102e
-16.3690343883486, -4.34178843449118,#c8102e
-16.3763358270553, -4.33184371490035,#c8102e
-16.3836645029138, -4.32191905041794,#c8102e
-16.3910203608384, -4.31201451564238,#c8102e
-16.3984033455391, -4.30213018502076,#c8102e
-16.4058134015219, -4.29226613284833,#c8102e
-16.4132504730892, -4.28242243326792,#c8102e
-16.4207145043408, -4.27259916026936,#c8102e
-16.4282054391733, -4.26279638768897,#c8102e
-16.4357232212814, -4.25301418920895,#c8102e
-16.4432677941580, -4.24325263835689,#c8102e
-16.4508391010945, -4.23351180850514,#c8102e
-16.4584370851815, -4.22379177287034,#c8102e
-16.4660616893090, -4.21409260451282,#c8102e
-16.4737128561668, -4.20441437633605,#c8102e
-16.4813905282452, -4.19475716108612,#c8102e
-16.4890946478353, -4.18512103135116,#c8102e
-16.4968251570294, -4.17550605956082,#c8102e
-16.5045819977212, -4.16591231798572,#c8102e
-16.5123651116067, -4.15633987873691,#c8102e
-16.5201744401845, -4.14678881376530,#c8102e
-16.5280099247560, -4.13725919486115,#c8102e
-16.5358715064260, -4.12775109365355,#c8102e
-16.5437591261031, -4.11826458160980,#c8102e
-16.5516727245005, -4.10879973003497,#c8102e
-16.5596122421356, -4.09935661007130,#c8102e
-16.5675776193316, -4.08993529269769,#c8102e
-16.5755687962167, -4.08053584872915,#c8102e
-16.5835857127258, -4.07115834881630,#c8102e
-16.5916283085997, -4.06180286344481,#c8102e
-16.5996965233867, -4.05246946293488,#c8102e
-16.6077902964422, -4.04315821744069,#c8102e
-16.6159095669298, -4.03386919694991,#c8102e
-16.6240542738211, -4.02460247128317,#c8102e
-16.6322243558967, -4.01535811009350,#c8102e
-16.6404197517465, -4.00613618286583,#c8102e
-16.6486403997701, -3.99693675891647,#c8102e
-16.6568862381773, -3.98775990739260,#c8102e
-16.6651572049884, -3.97860569727170,#c8102e
-16.6734532380350, -3.96947419736111,#c8102e
-16.6817742749603, -3.96036547629743,#c8102e
-16.6901202532194, -3.95127960254607,#c8102e
-16.6984911100801, -3.94221664440069,#c8102e
-16.7068867826232, -3.93317666998272,#c8102e
-16.7153072077428, -3.92415974724083,#c8102e
-16.7237523221471, -3.91516594395042,#c8102e
-16.7322220623586, -3.90619532771312,#c8102e
-16.7407163647149, -3.89724796595626,#c8102e
-16.7492351653687, -3.88832392593240,#c8102e
-16.7577784002889, -3.87942327471878,#c8102e
-16.7663460052605, -3.87054607921686,#c8102e
-16.7749379158852, -3.86169240615178,#c8102e
-16.7835540675825, -3.85286232207188,#c8102e
-16.7921943955891, -3.84405589334820,#c8102e
-16.8008588349605, -3.83527318617396,#c8102e
-16.8095473205705, -3.82651426656411,#c8102e
-16.8182597871125, -3.81777920035475,#c8102e
-16.8269961690996, -3.80906805320274,#c8102e
-16.8357564008650, -3.80038089058512,#c8102e
-16.8445404165626, -3.79171777779866,#c8102e
-16.8533481501678, -3.78307877995936,#c8102e
-16.8621795354775, -3.77446396200196,#c8102e
-16.8710345061110, -3.76587338867946,#c8102e
-16.8799129955100, -3.75730712456261,#c8102e
-16.8888149369397, -3.74876523403947,#c8102e
-16.8977402634890, -3.74024778131486,#c8102e
-16.9066889080710, -3.73175483040993,#c8102e
-16.9156608034234, -3.72328644516168,#c8102e
-16.9246558821093, -3.71484268922243,#c8102e
-16.9336740765176, -3.70642362605940,#c8102e
-16.9427153188632, -3.69802931895421,#c8102e
-16.9517795411879, -3.68965983100238,#c8102e
-16.9608666753608, -3.68131522511289,#c8102e
-16.9699766530788, -3.67299556400769,#c8102e
-16.9791094058670, -3.66470091022125,#c8102e
-16.9882648650795, -3.65643132610005,#c8102e
-16.9974429618993, -3.64818687380214,#c8102e
-17.0066436273399, -3.63996761529669,#c8102e
-17.0158667922445, -3.63177361236348,#c8102e
-17.0251123872877, -3.62360492659246,#c8102e
-17.0343803429751, -3.61546161938327,#c8102e
-17.0436705896446, -3.60734375194484,#c8102e
-17.0529830574663, -3.59925138529482,#c8102e
-17.0623176764433, -3.59118458025924,#c8102e
-17.0716743764122, -3.58314339747197,#c8102e
-17.0810530870439, -3.57512789737428,#c8102e
-17.0904537378434, -3.56713814021443,#c8102e
-17.0998762581511, -3.55917418604714,#c8102e
-17.1093205771430, -3.55123609473324,#c8102e
-17.1187866238310, -3.54332392593911,#c8102e
-17.1282743270641, -3.53543773913630,#c8102e
-17.1377836155282, -3.52757759360109,#c8102e
-17.1473144177470, -3.51974354841400,#c8102e
-17.1568666620826, -3.51193566245936,#c8102e
-17.1664402767359, -3.50415399442489,#c8102e
-17.1760351897471, -3.49639860280125,#c8102e
-17.1856513289963, -3.48866954588157,#c8102e
-17.1952886222041, -3.48096688176106,#c8102e
-17.2049469969323, -3.47329066833655,#c8102e
-17.2146263805838, -3.46564096330602,#c8102e
-17.2243267004040, -3.45801782416824,#c8102e
-17.2340478834807, -3.45042130822229,#c8102e
-17.2437898567450, -3.44285147256711,#c8102e
-17.2535525469715, -3.43530837410114,#c8102e
-17.2633358807795, -3.42779206952181,#c8102e
-17.2731397846328, -3.42030261532519,#c8102e
-17.2829641848407, -3.41284006780551,#c8102e
-17.2928090075584, -3.40540448305476,#c8102e
-17.3026741787875, -3.39799591696227,#c8102e
-17.3125596243770, -3.39061442521428,#c8102e
-17.3224652700231, -3.38326006329353,#c8102e
-17.3323910412704, -3.37593288647883,#c8102e
-17.3423368635122, -3.36863294984467,#c8102e
-17.3523026619910, -3.36136030826079,#c8102e
-17.3622883617992, -3.35411501639174,#c8102e
-17.3722938878797, -3.34689712869653,#c8102e
-17.3823191650262, -3.33970669942817,#c8102e
-17.3923641178841, -3.33254378263329,#c8102e
-17.4024286709508, -3.32540843215170,#c8102e
-17.4125127485765, -3.31830070161605,#c8102e
-17.4226162749645, -3.31122064445134,#c8102e
-17.4327391741719, -3.30416831387460,#c8102e
-17.4428813701104, -3.29714376289443,#c8102e
-17.4530427865465, -3.29014704431064,#c8102e
-17.4632233471022, -3.28317821071384,#c8102e
-17.4734229752556, -3.27623731448502,#c8102e
-17.4836415943417, -3.26932440779521,#c8102e
-17.4938791275524, -3.26243954260504,#c8102e
-17.5041354979377, -3.25558277066437,#c8102e
-17.5144106284060, -3.24875414351190,#c8102e
-17.5247044417246, -3.24195371247479,#c8102e
-17.5350168605203, -3.23518152866824,#c8102e
-17.5453478072802, -3.22843764299516,#c8102e
-17.5556972043521, -3.22172210614573,#c8102e
-17.5660649739451, -3.21503496859706,#c8102e
-17.5764510381301, -3.20837628061281,#c8102e
-17.5868553188408, -3.20174609224278,#c8102e
-17.5972777378736, -3.19514445332257,#c8102e
-17.6077182168887, -3.18857141347317,#c8102e
-17.6181766774107, -3.18202702210062,#c8102e
-17.6286530408290, -3.17551132839562,#c8102e
-17.6391472283981, -3.16902438133317,#c8102e
-17.6496591612390, -3.16256622967219,#c8102e
-17.6601887603391, -3.15613692195516,#c8102e
-17.6707359465529, -3.14973650650777,#c8102e
-17.6813006406028, -3.14336503143852,#c8102e
-17.6918827630798, -3.13702254463840,#c8102e
-17.7024822344437, -3.13070909378049,#c8102e
-17.7130989750237, -3.12442472631964,#c8102e
-17.7237329050197, -3.11816948949210,#c8102e
-17.7343839445020, -3.11194343031514,#c8102e
-17.7450520134124, -3.10574659558673,#c8102e
-17.7557370315647, -3.09957903188517,#c8102e
-17.7664389186453, -3.09344078556876,#c8102e
-17.7771575942139, -3.08733190277541,#c8102e
-17.7878929777039, -3.08125242942234,#c8102e
-17.7986449884231, -3.07520241120572,#c8102e
-17.8094135455545, -3.06918189360030,#c8102e
-17.8201985681564, -3.06319092185911,#c8102e
-17.8309999751636, -3.05722954101309,#c8102e
-17.8418176853878, -3.05129779587075,#c8102e
-17.8526516175179, -3.04539573101787,#c8102e
-17.8635016901211, -3.03952339081712,#c8102e
-17.8743678216432, -3.03368081940775,#c8102e
-17.8852499304091, -3.02786806070526,#c8102e
-17.8961479346240, -3.02208515840105,#c8102e
-17.9070617523733, -3.01633215596211,#c8102e
-17.9179913016237, -3.01060909663071,#c8102e
-17.9289365002236, -3.00491602342403,#c8102e
-17.9398972659038, -2.99925297913385,#c8102e
-17.9508735162780, -2.99362000632628,#c8102e
-17.9618651688436, -2.98801714734135,#c8102e
-17.9728721409822, -2.98244444429278,#c8102e
-17.9838943499603, -2.97690193906761,#c8102e
-17.9949317129298, -2.97138967332588,#c8102e
-18.0059841469287, -2.96590768850037,#c8102e
-18.0170515688818, -2.96045602579623,#c8102e
-18.0281338956012, -2.95503472619071,#c8102e
-18.0392310437869, -2.94964383043281,#c8102e
-18.0503429300276, -2.94428337904304,#c8102e
-18.0614694708011, -2.93895341231305,#c8102e
-18.0726105824752, -2.93365397030535,#c8102e
-18.0837661813081, -2.92838509285303,#c8102e
-18.0949361834491, -2.92314681955943,#c8102e
-18.1061205049392, -2.91793918979786,#c8102e
-18.1173190617118, -2.91276224271129,#c8102e
-18.1285317695935, -2.90761601721208,#c8102e
-18.1397585443042, -2.90250055198166,#c8102e
-18.1509993014582, -2.89741588547025,#c8102e
-18.1622539565648, -2.89236205589659,#c8102e
-18.1735224250287, -2.88733910124761,#c8102e
-18.1848046221508, -2.88234705927818,#c8102e
-18.1961004631290, -2.87738596751084,#c8102e
-18.2074098630583, -2.87245586323545,#c8102e
-18.2187327369321, -2.86755678350899,#c8102e
-18.2300689996423, -2.86268876515522,#c8102e
-18.2414185659803, -2.85785184476444,#c8102e
-18.2527813506375, -2.85304605869321,#c8102e
-18.2641572682059, -2.84827144306405,#c8102e
-18.2755462331786, -2.84352803376522,#c8102e
-18.2869481599511, -2.83881586645038,#c8102e
-18.2983629628211, -2.83413497653838,#c8102e
-18.3097905559895, -2.82948539921299,#c8102e
-18.3212308535613, -2.82486716942259,#c8102e
-18.3326837695458, -2.82028032187996,#c8102e
-18.3441492178576, -2.81572489106198,#c8102e
-18.3556271123170, -2.81120091120940,#c8102e
-18.3671173666508, -2.80670841632656,#c8102e
-18.3786198944929, -2.80224744018115,#c8102e
-18.3901346093849, -2.79781801630396,#c8102e
-18.4016614247768, -2.79342017798860,#c8102e
-18.4132002540277, -2.78905395829127,#c8102e
-18.4247510104065, -2.78471939003053,#c8102e
-18.4363136070921, -2.78041650578701,#c8102e
-18.4478879571748, -2.77614533790320,#c8102e
-18.4594739736562, -2.77190591848318,#c8102e
-18.4710715694506, -2.76769827939243,#c8102e
-18.4826806573850, -2.76352245225751,#c8102e
-18.4943011501999, -2.75937846846589,#c8102e
-18.5059329605505, -2.75526635916569,#c8102e
-18.5175760010065, -2.75118615526544,#c8102e
-18.5292301840534, -2.74713788743387,#c8102e
-18.5408954220930, -2.74312158609964,#c8102e
-18.5525716274439, -2.73913728145114,#c8102e
-18.5642587123422, -2.73518500343628,#c8102e
-18.5759565889424, -2.73126478176222,#c8102e
-18.5876651693178, -2.72737664589517,#c8102e
-18.5993843654613, -2.72352062506018,#c8102e
-18.6111140892858, -2.71969674824091,#c8102e
-18.6228542526252, -2.71590504417939,#c8102e
-18.6346047672352, -2.71214554137585,#c8102e
-18.6463655447932, -2.70841826808846,#c8102e
-18.6581364968998, -2.70472325233315,#c8102e
-18.6699175350790, -2.70106052188338,#c8102e
-18.6817085707790, -2.69743010426995,#c8102e
-18.6935095153730, -2.69383202678076,#c8102e
-18.7053202801594, -2.69026631646066,#c8102e
-18.7171407763632, -2.68673300011118,#c8102e
-18.7289709151358, -2.68323210429038,#c8102e
-18.7408106075565, -2.67976365531263,#c8102e
-18.7526597646326, -2.67632767924840,#c8102e
-18.7645182973003, -2.67292420192410,#c8102e
-18.7763861164253, -2.66955324892186,#c8102e
-18.7882631328036, -2.66621484557932,#c8102e
-18.8001492571620, -2.66290901698950,#c8102e
-18.8120444001587, -2.65963578800053,#c8102e
-18.8239484723845, -2.65639518321554,#c8102e
-18.8358613843626, -2.65318722699243,#c8102e
-18.8477830465501, -2.65001194344369,#c8102e
-18.8597133693382, -2.64686935643623,#c8102e
-18.8716522630530, -2.64375948959121,#c8102e
-18.8835996379563, -2.64068236628384,#c8102e
-18.8955554042459, -2.63763800964322,#c8102e
-18.9075194720568, -2.63462644255214,#c8102e
-18.9194917514614, -2.63164768764696,#c8102e
-18.9314721524706, -2.62870176731739,#c8102e
-18.9434605850339, -2.62578870370633,#c8102e
-18.9554569590408, -2.62290851870974,#c8102e
-18.9674611843209, -2.62006123397644,#c8102e
-18.9794731706448, -2.61724687090793,#c8102e
-18.9914928277249, -2.61446545065830,#c8102e
-19.0035200652158, -2.61171699413399,#c8102e
-19.0155547927151, -2.60900152199368,#c8102e
-19.0275969197643, -2.60631905464813,#c8102e
-19.0396463558490, -2.60366961226003,#c8102e
-19.0517030104001, -2.60105321474381,#c8102e
-19.0637667927942, -2.59846988176554,#c8102e
-19.0758376123541, -2.59591963274275,#c8102e
-19.0879153783501, -2.59340248684432,#c8102e
-19.1000000000000, -2.59091846299028,#c8102e
-19.1000000000000, -1.90000000000000,#c8102e
-19.1500000000000, -1.90000000000000,#c8102e
-19.1500000000000, -2.58100690201942,#c8102e
-19.1508405996182, -2.58084529431893,#c8102e
-19.1516812299623, -2.58068384652086,#c8102e
-19.1525218910019, -2.58052255863105,#c8102e
-19.1533625827066, -2.58036143065535,#c8102e
-19.1542033050460, -2.58020046259958,#c8102e
-19.1550440579897, -2.58003965446957,#c8102e
-19.1558848415072, -2.57987900627114,#c8102e
-19.1567256555681, -2.57971851801009,#c8102e
-19.1575665001419, -2.57955818969225,#c8102e
-19.1584073751984, -2.57939802132339,#c8102e
-19.1592482807070, -2.57923801290933,#c8102e
-19.1600892166373, -2.57907816445586,#c8102e
-19.1609301829588, -2.57891847596875,#c8102e
-19.1617711796413, -2.57875894745378,#c8102e
-19.1626122066541, -2.57859957891673,#c8102e
-19.1634532639669, -2.57844037036337,#c8102e
-19.1642943515493, -2.57828132179945,#c8102e
-19.1651354693708, -2.57812243323073,#c8102e
-19.1659766174010, -2.57796370466295,#c8102e
-19.1668177956095, -2.57780513610187,#c8102e
-19.1676590039658, -2.57764672755322,#c8102e
-19.1685002424394, -2.57748847902273,#c8102e
-19.1693415110000, -2.57733039051613,#c8102e
-19.1701828096170, -2.57717246203914,#c8102e
-19.1710241382602, -2.57701469359747,#c8102e
-19.1718654968989, -2.57685708519683,#c8102e
-19.1727068855028, -2.57669963684292,#c8102e
-19.1735483040415, -2.57654234854144,#c8102e
-19.1743897524844, -2.57638522029809,#c8102e
-19.1752312308011, -2.57622825211854,#c8102e
-19.1760727389612, -2.57607144400849,#c8102e
-19.1769142769343, -2.57591479597359,#c8102e
-19.1777558446898, -2.57575830801952,#c8102e
-19.1785974421974, -2.57560198015195,#c8102e
-19.1794390694266, -2.57544581237652,#c8102e
-19.1802807263468, -2.57528980469889,#c8102e
-19.1811224129278, -2.57513395712471,#c8102e
-19.1819641291390, -2.57497826965961,#c8102e
-19.1828058749499, -2.57482274230923,#c8102e
-19.1836476503301, -2.57466737507919,#c8102e
-19.1844894552492, -2.57451216797512,#c8102e
-19.1853312896767, -2.57435712100263,#c8102e
-19.1861731535821, -2.57420223416733,#c8102e
-19.1870150469349, -2.57404750747483,#c8102e
-19.1878569697047, -2.57389294093073,#c8102e
-19.1886989218611, -2.57373853454061,#c8102e
-19.1895409033736, -2.57358428831007,#c8102e
-19.1903829142116, -2.57343020224469,#c8102e
-19.1912249543448, -2.57327627635003,#c8102e
-19.1920670237426, -2.57312251063168,#c8102e
-19.1929091223747, -2.57296890509520,#c8102e
-19.1937512502105, -2.57281545974614,#c8102e
-19.1945934072195, -2.57266217459005,#c8102e
-19.1954355933713, -2.57250904963249,#c8102e
-19.1962778086354, -2.57235608487899,#c8102e
-19.1971200529814, -2.57220328033508,#c8102e
-19.1979623263787, -2.57205063600631,#c8102e
-19.1988046287969, -2.57189815189818,#c8102e
-19.1996469602055, -2.57174582801622,#c8102e
-19.2004893205740, -2.57159366436594,#c8102e
-19.2013317098720, -2.57144166095285,#c8102e
-19.2021741280690, -2.57128981778244,#c8102e
-19.2030165751344, -2.57113813486021,#c8102e
-19.2038590510378, -2.57098661219165,#c8102e
-19.2047015557487, -2.57083524978224,#c8102e
-19.2055440892367, -2.57068404763746,#c8102e
-19.2063866514712, -2.57053300576278,#c8102e
-19.2072292424218, -2.57038212416366,#c8102e
-19.2080718620579, -2.57023140284556,#c8102e
-19.2089145103492, -2.57008084181394,#c8102e
-19.2097571872650, -2.56993044107425,#c8102e
-19.2105998927749, -2.56978020063192,#c8102e
-19.2114426268484, -2.56963012049240,#c8102e
-19.2122853894550, -2.56948020066111,#c8102e
-19.2131281805642, -2.56933044114348,#c8102e
-19.2139710001456, -2.56918084194492,#c8102e
-19.2148138481686, -2.56903140307086,#c8102e
-19.2156567246027, -2.56888212452670,#c8102e
-19.2164996294175, -2.56873300631783,#c8102e
-19.2173425625823, -2.56858404844966,#c8102e
-19.2181855240668, -2.56843525092757,#c8102e
-19.2190285138405, -2.56828661375696,#c8102e
-19.2198715318727, -2.56813813694319,#c8102e
-19.2207145781331, -2.56798982049164,#c8102e
-19.2215576525911, -2.56784166440768,#c8102e
-19.2224007552162, -2.56769366869666,#c8102e
-19.2232438859779, -2.56754583336395,#c8102e
-19.2240870448457, -2.56739815841489,#c8102e
-19.2249302317891, -2.56725064385482,#c8102e
-19.2257734467776, -2.56710328968909,#c8102e
-19.2266166897806, -2.56695609592302,#c8102e
-19.2274599607677, -2.56680906256194,#c8102e
-19.2283032597083, -2.56666218961117,#c8102e
-19.2291465865720, -2.56651547707603,#c8102e
-19.2299899413281, -2.56636892496182,#c8102e
-19.2308333239463, -2.56622253327385,#c8102e
-19.2316767343960, -2.56607630201742,#c8102e
-19.2325201726466, -2.56593023119780,#c8102e
-19.2333636386676, -2.56578432082030,#c8102e
-19.2342071324286, -2.56563857089019,#c8102e
-19.2350506538990, -2.56549298141274,#c8102e
-19.2358942030483, -2.56534755239323,#c8102e
-19.2367377798459, -2.56520228383691,#c8102e
-19.2375813842613, -2.56505717574904,#c8102e
-19.2384250162641, -2.56491222813487,#c8102e
-19.2392686758236, -2.56476744099964,#c8102e
-19.2401123629094, -2.56462281434860,#c8102e
-19.2409560774910, -2.56447834818698,#c8102e
-19.2417998195377, -2.56433404252001,#c8102e
-19.2426435890191, -2.56418989735290,#c8102e
-19.2434873859046, -2.56404591269087,#c8102e
-19.2443312101638, -2.56390208853914,#c8102e
-19.2451750617660, -2.56375842490290,#c8102e
-19.2460189406807, -2.56361492178736,#c8102e
-19.2468628468775, -2.56347157919771,#c8102e
-19.2477067803257, -2.56332839713913,#c8102e
-19.2485507409949, -2.56318537561680,#c8102e
-19.2493947288544, -2.56304251463591,#c8102e
-19.2502387438738, -2.56289981420161,#c8102e
-19.2510827860226, -2.56275727431908,#c8102e
-19.2519268552700, -2.56261489499347,#c8102e
-19.2527709515858, -2.56247267622993,#c8102e
-19.2536150749392, -2.56233061803361,#c8102e
-19.2544592252998, -2.56218872040964,#c8102e
-19.2553034026369, -2.56204698336318,#c8102e
-19.2561476069202, -2.56190540689933,#c8102e
-19.2569918381189, -2.56176399102323,#c8102e
-19.2578360962026, -2.56162273573998,#c8102e
-19.2586803811407, -2.56148164105472,#c8102e
-19.2595246929027, -2.56134070697253,#c8102e
-19.2603690314580, -2.56119993349851,#c8102e
-19.2612133967760, -2.56105932063777,#c8102e
-19.2620577888263, -2.56091886839539,#c8102e
-19.2629022075782, -2.56077857677645,#c8102e
-19.2637466530012, -2.56063844578602,#c8102e
-19.2645911250648, -2.56049847542919,#c8102e
-19.2654356237384, -2.56035866571101,#c8102e
-19.2662801489914, -2.56021901663653,#c8102e
-19.2671247007932, -2.56007952821083,#c8102e
-19.2679692791134, -2.55994020043894,#c8102e
-19.2688138839213, -2.55980103332590,#c8102e
-19.2696585151865, -2.55966202687674,#c8102e
-19.2705031728782, -2.55952318109651,#c8102e
-19.2713478569660, -2.55938449599022,#c8102e
-19.2721925674194, -2.55924597156289,#c8102e
-19.2730373042076, -2.55910760781954,#c8102e
-19.2738820673003, -2.55896940476516,#c8102e
-19.2747268566667, -2.55883136240477,#c8102e
-19.2755716722764, -2.55869348074335,#c8102e
-19.2764165140988, -2.55855575978589,#c8102e
-19.2772613821033, -2.55841819953739,#c8102e
-19.2781062762593, -2.55828080000280,#c8102e
-19.2789511965362, -2.55814356118712,#c8102e
-19.2797961429036, -2.55800648309530,#c8102e
-19.2806411153307, -2.55786956573230,#c8102e
-19.2814861137871, -2.55773280910308,#c8102e
-19.2823311382421, -2.55759621321258,#c8102e
-19.2831761886653, -2.55745977806576,#c8102e
-19.2840212650259, -2.55732350366753,#c8102e
-19.2848663672935, -2.55718739002285,#c8102e
-19.2857114954374, -2.55705143713662,#c8102e
-19.2865566494271, -2.55691564501377,#c8102e
-19.2874018292320, -2.55678001365922,#c8102e
-19.2882470348215, -2.55664454307787,#c8102e
-19.2890922661651, -2.55650923327462,#c8102e
-19.2899375232320, -2.55637408425438,#c8102e
-19.2907828059919, -2.55623909602202,#c8102e
-19.2916281144140, -2.55610426858243,#c8102e
-19.2924734484677, -2.55596960194050,#c8102e
-19.2933188081226, -2.55583509610109,#c8102e
-19.2941641933480, -2.55570075106908,#c8102e
-19.2950096041133, -2.55556656684932,#c8102e
-19.2958550403880, -2.55543254344667,#c8102e
-19.2967005021413, -2.55529868086597,#c8102e
-19.2975459893429, -2.55516497911208,#c8102e
-19.2983915019619, -2.55503143818983,#c8102e
-19.2992370399680, -2.55489805810405,#c8102e
-19.3000826033304, -2.55476483885957,#c8102e
-19.3009281920186, -2.55463178046120,#c8102e
-19.3017738060019, -2.55449888291377,#c8102e
-19.3026194452498, -2.55436614622208,#c8102e
-19.3034651097317, -2.55423357039094,#c8102e
-19.3043107994170, -2.55410115542513,#c8102e
-19.3051565142750, -2.55396890132946,#c8102e
-19.3060022542752, -2.55383680810871,#c8102e
-19.3068480193870, -2.55370487576766,#c8102e
-19.3076938095798, -2.55357310431108,#c8102e
-19.3085396248229, -2.55344149374374,#c8102e
-19.3093854650858, -2.55331004407040,#c8102e
-19.3102313303378, -2.55317875529582,#c8102e
-19.3110772205484, -2.55304762742475,#c8102e
-19.3119231356869, -2.55291666046193,#c8102e
-19.3127690757228, -2.55278585441210,#c8102e
-19.3136150406254, -2.55265520928000,#c8102e
-19.3144610303641, -2.55252472507036,#c8102e
-19.3153070449082, -2.55239440178789,#c8102e
-19.3161530842273, -2.55226423943731,#c8102e
-19.3169991482907, -2.55213423802333,#c8102e
-19.3178452370677, -2.55200439755065,#c8102e
-19.3186913505278, -2.55187471802397,#c8102e
-19.3195374886403, -2.55174519944799,#c8102e
-19.3203836513746, -2.55161584182739,#c8102e
-19.3212298387001, -2.55148664516685,#c8102e
-19.3220760505861, -2.55135760947105,#c8102e
-19.3229222870022, -2.55122873474466,#c8102e
-19.3237685479176, -2.55110002099233,#c8102e
-19.3246148333017, -2.55097146821873,#c8102e
-19.3254611431238, -2.55084307642850,#c8102e
-19.3263074773535, -2.55071484562630,#c8102e
-19.3271538359600, -2.55058677581676,#c8102e
-19.3280002189128, -2.55045886700452,#c8102e
-19.3288466261811, -2.55033111919420,#c8102e
-19.3296930577344, -2.55020353239044,#c8102e
-19.3305395135421, -2.55007610659783,#c8102e
-19.3313859935734, -2.54994884182100,#c8102e
-19.3322324977979, -2.54982173806455,#c8102e
-19.3330790261848, -2.54969479533309,#c8102e
-19.3339255787036, -2.54956801363119,#c8102e
-19.3347721553235, -2.54944139296345,#c8102e
-19.3356187560140, -2.54931493333446,#c8102e
-19.3364653807445, -2.54918863474878,#c8102e
-19.3373120294842, -2.54906249721099,#c8102e
-19.3381587022026, -2.54893652072565,#c8102e
-19.3390053988690, -2.54881070529732,#c8102e
-19.3398521194528, -2.54868505093056,#c8102e
-19.3406988639234, -2.54855955762990,#c8102e
-19.3415456322501, -2.54843422539989,#c8102e
-19.3423924244022, -2.54830905424507,#c8102e
-19.3432392403492, -2.54818404416996,#c8102e
-19.3440860800604, -2.54805919517909,#c8102e
-19.3449329435051, -2.54793450727698,#c8102e
-19.3457798306527, -2.54780998046813,#c8102e
-19.3466267414726, -2.54768561475705,#c8102e
-19.3474736759341, -2.54756141014825,#c8102e
-19.3483206340066, -2.54743736664621,#c8102e
-19.3491676156594, -2.54731348425543,#c8102e
-19.3500146208619, -2.54718976298039,#c8102e
-19.3508616495834, -2.54706620282556,#c8102e
-19.3517087017933, -2.54694280379541,#c8102e
-19.3525557774609, -2.54681956589442,#c8102e
-19.3534028765556, -2.54669648912703,#c8102e
-19.3542499990468, -2.54657357349771,#c8102e
-19.3550971449037, -2.54645081901090,#c8102e
-19.3559443140958, -2.54632822567105,#c8102e
-19.3567915065923, -2.54620579348258,#c8102e
-19.3576387223626, -2.54608352244992,#c8102e
-19.3584859613761, -2.54596141257752,#c8102e
-19.3593332236021, -2.54583946386977,#c8102e
-19.3601805090100, -2.54571767633109,#c8102e
-19.3610278175690, -2.54559604996590,#c8102e
-19.3618751492486, -2.54547458477859,#c8102e
-19.3627225040180, -2.54535328077355,#c8102e
-19.3635698818467, -2.54523213795518,#c8102e
-19.3644172827039, -2.54511115632786,#c8102e
-19.3652647065590, -2.54499033589597,#c8102e
-19.3661121533813, -2.54486967666387,#c8102e
-19.3669596231402, -2.54474917863594,#c8102e
-19.3678071158049, -2.54462884181653,#c8102e
-19.3686546313449, -2.54450866621000,#c8102e
-19.3695021697295, -2.54438865182070,#c8102e
-19.3703497309279, -2.54426879865297,#c8102e
-19.3711973149096, -2.54414910671114,#c8102e
-19.3720449216438, -2.54402957599955,#c8102e
-19.3728925511000, -2.54391020652253,#c8102e
-19.3737402032473, -2.54379099828438,#c8102e
-19.3745878780552, -2.54367195128944,#c8102e
-19.3754355754930, -2.54355306554199,#c8102e
-19.3762832955299, -2.54343434104635,#c8102e
-19.3771310381354, -2.54331577780681,#c8102e
-19.3779788032788, -2.54319737582766,#c8102e
-19.3788265909293, -2.54307913511318,#c8102e
-19.3796744010563, -2.54296105566766,#c8102e
-19.3805222336292, -2.54284313749536,#c8102e
-19.3813700886171, -2.54272538060056,#c8102e
-19.3822179659896, -2.54260778498751,#c8102e
-19.3830658657158, -2.54249035066047,#c8102e
-19.3839137877652, -2.54237307762368,#c8102e
-19.3847617321070, -2.54225596588140,#c8102e
-19.3856096987105, -2.54213901543785,#c8102e
-19.3864576875451, -2.54202222629728,#c8102e
-19.3873056985801, -2.54190559846390,#c8102e
-19.3881537317847, -2.54178913194194,#c8102e
-19.3890017871284, -2.54167282673561,#c8102e
-19.3898498645804, -2.54155668284911,#c8102e
-19.3906979641100, -2.54144070028666,#c8102e
-19.3915460856865, -2.54132487905245,#c8102e
-19.3923942292794, -2.54120921915067,#c8102e
-19.3932423948578, -2.54109372058550,#c8102e
-19.3940905823911, -2.54097838336112,#c8102e
-19.3949387918485, -2.54086320748171,#c8102e
-19.3957870231995, -2.54074819295144,#c8102e
-19.3966352764133, -2.54063333977446,#c8102e
-19.3974835514591, -2.54051864795493,#c8102e
-19.3983318483064, -2.54040411749701,#c8102e
-19.3991801669245, -2.54028974840483,#c8102e
-19.4000285072825, -2.54017554068253,#c8102e
-19.4008768693499, -2.54006149433425,#c8102e
-19.4017252530959, -2.53994760936412,#c8102e
-19.4025736584899, -2.53983388577624,#c8102e
-19.4034220855011, -2.53972032357475,#c8102e
-19.4042705340988, -2.53960692276375,#c8102e
-19.4051190042524, -2.53949368334733,#c8102e
-19.4059674959311, -2.53938060532961,#c8102e
-19.4068160091043, -2.53926768871467,#c8102e
-19.4076645437411, -2.53915493350659,#c8102e
-19.4085130998110, -2.53904233970946,#c8102e
-19.4093616772833, -2.53892990732735,#c8102e
-19.4102102761271, -2.53881763636433,#c8102e
-19.4110588963119, -2.53870552682446,#c8102e
-19.4119075378069, -2.53859357871179,#c8102e
-19.4127562005814, -2.53848179203039,#c8102e
-19.4136048846047, -2.53837016678428,#c8102e
-19.4144535898460, -2.53825870297753,#c8102e
-19.4153023162748, -2.53814740061414,#c8102e
-19.4161510638602, -2.53803625969816,#c8102e
-19.4169998325715, -2.53792528023360,#c8102e
-19.4178486223781, -2.53781446222449,#c8102e
-19.4186974332493, -2.53770380567482,#c8102e
-19.4195462651542, -2.53759331058860,#c8102e
-19.4203951180623, -2.53748297696984,#c8102e
-19.4212439919427, -2.53737280482252,#c8102e
-19.4220928867648, -2.53726279415064,#c8102e
-19.4229418024979, -2.53715294495816,#c8102e
-19.4237907391112, -2.53704325724907,#c8102e
-19.4246396965740, -2.53693373102734,#c8102e
-19.4254886748556, -2.53682436629692,#c8102e
-19.4263376739254, -2.53671516306178,#c8102e
-19.4271866937524, -2.53660612132587,#c8102e
-19.4280357343061, -2.53649724109312,#c8102e
-19.4288847955558, -2.53638852236749,#c8102e
-19.4297338774706, -2.53627996515291,#c8102e
-19.4305829800199, -2.53617156945330,#c8102e
-19.4314321031730, -2.53606333527259,#c8102e
-19.4322812468991, -2.53595526261469,#c8102e
-19.4331304111674, -2.53584735148351,#c8102e
-19.4339795959474, -2.53573960188296,#c8102e
-19.4348288012082, -2.53563201381693,#c8102e
-19.4356780269191, -2.53552458728933,#c8102e
-19.4365272730495, -2.53541732230403,#c8102e
-19.4373765395685, -2.53531021886492,#c8102e
-19.4382258264454, -2.53520327697587,#c8102e
-19.4390751336495, -2.53509649664075,#c8102e
-19.4399244611501, -2.53498987786344,#c8102e
-19.4407738089164, -2.53488342064777,#c8102e
-19.4416231769177, -2.53477712499761,#c8102e
-19.4424725651234, -2.53467099091681,#c8102e
-19.4433219735025, -2.53456501840920,#c8102e
-19.4441714020245, -2.53445920747861,#c8102e
-19.4450208506585, -2.53435355812888,#c8102e
-19.4458703193738, -2.53424807036383,#c8102e
-19.4467198081398, -2.53414274418728,#c8102e
-19.4475693169256, -2.53403757960303,#c8102e
-19.4484188457005, -2.53393257661490,#c8102e
-19.4492683944338, -2.53382773522668,#c8102e
-19.4501179630947, -2.53372305544216,#c8102e
-19.4509675516526, -2.53361853726514,#c8102e
-19.4518171600766, -2.53351418069939,#c8102e
-19.4526667883360, -2.53340998574869,#c8102e
-19.4535164364001, -2.53330595241681,#c8102e
-19.4543661042381, -2.53320208070752,#c8102e
-19.4552157918192, -2.53309837062457,#c8102e
-19.4560654991129, -2.53299482217172,#c8102e
-19.4569152260882, -2.53289143535271,#c8102e
-19.4577649727145, -2.53278821017129,#c8102e
-19.4586147389609, -2.53268514663118,#c8102e
-19.4594645247969, -2.53258224473613,#c8102e
-19.4603143301915, -2.53247950448984,#c8102e
-19.4611641551141, -2.53237692589605,#c8102e
-19.4620139995338, -2.53227450895845,#c8102e
-19.4628638634201, -2.53217225368077,#c8102e
-19.4637137467420, -2.53207016006669,#c8102e
-19.4645636494689, -2.53196822811991,#c8102e
-19.4654135715700, -2.53186645784412,#c8102e
-19.4662635130145, -2.53176484924301,#c8102e
-19.4671134737717, -2.53166340232024,#c8102e
-19.4679634538108, -2.53156211707949,#c8102e
-19.4688134531012, -2.53146099352443,#c8102e
-19.4696634716119, -2.53136003165871,#c8102e
-19.4705135093123, -2.53125923148598,#c8102e
-19.4713635661716, -2.53115859300990,#c8102e
-19.4722136421591, -2.53105811623411,#c8102e
-19.4730637372439, -2.53095780116224,#c8102e
-19.4739138513954, -2.53085764779791,#c8102e
-19.4747639845828, -2.53075765614476,#c8102e
-19.4756141367752, -2.53065782620641,#c8102e
-19.4764643079420, -2.53055815798646,#c8102e
-19.4773144980524, -2.53045865148852,#c8102e
-19.4781647070756, -2.53035930671619,#c8102e
-19.4790149349809, -2.53026012367307,#c8102e
-19.4798651817375, -2.53016110236275,#c8102e
-19.4807154473146, -2.53006224278880,#c8102e
-19.4815657316814, -2.52996354495481,#c8102e
-19.4824160348072, -2.52986500886435,#c8102e
-19.4832663566613, -2.52976663452098,#c8102e
-19.4841166972128, -2.52966842192826,#c8102e
-19.4849670564310, -2.52957037108974,#c8102e
-19.4858174342852, -2.52947248200898,#c8102e
-19.4866678307445, -2.52937475468952,#c8102e
-19.4875182457781, -2.52927718913489,#c8102e
-19.4883686793554, -2.52917978534861,#c8102e
-19.4892191314455, -2.52908254333423,#c8102e
-19.4900696020177, -2.52898546309525,#c8102e
-19.4909200910412, -2.52888854463519,#c8102e
-19.4917705984851, -2.52879178795755,#c8102e
-19.4926211243189, -2.52869519306584,#c8102e
-19.4934716685115, -2.52859875996355,#c8102e
-19.4943222310324, -2.52850248865417,#c8102e
-19.4951728118507, -2.52840637914118,#c8102e
-19.4960234109357, -2.52831043142806,#c8102e
-19.4968740282564, -2.52821464551829,#c8102e
-19.4977246637823, -2.52811902141533,#c8102e
-19.4985753174825, -2.52802355912263,#c8102e
-19.4994259893262, -2.52792825864366,#c8102e
-19.5002766792826, -2.52783311998186,#c8102e
-19.5011273873210, -2.52773814314068,#c8102e
-19.5019781134105, -2.52764332812354,#c8102e
-19.5028288575205, -2.52754867493389,#c8102e
-19.5036796196201, -2.52745418357514,#c8102e
-19.5045303996785, -2.52735985405072,#c8102e
-19.5053811976649, -2.52726568636404,#c8102e
-19.5062320135486, -2.52717168051850,#c8102e
-19.5070828472987, -2.52707783651751,#c8102e
-19.5079336988846, -2.52698415436446,#c8102e
-19.5087845682753, -2.52689063406275,#c8102e
-19.5096354554402, -2.52679727561575,#c8102e
-19.5104863603484, -2.52670407902685,#c8102e
-19.5113372829691, -2.52661104429942,#c8102e
-19.5121882232715, -2.52651817143682,#c8102e
-19.5130391812249, -2.52642546044241,#c8102e
-19.5138901567985, -2.52633291131955,#c8102e
-19.5147411499614, -2.52624052407159,#c8102e
-19.5155921606829, -2.52614829870187,#c8102e
-19.5164431889322, -2.52605623521373,#c8102e
-19.5172942346785, -2.52596433361050,#c8102e
-19.5181452978909, -2.52587259389550,#c8102e
-19.5189963785388, -2.52578101607205,#c8102e
-19.5198474765913, -2.52568960014348,#c8102e
-19.5206985920176, -2.52559834611307,#c8102e
-19.5215497247869, -2.52550725398415,#c8102e
-19.5224008748684, -2.52541632375999,#c8102e
-19.5232520422313, -2.52532555544390,#c8102e
-19.5241032268449, -2.52523494903916,#c8102e
-19.5249544286783, -2.52514450454904,#c8102e
-19.5258056477007, -2.52505422197683,#c8102e
-19.5266568838813, -2.52496410132578,#c8102e
-19.5275081371893, -2.52487414259915,#c8102e
-19.5283594075940, -2.52478434580020,#c8102e
-19.5292106950644, -2.52469471093219,#c8102e
-19.5300619995699, -2.52460523799835,#c8102e
-19.5309133210796, -2.52451592700193,#c8102e
-19.5317646595627, -2.52442677794614,#c8102e
-19.5326160149884, -2.52433779083423,#c8102e
-19.5334673873259, -2.52424896566940,#c8102e
-19.5343187765443, -2.52416030245487,#c8102e
-19.5351701826130, -2.52407180119386,#c8102e
-19.5360216055010, -2.52398346188956,#c8102e
-19.5368730451776, -2.52389528454517,#c8102e
-19.5377245016120, -2.52380726916388,#c8102e
-19.5385759747732, -2.52371941574888,#c8102e
-19.5394274646307, -2.52363172430334,#c8102e
-19.5402789711534, -2.52354419483044,#c8102e
-19.5411304943107, -2.52345682733334,#c8102e
-19.5419820340717, -2.52336962181521,#c8102e
-19.5428335904056, -2.52328257827920,#c8102e
-19.5436851632816, -2.52319569672845,#c8102e
-19.5445367526688, -2.52310897716613,#c8102e
-19.5453883585365, -2.52302241959535,#c8102e
-19.5462399808538, -2.52293602401926,#c8102e
-19.5470916195900, -2.52284979044098,#c8102e
-19.5479432747141, -2.52276371886363,#c8102e
-19.5487949461955, -2.52267780929033,#c8102e
-19.5496466340032, -2.52259206172418,#c8102e
-19.5504983381065, -2.52250647616828,#c8102e
-19.5513500584745, -2.52242105262574,#c8102e
-19.5522017950765, -2.52233579109964,#c8102e
-19.5530535478815, -2.52225069159307,#c8102e
-19.5539053168589, -2.52216575410911,#c8102e
-19.5547571019777, -2.52208097865083,#c8102e
-19.5556089032071, -2.52199636522130,#c8102e
-19.5564607205164, -2.52191191382359,#c8102e
-19.5573125538746, -2.52182762446073,#c8102e
-19.5581644032511, -2.52174349713580,#c8102e
-19.5590162686149, -2.52165953185182,#c8102e
-19.5598681499352, -2.52157572861185,#c8102e
-19.5607200471812, -2.52149208741890,#c8102e
-19.5615719603221, -2.52140860827601,#c8102e
-19.5624238893270, -2.52132529118620,#c8102e
-19.5632758341652, -2.52124213615249,#c8102e
-19.5641277948058, -2.52115914317787,#c8102e
-19.5649797712180, -2.52107631226536,#c8102e
-19.5658317633709, -2.52099364341796,#c8102e
-19.5666837712337, -2.52091113663864,#c8102e
-19.5675357947756, -2.52082879193041,#c8102e
-19.5683878339658, -2.52074660929623,#c8102e
-19.5692398887733, -2.52066458873908,#c8102e
-19.5700919591675, -2.52058273026194,#c8102e
-19.5709440451175, -2.52050103386775,#c8102e
-19.5717961465924, -2.52041949955949,#c8102e
-19.5726482635614, -2.52033812734009,#c8102e
-19.5735003959936, -2.52025691721250,#c8102e
-19.5743525438583, -2.52017586917967,#c8102e
-19.5752047071246, -2.52009498324452,#c8102e
-19.5760568857617, -2.52001425940998,#c8102e
-19.5769090797387, -2.51993369767897,#c8102e
-19.5777612890248, -2.51985329805440,#c8102e
-19.5786135135892, -2.51977306053920,#c8102e
-19.5794657534009, -2.51969298513625,#c8102e
-19.5803180084293, -2.51961307184845,#c8102e
-19.5811702786434, -2.51953332067871,#c8102e
-19.5820225640124, -2.51945373162990,#c8102e
-19.5828748645055, -2.51937430470490,#c8102e
-19.5837271800918, -2.51929503990659,#c8102e
-19.5845795107405, -2.51921593723783,#c8102e
-19.5854318564208, -2.51913699670150,#c8102e
-19.5862842171018, -2.51905821830043,#c8102e
-19.5871365927526, -2.51897960203749,#c8102e
-19.5879889833425, -2.51890114791552,#c8102e
-19.5888413888405, -2.51882285593736,#c8102e
-19.5896938092159, -2.51874472610584,#c8102e
-19.5905462444378, -2.51866675842379,#c8102e
-19.5913986944753, -2.51858895289402,#c8102e
-19.5922511592976, -2.51851130951936,#c8102e
-19.5931036388739, -2.51843382830262,#c8102e
-19.5939561331733, -2.51835650924659,#c8102e
-19.5948086421650, -2.51827935235408,#c8102e
-19.5956611658181, -2.51820235762787,#c8102e
-19.5965137041017, -2.51812552507076,#c8102e
-19.5973662569851, -2.51804885468552,#c8102e
-19.5982188244374, -2.51797234647492,#c8102e
-19.5990714064276, -2.51789600044175,#c8102e
-19.5999240029251, -2.51781981658875,#c8102e
-19.6007766138989, -2.51774379491868,#c8102e
-19.6016292393181, -2.51766793543431,#c8102e
-19.6024818791520, -2.51759223813836,#c8102e
-19.6033345333697, -2.51751670303358,#c8102e
-19.6041872019402, -2.51744133012270,#c8102e
-19.6050398848329, -2.51736611940846,#c8102e
-19.6058925820167, -2.51729107089356,#c8102e
-19.6067452934609, -2.51721618458074,#c8102e
-19.6075980191347, -2.51714146047269,#c8102e
-19.6084507590070, -2.51706689857212,#c8102e
-19.6093035130472, -2.51699249888172,#c8102e
-19.6101562812243, -2.51691826140420,#c8102e
-19.6110090635075, -2.51684418614224,#c8102e
-19.6118618598659, -2.51677027309851,#c8102e
-19.6127146702686, -2.51669652227569,#c8102e
-19.6135674946849, -2.51662293367646,#c8102e
-19.6144203330838, -2.51654950730346,#c8102e
-19.6152731854345, -2.51647624315937,#c8102e
-19.6161260517062, -2.51640314124683,#c8102e
-19.6169789318679, -2.51633020156848,#c8102e
-19.6178318258889, -2.51625742412697,#c8102e
-19.6186847337381, -2.51618480892492,#c8102e
-19.6195376553849, -2.51611235596497,#c8102e
-19.6203905907983, -2.51604006524974,#c8102e
-19.6212435399475, -2.51596793678184,#c8102e
-19.6220965028015, -2.51589597056389,#c8102e
-19.6229494793296, -2.51582416659848,#c8102e
-19.6238024695009, -2.51575252488822,#c8102e
-19.6246554732845, -2.51568104543570,#c8102e
-19.6255084906495, -2.51560972824349,#c8102e
-19.6263615215651, -2.51553857331420,#c8102e
-19.6272145660004, -2.51546758065038,#c8102e
-19.6280676239246, -2.51539675025461,#c8102e
-19.6289206953067, -2.51532608212945,#c8102e
-19.6297737801160, -2.51525557627746,#c8102e
-19.6306268783215, -2.51518523270119,#c8102e
-19.6314799898923, -2.51511505140319,#c8102e
-19.6323331147977, -2.51504503238598,#c8102e
-19.6331862530067, -2.51497517565212,#c8102e
-19.6340394044885, -2.51490548120412,#c8102e
-19.6348925692121, -2.51483594904451,#c8102e
-19.6357457471468, -2.51476657917580,#c8102e
-19.6365989382617, -2.51469737160050,#c8102e
-19.6374521425258, -2.51462832632112,#c8102e
-19.6383053599084, -2.51455944334016,#c8102e
-19.6391585903784, -2.51449072266010,#c8102e
-19.6400118339052, -2.51442216428344,#c8102e
-19.6408650904577, -2.51435376821265,#c8102e
-19.6417183600052, -2.51428553445021,#c8102e
-19.6425716425166, -2.51421746299860,#c8102e
-19.6434249379613, -2.51414955386026,#c8102e
-19.6442782463082, -2.51408180703767,#c8102e
-19.6451315675266, -2.51401422253326,#c8102e
-19.6459849015855, -2.51394680034949,#c8102e
-19.6468382484541, -2.51387954048880,#c8102e
-19.6476916081014, -2.51381244295361,#c8102e
-19.6485449804966, -2.51374550774637,#c8102e
-19.6493983656089, -2.51367873486948,#c8102e
-19.6502517634073, -2.51361212432537,#c8102e
-19.6511051738610, -2.51354567611644,#c8102e
-19.6519585969391, -2.51347939024511,#c8102e
-19.6528120326107, -2.51341326671376,#c8102e
-19.6536654808449, -2.51334730552480,#c8102e
-19.6545189416109, -2.51328150668060,#c8102e
-19.6553724148777, -2.51321587018355,#c8102e
-19.6562259006145, -2.51315039603602,#c8102e
-19.6570793987904, -2.51308508424039,#c8102e
-19.6579329093746, -2.51301993479901,#c8102e
-19.6587864323360, -2.51295494771425,#c8102e
-19.6596399676439, -2.51289012298845,#c8102e
-19.6604935152674, -2.51282546062397,#c8102e
-19.6613470751756, -2.51276096062313,#c8102e
-19.6622006473375, -2.51269662298828,#c8102e
-19.6630542317224, -2.51263244772173,#c8102e
-19.6639078282993, -2.51256843482583,#c8102e
-19.6647614370374, -2.51250458430287,#c8102e
-19.6656150579056, -2.51244089615518,#c8102e
-19.6664686908733, -2.51237737038505,#c8102e
-19.6673223359094, -2.51231400699478,#c8102e
-19.6681759929832, -2.51225080598667,#c8102e
-19.6690296620636, -2.51218776736301,#c8102e
-19.6698833431198, -2.51212489112606,#c8102e
-19.6707370361209, -2.51206217727812,#c8102e
-19.6715907410361, -2.51199962582145,#c8102e
-19.6724444578345, -2.51193723675831,#c8102e
-19.6732981864850, -2.51187501009096,#c8102e
-19.6741519269570, -2.51181294582165,#c8102e
-19.6750056792193, -2.51175104395263,#c8102e
-19.6758594432413, -2.51168930448613,#c8102e
-19.6767132189920, -2.51162772742440,#c8102e
-19.6775670064404, -2.51156631276965,#c8102e
-19.6784208055558, -2.51150506052412,#c8102e
-19.6792746163071, -2.51144397069001,#c8102e
-19.6801284386635, -2.51138304326954,#c8102e
-19.6809822725942, -2.51132227826492,#c8102e
-19.6818361180682, -2.51126167567833,#c8102e
-19.6826899750546, -2.51120123551198,#c8102e
-19.6835438435225, -2.51114095776806,#c8102e
-19.6843977234411, -2.51108084244873,#c8102e
-19.6852516147794, -2.51102088955618,#c8102e
-19.6861055175065, -2.51096109909258,#c8102e
-19.6869594315916, -2.51090147106008,#c8102e
-19.6878133570037, -2.51084200546086,#c8102e
-19.6886672937119, -2.51078270229705,#c8102e
-19.6895212416854, -2.51072356157081,#c8102e
-19.6903752008933, -2.51066458328428,#c8102e
-19.6912291713045, -2.51060576743958,#c8102e
-19.6920831528884, -2.51054711403886,#c8102e
-19.6929371456138, -2.51048862308422,#c8102e
-19.6937911494501, -2.51043029457779,#c8102e
-19.6946451643661, -2.51037212852167,#c8102e
-19.6954991903311, -2.51031412491798,#c8102e
-19.6963532273142, -2.51025628376881,#c8102e
-19.6972072752843, -2.51019860507625,#c8102e
-19.6980613342107, -2.51014108884239,#c8102e
-19.6989154040625, -2.51008373506931,#c8102e
-19.6997694848086, -2.51002654375909,#c8102e
-19.7006235764183, -2.50996951491380,#c8102e
-19.7014776788606, -2.50991264853549,#c8102e
-19.7023317921047, -2.50985594462623,#c8102e
-19.7031859161195, -2.50979940318807,#c8102e
-19.7040400508742, -2.50974302422306,#c8102e
-19.7048941963379, -2.50968680773323,#c8102e
-19.7057483524798, -2.50963075372062,#c8102e
-19.7066025192688, -2.50957486218726,#c8102e
-19.7074566966741, -2.50951913313517,#c8102e
-19.7083108846647, -2.50946356656636,#c8102e
-19.7091650832098, -2.50940816248285,#c8102e
-19.7100192922785, -2.50935292088664,#c8102e
-19.7108735118398, -2.50929784177974,#c8102e
-19.7117277418628, -2.50924292516412,#c8102e
-19.7125819823167, -2.50918817104179,#c8102e
-19.7134362331705, -2.50913357941472,#c8102e
-19.7142904943933, -2.50907915028488,#c8102e
-19.7151447659541, -2.50902488365425,#c8102e
-19.7159990478222, -2.50897077952480,#c8102e
-19.7168533399666, -2.50891683789847,#c8102e
-19.7177076423563, -2.50886305877722,#c8102e
-19.7185619549604, -2.50880944216299,#c8102e
-19.7194162777481, -2.50875598805773,#c8102e
-19.7202706106884, -2.50870269646337,#c8102e
-19.7211249537504, -2.50864956738184,#c8102e
-19.7219793069033, -2.50859660081506,#c8102e
-19.7228336701160, -2.50854379676495,#c8102e
-19.7236880433576, -2.50849115523341,#c8102e
-19.7245424265974, -2.50843867622236,#c8102e
-19.7253968198042, -2.50838635973369,#c8102e
-19.7262512229473, -2.50833420576929,#c8102e
-19.7271056359958, -2.50828221433106,#c8102e
-19.7279600589186, -2.50823038542086,#c8102e
-19.7288144916848, -2.50817871904059,#c8102e
-19.7296689342637, -2.50812721519210,#c8102e
-19.7305233866241, -2.50807587387727,#c8102e
-19.7313778487353, -2.50802469509794,#c8102e
-19.7322323205664, -2.50797367885597,#c8102e
-19.7330868020863, -2.50792282515322,#c8102e
-19.7339412932641, -2.50787213399150,#c8102e
-19.7347957940691, -2.50782160537267,#c8102e
-19.7356503044701, -2.50777123929855,#c8102e
-19.7365048244364, -2.50772103577096,#c8102e
-19.7373593539369, -2.50767099479172,#c8102e
-19.7382138929409, -2.50762111636264,#c8102e
-19.7390684414173, -2.50757140048553,#c8102e
-19.7399229993352, -2.50752184716217,#c8102e
-19.7407775666637, -2.50747245639437,#c8102e
-19.7416321433719, -2.50742322818392,#c8102e
-19.7424867294289, -2.50737416253259,#c8102e
-19.7433413248038, -2.50732525944215,#c8102e
-19.7441959294655, -2.50727651891439,#c8102e
-19.7450505433833, -2.50722794095106,#c8102e
-19.7459051665261, -2.50717952555392,#c8102e
-19.7467597988631, -2.50713127272473,#c8102e
-19.7476144403633, -2.50708318246522,#c8102e
-19.7484690909958, -2.50703525477714,#c8102e
-19.7493237507297, -2.50698748966222,#c8102e
-19.7501784195340, -2.50693988712220,#c8102e
-19.7510330973779, -2.50689244715879,#c8102e
-19.7518877842304, -2.50684516977371,#c8102e
-19.7527424800605, -2.50679805496866,#c8102e
-19.7535971848374, -2.50675110274537,#c8102e
-19.7544518985302, -2.50670431310552,#c8102e
-19.7553066211078, -2.50665768605081,#c8102e
-19.7561613525394, -2.50661122158292,#c8102e
-19.7570160927940, -2.50656491970353,#c8102e
-19.7578708418408, -2.50651878041433,#c8102e
-19.7587255996487, -2.50647280371698,#c8102e
-19.7595803661869, -2.50642698961315,#c8102e
-19.7604351414244, -2.50638133810448,#c8102e
-19.7612899253304, -2.50633584919264,#c8102e
-19.7621447178738, -2.50629052287927,#c8102e
-19.7629995190237, -2.50624535916601,#c8102e
-19.7638543287493, -2.50620035805450,#c8102e
-19.7647091470195, -2.50615551954635,#c8102e
-19.7655639738035, -2.50611084364321,#c8102e
-19.7664188090703, -2.50606633034667,#c8102e
-19.7672736527890, -2.50602197965835,#c8102e
-19.7681285049286, -2.50597779157987,#c8102e
-19.7689833654583, -2.50593376611281,#c8102e
-19.7698382343470, -2.50588990325876,#c8102e
-19.7706931115640, -2.50584620301933,#c8102e
-19.7715479970781, -2.50580266539608,#c8102e
-19.7724028908585, -2.50575929039059,#c8102e
-19.7732577928744, -2.50571607800444,#c8102e
-19.7741127030946, -2.50567302823918,#c8102e
-19.7749676214883, -2.50563014109638,#c8102e
-19.7758225480246, -2.50558741657758,#c8102e
-19.7766774826725, -2.50554485468433,#c8102e
-19.7775324254011, -2.50550245541817,#c8102e
-19.7783873761794, -2.50546021878064,#c8102e
-19.7792423349766, -2.50541814477327,#c8102e
-19.7800973017616, -2.50537623339756,#c8102e
-19.7809522765036, -2.50533448465506,#c8102e
-19.7818072591716, -2.50529289854725,#c8102e
-19.7826622497346, -2.50525147507565,#c8102e
-19.7835172481619, -2.50521021424176,#c8102e
-19.7843722544223, -2.50516911604707,#c8102e
-19.7852272684849, -2.50512818049307,#c8102e
-19.7860822903189, -2.50508740758123,#c8102e
-19.7869373198933, -2.50504679731304,#c8102e
-19.7877923571771, -2.50500634968996,#c8102e
-19.7886474021394, -2.50496606471346,#c8102e
-19.7895024547493, -2.50492594238499,#c8102e
-19.7903575149759, -2.50488598270601,#c8102e
-19.7912125827881, -2.50484618567796,#c8102e
-19.7920676581551, -2.50480655130228,#c8102e
-19.7929227410458, -2.50476707958041,#c8102e
-19.7937778314295, -2.50472777051377,#c8102e
-19.7946329292751, -2.50468862410379,#c8102e
-19.7954880345516, -2.50464964035188,#c8102e
-19.7963431472283, -2.50461081925946,#c8102e
-19.7971982672740, -2.50457216082792,#c8102e
-19.7980533946579, -2.50453366505867,#c8102e
-19.7989085293490, -2.50449533195311,#c8102e
-19.7997636713164, -2.50445716151260,#c8102e
-19.8006188205291, -2.50441915373855,#c8102e
-19.8014739769563, -2.50438130863232,#c8102e
-19.8023291405669, -2.50434362619528,#c8102e
-19.8031843113300, -2.50430610642880,#c8102e
-19.8040394892146, -2.50426874933424,#c8102e
-19.8048946741899, -2.50423155491294,#c8102e
-19.8057498662249, -2.50419452316625,#c8102e
-19.8066050652886, -2.50415765409551,#c8102e
-19.8074602713501, -2.50412094770206,#c8102e
-19.8083154843784, -2.50408440398722,#c8102e
-19.8091707043427, -2.50404802295232,#c8102e
-19.8100259312119, -2.50401180459867,#c8102e
-19.8108811649551, -2.50397574892759,#c8102e
-19.8117364055413, -2.50393985594037,#c8102e
-19.8125916529397, -2.50390412563832,#c8102e
-19.8134469071193, -2.50386855802273,#c8102e
-19.8143021680491, -2.50383315309488,#c8102e
-19.8151574356981, -2.50379791085606,#c8102e
-19.8160127100355, -2.50376283130755,#c8102e
-19.8168679910303, -2.50372791445060,#c8102e
-19.8177232786515, -2.50369316028649,#c8102e
-19.8185785728683, -2.50365856881648,#c8102e
-19.8194338736495, -2.50362414004181,#c8102e
-19.8202891809644, -2.50358987396373,#c8102e
-19.8211444947818, -2.50355577058348,#c8102e
-19.8219998150710, -2.50352182990229,#c8102e
-19.8228551418010, -2.50348805192140,#c8102e
-19.8237104749407, -2.50345443664202,#c8102e
-19.8245658144593, -2.50342098406537,#c8102e
-19.8254211603258, -2.50338769419266,#c8102e
-19.8262765125092, -2.50335456702510,#c8102e
-19.8271318709786, -2.50332160256388,#c8102e
-19.8279872357031, -2.50328880081020,#c8102e
-19.8288426066517, -2.50325616176525,#c8102e
-19.8296979837934, -2.50322368543020,#c8102e
-19.8305533670974, -2.50319137180623,#c8102e
-19.8314087565325, -2.50315922089451,#c8102e
-19.8322641520680, -2.50312723269620,#c8102e
-19.8331195536728, -2.50309540721246,#c8102e
-19.8339749613160, -2.50306374444445,#c8102e
-19.8348303749667, -2.50303224439330,#c8102e
-19.8356857945938, -2.50300090706016,#c8102e
-19.8365412201665, -2.50296973244616,#c8102e
-19.8373966516537, -2.50293872055243,#c8102e
-19.8382520890246, -2.50290787138010,#c8102e
-19.8391075322482, -2.50287718493027,#c8102e
-19.8399629812935, -2.50284666120405,#c8102e
-19.8408184361295, -2.50281630020256,#c8102e
-19.8416738967254, -2.50278610192690,#c8102e
-19.8425293630501, -2.50275606637814,#c8102e
-19.8433848350728, -2.50272619355739,#c8102e
-19.8442403127623, -2.50269648346572,#c8102e
-19.8450957960879, -2.50266693610420,#c8102e
-19.8459512850186, -2.50263755147391,#c8102e
-19.8468067795233, -2.50260832957591,#c8102e
-19.8476622795712, -2.50257927041126,#c8102e
-19.8485177851312, -2.50255037398100,#c8102e
-19.8493732961725, -2.50252164028619,#c8102e
-19.8502288126640, -2.50249306932786,#c8102e
-19.8510843345748, -2.50246466110704,#c8102e
-19.8519398618740, -2.50243641562478,#c8102e
-19.8527953945306, -2.50240833288207,#c8102e
-19.8536509325136, -2.50238041287996,#c8102e
-19.8545064757922, -2.50235265561943,#c8102e
-19.8553620243352, -2.50232506110150,#c8102e
-19.8562175781118, -2.50229762932717,#c8102e
-19.8570731370911, -2.50227036029743,#c8102e
-19.8579287012420, -2.50224325401326,#c8102e
-19.8587842705336, -2.50221631047565,#c8102e
-19.8596398449349, -2.50218952968557,#c8102e
-19.8604954244150, -2.50216291164399,#c8102e
-19.8613510089430, -2.50213645635188,#c8102e
-19.8622065984878, -2.50211016381018,#c8102e
-19.8630621930185, -2.50208403401986,#c8102e
-19.8639177925042, -2.50205806698185,#c8102e
-19.8647733969138, -2.50203226269710,#c8102e
-19.8656290062165, -2.50200662116654,#c8102e
-19.8664846203813, -2.50198114239110,#c8102e
-19.8673402393771, -2.50195582637170,#c8102e
-19.8681958631732, -2.50193067310926,#c8102e
-19.8690514917384, -2.50190568260468,#c8102e
-19.8699071250418, -2.50188085485888,#c8102e
-19.8707627630525, -2.50185618987274,#c8102e
-19.8716184057396, -2.50183168764717,#c8102e
-19.8724740530720, -2.50180734818304,#c8102e
-19.8733297050187, -2.50178317148124,#c8102e
-19.8741853615490, -2.50175915754265,#c8102e
-19.8750410226316, -2.50173530636813,#c8102e
-19.8758966882358, -2.50171161795854,#c8102e
-19.8767523583306, -2.50168809231475,#c8102e
-19.8776080328849, -2.50166472943760,#c8102e
-19.8784637118678, -2.50164152932794,#c8102e
-19.8793193952484, -2.50161849198661,#c8102e
-19.8801750829957, -2.50159561741445,#c8102e
-19.8810307750788, -2.50157290561227,#c8102e
-19.8818864714666, -2.50155035658091,#c8102e
-19.8827421721282, -2.50152797032117,#c8102e
-19.8835978770327, -2.50150574683387,#c8102e
-19.8844535861490, -2.50148368611981,#c8102e
-19.8853092994463, -2.50146178817980,#c8102e
-19.8861650168936, -2.50144005301461,#c8102e
-19.8870207384598, -2.50141848062505,#c8102e
-19.8878764641141, -2.50139707101189,#c8102e
-19.8887321938255, -2.50137582417589,#c8102e
-19.8895879275629, -2.50135474011785,#c8102e
-19.8904436652955, -2.50133381883851,#c8102e
-19.8912994069923, -2.50131306033863,#c8102e
-19.8921551526223, -2.50129246461897,#c8102e
-19.8930109021546, -2.50127203168026,#c8102e
-19.8938666555581, -2.50125176152326,#c8102e
-19.8947224128020, -2.50123165414869,#c8102e
-19.8955781738552, -2.50121170955727,#c8102e
-19.8964339386868, -2.50119192774974,#c8102e
-19.8972897072659, -2.50117230872681,#c8102e
-19.8981454795614, -2.50115285248918,#c8102e
-19.8990012555424, -2.50113355903757,#c8102e
-19.8998570351779, -2.50111442837266,#c8102e
-19.9007128184370, -2.50109546049516,#c8102e
-19.9015686052887, -2.50107665540574,#c8102e
-19.9024243957021, -2.50105801310509,#c8102e
-19.9032801896461, -2.50103953359389,#c8102e
-19.9041359870898, -2.50102121687279,#c8102e
-19.9049917880022, -2.50100306294248,#c8102e
-19.9058475923524, -2.50098507180359,#c8102e
-19.9067034001095, -2.50096724345678,#c8102e
-19.9075592112423, -2.50094957790270,#c8102e
-19.9084150257201, -2.50093207514199,#c8102e
-19.9092708435117, -2.50091473517528,#c8102e
-19.9101266645863, -2.50089755800319,#c8102e
-19.9109824889128, -2.50088054362636,#c8102e
-19.9118383164604, -2.50086369204539,#c8102e
-19.9126941471980, -2.50084700326089,#c8102e
-19.9135499810947, -2.50083047727347,#c8102e
-19.9144058181194, -2.50081411408373,#c8102e
-19.9152616582413, -2.50079791369225,#c8102e
-19.9161175014294, -2.50078187609963,#c8102e
-19.9169733476526, -2.50076600130645,#c8102e
-19.9178291968801, -2.50075028931327,#c8102e
-19.9186850490809, -2.50073474012067,#c8102e
-19.9195409042240, -2.50071935372921,#c8102e
-19.9203967622783, -2.50070413013945,#c8102e
-19.9212526232131, -2.50068906935193,#c8102e
-19.9221084869972, -2.50067417136721,#c8102e
-19.9229643535998, -2.50065943618582,#c8102e
-19.9238202229898, -2.50064486380830,#c8102e
-19.9246760951363, -2.50063045423516,#c8102e
-19.9255319700083, -2.50061620746694,#c8102e
-19.9263878475748, -2.50060212350415,#c8102e
-19.9272437278049, -2.50058820234730,#c8102e
-19.9280996106677, -2.50057444399689,#c8102e
-19.9289554961321, -2.50056084845342,#c8102e
-19.9298113841671, -2.50054741571739,#c8102e
-19.9306672747419, -2.50053414578927,#c8102e
-19.9315231678253, -2.50052103866955,#c8102e
-19.9323790633866, -2.50050809435871,#c8102e
-19.9332349613946, -2.50049531285720,#c8102e
-19.9340908618185, -2.50048269416550,#c8102e
-19.9349467646272, -2.50047023828406,#c8102e
-19.9358026697898, -2.50045794521333,#c8102e
-19.9366585772753, -2.50044581495375,#c8102e
-19.9375144870527, -2.50043384750577,#c8102e
-19.9383703990911, -2.50042204286982,#c8102e
-19.9392263133596, -2.50041040104632,#c8102e
-19.9400822298270, -2.50039892203570,#c8102e
-19.9409381484625, -2.50038760583837,#c8102e
-19.9417940692351, -2.50037645245474,#c8102e
-19.9426499921138, -2.50036546188521,#c8102e
-19.9435059170677, -2.50035463413019,#c8102e
-19.9443618440657, -2.50034396919006,#c8102e
-19.9452177730770, -2.50033346706521,#c8102e
-19.9460737040705, -2.50032312775603,#c8102e
-19.9469296370153, -2.50031295126287,#c8102e
-19.9477855718803, -2.50030293758612,#c8102e
-19.9486415086347, -2.50029308672613,#c8102e
-19.9494974472474, -2.50028339868326,#c8102e
-19.9503533876875, -2.50027387345786,#c8102e
-19.9512093299241, -2.50026451105028,#c8102e
-19.9520652739260, -2.50025531146086,#c8102e
-19.9529212196624, -2.50024627468992,#c8102e
-19.9537771671024, -2.50023740073780,#c8102e
-19.9546331162148, -2.50022868960481,#c8102e
-19.9554890669688, -2.50022014129128,#c8102e
-19.9563450193334, -2.50021175579750,#c8102e
-19.9572009732776, -2.50020353312379,#c8102e
-19.9580569287704, -2.50019547327044,#c8102e
-19.9589128857809, -2.50018757623774,#c8102e
-19.9597688442781, -2.50017984202599,#c8102e
-19.9606248042310, -2.50017227063545,#c8102e
-19.9614807656086, -2.50016486206640,#c8102e
-19.9623367283801, -2.50015761631911,#c8102e
-19.9631926925143, -2.50015053339385,#c8102e
-19.9640486579804, -2.50014361329087,#c8102e
-19.9649046247473, -2.50013685601041,#c8102e
-19.9657605927842, -2.50013026155273,#c8102e
-19.9666165620599, -2.50012382991806,#c8102e
-19.9674725325436, -2.50011756110664,#c8102e
-19.9683285042042, -2.50011145511869,#c8102e
-19.9691844770109, -2.50010551195443,#c8102e
-19.9700404509326, -2.50009973161408,#c8102e
-19.9708964259383, -2.50009411409785,#c8102e
-19.9717524019971, -2.50008865940594,#c8102e
-19.9726083790781, -2.50008336753854,#c8102e
-19.9734643571501, -2.50007823849586,#c8102e
-19.9743203361824, -2.50007327227807,#c8102e
-19.9751763161438, -2.50006846888535,#c8102e
-19.9760322970034, -2.50006382831789,#c8102e
-19.9768882787303, -2.50005935057584,#c8102e
-19.9777442612935, -2.50005503565937,#c8102e
-19.9786002446619, -2.50005088356863,#c8102e
-19.9794562288047, -2.50004689430378,#c8102e
-19.9803122136908, -2.50004306786496,#c8102e
-19.9811681992894, -2.50003940425230,#c8102e
-19.9820241855693, -2.50003590346595,#c8102e
-19.9828801724997, -2.50003256550602,#c8102e
-19.9837361600495, -2.50002939037264,#c8102e
-19.9845921481878, -2.50002637806592,#c8102e
-19.9854481368837, -2.50002352858597,#c8102e
-19.9863041261060, -2.50002084193290,#c8102e
-19.9871601158240, -2.50001831810680,#c8102e
-19.9880161060065, -2.50001595710776,#c8102e
-19.9888720966227, -2.50001375893588,#c8102e
-19.9897280876415, -2.50001172359122,#c8102e
-19.9905840790320, -2.50000985107386,#c8102e
-19.9914400707632, -2.50000814138387,#c8102e
-19.9922960628042, -2.50000659452131,#c8102e
-19.9931520551239, -2.50000521048624,#c8102e
-19.9940080476914, -2.50000398927871,#c8102e
-19.9948640404757, -2.50000293089876,#c8102e
-19.9957200334458, -2.50000203534643,#c8102e
-19.9965760265708, -2.50000130262175,#c8102e
-19.9974320198197, -2.50000073272475,#c8102e
-19.9982880131615, -2.50000032565545,#c8102e
-19.9991440065653, -2.50000008141386,#c8102e
-20.0000000000000, -2.50000000000000,#c8102e
-20.0000000000000, -2.55000000000000,#c8102e
-20.0000000000000, -2.55000000000000,#c8102e
-19.9860059416756, -2.55002200383737,#c8102e
-19.9720120217435, -2.55008801513186,#c8102e
-19.9580183785948, -2.55019803323067,#c8102e
-19.9440251506176, -2.55035205704579,#c8102e
-19.9300324761962, -2.55055008505402,#c8102e
-19.9160404937091, -2.55079211529699,#c8102e
-19.9020493415283, -2.55107814538118,#c8102e
-19.8880591580173, -2.55140817247792,#c8102e
-19.8740700815301, -2.55178219332347,#c8102e
-19.8600822504099, -2.55220020421898,#c8102e
-19.8460958029874, -2.55266220103061,#c8102e
-19.8321108775797, -2.55316817918949,#c8102e
-19.8181276124888, -2.55371813369182,#c8102e
-19.8041461460004, -2.55431205909890,#c8102e
-19.7901666163822, -2.55494994953718,#c8102e
-19.7761891618830, -2.55563179869834,#c8102e
-19.7622139207309, -2.55635759983931,#c8102e
-19.7482410311321, -2.55712734578240,#c8102e
-19.7342706312697, -2.55794102891528,#c8102e
-19.7203028593021, -2.55879864119117,#c8102e
-19.7063378533615, -2.55970017412881,#c8102e
-19.6923757515532, -2.56064561881262,#c8102e
-19.6784166919534, -2.56163496589276,#c8102e
-19.6644608126083, -2.56266820558519,#c8102e
-19.6505082515328, -2.56374532767185,#c8102e
-19.6365591467087, -2.56486632150068,#c8102e
-19.6226136360840, -2.56603117598576,#c8102e
-19.6086718575708, -2.56723987960741,#c8102e
-19.5947339490444, -2.56849242041234,#c8102e
-19.5808000483421, -2.56978878601370,#c8102e
-19.5668702932611, -2.57112896359126,#c8102e
-19.5529448215579, -2.57251293989152,#c8102e
-19.5390237709465, -2.57394070122782,#c8102e
-19.5251072790975, -2.57541223348053,#c8102e
-19.5111954836359, -2.57692752209711,#c8102e
-19.4972885221406, -2.57848655209232,#c8102e
-19.4833865321427, -2.58008930804835,#c8102e
-19.4694896511240, -2.58173577411496,#c8102e
-19.4555980165159, -2.58342593400965,#c8102e
-19.4417117656977, -2.58515977101780,#c8102e
-19.4278310359957, -2.58693726799287,#c8102e
-19.4139559646815, -2.58875840735654,#c8102e
-19.4000866889707, -2.59062317109891,#c8102e
-19.3862233460217, -2.59253154077863,#c8102e
-19.3723660729341, -2.59448349752315,#c8102e
-19.3585150067476, -2.59647902202885,#c8102e
-19.3446702844404, -2.59851809456127,#c8102e
-19.3308320429280, -2.60060069495527,#c8102e
-19.3170004190618, -2.60272680261525,#c8102e
-19.3031755496279, -2.60489639651536,#c8102e
-19.2893575713454, -2.60710945519970,#c8102e
-19.2755466208653, -2.60936595678251,#c8102e
-19.2617428347692, -2.61166587894843,#c8102e
-19.2479463495678, -2.61400919895270,#c8102e
-19.2341573016994, -2.61639589362135,#c8102e
-19.2203758275292, -2.61882593935151,#c8102e
-19.2066020633470, -2.62129931211155,#c8102e
-19.1928361453667, -2.62381598744140,#c8102e
-19.1790782097245, -2.62637594045272,#c8102e
-19.1653283924775, -2.62897914582922,#c8102e
-19.1515868296029, -2.63162557782684,#c8102e
-19.1378536569958, -2.63431521027405,#c8102e
-19.1241290104687, -2.63704801657210,#c8102e
-19.1104130257496, -2.63982396969525,#c8102e
-19.0967058384809, -2.64264304219111,#c8102e
-19.0830075842180, -2.64550520618083,#c8102e
-19.0693183984278, -2.64841043335943,#c8102e
-19.0556384164878, -2.65135869499606,#c8102e
-19.0419677736843, -2.65434996193427,#c8102e
-19.0283066052113, -2.65738420459234,#c8102e
-19.0146550461691, -2.66046139296354,#c8102e
-19.0010132315628, -2.66358149661643,#c8102e
-18.9873812963014, -2.66674448469516,#c8102e
-18.9737593751961, -2.66995032591978,#c8102e
-18.9601476029591, -2.67319898858657,#c8102e
-18.9465461142020, -2.67649044056832,#c8102e
-18.9329550434351, -2.67982464931464,#c8102e
-18.9193745250653, -2.68320158185234,#c8102e
-18.9058046933954, -2.68662120478570,#c8102e
-18.8922456826223, -2.69008348429681,#c8102e
-18.8786976268362, -2.69358838614593,#c8102e
-18.8651606600186, -2.69713587567181,#c8102e
-18.8516349160416, -2.70072591779202,#c8102e
-18.8381205286662, -2.70435847700334,#c8102e
-18.8246176315411, -2.70803351738204,#c8102e
-18.8111263582014, -2.71175100258433,#c8102e
-18.7976468420672, -2.71551089584663,#c8102e
-18.7841792164423, -2.71931315998598,#c8102e
-18.7707236145131, -2.72315775740041,#c8102e
-18.7572801693469, -2.72704465006928,#c8102e
-18.7438490138908, -2.73097379955370,#c8102e
-18.7304302809705, -2.73494516699688,#c8102e
-18.7170241032886, -2.73895871312450,#c8102e
-18.7036306134238, -2.74301439824515,#c8102e
-18.6902499438292, -2.74711218225068,#c8102e
-18.6768822268311, -2.75125202461660,#c8102e
-18.6635275946277, -2.75543388440251,#c8102e
-18.6501861792879, -2.75965772025245,#c8102e
-18.6368581127498, -2.76392349039539,#c8102e
-18.6235435268195, -2.76823115264555,#c8102e
-18.6102425531699, -2.77258066440290,#c8102e
-18.5969553233390, -2.77697198265353,#c8102e
-18.5836819687292, -2.78140506397008,#c8102e
-18.5704226206056, -2.78587986451220,#c8102e
-18.5571774100945, -2.79039634002695,#c8102e
-18.5439464681829, -2.79495444584925,#c8102e
-18.5307299257163, -2.79955413690233,#c8102e
-18.5175279133978, -2.80419536769818,#c8102e
-18.5043405617871, -2.80887809233795,#c8102e
-18.4911680012987, -2.81360226451248,#c8102e
-18.4780103622008, -2.81836783750271,#c8102e
-18.4648677746141, -2.82317476418014,#c8102e
-18.4517403685104, -2.82802299700732,#c8102e
-18.4386282737116, -2.83291248803830,#c8102e
-18.4255316198878, -2.83784318891913,#c8102e
-18.4124505365567, -2.84281505088831,#c8102e
-18.3993851530818, -2.84782802477726,#c8102e
-18.3863355986716, -2.85288206101088,#c8102e
-18.3733020023778, -2.85797710960793,#c8102e
-18.3602844930944, -2.86311312018164,#c8102e
-18.3472831995563, -2.86829004194012,#c8102e
-18.3342982503381, -2.87350782368689,#c8102e
-18.3213297738527, -2.87876641382141,#c8102e
-18.3083778983500, -2.88406576033955,#c8102e
-18.2954427519159, -2.88940581083416,#c8102e
-18.2825244624708, -2.89478651249551,#c8102e
-18.2696231577683, -2.90020781211190,#c8102e
-18.2567389653942, -2.90566965607009,#c8102e
-18.2438720127650, -2.91117199035593,#c8102e
-18.2310224271266, -2.91671476055482,#c8102e
-18.2181903355533, -2.92229791185228,#c8102e
-18.2053758649463, -2.92792138903450,#c8102e
-18.1925791420326, -2.93358513648885,#c8102e
-18.1798002933637, -2.93928909820447,#c8102e
-18.1670394453142, -2.94503321777280,#c8102e
-18.1542967240809, -2.95081743838813,#c8102e
-18.1415722556812, -2.95664170284821,#c8102e
-18.1288661659520, -2.96250595355475,#c8102e
-18.1161785805484, -2.96841013251404,#c8102e
-18.1035096249427, -2.97435418133750,#c8102e
-18.0908594244226, -2.98033804124225,#c8102e
-18.0782281040908, -2.98636165305173,#c8102e
-18.0656157888629, -2.99242495719623,#c8102e
-18.0530226034668, -2.99852789371353,#c8102e
-18.0404486724409, -3.00467040224945,#c8102e
-18.0278941201336, -3.01085242205850,#c8102e
-18.0153590707014, -3.01707389200442,#c8102e
-18.0028436481079, -3.02333475056082,#c8102e
-17.9903479761228, -3.02963493581178,#c8102e
-17.9778721783203, -3.03597438545247,#c8102e
-17.9654163780781, -3.04235303678977,#c8102e
-17.9529806985762, -3.04877082674286,#c8102e
-17.9405652627955, -3.05522769184386,#c8102e
-17.9281701935169, -3.06172356823849,#c8102e
-17.9157956133197, -3.06825839168665,#c8102e
-17.9034416445806, -3.07483209756309,#c8102e
-17.8911084094725, -3.08144462085803,#c8102e
-17.8787960299634, -3.08809589617780,#c8102e
-17.8665046278148, -3.09478585774553,#c8102e
-17.8542343245809, -3.10151443940174,#c8102e
-17.8419852416072, -3.10828157460502,#c8102e
-17.8297575000293, -3.11508719643271,#c8102e
-17.8175512207719, -3.12193123758153,#c8102e
-17.8053665245473, -3.12881363036826,#c8102e
-17.7932035318545, -3.13573430673040,#c8102e
-17.7810623629776, -3.14269319822685,#c8102e
-17.7689431379852, -3.14969023603860,#c8102e
-17.7568459767286, -3.15672535096939,#c8102e
-17.7447709988412, -3.16379847344639,#c8102e
-17.7327183237368, -3.17090953352092,#c8102e
-17.7206880706086, -3.17805846086910,#c8102e
-17.7086803584284, -3.18524518479259,#c8102e
-17.6966953059446, -3.19246963421924,#c8102e
-17.6847330316820, -3.19973173770384,#c8102e
-17.6727936539397, -3.20703142342880,#c8102e
-17.6608772907906, -3.21436861920485,#c8102e
-17.6489840600801, -3.22174325247179,#c8102e
-17.6371140794245, -3.22915525029919,#c8102e
-17.6252674662106, -3.23660453938708,#c8102e
-17.6134443375936, -3.24409104606672,#c8102e
-17.6016448104970, -3.25161469630132,#c8102e
-17.5898690016106, -3.25917541568676,#c8102e
-17.5781170273895, -3.26677312945232,#c8102e
-17.5663890040534, -3.27440776246144,#c8102e
-17.5546850475849, -3.28207923921243,#c8102e
-17.5430052737288, -3.28978748383928,#c8102e
-17.5313497979907, -3.29753242011232,#c8102e
-17.5197187356357, -3.30531397143906,#c8102e
-17.5081122016877, -3.31313206086490,#c8102e
-17.4965303109280, -3.32098661107390,#c8102e
-17.4849731778940, -3.32887754438954,#c8102e
-17.4734409168785, -3.33680478277549,#c8102e
-17.4619336419283, -3.34476824783642,#c8102e
-17.4504514668430, -3.35276786081869,#c8102e
-17.4389945051740, -3.36080354261123,#c8102e
-17.4275628702233, -3.36887521374623,#c8102e
-17.4161566750427, -3.37698279440000,#c8102e
-17.4047760324321, -3.38512620439371,#c8102e
-17.3934210549388, -3.39330536319420,#c8102e
-17.3820918548564, -3.40152018991479,#c8102e
-17.3707885442235, -3.40977060331606,#c8102e
-17.3595112348226, -3.41805652180665,#c8102e
-17.3482600381792, -3.42637786344410,#c8102e
-17.3370350655604, -3.43473454593561,#c8102e
-17.3258364279741, -3.44312648663891,#c8102e
-17.3146642361678, -3.45155360256302,#c8102e
-17.3035186006272, -3.46001581036912,#c8102e
-17.2923996315757, -3.46851302637136,#c8102e
-17.2813074389729, -3.47704516653765,#c8102e
-17.2702421325134, -3.48561214649055,#c8102e
-17.2592038216261, -3.49421388150806,#c8102e
-17.2481926154728, -3.50285028652450,#c8102e
-17.2372086229476, -3.51152127613128,#c8102e
-17.2262519526749, -3.52022676457784,#c8102e
-17.2153227130095, -3.52896666577242,#c8102e
-17.2044210120344, -3.53774089328294,#c8102e
-17.1935469575606, -3.54654936033787,#c8102e
-17.1827006571256, -3.55539197982706,#c8102e
-17.1718822179925, -3.56426866430262,#c8102e
-17.1610917471487, -3.57317932597976,#c8102e
-17.1503293513050, -3.58212387673772,#c8102e
-17.1395951368949, -3.59110222812055,#c8102e
-17.1288892100728, -3.60011429133806,#c8102e
-17.1182116767136, -3.60915997726667,#c8102e
-17.1075626424113, -3.61823919645030,#c8102e
-17.0969422124780, -3.62735185910121,#c8102e
-17.0863504919432, -3.63649787510098,#c8102e
-17.0757875855521, -3.64567715400130,#c8102e
-17.0652535977653, -3.65488960502493,#c8102e
-17.0547486327571, -3.66413513706659,#c8102e
-17.0442727944150, -3.67341365869383,#c8102e
-17.0338261863384, -3.68272507814796,#c8102e
-17.0234089118377, -3.69206930334496,#c8102e
-17.0130210739330, -3.70144624187637,#c8102e
-17.0026627753534, -3.71085580101022,#c8102e
-16.9923341185361, -3.72029788769196,#c8102e
-16.9820352056247, -3.72977240854532,#c8102e
-16.9717661384691, -3.73927926987333,#c8102e
-16.9615270186238, -3.74881837765915,#c8102e
-16.9513179473472, -3.75838963756707,#c8102e
-16.9411390256005, -3.76799295494340,#c8102e
-16.9309903540467, -3.77762823481743,#c8102e
-16.9208720330499, -3.78729538190237,#c8102e
-16.9107841626738, -3.79699430059625,#c8102e
-16.9007268426810, -3.80672489498294,#c8102e
-16.8907001725320, -3.81648706883304,#c8102e
-16.8807042513842, -3.82628072560484,#c8102e
-16.8707391780910, -3.83610576844530,#c8102e
-16.8608050512005, -3.84596210019097,#c8102e
-16.8509019689551, -3.85584962336900,#c8102e
-16.8410300292898, -3.86576824019806,#c8102e
-16.8311893298319, -3.87571785258933,#c8102e
-16.8213799678998, -3.88569836214746,#c8102e
-16.8116020405016, -3.89570967017153,#c8102e
-16.8018556443350, -3.90575167765608,#c8102e
-16.7921408757856, -3.91582428529203,#c8102e
-16.7824578309263, -3.92592739346768,#c8102e
-16.7728066055162, -3.93606090226971,#c8102e
-16.7631872949999, -3.94622471148413,#c8102e
-16.7535999945063, -3.95641872059735,#c8102e
-16.7440447988475, -3.96664282879708,#c8102e
-16.7345218025186, -3.97689693497337,#c8102e
-16.7250310996957, -3.98718093771964,#c8102e
-16.7155727842361, -3.99749473533362,#c8102e
-16.7061469496764, -4.00783822581840,#c8102e
-16.6967536892320, -4.01821130688343,#c8102e
-16.6873930957965, -4.02861387594551,#c8102e
-16.6780652619402, -4.03904583012986,#c8102e
-16.6687702799093, -4.04950706627106,#c8102e
-16.6595082416254, -4.05999748091414,#c8102e
-16.6502792386841, -4.07051697031554,#c8102e
-16.6410833623544, -4.08106543044420,#c8102e
-16.6319207035778, -4.09164275698255,#c8102e
-16.6227913529670, -4.10224884532754,#c8102e
-16.6136954008056, -4.11288359059169,#c8102e
-16.6046329370467, -4.12354688760413,#c8102e
-16.5956040513124, -4.13423863091161,#c8102e
-16.5866088328926, -4.14495871477958,#c8102e
-16.5776473707443, -4.15570703319322,#c8102e
-16.5687197534907, -4.16648347985848,#c8102e
-16.5598260694202, -4.17728794820315,#c8102e
-16.5509664064858, -4.18812033137790,#c8102e
-16.5421408523038, -4.19898052225733,#c8102e
-16.5333494941535, -4.20986841344105,#c8102e
-16.5245924189757, -4.22078389725473,#c8102e
-16.5158697133723, -4.23172686575117,#c8102e
-16.5071814636055, -4.24269721071135,#c8102e
-16.4985277555964, -4.25369482364552,#c8102e
-16.4899086749248, -4.26471959579429,#c8102e
-16.4813243068278, -4.27577141812964,#c8102e
-16.4727747361995, -4.28685018135608,#c8102e
-16.4642600475896, -4.29795577591167,#c8102e
-16.4557803252031, -4.30908809196913,#c8102e
-16.4473356528989, -4.32024701943693,#c8102e
-16.4389261141896, -4.33143244796035,#c8102e
-16.4305517922401, -4.34264426692260,#c8102e
-16.4222127698671, -4.35388236544592,#c8102e
-16.4139091295384, -4.36514663239266,#c8102e
-16.4056409533716, -4.37643695636634,#c8102e
-16.3974083231337, -4.38775322571286,#c8102e
-16.3892113202402, -4.39909532852147,#c8102e
-16.3810500257544, -4.41046315262600,#c8102e
-16.3729245203861, -4.42185658560587,#c8102e
-16.3648348844916, -4.43327551478726,#c8102e
-16.3567811980721, -4.44471982724423,#c8102e
-16.3487635407735, -4.45618940979977,#c8102e
-16.3407819918853, -4.46768414902701,#c8102e
-16.3328366303400, -4.47920393125026,#c8102e
-16.3249275347122, -4.49074864254621,#c8102e
-16.3170547832178, -4.50231816874498,#c8102e
-16.3092184537134, -4.51391239543130,#c8102e
-16.3014186236952, -4.52553120794563,#c8102e
-16.2936553702986, -4.53717449138530,#c8102e
-16.2859287702972, -4.54884213060561,#c8102e
-16.2782389001023, -4.56053401022104,#c8102e
-16.2705858357617, -4.57225001460631,#c8102e
-16.2629696529595, -4.58399002789758,#c8102e
-16.2553904270148, -4.59575393399357,#c8102e
-16.2478482328813, -4.60754161655671,#c8102e
-16.2403431451466, -4.61935295901431,#c8102e
-16.2328752380312, -4.63118784455970,#c8102e
-16.2254445853880, -4.64304615615336,#c8102e
-16.2180512607014, -4.65492777652413,#c8102e
-16.2106953370868, -4.66683258817032,#c8102e
-16.2033768872894, -4.67876047336090,#c8102e
-16.1960959836842, -4.69071131413667,#c8102e
-16.1888526982746, -4.70268499231140,#c8102e
-16.1816471026922, -4.71468138947300,#c8102e
-16.1744792681957, -4.72670038698473,#c8102e
-16.1673492656704, -4.73874186598634,#c8102e
-16.1602571656276, -4.75080570739523,#c8102e
-16.1532030382036, -4.76289179190769,#c8102e
-16.1461869531592, -4.77500000000000,#c8102e
-16.1392089798792, -4.78713021192968,#c8102e
-16.1322691873711, -4.79928230773663,#c8102e
-16.1253676442652, -4.81145616724433,#c8102e
-16.1185044188133, -4.82365167006106,#c8102e
-16.1116795788884, -4.83586869558102,#c8102e
-16.1048931919837, -4.84810712298560,#c8102e
-16.0981453252125, -4.86036683124451,#c8102e
-16.0914360453067, -4.87264769911702,#c8102e
-16.0847654186169, -4.88494960515315,#c8102e
-16.0781335111114, -4.89727242769486,#c8102e
-16.0715403883754, -4.90961604487725,#c8102e
-16.0649861156109, -4.92198033462979,#c8102e
-16.0584707576354, -4.93436517467751,#c8102e
-16.0519943788817, -4.94677044254219,#c8102e
-16.0455570433970, -4.95919601554362,#c8102e
-16.0391588148425, -4.97164177080076,#c8102e
-16.0327997564926, -4.98410758523300,#c8102e
-16.0264799312344, -4.99659333556135,#c8102e
-16.0201994015669, -5.00909889830967,#c8102e
-16.0139582296006, -5.02162414980588,#c8102e
-16.0077564770567, -5.03416896618319,#c8102e
-16.0015942052666, -5.04673322338133,#c8102e
-15.9954714751712, -5.05931679714778,#c8102e
-15.9893883473205, -5.07191956303899,#c8102e
-15.9833448818728, -5.08454139642159,#c8102e
-15.9773411385940, -5.09718217247367,#c8102e
-15.9713771768574, -5.10984176618599,#c8102e
-15.9654530556428, -5.12252005236319,#c8102e
-15.9595688335360, -5.13521690562508,#c8102e
-15.9537245687282, -5.14793220040783,#c8102e
-15.9479203190154, -5.16066581096526,#c8102e
-15.9421561417981, -5.17341761137004,#c8102e
-15.9364320940802, -5.18618747551497,#c8102e
-15.9307482324690, -5.19897527711418,#c8102e
-15.9251046131742, -5.21178088970445,#c8102e
-15.9195012920077, -5.22460418664640,#c8102e
-15.9139383243828, -5.23744504112575,#c8102e
-15.9084157653136, -5.25030332615462,#c8102e
-15.9029336694148, -5.26317891457272,#c8102e
-15.8974920909007, -5.27607167904867,#c8102e
-15.8920910835853, -5.28898149208120,#c8102e
-15.8867307008810, -5.30190822600046,#c8102e
-15.8814109957985, -5.31485175296926,#c8102e
-15.8761320209465, -5.32781194498434,#c8102e
-15.8708938285305, -5.34078867387763,#c8102e
-15.8656964703531, -5.35378181131751,#c8102e
-15.8605399978127, -5.36679122881010,#c8102e
-15.8554244619036, -5.37981679770054,#c8102e
-15.8503499132153, -5.39285838917420,#c8102e
-15.8453164019317, -5.40591587425803,#c8102e
-15.8403239778312, -5.41898912382180,#c8102e
-15.8353726902855, -5.43207800857936,#c8102e
-15.8304625882599, -5.44518239908995,#c8102e
-15.8255937203121, -5.45830216575948,#c8102e
-15.8207661345920, -5.47143717884178,#c8102e
-15.8159798788416, -5.48458730843990,#c8102e
-15.8112350003937, -5.49775242450742,#c8102e
-15.8065315461723, -5.51093239684970,#c8102e
-15.8018695626915, -5.52412709512518,#c8102e
-15.7972490960553, -5.53733638884667,#c8102e
-15.7926701919573, -5.55056014738264,#c8102e
-15.7881328956799, -5.56379823995851,#c8102e
-15.7836372520941, -5.57705053565796,#c8102e
-15.7791833056589, -5.59031690342419,#c8102e
-15.7747711004211, -5.60359721206125,#c8102e
-15.7704006800145, -5.61689133023532,#c8102e
-15.7660720876599, -5.63019912647601,#c8102e
-15.7617853661642, -5.64352046917766,#c8102e
-15.7575405579204, -5.65685522660065,#c8102e
-15.7533377049071, -5.67020326687270,#c8102e
-15.7491768486876, -5.68356445799017,#c8102e
-15.7450580304103, -5.69693866781935,#c8102e
-15.7409812908077, -5.71032576409780,#c8102e
-15.7369466701961, -5.72372561443565,#c8102e
-15.7329542084753, -5.73713808631687,#c8102e
-15.7290039451283, -5.75056304710064,#c8102e
-15.7250959192207, -5.76400036402261,#c8102e
-15.7212301694003, -5.77744990419626,#c8102e
-15.7174067338970, -5.79091153461416,#c8102e
-15.7136256505221, -5.80438512214936,#c8102e
-15.7098869566681, -5.81787053355660,#c8102e
-15.7061906893084, -5.83136763547374,#c8102e
-15.7025368849967, -5.84487629442302,#c8102e
-15.6989255798667, -5.85839637681237,#c8102e
-15.6953568096321, -5.87192774893675,#c8102e
-15.6918306095856, -5.88547027697949,#c8102e
-15.6883470145991, -5.89902382701359,#c8102e
-15.6849060591233, -5.91258826500304,#c8102e
-15.6815077771869, -5.92616345680416,#c8102e
-15.6781522023968, -5.93974926816692,#c8102e
-15.6748393679376, -5.95334556473627,#c8102e
-15.6715693065709, -5.96695221205348,#c8102e
-15.6683420506358, -5.98056907555743,#c8102e
-15.6651576320476, -5.99419602058600,#c8102e
-15.6620160822983, -6.00783291237735,#c8102e
-15.6589174324558, -6.02147961607128,#c8102e
-15.6558617131638, -6.03513599671055,#c8102e
-15.6528489546414, -6.04880191924223,#c8102e
-15.6498791866828, -6.06247724851902,#c8102e
-15.6469524386572, -6.07616184930059,#c8102e
-15.6440687395083, -6.08985558625494,#c8102e
-15.6412281177540, -6.10355832395970,#c8102e
-15.6384306014863, -6.11726992690349,#c8102e
-15.6356762183708, -6.13099025948727,#c8102e
-15.6329649956467, -6.14471918602565,#c8102e
-15.6302969601261, -6.15845657074827,#c8102e
-15.6276721381943, -6.17220227780112,#c8102e
-15.6250905558091, -6.18595617124788,#c8102e
-15.6225522385007, -6.19971811507127,#c8102e
-15.6200572113715, -6.21348797317442,#c8102e
-15.6176054990957, -6.22726560938216,#c8102e
-15.6151971259191, -6.24105088744242,#c8102e
-15.6128321156591, -6.25484367102755,#c8102e
-15.6105104917041, -6.26864382373569,#c8102e
-15.6082322770134, -6.28245120909207,#c8102e
-15.6059974941173, -6.29626569055043,#c8102e
-15.6038061651162, -6.31008713149432,#c8102e
-15.6016583116810, -6.32391539523846,#c8102e
-15.5995539550527, -6.33775034503009,#c8102e
-15.5974931160420, -6.35159184405036,#c8102e
-15.5954758150292, -6.36543975541562,#c8102e
-15.5935020719642, -6.37929394217882,#c8102e
-15.5915719063660, -6.39315426733086,#c8102e
-15.5896853373229, -6.40702059380190,#c8102e
-15.5878423834916, -6.42089278446280,#c8102e
-15.5860430630980, -6.43477070212639,#c8102e
-15.5842873939361, -6.44865420954888,#c8102e
-15.5825753933683, -6.46254316943118,#c8102e
-15.5809070783254, -6.47643744442032,#c8102e
-15.5792824653057, -6.49033689711072,#c8102e
-15.5777015703759, -6.50424139004563,#c8102e
-15.5761644091698, -6.51815078571845,#c8102e
-15.5746709968890, -6.53206494657406,#c8102e
-15.5732213483025, -6.54598373501027,#c8102e
-15.5718154777463, -6.55990701337909,#c8102e
-15.5704533991236, -6.57383464398813,#c8102e
-15.5691351259046, -6.58776648910198,#c8102e
-15.5678606711260, -6.60170241094352,#c8102e
-15.5666300473914, -6.61564227169535,#c8102e
-15.5654432668710, -6.62958593350108,#c8102e
-15.5643003413012, -6.64353325846676,#c8102e
-15.5632012819848, -6.65748410866219,#c8102e
-15.5621460997909, -6.67143834612233,#c8102e
-15.5611348051545, -6.68539583284862,#c8102e
-15.5601674080766, -6.69935643081039,#c8102e
-15.5592439181243, -6.71332000194618,#c8102e
-15.5583643444302, -6.72728640816514,#c8102e
-15.5575286956929, -6.74125551134838,#c8102e
-15.5567369801762, -6.75522717335034,#c8102e
-15.5559892057098, -6.76920125600015,#c8102e
-15.5552853796887, -6.78317762110301,#c8102e
-15.5546255090732, -6.79715613044153,#c8102e
-15.5540096003892, -6.81113664577714,#c8102e
-15.5534376597274, -6.82511902885142,#c8102e
-15.5529096927442, -6.83910314138747,#c8102e
-15.5524257046606, -6.85308884509129,#c8102e
-15.5519857002632, -6.86707600165317,#c8102e
-15.5515896839031, -6.88106447274900,#c8102e
-15.5512376594968, -6.89505412004169,#c8102e
-15.5509296305255, -6.90904480518249,#c8102e
-15.5506656000356, -6.92303638981243,#c8102e
-15.5504455706380, -6.93702873556361,#c8102e
-15.5502695445087, -6.95102170406061,#c8102e
-15.5501375233885, -6.96501515692187,#c8102e
-15.5500495085831, -6.97900895576101,#c8102e
-15.5500055009627, -6.99300296218825,#c8102e
-15.5500055009627, -7.00699703781175,#c8102e
-15.5500495085831, -7.02099104423899,#c8102e
-15.5501375233885, -7.03498484307813,#c8102e
-15.5502695445087, -7.04897829593939,#c8102e
-15.5504455706380, -7.06297126443639,#c8102e
-15.5506656000356, -7.07696361018757,#c8102e
-15.5509296305255, -7.09095519481751,#c8102e
-15.5512376594968, -7.10494587995831,#c8102e
-15.5515896839031, -7.11893552725100,#c8102e
-15.5519857002632, -7.13292399834683,#c8102e
-15.5524257046606, -7.14691115490871,#c8102e
-15.5529096927442, -7.16089685861253,#c8102e
-15.5534376597274, -7.17488097114858,#c8102e
-15.5540096003892, -7.18886335422286,#c8102e
-15.5546255090732, -7.20284386955847,#c8102e
-15.5552853796887, -7.21682237889699,#c8102e
-15.5559892057098, -7.23079874399985,#c8102e
-15.5567369801762, -7.24477282664966,#c8102e
-15.5575286956929, -7.25874448865162,#c8102e
-15.5583643444302, -7.27271359183486,#c8102e
-15.5592439181243, -7.28667999805382,#c8102e
-15.5601674080766, -7.30064356918961,#c8102e
-15.5611348051545, -7.31460416715138,#c8102e
-15.5621460997909, -7.32856165387767,#c8102e
-15.5632012819848, -7.34251589133781,#c8102e
-15.5643003413012, -7.35646674153324,#c8102e
-15.5654432668710, -7.37041406649892,#c8102e
-15.5666300473914, -7.38435772830465,#c8102e
-15.5678606711260, -7.39829758905648,#c8102e
-15.5691351259046, -7.41223351089802,#c8102e
-15.5704533991236, -7.42616535601187,#c8102e
-15.5718154777463, -7.44009298662091,#c8102e
-15.5732213483025, -7.45401626498973,#c8102e
-15.5746709968890, -7.46793505342594,#c8102e
-15.5761644091698, -7.48184921428156,#c8102e
-15.5777015703759, -7.49575860995437,#c8102e
-15.5792824653057, -7.50966310288928,#c8102e
-15.5809070783254, -7.52356255557968,#c8102e
-15.5825753933683, -7.53745683056882,#c8102e
-15.5842873939361, -7.55134579045113,#c8102e
-15.5860430630980, -7.56522929787361,#c8102e
-15.5878423834916, -7.57910721553720,#c8102e
-15.5896853373229, -7.59297940619810,#c8102e
-15.5915719063660, -7.60684573266915,#c8102e
-15.5935020719642, -7.62070605782118,#c8102e
-15.5954758150292, -7.63456024458438,#c8102e
-15.5974931160420, -7.64840815594964,#c8102e
-15.5995539550527, -7.66224965496991,#c8102e
-15.6016583116810, -7.67608460476155,#c8102e
-15.6038061651162, -7.68991286850568,#c8102e
-15.6059974941173, -7.70373430944957,#c8102e
-15.6082322770134, -7.71754879090793,#c8102e
-15.6105104917041, -7.73135617626431,#c8102e
-15.6128321156591, -7.74515632897245,#c8102e
-15.6151971259191, -7.75894911255758,#c8102e
-15.6176054990957, -7.77273439061784,#c8102e
-15.6200572113715, -7.78651202682558,#c8102e
-15.6225522385007, -7.80028188492873,#c8102e
-15.6250905558091, -7.81404382875212,#c8102e
-15.6276721381943, -7.82779772219888,#c8102e
-15.6302969601261, -7.84154342925173,#c8102e
-15.6329649956467, -7.85528081397435,#c8102e
-15.6356762183708, -7.86900974051273,#c8102e
-15.6384306014863, -7.88273007309651,#c8102e
-15.6412281177540, -7.89644167604030,#c8102e
-15.6440687395083, -7.91014441374506,#c8102e
-15.6469524386572, -7.92383815069941,#c8102e
-15.6498791866828, -7.93752275148098,#c8102e
-15.6528489546414, -7.95119808075777,#c8102e
-15.6558617131638, -7.96486400328945,#c8102e
-15.6589174324558, -7.97852038392872,#c8102e
-15.6620160822983, -7.99216708762265,#c8102e
-15.6651576320476, -8.00580397941400,#c8102e
-15.6683420506358, -8.01943092444257,#c8102e
-15.6715693065709, -8.03304778794653,#c8102e
-15.6748393679376, -8.04665443526373,#c8102e
-15.6781522023968, -8.06025073183308,#c8102e
-15.6815077771869, -8.07383654319585,#c8102e
-15.6849060591233, -8.08741173499696,#c8102e
-15.6883470145991, -8.10097617298641,#c8102e
-15.6918306095856, -8.11452972302051,#c8102e
-15.6953568096321, -8.12807225106325,#c8102e
-15.6989255798667, -8.14160362318763,#c8102e
-15.7025368849967, -8.15512370557698,#c8102e
-15.7061906893084, -8.16863236452626,#c8102e
-15.7098869566681, -8.18212946644340,#c8102e
-15.7136256505221, -8.19561487785065,#c8102e
-15.7174067338970, -8.20908846538584,#c8102e
-15.7212301694003, -8.22255009580374,#c8102e
-15.7250959192207, -8.23599963597739,#c8102e
-15.7290039451283, -8.24943695289936,#c8102e
-15.7329542084753, -8.26286191368313,#c8102e
-15.7369466701961, -8.27627438556435,#c8102e
-15.7409812908077, -8.28967423590219,#c8102e
-15.7450580304103, -8.30306133218065,#c8102e
-15.7491768486876, -8.31643554200983,#c8102e
-15.7533377049071, -8.32979673312730,#c8102e
-15.7575405579204, -8.34314477339935,#c8102e
-15.7617853661642, -8.35647953082234,#c8102e
-15.7660720876599, -8.36980087352399,#c8102e
-15.7704006800145, -8.38310866976468,#c8102e
-15.7747711004211, -8.39640278793875,#c8102e
-15.7791833056589, -8.40968309657581,#c8102e
-15.7836372520941, -8.42294946434204,#c8102e
-15.7881328956799, -8.43620176004149,#c8102e
-15.7926701919573, -8.44943985261736,#c8102e
-15.7972490960553, -8.46266361115333,#c8102e
-15.8018695626915, -8.47587290487482,#c8102e
-15.8065315461723, -8.48906760315030,#c8102e
-15.8112350003937, -8.50224757549258,#c8102e
-15.8159798788416, -8.51541269156010,#c8102e
-15.8207661345920, -8.52856282115822,#c8102e
-15.8255937203121, -8.54169783424052,#c8102e
-15.8304625882599, -8.55481760091005,#c8102e
-15.8353726902855, -8.56792199142064,#c8102e
-15.8403239778312, -8.58101087617820,#c8102e
-15.8453164019317, -8.59408412574197,#c8102e
-15.8503499132153, -8.60714161082580,#c8102e
-15.8554244619036, -8.62018320229946,#c8102e
-15.8605399978127, -8.63320877118989,#c8102e
-15.8656964703531, -8.64621818868249,#c8102e
-15.8708938285305, -8.65921132612237,#c8102e
-15.8761320209465, -8.67218805501566,#c8102e
-15.8814109957985, -8.68514824703074,#c8102e
-15.8867307008810, -8.69809177399954,#c8102e
-15.8920910835853, -8.71101850791880,#c8102e
-15.8974920909007, -8.72392832095134,#c8102e
-15.9029336694148, -8.73682108542728,#c8102e
-15.9084157653136, -8.74969667384538,#c8102e
-15.9139383243828, -8.76255495887425,#c8102e
-15.9195012920077, -8.77539581335360,#c8102e
-15.9251046131742, -8.78821911029555,#c8102e
-15.9307482324690, -8.80102472288582,#c8102e
-15.9364320940802, -8.81381252448503,#c8102e
-15.9421561417981, -8.82658238862996,#c8102e
-15.9479203190154, -8.83933418903474,#c8102e
-15.9537245687282, -8.85206779959217,#c8102e
-15.9595688335360, -8.86478309437492,#c8102e
-15.9654530556428, -8.87747994763681,#c8102e
-15.9713771768574, -8.89015823381401,#c8102e
-15.9773411385940, -8.90281782752633,#c8102e
-15.9833448818728, -8.91545860357841,#c8102e
-15.9893883473205, -8.92808043696101,#c8102e
-15.9954714751712, -8.94068320285222,#c8102e
-16.0015942052666, -8.95326677661867,#c8102e
-16.0077564770567, -8.96583103381682,#c8102e
-16.0139582296006, -8.97837585019412,#c8102e
-16.0201994015669, -8.99090110169033,#c8102e
-16.0264799312344, -9.00340666443865,#c8102e
-16.0327997564926, -9.01589241476700,#c8102e
-16.0391588148425, -9.02835822919924,#c8102e
-16.0455570433970, -9.04080398445639,#c8102e
-16.0519943788817, -9.05322955745781,#c8102e
-16.0584707576354, -9.06563482532249,#c8102e
-16.0649861156109, -9.07801966537021,#c8102e
-16.0715403883754, -9.09038395512275,#c8102e
-16.0781335111114, -9.10272757230514,#c8102e
-16.0847654186169, -9.11505039484685,#c8102e
-16.0914360453067, -9.12735230088298,#c8102e
-16.0981453252125, -9.13963316875549,#c8102e
-16.1048931919837, -9.15189287701440,#c8102e
-16.1116795788884, -9.16413130441898,#c8102e
-16.1185044188133, -9.17634832993894,#c8102e
-16.1253676442652, -9.18854383275566,#c8102e
-16.1322691873711, -9.20071769226337,#c8102e
-16.1392089798792, -9.21286978807032,#c8102e
-16.1461869531592, -9.22500000000000,#c8102e
-16.1532030382036, -9.23710820809231,#c8102e
-16.1602571656276, -9.24919429260477,#c8102e
-16.1673492656704, -9.26125813401366,#c8102e
-16.1744792681957, -9.27329961301527,#c8102e
-16.1816471026922, -9.28531861052700,#c8102e
-16.1888526982746, -9.29731500768860,#c8102e
-16.1960959836842, -9.30928868586333,#c8102e
-16.2033768872894, -9.32123952663909,#c8102e
-16.2106953370868, -9.33316741182968,#c8102e
-16.2180512607014, -9.34507222347587,#c8102e
-16.2254445853880, -9.35695384384664,#c8102e
-16.2328752380312, -9.36881215544030,#c8102e
-16.2403431451466, -9.38064704098569,#c8102e
-16.2478482328813, -9.39245838344329,#c8102e
-16.2553904270148, -9.40424606600644,#c8102e
-16.2629696529595, -9.41600997210242,#c8102e
-16.2705858357617, -9.42774998539369,#c8102e
-16.2782389001023, -9.43946598977896,#c8102e
-16.2859287702972, -9.45115786939439,#c8102e
-16.2936553702986, -9.46282550861471,#c8102e
-16.3014186236952, -9.47446879205437,#c8102e
-16.3092184537134, -9.48608760456871,#c8102e
-16.3170547832178, -9.49768183125502,#c8102e
-16.3249275347122, -9.50925135745379,#c8102e
-16.3328366303400, -9.52079606874974,#c8102e
-16.3407819918853, -9.53231585097299,#c8102e
-16.3487635407735, -9.54381059020023,#c8102e
-16.3567811980721, -9.55528017275578,#c8102e
-16.3648348844916, -9.56672448521274,#c8102e
-16.3729245203861, -9.57814341439413,#c8102e
-16.3810500257544, -9.58953684737400,#c8102e
-16.3892113202402, -9.60090467147853,#c8102e
-16.3974083231337, -9.61224677428714,#c8102e
-16.4056409533716, -9.62356304363366,#c8102e
-16.4139091295384, -9.63485336760735,#c8102e
-16.4222127698671, -9.64611763455408,#c8102e
-16.4305517922401, -9.65735573307740,#c8102e
-16.4389261141896, -9.66856755203965,#c8102e
-16.4473356528989, -9.67975298056307,#c8102e
-16.4557803252031, -9.69091190803087,#c8102e
-16.4642600475896, -9.70204422408833,#c8102e
-16.4727747361995, -9.71314981864392,#c8102e
-16.4813243068278, -9.72422858187035,#c8102e
-16.4899086749248, -9.73528040420571,#c8102e
-16.4985277555964, -9.74630517635448,#c8102e
-16.5071814636055, -9.75730278928865,#c8102e
-16.5158697133723, -9.76827313424883,#c8102e
-16.5245924189757, -9.77921610274527,#c8102e
-16.5333494941535, -9.79013158655895,#c8102e
-16.5421408523038, -9.80101947774267,#c8102e
-16.5509664064858, -9.81187966862210,#c8102e
-16.5598260694202, -9.82271205179685,#c8102e
-16.5687197534907, -9.83351652014152,#c8102e
-16.5776473707443, -9.84429296680678,#c8102e
-16.5866088328926, -9.85504128522042,#c8102e
-16.5956040513124, -9.86576136908839,#c8102e
-16.6046329370467, -9.87645311239587,#c8102e
-16.6136954008056, -9.88711640940831,#c8102e
-16.6227913529670, -9.89775115467246,#c8102e
-16.6319207035778, -9.90835724301745,#c8102e
-16.6410833623544, -9.91893456955580,#c8102e
-16.6502792386841, -9.92948302968446,#c8102e
-16.6595082416254, -9.94000251908586,#c8102e
-16.6687702799093, -9.95049293372894,#c8102e
-16.6780652619402, -9.96095416987014,#c8102e
-16.6873930957965, -9.97138612405449,#c8102e
-16.6967536892320, -9.98178869311657,#c8102e
-16.7061469496764, -9.99216177418160,#c8102e
-16.7155727842361,-10.00250526466638,#c8102e
-16.7250310996957,-10.01281906228036,#c8102e
-16.7345218025186,-10.02310306502662,#c8102e
-16.7440447988475,-10.03335717120292,#c8102e
-16.7535999945063,-10.04358127940265,#c8102e
-16.7631872949999,-10.05377528851587,#c8102e
-16.7728066055162,-10.06393909773029,#c8102e
-16.7824578309263,-10.07407260653232,#c8102e
-16.7921408757856,-10.08417571470797,#c8102e
-16.8018556443350,-10.09424832234392,#c8102e
-16.8116020405016,-10.10429032982847,#c8102e
-16.8213799678998,-10.11430163785255,#c8102e
-16.8311893298319,-10.12428214741067,#c8102e
-16.8410300292898,-10.13423175980194,#c8102e
-16.8509019689551,-10.14415037663100,#c8102e
-16.8608050512005,-10.15403789980903,#c8102e
-16.8707391780910,-10.16389423155471,#c8102e
-16.8807042513842,-10.17371927439516,#c8102e
-16.8907001725320,-10.18351293116696,#c8102e
-16.9007268426810,-10.19327510501705,#c8102e
-16.9107841626738,-10.20300569940375,#c8102e
-16.9208720330499,-10.21270461809763,#c8102e
-16.9309903540467,-10.22237176518257,#c8102e
-16.9411390256005,-10.23200704505660,#c8102e
-16.9513179473472,-10.24161036243293,#c8102e
-16.9615270186238,-10.25118162234085,#c8102e
-16.9717661384691,-10.26072073012667,#c8102e
-16.9820352056247,-10.27022759145468,#c8102e
-16.9923341185361,-10.27970211230804,#c8102e
-17.0026627753534,-10.28914419898978,#c8102e
-17.0130210739330,-10.29855375812363,#c8102e
-17.0234089118377,-10.30793069665504,#c8102e
-17.0338261863384,-10.31727492185204,#c8102e
-17.0442727944150,-10.32658634130617,#c8102e
-17.0547486327571,-10.33586486293341,#c8102e
-17.0652535977653,-10.34511039497507,#c8102e
-17.0757875855521,-10.35432284599871,#c8102e
-17.0863504919432,-10.36350212489902,#c8102e
-17.0969422124780,-10.37264814089879,#c8102e
-17.1075626424113,-10.38176080354970,#c8102e
-17.1182116767136,-10.39084002273333,#c8102e
-17.1288892100728,-10.39988570866194,#c8102e
-17.1395951368949,-10.40889777187945,#c8102e
-17.1503293513050,-10.41787612326228,#c8102e
-17.1610917471487,-10.42682067402024,#c8102e
-17.1718822179925,-10.43573133569738,#c8102e
-17.1827006571256,-10.44460802017294,#c8102e
-17.1935469575606,-10.45345063966213,#c8102e
-17.2044210120344,-10.46225910671706,#c8102e
-17.2153227130095,-10.47103333422758,#c8102e
-17.2262519526749,-10.47977323542216,#c8102e
-17.2372086229476,-10.48847872386872,#c8102e
-17.2481926154728,-10.49714971347550,#c8102e
-17.2592038216261,-10.50578611849194,#c8102e
-17.2702421325134,-10.51438785350945,#c8102e
-17.2813074389729,-10.52295483346235,#c8102e
-17.2923996315757,-10.53148697362864,#c8102e
-17.3035186006272,-10.53998418963088,#c8102e
-17.3146642361678,-10.54844639743698,#c8102e
-17.3258364279741,-10.55687351336109,#c8102e
-17.3370350655604,-10.56526545406439,#c8102e
-17.3482600381792,-10.57362213655590,#c8102e
-17.3595112348226,-10.58194347819335,#c8102e
-17.3707885442235,-10.59022939668394,#c8102e
-17.3820918548564,-10.59847981008521,#c8102e
-17.3934210549388,-10.60669463680580,#c8102e
-17.4047760324321,-10.61487379560629,#c8102e
-17.4161566750427,-10.62301720560000,#c8102e
-17.4275628702234,-10.63112478625377,#c8102e
-17.4389945051740,-10.63919645738877,#c8102e
-17.4504514668430,-10.64723213918131,#c8102e
-17.4619336419283,-10.65523175216358,#c8102e
-17.4734409168785,-10.66319521722451,#c8102e
-17.4849731778940,-10.67112245561047,#c8102e
-17.4965303109280,-10.67901338892610,#c8102e
-17.5081122016877,-10.68686793913510,#c8102e
-17.5197187356357,-10.69468602856094,#c8102e
-17.5313497979907,-10.70246757988768,#c8102e
-17.5430052737288,-10.71021251616072,#c8102e
-17.5546850475849,-10.71792076078757,#c8102e
-17.5663890040534,-10.72559223753856,#c8102e
-17.5781170273895,-10.73322687054768,#c8102e
-17.5898690016106,-10.74082458431323,#c8102e
-17.6016448104970,-10.74838530369868,#c8102e
-17.6134443375936,-10.75590895393328,#c8102e
-17.6252674662106,-10.76339546061292,#c8102e
-17.6371140794245,-10.77084474970081,#c8102e
-17.6489840600801,-10.77825674752821,#c8102e
-17.6608772907906,-10.78563138079515,#c8102e
-17.6727936539397,-10.79296857657120,#c8102e
-17.6847330316820,-10.80026826229616,#c8102e
-17.6966953059446,-10.80753036578076,#c8102e
-17.7086803584284,-10.81475481520741,#c8102e
-17.7206880706086,-10.82194153913090,#c8102e
-17.7327183237368,-10.82909046647908,#c8102e
-17.7447709988412,-10.83620152655361,#c8102e
-17.7568459767286,-10.84327464903061,#c8102e
-17.7689431379852,-10.85030976396140,#c8102e
-17.7810623629776,-10.85730680177315,#c8102e
-17.7932035318545,-10.86426569326960,#c8102e
-17.8053665245473,-10.87118636963174,#c8102e
-17.8175512207719,-10.87806876241847,#c8102e
-17.8297575000293,-10.88491280356729,#c8102e
-17.8419852416072,-10.89171842539498,#c8102e
-17.8542343245809,-10.89848556059826,#c8102e
-17.8665046278148,-10.90521414225447,#c8102e
-17.8787960299634,-10.91190410382220,#c8102e
-17.8911084094725,-10.91855537914198,#c8102e
-17.9034416445806,-10.92516790243691,#c8102e
-17.9157956133197,-10.93174160831335,#c8102e
-17.9281701935169,-10.93827643176151,#c8102e
-17.9405652627955,-10.94477230815614,#c8102e
-17.9529806985762,-10.95122917325715,#c8102e
-17.9654163780781,-10.95764696321023,#c8102e
-17.9778721783203,-10.96402561454753,#c8102e
-17.9903479761228,-10.97036506418822,#c8102e
-18.0028436481079,-10.97666524943918,#c8102e
-18.0153590707014,-10.98292610799558,#c8102e
-18.0278941201336,-10.98914757794150,#c8102e
-18.0404486724409,-10.99532959775055,#c8102e
-18.0530226034668,-11.00147210628647,#c8102e
-18.0656157888629,-11.00757504280377,#c8102e
-18.0782281040908,-11.01363834694827,#c8102e
-18.0908594244226,-11.01966195875775,#c8102e
-18.1035096249427,-11.02564581866250,#c8102e
-18.1161785805484,-11.03158986748596,#c8102e
-18.1288661659520,-11.03749404644525,#c8102e
-18.1415722556812,-11.04335829715179,#c8102e
-18.1542967240809,-11.04918256161187,#c8102e
-18.1670394453142,-11.05496678222720,#c8102e
-18.1798002933637,-11.06071090179553,#c8102e
-18.1925791420326,-11.06641486351115,#c8102e
-18.2053758649463,-11.07207861096550,#c8102e
-18.2181903355533,-11.07770208814772,#c8102e
-18.2310224271266,-11.08328523944518,#c8102e
-18.2438720127650,-11.08882800964407,#c8102e
-18.2567389653942,-11.09433034392991,#c8102e
-18.2696231577683,-11.09979218788811,#c8102e
-18.2825244624708,-11.10521348750449,#c8102e
-18.2954427519159,-11.11059418916584,#c8102e
-18.3083778983500,-11.11593423966045,#c8102e
-18.3213297738527,-11.12123358617860,#c8102e
-18.3342982503381,-11.12649217631311,#c8102e
-18.3472831995563,-11.13170995805988,#c8102e
-18.3602844930944,-11.13688687981836,#c8102e
-18.3733020023778,-11.14202289039207,#c8102e
-18.3863355986716,-11.14711793898912,#c8102e
-18.3993851530818,-11.15217197522274,#c8102e
-18.4124505365567,-11.15718494911169,#c8102e
-18.4255316198878,-11.16215681108087,#c8102e
-18.4386282737116,-11.16708751196170,#c8102e
-18.4517403685104,-11.17197700299268,#c8102e
-18.4648677746141,-11.17682523581986,#c8102e
-18.4780103622008,-11.18163216249729,#c8102e
-18.4911680012987,-11.18639773548752,#c8102e
-18.5043405617871,-11.19112190766205,#c8102e
-18.5175279133978,-11.19580463230182,#c8102e
-18.5307299257163,-11.20044586309767,#c8102e
-18.5439464681829,-11.20504555415075,#c8102e
-18.5571774100945,-11.20960365997305,#c8102e
-18.5704226206056,-11.21412013548780,#c8102e
-18.5836819687292,-11.21859493602992,#c8102e
-18.5969553233390,-11.22302801734647,#c8102e
-18.6102425531699,-11.22741933559710,#c8102e
-18.6235435268195,-11.23176884735445,#c8102e
-18.6368581127498,-11.23607650960461,#c8102e
-18.6501861792879,-11.24034227974755,#c8102e
-18.6635275946277,-11.24456611559749,#c8102e
-18.6768822268311,-11.24874797538340,#c8102e
-18.6902499438292,-11.25288781774932,#c8102e
-18.7036306134238,-11.25698560175485,#c8102e
-18.7170241032886,-11.26104128687550,#c8102e
-18.7304302809705,-11.26505483300312,#c8102e
-18.7438490138908,-11.26902620044630,#c8102e
-18.7572801693469,-11.27295534993072,#c8102e
-18.7707236145131,-11.27684224259959,#c8102e
-18.7841792164423,-11.28068684001402,#c8102e
-18.7976468420672,-11.28448910415337,#c8102e
-18.8111263582014,-11.28824899741567,#c8102e
-18.8246176315411,-11.29196648261796,#c8102e
-18.8381205286662,-11.29564152299666,#c8102e
-18.8516349160416,-11.29927408220798,#c8102e
-18.8651606600186,-11.30286412432819,#c8102e
-18.8786976268362,-11.30641161385407,#c8102e
-18.8922456826223,-11.30991651570319,#c8102e
-18.9058046933954,-11.31337879521430,#c8102e
-18.9193745250653,-11.31679841814766,#c8102e
-18.9329550434351,-11.32017535068536,#c8102e
-18.9465461142020,-11.32350955943168,#c8102e
-18.9601476029591,-11.32680101141343,#c8102e
-18.9737593751961,-11.33004967408022,#c8102e
-18.9873812963014,-11.33325551530484,#c8102e
-19.0010132315628,-11.33641850338357,#c8102e
-19.0146550461691,-11.33953860703646,#c8102e
-19.0283066052113,-11.34261579540766,#c8102e
-19.0419677736843,-11.34565003806573,#c8102e
-19.0556384164878,-11.34864130500394,#c8102e
-19.0693183984278,-11.35158956664057,#c8102e
-19.0830075842180,-11.35449479381917,#c8102e
-19.0967058384809,-11.35735695780889,#c8102e
-19.1104130257496,-11.36017603030475,#c8102e
-19.1241290104687,-11.36295198342791,#c8102e
-19.1378536569958,-11.36568478972595,#c8102e
-19.1515868296029,-11.36837442217316,#c8102e
-19.1653283924775,-11.37102085417078,#c8102e
-19.1790782097245,-11.37362405954728,#c8102e
-19.1928361453667,-11.37618401255860,#c8102e
-19.2066020633470,-11.37870068788845,#c8102e
-19.2203758275292,-11.38117406064849,#c8102e
-19.2341573016994,-11.38360410637865,#c8102e
-19.2479463495678,-11.38599080104730,#c8102e
-19.2617428347692,-11.38833412105157,#c8102e
-19.2755466208653,-11.39063404321749,#c8102e
-19.2893575713454,-11.39289054480030,#c8102e
-19.3031755496279,-11.39510360348464,#c8102e
-19.3170004190618,-11.39727319738475,#c8102e
-19.3308320429280,-11.39939930504473,#c8102e
-19.3446702844404,-11.40148190543873,#c8102e
-19.3585150067476,-11.40352097797114,#c8102e
-19.3723660729341,-11.40551650247685,#c8102e
-19.3862233460217,-11.40746845922137,#c8102e
-19.4000866889707,-11.40937682890109,#c8102e
-19.4139559646815,-11.41124159264346,#c8102e
-19.4278310359957,-11.41306273200713,#c8102e
-19.4417117656977,-11.41484022898220,#c8102e
-19.4555980165159,-11.41657406599035,#c8102e
-19.4694896511240,-11.41826422588504,#c8102e
-19.4833865321427,-11.41991069195165,#c8102e
-19.4972885221406,-11.42151344790768,#c8102e
-19.5111954836359,-11.42307247790289,#c8102e
-19.5251072790975,-11.42458776651947,#c8102e
-19.5390237709465,-11.42605929877218,#c8102e
-19.5529448215579,-11.42748706010848,#c8102e
-19.5668702932611,-11.42887103640874,#c8102e
-19.5808000483421,-11.43021121398630,#c8102e
-19.5947339490444,-11.43150757958766,#c8102e
-19.6086718575708,-11.43276012039259,#c8102e
-19.6226136360840,-11.43396882401424,#c8102e
-19.6365591467087,-11.43513367849932,#c8102e
-19.6505082515328,-11.43625467232815,#c8102e
-19.6644608126083,-11.43733179441481,#c8102e
-19.6784166919534,-11.43836503410724,#c8102e
-19.6923757515532,-11.43935438118737,#c8102e
-19.7063378533615,-11.44029982587119,#c8102e
-19.7203028593021,-11.44120135880883,#c8102e
-19.7342706312697,-11.44205897108472,#c8102e
-19.7482410311321,-11.44287265421761,#c8102e
-19.7622139207309,-11.44364240016069,#c8102e
-19.7761891618830,-11.44436820130166,#c8102e
-19.7901666163822,-11.44505005046282,#c8102e
-19.8041461460004,-11.44568794090111,#c8102e
-19.8181276124888,-11.44628186630818,#c8102e
-19.8321108775797,-11.44683182081051,#c8102e
-19.8460958029874,-11.44733779896939,#c8102e
-19.8600822504099,-11.44779979578102,#c8102e
-19.8740700815301,-11.44821780667653,#c8102e
-19.8880591580173,-11.44859182752208,#c8102e
-19.9020493415283,-11.44892185461882,#c8102e
-19.9160404937091,-11.44920788470301,#c8102e
-19.9300324761962,-11.44944991494598,#c8102e
-19.9440251506176,-11.44964794295421,#c8102e
-19.9580183785948,-11.44980196676933,#c8102e
-19.9720120217435,-11.44991198486814,#c8102e
-19.9860059416756,-11.44997799616263,#c8102e
-20.0000000000000,-11.45000000000000,#c8102e
-20.0000000000000,-11.50000000000000,#c8102e
-20.0000000000000,-11.50000000000000,#c8102e
-20.0000000000000,-11.50000000000000,#c8102e
-20.0008559934347,-11.49999991858614,#c8102e
-20.0017119868385,-11.49999967434455,#c8102e
-20.0025679801803,-11.49999926727525,#c8102e
-20.0034239734292,-11.49999869737825,#c8102e
-20.0042799665542,-11.49999796465357,#c8102e
-20.0051359595243,-11.49999706910124,#c8102e
-20.0059919523086,-11.49999601072129,#c8102e
-20.0068479448761,-11.49999478951376,#c8102e
-20.0077039371958,-11.49999340547869,#c8102e
-20.0085599292368,-11.49999185861613,#c8102e
-20.0094159209680,-11.49999014892614,#c8102e
-20.0102719123585,-11.49998827640878,#c8102e
-20.0111279033773,-11.49998624106412,#c8102e
-20.0119838939935,-11.49998404289224,#c8102e
-20.0128398841760,-11.49998168189320,#c8102e
-20.0136958738940,-11.49997915806710,#c8102e
-20.0145518631163,-11.49997647141403,#c8102e
-20.0154078518122,-11.49997362193408,#c8102e
-20.0162638399505,-11.49997060962736,#c8102e
-20.0171198275003,-11.49996743449398,#c8102e
-20.0179758144307,-11.49996409653405,#c8102e
-20.0188318007106,-11.49996059574770,#c8102e
-20.0196877863092,-11.49995693213505,#c8102e
-20.0205437711953,-11.49995310569622,#c8102e
-20.0213997553381,-11.49994911643137,#c8102e
-20.0222557387065,-11.49994496434063,#c8102e
-20.0231117212697,-11.49994064942416,#c8102e
-20.0239677029966,-11.49993617168211,#c8102e
-20.0248236838562,-11.49993153111465,#c8102e
-20.0256796638176,-11.49992672772193,#c8102e
-20.0265356428499,-11.49992176150414,#c8102e
-20.0273916209219,-11.49991663246146,#c8102e
-20.0282475980029,-11.49991134059406,#c8102e
-20.0291035740617,-11.49990588590215,#c8102e
-20.0299595490674,-11.49990026838592,#c8102e
-20.0308155229891,-11.49989448804557,#c8102e
-20.0316714957958,-11.49988854488131,#c8102e
-20.0325274674564,-11.49988243889336,#c8102e
-20.0333834379401,-11.49987617008194,#c8102e
-20.0342394072158,-11.49986973844727,#c8102e
-20.0350953752527,-11.49986314398959,#c8102e
-20.0359513420196,-11.49985638670913,#c8102e
-20.0368073074857,-11.49984946660615,#c8102e
-20.0376632716199,-11.49984238368089,#c8102e
-20.0385192343914,-11.49983513793360,#c8102e
-20.0393751957690,-11.49982772936455,#c8102e
-20.0402311557219,-11.49982015797401,#c8102e
-20.0410871142191,-11.49981242376226,#c8102e
-20.0419430712296,-11.49980452672956,#c8102e
-20.0427990267224,-11.49979646687621,#c8102e
-20.0436549806666,-11.49978824420250,#c8102e
-20.0445109330312,-11.49977985870872,#c8102e
-20.0453668837852,-11.49977131039519,#c8102e
-20.0462228328976,-11.49976259926220,#c8102e
-20.0470787803376,-11.49975372531008,#c8102e
-20.0479347260740,-11.49974468853914,#c8102e
-20.0487906700759,-11.49973548894972,#c8102e
-20.0496466123125,-11.49972612654214,#c8102e
-20.0505025527526,-11.49971660131674,#c8102e
-20.0513584913653,-11.49970691327387,#c8102e
-20.0522144281197,-11.49969706241388,#c8102e
-20.0530703629847,-11.49968704873713,#c8102e
-20.0539262959295,-11.49967687224397,#c8102e
-20.0547822269230,-11.49966653293479,#c8102e
-20.0556381559342,-11.49965603080994,#c8102e
-20.0564940829323,-11.49964536586981,#c8102e
-20.0573500078862,-11.49963453811479,#c8102e
-20.0582059307649,-11.49962354754526,#c8102e
-20.0590618515375,-11.49961239416163,#c8102e
-20.0599177701730,-11.49960107796430,#c8102e
-20.0607736866404,-11.49958959895368,#c8102e
-20.0616296009089,-11.49957795713018,#c8102e
-20.0624855129473,-11.49956615249423,#c8102e
-20.0633414227247,-11.49955418504625,#c8102e
-20.0641973302102,-11.49954205478667,#c8102e
-20.0650532353728,-11.49952976171594,#c8102e
-20.0659091381815,-11.49951730583450,#c8102e
-20.0667650386054,-11.49950468714280,#c8102e
-20.0676209366134,-11.49949190564129,#c8102e
-20.0684768321747,-11.49947896133045,#c8102e
-20.0693327252581,-11.49946585421073,#c8102e
-20.0701886158329,-11.49945258428261,#c8102e
-20.0710445038679,-11.49943915154658,#c8102e
-20.0719003893323,-11.49942555600311,#c8102e
-20.0727562721950,-11.49941179765270,#c8102e
-20.0736121524252,-11.49939787649585,#c8102e
-20.0744680299917,-11.49938379253306,#c8102e
-20.0753239048637,-11.49936954576484,#c8102e
-20.0761797770102,-11.49935513619170,#c8102e
-20.0770356464002,-11.49934056381418,#c8102e
-20.0778915130028,-11.49932582863279,#c8102e
-20.0787473767869,-11.49931093064807,#c8102e
-20.0796032377217,-11.49929586986055,#c8102e
-20.0804590957760,-11.49928064627079,#c8102e
-20.0813149509191,-11.49926525987933,#c8102e
-20.0821708031199,-11.49924971068673,#c8102e
-20.0830266523473,-11.49923399869355,#c8102e
-20.0838824985706,-11.49921812390037,#c8102e
-20.0847383417587,-11.49920208630775,#c8102e
-20.0855941818806,-11.49918588591627,#c8102e
-20.0864500189053,-11.49916952272653,#c8102e
-20.0873058528020,-11.49915299673911,#c8102e
-20.0881616835396,-11.49913630795461,#c8102e
-20.0890175110872,-11.49911945637364,#c8102e
-20.0898733354137,-11.49910244199680,#c8102e
-20.0907291564883,-11.49908526482472,#c8102e
-20.0915849742799,-11.49906792485801,#c8102e
-20.0924407887577,-11.49905042209730,#c8102e
-20.0932965998905,-11.49903275654322,#c8102e
-20.0941524076476,-11.49901492819641,#c8102e
-20.0950082119978,-11.49899693705752,#c8102e
-20.0958640129102,-11.49897878312721,#c8102e
-20.0967198103539,-11.49896046640611,#c8102e
-20.0975756042979,-11.49894198689491,#c8102e
-20.0984313947113,-11.49892334459426,#c8102e
-20.0992871815630,-11.49890453950484,#c8102e
-20.1001429648221,-11.49888557162734,#c8102e
-20.1009987444576,-11.49886644096243,#c8102e
-20.1018545204386,-11.49884714751082,#c8102e
-20.1027102927341,-11.49882769127319,#c8102e
-20.1035660613132,-11.49880807225026,#c8102e
-20.1044218261448,-11.49878829044273,#c8102e
-20.1052775871980,-11.49876834585131,#c8102e
-20.1061333444419,-11.49874823847674,#c8102e
-20.1069890978454,-11.49872796831974,#c8102e
-20.1078448473777,-11.49870753538103,#c8102e
-20.1087005930077,-11.49868693966137,#c8102e
-20.1095563347045,-11.49866618116149,#c8102e
-20.1104120724371,-11.49864525988215,#c8102e
-20.1112678061745,-11.49862417582411,#c8102e
-20.1121235358859,-11.49860292898811,#c8102e
-20.1129792615402,-11.49858151937495,#c8102e
-20.1138349831064,-11.49855994698539,#c8102e
-20.1146907005537,-11.49853821182020,#c8102e
-20.1155464138510,-11.49851631388019,#c8102e
-20.1164021229673,-11.49849425316613,#c8102e
-20.1172578278718,-11.49847202967883,#c8102e
-20.1181135285334,-11.49844964341909,#c8102e
-20.1189692249212,-11.49842709438773,#c8102e
-20.1198249170043,-11.49840438258556,#c8102e
-20.1206806047516,-11.49838150801339,#c8102e
-20.1215362881322,-11.49835847067206,#c8102e
-20.1223919671151,-11.49833527056240,#c8102e
-20.1232476416694,-11.49831190768525,#c8102e
-20.1241033117642,-11.49828838204146,#c8102e
-20.1249589773684,-11.49826469363187,#c8102e
-20.1258146384510,-11.49824084245735,#c8102e
-20.1266702949813,-11.49821682851876,#c8102e
-20.1275259469280,-11.49819265181696,#c8102e
-20.1283815942604,-11.49816831235283,#c8102e
-20.1292372369475,-11.49814381012726,#c8102e
-20.1300928749582,-11.49811914514112,#c8102e
-20.1309485082616,-11.49809431739532,#c8102e
-20.1318041368268,-11.49806932689074,#c8102e
-20.1326597606229,-11.49804417362830,#c8102e
-20.1335153796187,-11.49801885760890,#c8102e
-20.1343709937835,-11.49799337883346,#c8102e
-20.1352266030862,-11.49796773730290,#c8102e
-20.1360822074958,-11.49794193301815,#c8102e
-20.1369378069815,-11.49791596598014,#c8102e
-20.1377934015122,-11.49788983618982,#c8102e
-20.1386489910570,-11.49786354364812,#c8102e
-20.1395045755850,-11.49783708835601,#c8102e
-20.1403601550651,-11.49781047031443,#c8102e
-20.1412157294664,-11.49778368952435,#c8102e
-20.1420712987580,-11.49775674598674,#c8102e
-20.1429268629089,-11.49772963970257,#c8102e
-20.1437824218882,-11.49770237067283,#c8102e
-20.1446379756648,-11.49767493889850,#c8102e
-20.1454935242078,-11.49764734438057,#c8102e
-20.1463490674864,-11.49761958712004,#c8102e
-20.1472046054694,-11.49759166711793,#c8102e
-20.1480601381260,-11.49756358437523,#c8102e
-20.1489156654252,-11.49753533889296,#c8102e
-20.1497711873360,-11.49750693067214,#c8102e
-20.1506267038275,-11.49747835971381,#c8102e
-20.1514822148688,-11.49744962601900,#c8102e
-20.1523377204288,-11.49742072958874,#c8102e
-20.1531932204767,-11.49739167042409,#c8102e
-20.1540487149814,-11.49736244852609,#c8102e
-20.1549042039121,-11.49733306389580,#c8102e
-20.1557596872377,-11.49730351653428,#c8102e
-20.1566151649272,-11.49727380644261,#c8102e
-20.1574706369499,-11.49724393362186,#c8102e
-20.1583261032746,-11.49721389807310,#c8102e
-20.1591815638705,-11.49718369979744,#c8102e
-20.1600370187065,-11.49715333879595,#c8102e
-20.1608924677518,-11.49712281506973,#c8102e
-20.1617479109754,-11.49709212861990,#c8102e
-20.1626033483463,-11.49706127944757,#c8102e
-20.1634587798335,-11.49703026755384,#c8102e
-20.1643142054062,-11.49699909293984,#c8102e
-20.1651696250333,-11.49696775560670,#c8102e
-20.1660250386840,-11.49693625555555,#c8102e
-20.1668804463272,-11.49690459278754,#c8102e
-20.1677358479320,-11.49687276730380,#c8102e
-20.1685912434675,-11.49684077910549,#c8102e
-20.1694466329026,-11.49680862819377,#c8102e
-20.1703020162066,-11.49677631456980,#c8102e
-20.1711573933483,-11.49674383823475,#c8102e
-20.1720127642969,-11.49671119918980,#c8102e
-20.1728681290214,-11.49667839743612,#c8102e
-20.1737234874908,-11.49664543297490,#c8102e
-20.1745788396742,-11.49661230580734,#c8102e
-20.1754341855407,-11.49657901593463,#c8102e
-20.1762895250593,-11.49654556335798,#c8102e
-20.1771448581990,-11.49651194807861,#c8102e
-20.1780001849290,-11.49647817009771,#c8102e
-20.1788555052182,-11.49644422941653,#c8102e
-20.1797108190356,-11.49641012603627,#c8102e
-20.1805661263505,-11.49637585995819,#c8102e
-20.1814214271317,-11.49634143118352,#c8102e
-20.1822767213485,-11.49630683971351,#c8102e
-20.1831320089697,-11.49627208554940,#c8102e
-20.1839872899645,-11.49623716869245,#c8102e
-20.1848425643019,-11.49620208914394,#c8102e
-20.1856978319509,-11.49616684690512,#c8102e
-20.1865530928807,-11.49613144197727,#c8102e
-20.1874083470603,-11.49609587436168,#c8102e
-20.1882635944587,-11.49606014405963,#c8102e
-20.1891188350449,-11.49602425107241,#c8102e
-20.1899740687881,-11.49598819540133,#c8102e
-20.1908292956573,-11.49595197704768,#c8102e
-20.1916845156216,-11.49591559601278,#c8102e
-20.1925397286499,-11.49587905229794,#c8102e
-20.1933949347114,-11.49584234590449,#c8102e
-20.1942501337751,-11.49580547683375,#c8102e
-20.1951053258101,-11.49576844508706,#c8102e
-20.1959605107854,-11.49573125066576,#c8102e
-20.1968156886700,-11.49569389357120,#c8102e
-20.1976708594331,-11.49565637380472,#c8102e
-20.1985260230437,-11.49561869136768,#c8102e
-20.1993811794709,-11.49558084626145,#c8102e
-20.2002363286836,-11.49554283848740,#c8102e
-20.2010914706510,-11.49550466804689,#c8102e
-20.2019466053421,-11.49546633494133,#c8102e
-20.2028017327260,-11.49542783917208,#c8102e
-20.2036568527717,-11.49538918074054,#c8102e
-20.2045119654484,-11.49535035964812,#c8102e
-20.2053670707249,-11.49531137589621,#c8102e
-20.2062221685705,-11.49527222948623,#c8102e
-20.2070772589542,-11.49523292041959,#c8102e
-20.2079323418449,-11.49519344869772,#c8102e
-20.2087874172119,-11.49515381432204,#c8102e
-20.2096424850241,-11.49511401729399,#c8102e
-20.2104975452507,-11.49507405761501,#c8102e
-20.2113525978606,-11.49503393528654,#c8102e
-20.2122076428229,-11.49499365031004,#c8102e
-20.2130626801067,-11.49495320268696,#c8102e
-20.2139177096811,-11.49491259241877,#c8102e
-20.2147727315151,-11.49487181950693,#c8102e
-20.2156277455777,-11.49483088395293,#c8102e
-20.2164827518381,-11.49478978575824,#c8102e
-20.2173377502653,-11.49474852492435,#c8102e
-20.2181927408284,-11.49470710145275,#c8102e
-20.2190477234964,-11.49466551534494,#c8102e
-20.2199026982384,-11.49462376660244,#c8102e
-20.2207576650234,-11.49458185522673,#c8102e
-20.2216126238206,-11.49453978121936,#c8102e
-20.2224675745989,-11.49449754458183,#c8102e
-20.2233225173275,-11.49445514531567,#c8102e
-20.2241774519754,-11.49441258342242,#c8102e
-20.2250323785117,-11.49436985890362,#c8102e
-20.2258872969054,-11.49432697176082,#c8102e
-20.2267422071256,-11.49428392199556,#c8102e
-20.2275971091414,-11.49424070960941,#c8102e
-20.2284520029219,-11.49419733460392,#c8102e
-20.2293068884360,-11.49415379698067,#c8102e
-20.2301617656530,-11.49411009674123,#c8102e
-20.2310166345417,-11.49406623388719,#c8102e
-20.2318714950714,-11.49402220842013,#c8102e
-20.2327263472110,-11.49397802034165,#c8102e
-20.2335811909297,-11.49393366965333,#c8102e
-20.2344360261965,-11.49388915635679,#c8102e
-20.2352908529805,-11.49384448045365,#c8102e
-20.2361456712507,-11.49379964194550,#c8102e
-20.2370004809763,-11.49375464083399,#c8102e
-20.2378552821262,-11.49370947712073,#c8102e
-20.2387100746696,-11.49366415080736,#c8102e
-20.2395648585756,-11.49361866189552,#c8102e
-20.2404196338131,-11.49357301038685,#c8102e
-20.2412744003513,-11.49352719628302,#c8102e
-20.2421291581592,-11.49348121958567,#c8102e
-20.2429839072060,-11.49343508029647,#c8102e
-20.2438386474606,-11.49338877841708,#c8102e
-20.2446933788922,-11.49334231394920,#c8102e
-20.2455481014698,-11.49329568689448,#c8102e
-20.2464028151626,-11.49324889725463,#c8102e
-20.2472575199395,-11.49320194503134,#c8102e
-20.2481122157696,-11.49315483022630,#c8102e
-20.2489669026221,-11.49310755284121,#c8102e
-20.2498215804660,-11.49306011287780,#c8102e
-20.2506762492703,-11.49301251033778,#c8102e
-20.2515309090042,-11.49296474522286,#c8102e
-20.2523855596367,-11.49291681753478,#c8102e
-20.2532402011369,-11.49286872727527,#c8102e
-20.2540948334739,-11.49282047444608,#c8102e
-20.2549494566167,-11.49277205904894,#c8102e
-20.2558040705345,-11.49272348108561,#c8102e
-20.2566586751962,-11.49267474055785,#c8102e
-20.2575132705711,-11.49262583746741,#c8102e
-20.2583678566281,-11.49257677181608,#c8102e
-20.2592224333363,-11.49252754360563,#c8102e
-20.2600770006648,-11.49247815283783,#c8102e
-20.2609315585827,-11.49242859951448,#c8102e
-20.2617861070591,-11.49237888363736,#c8102e
-20.2626406460631,-11.49232900520828,#c8102e
-20.2634951755636,-11.49227896422904,#c8102e
-20.2643496955299,-11.49222876070145,#c8102e
-20.2652042059309,-11.49217839462733,#c8102e
-20.2660587067359,-11.49212786600850,#c8102e
-20.2669131979137,-11.49207717484678,#c8102e
-20.2677676794336,-11.49202632114402,#c8102e
-20.2686221512647,-11.49197530490206,#c8102e
-20.2694766133759,-11.49192412612273,#c8102e
-20.2703310657363,-11.49187278480790,#c8102e
-20.2711855083152,-11.49182128095941,#c8102e
-20.2720399410814,-11.49176961457914,#c8102e
-20.2728943640042,-11.49171778566894,#c8102e
-20.2737487770527,-11.49166579423071,#c8102e
-20.2746031801957,-11.49161364026631,#c8102e
-20.2754575734026,-11.49156132377764,#c8102e
-20.2763119566424,-11.49150884476659,#c8102e
-20.2771663298840,-11.49145620323505,#c8102e
-20.2780206930967,-11.49140339918494,#c8102e
-20.2788750462496,-11.49135043261816,#c8102e
-20.2797293893116,-11.49129730353663,#c8102e
-20.2805837222519,-11.49124401194227,#c8102e
-20.2814380450396,-11.49119055783701,#c8102e
-20.2822923576437,-11.49113694122278,#c8102e
-20.2831466600334,-11.49108316210153,#c8102e
-20.2840009521778,-11.49102922047520,#c8102e
-20.2848552340459,-11.49097511634574,#c8102e
-20.2857095056067,-11.49092084971512,#c8102e
-20.2865637668295,-11.49086642058528,#c8102e
-20.2874180176833,-11.49081182895821,#c8102e
-20.2882722581372,-11.49075707483588,#c8102e
-20.2891264881602,-11.49070215822026,#c8102e
-20.2899807077215,-11.49064707911336,#c8102e
-20.2908349167902,-11.49059183751715,#c8102e
-20.2916891153353,-11.49053643343364,#c8102e
-20.2925433033259,-11.49048086686483,#c8102e
-20.2933974807312,-11.49042513781274,#c8102e
-20.2942516475202,-11.49036924627938,#c8102e
-20.2951058036621,-11.49031319226677,#c8102e
-20.2959599491258,-11.49025697577694,#c8102e
-20.2968140838805,-11.49020059681193,#c8102e
-20.2976682078953,-11.49014405537377,#c8102e
-20.2985223211394,-11.49008735146451,#c8102e
-20.2993764235817,-11.49003048508620,#c8102e
-20.3002305151914,-11.48997345624091,#c8102e
-20.3010845959375,-11.48991626493069,#c8102e
-20.3019386657893,-11.48985891115761,#c8102e
-20.3027927247157,-11.48980139492375,#c8102e
-20.3036467726858,-11.48974371623119,#c8102e
-20.3045008096689,-11.48968587508202,#c8102e
-20.3053548356339,-11.48962787147833,#c8102e
-20.3062088505499,-11.48956970542221,#c8102e
-20.3070628543862,-11.48951137691578,#c8102e
-20.3079168471116,-11.48945288596114,#c8102e
-20.3087708286955,-11.48939423256041,#c8102e
-20.3096247991067,-11.48933541671572,#c8102e
-20.3104787583146,-11.48927643842919,#c8102e
-20.3113327062881,-11.48921729770295,#c8102e
-20.3121866429963,-11.48915799453914,#c8102e
-20.3130405684084,-11.48909852893992,#c8102e
-20.3138944824935,-11.48903890090742,#c8102e
-20.3147483852206,-11.48897911044382,#c8102e
-20.3156022765589,-11.48891915755127,#c8102e
-20.3164561564775,-11.48885904223194,#c8102e
-20.3173100249454,-11.48879876448802,#c8102e
-20.3181638819318,-11.48873832432167,#c8102e
-20.3190177274058,-11.48867772173508,#c8102e
-20.3198715613365,-11.48861695673046,#c8102e
-20.3207253836929,-11.48855602930999,#c8102e
-20.3215791944442,-11.48849493947588,#c8102e
-20.3224329935596,-11.48843368723035,#c8102e
-20.3232867810080,-11.48837227257560,#c8102e
-20.3241405567587,-11.48831069551387,#c8102e
-20.3249943207807,-11.48824895604737,#c8102e
-20.3258480730430,-11.48818705417835,#c8102e
-20.3267018135150,-11.48812498990904,#c8102e
-20.3275555421656,-11.48806276324169,#c8102e
-20.3284092589639,-11.48800037417855,#c8102e
-20.3292629638791,-11.48793782272188,#c8102e
-20.3301166568802,-11.48787510887394,#c8102e
-20.3309703379364,-11.48781223263699,#c8102e
-20.3318240070168,-11.48774919401333,#c8102e
-20.3326776640906,-11.48768599300522,#c8102e
-20.3335313091267,-11.48762262961495,#c8102e
-20.3343849420944,-11.48755910384482,#c8102e
-20.3352385629626,-11.48749541569713,#c8102e
-20.3360921717007,-11.48743156517417,#c8102e
-20.3369457682776,-11.48736755227826,#c8102e
-20.3377993526625,-11.48730337701172,#c8102e
-20.3386529248244,-11.48723903937687,#c8102e
-20.3395064847326,-11.48717453937603,#c8102e
-20.3403600323561,-11.48710987701155,#c8102e
-20.3412135676640,-11.48704505228575,#c8102e
-20.3420670906254,-11.48698006520099,#c8102e
-20.3429206012096,-11.48691491575961,#c8102e
-20.3437740993855,-11.48684960396398,#c8102e
-20.3446275851223,-11.48678412981645,#c8102e
-20.3454810583891,-11.48671849331940,#c8102e
-20.3463345191551,-11.48665269447520,#c8102e
-20.3471879673893,-11.48658673328624,#c8102e
-20.3480414030609,-11.48652060975489,#c8102e
-20.3488948261390,-11.48645432388356,#c8102e
-20.3497482365927,-11.48638787567463,#c8102e
-20.3506016343911,-11.48632126513052,#c8102e
-20.3514550195034,-11.48625449225363,#c8102e
-20.3523083918986,-11.48618755704639,#c8102e
-20.3531617515459,-11.48612045951120,#c8102e
-20.3540150984145,-11.48605319965051,#c8102e
-20.3548684324734,-11.48598577746674,#c8102e
-20.3557217536918,-11.48591819296233,#c8102e
-20.3565750620387,-11.48585044613974,#c8102e
-20.3574283574834,-11.48578253700141,#c8102e
-20.3582816399948,-11.48571446554979,#c8102e
-20.3591349095423,-11.48564623178735,#c8102e
-20.3599881660948,-11.48557783571656,#c8102e
-20.3608414096216,-11.48550927733990,#c8102e
-20.3616946400916,-11.48544055665985,#c8102e
-20.3625478574742,-11.48537167367888,#c8102e
-20.3634010617383,-11.48530262839950,#c8102e
-20.3642542528532,-11.48523342082420,#c8102e
-20.3651074307879,-11.48516405095549,#c8102e
-20.3659605955115,-11.48509451879588,#c8102e
-20.3668137469933,-11.48502482434788,#c8102e
-20.3676668852023,-11.48495496761402,#c8102e
-20.3685200101077,-11.48488494859681,#c8102e
-20.3693731216785,-11.48481476729881,#c8102e
-20.3702262198840,-11.48474442372254,#c8102e
-20.3710793046933,-11.48467391787054,#c8102e
-20.3719323760754,-11.48460324974539,#c8102e
-20.3727854339996,-11.48453241934962,#c8102e
-20.3736384784349,-11.48446142668580,#c8102e
-20.3744915093505,-11.48439027175651,#c8102e
-20.3753445267155,-11.48431895456430,#c8102e
-20.3761975304991,-11.48424747511178,#c8102e
-20.3770505206704,-11.48417583340152,#c8102e
-20.3779034971985,-11.48410402943611,#c8102e
-20.3787564600525,-11.48403206321816,#c8102e
-20.3796094092017,-11.48395993475026,#c8102e
-20.3804623446151,-11.48388764403503,#c8102e
-20.3813152662619,-11.48381519107508,#c8102e
-20.3821681741111,-11.48374257587303,#c8102e
-20.3830210681321,-11.48366979843152,#c8102e
-20.3838739482938,-11.48359685875317,#c8102e
-20.3847268145655,-11.48352375684063,#c8102e
-20.3855796669162,-11.48345049269654,#c8102e
-20.3864325053151,-11.48337706632354,#c8102e
-20.3872853297314,-11.48330347772431,#c8102e
-20.3881381401341,-11.48322972690149,#c8102e
-20.3889909364925,-11.48315581385776,#c8102e
-20.3898437187757,-11.48308173859580,#c8102e
-20.3906964869528,-11.48300750111828,#c8102e
-20.3915492409930,-11.48293310142788,#c8102e
-20.3924019808653,-11.48285853952731,#c8102e
-20.3932547065391,-11.48278381541926,#c8102e
-20.3941074179833,-11.48270892910644,#c8102e
-20.3949601151671,-11.48263388059154,#c8102e
-20.3958127980598,-11.48255866987730,#c8102e
-20.3966654666303,-11.48248329696642,#c8102e
-20.3975181208480,-11.48240776186164,#c8102e
-20.3983707606819,-11.48233206456569,#c8102e
-20.3992233861011,-11.48225620508132,#c8102e
-20.4000759970749,-11.48218018341125,#c8102e
-20.4009285935724,-11.48210399955825,#c8102e
-20.4017811755626,-11.48202765352508,#c8102e
-20.4026337430149,-11.48195114531448,#c8102e
-20.4034862958983,-11.48187447492924,#c8102e
-20.4043388341819,-11.48179764237213,#c8102e
-20.4051913578350,-11.48172064764593,#c8102e
-20.4060438668267,-11.48164349075341,#c8102e
-20.4068963611261,-11.48156617169738,#c8102e
-20.4077488407024,-11.48148869048064,#c8102e
-20.4086013055247,-11.48141104710598,#c8102e
-20.4094537555622,-11.48133324157621,#c8102e
-20.4103061907841,-11.48125527389416,#c8102e
-20.4111586111595,-11.48117714406264,#c8102e
-20.4120110166575,-11.48109885208448,#c8102e
-20.4128634072474,-11.48102039796251,#c8102e
-20.4137157828982,-11.48094178169957,#c8102e
-20.4145681435792,-11.48086300329851,#c8102e
-20.4154204892595,-11.48078406276217,#c8102e
-20.4162728199082,-11.48070496009341,#c8102e
-20.4171251354945,-11.48062569529510,#c8102e
-20.4179774359876,-11.48054626837010,#c8102e
-20.4188297213566,-11.48046667932129,#c8102e
-20.4196819915707,-11.48038692815155,#c8102e
-20.4205342465991,-11.48030701486375,#c8102e
-20.4213864864108,-11.48022693946080,#c8102e
-20.4222387109752,-11.48014670194560,#c8102e
-20.4230909202613,-11.48006630232103,#c8102e
-20.4239431142383,-11.47998574059002,#c8102e
-20.4247952928754,-11.47990501675548,#c8102e
-20.4256474561417,-11.47982413082033,#c8102e
-20.4264996040064,-11.47974308278750,#c8102e
-20.4273517364386,-11.47966187265991,#c8102e
-20.4282038534076,-11.47958050044051,#c8102e
-20.4290559548825,-11.47949896613225,#c8102e
-20.4299080408325,-11.47941726973806,#c8102e
-20.4307601112267,-11.47933541126092,#c8102e
-20.4316121660342,-11.47925339070377,#c8102e
-20.4324642052244,-11.47917120806959,#c8102e
-20.4333162287663,-11.47908886336136,#c8102e
-20.4341682366291,-11.47900635658204,#c8102e
-20.4350202287820,-11.47892368773464,#c8102e
-20.4358722051942,-11.47884085682213,#c8102e
-20.4367241658348,-11.47875786384751,#c8102e
-20.4375761106730,-11.47867470881380,#c8102e
-20.4384280396779,-11.47859139172398,#c8102e
-20.4392799528188,-11.47850791258110,#c8102e
-20.4401318500648,-11.47842427138815,#c8102e
-20.4409837313851,-11.47834046814818,#c8102e
-20.4418355967489,-11.47825650286420,#c8102e
-20.4426874461254,-11.47817237553927,#c8102e
-20.4435392794836,-11.47808808617641,#c8102e
-20.4443910967929,-11.47800363477869,#c8102e
-20.4452428980223,-11.47791902134917,#c8102e
-20.4460946831411,-11.47783424589089,#c8102e
-20.4469464521185,-11.47774930840693,#c8102e
-20.4477982049235,-11.47766420890036,#c8102e
-20.4486499415255,-11.47757894737426,#c8102e
-20.4495016618935,-11.47749352383172,#c8102e
-20.4503533659968,-11.47740793827582,#c8102e
-20.4512050538045,-11.47732219070967,#c8102e
-20.4520567252859,-11.47723628113637,#c8102e
-20.4529083804100,-11.47715020955902,#c8102e
-20.4537600191462,-11.47706397598074,#c8102e
-20.4546116414635,-11.47697758040465,#c8102e
-20.4554632473312,-11.47689102283387,#c8102e
-20.4563148367184,-11.47680430327155,#c8102e
-20.4571664095944,-11.47671742172080,#c8102e
-20.4580179659283,-11.47663037818479,#c8102e
-20.4588695056893,-11.47654317266666,#c8102e
-20.4597210288465,-11.47645580516956,#c8102e
-20.4605725353693,-11.47636827569666,#c8102e
-20.4614240252267,-11.47628058425112,#c8102e
-20.4622754983880,-11.47619273083611,#c8102e
-20.4631269548224,-11.47610471545483,#c8102e
-20.4639783944990,-11.47601653811044,#c8102e
-20.4648298173870,-11.47592819880614,#c8102e
-20.4656812234557,-11.47583969754513,#c8102e
-20.4665326126741,-11.47575103433060,#c8102e
-20.4673839850116,-11.47566220916578,#c8102e
-20.4682353404373,-11.47557322205386,#c8102e
-20.4690866789204,-11.47548407299807,#c8102e
-20.4699380004301,-11.47539476200165,#c8102e
-20.4707893049356,-11.47530528906781,#c8102e
-20.4716405924060,-11.47521565419980,#c8102e
-20.4724918628107,-11.47512585740085,#c8102e
-20.4733431161187,-11.47503589867422,#c8102e
-20.4741943522993,-11.47494577802317,#c8102e
-20.4750455713217,-11.47485549545096,#c8102e
-20.4758967731551,-11.47476505096084,#c8102e
-20.4767479577686,-11.47467444455610,#c8102e
-20.4775991251316,-11.47458367624001,#c8102e
-20.4784502752131,-11.47449274601586,#c8102e
-20.4793014079824,-11.47440165388693,#c8102e
-20.4801525234087,-11.47431039985652,#c8102e
-20.4810036214612,-11.47421898392795,#c8102e
-20.4818547021091,-11.47412740610450,#c8102e
-20.4827057653215,-11.47403566638950,#c8102e
-20.4835568110678,-11.47394376478627,#c8102e
-20.4844078393171,-11.47385170129813,#c8102e
-20.4852588500386,-11.47375947592841,#c8102e
-20.4861098432015,-11.47366708868045,#c8102e
-20.4869608187751,-11.47357453955759,#c8102e
-20.4878117767285,-11.47348182856318,#c8102e
-20.4886627170309,-11.47338895570058,#c8102e
-20.4895136396516,-11.47329592097315,#c8102e
-20.4903645445598,-11.47320272438425,#c8102e
-20.4912154317247,-11.47310936593725,#c8102e
-20.4920663011154,-11.47301584563554,#c8102e
-20.4929171527013,-11.47292216348249,#c8102e
-20.4937679864514,-11.47282831948150,#c8102e
-20.4946188023351,-11.47273431363596,#c8102e
-20.4954696003215,-11.47264014594928,#c8102e
-20.4963203803799,-11.47254581642486,#c8102e
-20.4971711424795,-11.47245132506611,#c8102e
-20.4980218865895,-11.47235667187646,#c8102e
-20.4988726126790,-11.47226185685932,#c8102e
-20.4997233207174,-11.47216688001814,#c8102e
-20.5005740106738,-11.47207174135634,#c8102e
-20.5014246825175,-11.47197644087737,#c8102e
-20.5022753362177,-11.47188097858467,#c8102e
-20.5031259717436,-11.47178535448171,#c8102e
-20.5039765890643,-11.47168956857194,#c8102e
-20.5048271881493,-11.47159362085882,#c8102e
-20.5056777689676,-11.47149751134583,#c8102e
-20.5065283314885,-11.47140124003645,#c8102e
-20.5073788756811,-11.47130480693416,#c8102e
-20.5082294015149,-11.47120821204245,#c8102e
-20.5090799089588,-11.47111145536481,#c8102e
-20.5099303979823,-11.47101453690475,#c8102e
-20.5107808685545,-11.47091745666577,#c8102e
-20.5116313206446,-11.47082021465139,#c8102e
-20.5124817542219,-11.47072281086512,#c8102e
-20.5133321692555,-11.47062524531048,#c8102e
-20.5141825657148,-11.47052751799102,#c8102e
-20.5150329435690,-11.47042962891026,#c8102e
-20.5158833027872,-11.47033157807174,#c8102e
-20.5167336433387,-11.47023336547902,#c8102e
-20.5175839651928,-11.47013499113565,#c8102e
-20.5184342683186,-11.47003645504519,#c8102e
-20.5192845526854,-11.46993775721120,#c8102e
-20.5201348182625,-11.46983889763725,#c8102e
-20.5209850650191,-11.46973987632693,#c8102e
-20.5218352929244,-11.46964069328381,#c8102e
-20.5226855019476,-11.46954134851148,#c8102e
-20.5235356920580,-11.46944184201354,#c8102e
-20.5243858632248,-11.46934217379359,#c8102e
-20.5252360154172,-11.46924234385524,#c8102e
-20.5260861486046,-11.46914235220209,#c8102e
-20.5269362627561,-11.46904219883776,#c8102e
-20.5277863578409,-11.46894188376589,#c8102e
-20.5286364338284,-11.46884140699010,#c8102e
-20.5294864906877,-11.46874076851402,#c8102e
-20.5303365283881,-11.46863996834129,#c8102e
-20.5311865468988,-11.46853900647557,#c8102e
-20.5320365461892,-11.46843788292051,#c8102e
-20.5328865262283,-11.46833659767976,#c8102e
-20.5337364869855,-11.46823515075699,#c8102e
-20.5345864284300,-11.46813354215588,#c8102e
-20.5354363505311,-11.46803177188009,#c8102e
-20.5362862532580,-11.46792983993331,#c8102e
-20.5371361365799,-11.46782774631923,#c8102e
-20.5379860004662,-11.46772549104155,#c8102e
-20.5388358448859,-11.46762307410395,#c8102e
-20.5396856698085,-11.46752049551016,#c8102e
-20.5405354752031,-11.46741775526387,#c8102e
-20.5413852610391,-11.46731485336882,#c8102e
-20.5422350272855,-11.46721178982871,#c8102e
-20.5430847739118,-11.46710856464729,#c8102e
-20.5439345008871,-11.46700517782828,#c8102e
-20.5447842081807,-11.46690162937543,#c8102e
-20.5456338957619,-11.46679791929248,#c8102e
-20.5464835635999,-11.46669404758319,#c8102e
-20.5473332116640,-11.46659001425131,#c8102e
-20.5481828399234,-11.46648581930062,#c8102e
-20.5490324483474,-11.46638146273486,#c8102e
-20.5498820369053,-11.46627694455784,#c8102e
-20.5507316055662,-11.46617226477332,#c8102e
-20.5515811542995,-11.46606742338510,#c8102e
-20.5524306830744,-11.46596242039697,#c8102e
-20.5532801918602,-11.46585725581272,#c8102e
-20.5541296806262,-11.46575192963617,#c8102e
-20.5549791493415,-11.46564644187112,#c8102e
-20.5558285979755,-11.46554079252139,#c8102e
-20.5566780264975,-11.46543498159080,#c8102e
-20.5575274348766,-11.46532900908319,#c8102e
-20.5583768230823,-11.46522287500239,#c8102e
-20.5592261910836,-11.46511657935223,#c8102e
-20.5600755388499,-11.46501012213657,#c8102e
-20.5609248663505,-11.46490350335925,#c8102e
-20.5617741735546,-11.46479672302413,#c8102e
-20.5626234604315,-11.46468978113508,#c8102e
-20.5634727269505,-11.46458267769597,#c8102e
-20.5643219730809,-11.46447541271067,#c8102e
-20.5651711987918,-11.46436798618307,#c8102e
-20.5660204040526,-11.46426039811704,#c8102e
-20.5668695888325,-11.46415264851649,#c8102e
-20.5677187531009,-11.46404473738531,#c8102e
-20.5685678968270,-11.46393666472741,#c8102e
-20.5694170199801,-11.46382843054670,#c8102e
-20.5702661225294,-11.46372003484709,#c8102e
-20.5711152044442,-11.46361147763250,#c8102e
-20.5719642656939,-11.46350275890688,#c8102e
-20.5728133062476,-11.46339387867413,#c8102e
-20.5736623260746,-11.46328483693822,#c8102e
-20.5745113251444,-11.46317563370308,#c8102e
-20.5753603034260,-11.46306626897266,#c8102e
-20.5762092608888,-11.46295674275093,#c8102e
-20.5770581975021,-11.46284705504184,#c8102e
-20.5779071132352,-11.46273720584936,#c8102e
-20.5787560080573,-11.46262719517748,#c8102e
-20.5796048819377,-11.46251702303016,#c8102e
-20.5804537348458,-11.46240668941140,#c8102e
-20.5813025667507,-11.46229619432518,#c8102e
-20.5821513776219,-11.46218553777551,#c8102e
-20.5830001674285,-11.46207471976640,#c8102e
-20.5838489361398,-11.46196374030184,#c8102e
-20.5846976837252,-11.46185259938586,#c8102e
-20.5855464101540,-11.46174129702247,#c8102e
-20.5863951153953,-11.46162983321572,#c8102e
-20.5872437994186,-11.46151820796961,#c8102e
-20.5880924621931,-11.46140642128821,#c8102e
-20.5889411036881,-11.46129447317555,#c8102e
-20.5897897238729,-11.46118236363568,#c8102e
-20.5906383227167,-11.46107009267265,#c8102e
-20.5914869001890,-11.46095766029054,#c8102e
-20.5923354562589,-11.46084506649341,#c8102e
-20.5931839908957,-11.46073231128533,#c8102e
-20.5940325040689,-11.46061939467039,#c8102e
-20.5948809957476,-11.46050631665267,#c8102e
-20.5957294659012,-11.46039307723625,#c8102e
-20.5965779144989,-11.46027967642525,#c8102e
-20.5974263415101,-11.46016611422376,#c8102e
-20.5982747469041,-11.46005239063588,#c8102e
-20.5991231306501,-11.45993850566575,#c8102e
-20.5999714927175,-11.45982445931747,#c8102e
-20.6008198330755,-11.45971025159517,#c8102e
-20.6016681516936,-11.45959588250299,#c8102e
-20.6025164485409,-11.45948135204507,#c8102e
-20.6033647235867,-11.45936666022554,#c8102e
-20.6042129768005,-11.45925180704856,#c8102e
-20.6050612081515,-11.45913679251829,#c8102e
-20.6059094176089,-11.45902161663888,#c8102e
-20.6067576051422,-11.45890627941450,#c8102e
-20.6076057707206,-11.45879078084933,#c8102e
-20.6084539143135,-11.45867512094755,#c8102e
-20.6093020358900,-11.45855929971334,#c8102e
-20.6101501354196,-11.45844331715089,#c8102e
-20.6109982128716,-11.45832717326439,#c8102e
-20.6118462682153,-11.45821086805806,#c8102e
-20.6126943014199,-11.45809440153610,#c8102e
-20.6135423124549,-11.45797777370272,#c8102e
-20.6143903012895,-11.45786098456215,#c8102e
-20.6152382678930,-11.45774403411860,#c8102e
-20.6160862122348,-11.45762692237632,#c8102e
-20.6169341342842,-11.45750964933953,#c8102e
-20.6177820340104,-11.45739221501249,#c8102e
-20.6186299113829,-11.45727461939944,#c8102e
-20.6194777663708,-11.45715686250464,#c8102e
-20.6203255989437,-11.45703894433234,#c8102e
-20.6211734090707,-11.45692086488682,#c8102e
-20.6220211967212,-11.45680262417234,#c8102e
-20.6228689618646,-11.45668422219319,#c8102e
-20.6237167044701,-11.45656565895365,#c8102e
-20.6245644245070,-11.45644693445801,#c8102e
-20.6254121219448,-11.45632804871056,#c8102e
-20.6262597967527,-11.45620900171562,#c8102e
-20.6271074489000,-11.45608979347747,#c8102e
-20.6279550783562,-11.45597042400045,#c8102e
-20.6288026850904,-11.45585089328886,#c8102e
-20.6296502690721,-11.45573120134703,#c8102e
-20.6304978302705,-11.45561134817930,#c8102e
-20.6313453686551,-11.45549133379000,#c8102e
-20.6321928841951,-11.45537115818347,#c8102e
-20.6330403768598,-11.45525082136406,#c8102e
-20.6338878466187,-11.45513032333613,#c8102e
-20.6347352934410,-11.45500966410403,#c8102e
-20.6355827172961,-11.45488884367214,#c8102e
-20.6364301181533,-11.45476786204482,#c8102e
-20.6372774959820,-11.45464671922645,#c8102e
-20.6381248507514,-11.45452541522141,#c8102e
-20.6389721824310,-11.45440395003410,#c8102e
-20.6398194909900,-11.45428232366891,#c8102e
-20.6406667763979,-11.45416053613023,#c8102e
-20.6415140386239,-11.45403858742248,#c8102e
-20.6423612776374,-11.45391647755008,#c8102e
-20.6432084934077,-11.45379420651743,#c8102e
-20.6440556859042,-11.45367177432895,#c8102e
-20.6449028550963,-11.45354918098910,#c8102e
-20.6457500009532,-11.45342642650229,#c8102e
-20.6465971234444,-11.45330351087297,#c8102e
-20.6474442225391,-11.45318043410558,#c8102e
-20.6482912982067,-11.45305719620459,#c8102e
-20.6491383504166,-11.45293379717444,#c8102e
-20.6499853791381,-11.45281023701961,#c8102e
-20.6508323843406,-11.45268651574457,#c8102e
-20.6516793659934,-11.45256263335379,#c8102e
-20.6525263240659,-11.45243858985175,#c8102e
-20.6533732585274,-11.45231438524295,#c8102e
-20.6542201693473,-11.45219001953187,#c8102e
-20.6550670564949,-11.45206549272302,#c8102e
-20.6559139199396,-11.45194080482091,#c8102e
-20.6567607596508,-11.45181595583004,#c8102e
-20.6576075755978,-11.45169094575493,#c8102e
-20.6584543677499,-11.45156577460011,#c8102e
-20.6593011360766,-11.45144044237010,#c8102e
-20.6601478805472,-11.45131494906944,#c8102e
-20.6609946011310,-11.45118929470268,#c8102e
-20.6618412977974,-11.45106347927435,#c8102e
-20.6626879705158,-11.45093750278901,#c8102e
-20.6635346192555,-11.45081136525122,#c8102e
-20.6643812439860,-11.45068506666554,#c8102e
-20.6652278446765,-11.45055860703655,#c8102e
-20.6660744212964,-11.45043198636881,#c8102e
-20.6669209738152,-11.45030520466691,#c8102e
-20.6677675022021,-11.45017826193545,#c8102e
-20.6686140064266,-11.45005115817900,#c8102e
-20.6694604864579,-11.44992389340217,#c8102e
-20.6703069422656,-11.44979646760957,#c8102e
-20.6711533738189,-11.44966888080580,#c8102e
-20.6719997810872,-11.44954113299548,#c8102e
-20.6728461640400,-11.44941322418324,#c8102e
-20.6736925226465,-11.44928515437370,#c8102e
-20.6745388568762,-11.44915692357150,#c8102e
-20.6753851666983,-11.44902853178128,#c8102e
-20.6762314520824,-11.44889997900767,#c8102e
-20.6770777129978,-11.44877126525535,#c8102e
-20.6779239494139,-11.44864239052895,#c8102e
-20.6787701612999,-11.44851335483315,#c8102e
-20.6796163486254,-11.44838415817261,#c8102e
-20.6804625113597,-11.44825480055201,#c8102e
-20.6813086494722,-11.44812528197603,#c8102e
-20.6821547629323,-11.44799560244935,#c8102e
-20.6830008517093,-11.44786576197668,#c8102e
-20.6838469157727,-11.44773576056269,#c8102e
-20.6846929550917,-11.44760559821211,#c8102e
-20.6855389696359,-11.44747527492964,#c8102e
-20.6863849593746,-11.44734479072000,#c8102e
-20.6872309242772,-11.44721414558790,#c8102e
-20.6880768643131,-11.44708333953807,#c8102e
-20.6889227794516,-11.44695237257526,#c8102e
-20.6897686696622,-11.44682124470418,#c8102e
-20.6906145349142,-11.44668995592960,#c8102e
-20.6914603751771,-11.44655850625626,#c8102e
-20.6923061904202,-11.44642689568892,#c8102e
-20.6931519806130,-11.44629512423234,#c8102e
-20.6939977457248,-11.44616319189129,#c8102e
-20.6948434857250,-11.44603109867054,#c8102e
-20.6956892005830,-11.44589884457487,#c8102e
-20.6965348902683,-11.44576642960907,#c8102e
-20.6973805547502,-11.44563385377792,#c8102e
-20.6982261939981,-11.44550111708623,#c8102e
-20.6990718079814,-11.44536821953880,#c8102e
-20.6999173966696,-11.44523516114043,#c8102e
-20.7007629600320,-11.44510194189595,#c8102e
-20.7016084980381,-11.44496856181017,#c8102e
-20.7024540106571,-11.44483502088792,#c8102e
-20.7032994978587,-11.44470131913403,#c8102e
-20.7041449596120,-11.44456745655333,#c8102e
-20.7049903958867,-11.44443343315068,#c8102e
-20.7058358066520,-11.44429924893092,#c8102e
-20.7066811918774,-11.44416490389890,#c8102e
-20.7075265515323,-11.44403039805950,#c8102e
-20.7083718855860,-11.44389573141757,#c8102e
-20.7092171940081,-11.44376090397798,#c8102e
-20.7100624767680,-11.44362591574562,#c8102e
-20.7109077338349,-11.44349076672538,#c8102e
-20.7117529651785,-11.44335545692213,#c8102e
-20.7125981707680,-11.44321998634078,#c8102e
-20.7134433505729,-11.44308435498623,#c8102e
-20.7142885045626,-11.44294856286338,#c8102e
-20.7151336327065,-11.44281260997715,#c8102e
-20.7159787349741,-11.44267649633247,#c8102e
-20.7168238113347,-11.44254022193424,#c8102e
-20.7176688617579,-11.44240378678742,#c8102e
-20.7185138862129,-11.44226719089692,#c8102e
-20.7193588846693,-11.44213043426770,#c8102e
-20.7202038570964,-11.44199351690470,#c8102e
-20.7210488034638,-11.44185643881288,#c8102e
-20.7218937237407,-11.44171919999720,#c8102e
-20.7227386178967,-11.44158180046261,#c8102e
-20.7235834859012,-11.44144424021411,#c8102e
-20.7244283277236,-11.44130651925665,#c8102e
-20.7252731433333,-11.44116863759523,#c8102e
-20.7261179326997,-11.44103059523484,#c8102e
-20.7269626957923,-11.44089239218046,#c8102e
-20.7278074325806,-11.44075402843711,#c8102e
-20.7286521430340,-11.44061550400978,#c8102e
-20.7294968271218,-11.44047681890349,#c8102e
-20.7303414848135,-11.44033797312326,#c8102e
-20.7311861160787,-11.44019896667410,#c8102e
-20.7320307208866,-11.44005979956107,#c8102e
-20.7328752992068,-11.43992047178917,#c8102e
-20.7337198510086,-11.43978098336347,#c8102e
-20.7345643762616,-11.43964133428899,#c8102e
-20.7354088749352,-11.43950152457081,#c8102e
-20.7362533469988,-11.43936155421398,#c8102e
-20.7370977924218,-11.43922142322355,#c8102e
-20.7379422111737,-11.43908113160461,#c8102e
-20.7387866032240,-11.43894067936223,#c8102e
-20.7396309685420,-11.43880006650149,#c8102e
-20.7404753070973,-11.43865929302748,#c8102e
-20.7413196188593,-11.43851835894528,#c8102e
-20.7421639037974,-11.43837726426002,#c8102e
-20.7430081618811,-11.43823600897677,#c8102e
-20.7438523930798,-11.43809459310067,#c8102e
-20.7446965973631,-11.43795301663683,#c8102e
-20.7455407747002,-11.43781127959036,#c8102e
-20.7463849250608,-11.43766938196639,#c8102e
-20.7472290484142,-11.43752732377007,#c8102e
-20.7480731447299,-11.43738510500653,#c8102e
-20.7489172139774,-11.43724272568092,#c8102e
-20.7497612561262,-11.43710018579839,#c8102e
-20.7506052711456,-11.43695748536409,#c8102e
-20.7514492590051,-11.43681462438320,#c8102e
-20.7522932196743,-11.43667160286087,#c8102e
-20.7531371531225,-11.43652842080229,#c8102e
-20.7539810593193,-11.43638507821264,#c8102e
-20.7548249382340,-11.43624157509710,#c8102e
-20.7556687898362,-11.43609791146086,#c8102e
-20.7565126140954,-11.43595408730913,#c8102e
-20.7573564109809,-11.43581010264710,#c8102e
-20.7582001804623,-11.43566595747999,#c8102e
-20.7590439225090,-11.43552165181302,#c8102e
-20.7598876370906,-11.43537718565140,#c8102e
-20.7607313241764,-11.43523255900036,#c8102e
-20.7615749837359,-11.43508777186513,#c8102e
-20.7624186157387,-11.43494282425096,#c8102e
-20.7632622201541,-11.43479771616309,#c8102e
-20.7641057969517,-11.43465244760677,#c8102e
-20.7649493461010,-11.43450701858726,#c8102e
-20.7657928675714,-11.43436142910981,#c8102e
-20.7666363613324,-11.43421567917970,#c8102e
-20.7674798273534,-11.43406976880220,#c8102e
-20.7683232656040,-11.43392369798259,#c8102e
-20.7691666760537,-11.43377746672615,#c8102e
-20.7700100586718,-11.43363107503818,#c8102e
-20.7708534134280,-11.43348452292397,#c8102e
-20.7716967402917,-11.43333781038883,#c8102e
-20.7725400392323,-11.43319093743806,#c8102e
-20.7733833102194,-11.43304390407698,#c8102e
-20.7742265532224,-11.43289671031091,#c8102e
-20.7750697682109,-11.43274935614518,#c8102e
-20.7759129551543,-11.43260184158511,#c8102e
-20.7767561140221,-11.43245416663605,#c8102e
-20.7775992447838,-11.43230633130334,#c8102e
-20.7784423474089,-11.43215833559232,#c8102e
-20.7792854218669,-11.43201017950836,#c8102e
-20.7801284681273,-11.43186186305681,#c8102e
-20.7809714861595,-11.43171338624304,#c8102e
-20.7818144759332,-11.43156474907243,#c8102e
-20.7826574374177,-11.43141595155034,#c8102e
-20.7835003705825,-11.43126699368217,#c8102e
-20.7843432753973,-11.43111787547330,#c8102e
-20.7851861518314,-11.43096859692914,#c8102e
-20.7860289998544,-11.43081915805508,#c8102e
-20.7868718194358,-11.43066955885653,#c8102e
-20.7877146105450,-11.43051979933889,#c8102e
-20.7885573731516,-11.43036987950761,#c8102e
-20.7894001072251,-11.43021979936808,#c8102e
-20.7902428127350,-11.43006955892575,#c8102e
-20.7910854896508,-11.42991915818606,#c8102e
-20.7919281379421,-11.42976859715444,#c8102e
-20.7927707575782,-11.42961787583634,#c8102e
-20.7936133485288,-11.42946699423722,#c8102e
-20.7944559107633,-11.42931595236254,#c8102e
-20.7952984442513,-11.42916475021776,#c8102e
-20.7961409489622,-11.42901338780835,#c8102e
-20.7969834248656,-11.42886186513979,#c8102e
-20.7978258719310,-11.42871018221756,#c8102e
-20.7986682901280,-11.42855833904715,#c8102e
-20.7995106794260,-11.42840633563406,#c8102e
-20.8003530397945,-11.42825417198378,#c8102e
-20.8011953712031,-11.42810184810182,#c8102e
-20.8020376736213,-11.42794936399369,#c8102e
-20.8028799470186,-11.42779671966492,#c8102e
-20.8037221913646,-11.42764391512101,#c8102e
-20.8045644066287,-11.42749095036751,#c8102e
-20.8054065927805,-11.42733782540995,#c8102e
-20.8062487497895,-11.42718454025387,#c8102e
-20.8070908776253,-11.42703109490480,#c8102e
-20.8079329762574,-11.42687748936832,#c8102e
-20.8087750456552,-11.42672372364997,#c8102e
-20.8096170857884,-11.42656979775531,#c8102e
-20.8104590966264,-11.42641571168993,#c8102e
-20.8113010781389,-11.42626146545939,#c8102e
-20.8121430302953,-11.42610705906927,#c8102e
-20.8129849530651,-11.42595249252517,#c8102e
-20.8138268464179,-11.42579776583267,#c8102e
-20.8146687103233,-11.42564287899737,#c8102e
-20.8155105447508,-11.42548783202488,#c8102e
-20.8163523496699,-11.42533262492081,#c8102e
-20.8171941250501,-11.42517725769077,#c8102e
-20.8180358708610,-11.42502173034039,#c8102e
-20.8188775870722,-11.42486604287529,#c8102e
-20.8197192736532,-11.42471019530111,#c8102e
-20.8205609305734,-11.42455418762348,#c8102e
-20.8214025578026,-11.42439801984805,#c8102e
-20.8222441553102,-11.42424169198048,#c8102e
-20.8230857230657,-11.42408520402641,#c8102e
-20.8239272610388,-11.42392855599151,#c8102e
-20.8247687691989,-11.42377174788146,#c8102e
-20.8256102475156,-11.42361477970191,#c8102e
-20.8264516959585,-11.42345765145856,#c8102e
-20.8272931144972,-11.42330036315708,#c8102e
-20.8281345031011,-11.42314291480318,#c8102e
-20.8289758617398,-11.42298530640253,#c8102e
-20.8298171903830,-11.42282753796086,#c8102e
-20.8306584890000,-11.42266960948387,#c8102e
-20.8314997575606,-11.42251152097727,#c8102e
-20.8323409960342,-11.42235327244678,#c8102e
-20.8331822043905,-11.42219486389813,#c8102e
-20.8340233825990,-11.42203629533705,#c8102e
-20.8348645306292,-11.42187756676927,#c8102e
-20.8357056484507,-11.42171867820055,#c8102e
-20.8365467360331,-11.42155962963663,#c8102e
-20.8373877933459,-11.42140042108327,#c8102e
-20.8382288203587,-11.42124105254622,#c8102e
-20.8390698170412,-11.42108152403125,#c8102e
-20.8399107833627,-11.42092183554414,#c8102e
-20.8407517192930,-11.42076198709067,#c8102e
-20.8415926248016,-11.42060197867661,#c8102e
-20.8424334998581,-11.42044181030775,#c8102e
-20.8432743444319,-11.42028148198991,#c8102e
-20.8441151584928,-11.42012099372886,#c8102e
-20.8449559420103,-11.41996034553043,#c8102e
-20.8457966949540,-11.41979953740042,#c8102e
-20.8466374172934,-11.41963856934465,#c8102e
-20.8474781089981,-11.41947744136895,#c8102e
-20.8483187700377,-11.41931615347914,#c8102e
-20.8491594003818,-11.41915470568107,#c8102e
-20.8500000000000,-11.41899309798058,#c8102e
-20.8500000000000,-12.10000000000000,#c8102e
-20.9000000000000,-12.10000000000000,#c8102e
-20.9000000000000,-11.40908153700972,#c8102e
-20.9120846216499,-11.40659751315568,#c8102e
-20.9241623876459,-11.40408036725725,#c8102e
-20.9362332072058,-11.40153011823446,#c8102e
-20.9482969895999,-11.39894678525619,#c8102e
-20.9603536441510,-11.39633038773997,#c8102e
-20.9724030802357,-11.39368094535187,#c8102e
-20.9844452072849,-11.39099847800632,#c8102e
-20.9964799347842,-11.38828300586601,#c8102e
-21.0085071722751,-11.38553454934170,#c8102e
-21.0205268293552,-11.38275312909207,#c8102e
-21.0325388156791,-11.37993876602356,#c8102e
-21.0445430409592,-11.37709148129026,#c8102e
-21.0565394149661,-11.37421129629367,#c8102e
-21.0685278475294,-11.37129823268261,#c8102e
-21.0805082485385,-11.36835231235304,#c8102e
-21.0924805279432,-11.36537355744786,#c8102e
-21.1044445957541,-11.36236199035678,#c8102e
-21.1164003620437,-11.35931763371616,#c8102e
-21.1283477369470,-11.35624051040879,#c8102e
-21.1402866306618,-11.35313064356377,#c8102e
-21.1522169534499,-11.34998805655631,#c8102e
-21.1641386156374,-11.34681277300757,#c8102e
-21.1760515276155,-11.34360481678446,#c8102e
-21.1879555998413,-11.34036421199947,#c8102e
-21.1998507428380,-11.33709098301050,#c8102e
-21.2117368671964,-11.33378515442068,#c8102e
-21.2236138835747,-11.33044675107814,#c8102e
-21.2354817026997,-11.32707579807590,#c8102e
-21.2473402353674,-11.32367232075160,#c8102e
-21.2591893924435,-11.32023634468738,#c8102e
-21.2710290848642,-11.31676789570962,#c8102e
-21.2828592236368,-11.31326699988882,#c8102e
-21.2946797198406,-11.30973368353934,#c8102e
-21.3064904846270,-11.30616797321924,#c8102e
-21.3182914292210,-11.30256989573005,#c8102e
-21.3300824649210,-11.29893947811662,#c8102e
-21.3418635031002,-11.29527674766685,#c8102e
-21.3536344552068,-11.29158173191155,#c8102e
-21.3653952327648,-11.28785445862415,#c8102e
-21.3771457473748,-11.28409495582061,#c8102e
-21.3888859107142,-11.28030325175909,#c8102e
-21.4006156345387,-11.27647937493982,#c8102e
-21.4123348306822,-11.27262335410483,#c8102e
-21.4240434110576,-11.26873521823778,#c8102e
-21.4357412876578,-11.26481499656372,#c8102e
-21.4474283725561,-11.26086271854886,#c8102e
-21.4591045779070,-11.25687841390036,#c8102e
-21.4707698159466,-11.25286211256613,#c8102e
-21.4824239989935,-11.24881384473456,#c8102e
-21.4940670394495,-11.24473364083431,#c8102e
-21.5056988498001,-11.24062153153411,#c8102e
-21.5173193426150,-11.23647754774249,#c8102e
-21.5289284305494,-11.23230172060757,#c8102e
-21.5405260263438,-11.22809408151682,#c8102e
-21.5521120428252,-11.22385466209680,#c8102e
-21.5636863929079,-11.21958349421299,#c8102e
-21.5752489895935,-11.21528060996947,#c8102e
-21.5867997459723,-11.21094604170873,#c8102e
-21.5983385752232,-11.20657982201140,#c8102e
-21.6098653906151,-11.20218198369604,#c8102e
-21.6213801055071,-11.19775255981884,#c8102e
-21.6328826333492,-11.19329158367344,#c8102e
-21.6443728876830,-11.18879908879060,#c8102e
-21.6558507821424,-11.18427510893802,#c8102e
-21.6673162304542,-11.17971967812004,#c8102e
-21.6787691464387,-11.17513283057741,#c8102e
-21.6902094440105,-11.17051460078701,#c8102e
-21.7016370371789,-11.16586502346162,#c8102e
-21.7130518400489,-11.16118413354963,#c8102e
-21.7244537668214,-11.15647196623478,#c8102e
-21.7358427317941,-11.15172855693595,#c8102e
-21.7472186493625,-11.14695394130679,#c8102e
-21.7585814340197,-11.14214815523556,#c8102e
-21.7699310003577,-11.13731123484478,#c8102e
-21.7812672630679,-11.13244321649101,#c8102e
-21.7925901369417,-11.12754413676455,#c8102e
-21.8038995368710,-11.12261403248916,#c8102e
-21.8151953778492,-11.11765294072181,#c8102e
-21.8264775749713,-11.11266089875239,#c8102e
-21.8377460434352,-11.10763794410341,#c8102e
-21.8490006985418,-11.10258411452975,#c8102e
-21.8602414556958,-11.09749944801834,#c8102e
-21.8714682304065,-11.09238398278792,#c8102e
-21.8826809382882,-11.08723775728871,#c8102e
-21.8938794950608,-11.08206081020214,#c8102e
-21.9050638165509,-11.07685318044057,#c8102e
-21.9162338186919,-11.07161490714697,#c8102e
-21.9273894175248,-11.06634602969465,#c8102e
-21.9385305291989,-11.06104658768695,#c8102e
-21.9496570699724,-11.05571662095696,#c8102e
-21.9607689562131,-11.05035616956719,#c8102e
-21.9718661043988,-11.04496527380929,#c8102e
-21.9829484311182,-11.03954397420377,#c8102e
-21.9940158530713,-11.03409231149963,#c8102e
-22.0050682870702,-11.02861032667412,#c8102e
-22.0161056500397,-11.02309806093239,#c8102e
-22.0271278590178,-11.01755555570722,#c8102e
-22.0381348311564,-11.01198285265865,#c8102e
-22.0491264837220,-11.00637999367372,#c8102e
-22.0601027340962,-11.00074702086615,#c8102e
-22.0710634997764,-10.99508397657597,#c8102e
-22.0820086983762,-10.98939090336929,#c8102e
-22.0929382476267,-10.98366784403789,#c8102e
-22.1038520653760,-10.97791484159895,#c8102e
-22.1147500695909,-10.97213193929474,#c8102e
-22.1256321783568,-10.96631918059225,#c8102e
-22.1364983098789,-10.96047660918288,#c8102e
-22.1473483824821,-10.95460426898213,#c8102e
-22.1581823146122,-10.94870220412925,#c8102e
-22.1690000248364,-10.94277045898691,#c8102e
-22.1798014318436,-10.93680907814089,#c8102e
-22.1905864544455,-10.93081810639969,#c8102e
-22.2013550115769,-10.92479758879428,#c8102e
-22.2121070222961,-10.91874757057765,#c8102e
-22.2228424057861,-10.91266809722459,#c8102e
-22.2335610813547,-10.90655921443124,#c8102e
-22.2442629684353,-10.90042096811483,#c8102e
-22.2549479865876,-10.89425340441327,#c8102e
-22.2656160554980,-10.88805656968486,#c8102e
-22.2762670949803,-10.88183051050790,#c8102e
-22.2869010249763,-10.87557527368036,#c8102e
-22.2975177655563,-10.86929090621951,#c8102e
-22.3081172369202,-10.86297745536160,#c8102e
-22.3186993593972,-10.85663496856148,#c8102e
-22.3292640534471,-10.85026349349223,#c8102e
-22.3398112396609,-10.84386307804484,#c8102e
-22.3503408387610,-10.83743377032781,#c8102e
-22.3608527716019,-10.83097561866683,#c8102e
-22.3713469591710,-10.82448867160438,#c8102e
-22.3818233225893,-10.81797297789938,#c8102e
-22.3922817831113,-10.81142858652683,#c8102e
-22.4027222621264,-10.80485554667743,#c8102e
-22.4131446811592,-10.79825390775722,#c8102e
-22.4235489618699,-10.79162371938719,#c8102e
-22.4339350260549,-10.78496503140294,#c8102e
-22.4443027956479,-10.77827789385427,#c8102e
-22.4546521927198,-10.77156235700484,#c8102e
-22.4649831394797,-10.76481847133176,#c8102e
-22.4752955582754,-10.75804628752521,#c8102e
-22.4855893715940,-10.75124585648809,#c8102e
-22.4958645020623,-10.74441722933563,#c8102e
-22.5061208724476,-10.73756045739496,#c8102e
-22.5163584056584,-10.73067559220479,#c8102e
-22.5265770247444,-10.72376268551498,#c8102e
-22.5367766528978,-10.71682178928616,#c8102e
-22.5469572134535,-10.70985295568936,#c8102e
-22.5571186298896,-10.70285623710557,#c8102e
-22.5672608258281,-10.69583168612540,#c8102e
-22.5773837250355,-10.68877935554866,#c8102e
-22.5874872514235,-10.68169929838395,#c8102e
-22.5975713290492,-10.67459156784830,#c8102e
-22.6076358821159,-10.66745621736672,#c8102e
-22.6176808349738,-10.66029330057183,#c8102e
-22.6277061121203,-10.65310287130347,#c8102e
-22.6377116382008,-10.64588498360826,#c8102e
-22.6476973380090,-10.63863969173922,#c8102e
-22.6576631364878,-10.63136705015533,#c8102e
-22.6676089587296,-10.62406711352117,#c8102e
-22.6775347299769,-10.61673993670647,#c8102e
-22.6874403756230,-10.60938557478572,#c8102e
-22.6973258212125,-10.60200408303773,#c8102e
-22.7071909924416,-10.59459551694524,#c8102e
-22.7170358151593,-10.58715993219449,#c8102e
-22.7268602153672,-10.57969738467481,#c8102e
-22.7366641192205,-10.57220793047819,#c8102e
-22.7464474530285,-10.56469162589887,#c8102e
-22.7562101432550,-10.55714852743289,#c8102e
-22.7659521165193,-10.54957869177771,#c8102e
-22.7756732995960,-10.54198217583176,#c8102e
-22.7853736194162,-10.53435903669398,#c8102e
-22.7950530030677,-10.52670933166345,#c8102e
-22.8047113777959,-10.51903311823894,#c8102e
-22.8143486710037,-10.51133045411843,#c8102e
-22.8239648102529,-10.50360139719875,#c8102e
-22.8335597232641,-10.49584600557511,#c8102e
-22.8431333379174,-10.48806433754064,#c8102e
-22.8526855822530,-10.48025645158600,#c8102e
-22.8622163844718,-10.47242240639891,#c8102e
-22.8717256729359,-10.46456226086370,#c8102e
-22.8812133761690,-10.45667607406089,#c8102e
-22.8906794228570,-10.44876390526676,#c8102e
-22.9001237418489,-10.44082581395286,#c8102e
-22.9095462621566,-10.43286185978558,#c8102e
-22.9189469129561,-10.42487210262572,#c8102e
-22.9283256235878,-10.41685660252803,#c8102e
-22.9376823235567,-10.40881541974076,#c8102e
-22.9470169425337,-10.40074861470518,#c8102e
-22.9563294103554,-10.39265624805516,#c8102e
-22.9656196570249,-10.38453838061673,#c8102e
-22.9748876127123,-10.37639507340755,#c8102e
-22.9841332077555,-10.36822638763652,#c8102e
-22.9933563726601,-10.36003238470331,#c8102e
-23.0025570381007,-10.35181312619786,#c8102e
-23.0117351349205,-10.34356867389996,#c8102e
-23.0208905941330,-10.33529908977875,#c8102e
-23.0300233469212,-10.32700443599231,#c8102e
-23.0391333246392,-10.31868477488711,#c8102e
-23.0482204588121,-10.31034016899762,#c8102e
-23.0572846811368,-10.30197068104579,#c8102e
-23.0663259234824,-10.29357637394059,#c8102e
-23.0753441178907,-10.28515731077757,#c8102e
-23.0843391965766,-10.27671355483833,#c8102e
-23.0933110919290,-10.26824516959007,#c8102e
-23.1022597365110,-10.25975221868515,#c8102e
-23.1111850630603,-10.25123476596053,#c8102e
-23.1200870044900,-10.24269287543739,#c8102e
-23.1289654938890,-10.23412661132054,#c8102e
-23.1378204645225,-10.22553603799804,#c8102e
-23.1466518498322,-10.21692122004064,#c8102e
-23.1554595834374,-10.20828222220134,#c8102e
-23.1642435991350,-10.19961910941488,#c8102e
-23.1730038309004,-10.19093194679726,#c8102e
-23.1817402128875,-10.18222079964525,#c8102e
-23.1904526794295,-10.17348573343589,#c8102e
-23.1991411650395,-10.16472681382604,#c8102e
-23.2078056044109,-10.15594410665180,#c8102e
-23.2164459324175,-10.14713767792812,#c8102e
-23.2250620841148,-10.13830759384822,#c8102e
-23.2336539947395,-10.12945392078314,#c8102e
-23.2422215997111,-10.12057672528122,#c8102e
-23.2507648346313,-10.11167607406760,#c8102e
-23.2592836352851,-10.10275203404374,#c8102e
-23.2677779376414,-10.09380467228688,#c8102e
-23.2762476778529,-10.08483405604958,#c8102e
-23.2846927922572,-10.07584025275917,#c8102e
-23.2931132173768,-10.06682333001728,#c8102e
-23.3015088899199,-10.05778335559931,#c8102e
-23.3098797467806,-10.04872039745393,#c8102e
-23.3182257250397,-10.03963452370257,#c8102e
-23.3265467619650,-10.03052580263889,#c8102e
-23.3348427950116,-10.02139430272829,#c8102e
-23.3431137618227,-10.01224009260740,#c8102e
-23.3513596002299,-10.00306324108353,#c8102e
-23.3595802482535, -9.99386381713417,#c8102e
-23.3677756441033, -9.98464188990650,#c8102e
-23.3759457261789, -9.97539752871683,#c8102e
-23.3840904330702, -9.96613080305009,#c8102e
-23.3922097035578, -9.95684178255932,#c8102e
-23.4003034766133, -9.94753053706513,#c8102e
-23.4083716914003, -9.93819713655519,#c8102e
-23.4164142872742, -9.92884165118370,#c8102e
-23.4244312037832, -9.91946415127085,#c8102e
-23.4324223806684, -9.91006470730231,#c8102e
-23.4403877578644, -9.90064338992870,#c8102e
-23.4483272754995, -9.89120026996503,#c8102e
-23.4562408738969, -9.88173541839020,#c8102e
-23.4641284935740, -9.87224890634645,#c8102e
-23.4719900752440, -9.86274080513885,#c8102e
-23.4798255598155, -9.85321118623470,#c8102e
-23.4876348883933, -9.84366012126309,#c8102e
-23.4954180022788, -9.83408768201428,#c8102e
-23.5031748429706, -9.82449394043918,#c8102e
-23.5109053521647, -9.81487896864884,#c8102e
-23.5186094717548, -9.80524283891388,#c8102e
-23.5262871438332, -9.79558562366395,#c8102e
-23.5339383106910, -9.78590739548718,#c8102e
-23.5415629148185, -9.77620822712966,#c8102e
-23.5491608989055, -9.76648819149486,#c8102e
-23.5567322058420, -9.75674736164311,#c8102e
-23.5642767787186, -9.74698581079105,#c8102e
-23.5717945608267, -9.73720361231103,#c8102e
-23.5792854956592, -9.72740083973063,#c8102e
-23.5867495269108, -9.71757756673208,#c8102e
-23.5941865984781, -9.70773386715167,#c8102e
-23.6015966544609, -9.69786981497924,#c8102e
-23.6089796391616, -9.68798548435762,#c8102e
-23.6163354970862, -9.67808094958206,#c8102e
-23.6236641729447, -9.66815628509965,#c8102e
-23.6309656116514, -9.65821156550882,#c8102e
-23.6382397583252, -9.64824686555871,#c8102e
-23.6454865582903, -9.63826226014867,#c8102e
-23.6527059570763, -9.62825782432765,#c8102e
-23.6598979004188, -9.61823363329367,#c8102e
-23.6670623342598, -9.60818976239322,#c8102e
-23.6741992047482, -9.59812628712072,#c8102e
-23.6813084582398, -9.58804328311795,#c8102e
-23.6883900412982, -9.57794082617349,#c8102e
-23.6954439006949, -9.56781899222212,#c8102e
-23.7024699834098, -9.55767785734425,#c8102e
-23.7094682366316, -9.54751749776541,#c8102e
-23.7164386077582, -9.53733798985559,#c8102e
-23.7233810443969, -9.52713941012873,#c8102e
-23.7302954943652, -9.51692183524212,#c8102e
-23.7371819056909, -9.50668534199582,#c8102e
-23.7440402266124, -9.49643000733209,#c8102e
-23.7508704055795, -9.48615590833481,#c8102e
-23.7576723912532, -9.47586312222892,#c8102e
-23.7644461325068, -9.46555172637980,#c8102e
-23.7711915784256, -9.45522179829271,#c8102e
-23.7779086783077, -9.44487341561222,#c8102e
-23.7845973816642, -9.43450665612160,#c8102e
-23.7912576382197, -9.42412159774225,#c8102e
-23.7978893979127, -9.41371831853314,#c8102e
-23.8044926108956, -9.40329689669015,#c8102e
-23.8110672275358, -9.39285741054556,#c8102e
-23.8176131984152, -9.38239993856742,#c8102e
-23.8241304743313, -9.37192455935898,#c8102e
-23.8306190062973, -9.36143135165808,#c8102e
-23.8370787455423, -9.35092039433656,#c8102e
-23.8435096435118, -9.34039176639969,#c8102e
-23.8499116518683, -9.32984554698555,#c8102e
-23.8562847224913, -9.31928181536445,#c8102e
-23.8626288074777, -9.30870065093833,#c8102e
-23.8689438591426, -9.29810213324017,#c8102e
-23.8752298300189, -9.28748634193336,#c8102e
-23.8814866728585, -9.27685335681115,#c8102e
-23.8877143406319, -9.26620325779604,#c8102e
-23.8939127865291, -9.25553612493912,#c8102e
-23.9000819639597, -9.24485203841955,#c8102e
-23.9062218265533, -9.23415107854392,#c8102e
-23.9123323281597, -9.22343332574564,#c8102e
-23.9184134228497, -9.21269886058434,#c8102e
-23.9244650649149, -9.20194776374527,#c8102e
-23.9304872088682, -9.19118011603869,#c8102e
-23.9364798094445, -9.18039599839928,#c8102e
-23.9424428216006, -9.16959549188550,#c8102e
-23.9483762005157, -9.15877867767900,#c8102e
-23.9542799015917, -9.14794563708399,#c8102e
-23.9601538804536, -9.13709645152668,#c8102e
-23.9659980929500, -9.12623120255461,#c8102e
-23.9718124951530, -9.11534997183607,#c8102e
-23.9775970433587, -9.10445284115945,#c8102e
-23.9833516940879, -9.09353989243269,#c8102e
-23.9890764040859, -9.08261120768261,#c8102e
-23.9947711303231, -9.07166686905430,#c8102e
-24.0004358299953, -9.06070695881052,#c8102e
-24.0060704605239, -9.04973155933107,#c8102e
-24.0116749795565, -9.03874075311218,#c8102e
-24.0172493449668, -9.02773462276588,#c8102e
-24.0227935148554, -9.01671325101939,#c8102e
-24.0283074475497, -9.00567672071448,#c8102e
-24.0337911016043, -8.99462511480686,#c8102e
-24.0392444358015, -8.98355851636557,#c8102e
-24.0446674091517, -8.97247700857233,#c8102e
-24.0500599808930, -8.96138067472093,#c8102e
-24.0554221104926, -8.95026959821658,#c8102e
-24.0607537576460, -8.93914386257533,#c8102e
-24.0660548822782, -8.92800355142341,#c8102e
-24.0713254445435, -8.91684874849659,#c8102e
-24.0765654048257, -8.90567953763958,#c8102e
-24.0817747237390, -8.89449600280539,#c8102e
-24.0869533621276, -8.88329822805468,#c8102e
-24.0921012810665, -8.87208629755515,#c8102e
-24.0972184418616, -8.86086029558092,#c8102e
-24.1023048060498, -8.84962030651185,#c8102e
-24.1073603353996, -8.83836641483296,#c8102e
-24.1123849919115, -8.82709870513373,#c8102e
-24.1173787378176, -8.81581726210755,#c8102e
-24.1223415355826, -8.80452217055100,#c8102e
-24.1272733479040, -8.79321351536327,#c8102e
-24.1321741377118, -8.78189138154549,#c8102e
-24.1370438681694, -8.77055585420010,#c8102e
-24.1418825026736, -8.75920701853022,#c8102e
-24.1466900048551, -8.74784495983900,#c8102e
-24.1514663385784, -8.73646976352897,#c8102e
-24.1562114679423, -8.72508151510143,#c8102e
-24.1609253572803, -8.71368030015576,#c8102e
-24.1656079711605, -8.70226620438882,#c8102e
-24.1702592743862, -8.69083931359429,#c8102e
-24.1748792319961, -8.67939971366200,#c8102e
-24.1794678092643, -8.66794749057734,#c8102e
-24.1840249717011, -8.65648273042055,#c8102e
-24.1885506850526, -8.64500551936614,#c8102e
-24.1930449153015, -8.63351594368217,#c8102e
-24.1975076286671, -8.62201408972966,#c8102e
-24.2019387916054, -8.61050004396192,#c8102e
-24.2063383708099, -8.59897389292390,#c8102e
-24.2107063332112, -8.58743572325151,#c8102e
-24.2150426459777, -8.57588562167104,#c8102e
-24.2193472765156, -8.56432367499844,#c8102e
-24.2236201924693, -8.55274997013871,#c8102e
-24.2278613617216, -8.54116459408520,#c8102e
-24.2320707523938, -8.52956763391902,#c8102e
-24.2362483328463, -8.51795917680833,#c8102e
-24.2403940716784, -8.50633931000771,#c8102e
-24.2445079377288, -8.49470812085752,#c8102e
-24.2485899000757, -8.48306569678320,#c8102e
-24.2526399280372, -8.47141212529464,#c8102e
-24.2566579911714, -8.45974749398553,#c8102e
-24.2606440592766, -8.44807189053269,#c8102e
-24.2645981023918, -8.43638540269540,#c8102e
-24.2685200907964, -8.42468811831476,#c8102e
-24.2724099950111, -8.41298012531301,#c8102e
-24.2762677857973, -8.40126151169292,#c8102e
-24.2800934341583, -8.38953236553704,#c8102e
-24.2838869113386, -8.37779277500711,#c8102e
-24.2876481888247, -8.36604282834338,#c8102e
-24.2913772383450, -8.35428261386393,#c8102e
-24.2950740318704, -8.34251221996403,#c8102e
-24.2987385416139, -8.33073173511546,#c8102e
-24.3023707400314, -8.31894124786582,#c8102e
-24.3059705998216, -8.30714084683795,#c8102e
-24.3095380939262, -8.29533062072915,#c8102e
-24.3130731955304, -8.28351065831060,#c8102e
-24.3165758780627, -8.27168104842666,#c8102e
-24.3200461151951, -8.25984187999420,#c8102e
-24.3234838808440, -8.24799324200194,#c8102e
-24.3268891491692, -8.23613522350977,#c8102e
-24.3302618945754, -8.22426791364809,#c8102e
-24.3336020917113, -8.21239140161716,#c8102e
-24.3369097154705, -8.20050577668637,#c8102e
-24.3401847409914, -8.18861112819364,#c8102e
-24.3434271436572, -8.17670754554469,#c8102e
-24.3466368990966, -8.16479511821241,#c8102e
-24.3498139831837, -8.15287393573617,#c8102e
-24.3529583720378, -8.14094408772115,#c8102e
-24.3560700420244, -8.12900566383763,#c8102e
-24.3591489697547, -8.11705875382041,#c8102e
-24.3621951320859, -8.10510344746803,#c8102e
-24.3652085061218, -8.09313983464215,#c8102e
-24.3681890692125, -8.08116800526687,#c8102e
-24.3711367989545, -8.06918804932806,#c8102e
-24.3740516731914, -8.05720005687266,#c8102e
-24.3769336700136, -8.04520411800801,#c8102e
-24.3797827677588, -8.03320032290120,#c8102e
-24.3825989450117, -8.02118876177835,#c8102e
-24.3853821806046, -8.00916952492396,#c8102e
-24.3881324536176, -7.99714270268023,#c8102e
-24.3908497433781, -7.98510838544637,#c8102e
-24.3935340294618, -7.97306666367793,#c8102e
-24.3961852916924, -7.96101762788610,#c8102e
-24.3988035101416, -7.94896136863708,#c8102e
-24.4013886651299, -7.93689797655134,#c8102e
-24.4039407372259, -7.92482754230295,#c8102e
-24.4064597072471, -7.91275015661895,#c8102e
-24.4089455562597, -7.90066591027859,#c8102e
-24.4113982655789, -7.88857489411272,#c8102e
-24.4138178167690, -7.87647719900307,#c8102e
-24.4162041916436, -7.86437291588155,#c8102e
-24.4185573722655, -7.85226213572961,#c8102e
-24.4208773409471, -7.84014494957753,#c8102e
-24.4231640802504, -7.82802144850374,#c8102e
-24.4254175729874, -7.81589172363413,#c8102e
-24.4276378022195, -7.80375586614137,#c8102e
-24.4298247512587, -7.79161396724425,#c8102e
-24.4319784036666, -7.77946611820693,#c8102e
-24.4340987432556, -7.76731241033833,#c8102e
-24.4361857540881, -7.75515293499139,#c8102e
-24.4382394204771, -7.74298778356240,#c8102e
-24.4402597269864, -7.73081704749031,#c8102e
-24.4422466584304, -7.71864081825608,#c8102e
-24.4442001998744, -7.70645918738191,#c8102e
-24.4461203366346, -7.69427224643064,#c8102e
-24.4480070542785, -7.68208008700500,#c8102e
-24.4498603386245, -7.66988280074696,#c8102e
-24.4516801757425, -7.65768047933701,#c8102e
-24.4534665519538, -7.64547321449350,#c8102e
-24.4552194538311, -7.63326109797194,#c8102e
-24.4569388681988, -7.62104422156428,#c8102e
-24.4586247821330, -7.60882267709829,#c8102e
-24.4602771829616, -7.59659655643679,#c8102e
-24.4618960582643, -7.58436595147701,#c8102e
-24.4634813958729, -7.57213095414989,#c8102e
-24.4650331838713, -7.55989165641939,#c8102e
-24.4665514105955, -7.54764815028179,#c8102e
-24.4680360646339, -7.53540052776498,#c8102e
-24.4694871348270, -7.52314888092782,#c8102e
-24.4709046102679, -7.51089330185941,#c8102e
-24.4722884803023, -7.49863388267840,#c8102e
-24.4736387345284, -7.48637071553231,#c8102e
-24.4749553627969, -7.47410389259683,#c8102e
-24.4762383552115, -7.46183350607513,#c8102e
-24.4774877021286, -7.44955964819717,#c8102e
-24.4787033941576, -7.43728241121898,#c8102e
-24.4798854221607, -7.42500188742203,#c8102e
-24.4810337772532, -7.41271816911244,#c8102e
-24.4821484508037, -7.40043134862040,#c8102e
-24.4832294344336, -7.38814151829937,#c8102e
-24.4842767200179, -7.37584877052547,#c8102e
-24.4852902996846, -7.36355319769672,#c8102e
-24.4862701658151, -7.35125489223239,#c8102e
-24.4872163110444, -7.33895394657228,#c8102e
-24.4881287282608, -7.32665045317605,#c8102e
-24.4890074106061, -7.31434450452250,#c8102e
-24.4898523514757, -7.30203619310888,#c8102e
-24.4906635445188, -7.28972561145021,#c8102e
-24.4914409836378, -7.27741285207857,#c8102e
-24.4921846629894, -7.26509800754241,#c8102e
-24.4928945769836, -7.25278117040584,#c8102e
-24.4935707202843, -7.24046243324797,#c8102e
-24.4942130878094, -7.22814188866218,#c8102e
-24.4948216747306, -7.21581962925543,#c8102e
-24.4953964764734, -7.20349574764758,#c8102e
-24.4959374887173, -7.19117033647068,#c8102e
-24.4964447073959, -7.17884348836827,#c8102e
-24.4969181286966, -7.16651529599469,#c8102e
-24.4973577490610, -7.15418585201441,#c8102e
-24.4977635651846, -7.14185524910127,#c8102e
-24.4981355740173, -7.12952357993784,#c8102e
-24.4984737727628, -7.11719093721471,#c8102e
-24.4987781588790, -7.10485741362978,#c8102e
-24.4990487300781, -7.09252310188757,#c8102e
-24.4992854843262, -7.08018809469852,#c8102e
-24.4994884198439, -7.06785248477832,#c8102e
-24.4996575351058, -7.05551636484716,#c8102e
-24.4997928288407, -7.04317982762908,#c8102e
-24.4998943000317, -7.03084296585125,#c8102e
-24.4999619479161, -7.01850587224329,#c8102e
-24.4999957719854, -7.00616863953656,#c8102e
-24.4999957719854, -6.99383136046345,#c8102e
-24.4999619479161, -6.98149412775671,#c8102e
-24.4998943000317, -6.96915703414875,#c8102e
-24.4997928288407, -6.95682017237092,#c8102e
-24.4996575351058, -6.94448363515284,#c8102e
-24.4994884198439, -6.93214751522168,#c8102e
-24.4992854843262, -6.91981190530147,#c8102e
-24.4990487300781, -6.90747689811243,#c8102e
-24.4987781588790, -6.89514258637022,#c8102e
-24.4984737727628, -6.88280906278529,#c8102e
-24.4981355740173, -6.87047642006216,#c8102e
-24.4977635651846, -6.85814475089873,#c8102e
-24.4973577490610, -6.84581414798559,#c8102e
-24.4969181286966, -6.83348470400531,#c8102e
-24.4964447073959, -6.82115651163173,#c8102e
-24.4959374887173, -6.80882966352932,#c8102e
-24.4953964764734, -6.79650425235242,#c8102e
-24.4948216747306, -6.78418037074457,#c8102e
-24.4942130878094, -6.77185811133782,#c8102e
-24.4935707202843, -6.75953756675203,#c8102e
-24.4928945769836, -6.74721882959416,#c8102e
-24.4921846629894, -6.73490199245759,#c8102e
-24.4914409836378, -6.72258714792143,#c8102e
-24.4906635445188, -6.71027438854979,#c8102e
-24.4898523514757, -6.69796380689112,#c8102e
-24.4890074106061, -6.68565549547750,#c8102e
-24.4881287282608, -6.67334954682395,#c8102e
-24.4872163110444, -6.66104605342772,#c8102e
-24.4862701658151, -6.64874510776762,#c8102e
-24.4852902996846, -6.63644680230328,#c8102e
-24.4842767200179, -6.62415122947453,#c8102e
-24.4832294344336, -6.61185848170063,#c8102e
-24.4821484508037, -6.59956865137960,#c8102e
-24.4810337772532, -6.58728183088756,#c8102e
-24.4798854221607, -6.57499811257798,#c8102e
-24.4787033941576, -6.56271758878102,#c8102e
-24.4774877021286, -6.55044035180283,#c8102e
-24.4762383552115, -6.53816649392487,#c8102e
-24.4749553627969, -6.52589610740317,#c8102e
-24.4736387345284, -6.51362928446769,#c8102e
-24.4722884803023, -6.50136611732160,#c8102e
-24.4709046102679, -6.48910669814059,#c8102e
-24.4694871348270, -6.47685111907218,#c8102e
-24.4680360646339, -6.46459947223502,#c8102e
-24.4665514105955, -6.45235184971822,#c8102e
-24.4650331838713, -6.44010834358061,#c8102e
-24.4634813958729, -6.42786904585011,#c8102e
-24.4618960582643, -6.41563404852299,#c8102e
-24.4602771829616, -6.40340344356321,#c8102e
-24.4586247821330, -6.39117732290171,#c8102e
-24.4569388681988, -6.37895577843572,#c8102e
-24.4552194538311, -6.36673890202806,#c8102e
-24.4534665519538, -6.35452678550650,#c8102e
-24.4516801757425, -6.34231952066299,#c8102e
-24.4498603386245, -6.33011719925304,#c8102e
-24.4480070542785, -6.31791991299500,#c8102e
-24.4461203366346, -6.30572775356936,#c8102e
-24.4442001998744, -6.29354081261809,#c8102e
-24.4422466584304, -6.28135918174392,#c8102e
-24.4402597269864, -6.26918295250969,#c8102e
-24.4382394204771, -6.25701221643761,#c8102e
-24.4361857540881, -6.24484706500861,#c8102e
-24.4340987432556, -6.23268758966167,#c8102e
-24.4319784036666, -6.22053388179307,#c8102e
-24.4298247512587, -6.20838603275575,#c8102e
-24.4276378022195, -6.19624413385863,#c8102e
-24.4254175729874, -6.18410827636587,#c8102e
-24.4231640802504, -6.17197855149626,#c8102e
-24.4208773409471, -6.15985505042247,#c8102e
-24.4185573722655, -6.14773786427039,#c8102e
-24.4162041916436, -6.13562708411845,#c8102e
-24.4138178167690, -6.12352280099693,#c8102e
-24.4113982655789, -6.11142510588728,#c8102e
-24.4089455562597, -6.09933408972141,#c8102e
-24.4064597072471, -6.08724984338106,#c8102e
-24.4039407372259, -6.07517245769705,#c8102e
-24.4013886651299, -6.06310202344867,#c8102e
-24.3988035101416, -6.05103863136292,#c8102e
-24.3961852916924, -6.03898237211390,#c8102e
-24.3935340294618, -6.02693333632208,#c8102e
-24.3908497433781, -6.01489161455363,#c8102e
-24.3881324536176, -6.00285729731977,#c8102e
-24.3853821806046, -5.99083047507604,#c8102e
-24.3825989450117, -5.97881123822165,#c8102e
-24.3797827677588, -5.96679967709880,#c8102e
-24.3769336700136, -5.95479588199199,#c8102e
-24.3740516731914, -5.94279994312734,#c8102e
-24.3711367989545, -5.93081195067194,#c8102e
-24.3681890692125, -5.91883199473313,#c8102e
-24.3652085061218, -5.90686016535785,#c8102e
-24.3621951320859, -5.89489655253197,#c8102e
-24.3591489697547, -5.88294124617959,#c8102e
-24.3560700420244, -5.87099433616237,#c8102e
-24.3529583720378, -5.85905591227886,#c8102e
-24.3498139831837, -5.84712606426383,#c8102e
-24.3466368990966, -5.83520488178759,#c8102e
-24.3434271436572, -5.82329245445531,#c8102e
-24.3401847409914, -5.81138887180636,#c8102e
-24.3369097154705, -5.79949422331363,#c8102e
-24.3336020917113, -5.78760859838284,#c8102e
-24.3302618945754, -5.77573208635191,#c8102e
-24.3268891491692, -5.76386477649023,#c8102e
-24.3234838808440, -5.75200675799806,#c8102e
-24.3200461151951, -5.74015812000580,#c8102e
-24.3165758780627, -5.72831895157334,#c8102e
-24.3130731955304, -5.71648934168940,#c8102e
-24.3095380939262, -5.70466937927085,#c8102e
-24.3059705998216, -5.69285915316205,#c8102e
-24.3023707400314, -5.68105875213418,#c8102e
-24.2987385416139, -5.66926826488455,#c8102e
-24.2950740318704, -5.65748778003597,#c8102e
-24.2913772383450, -5.64571738613607,#c8102e
-24.2876481888247, -5.63395717165662,#c8102e
-24.2838869113386, -5.62220722499289,#c8102e
-24.2800934341583, -5.61046763446296,#c8102e
-24.2762677857973, -5.59873848830708,#c8102e
-24.2724099950111, -5.58701987468699,#c8102e
-24.2685200907964, -5.57531188168525,#c8102e
-24.2645981023918, -5.56361459730461,#c8102e
-24.2606440592766, -5.55192810946731,#c8102e
-24.2566579911714, -5.54025250601447,#c8102e
-24.2526399280372, -5.52858787470536,#c8102e
-24.2485899000757, -5.51693430321680,#c8102e
-24.2445079377288, -5.50529187914248,#c8102e
-24.2403940716784, -5.49366068999229,#c8102e
-24.2362483328463, -5.48204082319167,#c8102e
-24.2320707523938, -5.47043236608098,#c8102e
-24.2278613617216, -5.45883540591480,#c8102e
-24.2236201924693, -5.44725002986129,#c8102e
-24.2193472765156, -5.43567632500156,#c8102e
-24.2150426459777, -5.42411437832896,#c8102e
-24.2107063332112, -5.41256427674849,#c8102e
-24.2063383708099, -5.40102610707611,#c8102e
-24.2019387916054, -5.38949995603808,#c8102e
-24.1975076286671, -5.37798591027034,#c8102e
-24.1930449153015, -5.36648405631783,#c8102e
-24.1885506850526, -5.35499448063386,#c8102e
-24.1840249717011, -5.34351726957945,#c8102e
-24.1794678092643, -5.33205250942266,#c8102e
-24.1748792319961, -5.32060028633800,#c8102e
-24.1702592743862, -5.30916068640571,#c8102e
-24.1656079711605, -5.29773379561118,#c8102e
-24.1609253572803, -5.28631969984424,#c8102e
-24.1562114679423, -5.27491848489857,#c8102e
-24.1514663385784, -5.26353023647103,#c8102e
-24.1466900048551, -5.25215504016100,#c8102e
-24.1418825026736, -5.24079298146978,#c8102e
-24.1370438681694, -5.22944414579990,#c8102e
-24.1321741377118, -5.21810861845451,#c8102e
-24.1272733479040, -5.20678648463673,#c8102e
-24.1223415355826, -5.19547782944900,#c8102e
-24.1173787378176, -5.18418273789245,#c8102e
-24.1123849919115, -5.17290129486627,#c8102e
-24.1073603353996, -5.16163358516705,#c8102e
-24.1023048060498, -5.15037969348815,#c8102e
-24.0972184418616, -5.13913970441908,#c8102e
-24.0921012810665, -5.12791370244485,#c8102e
-24.0869533621276, -5.11670177194532,#c8102e
-24.0817747237390, -5.10550399719461,#c8102e
-24.0765654048257, -5.09432046236042,#c8102e
-24.0713254445435, -5.08315125150341,#c8102e
-24.0660548822782, -5.07199644857659,#c8102e
-24.0607537576460, -5.06085613742467,#c8102e
-24.0554221104926, -5.04973040178342,#c8102e
-24.0500599808930, -5.03861932527907,#c8102e
-24.0446674091517, -5.02752299142767,#c8102e
-24.0392444358015, -5.01644148363443,#c8102e
-24.0337911016043, -5.00537488519314,#c8102e
-24.0283074475497, -4.99432327928552,#c8102e
-24.0227935148554, -4.98328674898061,#c8102e
-24.0172493449668, -4.97226537723412,#c8102e
-24.0116749795565, -4.96125924688782,#c8102e
-24.0060704605239, -4.95026844066893,#c8102e
-24.0004358299953, -4.93929304118948,#c8102e
-23.9947711303231, -4.92833313094570,#c8102e
-23.9890764040859, -4.91738879231739,#c8102e
-23.9833516940879, -4.90646010756730,#c8102e
-23.9775970433587, -4.89554715884055,#c8102e
-23.9718124951530, -4.88465002816393,#c8102e
-23.9659980929500, -4.87376879744539,#c8102e
-23.9601538804536, -4.86290354847332,#c8102e
-23.9542799015917, -4.85205436291601,#c8102e
-23.9483762005157, -4.84122132232101,#c8102e
-23.9424428216006, -4.83040450811450,#c8102e
-23.9364798094445, -4.81960400160072,#c8102e
-23.9304872088682, -4.80881988396131,#c8102e
-23.9244650649149, -4.79805223625473,#c8102e
-23.9184134228497, -4.78730113941566,#c8102e
-23.9123323281597, -4.77656667425436,#c8102e
-23.9062218265533, -4.76584892145608,#c8102e
-23.9000819639597, -4.75514796158045,#c8102e
-23.8939127865291, -4.74446387506088,#c8102e
-23.8877143406319, -4.73379674220396,#c8102e
-23.8814866728585, -4.72314664318885,#c8102e
-23.8752298300189, -4.71251365806664,#c8102e
-23.8689438591426, -4.70189786675984,#c8102e
-23.8626288074777, -4.69129934906167,#c8102e
-23.8562847224913, -4.68071818463555,#c8102e
-23.8499116518683, -4.67015445301445,#c8102e
-23.8435096435118, -4.65960823360031,#c8102e
-23.8370787455423, -4.64907960566344,#c8102e
-23.8306190062973, -4.63856864834192,#c8102e
-23.8241304743313, -4.62807544064102,#c8102e
-23.8176131984152, -4.61760006143258,#c8102e
-23.8110672275358, -4.60714258945444,#c8102e
-23.8044926108956, -4.59670310330985,#c8102e
-23.7978893979127, -4.58628168146686,#c8102e
-23.7912576382197, -4.57587840225774,#c8102e
-23.7845973816642, -4.56549334387840,#c8102e
-23.7779086783077, -4.55512658438778,#c8102e
-23.7711915784256, -4.54477820170729,#c8102e
-23.7644461325068, -4.53444827362020,#c8102e
-23.7576723912532, -4.52413687777108,#c8102e
-23.7508704055795, -4.51384409166519,#c8102e
-23.7440402266124, -4.50356999266791,#c8102e
-23.7371819056909, -4.49331465800418,#c8102e
-23.7302954943652, -4.48307816475788,#c8102e
-23.7233810443969, -4.47286058987127,#c8102e
-23.7164386077582, -4.46266201014441,#c8102e
-23.7094682366316, -4.45248250223459,#c8102e
-23.7024699834098, -4.44232214265575,#c8102e
-23.6954439006949, -4.43218100777788,#c8102e
-23.6883900412982, -4.42205917382651,#c8102e
-23.6813084582398, -4.41195671688205,#c8102e
-23.6741992047482, -4.40187371287928,#c8102e
-23.6670623342598, -4.39181023760679,#c8102e
-23.6598979004188, -4.38176636670633,#c8102e
-23.6527059570763, -4.37174217567235,#c8102e
-23.6454865582903, -4.36173773985133,#c8102e
-23.6382397583252, -4.35175313444129,#c8102e
-23.6309656116514, -4.34178843449118,#c8102e
-23.6236641729447, -4.33184371490035,#c8102e
-23.6163354970862, -4.32191905041794,#c8102e
-23.6089796391616, -4.31201451564238,#c8102e
-23.6015966544609, -4.30213018502076,#c8102e
-23.5941865984781, -4.29226613284833,#c8102e
-23.5867495269108, -4.28242243326792,#c8102e
-23.5792854956592, -4.27259916026936,#c8102e
-23.5717945608267, -4.26279638768897,#c8102e
-23.5642767787186, -4.25301418920895,#c8102e
-23.5567322058420, -4.24325263835689,#c8102e
-23.5491608989055, -4.23351180850514,#c8102e
-23.5415629148185, -4.22379177287034,#c8102e
-23.5339383106910, -4.21409260451282,#c8102e
-23.5262871438332, -4.20441437633605,#c8102e
-23.5186094717548, -4.19475716108612,#c8102e
-23.5109053521647, -4.18512103135116,#c8102e
-23.5031748429706, -4.17550605956082,#c8102e
-23.4954180022788, -4.16591231798572,#c8102e
-23.4876348883933, -4.15633987873691,#c8102e
-23.4798255598155, -4.14678881376530,#c8102e
-23.4719900752440, -4.13725919486115,#c8102e
-23.4641284935740, -4.12775109365355,#c8102e
-23.4562408738969, -4.11826458160980,#c8102e
-23.4483272754995, -4.10879973003497,#c8102e
-23.4403877578644, -4.09935661007130,#c8102e
-23.4324223806684, -4.08993529269769,#c8102e
-23.4244312037833, -4.08053584872915,#c8102e
-23.4164142872742, -4.07115834881630,#c8102e
-23.4083716914003, -4.06180286344481,#c8102e
-23.4003034766133, -4.05246946293488,#c8102e
-23.3922097035578, -4.04315821744069,#c8102e
-23.3840904330702, -4.03386919694991,#c8102e
-23.3759457261789, -4.02460247128317,#c8102e
-23.3677756441033, -4.01535811009350,#c8102e
-23.3595802482535, -4.00613618286583,#c8102e
-23.3513596002299, -3.99693675891647,#c8102e
-23.3431137618227, -3.98775990739260,#c8102e
-23.3348427950116, -3.97860569727170,#c8102e
-23.3265467619650, -3.96947419736111,#c8102e
-23.3182257250397, -3.96036547629743,#c8102e
-23.3098797467806, -3.95127960254607,#c8102e
-23.3015088899199, -3.94221664440069,#c8102e
-23.2931132173768, -3.93317666998272,#c8102e
-23.2846927922572, -3.92415974724083,#c8102e
-23.2762476778529, -3.91516594395042,#c8102e
-23.2677779376414, -3.90619532771312,#c8102e
-23.2592836352851, -3.89724796595626,#c8102e
-23.2507648346313, -3.88832392593240,#c8102e
-23.2422215997111, -3.87942327471878,#c8102e
-23.2336539947395, -3.87054607921686,#c8102e
-23.2250620841148, -3.86169240615178,#c8102e
-23.2164459324175, -3.85286232207188,#c8102e
-23.2078056044109, -3.84405589334820,#c8102e
-23.1991411650395, -3.83527318617396,#c8102e
-23.1904526794295, -3.82651426656411,#c8102e
-23.1817402128875, -3.81777920035475,#c8102e
-23.1730038309004, -3.80906805320274,#c8102e
-23.1642435991350, -3.80038089058512,#c8102e
-23.1554595834374, -3.79171777779866,#c8102e
-23.1466518498322, -3.78307877995936,#c8102e
-23.1378204645225, -3.77446396200196,#c8102e
-23.1289654938890, -3.76587338867946,#c8102e
-23.1200870044900, -3.75730712456261,#c8102e
-23.1111850630603, -3.74876523403947,#c8102e
-23.1022597365110, -3.74024778131486,#c8102e
-23.0933110919290, -3.73175483040993,#c8102e
-23.0843391965766, -3.72328644516168,#c8102e
-23.0753441178907, -3.71484268922243,#c8102e
-23.0663259234824, -3.70642362605940,#c8102e
-23.0572846811368, -3.69802931895421,#c8102e
-23.0482204588121, -3.68965983100238,#c8102e
-23.0391333246392, -3.68131522511289,#c8102e
-23.0300233469212, -3.67299556400769,#c8102e
-23.0208905941330, -3.66470091022125,#c8102e
-23.0117351349205, -3.65643132610005,#c8102e
-23.0025570381007, -3.64818687380214,#c8102e
-22.9933563726601, -3.63996761529669,#c8102e
-22.9841332077555, -3.63177361236348,#c8102e
-22.9748876127123, -3.62360492659246,#c8102e
-22.9656196570249, -3.61546161938327,#c8102e
-22.9563294103554, -3.60734375194484,#c8102e
-22.9470169425337, -3.59925138529482,#c8102e
-22.9376823235567, -3.59118458025924,#c8102e
-22.9283256235878, -3.58314339747197,#c8102e
-22.9189469129561, -3.57512789737428,#c8102e
-22.9095462621566, -3.56713814021443,#c8102e
-22.9001237418489, -3.55917418604714,#c8102e
-22.8906794228570, -3.55123609473324,#c8102e
-22.8812133761690, -3.54332392593911,#c8102e
-22.8717256729359, -3.53543773913630,#c8102e
-22.8622163844718, -3.52757759360109,#c8102e
-22.8526855822530, -3.51974354841400,#c8102e
-22.8431333379174, -3.51193566245936,#c8102e
-22.8335597232641, -3.50415399442489,#c8102e
-22.8239648102529, -3.49639860280125,#c8102e
-22.8143486710037, -3.48866954588157,#c8102e
-22.8047113777959, -3.48096688176106,#c8102e
-22.7950530030677, -3.47329066833655,#c8102e
-22.7853736194162, -3.46564096330602,#c8102e
-22.7756732995960, -3.45801782416824,#c8102e
-22.7659521165193, -3.45042130822229,#c8102e
-22.7562101432550, -3.44285147256711,#c8102e
-22.7464474530285, -3.43530837410114,#c8102e
-22.7366641192205, -3.42779206952181,#c8102e
-22.7268602153672, -3.42030261532519,#c8102e
-22.7170358151593, -3.41284006780551,#c8102e
-22.7071909924416, -3.40540448305476,#c8102e
-22.6973258212125, -3.39799591696227,#c8102e
-22.6874403756230, -3.39061442521428,#c8102e
-22.6775347299769, -3.38326006329353,#c8102e
-22.6676089587296, -3.37593288647883,#c8102e
-22.6576631364878, -3.36863294984467,#c8102e
-22.6476973380090, -3.36136030826079,#c8102e
-22.6377116382008, -3.35411501639174,#c8102e
-22.6277061121203, -3.34689712869653,#c8102e
-22.6176808349738, -3.33970669942817,#c8102e
-22.6076358821159, -3.33254378263329,#c8102e
-22.5975713290492, -3.32540843215170,#c8102e
-22.5874872514235, -3.31830070161605,#c8102e
-22.5773837250355, -3.31122064445134,#c8102e
-22.5672608258281, -3.30416831387460,#c8102e
-22.5571186298896, -3.29714376289443,#c8102e
-22.5469572134535, -3.29014704431064,#c8102e
-22.5367766528978, -3.28317821071384,#c8102e
-22.5265770247444, -3.27623731448502,#c8102e
-22.5163584056583, -3.26932440779521,#c8102e
-22.5061208724476, -3.26243954260504,#c8102e
-22.4958645020623, -3.25558277066437,#c8102e
-22.4855893715940, -3.24875414351190,#c8102e
-22.4752955582754, -3.24195371247479,#c8102e
-22.4649831394797, -3.23518152866824,#c8102e
-22.4546521927198, -3.22843764299516,#c8102e
-22.4443027956479, -3.22172210614573,#c8102e
-22.4339350260549, -3.21503496859706,#c8102e
-22.4235489618699, -3.20837628061281,#c8102e
-22.4131446811592, -3.20174609224278,#c8102e
-22.4027222621264, -3.19514445332257,#c8102e
-22.3922817831113, -3.18857141347317,#c8102e
-22.3818233225893, -3.18202702210062,#c8102e
-22.3713469591710, -3.17551132839562,#c8102e
-22.3608527716019, -3.16902438133317,#c8102e
-22.3503408387610, -3.16256622967219,#c8102e
-22.3398112396609, -3.15613692195516,#c8102e
-22.3292640534471, -3.14973650650777,#c8102e
-22.3186993593972, -3.14336503143852,#c8102e
-22.3081172369202, -3.13702254463840,#c8102e
-22.2975177655563, -3.13070909378049,#c8102e
-22.2869010249763, -3.12442472631964,#c8102e
-22.2762670949803, -3.11816948949210,#c8102e
-22.2656160554980, -3.11194343031514,#c8102e
-22.2549479865876, -3.10574659558673,#c8102e
-22.2442629684353, -3.09957903188517,#c8102e
-22.2335610813547, -3.09344078556876,#c8102e
-22.2228424057861, -3.08733190277541,#c8102e
-22.2121070222961, -3.08125242942234,#c8102e
-22.2013550115769, -3.07520241120572,#c8102e
-22.1905864544455, -3.06918189360030,#c8102e
-22.1798014318436, -3.06319092185911,#c8102e
-22.1690000248364, -3.05722954101309,#c8102e
-22.1581823146122, -3.05129779587075,#c8102e
-22.1473483824821, -3.04539573101787,#c8102e
-22.1364983098789, -3.03952339081712,#c8102e
-22.1256321783568, -3.03368081940775,#c8102e
-22.1147500695909, -3.02786806070526,#c8102e
-22.1038520653760, -3.02208515840105,#c8102e
-22.0929382476267, -3.01633215596211,#c8102e
-22.0820086983763, -3.01060909663071,#c8102e
-22.0710634997764, -3.00491602342403,#c8102e
-22.0601027340962, -2.99925297913385,#c8102e
-22.0491264837220, -2.99362000632628,#c8102e
-22.0381348311564, -2.98801714734135,#c8102e
-22.0271278590178, -2.98244444429278,#c8102e
-22.0161056500397, -2.97690193906761,#c8102e
-22.0050682870702, -2.97138967332588,#c8102e
-21.9940158530713, -2.96590768850037,#c8102e
-21.9829484311182, -2.96045602579623,#c8102e
-21.9718661043988, -2.95503472619071,#c8102e
-21.9607689562131, -2.94964383043281,#c8102e
-21.9496570699724, -2.94428337904304,#c8102e
-21.9385305291989, -2.93895341231305,#c8102e
-21.9273894175248, -2.93365397030535,#c8102e
-21.9162338186919, -2.92838509285303,#c8102e
-21.9050638165509, -2.92314681955943,#c8102e
-21.8938794950608, -2.91793918979786,#c8102e
-21.8826809382882, -2.91276224271129,#c8102e
-21.8714682304065, -2.90761601721208,#c8102e
-21.8602414556958, -2.90250055198166,#c8102e
-21.8490006985418, -2.89741588547025,#c8102e
-21.8377460434352, -2.89236205589659,#c8102e
-21.8264775749713, -2.88733910124761,#c8102e
-21.8151953778492, -2.88234705927818,#c8102e
-21.8038995368710, -2.87738596751084,#c8102e
-21.7925901369417, -2.87245586323545,#c8102e
-21.7812672630679, -2.86755678350899,#c8102e
-21.7699310003577, -2.86268876515522,#c8102e
-21.7585814340197, -2.85785184476444,#c8102e
-21.7472186493625, -2.85304605869321,#c8102e
-21.7358427317941, -2.84827144306405,#c8102e
-21.7244537668214, -2.84352803376522,#c8102e
-21.7130518400489, -2.83881586645038,#c8102e
-21.7016370371789, -2.83413497653838,#c8102e
-21.6902094440105, -2.82948539921299,#c8102e
-21.6787691464387, -2.82486716942259,#c8102e
-21.6673162304542, -2.82028032187996,#c8102e
-21.6558507821424, -2.81572489106198,#c8102e
-21.6443728876830, -2.81120091120940,#c8102e
-21.6328826333492, -2.80670841632656,#c8102e
-21.6213801055071, -2.80224744018115,#c8102e
-21.6098653906151, -2.79781801630396,#c8102e
-21.5983385752232, -2.79342017798860,#c8102e
-21.5867997459723, -2.78905395829127,#c8102e
-21.5752489895935, -2.78471939003053,#c8102e
-21.5636863929079, -2.78041650578701,#c8102e
-21.5521120428252, -2.77614533790320,#c8102e
-21.5405260263438, -2.77190591848318,#c8102e
-21.5289284305494, -2.76769827939243,#c8102e
-21.5173193426150, -2.76352245225751,#c8102e
-21.5056988498001, -2.75937846846589,#c8102e
-21.4940670394495, -2.75526635916569,#c8102e
-21.4824239989935, -2.75118615526544,#c8102e
-21.4707698159466, -2.74713788743387,#c8102e
-21.4591045779070, -2.74312158609964,#c8102e
-21.4474283725561, -2.73913728145114,#c8102e
-21.4357412876578, -2.73518500343628,#c8102e
-21.4240434110576, -2.73126478176222,#c8102e
-21.4123348306822, -2.72737664589517,#c8102e
-21.4006156345387, -2.72352062506018,#c8102e
-21.3888859107142, -2.71969674824091,#c8102e
-21.3771457473748, -2.71590504417939,#c8102e
-21.3653952327648, -2.71214554137585,#c8102e
-21.3536344552068, -2.70841826808846,#c8102e
-21.3418635031002, -2.70472325233315,#c8102e
-21.3300824649210, -2.70106052188338,#c8102e
-21.3182914292210, -2.69743010426995,#c8102e
-21.3064904846270, -2.69383202678076,#c8102e
-21.2946797198406, -2.69026631646066,#c8102e
-21.2828592236368, -2.68673300011118,#c8102e
-21.2710290848642, -2.68323210429038,#c8102e
-21.2591893924435, -2.67976365531263,#c8102e
-21.2473402353674, -2.67632767924840,#c8102e
-21.2354817026997, -2.67292420192410,#c8102e
-21.2236138835747, -2.66955324892186,#c8102e
-21.2117368671964, -2.66621484557932,#c8102e
-21.1998507428380, -2.66290901698950,#c8102e
-21.1879555998413, -2.65963578800053,#c8102e
-21.1760515276155, -2.65639518321554,#c8102e
-21.1641386156374, -2.65318722699243,#c8102e
-21.1522169534499, -2.65001194344369,#c8102e
-21.1402866306618, -2.64686935643623,#c8102e
-21.1283477369470, -2.64375948959121,#c8102e
-21.1164003620437, -2.64068236628384,#c8102e
-21.1044445957541, -2.63763800964322,#c8102e
-21.0924805279432, -2.63462644255214,#c8102e
-21.0805082485386, -2.63164768764696,#c8102e
-21.0685278475294, -2.62870176731739,#c8102e
-21.0565394149661, -2.62578870370633,#c8102e
-21.0445430409592, -2.62290851870974,#c8102e
-21.0325388156791, -2.62006123397644,#c8102e
-21.0205268293552, -2.61724687090793,#c8102e
-21.0085071722751, -2.61446545065830,#c8102e
-20.9964799347842, -2.61171699413399,#c8102e
-20.9844452072849, -2.60900152199368,#c8102e
-20.9724030802357, -2.60631905464813,#c8102e
-20.9603536441510, -2.60366961226003,#c8102e
-20.9482969895999, -2.60105321474381,#c8102e
-20.9362332072058, -2.59846988176554,#c8102e
-20.9241623876459, -2.59591963274275,#c8102e
-20.9120846216499, -2.59340248684432,#c8102e
-20.9000000000000, -2.59091846299028,#c8102e
-20.9000000000000, -1.90000000000000,#c8102e
-20.8500000000000, -1.90000000000000,#c8102e
-20.8500000000000, -2.58100690201942,#c8102e
-20.8491594003818, -2.58084529431893,#c8102e
-20.8483187700377, -2.58068384652086,#c8102e
-20.8474781089981, -2.58052255863105,#c8102e
-20.8466374172934, -2.58036143065535,#c8102e
-20.8457966949540, -2.58020046259958,#c8102e
-20.8449559420103, -2.58003965446957,#c8102e
-20.8441151584928, -2.57987900627114,#c8102e
-20.8432743444319, -2.57971851801009,#c8102e
-20.8424334998581, -2.57955818969225,#c8102e
-20.8415926248016, -2.57939802132339,#c8102e
-20.8407517192930, -2.57923801290933,#c8102e
-20.8399107833627, -2.57907816445586,#c8102e
-20.8390698170412, -2.57891847596875,#c8102e
-20.8382288203587, -2.57875894745378,#c8102e
-20.8373877933459, -2.57859957891673,#c8102e
-20.8365467360331, -2.57844037036337,#c8102e
-20.8357056484507, -2.57828132179945,#c8102e
-20.8348645306292, -2.57812243323073,#c8102e
-20.8340233825990, -2.57796370466295,#c8102e
-20.8331822043905, -2.57780513610187,#c8102e
-20.8323409960342, -2.57764672755322,#c8102e
-20.8314997575606, -2.57748847902273,#c8102e
-20.8306584890000, -2.57733039051613,#c8102e
-20.8298171903830, -2.57717246203914,#c8102e
-20.8289758617398, -2.57701469359747,#c8102e
-20.8281345031011, -2.57685708519683,#c8102e
-20.8272931144972, -2.57669963684292,#c8102e
-20.8264516959585, -2.57654234854144,#c8102e
-20.8256102475156, -2.57638522029809,#c8102e
-20.8247687691989, -2.57622825211854,#c8102e
-20.8239272610388, -2.57607144400849,#c8102e
-20.8230857230657, -2.57591479597359,#c8102e
-20.8222441553102, -2.57575830801952,#c8102e
-20.8214025578026, -2.57560198015195,#c8102e
-20.8205609305734, -2.57544581237652,#c8102e
-20.8197192736532, -2.57528980469889,#c8102e
-20.8188775870722, -2.57513395712471,#c8102e
-20.8180358708610, -2.57497826965961,#c8102e
-20.8171941250501, -2.57482274230923,#c8102e
-20.8163523496699, -2.57466737507919,#c8102e
-20.8155105447508, -2.57451216797512,#c8102e
-20.8146687103233, -2.57435712100263,#c8102e
-20.8138268464179, -2.57420223416733,#c8102e
-20.8129849530651, -2.57404750747483,#c8102e
-20.8121430302953, -2.57389294093073,#c8102e
-20.8113010781389, -2.57373853454061,#c8102e
-20.8104590966264, -2.57358428831007,#c8102e
-20.8096170857884, -2.57343020224469,#c8102e
-20.8087750456552, -2.57327627635003,#c8102e
-20.8079329762574, -2.57312251063168,#c8102e
-20.8070908776253, -2.57296890509520,#c8102e
-20.8062487497895, -2.57281545974614,#c8102e
-20.8054065927805, -2.57266217459005,#c8102e
-20.8045644066287, -2.57250904963249,#c8102e
-20.8037221913646, -2.57235608487899,#c8102e
-20.8028799470186, -2.57220328033508,#c8102e
-20.8020376736213, -2.57205063600631,#c8102e
-20.8011953712031, -2.57189815189818,#c8102e
-20.8003530397945, -2.57174582801622,#c8102e
-20.7995106794260, -2.57159366436594,#c8102e
-20.7986682901280, -2.57144166095285,#c8102e
-20.7978258719310, -2.57128981778244,#c8102e
-20.7969834248656, -2.57113813486021,#c8102e
-20.7961409489622, -2.57098661219165,#c8102e
-20.7952984442513, -2.57083524978224,#c8102e
-20.7944559107633, -2.57068404763746,#c8102e
-20.7936133485288, -2.57053300576278,#c8102e
-20.7927707575782, -2.57038212416366,#c8102e
-20.7919281379421, -2.57023140284556,#c8102e
-20.7910854896508, -2.57008084181394,#c8102e
-20.7902428127350, -2.56993044107425,#c8102e
-20.7894001072251, -2.56978020063192,#c8102e
-20.7885573731516, -2.56963012049240,#c8102e
-20.7877146105450, -2.56948020066111,#c8102e
-20.7868718194358, -2.56933044114348,#c8102e
-20.7860289998544, -2.56918084194492,#c8102e
-20.7851861518314, -2.56903140307086,#c8102e
-20.7843432753973, -2.56888212452670,#c8102e
-20.7835003705825, -2.56873300631783,#c8102e
-20.7826574374177, -2.56858404844966,#c8102e
-20.7818144759332, -2.56843525092757,#c8102e
-20.7809714861595, -2.56828661375696,#c8102e
-20.7801284681273, -2.56813813694319,#c8102e
-20.7792854218669, -2.56798982049164,#c8102e
-20.7784423474089, -2.56784166440768,#c8102e
-20.7775992447838, -2.56769366869666,#c8102e
-20.7767561140221, -2.56754583336395,#c8102e
-20.7759129551543, -2.56739815841489,#c8102e
-20.7750697682109, -2.56725064385482,#c8102e
-20.7742265532224, -2.56710328968909,#c8102e
-20.7733833102194, -2.56695609592302,#c8102e
-20.7725400392323, -2.56680906256194,#c8102e
-20.7716967402917, -2.56666218961117,#c8102e
-20.7708534134280, -2.56651547707603,#c8102e
-20.7700100586719, -2.56636892496182,#c8102e
-20.7691666760537, -2.56622253327385,#c8102e
-20.7683232656040, -2.56607630201742,#c8102e
-20.7674798273534, -2.56593023119780,#c8102e
-20.7666363613324, -2.56578432082030,#c8102e
-20.7657928675714, -2.56563857089019,#c8102e
-20.7649493461010, -2.56549298141274,#c8102e
-20.7641057969517, -2.56534755239323,#c8102e
-20.7632622201541, -2.56520228383691,#c8102e
-20.7624186157387, -2.56505717574904,#c8102e
-20.7615749837359, -2.56491222813487,#c8102e
-20.7607313241764, -2.56476744099964,#c8102e
-20.7598876370906, -2.56462281434860,#c8102e
-20.7590439225090, -2.56447834818698,#c8102e
-20.7582001804623, -2.56433404252001,#c8102e
-20.7573564109809, -2.56418989735290,#c8102e
-20.7565126140954, -2.56404591269087,#c8102e
-20.7556687898362, -2.56390208853914,#c8102e
-20.7548249382340, -2.56375842490290,#c8102e
-20.7539810593193, -2.56361492178736,#c8102e
-20.7531371531225, -2.56347157919771,#c8102e
-20.7522932196743, -2.56332839713913,#c8102e
-20.7514492590051, -2.56318537561680,#c8102e
-20.7506052711456, -2.56304251463591,#c8102e
-20.7497612561262, -2.56289981420161,#c8102e
-20.7489172139774, -2.56275727431908,#c8102e
-20.7480731447300, -2.56261489499347,#c8102e
-20.7472290484142, -2.56247267622993,#c8102e
-20.7463849250608, -2.56233061803361,#c8102e
-20.7455407747002, -2.56218872040964,#c8102e
-20.7446965973631, -2.56204698336318,#c8102e
-20.7438523930798, -2.56190540689933,#c8102e
-20.7430081618811, -2.56176399102323,#c8102e
-20.7421639037974, -2.56162273573998,#c8102e
-20.7413196188593, -2.56148164105472,#c8102e
-20.7404753070973, -2.56134070697253,#c8102e
-20.7396309685420, -2.56119993349851,#c8102e
-20.7387866032240, -2.56105932063777,#c8102e
-20.7379422111737, -2.56091886839539,#c8102e
-20.7370977924218, -2.56077857677645,#c8102e
-20.7362533469988, -2.56063844578602,#c8102e
-20.7354088749352, -2.56049847542919,#c8102e
-20.7345643762616, -2.56035866571101,#c8102e
-20.7337198510086, -2.56021901663653,#c8102e
-20.7328752992068, -2.56007952821083,#c8102e
-20.7320307208866, -2.55994020043894,#c8102e
-20.7311861160787, -2.55980103332590,#c8102e
-20.7303414848135, -2.55966202687674,#c8102e
-20.7294968271218, -2.55952318109651,#c8102e
-20.7286521430340, -2.55938449599022,#c8102e
-20.7278074325806, -2.55924597156289,#c8102e
-20.7269626957924, -2.55910760781954,#c8102e
-20.7261179326997, -2.55896940476516,#c8102e
-20.7252731433333, -2.55883136240477,#c8102e
-20.7244283277236, -2.55869348074335,#c8102e
-20.7235834859012, -2.55855575978589,#c8102e
-20.7227386178967, -2.55841819953739,#c8102e
-20.7218937237407, -2.55828080000280,#c8102e
-20.7210488034638, -2.55814356118712,#c8102e
-20.7202038570964, -2.55800648309530,#c8102e
-20.7193588846693, -2.55786956573230,#c8102e
-20.7185138862129, -2.55773280910308,#c8102e
-20.7176688617579, -2.55759621321258,#c8102e
-20.7168238113347, -2.55745977806576,#c8102e
-20.7159787349741, -2.55732350366753,#c8102e
-20.7151336327065, -2.55718739002285,#c8102e
-20.7142885045626, -2.55705143713662,#c8102e
-20.7134433505729, -2.55691564501377,#c8102e
-20.7125981707680, -2.55678001365922,#c8102e
-20.7117529651785, -2.55664454307787,#c8102e
-20.7109077338349, -2.55650923327462,#c8102e
-20.7100624767680, -2.55637408425438,#c8102e
-20.7092171940081, -2.55623909602202,#c8102e
-20.7083718855860, -2.55610426858243,#c8102e
-20.7075265515323, -2.55596960194050,#c8102e
-20.7066811918774, -2.55583509610109,#c8102e
-20.7058358066520, -2.55570075106908,#c8102e
-20.7049903958867, -2.55556656684932,#c8102e
-20.7041449596120, -2.55543254344667,#c8102e
-20.7032994978587, -2.55529868086597,#c8102e
-20.7024540106571, -2.55516497911208,#c8102e
-20.7016084980381, -2.55503143818983,#c8102e
-20.7007629600320, -2.55489805810405,#c8102e
-20.6999173966696, -2.55476483885957,#c8102e
-20.6990718079814, -2.55463178046120,#c8102e
-20.6982261939981, -2.55449888291377,#c8102e
-20.6973805547502, -2.55436614622208,#c8102e
-20.6965348902683, -2.55423357039094,#c8102e
-20.6956892005830, -2.55410115542513,#c8102e
-20.6948434857250, -2.55396890132946,#c8102e
-20.6939977457248, -2.55383680810871,#c8102e
-20.6931519806130, -2.55370487576766,#c8102e
-20.6923061904202, -2.55357310431108,#c8102e
-20.6914603751771, -2.55344149374374,#c8102e
-20.6906145349142, -2.55331004407040,#c8102e
-20.6897686696622, -2.55317875529582,#c8102e
-20.6889227794516, -2.55304762742475,#c8102e
-20.6880768643131, -2.55291666046193,#c8102e
-20.6872309242772, -2.55278585441210,#c8102e
-20.6863849593746, -2.55265520928000,#c8102e
-20.6855389696359, -2.55252472507036,#c8102e
-20.6846929550918, -2.55239440178789,#c8102e
-20.6838469157727, -2.55226423943731,#c8102e
-20.6830008517093, -2.55213423802333,#c8102e
-20.6821547629323, -2.55200439755065,#c8102e
-20.6813086494722, -2.55187471802397,#c8102e
-20.6804625113597, -2.55174519944799,#c8102e
-20.6796163486254, -2.55161584182739,#c8102e
-20.6787701612999, -2.55148664516685,#c8102e
-20.6779239494139, -2.55135760947105,#c8102e
-20.6770777129978, -2.55122873474466,#c8102e
-20.6762314520824, -2.55110002099233,#c8102e
-20.6753851666983, -2.55097146821873,#c8102e
-20.6745388568762, -2.55084307642850,#c8102e
-20.6736925226465, -2.55071484562630,#c8102e
-20.6728461640400, -2.55058677581676,#c8102e
-20.6719997810872, -2.55045886700452,#c8102e
-20.6711533738189, -2.55033111919420,#c8102e
-20.6703069422656, -2.55020353239044,#c8102e
-20.6694604864579, -2.55007610659783,#c8102e
-20.6686140064266, -2.54994884182100,#c8102e
-20.6677675022021, -2.54982173806455,#c8102e
-20.6669209738152, -2.54969479533309,#c8102e
-20.6660744212964, -2.54956801363119,#c8102e
-20.6652278446765, -2.54944139296345,#c8102e
-20.6643812439860, -2.54931493333446,#c8102e
-20.6635346192555, -2.54918863474878,#c8102e
-20.6626879705158, -2.54906249721099,#c8102e
-20.6618412977974, -2.54893652072565,#c8102e
-20.6609946011310, -2.54881070529732,#c8102e
-20.6601478805472, -2.54868505093056,#c8102e
-20.6593011360766, -2.54855955762990,#c8102e
-20.6584543677499, -2.54843422539989,#c8102e
-20.6576075755978, -2.54830905424507,#c8102e
-20.6567607596508, -2.54818404416996,#c8102e
-20.6559139199396, -2.54805919517909,#c8102e
-20.6550670564949, -2.54793450727698,#c8102e
-20.6542201693473, -2.54780998046813,#c8102e
-20.6533732585274, -2.54768561475705,#c8102e
-20.6525263240659, -2.54756141014825,#c8102e
-20.6516793659934, -2.54743736664621,#c8102e
-20.6508323843406, -2.54731348425543,#c8102e
-20.6499853791381, -2.54718976298039,#c8102e
-20.6491383504166, -2.54706620282556,#c8102e
-20.6482912982067, -2.54694280379541,#c8102e
-20.6474442225391, -2.54681956589442,#c8102e
-20.6465971234444, -2.54669648912703,#c8102e
-20.6457500009532, -2.54657357349771,#c8102e
-20.6449028550963, -2.54645081901090,#c8102e
-20.6440556859042, -2.54632822567105,#c8102e
-20.6432084934077, -2.54620579348258,#c8102e
-20.6423612776374, -2.54608352244992,#c8102e
-20.6415140386239, -2.54596141257752,#c8102e
-20.6406667763979, -2.54583946386977,#c8102e
-20.6398194909900, -2.54571767633109,#c8102e
-20.6389721824310, -2.54559604996590,#c8102e
-20.6381248507514, -2.54547458477859,#c8102e
-20.6372774959820, -2.54535328077355,#c8102e
-20.6364301181533, -2.54523213795518,#c8102e
-20.6355827172961, -2.54511115632786,#c8102e
-20.6347352934410, -2.54499033589597,#c8102e
-20.6338878466187, -2.54486967666387,#c8102e
-20.6330403768598, -2.54474917863594,#c8102e
-20.6321928841951, -2.54462884181653,#c8102e
-20.6313453686551, -2.54450866621000,#c8102e
-20.6304978302705, -2.54438865182070,#c8102e
-20.6296502690721, -2.54426879865297,#c8102e
-20.6288026850904, -2.54414910671114,#c8102e
-20.6279550783562, -2.54402957599955,#c8102e
-20.6271074489000, -2.54391020652253,#c8102e
-20.6262597967527, -2.54379099828438,#c8102e
-20.6254121219448, -2.54367195128944,#c8102e
-20.6245644245070, -2.54355306554199,#c8102e
-20.6237167044701, -2.54343434104635,#c8102e
-20.6228689618646, -2.54331577780681,#c8102e
-20.6220211967212, -2.54319737582766,#c8102e
-20.6211734090707, -2.54307913511318,#c8102e
-20.6203255989437, -2.54296105566766,#c8102e
-20.6194777663708, -2.54284313749536,#c8102e
-20.6186299113829, -2.54272538060056,#c8102e
-20.6177820340104, -2.54260778498751,#c8102e
-20.6169341342842, -2.54249035066047,#c8102e
-20.6160862122348, -2.54237307762368,#c8102e
-20.6152382678930, -2.54225596588140,#c8102e
-20.6143903012895, -2.54213901543785,#c8102e
-20.6135423124549, -2.54202222629728,#c8102e
-20.6126943014199, -2.54190559846390,#c8102e
-20.6118462682153, -2.54178913194194,#c8102e
-20.6109982128716, -2.54167282673561,#c8102e
-20.6101501354196, -2.54155668284911,#c8102e
-20.6093020358900, -2.54144070028666,#c8102e
-20.6084539143135, -2.54132487905245,#c8102e
-20.6076057707206, -2.54120921915067,#c8102e
-20.6067576051422, -2.54109372058550,#c8102e
-20.6059094176089, -2.54097838336112,#c8102e
-20.6050612081515, -2.54086320748171,#c8102e
-20.6042129768005, -2.54074819295144,#c8102e
-20.6033647235867, -2.54063333977446,#c8102e
-20.6025164485409, -2.54051864795493,#c8102e
-20.6016681516936, -2.54040411749701,#c8102e
-20.6008198330755, -2.54028974840483,#c8102e
-20.5999714927175, -2.54017554068253,#c8102e
-20.5991231306501, -2.54006149433425,#c8102e
-20.5982747469041, -2.53994760936412,#c8102e
-20.5974263415101, -2.53983388577624,#c8102e
-20.5965779144989, -2.53972032357475,#c8102e
-20.5957294659012, -2.53960692276375,#c8102e
-20.5948809957476, -2.53949368334733,#c8102e
-20.5940325040689, -2.53938060532961,#c8102e
-20.5931839908957, -2.53926768871467,#c8102e
-20.5923354562589, -2.53915493350659,#c8102e
-20.5914869001890, -2.53904233970946,#c8102e
-20.5906383227167, -2.53892990732735,#c8102e
-20.5897897238729, -2.53881763636433,#c8102e
-20.5889411036881, -2.53870552682446,#c8102e
-20.5880924621931, -2.53859357871179,#c8102e
-20.5872437994186, -2.53848179203039,#c8102e
-20.5863951153953, -2.53837016678428,#c8102e
-20.5855464101540, -2.53825870297753,#c8102e
-20.5846976837252, -2.53814740061414,#c8102e
-20.5838489361398, -2.53803625969816,#c8102e
-20.5830001674285, -2.53792528023360,#c8102e
-20.5821513776219, -2.53781446222449,#c8102e
-20.5813025667507, -2.53770380567482,#c8102e
-20.5804537348458, -2.53759331058860,#c8102e
-20.5796048819377, -2.53748297696984,#c8102e
-20.5787560080573, -2.53737280482252,#c8102e
-20.5779071132352, -2.53726279415064,#c8102e
-20.5770581975021, -2.53715294495816,#c8102e
-20.5762092608888, -2.53704325724907,#c8102e
-20.5753603034260, -2.53693373102734,#c8102e
-20.5745113251444, -2.53682436629692,#c8102e
-20.5736623260746, -2.53671516306178,#c8102e
-20.5728133062476, -2.53660612132587,#c8102e
-20.5719642656939, -2.53649724109312,#c8102e
-20.5711152044442, -2.53638852236749,#c8102e
-20.5702661225294, -2.53627996515291,#c8102e
-20.5694170199801, -2.53617156945330,#c8102e
-20.5685678968270, -2.53606333527259,#c8102e
-20.5677187531009, -2.53595526261469,#c8102e
-20.5668695888326, -2.53584735148351,#c8102e
-20.5660204040526, -2.53573960188296,#c8102e
-20.5651711987918, -2.53563201381693,#c8102e
-20.5643219730809, -2.53552458728933,#c8102e
-20.5634727269505, -2.53541732230403,#c8102e
-20.5626234604315, -2.53531021886492,#c8102e
-20.5617741735546, -2.53520327697587,#c8102e
-20.5609248663505, -2.53509649664075,#c8102e
-20.5600755388499, -2.53498987786344,#c8102e
-20.5592261910836, -2.53488342064777,#c8102e
-20.5583768230823, -2.53477712499761,#c8102e
-20.5575274348766, -2.53467099091681,#c8102e
-20.5566780264975, -2.53456501840920,#c8102e
-20.5558285979755, -2.53445920747861,#c8102e
-20.5549791493415, -2.53435355812888,#c8102e
-20.5541296806262, -2.53424807036383,#c8102e
-20.5532801918602, -2.53414274418728,#c8102e
-20.5524306830744, -2.53403757960303,#c8102e
-20.5515811542995, -2.53393257661490,#c8102e
-20.5507316055662, -2.53382773522668,#c8102e
-20.5498820369053, -2.53372305544216,#c8102e
-20.5490324483474, -2.53361853726514,#c8102e
-20.5481828399234, -2.53351418069939,#c8102e
-20.5473332116640, -2.53340998574869,#c8102e
-20.5464835635999, -2.53330595241681,#c8102e
-20.5456338957619, -2.53320208070752,#c8102e
-20.5447842081808, -2.53309837062457,#c8102e
-20.5439345008871, -2.53299482217172,#c8102e
-20.5430847739118, -2.53289143535271,#c8102e
-20.5422350272855, -2.53278821017129,#c8102e
-20.5413852610391, -2.53268514663118,#c8102e
-20.5405354752031, -2.53258224473613,#c8102e
-20.5396856698085, -2.53247950448984,#c8102e
-20.5388358448859, -2.53237692589605,#c8102e
-20.5379860004662, -2.53227450895845,#c8102e
-20.5371361365799, -2.53217225368077,#c8102e
-20.5362862532580, -2.53207016006669,#c8102e
-20.5354363505311, -2.53196822811991,#c8102e
-20.5345864284300, -2.53186645784412,#c8102e
-20.5337364869855, -2.53176484924301,#c8102e
-20.5328865262283, -2.53166340232024,#c8102e
-20.5320365461892, -2.53156211707949,#c8102e
-20.5311865468988, -2.53146099352443,#c8102e
-20.5303365283881, -2.53136003165871,#c8102e
-20.5294864906877, -2.53125923148598,#c8102e
-20.5286364338284, -2.53115859300990,#c8102e
-20.5277863578409, -2.53105811623411,#c8102e
-20.5269362627561, -2.53095780116224,#c8102e
-20.5260861486046, -2.53085764779791,#c8102e
-20.5252360154172, -2.53075765614476,#c8102e
-20.5243858632248, -2.53065782620641,#c8102e
-20.5235356920580, -2.53055815798646,#c8102e
-20.5226855019476, -2.53045865148852,#c8102e
-20.5218352929244, -2.53035930671619,#c8102e
-20.5209850650191, -2.53026012367307,#c8102e
-20.5201348182625, -2.53016110236275,#c8102e
-20.5192845526854, -2.53006224278880,#c8102e
-20.5184342683186, -2.52996354495481,#c8102e
-20.5175839651928, -2.52986500886435,#c8102e
-20.5167336433387, -2.52976663452098,#c8102e
-20.5158833027872, -2.52966842192826,#c8102e
-20.5150329435690, -2.52957037108974,#c8102e
-20.5141825657148, -2.52947248200898,#c8102e
-20.5133321692555, -2.52937475468952,#c8102e
-20.5124817542219, -2.52927718913489,#c8102e
-20.5116313206446, -2.52917978534861,#c8102e
-20.5107808685545, -2.52908254333423,#c8102e
-20.5099303979823, -2.52898546309525,#c8102e
-20.5090799089588, -2.52888854463519,#c8102e
-20.5082294015149, -2.52879178795755,#c8102e
-20.5073788756811, -2.52869519306584,#c8102e
-20.5065283314885, -2.52859875996355,#c8102e
-20.5056777689676, -2.52850248865417,#c8102e
-20.5048271881493, -2.52840637914118,#c8102e
-20.5039765890643, -2.52831043142806,#c8102e
-20.5031259717436, -2.52821464551829,#c8102e
-20.5022753362177, -2.52811902141533,#c8102e
-20.5014246825175, -2.52802355912263,#c8102e
-20.5005740106738, -2.52792825864366,#c8102e
-20.4997233207174, -2.52783311998186,#c8102e
-20.4988726126790, -2.52773814314068,#c8102e
-20.4980218865895, -2.52764332812354,#c8102e
-20.4971711424795, -2.52754867493389,#c8102e
-20.4963203803799, -2.52745418357514,#c8102e
-20.4954696003215, -2.52735985405072,#c8102e
-20.4946188023351, -2.52726568636404,#c8102e
-20.4937679864514, -2.52717168051850,#c8102e
-20.4929171527013, -2.52707783651751,#c8102e
-20.4920663011154, -2.52698415436446,#c8102e
-20.4912154317247, -2.52689063406275,#c8102e
-20.4903645445598, -2.52679727561575,#c8102e
-20.4895136396516, -2.52670407902685,#c8102e
-20.4886627170309, -2.52661104429942,#c8102e
-20.4878117767285, -2.52651817143682,#c8102e
-20.4869608187751, -2.52642546044241,#c8102e
-20.4861098432015, -2.52633291131955,#c8102e
-20.4852588500386, -2.52624052407159,#c8102e
-20.4844078393171, -2.52614829870187,#c8102e
-20.4835568110678, -2.52605623521373,#c8102e
-20.4827057653215, -2.52596433361050,#c8102e
-20.4818547021091, -2.52587259389550,#c8102e
-20.4810036214612, -2.52578101607205,#c8102e
-20.4801525234087, -2.52568960014348,#c8102e
-20.4793014079824, -2.52559834611307,#c8102e
-20.4784502752131, -2.52550725398415,#c8102e
-20.4775991251316, -2.52541632375999,#c8102e
-20.4767479577687, -2.52532555544390,#c8102e
-20.4758967731551, -2.52523494903916,#c8102e
-20.4750455713217, -2.52514450454904,#c8102e
-20.4741943522993, -2.52505422197683,#c8102e
-20.4733431161187, -2.52496410132578,#c8102e
-20.4724918628107, -2.52487414259915,#c8102e
-20.4716405924060, -2.52478434580020,#c8102e
-20.4707893049356, -2.52469471093219,#c8102e
-20.4699380004301, -2.52460523799835,#c8102e
-20.4690866789204, -2.52451592700193,#c8102e
-20.4682353404373, -2.52442677794614,#c8102e
-20.4673839850116, -2.52433779083423,#c8102e
-20.4665326126741, -2.52424896566940,#c8102e
-20.4656812234557, -2.52416030245487,#c8102e
-20.4648298173870, -2.52407180119386,#c8102e
-20.4639783944990, -2.52398346188956,#c8102e
-20.4631269548224, -2.52389528454517,#c8102e
-20.4622754983880, -2.52380726916388,#c8102e
-20.4614240252268, -2.52371941574888,#c8102e
-20.4605725353693, -2.52363172430334,#c8102e
-20.4597210288466, -2.52354419483044,#c8102e
-20.4588695056893, -2.52345682733334,#c8102e
-20.4580179659283, -2.52336962181521,#c8102e
-20.4571664095944, -2.52328257827920,#c8102e
-20.4563148367184, -2.52319569672845,#c8102e
-20.4554632473312, -2.52310897716613,#c8102e
-20.4546116414635, -2.52302241959535,#c8102e
-20.4537600191462, -2.52293602401926,#c8102e
-20.4529083804100, -2.52284979044098,#c8102e
-20.4520567252859, -2.52276371886363,#c8102e
-20.4512050538045, -2.52267780929033,#c8102e
-20.4503533659968, -2.52259206172418,#c8102e
-20.4495016618935, -2.52250647616828,#c8102e
-20.4486499415255, -2.52242105262574,#c8102e
-20.4477982049235, -2.52233579109964,#c8102e
-20.4469464521185, -2.52225069159307,#c8102e
-20.4460946831411, -2.52216575410911,#c8102e
-20.4452428980223, -2.52208097865083,#c8102e
-20.4443910967929, -2.52199636522130,#c8102e
-20.4435392794836, -2.52191191382359,#c8102e
-20.4426874461254, -2.52182762446073,#c8102e
-20.4418355967489, -2.52174349713580,#c8102e
-20.4409837313851, -2.52165953185182,#c8102e
-20.4401318500648, -2.52157572861185,#c8102e
-20.4392799528188, -2.52149208741890,#c8102e
-20.4384280396779, -2.52140860827601,#c8102e
-20.4375761106730, -2.52132529118620,#c8102e
-20.4367241658348, -2.52124213615249,#c8102e
-20.4358722051942, -2.52115914317787,#c8102e
-20.4350202287820, -2.52107631226536,#c8102e
-20.4341682366291, -2.52099364341796,#c8102e
-20.4333162287663, -2.52091113663864,#c8102e
-20.4324642052244, -2.52082879193041,#c8102e
-20.4316121660342, -2.52074660929623,#c8102e
-20.4307601112267, -2.52066458873908,#c8102e
-20.4299080408325, -2.52058273026194,#c8102e
-20.4290559548825, -2.52050103386775,#c8102e
-20.4282038534076, -2.52041949955949,#c8102e
-20.4273517364386, -2.52033812734009,#c8102e
-20.4264996040064, -2.52025691721250,#c8102e
-20.4256474561417, -2.52017586917967,#c8102e
-20.4247952928754, -2.52009498324452,#c8102e
-20.4239431142383, -2.52001425940998,#c8102e
-20.4230909202613, -2.51993369767897,#c8102e
-20.4222387109752, -2.51985329805440,#c8102e
-20.4213864864108, -2.51977306053920,#c8102e
-20.4205342465991, -2.51969298513625,#c8102e
-20.4196819915707, -2.51961307184845,#c8102e
-20.4188297213566, -2.51953332067871,#c8102e
-20.4179774359876, -2.51945373162990,#c8102e
-20.4171251354945, -2.51937430470490,#c8102e
-20.4162728199082, -2.51929503990659,#c8102e
-20.4154204892595, -2.51921593723783,#c8102e
-20.4145681435792, -2.51913699670150,#c8102e
-20.4137157828982, -2.51905821830043,#c8102e
-20.4128634072474, -2.51897960203749,#c8102e
-20.4120110166575, -2.51890114791552,#c8102e
-20.4111586111595, -2.51882285593736,#c8102e
-20.4103061907841, -2.51874472610584,#c8102e
-20.4094537555622, -2.51866675842379,#c8102e
-20.4086013055247, -2.51858895289402,#c8102e
-20.4077488407024, -2.51851130951936,#c8102e
-20.4068963611261, -2.51843382830262,#c8102e
-20.4060438668267, -2.51835650924659,#c8102e
-20.4051913578350, -2.51827935235408,#c8102e
-20.4043388341819, -2.51820235762787,#c8102e
-20.4034862958983, -2.51812552507076,#c8102e
-20.4026337430149, -2.51804885468552,#c8102e
-20.4017811755626, -2.51797234647492,#c8102e
-20.4009285935724, -2.51789600044175,#c8102e
-20.4000759970749, -2.51781981658875,#c8102e
-20.3992233861011, -2.51774379491868,#c8102e
-20.3983707606819, -2.51766793543431,#c8102e
-20.3975181208480, -2.51759223813836,#c8102e
-20.3966654666303, -2.51751670303358,#c8102e
-20.3958127980598, -2.51744133012270,#c8102e
-20.3949601151671, -2.51736611940846,#c8102e
-20.3941074179833, -2.51729107089356,#c8102e
-20.3932547065391, -2.51721618458074,#c8102e
-20.3924019808653, -2.51714146047269,#c8102e
-20.3915492409930, -2.51706689857212,#c8102e
-20.3906964869528, -2.51699249888172,#c8102e
-20.3898437187757, -2.51691826140420,#c8102e
-20.3889909364925, -2.51684418614224,#c8102e
-20.3881381401341, -2.51677027309851,#c8102e
-20.3872853297314, -2.51669652227569,#c8102e
-20.3864325053151, -2.51662293367646,#c8102e
-20.3855796669162, -2.51654950730346,#c8102e
-20.3847268145655, -2.51647624315937,#c8102e
-20.3838739482938, -2.51640314124683,#c8102e
-20.3830210681321, -2.51633020156848,#c8102e
-20.3821681741111, -2.51625742412697,#c8102e
-20.3813152662619, -2.51618480892492,#c8102e
-20.3804623446151, -2.51611235596497,#c8102e
-20.3796094092017, -2.51604006524974,#c8102e
-20.3787564600525, -2.51596793678184,#c8102e
-20.3779034971985, -2.51589597056389,#c8102e
-20.3770505206704, -2.51582416659848,#c8102e
-20.3761975304991, -2.51575252488822,#c8102e
-20.3753445267155, -2.51568104543570,#c8102e
-20.3744915093505, -2.51560972824349,#c8102e
-20.3736384784349, -2.51553857331420,#c8102e
-20.3727854339996, -2.51546758065038,#c8102e
-20.3719323760754, -2.51539675025461,#c8102e
-20.3710793046933, -2.51532608212945,#c8102e
-20.3702262198840, -2.51525557627746,#c8102e
-20.3693731216785, -2.51518523270119,#c8102e
-20.3685200101077, -2.51511505140319,#c8102e
-20.3676668852023, -2.51504503238598,#c8102e
-20.3668137469933, -2.51497517565212,#c8102e
-20.3659605955115, -2.51490548120412,#c8102e
-20.3651074307879, -2.51483594904451,#c8102e
-20.3642542528532, -2.51476657917580,#c8102e
-20.3634010617383, -2.51469737160050,#c8102e
-20.3625478574742, -2.51462832632112,#c8102e
-20.3616946400916, -2.51455944334016,#c8102e
-20.3608414096216, -2.51449072266010,#c8102e
-20.3599881660948, -2.51442216428344,#c8102e
-20.3591349095423, -2.51435376821265,#c8102e
-20.3582816399948, -2.51428553445021,#c8102e
-20.3574283574834, -2.51421746299860,#c8102e
-20.3565750620387, -2.51414955386026,#c8102e
-20.3557217536918, -2.51408180703767,#c8102e
-20.3548684324734, -2.51401422253326,#c8102e
-20.3540150984145, -2.51394680034949,#c8102e
-20.3531617515459, -2.51387954048880,#c8102e
-20.3523083918986, -2.51381244295361,#c8102e
-20.3514550195034, -2.51374550774637,#c8102e
-20.3506016343911, -2.51367873486948,#c8102e
-20.3497482365927, -2.51361212432537,#c8102e
-20.3488948261390, -2.51354567611644,#c8102e
-20.3480414030609, -2.51347939024511,#c8102e
-20.3471879673893, -2.51341326671376,#c8102e
-20.3463345191551, -2.51334730552480,#c8102e
-20.3454810583891, -2.51328150668060,#c8102e
-20.3446275851223, -2.51321587018355,#c8102e
-20.3437740993855, -2.51315039603602,#c8102e
-20.3429206012096, -2.51308508424039,#c8102e
-20.3420670906254, -2.51301993479901,#c8102e
-20.3412135676640, -2.51295494771425,#c8102e
-20.3403600323561, -2.51289012298845,#c8102e
-20.3395064847326, -2.51282546062397,#c8102e
-20.3386529248244, -2.51276096062313,#c8102e
-20.3377993526625, -2.51269662298828,#c8102e
-20.3369457682776, -2.51263244772173,#c8102e
-20.3360921717007, -2.51256843482583,#c8102e
-20.3352385629626, -2.51250458430287,#c8102e
-20.3343849420944, -2.51244089615518,#c8102e
-20.3335313091267, -2.51237737038505,#c8102e
-20.3326776640906, -2.51231400699478,#c8102e
-20.3318240070168, -2.51225080598667,#c8102e
-20.3309703379364, -2.51218776736301,#c8102e
-20.3301166568802, -2.51212489112606,#c8102e
-20.3292629638791, -2.51206217727812,#c8102e
-20.3284092589639, -2.51199962582145,#c8102e
-20.3275555421655, -2.51193723675831,#c8102e
-20.3267018135150, -2.51187501009096,#c8102e
-20.3258480730430, -2.51181294582165,#c8102e
-20.3249943207807, -2.51175104395263,#c8102e
-20.3241405567587, -2.51168930448613,#c8102e
-20.3232867810080, -2.51162772742440,#c8102e
-20.3224329935596, -2.51156631276965,#c8102e
-20.3215791944442, -2.51150506052412,#c8102e
-20.3207253836929, -2.51144397069001,#c8102e
-20.3198715613365, -2.51138304326954,#c8102e
-20.3190177274058, -2.51132227826492,#c8102e
-20.3181638819318, -2.51126167567833,#c8102e
-20.3173100249454, -2.51120123551198,#c8102e
-20.3164561564775, -2.51114095776806,#c8102e
-20.3156022765589, -2.51108084244873,#c8102e
-20.3147483852206, -2.51102088955618,#c8102e
-20.3138944824935, -2.51096109909258,#c8102e
-20.3130405684084, -2.51090147106008,#c8102e
-20.3121866429963, -2.51084200546086,#c8102e
-20.3113327062881, -2.51078270229705,#c8102e
-20.3104787583146, -2.51072356157081,#c8102e
-20.3096247991067, -2.51066458328428,#c8102e
-20.3087708286955, -2.51060576743958,#c8102e
-20.3079168471116, -2.51054711403886,#c8102e
-20.3070628543862, -2.51048862308422,#c8102e
-20.3062088505499, -2.51043029457779,#c8102e
-20.3053548356339, -2.51037212852167,#c8102e
-20.3045008096689, -2.51031412491798,#c8102e
-20.3036467726858, -2.51025628376881,#c8102e
-20.3027927247157, -2.51019860507625,#c8102e
-20.3019386657893, -2.51014108884239,#c8102e
-20.3010845959375, -2.51008373506931,#c8102e
-20.3002305151914, -2.51002654375909,#c8102e
-20.2993764235817, -2.50996951491380,#c8102e
-20.2985223211394, -2.50991264853549,#c8102e
-20.2976682078953, -2.50985594462623,#c8102e
-20.2968140838805, -2.50979940318807,#c8102e
-20.2959599491258, -2.50974302422306,#c8102e
-20.2951058036621, -2.50968680773323,#c8102e
-20.2942516475202, -2.50963075372062,#c8102e
-20.2933974807312, -2.50957486218726,#c8102e
-20.2925433033259, -2.50951913313517,#c8102e
-20.2916891153353, -2.50946356656636,#c8102e
-20.2908349167902, -2.50940816248285,#c8102e
-20.2899807077215, -2.50935292088664,#c8102e
-20.2891264881602, -2.50929784177974,#c8102e
-20.2882722581372, -2.50924292516412,#c8102e
-20.2874180176833, -2.50918817104179,#c8102e
-20.2865637668295, -2.50913357941472,#c8102e
-20.2857095056067, -2.50907915028488,#c8102e
-20.2848552340459, -2.50902488365425,#c8102e
-20.2840009521778, -2.50897077952480,#c8102e
-20.2831466600334, -2.50891683789847,#c8102e
-20.2822923576437, -2.50886305877722,#c8102e
-20.2814380450396, -2.50880944216299,#c8102e
-20.2805837222519, -2.50875598805773,#c8102e
-20.2797293893116, -2.50870269646337,#c8102e
-20.2788750462496, -2.50864956738184,#c8102e
-20.2780206930967, -2.50859660081506,#c8102e
-20.2771663298840, -2.50854379676495,#c8102e
-20.2763119566424, -2.50849115523341,#c8102e
-20.2754575734026, -2.50843867622236,#c8102e
-20.2746031801958, -2.50838635973369,#c8102e
-20.2737487770527, -2.50833420576929,#c8102e
-20.2728943640042, -2.50828221433106,#c8102e
-20.2720399410814, -2.50823038542086,#c8102e
-20.2711855083152, -2.50817871904059,#c8102e
-20.2703310657363, -2.50812721519210,#c8102e
-20.2694766133759, -2.50807587387727,#c8102e
-20.2686221512647, -2.50802469509794,#c8102e
-20.2677676794336, -2.50797367885597,#c8102e
-20.2669131979137, -2.50792282515322,#c8102e
-20.2660587067359, -2.50787213399150,#c8102e
-20.2652042059309, -2.50782160537267,#c8102e
-20.2643496955299, -2.50777123929855,#c8102e
-20.2634951755636, -2.50772103577096,#c8102e
-20.2626406460631, -2.50767099479172,#c8102e
-20.2617861070591, -2.50762111636264,#c8102e
-20.2609315585827, -2.50757140048553,#c8102e
-20.2600770006648, -2.50752184716217,#c8102e
-20.2592224333363, -2.50747245639437,#c8102e
-20.2583678566281, -2.50742322818392,#c8102e
-20.2575132705711, -2.50737416253259,#c8102e
-20.2566586751962, -2.50732525944215,#c8102e
-20.2558040705345, -2.50727651891439,#c8102e
-20.2549494566167, -2.50722794095106,#c8102e
-20.2540948334739, -2.50717952555392,#c8102e
-20.2532402011369, -2.50713127272473,#c8102e
-20.2523855596367, -2.50708318246522,#c8102e
-20.2515309090042, -2.50703525477714,#c8102e
-20.2506762492703, -2.50698748966222,#c8102e
-20.2498215804660, -2.50693988712220,#c8102e
-20.2489669026221, -2.50689244715879,#c8102e
-20.2481122157696, -2.50684516977371,#c8102e
-20.2472575199395, -2.50679805496866,#c8102e
-20.2464028151626, -2.50675110274537,#c8102e
-20.2455481014698, -2.50670431310552,#c8102e
-20.2446933788922, -2.50665768605081,#c8102e
-20.2438386474606, -2.50661122158292,#c8102e
-20.2429839072060, -2.50656491970353,#c8102e
-20.2421291581592, -2.50651878041433,#c8102e
-20.2412744003513, -2.50647280371698,#c8102e
-20.2404196338131, -2.50642698961315,#c8102e
-20.2395648585756, -2.50638133810448,#c8102e
-20.2387100746696, -2.50633584919264,#c8102e
-20.2378552821262, -2.50629052287927,#c8102e
-20.2370004809763, -2.50624535916601,#c8102e
-20.2361456712507, -2.50620035805450,#c8102e
-20.2352908529805, -2.50615551954635,#c8102e
-20.2344360261965, -2.50611084364321,#c8102e
-20.2335811909297, -2.50606633034667,#c8102e
-20.2327263472110, -2.50602197965835,#c8102e
-20.2318714950714, -2.50597779157987,#c8102e
-20.2310166345417, -2.50593376611281,#c8102e
-20.2301617656530, -2.50588990325876,#c8102e
-20.2293068884360, -2.50584620301933,#c8102e
-20.2284520029219, -2.50580266539608,#c8102e
-20.2275971091415, -2.50575929039059,#c8102e
-20.2267422071256, -2.50571607800444,#c8102e
-20.2258872969054, -2.50567302823918,#c8102e
-20.2250323785117, -2.50563014109638,#c8102e
-20.2241774519754, -2.50558741657758,#c8102e
-20.2233225173275, -2.50554485468433,#c8102e
-20.2224675745989, -2.50550245541817,#c8102e
-20.2216126238206, -2.50546021878064,#c8102e
-20.2207576650234, -2.50541814477327,#c8102e
-20.2199026982384, -2.50537623339756,#c8102e
-20.2190477234964, -2.50533448465506,#c8102e
-20.2181927408284, -2.50529289854725,#c8102e
-20.2173377502654, -2.50525147507565,#c8102e
-20.2164827518381, -2.50521021424176,#c8102e
-20.2156277455777, -2.50516911604707,#c8102e
-20.2147727315151, -2.50512818049307,#c8102e
-20.2139177096811, -2.50508740758123,#c8102e
-20.2130626801067, -2.50504679731304,#c8102e
-20.2122076428229, -2.50500634968996,#c8102e
-20.2113525978606, -2.50496606471346,#c8102e
-20.2104975452507, -2.50492594238499,#c8102e
-20.2096424850241, -2.50488598270601,#c8102e
-20.2087874172119, -2.50484618567796,#c8102e
-20.2079323418449, -2.50480655130228,#c8102e
-20.2070772589542, -2.50476707958041,#c8102e
-20.2062221685705, -2.50472777051377,#c8102e
-20.2053670707249, -2.50468862410379,#c8102e
-20.2045119654484, -2.50464964035188,#c8102e
-20.2036568527717, -2.50461081925946,#c8102e
-20.2028017327260, -2.50457216082792,#c8102e
-20.2019466053421, -2.50453366505867,#c8102e
-20.2010914706510, -2.50449533195311,#c8102e
-20.2002363286836, -2.50445716151260,#c8102e
-20.1993811794709, -2.50441915373855,#c8102e
-20.1985260230437, -2.50438130863232,#c8102e
-20.1976708594331, -2.50434362619528,#c8102e
-20.1968156886700, -2.50430610642880,#c8102e
-20.1959605107854, -2.50426874933424,#c8102e
-20.1951053258101, -2.50423155491294,#c8102e
-20.1942501337751, -2.50419452316625,#c8102e
-20.1933949347114, -2.50415765409551,#c8102e
-20.1925397286499, -2.50412094770206,#c8102e
-20.1916845156216, -2.50408440398722,#c8102e
-20.1908292956573, -2.50404802295232,#c8102e
-20.1899740687881, -2.50401180459867,#c8102e
-20.1891188350449, -2.50397574892759,#c8102e
-20.1882635944587, -2.50393985594037,#c8102e
-20.1874083470603, -2.50390412563832,#c8102e
-20.1865530928807, -2.50386855802273,#c8102e
-20.1856978319509, -2.50383315309488,#c8102e
-20.1848425643019, -2.50379791085606,#c8102e
-20.1839872899645, -2.50376283130755,#c8102e
-20.1831320089697, -2.50372791445060,#c8102e
-20.1822767213485, -2.50369316028649,#c8102e
-20.1814214271317, -2.50365856881648,#c8102e
-20.1805661263505, -2.50362414004181,#c8102e
-20.1797108190356, -2.50358987396373,#c8102e
-20.1788555052182, -2.50355577058348,#c8102e
-20.1780001849290, -2.50352182990229,#c8102e
-20.1771448581990, -2.50348805192140,#c8102e
-20.1762895250593, -2.50345443664202,#c8102e
-20.1754341855407, -2.50342098406537,#c8102e
-20.1745788396742, -2.50338769419266,#c8102e
-20.1737234874908, -2.50335456702510,#c8102e
-20.1728681290214, -2.50332160256388,#c8102e
-20.1720127642969, -2.50328880081020,#c8102e
-20.1711573933483, -2.50325616176525,#c8102e
-20.1703020162066, -2.50322368543020,#c8102e
-20.1694466329026, -2.50319137180623,#c8102e
-20.1685912434675, -2.50315922089451,#c8102e
-20.1677358479320, -2.50312723269620,#c8102e
-20.1668804463272, -2.50309540721246,#c8102e
-20.1660250386840, -2.50306374444445,#c8102e
-20.1651696250333, -2.50303224439330,#c8102e
-20.1643142054062, -2.50300090706016,#c8102e
-20.1634587798335, -2.50296973244616,#c8102e
-20.1626033483463, -2.50293872055243,#c8102e
-20.1617479109754, -2.50290787138010,#c8102e
-20.1608924677518, -2.50287718493027,#c8102e
-20.1600370187065, -2.50284666120405,#c8102e
-20.1591815638705, -2.50281630020256,#c8102e
-20.1583261032746, -2.50278610192690,#c8102e
-20.1574706369499, -2.50275606637814,#c8102e
-20.1566151649272, -2.50272619355739,#c8102e
-20.1557596872377, -2.50269648346572,#c8102e
-20.1549042039121, -2.50266693610420,#c8102e
-20.1540487149814, -2.50263755147391,#c8102e
-20.1531932204767, -2.50260832957591,#c8102e
-20.1523377204288, -2.50257927041126,#c8102e
-20.1514822148688, -2.50255037398100,#c8102e
-20.1506267038275, -2.50252164028619,#c8102e
-20.1497711873360, -2.50249306932786,#c8102e
-20.1489156654252, -2.50246466110704,#c8102e
-20.1480601381260, -2.50243641562478,#c8102e
-20.1472046054694, -2.50240833288207,#c8102e
-20.1463490674864, -2.50238041287996,#c8102e
-20.1454935242078, -2.50235265561943,#c8102e
-20.1446379756648, -2.50232506110150,#c8102e
-20.1437824218882, -2.50229762932717,#c8102e
-20.1429268629089, -2.50227036029743,#c8102e
-20.1420712987580, -2.50224325401326,#c8102e
-20.1412157294664, -2.50221631047565,#c8102e
-20.1403601550651, -2.50218952968557,#c8102e
-20.1395045755850, -2.50216291164399,#c8102e
-20.1386489910570, -2.50213645635188,#c8102e
-20.1377934015122, -2.50211016381018,#c8102e
-20.1369378069815, -2.50208403401986,#c8102e
-20.1360822074958, -2.50205806698185,#c8102e
-20.1352266030862, -2.50203226269710,#c8102e
-20.1343709937835, -2.50200662116654,#c8102e
-20.1335153796187, -2.50198114239110,#c8102e
-20.1326597606229, -2.50195582637170,#c8102e
-20.1318041368268, -2.50193067310926,#c8102e
-20.1309485082616, -2.50190568260468,#c8102e
-20.1300928749582, -2.50188085485888,#c8102e
-20.1292372369475, -2.50185618987274,#c8102e
-20.1283815942604, -2.50183168764717,#c8102e
-20.1275259469280, -2.50180734818304,#c8102e
-20.1266702949813, -2.50178317148124,#c8102e
-20.1258146384510, -2.50175915754265,#c8102e
-20.1249589773684, -2.50173530636813,#c8102e
-20.1241033117642, -2.50171161795854,#c8102e
-20.1232476416694, -2.50168809231475,#c8102e
-20.1223919671151, -2.50166472943760,#c8102e
-20.1215362881322, -2.50164152932794,#c8102e
-20.1206806047516, -2.50161849198661,#c8102e
-20.1198249170043, -2.50159561741445,#c8102e
-20.1189692249212, -2.50157290561227,#c8102e
-20.1181135285334, -2.50155035658091,#c8102e
-20.1172578278718, -2.50152797032117,#c8102e
-20.1164021229673, -2.50150574683387,#c8102e
-20.1155464138510, -2.50148368611981,#c8102e
-20.1146907005537, -2.50146178817980,#c8102e
-20.1138349831064, -2.50144005301461,#c8102e
-20.1129792615402, -2.50141848062505,#c8102e
-20.1121235358859, -2.50139707101189,#c8102e
-20.1112678061745, -2.50137582417589,#c8102e
-20.1104120724371, -2.50135474011785,#c8102e
-20.1095563347045, -2.50133381883851,#c8102e
-20.1087005930077, -2.50131306033863,#c8102e
-20.1078448473777, -2.50129246461897,#c8102e
-20.1069890978454, -2.50127203168026,#c8102e
-20.1061333444419, -2.50125176152326,#c8102e
-20.1052775871980, -2.50123165414869,#c8102e
-20.1044218261448, -2.50121170955727,#c8102e
-20.1035660613132, -2.50119192774974,#c8102e
-20.1027102927341, -2.50117230872681,#c8102e
-20.1018545204386, -2.50115285248918,#c8102e
-20.1009987444576, -2.50113355903757,#c8102e
-20.1001429648221, -2.50111442837266,#c8102e
-20.0992871815630, -2.50109546049516,#c8102e
-20.0984313947113, -2.50107665540574,#c8102e
-20.0975756042979, -2.50105801310509,#c8102e
-20.0967198103539, -2.50103953359389,#c8102e
-20.0958640129102, -2.50102121687279,#c8102e
-20.0950082119978, -2.50100306294248,#c8102e
-20.0941524076476, -2.50098507180359,#c8102e
-20.0932965998905, -2.50096724345678,#c8102e
-20.0924407887577, -2.50094957790270,#c8102e
-20.0915849742799, -2.50093207514199,#c8102e
-20.0907291564883, -2.50091473517528,#c8102e
-20.0898733354137, -2.50089755800319,#c8102e
-20.0890175110872, -2.50088054362636,#c8102e
-20.0881616835396, -2.50086369204539,#c8102e
-20.0873058528020, -2.50084700326089,#c8102e
-20.0864500189053, -2.50083047727347,#c8102e
-20.0855941818806, -2.50081411408373,#c8102e
-20.0847383417587, -2.50079791369225,#c8102e
-20.0838824985706, -2.50078187609963,#c8102e
-20.0830266523474, -2.50076600130645,#c8102e
-20.0821708031199, -2.50075028931327,#c8102e
-20.0813149509191, -2.50073474012067,#c8102e
-20.0804590957760, -2.50071935372921,#c8102e
-20.0796032377217, -2.50070413013945,#c8102e
-20.0787473767869, -2.50068906935193,#c8102e
-20.0778915130028, -2.50067417136721,#c8102e
-20.0770356464002, -2.50065943618582,#c8102e
-20.0761797770102, -2.50064486380830,#c8102e
-20.0753239048637, -2.50063045423516,#c8102e
-20.0744680299917, -2.50061620746694,#c8102e
-20.0736121524252, -2.50060212350415,#c8102e
-20.0727562721951, -2.50058820234730,#c8102e
-20.0719003893323, -2.50057444399689,#c8102e
-20.0710445038679, -2.50056084845342,#c8102e
-20.0701886158329, -2.50054741571739,#c8102e
-20.0693327252581, -2.50053414578927,#c8102e
-20.0684768321747, -2.50052103866955,#c8102e
-20.0676209366134, -2.50050809435871,#c8102e
-20.0667650386054, -2.50049531285720,#c8102e
-20.0659091381815, -2.50048269416550,#c8102e
-20.0650532353728, -2.50047023828406,#c8102e
-20.0641973302102, -2.50045794521333,#c8102e
-20.0633414227247, -2.50044581495375,#c8102e
-20.0624855129473, -2.50043384750577,#c8102e
-20.0616296009089, -2.50042204286982,#c8102e
-20.0607736866404, -2.50041040104632,#c8102e
-20.0599177701730, -2.50039892203570,#c8102e
-20.0590618515375, -2.50038760583837,#c8102e
-20.0582059307649, -2.50037645245474,#c8102e
-20.0573500078862, -2.50036546188521,#c8102e
-20.0564940829323, -2.50035463413019,#c8102e
-20.0556381559343, -2.50034396919006,#c8102e
-20.0547822269230, -2.50033346706521,#c8102e
-20.0539262959295, -2.50032312775603,#c8102e
-20.0530703629847, -2.50031295126287,#c8102e
-20.0522144281197, -2.50030293758612,#c8102e
-20.0513584913653, -2.50029308672613,#c8102e
-20.0505025527526, -2.50028339868326,#c8102e
-20.0496466123125, -2.50027387345786,#c8102e
-20.0487906700759, -2.50026451105028,#c8102e
-20.0479347260740, -2.50025531146086,#c8102e
-20.0470787803376, -2.50024627468992,#c8102e
-20.0462228328976, -2.50023740073780,#c8102e
-20.0453668837852, -2.50022868960481,#c8102e
-20.0445109330312, -2.50022014129128,#c8102e
-20.0436549806666, -2.50021175579750,#c8102e
-20.0427990267224, -2.50020353312379,#c8102e
-20.0419430712296, -2.50019547327044,#c8102e
-20.0410871142191, -2.50018757623774,#c8102e
-20.0402311557219, -2.50017984202599,#c8102e
-20.0393751957690, -2.50017227063545,#c8102e
-20.0385192343914, -2.50016486206640,#c8102e
-20.0376632716199, -2.50015761631911,#c8102e
-20.0368073074857, -2.50015053339385,#c8102e
-20.0359513420196, -2.50014361329087,#c8102e
-20.0350953752527, -2.50013685601041,#c8102e
-20.0342394072158, -2.50013026155273,#c8102e
-20.0333834379401, -2.50012382991806,#c8102e
-20.0325274674564, -2.50011756110664,#c8102e
-20.0316714957958, -2.50011145511869,#c8102e
-20.0308155229891, -2.50010551195443,#c8102e
-20.0299595490674, -2.50009973161408,#c8102e
-20.0291035740617, -2.50009411409785,#c8102e
-20.0282475980029, -2.50008865940594,#c8102e
-20.0273916209219, -2.50008336753854,#c8102e
-20.0265356428499, -2.50007823849586,#c8102e
-20.0256796638176, -2.50007327227807,#c8102e
-20.0248236838562, -2.50006846888535,#c8102e
-20.0239677029966, -2.50006382831789,#c8102e
-20.0231117212697, -2.50005935057584,#c8102e
-20.0222557387065, -2.50005503565937,#c8102e
-20.0213997553381, -2.50005088356863,#c8102e
-20.0205437711953, -2.50004689430378,#c8102e
-20.0196877863092, -2.50004306786496,#c8102e
-20.0188318007106, -2.50003940425230,#c8102e
-20.0179758144307, -2.50003590346595,#c8102e
-20.0171198275003, -2.50003256550602,#c8102e
-20.0162638399505, -2.50002939037264,#c8102e
-20.0154078518122, -2.50002637806592,#c8102e
-20.0145518631163, -2.50002352858597,#c8102e
-20.0136958738940, -2.50002084193290,#c8102e
-20.0128398841760, -2.50001831810680,#c8102e
-20.0119838939935, -2.50001595710776,#c8102e
-20.0111279033773, -2.50001375893588,#c8102e
-20.0102719123585, -2.50001172359122,#c8102e
-20.0094159209680, -2.50000985107386,#c8102e
-20.0085599292368, -2.50000814138387,#c8102e
-20.0077039371958, -2.50000659452131,#c8102e
-20.0068479448761, -2.50000521048624,#c8102e
-20.0059919523086, -2.50000398927871,#c8102e
-20.0051359595243, -2.50000293089876,#c8102e
-20.0042799665542, -2.50000203534643,#c8102e
-20.0034239734292, -2.50000130262175,#c8102e
-20.0025679801803, -2.50000073272475,#c8102e
-20.0017119868385, -2.50000032565545,#c8102e
-20.0008559934347, -2.50000008141386,#c8102e
-20.0000000000000, -2.50000000000000,#c8102e
-20.0000000000000, -2.55000000000000,#c8102e
-20.0000000000000, -2.55000000000000,#c8102e
-20.0139940583244, -2.55002200383737,#c8102e
-20.0279879782565, -2.55008801513186,#c8102e
-20.0419816214052, -2.55019803323067,#c8102e
-20.0559748493824, -2.55035205704579,#c8102e
-20.0699675238038, -2.55055008505402,#c8102e
-20.0839595062909, -2.55079211529699,#c8102e
-20.0979506584717, -2.55107814538118,#c8102e
-20.1119408419827, -2.55140817247792,#c8102e
-20.1259299184699, -2.55178219332347,#c8102e
-20.1399177495901, -2.55220020421898,#c8102e
-20.1539041970126, -2.55266220103061,#c8102e
-20.1678891224203, -2.55316817918949,#c8102e
-20.1818723875112, -2.55371813369182,#c8102e
-20.1958538539996, -2.55431205909890,#c8102e
-20.2098333836178, -2.55494994953718,#c8102e
-20.2238108381170, -2.55563179869834,#c8102e
-20.2377860792691, -2.55635759983931,#c8102e
-20.2517589688679, -2.55712734578240,#c8102e
-20.2657293687303, -2.55794102891528,#c8102e
-20.2796971406979, -2.55879864119117,#c8102e
-20.2936621466385, -2.55970017412881,#c8102e
-20.3076242484468, -2.56064561881262,#c8102e
-20.3215833080466, -2.56163496589276,#c8102e
-20.3355391873917, -2.56266820558519,#c8102e
-20.3494917484672, -2.56374532767185,#c8102e
-20.3634408532913, -2.56486632150068,#c8102e
-20.3773863639160, -2.56603117598576,#c8102e
-20.3913281424292, -2.56723987960741,#c8102e
-20.4052660509556, -2.56849242041234,#c8102e
-20.4191999516579, -2.56978878601370,#c8102e
-20.4331297067389, -2.57112896359126,#c8102e
-20.4470551784421, -2.57251293989152,#c8102e
-20.4609762290535, -2.57394070122782,#c8102e
-20.4748927209025, -2.57541223348053,#c8102e
-20.4888045163641, -2.57692752209711,#c8102e
-20.5027114778594, -2.57848655209232,#c8102e
-20.5166134678573, -2.58008930804835,#c8102e
-20.5305103488760, -2.58173577411496,#c8102e
-20.5444019834841, -2.58342593400965,#c8102e
-20.5582882343023, -2.58515977101780,#c8102e
-20.5721689640043, -2.58693726799287,#c8102e
-20.5860440353185, -2.58875840735654,#c8102e
-20.5999133110293, -2.59062317109891,#c8102e
-20.6137766539783, -2.59253154077863,#c8102e
-20.6276339270659, -2.59448349752315,#c8102e
-20.6414849932524, -2.59647902202885,#c8102e
-20.6553297155596, -2.59851809456127,#c8102e
-20.6691679570720, -2.60060069495527,#c8102e
-20.6829995809382, -2.60272680261525,#c8102e
-20.6968244503721, -2.60489639651536,#c8102e
-20.7106424286546, -2.60710945519970,#c8102e
-20.7244533791347, -2.60936595678251,#c8102e
-20.7382571652308, -2.61166587894843,#c8102e
-20.7520536504322, -2.61400919895270,#c8102e
-20.7658426983006, -2.61639589362135,#c8102e
-20.7796241724708, -2.61882593935151,#c8102e
-20.7933979366530, -2.62129931211155,#c8102e
-20.8071638546333, -2.62381598744140,#c8102e
-20.8209217902755, -2.62637594045272,#c8102e
-20.8346716075225, -2.62897914582922,#c8102e
-20.8484131703971, -2.63162557782684,#c8102e
-20.8621463430042, -2.63431521027405,#c8102e
-20.8758709895313, -2.63704801657210,#c8102e
-20.8895869742504, -2.63982396969525,#c8102e
-20.9032941615191, -2.64264304219111,#c8102e
-20.9169924157820, -2.64550520618083,#c8102e
-20.9306816015722, -2.64841043335943,#c8102e
-20.9443615835122, -2.65135869499606,#c8102e
-20.9580322263157, -2.65434996193427,#c8102e
-20.9716933947887, -2.65738420459234,#c8102e
-20.9853449538309, -2.66046139296354,#c8102e
-20.9989867684372, -2.66358149661643,#c8102e
-21.0126187036986, -2.66674448469516,#c8102e
-21.0262406248039, -2.66995032591978,#c8102e
-21.0398523970409, -2.67319898858657,#c8102e
-21.0534538857980, -2.67649044056832,#c8102e
-21.0670449565649, -2.67982464931464,#c8102e
-21.0806254749347, -2.68320158185234,#c8102e
-21.0941953066046, -2.68662120478570,#c8102e
-21.1077543173777, -2.69008348429681,#c8102e
-21.1213023731638, -2.69358838614593,#c8102e
-21.1348393399814, -2.69713587567181,#c8102e
-21.1483650839584, -2.70072591779202,#c8102e
-21.1618794713338, -2.70435847700334,#c8102e
-21.1753823684589, -2.70803351738204,#c8102e
-21.1888736417986, -2.71175100258433,#c8102e
-21.2023531579328, -2.71551089584663,#c8102e
-21.2158207835577, -2.71931315998598,#c8102e
-21.2292763854869, -2.72315775740041,#c8102e
-21.2427198306531, -2.72704465006928,#c8102e
-21.2561509861092, -2.73097379955370,#c8102e
-21.2695697190295, -2.73494516699688,#c8102e
-21.2829758967114, -2.73895871312450,#c8102e
-21.2963693865762, -2.74301439824515,#c8102e
-21.3097500561708, -2.74711218225068,#c8102e
-21.3231177731689, -2.75125202461660,#c8102e
-21.3364724053723, -2.75543388440251,#c8102e
-21.3498138207121, -2.75965772025245,#c8102e
-21.3631418872502, -2.76392349039539,#c8102e
-21.3764564731805, -2.76823115264555,#c8102e
-21.3897574468301, -2.77258066440290,#c8102e
-21.4030446766610, -2.77697198265353,#c8102e
-21.4163180312708, -2.78140506397008,#c8102e
-21.4295773793944, -2.78587986451220,#c8102e
-21.4428225899055, -2.79039634002695,#c8102e
-21.4560535318171, -2.79495444584925,#c8102e
-21.4692700742837, -2.79955413690233,#c8102e
-21.4824720866022, -2.80419536769818,#c8102e
-21.4956594382129, -2.80887809233795,#c8102e
-21.5088319987013, -2.81360226451248,#c8102e
-21.5219896377992, -2.81836783750271,#c8102e
-21.5351322253859, -2.82317476418014,#c8102e
-21.5482596314896, -2.82802299700732,#c8102e
-21.5613717262884, -2.83291248803830,#c8102e
-21.5744683801122, -2.83784318891913,#c8102e
-21.5875494634433, -2.84281505088831,#c8102e
-21.6006148469182, -2.84782802477726,#c8102e
-21.6136644013284, -2.85288206101088,#c8102e
-21.6266979976222, -2.85797710960793,#c8102e
-21.6397155069056, -2.86311312018164,#c8102e
-21.6527168004437, -2.86829004194012,#c8102e
-21.6657017496619, -2.87350782368689,#c8102e
-21.6786702261473, -2.87876641382141,#c8102e
-21.6916221016500, -2.88406576033955,#c8102e
-21.7045572480841, -2.88940581083416,#c8102e
-21.7174755375292, -2.89478651249551,#c8102e
-21.7303768422317, -2.90020781211190,#c8102e
-21.7432610346058, -2.90566965607009,#c8102e
-21.7561279872350, -2.91117199035593,#c8102e
-21.7689775728734, -2.91671476055482,#c8102e
-21.7818096644467, -2.92229791185228,#c8102e
-21.7946241350537, -2.92792138903450,#c8102e
-21.8074208579674, -2.93358513648885,#c8102e
-21.8201997066363, -2.93928909820447,#c8102e
-21.8329605546858, -2.94503321777280,#c8102e
-21.8457032759191, -2.95081743838813,#c8102e
-21.8584277443188, -2.95664170284821,#c8102e
-21.8711338340480, -2.96250595355475,#c8102e
-21.8838214194516, -2.96841013251404,#c8102e
-21.8964903750573, -2.97435418133750,#c8102e
-21.9091405755774, -2.98033804124225,#c8102e
-21.9217718959092, -2.98636165305173,#c8102e
-21.9343842111371, -2.99242495719623,#c8102e
-21.9469773965332, -2.99852789371353,#c8102e
-21.9595513275591, -3.00467040224945,#c8102e
-21.9721058798664, -3.01085242205850,#c8102e
-21.9846409292986, -3.01707389200442,#c8102e
-21.9971563518921, -3.02333475056082,#c8102e
-22.0096520238772, -3.02963493581178,#c8102e
-22.0221278216797, -3.03597438545247,#c8102e
-22.0345836219219, -3.04235303678977,#c8102e
-22.0470193014238, -3.04877082674286,#c8102e
-22.0594347372045, -3.05522769184386,#c8102e
-22.0718298064831, -3.06172356823849,#c8102e
-22.0842043866803, -3.06825839168665,#c8102e
-22.0965583554194, -3.07483209756309,#c8102e
-22.1088915905275, -3.08144462085803,#c8102e
-22.1212039700366, -3.08809589617780,#c8102e
-22.1334953721852, -3.09478585774553,#c8102e
-22.1457656754191, -3.10151443940174,#c8102e
-22.1580147583928, -3.10828157460502,#c8102e
-22.1702424999707, -3.11508719643271,#c8102e
-22.1824487792281, -3.12193123758153,#c8102e
-22.1946334754527, -3.12881363036826,#c8102e
-22.2067964681455, -3.13573430673040,#c8102e
-22.2189376370224, -3.14269319822685,#c8102e
-22.2310568620148, -3.14969023603860,#c8102e
-22.2431540232714, -3.15672535096939,#c8102e
-22.2552290011588, -3.16379847344639,#c8102e
-22.2672816762632, -3.17090953352092,#c8102e
-22.2793119293914, -3.17805846086910,#c8102e
-22.2913196415716, -3.18524518479259,#c8102e
-22.3033046940554, -3.19246963421924,#c8102e
-22.3152669683180, -3.19973173770384,#c8102e
-22.3272063460603, -3.20703142342880,#c8102e
-22.3391227092094, -3.21436861920485,#c8102e
-22.3510159399199, -3.22174325247179,#c8102e
-22.3628859205755, -3.22915525029919,#c8102e
-22.3747325337894, -3.23660453938708,#c8102e
-22.3865556624064, -3.24409104606672,#c8102e
-22.3983551895030, -3.25161469630132,#c8102e
-22.4101309983894, -3.25917541568676,#c8102e
-22.4218829726105, -3.26677312945232,#c8102e
-22.4336109959466, -3.27440776246144,#c8102e
-22.4453149524151, -3.28207923921243,#c8102e
-22.4569947262712, -3.28978748383928,#c8102e
-22.4686502020093, -3.29753242011232,#c8102e
-22.4802812643643, -3.30531397143906,#c8102e
-22.4918877983123, -3.31313206086490,#c8102e
-22.5034696890720, -3.32098661107390,#c8102e
-22.5150268221060, -3.32887754438954,#c8102e
-22.5265590831215, -3.33680478277549,#c8102e
-22.5380663580717, -3.34476824783642,#c8102e
-22.5495485331570, -3.35276786081869,#c8102e
-22.5610054948260, -3.36080354261123,#c8102e
-22.5724371297767, -3.36887521374623,#c8102e
-22.5838433249573, -3.37698279440000,#c8102e
-22.5952239675679, -3.38512620439371,#c8102e
-22.6065789450612, -3.39330536319420,#c8102e
-22.6179081451436, -3.40152018991479,#c8102e
-22.6292114557765, -3.40977060331606,#c8102e
-22.6404887651774, -3.41805652180665,#c8102e
-22.6517399618208, -3.42637786344410,#c8102e
-22.6629649344396, -3.43473454593561,#c8102e
-22.6741635720259, -3.44312648663891,#c8102e
-22.6853357638322, -3.45155360256302,#c8102e
-22.6964813993728, -3.46001581036912,#c8102e
-22.7076003684243, -3.46851302637136,#c8102e
-22.7186925610271, -3.47704516653765,#c8102e
-22.7297578674866, -3.48561214649055,#c8102e
-22.7407961783739, -3.49421388150806,#c8102e
-22.7518073845272, -3.50285028652450,#c8102e
-22.7627913770524, -3.51152127613128,#c8102e
-22.7737480473251, -3.52022676457784,#c8102e
-22.7846772869905, -3.52896666577242,#c8102e
-22.7955789879656, -3.53774089328294,#c8102e
-22.8064530424394, -3.54654936033787,#c8102e
-22.8172993428744, -3.55539197982706,#c8102e
-22.8281177820075, -3.56426866430262,#c8102e
-22.8389082528513, -3.57317932597976,#c8102e
-22.8496706486950, -3.58212387673772,#c8102e
-22.8604048631051, -3.59110222812055,#c8102e
-22.8711107899272, -3.60011429133806,#c8102e
-22.8817883232864, -3.60915997726667,#c8102e
-22.8924373575887, -3.61823919645030,#c8102e
-22.9030577875220, -3.62735185910121,#c8102e
-22.9136495080568, -3.63649787510098,#c8102e
-22.9242124144479, -3.64567715400130,#c8102e
-22.9347464022347, -3.65488960502493,#c8102e
-22.9452513672429, -3.66413513706659,#c8102e
-22.9557272055850, -3.67341365869383,#c8102e
-22.9661738136616, -3.68272507814796,#c8102e
-22.9765910881623, -3.69206930334496,#c8102e
-22.9869789260670, -3.70144624187637,#c8102e
-22.9973372246466, -3.71085580101022,#c8102e
-23.0076658814639, -3.72029788769196,#c8102e
-23.0179647943753, -3.72977240854532,#c8102e
-23.0282338615309, -3.73927926987333,#c8102e
-23.0384729813762, -3.74881837765915,#c8102e
-23.0486820526528, -3.75838963756707,#c8102e
-23.0588609743995, -3.76799295494340,#c8102e
-23.0690096459533, -3.77762823481743,#c8102e
-23.0791279669501, -3.78729538190237,#c8102e
-23.0892158373262, -3.79699430059625,#c8102e
-23.0992731573190, -3.80672489498294,#c8102e
-23.1092998274680, -3.81648706883304,#c8102e
-23.1192957486158, -3.82628072560484,#c8102e
-23.1292608219090, -3.83610576844530,#c8102e
-23.1391949487995, -3.84596210019097,#c8102e
-23.1490980310449, -3.85584962336900,#c8102e
-23.1589699707102, -3.86576824019806,#c8102e
-23.1688106701681, -3.87571785258933,#c8102e
-23.1786200321002, -3.88569836214746,#c8102e
-23.1883979594984, -3.89570967017153,#c8102e
-23.1981443556650, -3.90575167765608,#c8102e
-23.2078591242144, -3.91582428529203,#c8102e
-23.2175421690737, -3.92592739346768,#c8102e
-23.2271933944838, -3.93606090226971,#c8102e
-23.2368127050001, -3.94622471148413,#c8102e
-23.2464000054937, -3.95641872059735,#c8102e
-23.2559552011525, -3.96664282879708,#c8102e
-23.2654781974814, -3.97689693497337,#c8102e
-23.2749689003043, -3.98718093771964,#c8102e
-23.2844272157639, -3.99749473533362,#c8102e
-23.2938530503236, -4.00783822581840,#c8102e
-23.3032463107680, -4.01821130688343,#c8102e
-23.3126069042035, -4.02861387594551,#c8102e
-23.3219347380598, -4.03904583012986,#c8102e
-23.3312297200907, -4.04950706627106,#c8102e
-23.3404917583746, -4.05999748091414,#c8102e
-23.3497207613159, -4.07051697031554,#c8102e
-23.3589166376456, -4.08106543044420,#c8102e
-23.3680792964222, -4.09164275698255,#c8102e
-23.3772086470330, -4.10224884532754,#c8102e
-23.3863045991944, -4.11288359059169,#c8102e
-23.3953670629533, -4.12354688760413,#c8102e
-23.4043959486876, -4.13423863091161,#c8102e
-23.4133911671074, -4.14495871477958,#c8102e
-23.4223526292557, -4.15570703319322,#c8102e
-23.4312802465093, -4.16648347985848,#c8102e
-23.4401739305798, -4.17728794820315,#c8102e
-23.4490335935142, -4.18812033137790,#c8102e
-23.4578591476962, -4.19898052225733,#c8102e
-23.4666505058465, -4.20986841344105,#c8102e
-23.4754075810243, -4.22078389725473,#c8102e
-23.4841302866277, -4.23172686575117,#c8102e
-23.4928185363945, -4.24269721071135,#c8102e
-23.5014722444036, -4.25369482364552,#c8102e
-23.5100913250752, -4.26471959579429,#c8102e
-23.5186756931722, -4.27577141812964,#c8102e
-23.5272252638005, -4.28685018135608,#c8102e
-23.5357399524104, -4.29795577591167,#c8102e
-23.5442196747969, -4.30908809196913,#c8102e
-23.5526643471011, -4.32024701943693,#c8102e
-23.5610738858104, -4.33143244796035,#c8102e
-23.5694482077599, -4.34264426692260,#c8102e
-23.5777872301329, -4.35388236544592,#c8102e
-23.5860908704616, -4.36514663239266,#c8102e
-23.5943590466284, -4.37643695636634,#c8102e
-23.6025916768663, -4.38775322571286,#c8102e
-23.6107886797598, -4.39909532852147,#c8102e
-23.6189499742456, -4.41046315262600,#c8102e
-23.6270754796139, -4.42185658560587,#c8102e
-23.6351651155084, -4.43327551478726,#c8102e
-23.6432188019279, -4.44471982724423,#c8102e
-23.6512364592265, -4.45618940979977,#c8102e
-23.6592180081147, -4.46768414902701,#c8102e
-23.6671633696600, -4.47920393125026,#c8102e
-23.6750724652878, -4.49074864254621,#c8102e
-23.6829452167822, -4.50231816874498,#c8102e
-23.6907815462866, -4.51391239543130,#c8102e
-23.6985813763048, -4.52553120794563,#c8102e
-23.7063446297014, -4.53717449138530,#c8102e
-23.7140712297028, -4.54884213060561,#c8102e
-23.7217610998977, -4.56053401022104,#c8102e
-23.7294141642383, -4.57225001460631,#c8102e
-23.7370303470405, -4.58399002789758,#c8102e
-23.7446095729852, -4.59575393399357,#c8102e
-23.7521517671187, -4.60754161655671,#c8102e
-23.7596568548534, -4.61935295901431,#c8102e
-23.7671247619688, -4.63118784455970,#c8102e
-23.7745554146120, -4.64304615615336,#c8102e
-23.7819487392986, -4.65492777652413,#c8102e
-23.7893046629132, -4.66683258817032,#c8102e
-23.7966231127106, -4.67876047336090,#c8102e
-23.8039040163158, -4.69071131413667,#c8102e
-23.8111473017254, -4.70268499231140,#c8102e
-23.8183528973078, -4.71468138947300,#c8102e
-23.8255207318043, -4.72670038698473,#c8102e
-23.8326507343296, -4.73874186598634,#c8102e
-23.8397428343724, -4.75080570739523,#c8102e
-23.8467969617964, -4.76289179190769,#c8102e
-23.8538130468408, -4.77500000000000,#c8102e
-23.8607910201208, -4.78713021192968,#c8102e
-23.8677308126289, -4.79928230773663,#c8102e
-23.8746323557348, -4.81145616724433,#c8102e
-23.8814955811867, -4.82365167006106,#c8102e
-23.8883204211116, -4.83586869558102,#c8102e
-23.8951068080163, -4.84810712298560,#c8102e
-23.9018546747875, -4.86036683124451,#c8102e
-23.9085639546933, -4.87264769911702,#c8102e
-23.9152345813831, -4.88494960515315,#c8102e
-23.9218664888886, -4.89727242769486,#c8102e
-23.9284596116246, -4.90961604487725,#c8102e
-23.9350138843891, -4.92198033462979,#c8102e
-23.9415292423646, -4.93436517467751,#c8102e
-23.9480056211183, -4.94677044254219,#c8102e
-23.9544429566030, -4.95919601554362,#c8102e
-23.9608411851575, -4.97164177080076,#c8102e
-23.9672002435074, -4.98410758523300,#c8102e
-23.9735200687656, -4.99659333556135,#c8102e
-23.9798005984331, -5.00909889830967,#c8102e
-23.9860417703994, -5.02162414980588,#c8102e
-23.9922435229433, -5.03416896618319,#c8102e
-23.9984057947334, -5.04673322338133,#c8102e
-24.0045285248288, -5.05931679714778,#c8102e
-24.0106116526795, -5.07191956303899,#c8102e
-24.0166551181272, -5.08454139642159,#c8102e
-24.0226588614060, -5.09718217247367,#c8102e
-24.0286228231426, -5.10984176618599,#c8102e
-24.0345469443572, -5.12252005236319,#c8102e
-24.0404311664640, -5.13521690562508,#c8102e
-24.0462754312718, -5.14793220040783,#c8102e
-24.0520796809846, -5.16066581096526,#c8102e
-24.0578438582019, -5.17341761137004,#c8102e
-24.0635679059198, -5.18618747551497,#c8102e
-24.0692517675310, -5.19897527711418,#c8102e
-24.0748953868258, -5.21178088970445,#c8102e
-24.0804987079923, -5.22460418664640,#c8102e
-24.0860616756172, -5.23744504112575,#c8102e
-24.0915842346864, -5.25030332615462,#c8102e
-24.0970663305852, -5.26317891457272,#c8102e
-24.1025079090993, -5.27607167904867,#c8102e
-24.1079089164147, -5.28898149208120,#c8102e
-24.1132692991190, -5.30190822600046,#c8102e
-24.1185890042015, -5.31485175296926,#c8102e
-24.1238679790535, -5.32781194498434,#c8102e
-24.1291061714695, -5.34078867387763,#c8102e
-24.1343035296469, -5.35378181131751,#c8102e
-24.1394600021873, -5.36679122881010,#c8102e
-24.1445755380964, -5.37981679770054,#c8102e
-24.1496500867847, -5.39285838917420,#c8102e
-24.1546835980683, -5.40591587425803,#c8102e
-24.1596760221688, -5.41898912382180,#c8102e
-24.1646273097145, -5.43207800857936,#c8102e
-24.1695374117401, -5.44518239908995,#c8102e
-24.1744062796879, -5.45830216575948,#c8102e
-24.1792338654080, -5.47143717884178,#c8102e
-24.1840201211584, -5.48458730843990,#c8102e
-24.1887649996063, -5.49775242450742,#c8102e
-24.1934684538277, -5.51093239684970,#c8102e
-24.1981304373085, -5.52412709512518,#c8102e
-24.2027509039447, -5.53733638884667,#c8102e
-24.2073298080427, -5.55056014738264,#c8102e
-24.2118671043201, -5.56379823995851,#c8102e
-24.2163627479059, -5.57705053565796,#c8102e
-24.2208166943411, -5.59031690342419,#c8102e
-24.2252288995789, -5.60359721206125,#c8102e
-24.2295993199855, -5.61689133023532,#c8102e
-24.2339279123401, -5.63019912647601,#c8102e
-24.2382146338358, -5.64352046917766,#c8102e
-24.2424594420796, -5.65685522660065,#c8102e
-24.2466622950929, -5.67020326687270,#c8102e
-24.2508231513124, -5.68356445799017,#c8102e
-24.2549419695897, -5.69693866781935,#c8102e
-24.2590187091923, -5.71032576409780,#c8102e
-24.2630533298039, -5.72372561443565,#c8102e
-24.2670457915247, -5.73713808631687,#c8102e
-24.2709960548717, -5.75056304710064,#c8102e
-24.2749040807793, -5.76400036402261,#c8102e
-24.2787698305997, -5.77744990419626,#c8102e
-24.2825932661030, -5.79091153461416,#c8102e
-24.2863743494779, -5.80438512214936,#c8102e
-24.2901130433319, -5.81787053355660,#c8102e
-24.2938093106916, -5.83136763547374,#c8102e
-24.2974631150033, -5.84487629442302,#c8102e
-24.3010744201333, -5.85839637681237,#c8102e
-24.3046431903679, -5.87192774893675,#c8102e
-24.3081693904144, -5.88547027697949,#c8102e
-24.3116529854009, -5.89902382701359,#c8102e
-24.3150939408767, -5.91258826500304,#c8102e
-24.3184922228131, -5.92616345680416,#c8102e
-24.3218477976032, -5.93974926816692,#c8102e
-24.3251606320624, -5.95334556473627,#c8102e
-24.3284306934291, -5.96695221205348,#c8102e
-24.3316579493642, -5.98056907555743,#c8102e
-24.3348423679524, -5.99419602058600,#c8102e
-24.3379839177017, -6.00783291237735,#c8102e
-24.3410825675442, -6.02147961607128,#c8102e
-24.3441382868362, -6.03513599671055,#c8102e
-24.3471510453586, -6.04880191924223,#c8102e
-24.3501208133172, -6.06247724851902,#c8102e
-24.3530475613428, -6.07616184930059,#c8102e
-24.3559312604917, -6.08985558625494,#c8102e
-24.3587718822460, -6.10355832395970,#c8102e
-24.3615693985137, -6.11726992690349,#c8102e
-24.3643237816292, -6.13099025948727,#c8102e
-24.3670350043533, -6.14471918602565,#c8102e
-24.3697030398739, -6.15845657074827,#c8102e
-24.3723278618057, -6.17220227780112,#c8102e
-24.3749094441909, -6.18595617124788,#c8102e
-24.3774477614993, -6.19971811507127,#c8102e
-24.3799427886285, -6.21348797317442,#c8102e
-24.3823945009043, -6.22726560938216,#c8102e
-24.3848028740809, -6.24105088744242,#c8102e
-24.3871678843409, -6.25484367102755,#c8102e
-24.3894895082959, -6.26864382373569,#c8102e
-24.3917677229866, -6.28245120909207,#c8102e
-24.3940025058827, -6.29626569055043,#c8102e
-24.3961938348838, -6.31008713149432,#c8102e
-24.3983416883190, -6.32391539523846,#c8102e
-24.4004460449473, -6.33775034503009,#c8102e
-24.4025068839580, -6.35159184405036,#c8102e
-24.4045241849708, -6.36543975541562,#c8102e
-24.4064979280358, -6.37929394217882,#c8102e
-24.4084280936340, -6.39315426733086,#c8102e
-24.4103146626771, -6.40702059380190,#c8102e
-24.4121576165084, -6.42089278446280,#c8102e
-24.4139569369020, -6.43477070212639,#c8102e
-24.4157126060639, -6.44865420954888,#c8102e
-24.4174246066317, -6.46254316943118,#c8102e
-24.4190929216746, -6.47643744442032,#c8102e
-24.4207175346943, -6.49033689711072,#c8102e
-24.4222984296241, -6.50424139004563,#c8102e
-24.4238355908302, -6.51815078571845,#c8102e
-24.4253290031110, -6.53206494657406,#c8102e
-24.4267786516975, -6.54598373501027,#c8102e
-24.4281845222537, -6.55990701337909,#c8102e
-24.4295466008764, -6.57383464398813,#c8102e
-24.4308648740954, -6.58776648910198,#c8102e
-24.4321393288740, -6.60170241094352,#c8102e
-24.4333699526086, -6.61564227169535,#c8102e
-24.4345567331290, -6.62958593350108,#c8102e
-24.4356996586988, -6.64353325846676,#c8102e
-24.4367987180152, -6.65748410866219,#c8102e
-24.4378539002091, -6.67143834612233,#c8102e
-24.4388651948455, -6.68539583284862,#c8102e
-24.4398325919234, -6.69935643081039,#c8102e
-24.4407560818757, -6.71332000194618,#c8102e
-24.4416356555698, -6.72728640816514,#c8102e
-24.4424713043071, -6.74125551134838,#c8102e
-24.4432630198238, -6.75522717335034,#c8102e
-24.4440107942902, -6.76920125600015,#c8102e
-24.4447146203113, -6.78317762110301,#c8102e
-24.4453744909268, -6.79715613044153,#c8102e
-24.4459903996108, -6.81113664577714,#c8102e
-24.4465623402726, -6.82511902885142,#c8102e
-24.4470903072558, -6.83910314138747,#c8102e
-24.4475742953394, -6.85308884509129,#c8102e
-24.4480142997368, -6.86707600165317,#c8102e
-24.4484103160969, -6.88106447274900,#c8102e
-24.4487623405032, -6.89505412004169,#c8102e
-24.4490703694745, -6.90904480518249,#c8102e
-24.4493343999644, -6.92303638981243,#c8102e
-24.4495544293620, -6.93702873556361,#c8102e
-24.4497304554913, -6.95102170406061,#c8102e
-24.4498624766115, -6.96501515692187,#c8102e
-24.4499504914169, -6.97900895576101,#c8102e
-24.4499944990373, -6.99300296218825,#c8102e
-24.4499944990373, -7.00699703781175,#c8102e
-24.4499504914169, -7.02099104423899,#c8102e
-24.4498624766115, -7.03498484307813,#c8102e
-24.4497304554913, -7.04897829593939,#c8102e
-24.4495544293620, -7.06297126443639,#c8102e
-24.4493343999644, -7.07696361018757,#c8102e
-24.4490703694745, -7.09095519481751,#c8102e
-24.4487623405032, -7.10494587995831,#c8102e
-24.4484103160969, -7.11893552725100,#c8102e
-24.4480142997368, -7.13292399834683,#c8102e
-24.4475742953394, -7.14691115490871,#c8102e
-24.4470903072558, -7.16089685861253,#c8102e
-24.4465623402726, -7.17488097114858,#c8102e
-24.4459903996108, -7.18886335422286,#c8102e
-24.4453744909268, -7.20284386955847,#c8102e
-24.4447146203113, -7.21682237889699,#c8102e
-24.4440107942902, -7.23079874399985,#c8102e
-24.4432630198238, -7.24477282664966,#c8102e
-24.4424713043071, -7.25874448865162,#c8102e
-24.4416356555698, -7.27271359183486,#c8102e
-24.4407560818757, -7.28667999805382,#c8102e
-24.4398325919234, -7.30064356918961,#c8102e
-24.4388651948455, -7.31460416715138,#c8102e
-24.4378539002091, -7.32856165387767,#c8102e
-24.4367987180152, -7.34251589133781,#c8102e
-24.4356996586988, -7.35646674153324,#c8102e
-24.4345567331290, -7.37041406649892,#c8102e
-24.4333699526086, -7.38435772830465,#c8102e
-24.4321393288740, -7.39829758905648,#c8102e
-24.4308648740954, -7.41223351089802,#c8102e
-24.4295466008764, -7.42616535601187,#c8102e
-24.4281845222537, -7.44009298662091,#c8102e
-24.4267786516975, -7.45401626498973,#c8102e
-24.4253290031110, -7.46793505342594,#c8102e
-24.4238355908302, -7.48184921428156,#c8102e
-24.4222984296241, -7.49575860995437,#c8102e
-24.4207175346943, -7.50966310288928,#c8102e
-24.4190929216746, -7.52356255557968,#c8102e
-24.4174246066317, -7.53745683056882,#c8102e
-24.4157126060639, -7.55134579045113,#c8102e
-24.4139569369020, -7.56522929787361,#c8102e
-24.4121576165084, -7.57910721553720,#c8102e
-24.4103146626771, -7.59297940619810,#c8102e
-24.4084280936340, -7.60684573266915,#c8102e
-24.4064979280358, -7.62070605782118,#c8102e
-24.4045241849708, -7.63456024458438,#c8102e
-24.4025068839580, -7.64840815594964,#c8102e
-24.4004460449473, -7.66224965496991,#c8102e
-24.3983416883190, -7.67608460476155,#c8102e
-24.3961938348838, -7.68991286850568,#c8102e
-24.3940025058827, -7.70373430944957,#c8102e
-24.3917677229866, -7.71754879090793,#c8102e
-24.3894895082959, -7.73135617626431,#c8102e
-24.3871678843409, -7.74515632897245,#c8102e
-24.3848028740809, -7.75894911255758,#c8102e
-24.3823945009043, -7.77273439061784,#c8102e
-24.3799427886285, -7.78651202682558,#c8102e
-24.3774477614993, -7.80028188492873,#c8102e
-24.3749094441909, -7.81404382875212,#c8102e
-24.3723278618057, -7.82779772219888,#c8102e
-24.3697030398739, -7.84154342925173,#c8102e
-24.3670350043533, -7.85528081397435,#c8102e
-24.3643237816292, -7.86900974051273,#c8102e
-24.3615693985137, -7.88273007309651,#c8102e
-24.3587718822460, -7.89644167604030,#c8102e
-24.3559312604917, -7.91014441374506,#c8102e
-24.3530475613428, -7.92383815069941,#c8102e
-24.3501208133172, -7.93752275148098,#c8102e
-24.3471510453586, -7.95119808075777,#c8102e
-24.3441382868362, -7.96486400328945,#c8102e
-24.3410825675442, -7.97852038392872,#c8102e
-24.3379839177017, -7.99216708762265,#c8102e
-24.3348423679524, -8.00580397941400,#c8102e
-24.3316579493642, -8.01943092444257,#c8102e
-24.3284306934291, -8.03304778794653,#c8102e
-24.3251606320624, -8.04665443526373,#c8102e
-24.3218477976032, -8.06025073183308,#c8102e
-24.3184922228131, -8.07383654319585,#c8102e
-24.3150939408767, -8.08741173499696,#c8102e
-24.3116529854009, -8.10097617298641,#c8102e
-24.3081693904144, -8.11452972302051,#c8102e
-24.3046431903679, -8.12807225106325,#c8102e
-24.3010744201333, -8.14160362318763,#c8102e
-24.2974631150033, -8.15512370557698,#c8102e
-24.2938093106916, -8.16863236452626,#c8102e
-24.2901130433319, -8.18212946644340,#c8102e
-24.2863743494779, -8.19561487785065,#c8102e
-24.2825932661030, -8.20908846538584,#c8102e
-24.2787698305997, -8.22255009580374,#c8102e
-24.2749040807793, -8.23599963597739,#c8102e
-24.2709960548717, -8.24943695289936,#c8102e
-24.2670457915247, -8.26286191368313,#c8102e
-24.2630533298039, -8.27627438556435,#c8102e
-24.2590187091923, -8.28967423590219,#c8102e
-24.2549419695897, -8.30306133218065,#c8102e
-24.2508231513124, -8.31643554200983,#c8102e
-24.2466622950929, -8.32979673312730,#c8102e
-24.2424594420796, -8.34314477339935,#c8102e
-24.2382146338358, -8.35647953082234,#c8102e
-24.2339279123401, -8.36980087352399,#c8102e
-24.2295993199855, -8.38310866976468,#c8102e
-24.2252288995789, -8.39640278793875,#c8102e
-24.2208166943411, -8.40968309657581,#c8102e
-24.2163627479059, -8.42294946434204,#c8102e
-24.2118671043201, -8.43620176004149,#c8102e
-24.2073298080427, -8.44943985261736,#c8102e
-24.2027509039447, -8.46266361115333,#c8102e
-24.1981304373085, -8.47587290487482,#c8102e
-24.1934684538277, -8.48906760315030,#c8102e
-24.1887649996063, -8.50224757549258,#c8102e
-24.1840201211584, -8.51541269156010,#c8102e
-24.1792338654080, -8.52856282115822,#c8102e
-24.1744062796879, -8.54169783424052,#c8102e
-24.1695374117401, -8.55481760091005,#c8102e
-24.1646273097145, -8.56792199142064,#c8102e
-24.1596760221688, -8.58101087617820,#c8102e
-24.1546835980683, -8.59408412574197,#c8102e
-24.1496500867847, -8.60714161082580,#c8102e
-24.1445755380964, -8.62018320229946,#c8102e
-24.1394600021873, -8.63320877118989,#c8102e
-24.1343035296469, -8.64621818868249,#c8102e
-24.1291061714695, -8.65921132612237,#c8102e
-24.1238679790535, -8.67218805501566,#c8102e
-24.1185890042015, -8.68514824703074,#c8102e
-24.1132692991190, -8.69809177399954,#c8102e
-24.1079089164147, -8.71101850791880,#c8102e
-24.1025079090993, -8.72392832095134,#c8102e
-24.0970663305852, -8.73682108542728,#c8102e
-24.0915842346864, -8.74969667384538,#c8102e
-24.0860616756172, -8.76255495887425,#c8102e
-24.0804987079923, -8.77539581335360,#c8102e
-24.0748953868258, -8.78821911029555,#c8102e
-24.0692517675310, -8.80102472288582,#c8102e
-24.0635679059198, -8.81381252448503,#c8102e
-24.0578438582019, -8.82658238862996,#c8102e
-24.0520796809846, -8.83933418903474,#c8102e
-24.0462754312718, -8.85206779959217,#c8102e
-24.0404311664640, -8.86478309437492,#c8102e
-24.0345469443572, -8.87747994763681,#c8102e
-24.0286228231426, -8.89015823381401,#c8102e
-24.0226588614060, -8.90281782752633,#c8102e
-24.0166551181272, -8.91545860357841,#c8102e
-24.0106116526795, -8.92808043696101,#c8102e
-24.0045285248288, -8.94068320285222,#c8102e
-23.9984057947334, -8.95326677661867,#c8102e
-23.9922435229433, -8.96583103381682,#c8102e
-23.9860417703994, -8.97837585019412,#c8102e
-23.9798005984331, -8.99090110169033,#c8102e
-23.9735200687656, -9.00340666443865,#c8102e
-23.9672002435074, -9.01589241476700,#c8102e
-23.9608411851575, -9.02835822919924,#c8102e
-23.9544429566030, -9.04080398445639,#c8102e
-23.9480056211183, -9.05322955745781,#c8102e
-23.9415292423646, -9.06563482532249,#c8102e
-23.9350138843891, -9.07801966537021,#c8102e
-23.9284596116246, -9.09038395512275,#c8102e
-23.9218664888886, -9.10272757230514,#c8102e
-23.9152345813831, -9.11505039484685,#c8102e
-23.9085639546933, -9.12735230088298,#c8102e
-23.9018546747875, -9.13963316875549,#c8102e
-23.8951068080163, -9.15189287701440,#c8102e
-23.8883204211116, -9.16413130441898,#c8102e
-23.8814955811867, -9.17634832993894,#c8102e
-23.8746323557348, -9.18854383275566,#c8102e
-23.8677308126289, -9.20071769226337,#c8102e
-23.8607910201208, -9.21286978807032,#c8102e
-23.8538130468408, -9.22500000000000,#c8102e
-23.8467969617964, -9.23710820809231,#c8102e
-23.8397428343724, -9.24919429260477,#c8102e
-23.8326507343296, -9.26125813401366,#c8102e
-23.8255207318043, -9.27329961301527,#c8102e
-23.8183528973078, -9.28531861052700,#c8102e
-23.8111473017254, -9.29731500768860,#c8102e
-23.8039040163158, -9.30928868586333,#c8102e
-23.7966231127106, -9.32123952663909,#c8102e
-23.7893046629132, -9.33316741182968,#c8102e
-23.7819487392986, -9.34507222347587,#c8102e
-23.7745554146120, -9.35695384384664,#c8102e
-23.7671247619688, -9.36881215544030,#c8102e
-23.7596568548534, -9.38064704098569,#c8102e
-23.7521517671187, -9.39245838344329,#c8102e
-23.7446095729852, -9.40424606600644,#c8102e
-23.7370303470405, -9.41600997210242,#c8102e
-23.7294141642383, -9.42774998539369,#c8102e
-23.7217610998977, -9.43946598977896,#c8102e
-23.7140712297028, -9.45115786939439,#c8102e
-23.7063446297014, -9.46282550861471,#c8102e
-23.6985813763048, -9.47446879205437,#c8102e
-23.6907815462866, -9.48608760456871,#c8102e
-23.6829452167822, -9.49768183125502,#c8102e
-23.6750724652878, -9.50925135745379,#c8102e
-23.6671633696600, -9.52079606874974,#c8102e
-23.6592180081147, -9.53231585097299,#c8102e
-23.6512364592265, -9.54381059020023,#c8102e
-23.6432188019279, -9.55528017275578,#c8102e
-23.6351651155084, -9.56672448521274,#c8102e
-23.6270754796139, -9.57814341439413,#c8102e
-23.6189499742456, -9.58953684737400,#c8102e
-23.6107886797598, -9.60090467147853,#c8102e
-23.6025916768663, -9.61224677428714,#c8102e
-23.5943590466284, -9.62356304363366,#c8102e
-23.5860908704616, -9.63485336760735,#c8102e
-23.5777872301329, -9.64611763455408,#c8102e
-23.5694482077599, -9.65735573307740,#c8102e
-23.5610738858104, -9.66856755203965,#c8102e
-23.5526643471011, -9.67975298056307,#c8102e
-23.5442196747969, -9.69091190803087,#c8102e
-23.5357399524104, -9.70204422408833,#c8102e
-23.5272252638005, -9.71314981864392,#c8102e
-23.5186756931722, -9.72422858187035,#c8102e
-23.5100913250752, -9.73528040420571,#c8102e
-23.5014722444036, -9.74630517635448,#c8102e
-23.4928185363945, -9.75730278928865,#c8102e
-23.4841302866277, -9.76827313424883,#c8102e
-23.4754075810243, -9.77921610274527,#c8102e
-23.4666505058465, -9.79013158655895,#c8102e
-23.4578591476962, -9.80101947774267,#c8102e
-23.4490335935142, -9.81187966862210,#c8102e
-23.4401739305798, -9.82271205179685,#c8102e
-23.4312802465093, -9.83351652014152,#c8102e
-23.4223526292557, -9.84429296680678,#c8102e
-23.4133911671074, -9.85504128522042,#c8102e
-23.4043959486876, -9.86576136908839,#c8102e
-23.3953670629533, -9.87645311239587,#c8102e
-23.3863045991944, -9.88711640940831,#c8102e
-23.3772086470330, -9.89775115467246,#c8102e
-23.3680792964222, -9.90835724301745,#c8102e
-23.3589166376456, -9.91893456955580,#c8102e
-23.3497207613159, -9.92948302968446,#c8102e
-23.3404917583746, -9.94000251908586,#c8102e
-23.3312297200907, -9.95049293372894,#c8102e
-23.3219347380598, -9.96095416987014,#c8102e
-23.3126069042035, -9.97138612405449,#c8102e
-23.3032463107680, -9.98178869311657,#c8102e
-23.2938530503236, -9.99216177418160,#c8102e
-23.2844272157639,-10.00250526466638,#c8102e
-23.2749689003043,-10.01281906228036,#c8102e
-23.2654781974814,-10.02310306502662,#c8102e
-23.2559552011525,-10.03335717120292,#c8102e
-23.2464000054937,-10.04358127940265,#c8102e
-23.2368127050001,-10.05377528851587,#c8102e
-23.2271933944838,-10.06393909773029,#c8102e
-23.2175421690737,-10.07407260653232,#c8102e
-23.2078591242144,-10.08417571470797,#c8102e
-23.1981443556650,-10.09424832234392,#c8102e
-23.1883979594984,-10.10429032982847,#c8102e
-23.1786200321002,-10.11430163785255,#c8102e
-23.1688106701681,-10.12428214741067,#c8102e
-23.1589699707102,-10.13423175980194,#c8102e
-23.1490980310449,-10.14415037663100,#c8102e
-23.1391949487995,-10.15403789980903,#c8102e
-23.1292608219090,-10.16389423155471,#c8102e
-23.1192957486158,-10.17371927439516,#c8102e
-23.1092998274680,-10.18351293116696,#c8102e
-23.0992731573190,-10.19327510501705,#c8102e
-23.0892158373262,-10.20300569940375,#c8102e
-23.0791279669501,-10.21270461809763,#c8102e
-23.0690096459533,-10.22237176518257,#c8102e
-23.0588609743995,-10.23200704505660,#c8102e
-23.0486820526528,-10.24161036243293,#c8102e
-23.0384729813762,-10.25118162234085,#c8102e
-23.0282338615309,-10.26072073012667,#c8102e
-23.0179647943753,-10.27022759145468,#c8102e
-23.0076658814639,-10.27970211230804,#c8102e
-22.9973372246466,-10.28914419898978,#c8102e
-22.9869789260670,-10.29855375812363,#c8102e
-22.9765910881623,-10.30793069665504,#c8102e
-22.9661738136616,-10.31727492185204,#c8102e
-22.9557272055850,-10.32658634130617,#c8102e
-22.9452513672429,-10.33586486293341,#c8102e
-22.9347464022347,-10.34511039497507,#c8102e
-22.9242124144479,-10.35432284599871,#c8102e
-22.9136495080568,-10.36350212489902,#c8102e
-22.9030577875220,-10.37264814089879,#c8102e
-22.8924373575887,-10.38176080354970,#c8102e
-22.8817883232864,-10.39084002273333,#c8102e
-22.8711107899272,-10.39988570866194,#c8102e
-22.8604048631051,-10.40889777187945,#c8102e
-22.8496706486950,-10.41787612326228,#c8102e
-22.8389082528513,-10.42682067402024,#c8102e
-22.8281177820075,-10.43573133569738,#c8102e
-22.8172993428744,-10.44460802017294,#c8102e
-22.8064530424394,-10.45345063966213,#c8102e
-22.7955789879656,-10.46225910671706,#c8102e
-22.7846772869905,-10.47103333422758,#c8102e
-22.7737480473251,-10.47977323542216,#c8102e
-22.7627913770524,-10.48847872386872,#c8102e
-22.7518073845272,-10.49714971347550,#c8102e
-22.7407961783739,-10.50578611849194,#c8102e
-22.7297578674866,-10.51438785350945,#c8102e
-22.7186925610271,-10.52295483346235,#c8102e
-22.7076003684243,-10.53148697362864,#c8102e
-22.6964813993728,-10.53998418963088,#c8102e
-22.6853357638322,-10.54844639743698,#c8102e
-22.6741635720259,-10.55687351336109,#c8102e
-22.6629649344396,-10.56526545406439,#c8102e
-22.6517399618208,-10.57362213655590,#c8102e
-22.6404887651774,-10.58194347819335,#c8102e
-22.6292114557765,-10.59022939668394,#c8102e
-22.6179081451436,-10.59847981008521,#c8102e
-22.6065789450612,-10.60669463680580,#c8102e
-22.5952239675679,-10.61487379560629,#c8102e
-22.5838433249573,-10.62301720560000,#c8102e
-22.5724371297766,-10.63112478625377,#c8102e
-22.5610054948260,-10.63919645738877,#c8102e
-22.5495485331570,-10.64723213918131,#c8102e
-22.5380663580717,-10.65523175216358,#c8102e
-22.5265590831215,-10.66319521722451,#c8102e
-22.5150268221060,-10.67112245561047,#c8102e
-22.5034696890720,-10.67901338892610,#c8102e
-22.4918877983123,-10.68686793913510,#c8102e
-22.4802812643643,-10.69468602856094,#c8102e
-22.4686502020093,-10.70246757988768,#c8102e
-22.4569947262712,-10.71021251616072,#c8102e
-22.4453149524151,-10.71792076078757,#c8102e
-22.4336109959466,-10.72559223753856,#c8102e
-22.4218829726105,-10.73322687054768,#c8102e
-22.4101309983894,-10.74082458431323,#c8102e
-22.3983551895030,-10.74838530369868,#c8102e
-22.3865556624064,-10.75590895393328,#c8102e
-22.3747325337894,-10.76339546061292,#c8102e
-22.3628859205755,-10.77084474970081,#c8102e
-22.3510159399199,-10.77825674752821,#c8102e
-22.3391227092094,-10.78563138079515,#c8102e
-22.3272063460603,-10.79296857657120,#c8102e
-22.3152669683180,-10.80026826229616,#c8102e
-22.3033046940554,-10.80753036578076,#c8102e
-22.2913196415716,-10.81475481520741,#c8102e
-22.2793119293914,-10.82194153913090,#c8102e
-22.2672816762632,-10.82909046647908,#c8102e
-22.2552290011588,-10.83620152655361,#c8102e
-22.2431540232714,-10.84327464903061,#c8102e
-22.2310568620148,-10.85030976396140,#c8102e
-22.2189376370224,-10.85730680177315,#c8102e
-22.2067964681455,-10.86426569326960,#c8102e
-22.1946334754527,-10.87118636963174,#c8102e
-22.1824487792281,-10.87806876241847,#c8102e
-22.1702424999707,-10.88491280356729,#c8102e
-22.1580147583928,-10.89171842539498,#c8102e
-22.1457656754191,-10.89848556059826,#c8102e
-22.1334953721852,-10.90521414225447,#c8102e
-22.1212039700366,-10.91190410382220,#c8102e
-22.1088915905275,-10.91855537914198,#c8102e
-22.0965583554194,-10.92516790243691,#c8102e
-22.0842043866803,-10.93174160831335,#c8102e
-22.0718298064831,-10.93827643176151,#c8102e
-22.0594347372045,-10.94477230815614,#c8102e
-22.0470193014238,-10.95122917325715,#c8102e
-22.0345836219219,-10.95764696321023,#c8102e
-22.0221278216797,-10.96402561454753,#c8102e
-22.0096520238772,-10.97036506418822,#c8102e
-21.9971563518921,-10.97666524943918,#c8102e
-21.9846409292986,-10.98292610799558,#c8102e
-21.9721058798664,-10.98914757794150,#c8102e
-21.9595513275591,-10.99532959775055,#c8102e
-21.9469773965332,-11.00147210628647,#c8102e
-21.9343842111371,-11.00757504280377,#c8102e
-21.9217718959092,-11.01363834694827,#c8102e
-21.9091405755774,-11.01966195875775,#c8102e
-21.8964903750573,-11.02564581866250,#c8102e
-21.8838214194516,-11.03158986748596,#c8102e
-21.8711338340480,-11.03749404644525,#c8102e
-21.8584277443188,-11.04335829715179,#c8102e
-21.8457032759191,-11.04918256161187,#c8102e
-21.8329605546858,-11.05496678222720,#c8102e
-21.8201997066363,-11.06071090179553,#c8102e
-21.8074208579674,-11.06641486351115,#c8102e
-21.7946241350537,-11.07207861096550,#c8102e
-21.7818096644467,-11.07770208814772,#c8102e
-21.7689775728734,-11.08328523944518,#c8102e
-21.7561279872350,-11.08882800964407,#c8102e
-21.7432610346058,-11.09433034392991,#c8102e
-21.7303768422317,-11.09979218788811,#c8102e
-21.7174755375292,-11.10521348750449,#c8102e
-21.7045572480841,-11.11059418916584,#c8102e
-21.6916221016500,-11.11593423966045,#c8102e
-21.6786702261473,-11.12123358617860,#c8102e
-21.6657017496619,-11.12649217631311,#c8102e
-21.6527168004437,-11.13170995805988,#c8102e
-21.6397155069056,-11.13688687981836,#c8102e
-21.6266979976222,-11.14202289039207,#c8102e
-21.6136644013284,-11.14711793898912,#c8102e
-21.6006148469182,-11.15217197522274,#c8102e
-21.5875494634433,-11.15718494911169,#c8102e
-21.5744683801122,-11.16215681108087,#c8102e
-21.5613717262884,-11.16708751196170,#c8102e
-21.5482596314896,-11.17197700299268,#c8102e
-21.5351322253859,-11.17682523581986,#c8102e
-21.5219896377992,-11.18163216249729,#c8102e
-21.5088319987013,-11.18639773548752,#c8102e
-21.4956594382129,-11.19112190766205,#c8102e
-21.4824720866022,-11.19580463230182,#c8102e
-21.4692700742837,-11.20044586309767,#c8102e
-21.4560535318171,-11.20504555415075,#c8102e
-21.4428225899055,-11.20960365997305,#c8102e
-21.4295773793944,-11.21412013548780,#c8102e
-21.4163180312708,-11.21859493602992,#c8102e
-21.4030446766610,-11.22302801734647,#c8102e
-21.3897574468301,-11.22741933559710,#c8102e
-21.3764564731805,-11.23176884735445,#c8102e
-21.3631418872502,-11.23607650960461,#c8102e
-21.3498138207121,-11.24034227974755,#c8102e
-21.3364724053723,-11.24456611559749,#c8102e
-21.3231177731689,-11.24874797538340,#c8102e
-21.3097500561708,-11.25288781774932,#c8102e
-21.2963693865762,-11.25698560175485,#c8102e
-21.2829758967114,-11.26104128687550,#c8102e
-21.2695697190295,-11.26505483300312,#c8102e
-21.2561509861092,-11.26902620044630,#c8102e
-21.2427198306531,-11.27295534993072,#c8102e
-21.2292763854869,-11.27684224259959,#c8102e
-21.2158207835577,-11.28068684001402,#c8102e
-21.2023531579328,-11.28448910415337,#c8102e
-21.1888736417986,-11.28824899741567,#c8102e
-21.1753823684589,-11.29196648261796,#c8102e
-21.1618794713338,-11.29564152299666,#c8102e
-21.1483650839584,-11.29927408220798,#c8102e
-21.1348393399814,-11.30286412432819,#c8102e
-21.1213023731638,-11.30641161385407,#c8102e
-21.1077543173777,-11.30991651570319,#c8102e
-21.0941953066046,-11.31337879521430,#c8102e
-21.0806254749347,-11.31679841814766,#c8102e
-21.0670449565649,-11.32017535068536,#c8102e
-21.0534538857980,-11.32350955943168,#c8102e
-21.0398523970409,-11.32680101141343,#c8102e
-21.0262406248039,-11.33004967408022,#c8102e
-21.0126187036986,-11.33325551530484,#c8102e
-20.9989867684372,-11.33641850338357,#c8102e
-20.9853449538309,-11.33953860703646,#c8102e
-20.9716933947887,-11.34261579540766,#c8102e
-20.9580322263157,-11.34565003806573,#c8102e
-20.9443615835122,-11.34864130500394,#c8102e
-20.9306816015722,-11.35158956664057,#c8102e
-20.9169924157820,-11.35449479381917,#c8102e
-20.9032941615191,-11.35735695780889,#c8102e
-20.8895869742504,-11.36017603030475,#c8102e
-20.8758709895313,-11.36295198342791,#c8102e
-20.8621463430042,-11.36568478972595,#c8102e
-20.8484131703971,-11.36837442217316,#c8102e
-20.8346716075225,-11.37102085417078,#c8102e
-20.8209217902755,-11.37362405954728,#c8102e
-20.8071638546333,-11.37618401255860,#c8102e
-20.7933979366530,-11.37870068788845,#c8102e
-20.7796241724708,-11.38117406064849,#c8102e
-20.7658426983006,-11.38360410637865,#c8102e
-20.7520536504322,-11.38599080104730,#c8102e
-20.7382571652308,-11.38833412105157,#c8102e
-20.7244533791347,-11.39063404321749,#c8102e
-20.7106424286546,-11.39289054480030,#c8102e
-20.6968244503721,-11.39510360348464,#c8102e
-20.6829995809382,-11.39727319738475,#c8102e
-20.6691679570720,-11.39939930504473,#c8102e
-20.6553297155596,-11.40148190543873,#c8102e
-20.6414849932524,-11.40352097797114,#c8102e
-20.6276339270659,-11.40551650247685,#c8102e
-20.6137766539783,-11.40746845922137,#c8102e
-20.5999133110293,-11.40937682890109,#c8102e
-20.5860440353185,-11.41124159264346,#c8102e
-20.5721689640043,-11.41306273200713,#c8102e
-20.5582882343023,-11.41484022898220,#c8102e
-20.5444019834841,-11.41657406599035,#c8102e
-20.5305103488760,-11.41826422588504,#c8102e
-20.5166134678573,-11.41991069195165,#c8102e
-20.5027114778594,-11.42151344790768,#c8102e
-20.4888045163641,-11.42307247790289,#c8102e
-20.4748927209025,-11.42458776651947,#c8102e
-20.4609762290535,-11.42605929877218,#c8102e
-20.4470551784421,-11.42748706010848,#c8102e
-20.4331297067389,-11.42887103640874,#c8102e
-20.4191999516579,-11.43021121398630,#c8102e
-20.4052660509556,-11.43150757958766,#c8102e
-20.3913281424292,-11.43276012039259,#c8102e
-20.3773863639160,-11.43396882401424,#c8102e
-20.3634408532913,-11.43513367849932,#c8102e
-20.3494917484672,-11.43625467232815,#c8102e
-20.3355391873917,-11.43733179441481,#c8102e
-20.3215833080466,-11.43836503410724,#c8102e
-20.3076242484468,-11.43935438118737,#c8102e
-20.2936621466385,-11.44029982587119,#c8102e
-20.2796971406979,-11.44120135880883,#c8102e
-20.2657293687303,-11.44205897108472,#c8102e
-20.2517589688679,-11.44287265421761,#c8102e
-20.2377860792691,-11.44364240016069,#c8102e
-20.2238108381170,-11.44436820130166,#c8102e
-20.2098333836178,-11.44505005046282,#c8102e
-20.1958538539996,-11.44568794090111,#c8102e
-20.1818723875112,-11.44628186630818,#c8102e
-20.1678891224203,-11.44683182081051,#c8102e
-20.1539041970126,-11.44733779896939,#c8102e
-20.1399177495901,-11.44779979578102,#c8102e
-20.1259299184699,-11.44821780667653,#c8102e
-20.1119408419827,-11.44859182752208,#c8102e
-20.0979506584717,-11.44892185461882,#c8102e
-20.0839595062909,-11.44920788470301,#c8102e
-20.0699675238038,-11.44944991494598,#c8102e
-20.0559748493824,-11.44964794295421,#c8102e
-20.0419816214052,-11.44980196676933,#c8102e
-20.0279879782565,-11.44991198486814,#c8102e
-20.0139940583244,-11.44997799616263,#c8102e
-20.0000000000000,-11.45000000000000,#c8102e
-20.0000000000000,-11.50000000000000,#c8102e
