x,y,fill
  0.0000000000000, 15.00000000000000,#000000
-21.5000000000000, 15.00000000000000,#000000
-21.5133651284045, 14.99998949254308,#000000
-21.5267302237658, 14.99995797019829,#000000
-21.5400952530408, 14.99990543304357,#000000
-21.5534601831866, 14.99983188120881,#000000
-21.5668249811605, 14.99973731487585,#000000
-21.5801896139201, 14.99962173427849,#000000
-21.5935540484236, 14.99948513970250,#000000
-21.6069182516293, 14.99932753148557,#000000
-21.6202821904965, 14.99914891001737,#000000
-21.6336458319848, 14.99894927573951,#000000
-21.6470091430549, 14.99872862914555,#000000
-21.6603720906680, 14.99848697078102,#000000
-21.6737346417862, 14.99822430124337,#000000
-21.6870967633729, 14.99794062118202,#000000
-21.7004584223923, 14.99763593129830,#000000
-21.7138195858097, 14.99731023234554,#000000
-21.7271802205918, 14.99696352512895,#000000
-21.7405402937065, 14.99659581050573,#000000
-21.7538997721232, 14.99620708938499,#000000
-21.7672586228125, 14.99579736272778,#000000
-21.7806168127470, 14.99536663154709,#000000
-21.7939743089004, 14.99491489690783,#000000
-21.8073310782487, 14.99444215992684,#000000
-21.8206870877691, 14.99394842177289,#000000
-21.8340423044411, 14.99343368366667,#000000
-21.8473966952460, 14.99289794688080,#000000
-21.8607502271673, 14.99234121273979,#000000
-21.8741028671902, 14.99176348262009,#000000
-21.8874545823027, 14.99116475795003,#000000
-21.9008053394946, 14.99054504020988,#000000
-21.9141551057583, 14.98990433093179,#000000
-21.9275038480886, 14.98924263169980,#000000
-21.9408515334829, 14.98855994414988,#000000
-21.9541981289410, 14.98785626996985,#000000
-21.9675436014656, 14.98713161089944,#000000
-21.9808879180622, 14.98638596873026,#000000
-21.9942310457390, 14.98561934530578,#000000
-22.0075729515073, 14.98483174252137,#000000
-22.0209136023812, 14.98402316232424,#000000
-22.0342529653781, 14.98319360671349,#000000
-22.0475910075185, 14.98234307774007,#000000
-22.0609276958263, 14.98147157750676,#000000
-22.0742629973285, 14.98057910816822,#000000
-22.0875968790557, 14.97966567193094,#000000
-22.1009293080420, 14.97873127105325,#000000
-22.1142602513250, 14.97777590784530,#000000
-22.1275896759461, 14.97679958466908,#000000
-22.1409175489504, 14.97580230393839,#000000
-22.1542438373868, 14.97478406811887,#000000
-22.1675685083082, 14.97374487972792,#000000
-22.1808915287714, 14.97268474133479,#000000
-22.1942128658373, 14.97160365556050,#000000
-22.2075324865710, 14.97050162507786,#000000
-22.2208503580418, 14.96937865261147,#000000
-22.2341664473235, 14.96823474093771,#000000
-22.2474807214940, 14.96706989288471,#000000
-22.2607931476360, 14.96588411133239,#000000
-22.2741036928364, 14.96467739921239,#000000
-22.2874123241872, 14.96344975950812,#000000
-22.3007190087848, 14.96220119525473,#000000
-22.3140237137305, 14.96093170953911,#000000
-22.3273264061306, 14.95964130549984,#000000
-22.3406270530961, 14.95832998632726,#000000
-22.3539256217434, 14.95699775526339,#000000
-22.3672220791939, 14.95564461560198,#000000
-22.3805163925740, 14.95427057068843,#000000
-22.3938085290158, 14.95287562391986,#000000
-22.4070984556566, 14.95145977874506,#000000
-22.4203861396389, 14.95002303866448,#000000
-22.4336715481113, 14.94856540723024,#000000
-22.4469546482274, 14.94708688804611,#000000
-22.4602354071471, 14.94558748476747,#000000
-22.4735137920357, 14.94406720110139,#000000
-22.4867897700645, 14.94252604080652,#000000
-22.5000633084106, 14.94096400769313,#000000
-22.5133343742575, 14.93938110562310,#000000
-22.5266029347944, 14.93777733850992,#000000
-22.5398689572169, 14.93615271031865,#000000
-22.5531324087269, 14.93450722506592,#000000
-22.5663932565325, 14.93284088681993,#000000
-22.5796514678485, 14.93115369970045,#000000
-22.5929070098959, 14.92944566787879,#000000
-22.6061598499025, 14.92771679557777,#000000
-22.6194099551028, 14.92596708707177,#000000
-22.6326572927379, 14.92419654668667,#000000
-22.6459018300560, 14.92240517879984,#000000
-22.6591435343118, 14.92059298784017,#000000
-22.6723823727676, 14.91875997828801,#000000
-22.6856183126921, 14.91690615467519,#000000
-22.6988513213618, 14.91503152158499,#000000
-22.7120813660601, 14.91313608365216,#000000
-22.7253084140776, 14.91121984556286,#000000
-22.7385324327128, 14.90928281205469,#000000
-22.7517533892712, 14.90732498791667,#000000
-22.7649712510661, 14.90534637798920,#000000
-22.7781859854185, 14.90334698716409,#000000
-22.7913975596569, 14.90132682038452,#000000
-22.8046059411178, 14.89928588264503,#000000
-22.8178110971457, 14.89722417899151,#000000
-22.8310129950927, 14.89514171452122,#000000
-22.8442116023194, 14.89303849438271,#000000
-22.8574068861942, 14.89091452377586,#000000
-22.8705988140938, 14.88876980795186,#000000
-22.8837873534033, 14.88660435221318,#000000
-22.8969724715161, 14.88441816191357,#000000
-22.9101541358341, 14.88221124245805,#000000
-22.9233323137676, 14.87998359930286,#000000
-22.9365069727357, 14.87773523795552,#000000
-22.9496780801662, 14.87546616397474,#000000
-22.9628456034954, 14.87317638297045,#000000
-22.9760095101689, 14.87086590060377,#000000
-22.9891697676409, 14.86853472258701,#000000
-23.0023263433747, 14.86618285468363,#000000
-23.0154792048428, 14.86381030270827,#000000
-23.0286283195268, 14.86141707252669,#000000
-23.0417736549175, 14.85900317005576,#000000
-23.0549151785153, 14.85656860126349,#000000
-23.0680528578297, 14.85411337216896,#000000
-23.0811866603799, 14.85163748884234,#000000
-23.0943165536946, 14.84914095740486,#000000
-23.1074425053123, 14.84662378402881,#000000
-23.1205644827810, 14.84408597493749,#000000
-23.1336824536589, 14.84152753640526,#000000
-23.1467963855136, 14.83894847475743,#000000
-23.1599062459232, 14.83634879637034,#000000
-23.1730120024755, 14.83372850767128,#000000
-23.1861136227686, 14.83108761513850,#000000
-23.1992110744108, 14.82842612530120,#000000
-23.2123043250208, 14.82574404473949,#000000
-23.2253933422275, 14.82304138008439,#000000
-23.2384780936703, 14.82031813801782,#000000
-23.2515585469994, 14.81757432527257,#000000
-23.2646346698753, 14.81480994863227,#000000
-23.2777064299693, 14.81202501493142,#000000
-23.2907737949637, 14.80921953105533,#000000
-23.3038367325513, 14.80639350394012,#000000
-23.3168952104362, 14.80354694057269,#000000
-23.3299491963333, 14.80067984799072,#000000
-23.3429986579686, 14.79779223328265,#000000
-23.3560435630795, 14.79488410358766,#000000
-23.3690838794144, 14.79195546609563,#000000
-23.3821195747333, 14.78900632804716,#000000
-23.3951506168073, 14.78603669673354,#000000
-23.4081769734194, 14.78304657949671,#000000
-23.4211986123638, 14.78003598372926,#000000
-23.4342155014467, 14.77700491687442,#000000
-23.4472276084858, 14.77395338642602,#000000
-23.4602349013107, 14.77088139992850,#000000
-23.4732373477630, 14.76778896497686,#000000
-23.4862349156961, 14.76467608921666,#000000
-23.4992275729757, 14.76154278034399,#000000
-23.5122152874793, 14.75838904610546,#000000
-23.5251980270969, 14.75521489429820,#000000
-23.5381757597308, 14.75202033276978,#000000
-23.5511484532954, 14.74880536941827,#000000
-23.5641160757180, 14.74557001219216,#000000
-23.5770785949380, 14.74231426909035,#000000
-23.5900359789077, 14.73903814816215,#000000
-23.6029881955920, 14.73574165750727,#000000
-23.6159352129686, 14.73242480527576,#000000
-23.6288769990279, 14.72908759966801,#000000
-23.6418135217736, 14.72573004893474,#000000
-23.6547447492219, 14.72235216137697,#000000
-23.6676706494026, 14.71895394534599,#000000
-23.6805911903584, 14.71553540924335,#000000
-23.6935063401452, 14.71209656152086,#000000
-23.7064160668324, 14.70863741068051,#000000
-23.7193203385027, 14.70515796527453,#000000
-23.7322191232524, 14.70165823390528,#000000
-23.7451123891912, 14.69813822522531,#000000
-23.7580001044424, 14.69459794793728,#000000
-23.7708822371434, 14.69103741079397,#000000
-23.7837587554451, 14.68745662259826,#000000
-23.7966296275122, 14.68385559220307,#000000
-23.8094948215235, 14.68023432851139,#000000
-23.8223543056720, 14.67659284047622,#000000
-23.8352080481645, 14.67293113710057,#000000
-23.8480560172221, 14.66924922743742,#000000
-23.8608981810804, 14.66554712058973,#000000
-23.8737345079891, 14.66182482571036,#000000
-23.8865649662123, 14.65808235200211,#000000
-23.8993895240288, 14.65431970871765,#000000
-23.9122081497318, 14.65053690515952,#000000
-23.9250208116294, 14.64673395068012,#000000
-23.9378274780443, 14.64291085468166,#000000
-23.9506281173139, 14.63906762661612,#000000
-23.9634226977907, 14.63520427598530,#000000
-23.9762111878421, 14.63132081234072,#000000
-23.9889935558507, 14.62741724528363,#000000
-24.0017697702139, 14.62349358446499,#000000
-24.0145397993446, 14.61954983958544,#000000
-24.0273036116710, 14.61558602039526,#000000
-24.0400611756364, 14.61160213669437,#000000
-24.0528124596999, 14.60759819833229,#000000
-24.0655574323358, 14.60357421520815,#000000
-24.0782960620343, 14.59953019727060,#000000
-24.0910283173011, 14.59546615451784,#000000
-24.1037541666577, 14.59138209699758,#000000
-24.1164735786413, 14.58727803480700,#000000
-24.1291865218054, 14.58315397809277,#000000
-24.1418929647191, 14.57900993705095,#000000
-24.1545928759677, 14.57484592192704,#000000
-24.1672862241527, 14.57066194301591,#000000
-24.1799729778918, 14.56645801066180,#000000
-24.1926531058190, 14.56223413525826,#000000
-24.2053265765846, 14.55799032724816,#000000
-24.2179933588556, 14.55372659712365,#000000
-24.2306534213152, 14.54944295542614,#000000
-24.2433067326635, 14.54513941274625,#000000
-24.2559532616172, 14.54081597972381,#000000
-24.2685929769096, 14.53647266704784,#000000
-24.2812258472911, 14.53210948545649,#000000
-24.2938518415288, 14.52772644573704,#000000
-24.3064709284071, 14.52332355872588,#000000
-24.3190830767272, 14.51890083530844,#000000
-24.3316882553075, 14.51445828641922,#000000
-24.3442864329837, 14.50999592304171,#000000
-24.3568775786088, 14.50551375620841,#000000
-24.3694616610532, 14.50101179700078,#000000
-24.3820386492047, 14.49649005654920,#000000
-24.3946085119687, 14.49194854603295,#000000
-24.4071712182682, 14.48738727668022,#000000
-24.4197267370438, 14.48280625976803,#000000
-24.4322750372540, 14.47820550662221,#000000
-24.4448160878752, 14.47358502861741,#000000
-24.4573498579014, 14.46894483717703,#000000
-24.4698763163450, 14.46428494377322,#000000
-24.4823954322363, 14.45960535992683,#000000
-24.4949071746237, 14.45490609720740,#000000
-24.5074115125739, 14.45018716723311,#000000
-24.5199084151718, 14.44544858167078,#000000
-24.5323978515210, 14.44069035223582,#000000
-24.5448797907431, 14.43591249069219,#000000
-24.5573542019786, 14.43111500885242,#000000
-24.5698210543864, 14.42629791857751,#000000
-24.5822803171442, 14.42146123177698,#000000
-24.5947319594484, 14.41660496040876,#000000
-24.6071759505144, 14.41172911647923,#000000
-24.6196122595762, 14.40683371204313,#000000
-24.6320408558871, 14.40191875920361,#000000
-24.6444617087194, 14.39698427011208,#000000
-24.6568747873643, 14.39203025696832,#000000
-24.6692800611326, 14.38705673202033,#000000
-24.6816774993542, 14.38206370756437,#000000
-24.6940670713782, 14.37705119594492,#000000
-24.7064487465735, 14.37201920955462,#000000
-24.7188224943284, 14.36696776083426,#000000
-24.7311882840506, 14.36189686227276,#000000
-24.7435460851677, 14.35680652640712,#000000
-24.7558958671269, 14.35169676582239,#000000
-24.7682375993955, 14.34656759315165,#000000
-24.7805712514603, 14.34141902107598,#000000
-24.7928967928284, 14.33625106232441,#000000
-24.8052141930268, 14.33106372967391,#000000
-24.8175234216027, 14.32585703594934,#000000
-24.8298244481234, 14.32063099402343,#000000
-24.8421172421766, 14.31538561681674,#000000
-24.8544017733702, 14.31012091729767,#000000
-24.8666780113328, 14.30483690848233,#000000
-24.8789459257133, 14.29953360343461,#000000
-24.8912054861810, 14.29421101526611,#000000
-24.9034566624263, 14.28886915713609,#000000
-24.9156994241600, 14.28350804225144,#000000
-24.9279337411138, 14.27812768386668,#000000
-24.9401595830403, 14.27272809528391,#000000
-24.9523769197130, 14.26730928985275,#000000
-24.9645857209265, 14.26187128097036,#000000
-24.9767859564963, 14.25641408208135,#000000
-24.9889775962595, 14.25093770667779,#000000
-25.0011606100739, 14.24544216829915,#000000
-25.0133349678192, 14.23992748053230,#000000
-25.0255006393960, 14.23439365701143,#000000
-25.0376575947266, 14.22884071141805,#000000
-25.0498058037550, 14.22326865748095,#000000
-25.0619452364465, 14.21767750897614,#000000
-25.0740758627883, 14.21206727972688,#000000
-25.0861976527894, 14.20643798360356,#000000
-25.0983105764805, 14.20078963452374,#000000
-25.1104146039144, 14.19512224645207,#000000
-25.1225097051657, 14.18943583340028,#000000
-25.1345958503312, 14.18373040942714,#000000
-25.1466730095298, 14.17800598863839,#000000
-25.1587411529026, 14.17226258518679,#000000
-25.1708002506130, 14.16650021327198,#000000
-25.1828502728469, 14.16071888714053,#000000
-25.1948911898124, 14.15491862108586,#000000
-25.2069229717402, 14.14909942944820,#000000
-25.2189455888837, 14.14326132661461,#000000
-25.2309590115188, 14.13740432701887,#000000
-25.2429632099443, 14.13152844514149,#000000
-25.2549581544816, 14.12563369550967,#000000
-25.2669438154751, 14.11972009269724,#000000
-25.2789201632921, 14.11378765132467,#000000
-25.2908871683231, 14.10783638605898,#000000
-25.3028448009815, 14.10186631161373,#000000
-25.3147930317039, 14.09587744274900,#000000
-25.3267318309502, 14.08986979427133,#000000
-25.3386611692036, 14.08384338103368,#000000
-25.3505810169707, 14.07779821793541,#000000
-25.3624913447815, 14.07173431992224,#000000
-25.3743921231896, 14.06565170198620,#000000
-25.3862833227722, 14.05955037916561,#000000
-25.3981649141302, 14.05343036654503,#000000
-25.4100368678882, 14.04729167925522,#000000
-25.4218991546947, 14.04113433247313,#000000
-25.4337517452220, 14.03495834142184,#000000
-25.4455946101666, 14.02876372137050,#000000
-25.4574277202486, 14.02255048763434,#000000
-25.4692510462128, 14.01631865557461,#000000
-25.4810645588276, 14.01006824059853,#000000
-25.4928682288862, 14.00379925815927,#000000
-25.5046620272057, 13.99751172375590,#000000
-25.5164459246278, 13.99120565293336,#000000
-25.5282198920188, 13.98488106128243,#000000
-25.5399839002693, 13.97853796443965,#000000
-25.5517379202946, 13.97217637808735,#000000
-25.5634819230349, 13.96579631795353,#000000
-25.5752158794549, 13.95939779981191,#000000
-25.5869397605442, 13.95298083948181,#000000
-25.5986535373174, 13.94654545282815,#000000
-25.6103571808140, 13.94009165576141,#000000
-25.6220506620986, 13.93361946423760,#000000
-25.6337339522610, 13.92712889425819,#000000
-25.6454070224159, 13.92061996187010,#000000
-25.6570698437036, 13.91409268316563,#000000
-25.6687223872896, 13.90754707428247,#000000
-25.6803646243648, 13.90098315140358,#000000
-25.6919965261455, 13.89440093075726,#000000
-25.7036180638739, 13.88780042861699,#000000
-25.7152292088173, 13.88118166130149,#000000
-25.7268299322692, 13.87454464517461,#000000
-25.7384202055484, 13.86788939664534,#000000
-25.7500000000000, 13.86121593216773,#000000
-25.7615692869946, 13.85452426824087,#000000
-25.7731280379291, 13.84781442140885,#000000
-25.7846762242263, 13.84108640826071,#000000
-25.7962138173349, 13.83434024543041,#000000
-25.8077407887303, 13.82757594959678,#000000
-25.8192571099137, 13.82079353748346,#000000
-25.8307627524129, 13.81399302585891,#000000
-25.8422576877820, 13.80717443153633,#000000
-25.8537418876015, 13.80033777137362,#000000
-25.8652153234785, 13.79348306227334,#000000
-25.8766779670469, 13.78661032118269,#000000
-25.8881297899670, 13.77971956509344,#000000
-25.8995707639260, 13.77281081104190,#000000
-25.9110008606378, 13.76588407610887,#000000
-25.9224200518434, 13.75893937741963,#000000
-25.9338283093106, 13.75197673214384,#000000
-25.9452256048343, 13.74499615749555,#000000
-25.9566119102365, 13.73799767073315,#000000
-25.9679871973662, 13.73098128915927,#000000
-25.9793514381000, 13.72394703012083,#000000
-25.9907046043414, 13.71689491100893,#000000
-26.0020466680217, 13.70982494925882,#000000
-26.0133776010992, 13.70273716234987,#000000
-26.0246973755601, 13.69563156780551,#000000
-26.0360059634180, 13.68850818319323,#000000
-26.0473033367142, 13.68136702612445,#000000
-26.0585894675178, 13.67420811425458,#000000
-26.0698643279254, 13.66703146528289,#000000
-26.0811278900618, 13.65983709695253,#000000
-26.0923801260797, 13.65262502705043,#000000
-26.1036210081596, 13.64539527340730,#000000
-26.1148505085102, 13.63814785389759,#000000
-26.1260685993684, 13.63088278643938,#000000
-26.1372752529992, 13.62360008899443,#000000
-26.1484704416958, 13.61629977956804,#000000
-26.1596541377800, 13.60898187620910,#000000
-26.1708263136019, 13.60164639700996,#000000
-26.1819869415398, 13.59429336010645,#000000
-26.1931359940011, 13.58692278367779,#000000
-26.2042734434213, 13.57953468594657,#000000
-26.2153992622650, 13.57212908517872,#000000
-26.2265134230252, 13.56470599968340,#000000
-26.2376158982240, 13.55726544781303,#000000
-26.2487066604121, 13.54980744796320,#000000
-26.2597856821696, 13.54233201857266,#000000
-26.2708529361051, 13.53483917812322,#000000
-26.2819083948567, 13.52732894513974,#000000
-26.2929520310915, 13.51980133819012,#000000
-26.3039838175058, 13.51225637588516,#000000
-26.3150037268253, 13.50469407687860,#000000
-26.3260117318050, 13.49711445986703,#000000
-26.3370078052293, 13.48951754358988,#000000
-26.3479919199122, 13.48190334682931,#000000
-26.3589640486971, 13.47427188841024,#000000
-26.3699241644572, 13.46662318720025,#000000
-26.3808722400953, 13.45895726210954,#000000
-26.3918082485441, 13.45127413209091,#000000
-26.4027321627659, 13.44357381613970,#000000
-26.4136439557532, 13.43585633329371,#000000
-26.4245436005281, 13.42812170263323,#000000
-26.4354310701431, 13.42036994328090,#000000
-26.4463063376807, 13.41260107440173,#000000
-26.4571693762533, 13.40481511520303,#000000
-26.4680201590039, 13.39701208493436,#000000
-26.4788586591056, 13.38919200288748,#000000
-26.4896848497620, 13.38135488839632,#000000
-26.5004987042068, 13.37350076083692,#000000
-26.5113001957047, 13.36562963962736,#000000
-26.5220892975506, 13.35774154422776,#000000
-26.5328659830702, 13.34983649414019,#000000
-26.5436302256198, 13.34191450890865,#000000
-26.5543819985864, 13.33397560811899,#000000
-26.5651212753881, 13.32601981139892,#000000
-26.5758480294737, 13.31804713841787,#000000
-26.5865622343229, 13.31005760888704,#000000
-26.5972638634465, 13.30205124255927,#000000
-26.6079528903865, 13.29402805922906,#000000
-26.6186292887160, 13.28598807873245,#000000
-26.6292930320391, 13.27793132094704,#000000
-26.6399440939915, 13.26985780579190,#000000
-26.6505824482402, 13.26176755322751,#000000
-26.6612080684833, 13.25366058325577,#000000
-26.6718209284508, 13.24553691591988,#000000
-26.6824210019041, 13.23739657130432,#000000
-26.6930082626361, 13.22923956953483,#000000
-26.7035826844715, 13.22106593077830,#000000
-26.7141442412666, 13.21287567524277,#000000
-26.7246929069098, 13.20466882317737,#000000
-26.7352286553210, 13.19644539487224,#000000
-26.7457514604524, 13.18820541065852,#000000
-26.7562612962878, 13.17994889090827,#000000
-26.7667581368435, 13.17167585603444,#000000
-26.7772419561676, 13.16338632649081,#000000
-26.7877127283405, 13.15508032277194,#000000
-26.7981704274748, 13.14675786541311,#000000
-26.8086150277157, 13.13841897499030,#000000
-26.8190465032404, 13.13006367212009,#000000
-26.8294648282587, 13.12169197745967,#000000
-26.8398699770130, 13.11330391170674,#000000
-26.8502619237781, 13.10489949559945,#000000
-26.8606406428617, 13.09647874991642,#000000
-26.8710061086040, 13.08804169547661,#000000
-26.8813582953780, 13.07958835313932,#000000
-26.8916971775895, 13.07111874380410,#000000
-26.9020227296773, 13.06263288841073,#000000
-26.9123349261130, 13.05413080793916,#000000
-26.9226337414015, 13.04561252340944,#000000
-26.9329191500804, 13.03707805588169,#000000
-26.9431911267207, 13.02852742645605,#000000
-26.9534496459266, 13.01996065627259,#000000
-26.9636946823356, 13.01137776651131,#000000
-26.9739262106183, 13.00277877839206,#000000
-26.9841442054789, 12.99416371317449,#000000
-26.9943486416550, 12.98553259215798,#000000
-27.0045394939179, 12.97688543668163,#000000
-27.0147167370720, 12.96822226812417,#000000
-27.0248803459560, 12.95954310790393,#000000
-27.0350302954418, 12.95084797747876,#000000
-27.0451665604352, 12.94213689834600,#000000
-27.0552891158760, 12.93340989204243,#000000
-27.0653979367377, 12.92466698014420,#000000
-27.0754929980279, 12.91590818426679,#000000
-27.0855742747881, 12.90713352606494,#000000
-27.0956417420939, 12.89834302723261,#000000
-27.1056953750551, 12.88953670950294,#000000
-27.1157351488157, 12.88071459464816,#000000
-27.1257610385539, 12.87187670447955,#000000
-27.1357730194822, 12.86302306084742,#000000
-27.1457710668477, 12.85415368564101,#000000
-27.1557551559317, 12.84526860078844,#000000
-27.1657252620502, 12.83636782825671,#000000
-27.1756813605535, 12.82745139005156,#000000
-27.1856234268269, 12.81851930821750,#000000
-27.1955514362901, 12.80957160483768,#000000
-27.2054653643977, 12.80060830203390,#000000
-27.2153651866390, 12.79162942196652,#000000
-27.2252508785384, 12.78263498683440,#000000
-27.2351224156549, 12.77362501887488,#000000
-27.2449797735828, 12.76459954036368,#000000
-27.2548229279512, 12.75555857361488,#000000
-27.2646518544247, 12.74650214098084,#000000
-27.2744665287025, 12.73743026485219,#000000
-27.2842669265196, 12.72834296765769,#000000
-27.2940530236460, 12.71924027186427,#000000
-27.3038247958871, 12.71012219997690,#000000
-27.3135822190837, 12.70098877453860,#000000
-27.3233252691121, 12.69184001813032,#000000
-27.3330539218842, 12.68267595337091,#000000
-27.3427681533474, 12.67349660291710,#000000
-27.3524679394848, 12.66430198946338,#000000
-27.3621532563152, 12.65509213574198,#000000
-27.3718240798932, 12.64586706452283,#000000
-27.3814803863091, 12.63662679861346,#000000
-27.3911221516894, 12.62737136085897,#000000
-27.4007493521961, 12.61810077414199,#000000
-27.4103619640277, 12.60881506138258,#000000
-27.4199599634184, 12.59951424553820,#000000
-27.4295433266386, 12.59019834960366,#000000
-27.4391120299951, 12.58086739661105,#000000
-27.4486660498307, 12.57152140962968,#000000
-27.4582053625246, 12.56216041176604,#000000
-27.4677299444923, 12.55278442616371,#000000
-27.4772397721858, 12.54339347600337,#000000
-27.4867348220936, 12.53398758450264,#000000
-27.4962150707406, 12.52456677491612,#000000
-27.5056804946884, 12.51513107053529,#000000
-27.5151310705353, 12.50568049468843,#000000
-27.5245667749161, 12.49621507074060,#000000
-27.5339875845026, 12.48673482209359,#000000
-27.5433934760034, 12.47723977218581,#000000
-27.5527844261637, 12.46772994449229,#000000
-27.5621604117660, 12.45820536252458,#000000
-27.5715214096297, 12.44866604983070,#000000
-27.5808673966110, 12.43911202999512,#000000
-27.5901983496037, 12.42954332663864,#000000
-27.5995142455382, 12.41995996341839,#000000
-27.6088150613826, 12.41036196402770,#000000
-27.6181007741420, 12.40074935219614,#000000
-27.6273713608590, 12.39112215168938,#000000
-27.6366267986135, 12.38148038630914,#000000
-27.6458670645228, 12.37182407989319,#000000
-27.6550921357420, 12.36215325631523,#000000
-27.6643019894634, 12.35246793948483,#000000
-27.6734966029171, 12.34276815334744,#000000
-27.6826759533709, 12.33305392188424,#000000
-27.6918400181303, 12.32332526911214,#000000
-27.7009887745386, 12.31358221908371,#000000
-27.7101221999769, 12.30382479588711,#000000
-27.7192402718643, 12.29405302364603,#000000
-27.7283429676577, 12.28426692651965,#000000
-27.7374302648522, 12.27446652870254,#000000
-27.7465021409808, 12.26465185442466,#000000
-27.7555585736149, 12.25482292795125,#000000
-27.7645995403637, 12.24497977358277,#000000
-27.7736250188749, 12.23512241565489,#000000
-27.7826349868344, 12.22525087853836,#000000
-27.7916294219665, 12.21536518663902,#000000
-27.8006083020339, 12.20546536439767,#000000
-27.8095716048377, 12.19555143629009,#000000
-27.8185193082175, 12.18562342682689,#000000
-27.8274513900516, 12.17568136055351,#000000
-27.8363678282567, 12.16572526205016,#000000
-27.8452686007884, 12.15575515593173,#000000
-27.8541536856410, 12.14577106684772,#000000
-27.8630230608474, 12.13577301948224,#000000
-27.8718767044796, 12.12576103855388,#000000
-27.8807145946482, 12.11573514881569,#000000
-27.8895367095029, 12.10569537505512,#000000
-27.8983430272326, 12.09564174209391,#000000
-27.9071335260649, 12.08557427478810,#000000
-27.9159081842668, 12.07549299802793,#000000
-27.9246669801442, 12.06539793673775,#000000
-27.9334098920424, 12.05528911587602,#000000
-27.9421368983460, 12.04516656043522,#000000
-27.9508479774788, 12.03503029544177,#000000
-27.9595431079039, 12.02488034595600,#000000
-27.9682222681242, 12.01471673707205,#000000
-27.9768854366816, 12.00453949391785,#000000
-27.9855325921580, 11.99434864165504,#000000
-27.9941637131745, 11.98414420547889,#000000
-28.0027787783921, 11.97392621061828,#000000
-28.0113777665113, 11.96369468233559,#000000
-28.0199606562726, 11.95344964592665,#000000
-28.0285274264560, 11.94319112672072,#000000
-28.0370780558817, 11.93291915008037,#000000
-28.0456125234094, 11.92263374140145,#000000
-28.0541308079392, 11.91233492611302,#000000
-28.0626328884107, 11.90202272967726,#000000
-28.0711187438041, 11.89169717758949,#000000
-28.0795883531393, 11.88135829537798,#000000
-28.0880416954766, 11.87100610860401,#000000
-28.0964787499164, 11.86064064286174,#000000
-28.1048994955995, 11.85026192377813,#000000
-28.1133039117067, 11.83986997701296,#000000
-28.1216919774597, 11.82946482825867,#000000
-28.1300636721201, 11.81904650324035,#000000
-28.1384189749903, 11.80861502771568,#000000
-28.1467578654131, 11.79817042747484,#000000
-28.1550803227719, 11.78771272834047,#000000
-28.1633863264908, 11.77724195616757,#000000
-28.1716758560344, 11.76675813684349,#000000
-28.1799488909083, 11.75626129628783,#000000
-28.1882054106585, 11.74575146045237,#000000
-28.1964453948722, 11.73522865532103,#000000
-28.2046688231774, 11.72469290690979,#000000
-28.2128756752428, 11.71414424126663,#000000
-28.2210659307783, 11.70358268447147,#000000
-28.2292395695348, 11.69300826263609,#000000
-28.2373965713043, 11.68242100190411,#000000
-28.2455369159199, 11.67182092845085,#000000
-28.2536605832558, 11.66120806848332,#000000
-28.2617675532275, 11.65058244824016,#000000
-28.2698578057919, 11.63994409399154,#000000
-28.2779313209470, 11.62929303203912,#000000
-28.2859880787325, 11.61862928871598,#000000
-28.2940280592291, 11.60795289038655,#000000
-28.3020512425593, 11.59726386344653,#000000
-28.3100576088870, 11.58656223432288,#000000
-28.3180471384179, 11.57584802947368,#000000
-28.3260198113989, 11.56512127538813,#000000
-28.3339756081190, 11.55438199858644,#000000
-28.3419145089086, 11.54363022561977,#000000
-28.3498364941402, 11.53286598307021,#000000
-28.3577415442278, 11.52208929755064,#000000
-28.3656296396274, 11.51130019570473,#000000
-28.3735007608369, 11.50049870420684,#000000
-28.3813548883963, 11.48968484976196,#000000
-28.3891920028875, 11.47885865910564,#000000
-28.3970120849344, 11.46802015900393,#000000
-28.4048151152030, 11.45716937625332,#000000
-28.4126010744017, 11.44630633768068,#000000
-28.4203699432809, 11.43543107014315,#000000
-28.4281217026332, 11.42454360052812,#000000
-28.4358563332937, 11.41364395575315,#000000
-28.4435738161397, 11.40273216276590,#000000
-28.4512741320909, 11.39180824854406,#000000
-28.4589572621095, 11.38087224009530,#000000
-28.4666231872002, 11.36992416445717,#000000
-28.4742718884102, 11.35896404869707,#000000
-28.4819033468293, 11.34799191991216,#000000
-28.4895175435899, 11.33700780522931,#000000
-28.4971144598670, 11.32601173180502,#000000
-28.5046940768786, 11.31500372682534,#000000
-28.5122563758852, 11.30398381750584,#000000
-28.5198013381901, 11.29295203109151,#000000
-28.5273289451397, 11.28190839485672,#000000
-28.5348391781232, 11.27085293610510,#000000
-28.5423320185727, 11.25978568216956,#000000
-28.5498074479632, 11.24870666041213,#000000
-28.5572654478130, 11.23761589822396,#000000
-28.5647059996834, 11.22651342302520,#000000
-28.5721290851787, 11.21539926226500,#000000
-28.5795346859466, 11.20427344342135,#000000
-28.5869227836778, 11.19313599400110,#000000
-28.5942933601064, 11.18198694153984,#000000
-28.6016463970100, 11.17082631360185,#000000
-28.6089818762091, 11.15965413778003,#000000
-28.6162997795680, 11.14847044169583,#000000
-28.6236000889944, 11.13727525299918,#000000
-28.6308827864394, 11.12606859936842,#000000
-28.6381478538976, 11.11485050851024,#000000
-28.6453952734073, 11.10362100815962,#000000
-28.6526250270504, 11.09238012607971,#000000
-28.6598370969525, 11.08112789006184,#000000
-28.6670314652829, 11.06986432792539,#000000
-28.6742081142546, 11.05858946751775,#000000
-28.6813670261245, 11.04730333671424,#000000
-28.6885081831932, 11.03600596341804,#000000
-28.6956315678055, 11.02469737556013,#000000
-28.7027371623499, 11.01337760109922,#000000
-28.7098249492588, 11.00204666802168,#000000
-28.7168949110089, 10.99070460434144,#000000
-28.7239470301208, 10.97935143809998,#000000
-28.7309812891593, 10.96798719736623,#000000
-28.7379976707331, 10.95661191023647,#000000
-28.7449961574956, 10.94522560483432,#000000
-28.7519767321438, 10.93382830931063,#000000
-28.7589393774196, 10.92242005184342,#000000
-28.7658840761089, 10.91100086063782,#000000
-28.7728108110419, 10.89957076392597,#000000
-28.7797195650934, 10.88812978996699,#000000
-28.7866103211827, 10.87667796704691,#000000
-28.7934830622733, 10.86521532347854,#000000
-28.8003377713736, 10.85374188760147,#000000
-28.8071744315363, 10.84225768778197,#000000
-28.8139930258589, 10.83076275241292,#000000
-28.8207935374835, 10.81925710991374,#000000
-28.8275759495968, 10.80774078873032,#000000
-28.8343402454304, 10.79621381733495,#000000
-28.8410864082607, 10.78467622422626,#000000
-28.8478144214089, 10.77312803792914,#000000
-28.8545242682409, 10.76156928699465,#000000
-28.8612159321677, 10.75000000000000,#000000
-28.8678893966453, 10.73842020554843,#000000
-28.8745446451746, 10.72682993226915,#000000
-28.8811816613015, 10.71522920881731,#000000
-28.8878004286170, 10.70361806387386,#000000
-28.8944009307573, 10.69199652614553,#000000
-28.9009831514036, 10.68036462436475,#000000
-28.9075470742825, 10.66872238728957,#000000
-28.9140926831656, 10.65706984370359,#000000
-28.9206199618701, 10.64540702241589,#000000
-28.9271288942582, 10.63373395226097,#000000
-28.9336194642376, 10.62205066209865,#000000
-28.9400916557614, 10.61035718081403,#000000
-28.9465454528281, 10.59865353731741,#000000
-28.9529808394818, 10.58693976054420,#000000
-28.9593977998119, 10.57521587945488,#000000
-28.9657963179535, 10.56348192303491,#000000
-28.9721763780873, 10.55173792029463,#000000
-28.9785379644396, 10.53998390026926,#000000
-28.9848810612824, 10.52821989201877,#000000
-28.9912056529334, 10.51644592462780,#000000
-28.9975117237559, 10.50466202720565,#000000
-29.0037992581593, 10.49286822888615,#000000
-29.0100682405985, 10.48106455882762,#000000
-29.0163186555746, 10.46925104621276,#000000
-29.0225504876343, 10.45742772024864,#000000
-29.0287637213705, 10.44559461016656,#000000
-29.0349583414218, 10.43375174522204,#000000
-29.0411343324731, 10.42189915469470,#000000
-29.0472916792552, 10.41003686788819,#000000
-29.0534303665450, 10.39816491413017,#000000
-29.0595503791656, 10.38628332277217,#000000
-29.0656517019862, 10.37439212318956,#000000
-29.0717343199222, 10.36249134478146,#000000
-29.0777982179354, 10.35058101697067,#000000
-29.0838433810337, 10.33866116920361,#000000
-29.0898697942713, 10.32673183095022,#000000
-29.0958774427490, 10.31479303170393,#000000
-29.1018663116137, 10.30284480098153,#000000
-29.1078363860590, 10.29088716832315,#000000
-29.1137876513247, 10.27892016329215,#000000
-29.1197200926972, 10.26694381547507,#000000
-29.1256336955097, 10.25495815448156,#000000
-29.1315284451415, 10.24296320994426,#000000
-29.1374043270189, 10.23095901151881,#000000
-29.1432613266146, 10.21894558888369,#000000
-29.1490994294482, 10.20692297174019,#000000
-29.1549186210859, 10.19489118981236,#000000
-29.1607188871405, 10.18285027284688,#000000
-29.1665002132720, 10.17080025061303,#000000
-29.1722625851868, 10.15874115290258,#000000
-29.1780059886384, 10.14667300952977,#000000
-29.1837304094271, 10.13459585033119,#000000
-29.1894358334003, 10.12250970516570,#000000
-29.1951222464521, 10.11041460391441,#000000
-29.2007896345237, 10.09831057648054,#000000
-29.2064379836036, 10.08619765278942,#000000
-29.2120672797269, 10.07407586278832,#000000
-29.2176775089761, 10.06194523644649,#000000
-29.2232686574809, 10.04980580375497,#000000
-29.2288407114181, 10.03765759472662,#000000
-29.2343936570114, 10.02550063939596,#000000
-29.2399274805323, 10.01333496781917,#000000
-29.2454421682992, 10.00116061007394,#000000
-29.2509377066778,  9.98897759625947,#000000
-29.2564140820813,  9.97678595649634,#000000
-29.2618712809704,  9.96458572092647,#000000
-29.2673092898528,  9.95237691971302,#000000
-29.2727280952839,  9.94015958304032,#000000
-29.2781276838667,  9.92793374111384,#000000
-29.2835080422514,  9.91569942416004,#000000
-29.2888691571361,  9.90345666242633,#000000
-29.2942110152661,  9.89120548618104,#000000
-29.2995336034346,  9.87894592571326,#000000
-29.3048369084823,  9.86667801133283,#000000
-29.3101209172977,  9.85440177337025,#000000
-29.3153856168167,  9.84211724217657,#000000
-29.3206309940234,  9.82982444812338,#000000
-29.3258570359493,  9.81752342160267,#000000
-29.3310637296739,  9.80521419302679,#000000
-29.3362510623244,  9.79289679282839,#000000
-29.3414190210760,  9.78057125146029,#000000
-29.3465675931517,  9.76823759939547,#000000
-29.3516967658224,  9.75589586712693,#000000
-29.3568065264071,  9.74354608516766,#000000
-29.3618968622728,  9.73118828405057,#000000
-29.3669677608343,  9.71882249432838,#000000
-29.3720192095546,  9.70644874657354,#000000
-29.3770511959449,  9.69406707137822,#000000
-29.3820637075644,  9.68167749935416,#000000
-29.3870567320203,  9.66928006113262,#000000
-29.3920302569683,  9.65687478736433,#000000
-29.3969842701121,  9.64446170871937,#000000
-29.4019187592036,  9.63204085588712,#000000
-29.4068337120431,  9.61961225957621,#000000
-29.4117291164792,  9.60717595051436,#000000
-29.4166049604088,  9.59473195944841,#000000
-29.4214612317770,  9.58228031714417,#000000
-29.4262979185775,  9.56982105438636,#000000
-29.4311150088524,  9.55735420197855,#000000
-29.4359124906922,  9.54487979074308,#000000
-29.4406903522358,  9.53239785152097,#000000
-29.4454485816708,  9.51990841517185,#000000
-29.4501871672331,  9.50741151257388,#000000
-29.4549060972074,  9.49490717462370,#000000
-29.4596053599268,  9.48239543223631,#000000
-29.4642849437732,  9.46987631634503,#000000
-29.4689448371770,  9.45734985790141,#000000
-29.4735850286174,  9.44481608787515,#000000
-29.4782055066222,  9.43227503725402,#000000
-29.4828062597680,  9.41972673704380,#000000
-29.4873872766802,  9.40717121826818,#000000
-29.4919485460330,  9.39460851196873,#000000
-29.4964900565492,  9.38203864920474,#000000
-29.5010117970008,  9.36946166105324,#000000
-29.5055137562084,  9.35687757860884,#000000
-29.5099959230417,  9.34428643298371,#000000
-29.5144582864192,  9.33168825530749,#000000
-29.5189008353084,  9.31908307672718,#000000
-29.5233235587259,  9.30647092840711,#000000
-29.5277264457370,  9.29385184152883,#000000
-29.5321094854565,  9.28122584729106,#000000
-29.5364726670478,  9.26859297690957,#000000
-29.5408159797238,  9.25595326161715,#000000
-29.5451394127462,  9.24330673266352,#000000
-29.5494429554261,  9.23065342131522,#000000
-29.5537265971237,  9.21799335885559,#000000
-29.5579903272482,  9.20532657658462,#000000
-29.5622341352583,  9.19265310581896,#000000
-29.5664580106618,  9.17997297789177,#000000
-29.5706619430159,  9.16728622415267,#000000
-29.5748459219270,  9.15459287596766,#000000
-29.5790099370509,  9.14189296471906,#000000
-29.5831539780928,  9.12918652180539,#000000
-29.5872780348070,  9.11647357864134,#000000
-29.5913820969976,  9.10375416665766,#000000
-29.5954661545178,  9.09102831730110,#000000
-29.5995301972706,  9.07829606203433,#000000
-29.6035742152081,  9.06555743233583,#000000
-29.6075981983323,  9.05281245969988,#000000
-29.6116021366944,  9.04006117563641,#000000
-29.6155860203953,  9.02730361167097,#000000
-29.6195498395854,  9.01453979934462,#000000
-29.6234935844650,  9.00176977021390,#000000
-29.6274172452836,  8.98899355585068,#000000
-29.6313208123407,  8.97621118784215,#000000
-29.6352042759853,  8.96342269779071,#000000
-29.6390676266161,  8.95062811731389,#000000
-29.6429108546817,  8.93782747804427,#000000
-29.6467339506801,  8.92502081162942,#000000
-29.6505369051595,  8.91220814973182,#000000
-29.6543197087176,  8.89938952402876,#000000
-29.6580823520021,  8.88656496621227,#000000
-29.6618248257104,  8.87373450798906,#000000
-29.6655471205897,  8.86089818108041,#000000
-29.6692492274374,  8.84805601722213,#000000
-29.6729311371006,  8.83520804816446,#000000
-29.6765928404762,  8.82235430567196,#000000
-29.6802343285114,  8.80949482152351,#000000
-29.6838555922031,  8.79662962751215,#000000
-29.6874566225983,  8.78375875544505,#000000
-29.6910374107940,  8.77088223714343,#000000
-29.6945979479373,  8.75800010444245,#000000
-29.6981382252253,  8.74511238919115,#000000
-29.7016582339053,  8.73221912325240,#000000
-29.7051579652745,  8.71932033850275,#000000
-29.7086374106805,  8.70641606683243,#000000
-29.7120965615209,  8.69350634014523,#000000
-29.7155354092434,  8.68059119035840,#000000
-29.7189539453460,  8.66767064940264,#000000
-29.7223521613770,  8.65474474922194,#000000
-29.7257300489347,  8.64181352177357,#000000
-29.7290875996680,  8.62887699902794,#000000
-29.7324248052758,  8.61593521296858,#000000
-29.7357416575073,  8.60298819559202,#000000
-29.7390381481622,  8.59003597890773,#000000
-29.7423142690903,  8.57707859493802,#000000
-29.7455700121922,  8.56411607571799,#000000
-29.7488053694183,  8.55114845329543,#000000
-29.7520203327698,  8.53817575973076,#000000
-29.7552148942982,  8.52519802709690,#000000
-29.7583890461055,  8.51221528747928,#000000
-29.7615427803440,  8.49922757297567,#000000
-29.7646760892167,  8.48623491569615,#000000
-29.7677889649769,  8.47323734776302,#000000
-29.7708813999285,  8.46023490131074,#000000
-29.7739533864260,  8.44722760848581,#000000
-29.7770049168744,  8.43421550144670,#000000
-29.7800359837293,  8.42119861236382,#000000
-29.7830465794967,  8.40817697341937,#000000
-29.7860366967335,  8.39515061680731,#000000
-29.7890063280472,  8.38211957473325,#000000
-29.7919554660956,  8.36908387941441,#000000
-29.7948841035877,  8.35604356307949,#000000
-29.7977922332826,  8.34299865796861,#000000
-29.8006798479907,  8.32994919633327,#000000
-29.8035469405727,  8.31689521043619,#000000
-29.8063935039401,  8.30383673255132,#000000
-29.8092195310553,  8.29077379496367,#000000
-29.8120250149314,  8.27770642996932,#000000
-29.8148099486323,  8.26463466987527,#000000
-29.8175743252726,  8.25155854699939,#000000
-29.8203181380178,  8.23847809367033,#000000
-29.8230413800844,  8.22539334222747,#000000
-29.8257440447395,  8.21230432502080,#000000
-29.8284261253012,  8.19921107441084,#000000
-29.8310876151385,  8.18611362276861,#000000
-29.8337285076713,  8.17301200247550,#000000
-29.8363487963703,  8.15990624592320,#000000
-29.8389484747574,  8.14679638551363,#000000
-29.8415275364053,  8.13368245365887,#000000
-29.8440859749375,  8.12056448278105,#000000
-29.8466237840288,  8.10744250531229,#000000
-29.8491409574049,  8.09431655369462,#000000
-29.8516374888423,  8.08118666037988,#000000
-29.8541133721690,  8.06805285782969,#000000
-29.8565686012635,  8.05491517851529,#000000
-29.8590031700558,  8.04177365491753,#000000
-29.8614170725267,  8.02862831952678,#000000
-29.8638103027083,  8.01547920484280,#000000
-29.8661828546836,  8.00232634337470,#000000
-29.8685347225870,  7.98916976764089,#000000
-29.8708659006038,  7.97600951016891,#000000
-29.8731763829704,  7.96284560349544,#000000
-29.8754661639747,  7.94967808016616,#000000
-29.8777352379555,  7.93650697273572,#000000
-29.8799835993029,  7.92333231376759,#000000
-29.8822112424580,  7.91015413583407,#000000
-29.8844181619136,  7.89697247151610,#000000
-29.8866043522132,  7.88378735340330,#000000
-29.8887698079519,  7.87059881409380,#000000
-29.8909145237759,  7.85740688619417,#000000
-29.8930384943827,  7.84421160231940,#000000
-29.8951417145212,  7.83101299509274,#000000
-29.8972241789915,  7.81781109714568,#000000
-29.8992858826450,  7.80460594111784,#000000
-29.9013268203845,  7.79139755965688,#000000
-29.9033469871641,  7.77818598541846,#000000
-29.9053463779892,  7.76497125106612,#000000
-29.9073249879167,  7.75175338927120,#000000
-29.9092828120547,  7.73853243271280,#000000
-29.9112198455629,  7.72530841407765,#000000
-29.9131360836522,  7.71208136606005,#000000
-29.9150315215850,  7.69885132136181,#000000
-29.9169061546752,  7.68561831269214,#000000
-29.9187599782880,  7.67238237276756,#000000
-29.9205929878402,  7.65914353431185,#000000
-29.9224051787998,  7.64590183005597,#000000
-29.9241965466867,  7.63265729273794,#000000
-29.9259670870718,  7.61940995510280,#000000
-29.9277167955778,  7.60615984990252,#000000
-29.9294456678788,  7.59290700989589,#000000
-29.9311536997005,  7.57965146784847,#000000
-29.9328408868199,  7.56639325653252,#000000
-29.9345072250659,  7.55313240872687,#000000
-29.9361527103186,  7.53986895721689,#000000
-29.9377773385099,  7.52660293479437,#000000
-29.9393811056231,  7.51333437425747,#000000
-29.9409640076931,  7.50006330841063,#000000
-29.9425260408065,  7.48678977006446,#000000
-29.9440672011014,  7.47351379203570,#000000
-29.9455874847675,  7.46023540714712,#000000
-29.9470868880461,  7.44695464822744,#000000
-29.9485654072302,  7.43367154811125,#000000
-29.9500230386645,  7.42038613963893,#000000
-29.9514597787451,  7.40709845565655,#000000
-29.9528756239199,  7.39380852901584,#000000
-29.9542705706884,  7.38051639257403,#000000
-29.9556446156020,  7.36722207919387,#000000
-29.9569977552634,  7.35392562174343,#000000
-29.9583299863273,  7.34062705309612,#000000
-29.9596413054998,  7.32732640613057,#000000
-29.9609317095391,  7.31402371373053,#000000
-29.9622011952547,  7.30071900878482,#000000
-29.9634497595081,  7.28741232418723,#000000
-29.9646773992124,  7.27410369283645,#000000
-29.9658841113324,  7.26079314763597,#000000
-29.9670698928847,  7.24748072149402,#000000
-29.9682347409377,  7.23416644732349,#000000
-29.9693786526115,  7.22085035804183,#000000
-29.9705016250779,  7.20753248657097,#000000
-29.9716036555605,  7.19421286583726,#000000
-29.9726847413348,  7.18089152877136,#000000
-29.9737448797279,  7.16756850830819,#000000
-29.9747840681189,  7.15424383738683,#000000
-29.9758023039384,  7.14091754895041,#000000
-29.9767995846691,  7.12758967594611,#000000
-29.9777759078453,  7.11426025132499,#000000
-29.9787312710532,  7.10092930804196,#000000
-29.9796656719309,  7.08759687905567,#000000
-29.9805791081682,  7.07426299732847,#000000
-29.9814715775068,  7.06092769582628,#000000
-29.9823430777401,  7.04759100751853,#000000
-29.9831936067135,  7.03425296537810,#000000
-29.9840231623242,  7.02091360238119,#000000
-29.9848317425214,  7.00757295150729,#000000
-29.9856193453058,  6.99423104573904,#000000
-29.9863859687303,  6.98088791806224,#000000
-29.9871316108994,  6.96754360146564,#000000
-29.9878562699698,  6.95419812894099,#000000
-29.9885599441499,  6.94085153348286,#000000
-29.9892426316998,  6.92750384808861,#000000
-29.9899043309318,  6.91415510575830,#000000
-29.9905450402099,  6.90080533949460,#000000
-29.9911647579500,  6.88745458230270,#000000
-29.9917634826201,  6.87410286719025,#000000
-29.9923412127398,  6.86075022716726,#000000
-29.9928979468808,  6.84739669524605,#000000
-29.9934336836667,  6.83404230444112,#000000
-29.9939484217729,  6.82068708776910,#000000
-29.9944421599268,  6.80733107824866,#000000
-29.9949148969078,  6.79397430890045,#000000
-29.9953666315471,  6.78061681274697,#000000
-29.9957973627278,  6.76725862281253,#000000
-29.9962070893850,  6.75389977212315,#000000
-29.9965958105057,  6.74054029370650,#000000
-29.9969635251290,  6.72718022059179,#000000
-29.9973102323455,  6.71381958580969,#000000
-29.9976359312983,  6.70045842239228,#000000
-29.9979406211820,  6.68709676337294,#000000
-29.9982243012434,  6.67373464178625,#000000
-29.9984869707810,  6.66037209066797,#000000
-29.9987286291456,  6.64700914305491,#000000
-29.9989492757395,  6.63364583198485,#000000
-29.9991489100174,  6.62028219049648,#000000
-29.9993275314856,  6.60691825162930,#000000
-29.9994851397025,  6.59355404842355,#000000
-29.9996217342785,  6.58018961392012,#000000
-29.9997373148758,  6.56682498116048,#000000
-29.9998318812088,  6.55346018318658,#000000
-29.9999054330436,  6.54009525304077,#000000
-29.9999579701983,  6.52673022376576,#000000
-29.9999894925431,  6.51336512840447,#000000
-30.0000000000000,  6.50000000000000,#000000
-30.0000000000000,  0.00000000000000,#000000
-30.0000000000000, -6.50000000000000,#000000
-29.9999894925431, -6.51336512840447,#000000
-29.9999579701983, -6.52673022376576,#000000
-29.9999054330436, -6.54009525304077,#000000
-29.9998318812088, -6.55346018318658,#000000
-29.9997373148758, -6.56682498116048,#000000
-29.9996217342785, -6.58018961392012,#000000
-29.9994851397025, -6.59355404842355,#000000
-29.9993275314856, -6.60691825162930,#000000
-29.9991489100174, -6.62028219049648,#000000
-29.9989492757395, -6.63364583198485,#000000
-29.9987286291456, -6.64700914305491,#000000
-29.9984869707810, -6.66037209066797,#000000
-29.9982243012434, -6.67373464178625,#000000
-29.9979406211820, -6.68709676337293,#000000
-29.9976359312983, -6.70045842239228,#000000
-29.9973102323455, -6.71381958580969,#000000
-29.9969635251290, -6.72718022059179,#000000
-29.9965958105057, -6.74054029370650,#000000
-29.9962070893850, -6.75389977212315,#000000
-29.9957973627278, -6.76725862281253,#000000
-29.9953666315471, -6.78061681274697,#000000
-29.9949148969078, -6.79397430890045,#000000
-29.9944421599268, -6.80733107824866,#000000
-29.9939484217729, -6.82068708776910,#000000
-29.9934336836667, -6.83404230444112,#000000
-29.9928979468808, -6.84739669524605,#000000
-29.9923412127398, -6.86075022716726,#000000
-29.9917634826201, -6.87410286719024,#000000
-29.9911647579500, -6.88745458230270,#000000
-29.9905450402099, -6.90080533949460,#000000
-29.9899043309318, -6.91415510575830,#000000
-29.9892426316998, -6.92750384808861,#000000
-29.9885599441499, -6.94085153348286,#000000
-29.9878562699698, -6.95419812894099,#000000
-29.9871316108994, -6.96754360146564,#000000
-29.9863859687303, -6.98088791806224,#000000
-29.9856193453058, -6.99423104573904,#000000
-29.9848317425214, -7.00757295150728,#000000
-29.9840231623242, -7.02091360238119,#000000
-29.9831936067135, -7.03425296537810,#000000
-29.9823430777401, -7.04759100751853,#000000
-29.9814715775068, -7.06092769582627,#000000
-29.9805791081682, -7.07426299732847,#000000
-29.9796656719309, -7.08759687905567,#000000
-29.9787312710532, -7.10092930804195,#000000
-29.9777759078453, -7.11426025132499,#000000
-29.9767995846691, -7.12758967594611,#000000
-29.9758023039384, -7.14091754895041,#000000
-29.9747840681189, -7.15424383738682,#000000
-29.9737448797279, -7.16756850830819,#000000
-29.9726847413348, -7.18089152877136,#000000
-29.9716036555605, -7.19421286583726,#000000
-29.9705016250779, -7.20753248657097,#000000
-29.9693786526115, -7.22085035804183,#000000
-29.9682347409377, -7.23416644732349,#000000
-29.9670698928847, -7.24748072149402,#000000
-29.9658841113324, -7.26079314763597,#000000
-29.9646773992124, -7.27410369283645,#000000
-29.9634497595081, -7.28741232418723,#000000
-29.9622011952547, -7.30071900878482,#000000
-29.9609317095391, -7.31402371373053,#000000
-29.9596413054998, -7.32732640613057,#000000
-29.9583299863273, -7.34062705309612,#000000
-29.9569977552634, -7.35392562174343,#000000
-29.9556446156020, -7.36722207919386,#000000
-29.9542705706884, -7.38051639257403,#000000
-29.9528756239199, -7.39380852901584,#000000
-29.9514597787451, -7.40709845565655,#000000
-29.9500230386645, -7.42038613963893,#000000
-29.9485654072302, -7.43367154811125,#000000
-29.9470868880461, -7.44695464822744,#000000
-29.9455874847675, -7.46023540714712,#000000
-29.9440672011014, -7.47351379203570,#000000
-29.9425260408065, -7.48678977006446,#000000
-29.9409640076931, -7.50006330841063,#000000
-29.9393811056231, -7.51333437425747,#000000
-29.9377773385099, -7.52660293479437,#000000
-29.9361527103186, -7.53986895721689,#000000
-29.9345072250659, -7.55313240872687,#000000
-29.9328408868199, -7.56639325653252,#000000
-29.9311536997005, -7.57965146784847,#000000
-29.9294456678788, -7.59290700989588,#000000
-29.9277167955778, -7.60615984990252,#000000
-29.9259670870718, -7.61940995510280,#000000
-29.9241965466867, -7.63265729273794,#000000
-29.9224051787998, -7.64590183005597,#000000
-29.9205929878402, -7.65914353431185,#000000
-29.9187599782880, -7.67238237276756,#000000
-29.9169061546752, -7.68561831269214,#000000
-29.9150315215850, -7.69885132136181,#000000
-29.9131360836522, -7.71208136606005,#000000
-29.9112198455629, -7.72530841407765,#000000
-29.9092828120547, -7.73853243271280,#000000
-29.9073249879167, -7.75175338927120,#000000
-29.9053463779892, -7.76497125106612,#000000
-29.9033469871641, -7.77818598541846,#000000
-29.9013268203845, -7.79139755965688,#000000
-29.8992858826450, -7.80460594111784,#000000
-29.8972241789915, -7.81781109714568,#000000
-29.8951417145212, -7.83101299509274,#000000
-29.8930384943827, -7.84421160231940,#000000
-29.8909145237759, -7.85740688619417,#000000
-29.8887698079519, -7.87059881409379,#000000
-29.8866043522132, -7.88378735340330,#000000
-29.8844181619136, -7.89697247151610,#000000
-29.8822112424580, -7.91015413583406,#000000
-29.8799835993029, -7.92333231376759,#000000
-29.8777352379555, -7.93650697273572,#000000
-29.8754661639747, -7.94967808016616,#000000
-29.8731763829704, -7.96284560349544,#000000
-29.8708659006038, -7.97600951016891,#000000
-29.8685347225870, -7.98916976764089,#000000
-29.8661828546836, -8.00232634337470,#000000
-29.8638103027083, -8.01547920484280,#000000
-29.8614170725267, -8.02862831952678,#000000
-29.8590031700558, -8.04177365491753,#000000
-29.8565686012635, -8.05491517851529,#000000
-29.8541133721690, -8.06805285782968,#000000
-29.8516374888423, -8.08118666037988,#000000
-29.8491409574049, -8.09431655369462,#000000
-29.8466237840288, -8.10744250531229,#000000
-29.8440859749375, -8.12056448278105,#000000
-29.8415275364053, -8.13368245365887,#000000
-29.8389484747574, -8.14679638551363,#000000
-29.8363487963703, -8.15990624592320,#000000
-29.8337285076713, -8.17301200247550,#000000
-29.8310876151385, -8.18611362276861,#000000
-29.8284261253012, -8.19921107441084,#000000
-29.8257440447395, -8.21230432502079,#000000
-29.8230413800844, -8.22539334222747,#000000
-29.8203181380178, -8.23847809367033,#000000
-29.8175743252726, -8.25155854699939,#000000
-29.8148099486323, -8.26463466987527,#000000
-29.8120250149314, -8.27770642996932,#000000
-29.8092195310553, -8.29077379496367,#000000
-29.8063935039401, -8.30383673255132,#000000
-29.8035469405727, -8.31689521043619,#000000
-29.8006798479907, -8.32994919633327,#000000
-29.7977922332826, -8.34299865796861,#000000
-29.7948841035877, -8.35604356307949,#000000
-29.7919554660956, -8.36908387941441,#000000
-29.7890063280472, -8.38211957473325,#000000
-29.7860366967335, -8.39515061680731,#000000
-29.7830465794967, -8.40817697341937,#000000
-29.7800359837293, -8.42119861236382,#000000
-29.7770049168744, -8.43421550144670,#000000
-29.7739533864260, -8.44722760848580,#000000
-29.7708813999285, -8.46023490131074,#000000
-29.7677889649769, -8.47323734776302,#000000
-29.7646760892167, -8.48623491569615,#000000
-29.7615427803440, -8.49922757297566,#000000
-29.7583890461055, -8.51221528747928,#000000
-29.7552148942982, -8.52519802709690,#000000
-29.7520203327698, -8.53817575973076,#000000
-29.7488053694183, -8.55114845329543,#000000
-29.7455700121922, -8.56411607571799,#000000
-29.7423142690903, -8.57707859493802,#000000
-29.7390381481622, -8.59003597890773,#000000
-29.7357416575073, -8.60298819559202,#000000
-29.7324248052758, -8.61593521296858,#000000
-29.7290875996680, -8.62887699902794,#000000
-29.7257300489347, -8.64181352177356,#000000
-29.7223521613770, -8.65474474922194,#000000
-29.7189539453460, -8.66767064940264,#000000
-29.7155354092434, -8.68059119035840,#000000
-29.7120965615209, -8.69350634014523,#000000
-29.7086374106805, -8.70641606683243,#000000
-29.7051579652745, -8.71932033850275,#000000
-29.7016582339053, -8.73221912325240,#000000
-29.6981382252253, -8.74511238919115,#000000
-29.6945979479373, -8.75800010444245,#000000
-29.6910374107940, -8.77088223714343,#000000
-29.6874566225983, -8.78375875544505,#000000
-29.6838555922031, -8.79662962751215,#000000
-29.6802343285114, -8.80949482152351,#000000
-29.6765928404762, -8.82235430567196,#000000
-29.6729311371006, -8.83520804816445,#000000
-29.6692492274374, -8.84805601722213,#000000
-29.6655471205897, -8.86089818108041,#000000
-29.6618248257104, -8.87373450798906,#000000
-29.6580823520021, -8.88656496621227,#000000
-29.6543197087176, -8.89938952402876,#000000
-29.6505369051595, -8.91220814973182,#000000
-29.6467339506801, -8.92502081162942,#000000
-29.6429108546817, -8.93782747804427,#000000
-29.6390676266161, -8.95062811731388,#000000
-29.6352042759853, -8.96342269779071,#000000
-29.6313208123407, -8.97621118784215,#000000
-29.6274172452836, -8.98899355585068,#000000
-29.6234935844650, -9.00176977021390,#000000
-29.6195498395854, -9.01453979934462,#000000
-29.6155860203953, -9.02730361167096,#000000
-29.6116021366944, -9.04006117563641,#000000
-29.6075981983323, -9.05281245969988,#000000
-29.6035742152081, -9.06555743233583,#000000
-29.5995301972706, -9.07829606203433,#000000
-29.5954661545178, -9.09102831730110,#000000
-29.5913820969976, -9.10375416665766,#000000
-29.5872780348070, -9.11647357864133,#000000
-29.5831539780928, -9.12918652180539,#000000
-29.5790099370509, -9.14189296471906,#000000
-29.5748459219270, -9.15459287596766,#000000
-29.5706619430159, -9.16728622415267,#000000
-29.5664580106618, -9.17997297789177,#000000
-29.5622341352583, -9.19265310581896,#000000
-29.5579903272482, -9.20532657658462,#000000
-29.5537265971237, -9.21799335885558,#000000
-29.5494429554261, -9.23065342131522,#000000
-29.5451394127462, -9.24330673266352,#000000
-29.5408159797238, -9.25595326161715,#000000
-29.5364726670478, -9.26859297690957,#000000
-29.5321094854565, -9.28122584729106,#000000
-29.5277264457370, -9.29385184152883,#000000
-29.5233235587259, -9.30647092840711,#000000
-29.5189008353084, -9.31908307672718,#000000
-29.5144582864192, -9.33168825530749,#000000
-29.5099959230417, -9.34428643298371,#000000
-29.5055137562084, -9.35687757860884,#000000
-29.5010117970008, -9.36946166105323,#000000
-29.4964900565492, -9.38203864920474,#000000
-29.4919485460330, -9.39460851196873,#000000
-29.4873872766802, -9.40717121826818,#000000
-29.4828062597680, -9.41972673704380,#000000
-29.4782055066222, -9.43227503725402,#000000
-29.4735850286174, -9.44481608787515,#000000
-29.4689448371770, -9.45734985790141,#000000
-29.4642849437732, -9.46987631634503,#000000
-29.4596053599268, -9.48239543223631,#000000
-29.4549060972074, -9.49490717462370,#000000
-29.4501871672331, -9.50741151257388,#000000
-29.4454485816708, -9.51990841517184,#000000
-29.4406903522358, -9.53239785152097,#000000
-29.4359124906922, -9.54487979074308,#000000
-29.4311150088524, -9.55735420197855,#000000
-29.4262979185775, -9.56982105438636,#000000
-29.4214612317770, -9.58228031714417,#000000
-29.4166049604088, -9.59473195944841,#000000
-29.4117291164792, -9.60717595051436,#000000
-29.4068337120431, -9.61961225957620,#000000
-29.4019187592036, -9.63204085588712,#000000
-29.3969842701121, -9.64446170871937,#000000
-29.3920302569683, -9.65687478736433,#000000
-29.3870567320203, -9.66928006113262,#000000
-29.3820637075644, -9.68167749935416,#000000
-29.3770511959449, -9.69406707137822,#000000
-29.3720192095546, -9.70644874657354,#000000
-29.3669677608343, -9.71882249432837,#000000
-29.3618968622728, -9.73118828405057,#000000
-29.3568065264071, -9.74354608516766,#000000
-29.3516967658224, -9.75589586712693,#000000
-29.3465675931517, -9.76823759939547,#000000
-29.3414190210760, -9.78057125146029,#000000
-29.3362510623244, -9.79289679282839,#000000
-29.3310637296739, -9.80521419302679,#000000
-29.3258570359493, -9.81752342160267,#000000
-29.3206309940234, -9.82982444812338,#000000
-29.3153856168167, -9.84211724217657,#000000
-29.3101209172977, -9.85440177337025,#000000
-29.3048369084823, -9.86667801133283,#000000
-29.2995336034346, -9.87894592571326,#000000
-29.2942110152661, -9.89120548618104,#000000
-29.2888691571361, -9.90345666242633,#000000
-29.2835080422514, -9.91569942416004,#000000
-29.2781276838667, -9.92793374111384,#000000
-29.2727280952839, -9.94015958304032,#000000
-29.2673092898528, -9.95237691971301,#000000
-29.2618712809704, -9.96458572092647,#000000
-29.2564140820813, -9.97678595649634,#000000
-29.2509377066778, -9.98897759625947,#000000
-29.2454421682992,-10.00116061007394,#000000
-29.2399274805323,-10.01333496781916,#000000
-29.2343936570114,-10.02550063939596,#000000
-29.2288407114181,-10.03765759472661,#000000
-29.2232686574809,-10.04980580375497,#000000
-29.2176775089761,-10.06194523644648,#000000
-29.2120672797269,-10.07407586278832,#000000
-29.2064379836036,-10.08619765278941,#000000
-29.2007896345237,-10.09831057648054,#000000
-29.1951222464521,-10.11041460391441,#000000
-29.1894358334003,-10.12250970516570,#000000
-29.1837304094271,-10.13459585033119,#000000
-29.1780059886384,-10.14667300952977,#000000
-29.1722625851868,-10.15874115290258,#000000
-29.1665002132720,-10.17080025061303,#000000
-29.1607188871405,-10.18285027284688,#000000
-29.1549186210859,-10.19489118981236,#000000
-29.1490994294482,-10.20692297174019,#000000
-29.1432613266146,-10.21894558888369,#000000
-29.1374043270189,-10.23095901151881,#000000
-29.1315284451415,-10.24296320994426,#000000
-29.1256336955097,-10.25495815448156,#000000
-29.1197200926972,-10.26694381547507,#000000
-29.1137876513247,-10.27892016329215,#000000
-29.1078363860590,-10.29088716832315,#000000
-29.1018663116137,-10.30284480098153,#000000
-29.0958774427490,-10.31479303170393,#000000
-29.0898697942713,-10.32673183095022,#000000
-29.0838433810337,-10.33866116920361,#000000
-29.0777982179354,-10.35058101697067,#000000
-29.0717343199222,-10.36249134478146,#000000
-29.0656517019862,-10.37439212318956,#000000
-29.0595503791656,-10.38628332277217,#000000
-29.0534303665450,-10.39816491413017,#000000
-29.0472916792552,-10.41003686788819,#000000
-29.0411343324731,-10.42189915469470,#000000
-29.0349583414218,-10.43375174522204,#000000
-29.0287637213705,-10.44559461016656,#000000
-29.0225504876343,-10.45742772024863,#000000
-29.0163186555746,-10.46925104621276,#000000
-29.0100682405985,-10.48106455882761,#000000
-29.0037992581593,-10.49286822888615,#000000
-28.9975117237559,-10.50466202720565,#000000
-28.9912056529334,-10.51644592462780,#000000
-28.9848810612824,-10.52821989201877,#000000
-28.9785379644396,-10.53998390026926,#000000
-28.9721763780873,-10.55173792029463,#000000
-28.9657963179535,-10.56348192303491,#000000
-28.9593977998119,-10.57521587945488,#000000
-28.9529808394818,-10.58693976054420,#000000
-28.9465454528281,-10.59865353731741,#000000
-28.9400916557614,-10.61035718081403,#000000
-28.9336194642376,-10.62205066209864,#000000
-28.9271288942582,-10.63373395226097,#000000
-28.9206199618701,-10.64540702241589,#000000
-28.9140926831656,-10.65706984370359,#000000
-28.9075470742825,-10.66872238728957,#000000
-28.9009831514036,-10.68036462436475,#000000
-28.8944009307573,-10.69199652614553,#000000
-28.8878004286170,-10.70361806387386,#000000
-28.8811816613015,-10.71522920881731,#000000
-28.8745446451746,-10.72682993226915,#000000
-28.8678893966453,-10.73842020554843,#000000
-28.8612159321677,-10.75000000000000,#000000
-28.8545242682409,-10.76156928699465,#000000
-28.8478144214089,-10.77312803792913,#000000
-28.8410864082607,-10.78467622422626,#000000
-28.8343402454304,-10.79621381733495,#000000
-28.8275759495968,-10.80774078873032,#000000
-28.8207935374835,-10.81925710991374,#000000
-28.8139930258589,-10.83076275241292,#000000
-28.8071744315363,-10.84225768778197,#000000
-28.8003377713736,-10.85374188760147,#000000
-28.7934830622733,-10.86521532347854,#000000
-28.7866103211827,-10.87667796704691,#000000
-28.7797195650934,-10.88812978996699,#000000
-28.7728108110419,-10.89957076392597,#000000
-28.7658840761089,-10.91100086063781,#000000
-28.7589393774196,-10.92242005184342,#000000
-28.7519767321438,-10.93382830931063,#000000
-28.7449961574956,-10.94522560483432,#000000
-28.7379976707331,-10.95661191023647,#000000
-28.7309812891593,-10.96798719736623,#000000
-28.7239470301208,-10.97935143809998,#000000
-28.7168949110089,-10.99070460434144,#000000
-28.7098249492588,-11.00204666802167,#000000
-28.7027371623499,-11.01337760109922,#000000
-28.6956315678055,-11.02469737556013,#000000
-28.6885081831932,-11.03600596341804,#000000
-28.6813670261245,-11.04730333671424,#000000
-28.6742081142546,-11.05858946751775,#000000
-28.6670314652829,-11.06986432792539,#000000
-28.6598370969525,-11.08112789006184,#000000
-28.6526250270504,-11.09238012607971,#000000
-28.6453952734073,-11.10362100815961,#000000
-28.6381478538976,-11.11485050851024,#000000
-28.6308827864394,-11.12606859936842,#000000
-28.6236000889944,-11.13727525299918,#000000
-28.6162997795680,-11.14847044169583,#000000
-28.6089818762091,-11.15965413778003,#000000
-28.6016463970100,-11.17082631360185,#000000
-28.5942933601064,-11.18198694153984,#000000
-28.5869227836778,-11.19313599400110,#000000
-28.5795346859466,-11.20427344342135,#000000
-28.5721290851787,-11.21539926226500,#000000
-28.5647059996834,-11.22651342302520,#000000
-28.5572654478130,-11.23761589822396,#000000
-28.5498074479632,-11.24870666041213,#000000
-28.5423320185727,-11.25978568216956,#000000
-28.5348391781232,-11.27085293610510,#000000
-28.5273289451397,-11.28190839485671,#000000
-28.5198013381901,-11.29295203109151,#000000
-28.5122563758852,-11.30398381750584,#000000
-28.5046940768786,-11.31500372682534,#000000
-28.4971144598670,-11.32601173180502,#000000
-28.4895175435899,-11.33700780522931,#000000
-28.4819033468293,-11.34799191991216,#000000
-28.4742718884102,-11.35896404869707,#000000
-28.4666231872002,-11.36992416445717,#000000
-28.4589572621095,-11.38087224009530,#000000
-28.4512741320909,-11.39180824854406,#000000
-28.4435738161397,-11.40273216276590,#000000
-28.4358563332937,-11.41364395575315,#000000
-28.4281217026332,-11.42454360052812,#000000
-28.4203699432809,-11.43543107014315,#000000
-28.4126010744017,-11.44630633768068,#000000
-28.4048151152030,-11.45716937625332,#000000
-28.3970120849344,-11.46802015900393,#000000
-28.3891920028875,-11.47885865910563,#000000
-28.3813548883963,-11.48968484976196,#000000
-28.3735007608369,-11.50049870420684,#000000
-28.3656296396274,-11.51130019570473,#000000
-28.3577415442278,-11.52208929755064,#000000
-28.3498364941402,-11.53286598307021,#000000
-28.3419145089086,-11.54363022561977,#000000
-28.3339756081190,-11.55438199858644,#000000
-28.3260198113989,-11.56512127538813,#000000
-28.3180471384179,-11.57584802947368,#000000
-28.3100576088870,-11.58656223432288,#000000
-28.3020512425593,-11.59726386344653,#000000
-28.2940280592291,-11.60795289038655,#000000
-28.2859880787325,-11.61862928871598,#000000
-28.2779313209470,-11.62929303203912,#000000
-28.2698578057919,-11.63994409399154,#000000
-28.2617675532275,-11.65058244824016,#000000
-28.2536605832558,-11.66120806848332,#000000
-28.2455369159199,-11.67182092845085,#000000
-28.2373965713043,-11.68242100190411,#000000
-28.2292395695348,-11.69300826263609,#000000
-28.2210659307783,-11.70358268447147,#000000
-28.2128756752428,-11.71414424126663,#000000
-28.2046688231774,-11.72469290690978,#000000
-28.1964453948722,-11.73522865532103,#000000
-28.1882054106585,-11.74575146045237,#000000
-28.1799488909083,-11.75626129628783,#000000
-28.1716758560344,-11.76675813684349,#000000
-28.1633863264908,-11.77724195616757,#000000
-28.1550803227719,-11.78771272834047,#000000
-28.1467578654131,-11.79817042747484,#000000
-28.1384189749903,-11.80861502771568,#000000
-28.1300636721201,-11.81904650324035,#000000
-28.1216919774597,-11.82946482825867,#000000
-28.1133039117067,-11.83986997701296,#000000
-28.1048994955995,-11.85026192377813,#000000
-28.0964787499164,-11.86064064286174,#000000
-28.0880416954766,-11.87100610860401,#000000
-28.0795883531393,-11.88135829537798,#000000
-28.0711187438041,-11.89169717758949,#000000
-28.0626328884107,-11.90202272967726,#000000
-28.0541308079392,-11.91233492611302,#000000
-28.0456125234094,-11.92263374140145,#000000
-28.0370780558817,-11.93291915008037,#000000
-28.0285274264560,-11.94319112672072,#000000
-28.0199606562726,-11.95344964592665,#000000
-28.0113777665113,-11.96369468233558,#000000
-28.0027787783921,-11.97392621061828,#000000
-27.9941637131745,-11.98414420547889,#000000
-27.9855325921580,-11.99434864165504,#000000
-27.9768854366816,-12.00453949391785,#000000
-27.9682222681242,-12.01471673707205,#000000
-27.9595431079039,-12.02488034595600,#000000
-27.9508479774788,-12.03503029544177,#000000
-27.9421368983460,-12.04516656043522,#000000
-27.9334098920424,-12.05528911587602,#000000
-27.9246669801442,-12.06539793673775,#000000
-27.9159081842668,-12.07549299802793,#000000
-27.9071335260649,-12.08557427478810,#000000
-27.8983430272326,-12.09564174209391,#000000
-27.8895367095029,-12.10569537505511,#000000
-27.8807145946482,-12.11573514881569,#000000
-27.8718767044796,-12.12576103855388,#000000
-27.8630230608474,-12.13577301948224,#000000
-27.8541536856410,-12.14577106684772,#000000
-27.8452686007884,-12.15575515593172,#000000
-27.8363678282567,-12.16572526205016,#000000
-27.8274513900516,-12.17568136055351,#000000
-27.8185193082175,-12.18562342682688,#000000
-27.8095716048377,-12.19555143629008,#000000
-27.8006083020339,-12.20546536439767,#000000
-27.7916294219665,-12.21536518663902,#000000
-27.7826349868344,-12.22525087853836,#000000
-27.7736250188749,-12.23512241565489,#000000
-27.7645995403637,-12.24497977358277,#000000
-27.7555585736149,-12.25482292795125,#000000
-27.7465021409808,-12.26465185442466,#000000
-27.7374302648522,-12.27446652870254,#000000
-27.7283429676577,-12.28426692651965,#000000
-27.7192402718643,-12.29405302364603,#000000
-27.7101221999769,-12.30382479588711,#000000
-27.7009887745386,-12.31358221908371,#000000
-27.6918400181303,-12.32332526911214,#000000
-27.6826759533709,-12.33305392188424,#000000
-27.6734966029171,-12.34276815334744,#000000
-27.6643019894634,-12.35246793948483,#000000
-27.6550921357420,-12.36215325631523,#000000
-27.6458670645228,-12.37182407989319,#000000
-27.6366267986135,-12.38148038630914,#000000
-27.6273713608590,-12.39112215168938,#000000
-27.6181007741420,-12.40074935219614,#000000
-27.6088150613826,-12.41036196402770,#000000
-27.5995142455382,-12.41995996341838,#000000
-27.5901983496037,-12.42954332663864,#000000
-27.5808673966110,-12.43911202999512,#000000
-27.5715214096297,-12.44866604983070,#000000
-27.5621604117660,-12.45820536252458,#000000
-27.5527844261637,-12.46772994449229,#000000
-27.5433934760034,-12.47723977218581,#000000
-27.5339875845026,-12.48673482209359,#000000
-27.5245667749161,-12.49621507074060,#000000
-27.5151310705353,-12.50568049468842,#000000
-27.5056804946884,-12.51513107053529,#000000
-27.4962150707406,-12.52456677491612,#000000
-27.4867348220936,-12.53398758450264,#000000
-27.4772397721858,-12.54339347600337,#000000
-27.4677299444923,-12.55278442616371,#000000
-27.4582053625246,-12.56216041176604,#000000
-27.4486660498307,-12.57152140962968,#000000
-27.4391120299951,-12.58086739661105,#000000
-27.4295433266386,-12.59019834960366,#000000
-27.4199599634184,-12.59951424553820,#000000
-27.4103619640277,-12.60881506138258,#000000
-27.4007493521961,-12.61810077414199,#000000
-27.3911221516894,-12.62737136085897,#000000
-27.3814803863091,-12.63662679861346,#000000
-27.3718240798932,-12.64586706452283,#000000
-27.3621532563152,-12.65509213574198,#000000
-27.3524679394848,-12.66430198946338,#000000
-27.3427681533474,-12.67349660291710,#000000
-27.3330539218842,-12.68267595337091,#000000
-27.3233252691121,-12.69184001813032,#000000
-27.3135822190837,-12.70098877453860,#000000
-27.3038247958871,-12.71012219997690,#000000
-27.2940530236460,-12.71924027186427,#000000
-27.2842669265196,-12.72834296765769,#000000
-27.2744665287025,-12.73743026485219,#000000
-27.2646518544247,-12.74650214098084,#000000
-27.2548229279512,-12.75555857361488,#000000
-27.2449797735828,-12.76459954036368,#000000
-27.2351224156549,-12.77362501887488,#000000
-27.2252508785384,-12.78263498683440,#000000
-27.2153651866390,-12.79162942196652,#000000
-27.2054653643977,-12.80060830203390,#000000
-27.1955514362901,-12.80957160483768,#000000
-27.1856234268269,-12.81851930821750,#000000
-27.1756813605535,-12.82745139005156,#000000
-27.1657252620502,-12.83636782825671,#000000
-27.1557551559317,-12.84526860078844,#000000
-27.1457710668477,-12.85415368564101,#000000
-27.1357730194822,-12.86302306084742,#000000
-27.1257610385539,-12.87187670447955,#000000
-27.1157351488157,-12.88071459464816,#000000
-27.1056953750551,-12.88953670950294,#000000
-27.0956417420939,-12.89834302723261,#000000
-27.0855742747881,-12.90713352606494,#000000
-27.0754929980279,-12.91590818426679,#000000
-27.0653979367377,-12.92466698014420,#000000
-27.0552891158760,-12.93340989204243,#000000
-27.0451665604352,-12.94213689834600,#000000
-27.0350302954418,-12.95084797747876,#000000
-27.0248803459560,-12.95954310790393,#000000
-27.0147167370720,-12.96822226812417,#000000
-27.0045394939179,-12.97688543668163,#000000
-26.9943486416550,-12.98553259215798,#000000
-26.9841442054789,-12.99416371317449,#000000
-26.9739262106183,-13.00277877839206,#000000
-26.9636946823356,-13.01137776651131,#000000
-26.9534496459266,-13.01996065627259,#000000
-26.9431911267207,-13.02852742645605,#000000
-26.9329191500804,-13.03707805588169,#000000
-26.9226337414015,-13.04561252340944,#000000
-26.9123349261130,-13.05413080793916,#000000
-26.9020227296773,-13.06263288841073,#000000
-26.8916971775895,-13.07111874380410,#000000
-26.8813582953780,-13.07958835313932,#000000
-26.8710061086040,-13.08804169547661,#000000
-26.8606406428617,-13.09647874991642,#000000
-26.8502619237781,-13.10489949559945,#000000
-26.8398699770130,-13.11330391170674,#000000
-26.8294648282587,-13.12169197745967,#000000
-26.8190465032404,-13.13006367212009,#000000
-26.8086150277157,-13.13841897499030,#000000
-26.7981704274748,-13.14675786541311,#000000
-26.7877127283405,-13.15508032277194,#000000
-26.7772419561676,-13.16338632649081,#000000
-26.7667581368435,-13.17167585603444,#000000
-26.7562612962878,-13.17994889090827,#000000
-26.7457514604524,-13.18820541065852,#000000
-26.7352286553210,-13.19644539487224,#000000
-26.7246929069098,-13.20466882317737,#000000
-26.7141442412666,-13.21287567524277,#000000
-26.7035826844715,-13.22106593077830,#000000
-26.6930082626361,-13.22923956953483,#000000
-26.6824210019041,-13.23739657130432,#000000
-26.6718209284508,-13.24553691591988,#000000
-26.6612080684833,-13.25366058325577,#000000
-26.6505824482402,-13.26176755322751,#000000
-26.6399440939915,-13.26985780579190,#000000
-26.6292930320391,-13.27793132094704,#000000
-26.6186292887160,-13.28598807873245,#000000
-26.6079528903865,-13.29402805922906,#000000
-26.5972638634465,-13.30205124255927,#000000
-26.5865622343229,-13.31005760888704,#000000
-26.5758480294737,-13.31804713841787,#000000
-26.5651212753881,-13.32601981139892,#000000
-26.5543819985864,-13.33397560811899,#000000
-26.5436302256198,-13.34191450890864,#000000
-26.5328659830702,-13.34983649414019,#000000
-26.5220892975506,-13.35774154422776,#000000
-26.5113001957047,-13.36562963962736,#000000
-26.5004987042068,-13.37350076083692,#000000
-26.4896848497620,-13.38135488839632,#000000
-26.4788586591056,-13.38919200288748,#000000
-26.4680201590039,-13.39701208493436,#000000
-26.4571693762533,-13.40481511520303,#000000
-26.4463063376807,-13.41260107440173,#000000
-26.4354310701431,-13.42036994328090,#000000
-26.4245436005281,-13.42812170263323,#000000
-26.4136439557532,-13.43585633329371,#000000
-26.4027321627659,-13.44357381613970,#000000
-26.3918082485441,-13.45127413209091,#000000
-26.3808722400953,-13.45895726210954,#000000
-26.3699241644572,-13.46662318720025,#000000
-26.3589640486971,-13.47427188841024,#000000
-26.3479919199122,-13.48190334682931,#000000
-26.3370078052293,-13.48951754358988,#000000
-26.3260117318050,-13.49711445986703,#000000
-26.3150037268253,-13.50469407687860,#000000
-26.3039838175058,-13.51225637588516,#000000
-26.2929520310915,-13.51980133819012,#000000
-26.2819083948567,-13.52732894513974,#000000
-26.2708529361051,-13.53483917812321,#000000
-26.2597856821696,-13.54233201857266,#000000
-26.2487066604121,-13.54980744796320,#000000
-26.2376158982240,-13.55726544781303,#000000
-26.2265134230252,-13.56470599968339,#000000
-26.2153992622650,-13.57212908517872,#000000
-26.2042734434214,-13.57953468594657,#000000
-26.1931359940011,-13.58692278367779,#000000
-26.1819869415398,-13.59429336010645,#000000
-26.1708263136019,-13.60164639700996,#000000
-26.1596541377800,-13.60898187620910,#000000
-26.1484704416958,-13.61629977956804,#000000
-26.1372752529992,-13.62360008899442,#000000
-26.1260685993684,-13.63088278643938,#000000
-26.1148505085102,-13.63814785389759,#000000
-26.1036210081596,-13.64539527340730,#000000
-26.0923801260797,-13.65262502705043,#000000
-26.0811278900618,-13.65983709695252,#000000
-26.0698643279254,-13.66703146528289,#000000
-26.0585894675178,-13.67420811425458,#000000
-26.0473033367142,-13.68136702612445,#000000
-26.0360059634180,-13.68850818319323,#000000
-26.0246973755601,-13.69563156780551,#000000
-26.0133776010992,-13.70273716234987,#000000
-26.0020466680217,-13.70982494925882,#000000
-25.9907046043414,-13.71689491100893,#000000
-25.9793514381000,-13.72394703012083,#000000
-25.9679871973662,-13.73098128915927,#000000
-25.9566119102365,-13.73799767073315,#000000
-25.9452256048343,-13.74499615749555,#000000
-25.9338283093106,-13.75197673214384,#000000
-25.9224200518434,-13.75893937741963,#000000
-25.9110008606378,-13.76588407610887,#000000
-25.8995707639260,-13.77281081104190,#000000
-25.8881297899670,-13.77971956509344,#000000
-25.8766779670469,-13.78661032118269,#000000
-25.8652153234785,-13.79348306227334,#000000
-25.8537418876015,-13.80033777137362,#000000
-25.8422576877820,-13.80717443153633,#000000
-25.8307627524129,-13.81399302585891,#000000
-25.8192571099137,-13.82079353748346,#000000
-25.8077407887303,-13.82757594959678,#000000
-25.7962138173349,-13.83434024543041,#000000
-25.7846762242263,-13.84108640826071,#000000
-25.7731280379291,-13.84781442140885,#000000
-25.7615692869946,-13.85452426824087,#000000
-25.7500000000000,-13.86121593216773,#000000
-25.7384202055484,-13.86788939664534,#000000
-25.7268299322692,-13.87454464517461,#000000
-25.7152292088173,-13.88118166130149,#000000
-25.7036180638739,-13.88780042861699,#000000
-25.6919965261455,-13.89440093075726,#000000
-25.6803646243648,-13.90098315140358,#000000
-25.6687223872896,-13.90754707428247,#000000
-25.6570698437036,-13.91409268316563,#000000
-25.6454070224159,-13.92061996187010,#000000
-25.6337339522610,-13.92712889425819,#000000
-25.6220506620986,-13.93361946423760,#000000
-25.6103571808140,-13.94009165576141,#000000
-25.5986535373174,-13.94654545282814,#000000
-25.5869397605442,-13.95298083948181,#000000
-25.5752158794549,-13.95939779981191,#000000
-25.5634819230349,-13.96579631795353,#000000
-25.5517379202946,-13.97217637808734,#000000
-25.5399839002693,-13.97853796443965,#000000
-25.5282198920188,-13.98488106128242,#000000
-25.5164459246278,-13.99120565293336,#000000
-25.5046620272057,-13.99751172375590,#000000
-25.4928682288862,-14.00379925815927,#000000
-25.4810645588276,-14.01006824059853,#000000
-25.4692510462128,-14.01631865557461,#000000
-25.4574277202486,-14.02255048763434,#000000
-25.4455946101666,-14.02876372137050,#000000
-25.4337517452220,-14.03495834142184,#000000
-25.4218991546947,-14.04113433247313,#000000
-25.4100368678882,-14.04729167925522,#000000
-25.3981649141302,-14.05343036654502,#000000
-25.3862833227722,-14.05955037916561,#000000
-25.3743921231896,-14.06565170198620,#000000
-25.3624913447815,-14.07173431992224,#000000
-25.3505810169707,-14.07779821793541,#000000
-25.3386611692036,-14.08384338103368,#000000
-25.3267318309502,-14.08986979427133,#000000
-25.3147930317039,-14.09587744274900,#000000
-25.3028448009815,-14.10186631161373,#000000
-25.2908871683231,-14.10783638605898,#000000
-25.2789201632921,-14.11378765132467,#000000
-25.2669438154751,-14.11972009269724,#000000
-25.2549581544816,-14.12563369550967,#000000
-25.2429632099443,-14.13152844514149,#000000
-25.2309590115188,-14.13740432701887,#000000
-25.2189455888837,-14.14326132661461,#000000
-25.2069229717402,-14.14909942944820,#000000
-25.1948911898124,-14.15491862108586,#000000
-25.1828502728469,-14.16071888714053,#000000
-25.1708002506130,-14.16650021327198,#000000
-25.1587411529026,-14.17226258518679,#000000
-25.1466730095298,-14.17800598863839,#000000
-25.1345958503312,-14.18373040942713,#000000
-25.1225097051657,-14.18943583340028,#000000
-25.1104146039144,-14.19512224645207,#000000
-25.0983105764805,-14.20078963452374,#000000
-25.0861976527894,-14.20643798360356,#000000
-25.0740758627883,-14.21206727972688,#000000
-25.0619452364465,-14.21767750897614,#000000
-25.0498058037550,-14.22326865748095,#000000
-25.0376575947266,-14.22884071141805,#000000
-25.0255006393960,-14.23439365701143,#000000
-25.0133349678192,-14.23992748053230,#000000
-25.0011606100739,-14.24544216829915,#000000
-24.9889775962595,-14.25093770667779,#000000
-24.9767859564963,-14.25641408208135,#000000
-24.9645857209265,-14.26187128097036,#000000
-24.9523769197130,-14.26730928985275,#000000
-24.9401595830403,-14.27272809528391,#000000
-24.9279337411138,-14.27812768386668,#000000
-24.9156994241600,-14.28350804225144,#000000
-24.9034566624263,-14.28886915713609,#000000
-24.8912054861810,-14.29421101526611,#000000
-24.8789459257133,-14.29953360343461,#000000
-24.8666780113328,-14.30483690848233,#000000
-24.8544017733702,-14.31012091729766,#000000
-24.8421172421766,-14.31538561681674,#000000
-24.8298244481234,-14.32063099402343,#000000
-24.8175234216027,-14.32585703594934,#000000
-24.8052141930268,-14.33106372967391,#000000
-24.7928967928284,-14.33625106232441,#000000
-24.7805712514603,-14.34141902107598,#000000
-24.7682375993955,-14.34656759315165,#000000
-24.7558958671269,-14.35169676582239,#000000
-24.7435460851677,-14.35680652640712,#000000
-24.7311882840506,-14.36189686227276,#000000
-24.7188224943284,-14.36696776083426,#000000
-24.7064487465735,-14.37201920955462,#000000
-24.6940670713782,-14.37705119594492,#000000
-24.6816774993542,-14.38206370756437,#000000
-24.6692800611326,-14.38705673202033,#000000
-24.6568747873643,-14.39203025696832,#000000
-24.6444617087194,-14.39698427011208,#000000
-24.6320408558871,-14.40191875920361,#000000
-24.6196122595762,-14.40683371204313,#000000
-24.6071759505144,-14.41172911647923,#000000
-24.5947319594484,-14.41660496040876,#000000
-24.5822803171442,-14.42146123177698,#000000
-24.5698210543864,-14.42629791857751,#000000
-24.5573542019786,-14.43111500885242,#000000
-24.5448797907431,-14.43591249069219,#000000
-24.5323978515210,-14.44069035223582,#000000
-24.5199084151718,-14.44544858167078,#000000
-24.5074115125739,-14.45018716723311,#000000
-24.4949071746237,-14.45490609720740,#000000
-24.4823954322363,-14.45960535992683,#000000
-24.4698763163450,-14.46428494377322,#000000
-24.4573498579014,-14.46894483717703,#000000
-24.4448160878752,-14.47358502861741,#000000
-24.4322750372540,-14.47820550662221,#000000
-24.4197267370438,-14.48280625976803,#000000
-24.4071712182682,-14.48738727668022,#000000
-24.3946085119687,-14.49194854603295,#000000
-24.3820386492047,-14.49649005654919,#000000
-24.3694616610532,-14.50101179700078,#000000
-24.3568775786088,-14.50551375620841,#000000
-24.3442864329837,-14.50999592304171,#000000
-24.3316882553075,-14.51445828641921,#000000
-24.3190830767272,-14.51890083530844,#000000
-24.3064709284071,-14.52332355872588,#000000
-24.2938518415288,-14.52772644573704,#000000
-24.2812258472911,-14.53210948545649,#000000
-24.2685929769096,-14.53647266704784,#000000
-24.2559532616172,-14.54081597972381,#000000
-24.2433067326635,-14.54513941274625,#000000
-24.2306534213152,-14.54944295542614,#000000
-24.2179933588556,-14.55372659712365,#000000
-24.2053265765846,-14.55799032724816,#000000
-24.1926531058190,-14.56223413525826,#000000
-24.1799729778918,-14.56645801066180,#000000
-24.1672862241527,-14.57066194301591,#000000
-24.1545928759677,-14.57484592192704,#000000
-24.1418929647191,-14.57900993705095,#000000
-24.1291865218054,-14.58315397809277,#000000
-24.1164735786413,-14.58727803480700,#000000
-24.1037541666577,-14.59138209699758,#000000
-24.0910283173011,-14.59546615451784,#000000
-24.0782960620343,-14.59953019727060,#000000
-24.0655574323358,-14.60357421520815,#000000
-24.0528124596999,-14.60759819833229,#000000
-24.0400611756364,-14.61160213669436,#000000
-24.0273036116710,-14.61558602039526,#000000
-24.0145397993446,-14.61954983958544,#000000
-24.0017697702139,-14.62349358446499,#000000
-23.9889935558507,-14.62741724528363,#000000
-23.9762111878422,-14.63132081234072,#000000
-23.9634226977907,-14.63520427598530,#000000
-23.9506281173139,-14.63906762661612,#000000
-23.9378274780443,-14.64291085468166,#000000
-23.9250208116294,-14.64673395068012,#000000
-23.9122081497318,-14.65053690515952,#000000
-23.8993895240288,-14.65431970871765,#000000
-23.8865649662123,-14.65808235200211,#000000
-23.8737345079891,-14.66182482571036,#000000
-23.8608981810804,-14.66554712058973,#000000
-23.8480560172221,-14.66924922743742,#000000
-23.8352080481645,-14.67293113710057,#000000
-23.8223543056720,-14.67659284047622,#000000
-23.8094948215235,-14.68023432851138,#000000
-23.7966296275122,-14.68385559220307,#000000
-23.7837587554451,-14.68745662259826,#000000
-23.7708822371434,-14.69103741079397,#000000
-23.7580001044425,-14.69459794793728,#000000
-23.7451123891912,-14.69813822522531,#000000
-23.7322191232524,-14.70165823390528,#000000
-23.7193203385028,-14.70515796527453,#000000
-23.7064160668324,-14.70863741068051,#000000
-23.6935063401452,-14.71209656152086,#000000
-23.6805911903584,-14.71553540924335,#000000
-23.6676706494026,-14.71895394534599,#000000
-23.6547447492219,-14.72235216137697,#000000
-23.6418135217736,-14.72573004893474,#000000
-23.6288769990279,-14.72908759966801,#000000
-23.6159352129686,-14.73242480527576,#000000
-23.6029881955920,-14.73574165750727,#000000
-23.5900359789077,-14.73903814816215,#000000
-23.5770785949380,-14.74231426909035,#000000
-23.5641160757180,-14.74557001219216,#000000
-23.5511484532954,-14.74880536941827,#000000
-23.5381757597308,-14.75202033276978,#000000
-23.5251980270969,-14.75521489429820,#000000
-23.5122152874793,-14.75838904610546,#000000
-23.4992275729757,-14.76154278034399,#000000
-23.4862349156961,-14.76467608921666,#000000
-23.4732373477630,-14.76778896497686,#000000
-23.4602349013107,-14.77088139992850,#000000
-23.4472276084858,-14.77395338642602,#000000
-23.4342155014467,-14.77700491687442,#000000
-23.4211986123638,-14.78003598372926,#000000
-23.4081769734194,-14.78304657949671,#000000
-23.3951506168073,-14.78603669673354,#000000
-23.3821195747333,-14.78900632804716,#000000
-23.3690838794144,-14.79195546609563,#000000
-23.3560435630795,-14.79488410358766,#000000
-23.3429986579686,-14.79779223328265,#000000
-23.3299491963333,-14.80067984799072,#000000
-23.3168952104362,-14.80354694057269,#000000
-23.3038367325513,-14.80639350394012,#000000
-23.2907737949637,-14.80921953105533,#000000
-23.2777064299693,-14.81202501493142,#000000
-23.2646346698753,-14.81480994863227,#000000
-23.2515585469994,-14.81757432527257,#000000
-23.2384780936703,-14.82031813801782,#000000
-23.2253933422275,-14.82304138008439,#000000
-23.2123043250208,-14.82574404473949,#000000
-23.1992110744108,-14.82842612530120,#000000
-23.1861136227686,-14.83108761513850,#000000
-23.1730120024755,-14.83372850767128,#000000
-23.1599062459232,-14.83634879637034,#000000
-23.1467963855136,-14.83894847475743,#000000
-23.1336824536589,-14.84152753640526,#000000
-23.1205644827810,-14.84408597493749,#000000
-23.1074425053123,-14.84662378402881,#000000
-23.0943165536946,-14.84914095740486,#000000
-23.0811866603799,-14.85163748884234,#000000
-23.0680528578297,-14.85411337216896,#000000
-23.0549151785153,-14.85656860126349,#000000
-23.0417736549175,-14.85900317005576,#000000
-23.0286283195268,-14.86141707252669,#000000
-23.0154792048428,-14.86381030270827,#000000
-23.0023263433747,-14.86618285468363,#000000
-22.9891697676409,-14.86853472258701,#000000
-22.9760095101689,-14.87086590060377,#000000
-22.9628456034954,-14.87317638297045,#000000
-22.9496780801662,-14.87546616397474,#000000
-22.9365069727357,-14.87773523795552,#000000
-22.9233323137676,-14.87998359930286,#000000
-22.9101541358341,-14.88221124245805,#000000
-22.8969724715161,-14.88441816191357,#000000
-22.8837873534033,-14.88660435221318,#000000
-22.8705988140938,-14.88876980795186,#000000
-22.8574068861942,-14.89091452377586,#000000
-22.8442116023194,-14.89303849438271,#000000
-22.8310129950927,-14.89514171452122,#000000
-22.8178110971457,-14.89722417899151,#000000
-22.8046059411178,-14.89928588264503,#000000
-22.7913975596569,-14.90132682038452,#000000
-22.7781859854185,-14.90334698716409,#000000
-22.7649712510661,-14.90534637798920,#000000
-22.7517533892712,-14.90732498791667,#000000
-22.7385324327128,-14.90928281205469,#000000
-22.7253084140776,-14.91121984556286,#000000
-22.7120813660601,-14.91313608365216,#000000
-22.6988513213618,-14.91503152158499,#000000
-22.6856183126921,-14.91690615467519,#000000
-22.6723823727676,-14.91875997828801,#000000
-22.6591435343118,-14.92059298784017,#000000
-22.6459018300560,-14.92240517879984,#000000
-22.6326572927379,-14.92419654668667,#000000
-22.6194099551028,-14.92596708707177,#000000
-22.6061598499025,-14.92771679557777,#000000
-22.5929070098959,-14.92944566787879,#000000
-22.5796514678485,-14.93115369970045,#000000
-22.5663932565325,-14.93284088681993,#000000
-22.5531324087269,-14.93450722506592,#000000
-22.5398689572169,-14.93615271031865,#000000
-22.5266029347944,-14.93777733850992,#000000
-22.5133343742575,-14.93938110562310,#000000
-22.5000633084106,-14.94096400769313,#000000
-22.4867897700645,-14.94252604080652,#000000
-22.4735137920357,-14.94406720110139,#000000
-22.4602354071471,-14.94558748476747,#000000
-22.4469546482274,-14.94708688804611,#000000
-22.4336715481113,-14.94856540723024,#000000
-22.4203861396389,-14.95002303866448,#000000
-22.4070984556566,-14.95145977874506,#000000
-22.3938085290158,-14.95287562391986,#000000
-22.3805163925740,-14.95427057068843,#000000
-22.3672220791939,-14.95564461560197,#000000
-22.3539256217434,-14.95699775526339,#000000
-22.3406270530961,-14.95832998632726,#000000
-22.3273264061306,-14.95964130549984,#000000
-22.3140237137305,-14.96093170953911,#000000
-22.3007190087848,-14.96220119525473,#000000
-22.2874123241872,-14.96344975950812,#000000
-22.2741036928364,-14.96467739921239,#000000
-22.2607931476360,-14.96588411133239,#000000
-22.2474807214940,-14.96706989288471,#000000
-22.2341664473235,-14.96823474093771,#000000
-22.2208503580418,-14.96937865261147,#000000
-22.2075324865710,-14.97050162507786,#000000
-22.1942128658373,-14.97160365556050,#000000
-22.1808915287714,-14.97268474133479,#000000
-22.1675685083082,-14.97374487972792,#000000
-22.1542438373868,-14.97478406811887,#000000
-22.1409175489504,-14.97580230393839,#000000
-22.1275896759461,-14.97679958466908,#000000
-22.1142602513250,-14.97777590784530,#000000
-22.1009293080420,-14.97873127105325,#000000
-22.0875968790557,-14.97966567193094,#000000
-22.0742629973285,-14.98057910816822,#000000
-22.0609276958263,-14.98147157750676,#000000
-22.0475910075185,-14.98234307774007,#000000
-22.0342529653781,-14.98319360671349,#000000
-22.0209136023812,-14.98402316232424,#000000
-22.0075729515073,-14.98483174252137,#000000
-21.9942310457390,-14.98561934530578,#000000
-21.9808879180622,-14.98638596873026,#000000
-21.9675436014656,-14.98713161089944,#000000
-21.9541981289410,-14.98785626996985,#000000
-21.9408515334829,-14.98855994414988,#000000
-21.9275038480886,-14.98924263169980,#000000
-21.9141551057583,-14.98990433093179,#000000
-21.9008053394946,-14.99054504020988,#000000
-21.8874545823027,-14.99116475795003,#000000
-21.8741028671902,-14.99176348262009,#000000
-21.8607502271673,-14.99234121273979,#000000
-21.8473966952460,-14.99289794688080,#000000
-21.8340423044411,-14.99343368366667,#000000
-21.8206870877691,-14.99394842177289,#000000
-21.8073310782487,-14.99444215992684,#000000
-21.7939743089004,-14.99491489690783,#000000
-21.7806168127470,-14.99536663154709,#000000
-21.7672586228125,-14.99579736272778,#000000
-21.7538997721232,-14.99620708938499,#000000
-21.7405402937065,-14.99659581050573,#000000
-21.7271802205918,-14.99696352512895,#000000
-21.7138195858097,-14.99731023234554,#000000
-21.7004584223923,-14.99763593129830,#000000
-21.6870967633729,-14.99794062118202,#000000
-21.6737346417862,-14.99822430124337,#000000
-21.6603720906680,-14.99848697078102,#000000
-21.6470091430549,-14.99872862914555,#000000
-21.6336458319849,-14.99894927573951,#000000
-21.6202821904965,-14.99914891001737,#000000
-21.6069182516293,-14.99932753148557,#000000
-21.5935540484236,-14.99948513970250,#000000
-21.5801896139201,-14.99962173427849,#000000
-21.5668249811605,-14.99973731487585,#000000
-21.5534601831866,-14.99983188120881,#000000
-21.5400952530408,-14.99990543304357,#000000
-21.5267302237658,-14.99995797019829,#000000
-21.5133651284045,-14.99998949254308,#000000
-21.5000000000000,-15.00000000000000,#000000
  0.0000000000000,-15.00000000000000,#000000
  0.0000000000000,-15.15240000000000,#000000
-21.5000000000000,-15.15240000000000,#000000
-21.5136047572949,-15.15238930415056,#000000
-21.5272094809542,-15.15235721662867,#000000
-21.5408141373424,-15.15230373751367,#000000
-21.5544186928239,-15.15222886693778,#000000
-21.5680231137639,-15.15213260508609,#000000
-21.5816273665273,-15.15201495219662,#000000
-21.5952314174800,-15.15187590856022,#000000
-21.6088352329879,-15.15171547452067,#000000
-21.6224387794179,-15.15153365047462,#000000
-21.6360420231371,-15.15133043687159,#000000
-21.6496449305139,-15.15110583421400,#000000
-21.6632474679171,-15.15085984305714,#000000
-21.6768496017166,-15.15059246400920,#000000
-21.6904512982833,-15.15030369773121,#000000
-21.7040525239891,-15.14999354493711,#000000
-21.7176532452070,-15.14966200639371,#000000
-21.7312534283116,-15.14930908292068,#000000
-21.7448530396784,-15.14893477539057,#000000
-21.7584520456845,-15.14853908472879,#000000
-21.7720504127086,-15.14812201191363,#000000
-21.7856481071308,-15.14768355797624,#000000
-21.7992450953330,-15.14722372400062,#000000
-21.8128413436987,-15.14674251112364,#000000
-21.8264368186133,-15.14623992053503,#000000
-21.8400314864643,-15.14571595347736,#000000
-21.8536253136408,-15.14517061124605,#000000
-21.8672182665344,-15.14460389518939,#000000
-21.8808103115385,-15.14401580670848,#000000
-21.8944014150489,-15.14340634725728,#000000
-21.9079915434639,-15.14277551834259,#000000
-21.9215806631839,-15.14212332152402,#000000
-21.9351687406120,-15.14144975841405,#000000
-21.9487557421538,-15.14075483067793,#000000
-21.9623416342175,-15.14003854003378,#000000
-21.9759263832143,-15.13930088825251,#000000
-21.9895099555578,-15.13854187715784,#000000
-22.0030923176650,-15.13776150862632,#000000
-22.0166734359555,-15.13695978458728,#000000
-22.0302532768521,-15.13613670702286,#000000
-22.0438318067809,-15.13529227796798,#000000
-22.0574089921710,-15.13442649951037,#000000
-22.0709847994550,-15.13353937379053,#000000
-22.0845591950688,-15.13263090300173,#000000
-22.0981321454519,-15.13170108939003,#000000
-22.1117036170473,-15.13074993525425,#000000
-22.1252735763017,-15.12977744294596,#000000
-22.1388419896654,-15.12878361486950,#000000
-22.1524088235928,-15.12776845348195,#000000
-22.1659740445419,-15.12673196129314,#000000
-22.1795376189748,-15.12567414086563,#000000
-22.1930995133578,-15.12459499481472,#000000
-22.2066596941612,-15.12349452580843,#000000
-22.2202181278596,-15.12237273656749,#000000
-22.2337747809319,-15.12122962986536,#000000
-22.2473296198614,-15.12006520852817,#000000
-22.2608826111359,-15.11887947543479,#000000
-22.2744337212477,-15.11767243351675,#000000
-22.2879829166939,-15.11644408575827,#000000
-22.3015301639762,-15.11519443519624,#000000
-22.3150754296012,-15.11392348492024,#000000
-22.3286186800802,-15.11263123807249,#000000
-22.3421598819299,-15.11131769784786,#000000
-22.3556990016716,-15.10998286749388,#000000
-22.3692360058321,-15.10862675031071,#000000
-22.3827708609432,-15.10724934965112,#000000
-22.3963035335421,-15.10585066892054,#000000
-22.4098339901714,-15.10443071157696,#000000
-22.4233621973791,-15.10298948113103,#000000
-22.4368881217190,-15.10152698114595,#000000
-22.4504117297503,-15.10004321523753,#000000
-22.4639329880380,-15.09853818707413,#000000
-22.4774518631529,-15.09701190037672,#000000
-22.4909683216717,-15.09546435891879,#000000
-22.5044823301771,-15.09389556652639,#000000
-22.5179938552579,-15.09230552707812,#000000
-22.5315028635089,-15.09069424450510,#000000
-22.5450093215312,-15.08906172279097,#000000
-22.5585131959322,-15.08740796597189,#000000
-22.5720144533257,-15.08573297813651,#000000
-22.5855130603320,-15.08403676342597,#000000
-22.5990089835779,-15.08231932603391,#000000
-22.6125021896968,-15.08058067020640,#000000
-22.6259926453290,-15.07882080024201,#000000
-22.6394803171214,-15.07703972049174,#000000
-22.6529651717277,-15.07523743535902,#000000
-22.6664471758090,-15.07341394929974,#000000
-22.6799262960329,-15.07156926682215,#000000
-22.6934024990746,-15.06970339248696,#000000
-22.7068757516162,-15.06781633090725,#000000
-22.7203460203472,-15.06590808674847,#000000
-22.7338132719645,-15.06397866472846,#000000
-22.7472774731724,-15.06202806961742,#000000
-22.7607385906828,-15.06005630623789,#000000
-22.7741965912153,-15.05806337946473,#000000
-22.7876514414970,-15.05604929422515,#000000
-22.8011031082629,-15.05401405549866,#000000
-22.8145515582559,-15.05195766831706,#000000
-22.8279967582268,-15.04988013776445,#000000
-22.8414386749345,-15.04778146897720,#000000
-22.8548772751459,-15.04566166714393,#000000
-22.8683125256363,-15.04352073750552,#000000
-22.8817443931890,-15.04135868535509,#000000
-22.8951728445959,-15.03917551603796,#000000
-22.9085978466573,-15.03697123495169,#000000
-22.9220193661819,-15.03474584754600,#000000
-22.9354373699871,-15.03249935932283,#000000
-22.9488518248991,-15.03023177583625,#000000
-22.9622626977528,-15.02794310269251,#000000
-22.9756699553917,-15.02563334555000,#000000
-22.9890735646687,-15.02330251011924,#000000
-23.0024734924453,-15.02095060216283,#000000
-23.0158697055925,-15.01857762749551,#000000
-23.0292621709900,-15.01618359198408,#000000
-23.0426508555273,-15.01376850154742,#000000
-23.0560357261028,-15.01133236215646,#000000
-23.0694167496245,-15.00887517983417,#000000
-23.0827938930101,-15.00639696065555,#000000
-23.0961671231865,-15.00389771074761,#000000
-23.1095364070907,-15.00137743628934,#000000
-23.1229017116691,-14.99883614351174,#000000
-23.1362630038781,-14.99627383869775,#000000
-23.1496202506841,-14.99369052818226,#000000
-23.1629734190633,-14.99108621835210,#000000
-23.1763224760021,-14.98846091564602,#000000
-23.1896673884972,-14.98581462655467,#000000
-23.2030081235552,-14.98314735762058,#000000
-23.2163446481933,-14.98045911543816,#000000
-23.2296769294391,-14.97774990665366,#000000
-23.2430049343306,-14.97501973796517,#000000
-23.2563286299164,-14.97226861612261,#000000
-23.2696479832557,-14.96949654792770,#000000
-23.2829629614185,-14.96670354023392,#000000
-23.2962735314857,-14.96388959994657,#000000
-23.3095796605490,-14.96105473402266,#000000
-23.3228813157110,-14.95819894947096,#000000
-23.3361784640855,-14.95532225335194,#000000
-23.3494710727974,-14.95242465277778,#000000
-23.3627591089828,-14.94950615491234,#000000
-23.3760425397891,-14.94656676697116,#000000
-23.3893213323752,-14.94360649622139,#000000
-23.4025954539112,-14.94062534998186,#000000
-23.4158648715791,-14.93762333562297,#000000
-23.4291295525722,-14.93460046056674,#000000
-23.4423894640957,-14.93155673228674,#000000
-23.4556445733667,-14.92849215830812,#000000
-23.4688948476138,-14.92540674620756,#000000
-23.4821402540780,-14.92230050361324,#000000
-23.4953807600119,-14.91917343820487,#000000
-23.5086163326806,-14.91602555771362,#000000
-23.5218469393611,-14.91285686992214,#000000
-23.5350725473429,-14.90966738266451,#000000
-23.5482931239277,-14.90645710382622,#000000
-23.5615086364298,-14.90322604134420,#000000
-23.5747190521758,-14.89997420320674,#000000
-23.5879243385051,-14.89670159745349,#000000
-23.6011244627697,-14.89340823217546,#000000
-23.6143193923343,-14.89009411551498,#000000
-23.6275090945766,-14.88675925566567,#000000
-23.6406935368871,-14.88340366087246,#000000
-23.6538726866693,-14.88002733943153,#000000
-23.6670465113399,-14.87663029969029,#000000
-23.6802149783287,-14.87321255004741,#000000
-23.6933780550786,-14.86977409895271,#000000
-23.7065357090460,-14.86631495490725,#000000
-23.7196879077008,-14.86283512646320,#000000
-23.7328346185262,-14.85933462222389,#000000
-23.7459758090189,-14.85581345084377,#000000
-23.7591114466896,-14.85227162102839,#000000
-23.7722414990622,-14.84870914153436,#000000
-23.7853659336750,-14.84512602116935,#000000
-23.7984847180797,-14.84152226879206,#000000
-23.8115978198423,-14.83789789331221,#000000
-23.8247052065427,-14.83425290369049,#000000
-23.8378068457748,-14.83058730893857,#000000
-23.8509027051471,-14.82690111811905,#000000
-23.8639927522819,-14.82319434034546,#000000
-23.8770769548162,-14.81946698478223,#000000
-23.8901552804015,-14.81571906064465,#000000
-23.9032276967035,-14.81195057719889,#000000
-23.9162941714029,-14.80816154376192,#000000
-23.9293546721947,-14.80435196970153,#000000
-23.9424091667890,-14.80052186443630,#000000
-23.9554576229105,-14.79667123743556,#000000
-23.9685000082991,-14.79280009821938,#000000
-23.9815362907094,-14.78890845635854,#000000
-23.9945664379114,-14.78499632147451,#000000
-24.0075904176899,-14.78106370323944,#000000
-24.0206081978453,-14.77711061137610,#000000
-24.0336197461932,-14.77313705565789,#000000
-24.0466250305646,-14.76914304590881,#000000
-24.0596240188058,-14.76512859200342,#000000
-24.0726166787790,-14.76109370386681,#000000
-24.0856029783619,-14.75703839147463,#000000
-24.0985828854479,-14.75296266485298,#000000
-24.1115563679462,-14.74886653407847,#000000
-24.1245233937819,-14.74475000927813,#000000
-24.1374839308960,-14.74061310062943,#000000
-24.1504379472457,-14.73645581836021,#000000
-24.1633854108043,-14.73227817274872,#000000
-24.1763262895611,-14.72808017412351,#000000
-24.1892605515218,-14.72386183286349,#000000
-24.2021881647085,-14.71962315939783,#000000
-24.2151090971598,-14.71536416420599,#000000
-24.2280233169307,-14.71108485781767,#000000
-24.2409307920927,-14.70678525081277,#000000
-24.2538314907342,-14.70246535382141,#000000
-24.2667253809602,-14.69812517752385,#000000
-24.2796124308927,-14.69376473265048,#000000
-24.2924926086703,-14.68938402998184,#000000
-24.3053658824490,-14.68498308034851,#000000
-24.3182322204015,-14.68056189463114,#000000
-24.3310915907178,-14.67612048376044,#000000
-24.3439439616052,-14.67165885871708,#000000
-24.3567893012882,-14.66717703053174,#000000
-24.3696275780087,-14.66267501028503,#000000
-24.3824587600262,-14.65815280910748,#000000
-24.3952828156174,-14.65361043817954,#000000
-24.4080997130771,-14.64904790873149,#000000
-24.4209094207173,-14.64446523204347,#000000
-24.4337119068681,-14.63986241944544,#000000
-24.4465071398774,-14.63523948231712,#000000
-24.4592950881110,-14.63059643208799,#000000
-24.4720757199527,-14.62593328023728,#000000
-24.4848490038043,-14.62125003829388,#000000
-24.4976149080860,-14.61654671783639,#000000
-24.5103734012360,-14.61182333049301,#000000
-24.5231244517110,-14.60707988794158,#000000
-24.5358680279861,-14.60231640190952,#000000
-24.5486040985546,-14.59753288417380,#000000
-24.5613326319287,-14.59272934656092,#000000
-24.5740535966392,-14.58790580094686,#000000
-24.5867669612353,-14.58306225925708,#000000
-24.5994726942853,-14.57819873346649,#000000
-24.6121707643764,-14.57331523559937,#000000
-24.6248611401144,-14.56841177772942,#000000
-24.6375437901245,-14.56348837197966,#000000
-24.6502186830508,-14.55854503052244,#000000
-24.6628857875565,-14.55358176557940,#000000
-24.6755450723244,-14.54859858942141,#000000
-24.6881965060562,-14.54359551436862,#000000
-24.7008400574733,-14.53857255279033,#000000
-24.7134756953166,-14.53352971710502,#000000
-24.7261033883463,-14.52846701978032,#000000
-24.7387231053426,-14.52338447333294,#000000
-24.7513348151051,-14.51828209032869,#000000
-24.7639384864533,-14.51315988338240,#000000
-24.7765340882267,-14.50801786515793,#000000
-24.7891215892846,-14.50285604836810,#000000
-24.8017009585064,-14.49767444577470,#000000
-24.8142721647916,-14.49247307018843,#000000
-24.8268351770599,-14.48725193446887,#000000
-24.8393899642512,-14.48201105152445,#000000
-24.8519364953257,-14.47675043431244,#000000
-24.8644747392641,-14.47147009583889,#000000
-24.8770046650676,-14.46617004915859,#000000
-24.8895262417580,-14.46085030737509,#000000
-24.9020394383775,-14.45551088364061,#000000
-24.9145442239893,-14.45015179115604,#000000
-24.9270405676772,-14.44477304317088,#000000
-24.9395284385460,-14.43937465298325,#000000
-24.9520078057215,-14.43395663393983,#000000
-24.9644786383503,-14.42851899943580,#000000
-24.9769409056003,-14.42306176291486,#000000
-24.9893945766604,-14.41758493786919,#000000
-25.0018396207410,-14.41208853783935,#000000
-25.0142760070735,-14.40657257641435,#000000
-25.0267037049111,-14.40103706723152,#000000
-25.0391226835281,-14.39548202397655,#000000
-25.0515329122206,-14.38990746038340,#000000
-25.0639343603063,-14.38431339023430,#000000
-25.0763269971245,-14.37869982735973,#000000
-25.0887107920364,-14.37306678563832,#000000
-25.1010857144250,-14.36741427899689,#000000
-25.1134517336952,-14.36174232141037,#000000
-25.1258088192741,-14.35605092690179,#000000
-25.1381569406105,-14.35034010954222,#000000
-25.1504960671759,-14.34460988345076,#000000
-25.1628261684636,-14.33886026279449,#000000
-25.1751472139893,-14.33309126178846,#000000
-25.1874591732913,-14.32730289469560,#000000
-25.1997620159301,-14.32149517582675,#000000
-25.2120557114889,-14.31566811954057,#000000
-25.2243402295734,-14.30982174024355,#000000
-25.2366155398123,-14.30395605238994,#000000
-25.2488816118565,-14.29807107048173,#000000
-25.2611384153803,-14.29216680906862,#000000
-25.2733859200806,-14.28624328274796,#000000
-25.2856240956773,-14.28030050616474,#000000
-25.2978529119136,-14.27433849401154,#000000
-25.3100723385555,-14.26835726102850,#000000
-25.3222823453925,-14.26235682200328,#000000
-25.3344829022372,-14.25633719177102,#000000
-25.3466739789258,-14.25029838521430,#000000
-25.3588555453175,-14.24424041726314,#000000
-25.3710275712956,-14.23816330289490,#000000
-25.3831900267665,-14.23206705713429,#000000
-25.3953428816604,-14.22595169505333,#000000
-25.4074861059314,-14.21981723177127,#000000
-25.4196196695573,-14.21366368245463,#000000
-25.4317435425397,-14.20749106231708,#000000
-25.4438576949042,-14.20129938661946,#000000
-25.4559620967005,-14.19508867066970,#000000
-25.4680567180023,-14.18885892982284,#000000
-25.4801415289077,-14.18261017948092,#000000
-25.4922164995389,-14.17634243509301,#000000
-25.5042816000423,-14.17005571215510,#000000
-25.5163368005888,-14.16375002621013,#000000
-25.5283820713740,-14.15742539284793,#000000
-25.5404173826178,-14.15108182770515,#000000
-25.5524427045647,-14.14471934646526,#000000
-25.5644580074841,-14.13833796485850,#000000
-25.5764632616699,-14.13193769866183,#000000
-25.5884584374411,-14.12551856369889,#000000
-25.6004435051415,-14.11908057584001,#000000
-25.6124184351400,-14.11262375100207,#000000
-25.6243831978303,-14.10614810514858,#000000
-25.6363377636314,-14.09965365428955,#000000
-25.6482821029877,-14.09314041448148,#000000
-25.6602161863685,-14.08660840182734,#000000
-25.6721399842688,-14.08005763247650,#000000
-25.6840534672089,-14.07348812262471,#000000
-25.6959566057344,-14.06689988851405,#000000
-25.7078493704168,-14.06029294643289,#000000
-25.7197317318531,-14.05366731271587,#000000
-25.7316036606660,-14.04702300374380,#000000
-25.7434651275040,-14.04036003594372,#000000
-25.7553161030416,-14.03367842578875,#000000
-25.7671565579790,-14.02697818979813,#000000
-25.7789864630426,-14.02025934453713,#000000
-25.7908057889848,-14.01352190661706,#000000
-25.8026145065842,-14.00676589269515,#000000
-25.8144125866456,-13.99999131947460,#000000
-25.8262000000000,-13.99319820370448,#000000
-25.8379767175050,-13.98638656217968,#000000
-25.8497427100445,-13.97955641174094,#000000
-25.8614979485289,-13.97270776927471,#000000
-25.8732424038952,-13.96584065171319,#000000
-25.8849760471071,-13.95895507603425,#000000
-25.8966988491550,-13.95205105926140,#000000
-25.9084107810562,-13.94512861846373,#000000
-25.9201118138547,-13.93818777075588,#000000
-25.9318019186215,-13.93122853329801,#000000
-25.9434810664548,-13.92425092329575,#000000
-25.9551492284796,-13.91725495800013,#000000
-25.9668063758483,-13.91024065470759,#000000
-25.9784524797404,-13.90320803075987,#000000
-25.9900875113627,-13.89615710354405,#000000
-26.0017114419494,-13.88908789049242,#000000
-26.0133242427623,-13.88200040908251,#000000
-26.0249258850904,-13.87489467683701,#000000
-26.0365163402506,-13.86777071132370,#000000
-26.0480955795872,-13.86062853015549,#000000
-26.0596635744725,-13.85346815099030,#000000
-26.0712202963063,-13.84628959153102,#000000
-26.0827657165166,-13.83909286952553,#000000
-26.0942998065589,-13.83187800276659,#000000
-26.1058225379172,-13.82464500909182,#000000
-26.1173338821033,-13.81739390638366,#000000
-26.1288338106572,-13.81012471256932,#000000
-26.1403222951471,-13.80283744562074,#000000
-26.1517993071696,-13.79553212355455,#000000
-26.1632648183495,-13.78820876443200,#000000
-26.1747188003402,-13.78086738635896,#000000
-26.1861612248236,-13.77350800748581,#000000
-26.1975920635099,-13.76613064600747,#000000
-26.2090112881383,-13.75873532016331,#000000
-26.2204188704765,-13.75132204823710,#000000
-26.2318147823211,-13.74389084855700,#000000
-26.2431989954974,-13.73644173949548,#000000
-26.2545714818598,-13.72897473946929,#000000
-26.2659322132917,-13.72148986693941,#000000
-26.2772811617053,-13.71398714041102,#000000
-26.2886182990422,-13.70646657843343,#000000
-26.2999435972731,-13.69892819960004,#000000
-26.3112570283980,-13.69137202254831,#000000
-26.3225585644462,-13.68379806595970,#000000
-26.3338481774765,-13.67620634855963,#000000
-26.3451258395769,-13.66859688911742,#000000
-26.3563915228654,-13.66096970644627,#000000
-26.3676451994892,-13.65332481940319,#000000
-26.3788868416254,-13.64566224688896,#000000
-26.3901164214809,-13.63798200784809,#000000
-26.4013339112922,-13.63028412126875,#000000
-26.4125392833258,-13.62256860618277,#000000
-26.4237325098784,-13.61483548166554,#000000
-26.4349135632762,-13.60708476683600,#000000
-26.4460824158761,-13.59931648085656,#000000
-26.4572390400646,-13.59153064293311,#000000
-26.4683834082589,-13.58372727231489,#000000
-26.4795154929062,-13.57590638829452,#000000
-26.4906352664842,-13.56806801020790,#000000
-26.5017427015010,-13.56021215743418,#000000
-26.5128377704952,-13.55233884939573,#000000
-26.5239204460361,-13.54444810555808,#000000
-26.5349907007233,-13.53653994542983,#000000
-26.5460485071876,-13.52861438856267,#000000
-26.5570938380901,-13.52067145455130,#000000
-26.5681266661230,-13.51271116303337,#000000
-26.5791469640095,-13.50473353368945,#000000
-26.5901547045034,-13.49673858624298,#000000
-26.6011498603901,-13.48872634046021,#000000
-26.6121324044855,-13.48069681615015,#000000
-26.6231023096373,-13.47265003316454,#000000
-26.6340595487238,-13.46458601139778,#000000
-26.6450040946552,-13.45650477078692,#000000
-26.6559359203727,-13.44840633131153,#000000
-26.6668549988492,-13.44029071299374,#000000
-26.6777613030889,-13.43215793589814,#000000
-26.6886548061276,-13.42400802013175,#000000
-26.6995354810330,-13.41584098584394,#000000
-26.7104033009043,-13.40765685322643,#000000
-26.7212582388724,-13.39945564251320,#000000
-26.7321002681003,-13.39123737398045,#000000
-26.7429293617827,-13.38300206794656,#000000
-26.7537454931465,-13.37474974477203,#000000
-26.7645486354504,-13.36648042485943,#000000
-26.7753387619853,-13.35819412865335,#000000
-26.7861158460744,-13.34989087664037,#000000
-26.7968798610730,-13.34157068934896,#000000
-26.8076307803689,-13.33323358734948,#000000
-26.8183685773819,-13.32487959125410,#000000
-26.8290932255647,-13.31650872171677,#000000
-26.8398046984021,-13.30812099943315,#000000
-26.8505029694119,-13.29971644514055,#000000
-26.8611880121441,-13.29129507961793,#000000
-26.8718598001817,-13.28285692368577,#000000
-26.8825183071404,-13.27440199820611,#000000
-26.8931635066686,-13.26593032408240,#000000
-26.9037953724479,-13.25744192225953,#000000
-26.9144138781926,-13.24893681372376,#000000
-26.9250189976500,-13.24041501950260,#000000
-26.9356107046008,-13.23187656066487,#000000
-26.9461889728586,-13.22332145832055,#000000
-26.9567537762702,-13.21474973362081,#000000
-26.9673050887159,-13.20616140775786,#000000
-26.9778428841092,-13.19755650196502,#000000
-26.9883671363971,-13.18893503751654,#000000
-26.9988778195599,-13.18029703572765,#000000
-27.0093749076118,-13.17164251795445,#000000
-27.0198583746002,-13.16297150559386,#000000
-27.0303281946065,-13.15428402008362,#000000
-27.0407843417457,-13.14558008290215,#000000
-27.0512267901666,-13.13685971556858,#000000
-27.0616555140518,-13.12812293964265,#000000
-27.0720704876181,-13.11936977672465,#000000
-27.0824716851160,-13.11060024845541,#000000
-27.0928590808301,-13.10181437651620,#000000
-27.1032326490794,-13.09301218262872,#000000
-27.1135923642167,-13.08419368855501,#000000
-27.1239382006294,-13.07535891609741,#000000
-27.1342701327389,-13.06650788709849,#000000
-27.1445881350011,-13.05764062344105,#000000
-27.1548921819066,-13.04875714704799,#000000
-27.1651822479800,-13.03985747988232,#000000
-27.1754583077808,-13.03094164394706,#000000
-27.1857203359031,-13.02200966128521,#000000
-27.1959683069757,-13.01306155397970,#000000
-27.2062021956620,-13.00409734415333,#000000
-27.2164219766603,-12.99511705396867,#000000
-27.2266276247040,-12.98612070562810,#000000
-27.2368191145610,-12.97710832137367,#000000
-27.2469964210345,-12.96807992348709,#000000
-27.2571595189628,-12.95903553428964,#000000
-27.2673083832192,-12.94997517614216,#000000
-27.2774429887121,-12.94089887144496,#000000
-27.2875633103855,-12.93180664263777,#000000
-27.2976693232184,-12.92269851219971,#000000
-27.3077610022252,-12.91357450264919,#000000
-27.3178383224559,-12.90443463654390,#000000
-27.3279012589959,-12.89527893648071,#000000
-27.3379497869662,-12.88610742509565,#000000
-27.3479838815232,-12.87692012506385,#000000
-27.3580035178595,-12.86771705909945,#000000
-27.3680086712028,-12.85849824995561,#000000
-27.3779993168172,-12.84926372042436,#000000
-27.3879754300022,-12.84001349333663,#000000
-27.3979369860935,-12.83074759156216,#000000
-27.4078839604628,-12.82146603800943,#000000
-27.4178163285176,-12.81216885562563,#000000
-27.4277340657019,-12.80285606739656,#000000
-27.4376371474954,-12.79352769634665,#000000
-27.4475255494145,-12.78418376553881,#000000
-27.4573992470116,-12.77482429807446,#000000
-27.4672582158755,-12.76544931709340,#000000
-27.4771024316315,-12.75605884577380,#000000
-27.4869318699413,-12.74665290733213,#000000
-27.4967465065032,-12.73723152502308,#000000
-27.5065463170520,-12.72779472213955,#000000
-27.5163312773592,-12.71834252201254,#000000
-27.5261013632331,-12.70887494801114,#000000
-27.5358565505186,-12.69939202354243,#000000
-27.5455968150976,-12.68989377205146,#000000
-27.5553221328888,-12.68038021702116,#000000
-27.5650324798480,-12.67085138197229,#000000
-27.5747278319677,-12.66130729046341,#000000
-27.5844081652777,-12.65174796609077,#000000
-27.5940734558450,-12.64217343248831,#000000
-27.6037236797736,-12.63258371332756,#000000
-27.6133588132050,-12.62297883231759,#000000
-27.6229788323176,-12.61335881320496,#000000
-27.6325837133276,-12.60372367977364,#000000
-27.6421734324883,-12.59407345584501,#000000
-27.6517479660908,-12.58440816527771,#000000
-27.6613072904634,-12.57472783196766,#000000
-27.6708513819723,-12.56503247984796,#000000
-27.6803802170212,-12.55532213288885,#000000
-27.6898937720515,-12.54559681509762,#000000
-27.6993920235424,-12.53585655051861,#000000
-27.7088749480111,-12.52610136323309,#000000
-27.7183425220125,-12.51633127735921,#000000
-27.7277947221395,-12.50654631705199,#000000
-27.7372315250231,-12.49674650650319,#000000
-27.7466529073321,-12.48693186994132,#000000
-27.7560588457738,-12.47710243163151,#000000
-27.7654493170934,-12.46725821587551,#000000
-27.7748242980745,-12.45739924701160,#000000
-27.7841837655388,-12.44752554941451,#000000
-27.7935276963466,-12.43763714749543,#000000
-27.8028560673966,-12.42773406570187,#000000
-27.8121688556256,-12.41781632851763,#000000
-27.8214660380094,-12.40788396046278,#000000
-27.8307475915622,-12.39793698609352,#000000
-27.8400134933366,-12.38797543000219,#000000
-27.8492637204244,-12.37799931681716,#000000
-27.8584982499556,-12.36800867120282,#000000
-27.8677170590995,-12.35800351785946,#000000
-27.8769201250638,-12.34798388152324,#000000
-27.8861074250956,-12.33794978696616,#000000
-27.8952789364807,-12.32790125899592,#000000
-27.9044346365439,-12.31783832245593,#000000
-27.9135745026492,-12.30776100222523,#000000
-27.9226985121997,-12.29766932321839,#000000
-27.9318066426378,-12.28756331038552,#000000
-27.9408988714450,-12.27744298871214,#000000
-27.9499751761422,-12.26730838321916,#000000
-27.9590355342896,-12.25715951896278,#000000
-27.9680799234871,-12.24699642103450,#000000
-27.9771083213737,-12.23681911456096,#000000
-27.9861207056281,-12.22662762470395,#000000
-27.9951170539687,-12.21642197666034,#000000
-28.0040973441533,-12.20620219566199,#000000
-28.0130615539797,-12.19596830697569,#000000
-28.0220096612852,-12.18572033590313,#000000
-28.0309416439471,-12.17545830778080,#000000
-28.0398574798823,-12.16518224797996,#000000
-28.0487571470480,-12.15489218190655,#000000
-28.0576406234410,-12.14458813500114,#000000
-28.0665078870985,-12.13427013273887,#000000
-28.0753589160974,-12.12393820062937,#000000
-28.0841936885550,-12.11359236421673,#000000
-28.0930121826287,-12.10323264907939,#000000
-28.1018143765162,-12.09285908083012,#000000
-28.1106002484554,-12.08247168511595,#000000
-28.1193697767246,-12.07207048761807,#000000
-28.1281229396426,-12.06165551405181,#000000
-28.1368597155686,-12.05122679016656,#000000
-28.1455800829022,-12.04078434174569,#000000
-28.1542840200836,-12.03032819460652,#000000
-28.1629715055939,-12.01985837460023,#000000
-28.1716425179544,-12.00937490761179,#000000
-28.1802970357276,-11.99887781955995,#000000
-28.1889350375165,-11.98836713639709,#000000
-28.1975565019650,-11.97784288410923,#000000
-28.2061614077579,-11.96730508871592,#000000
-28.2147497336208,-11.95675377627022,#000000
-28.2233214583206,-11.94618897285858,#000000
-28.2318765606649,-11.93561070460082,#000000
-28.2404150195026,-11.92501899765004,#000000
-28.2489368137238,-11.91441387819257,#000000
-28.2574419222595,-11.90379537244790,#000000
-28.2659303240824,-11.89316350666863,#000000
-28.2744019982061,-11.88251830714036,#000000
-28.2828569236858,-11.87185980018168,#000000
-28.2912950796179,-11.86118801214408,#000000
-28.2997164451406,-11.85050296941186,#000000
-28.3081209994331,-11.83980469840213,#000000
-28.3165087217168,-11.82909322556467,#000000
-28.3248795912541,-11.81836857738191,#000000
-28.3332335873495,-11.80763078036886,#000000
-28.3415706893490,-11.79687986107305,#000000
-28.3498908766404,-11.78611584607442,#000000
-28.3581941286534,-11.77533876198531,#000000
-28.3664804248594,-11.76454863545036,#000000
-28.3747497447720,-11.75374549314648,#000000
-28.3830020679466,-11.74292936178272,#000000
-28.3912373739804,-11.73210026810028,#000000
-28.3994556425132,-11.72125823887239,#000000
-28.4076568532264,-11.71040330090425,#000000
-28.4158409858439,-11.69953548103301,#000000
-28.4240080201317,-11.68865480612762,#000000
-28.4321579358981,-11.67776130308886,#000000
-28.4402907129937,-11.66685499884919,#000000
-28.4484063313115,-11.65593592037274,#000000
-28.4565047707869,-11.64500409465521,#000000
-28.4645860113978,-11.63405954872383,#000000
-28.4726500331645,-11.62310230963726,#000000
-28.4806968161501,-11.61213240448555,#000000
-28.4887263404602,-11.60114986039008,#000000
-28.4967385862430,-11.59015470450345,#000000
-28.5047335336895,-11.57914696400946,#000000
-28.5127111630334,-11.56812666612301,#000000
-28.5206714545513,-11.55709383809007,#000000
-28.5286143885627,-11.54604850718756,#000000
-28.5365399454298,-11.53499070072333,#000000
-28.5444481055581,-11.52392044603607,#000000
-28.5523388493957,-11.51283777049523,#000000
-28.5602121574342,-11.50174270150101,#000000
-28.5680680102079,-11.49063526648420,#000000
-28.5759063882945,-11.47951549290620,#000000
-28.5837272723149,-11.46838340825889,#000000
-28.5915306429331,-11.45723904006461,#000000
-28.5993164808566,-11.44608241587606,#000000
-28.6070847668360,-11.43491356327623,#000000
-28.6148354816655,-11.42373250987837,#000000
-28.6225686061828,-11.41253928332585,#000000
-28.6302841212688,-11.40133391129218,#000000
-28.6379820078481,-11.39011642148088,#000000
-28.6456622468890,-11.37888684162543,#000000
-28.6533248194032,-11.36764519948921,#000000
-28.6609697064463,-11.35639152286539,#000000
-28.6685968891174,-11.34512583957693,#000000
-28.6762063485596,-11.33384817747646,#000000
-28.6837980659597,-11.32255856444623,#000000
-28.6913720225483,-11.31125702839803,#000000
-28.6989281996000,-11.29994359727313,#000000
-28.7064665784334,-11.28861829904222,#000000
-28.7139871404110,-11.27728116170531,#000000
-28.7214898669394,-11.26593221329168,#000000
-28.7289747394693,-11.25457148185984,#000000
-28.7364417394955,-11.24319899549741,#000000
-28.7438908485570,-11.23181478232106,#000000
-28.7513220482371,-11.22041887047648,#000000
-28.7587353201633,-11.20901128813827,#000000
-28.7661306460075,-11.19759206350989,#000000
-28.7735080074858,-11.18616122482356,#000000
-28.7808673863590,-11.17471880034024,#000000
-28.7882087644320,-11.16326481834954,#000000
-28.7955321235546,-11.15179930716961,#000000
-28.8028374456207,-11.14032229514713,#000000
-28.8101247125693,-11.12883381065721,#000000
-28.8173939063837,-11.11733388210332,#000000
-28.8246450090918,-11.10582253791723,#000000
-28.8318780027666,-11.09429980655893,#000000
-28.8390928695255,-11.08276571651656,#000000
-28.8462895915310,-11.07122029630634,#000000
-28.8534681509903,-11.05966357447250,#000000
-28.8606285301555,-11.04809557958724,#000000
-28.8677707113237,-11.03651634025059,#000000
-28.8748946768370,-11.02492588509041,#000000
-28.8820004090825,-11.01332424276227,#000000
-28.8890878904924,-11.00171144194941,#000000
-28.8961571035440,-10.99008751136266,#000000
-28.9032080307599,-10.97845247974036,#000000
-28.9102406547076,-10.96680637584828,#000000
-28.9172549580001,-10.95514922847961,#000000
-28.9242509232958,-10.94348106645479,#000000
-28.9312285332980,-10.93180191862153,#000000
-28.9381877707559,-10.92011181385467,#000000
-28.9451286184637,-10.90841078105619,#000000
-28.9520510592614,-10.89669884915502,#000000
-28.9589550760343,-10.88497604710708,#000000
-28.9658406517132,-10.87324240389517,#000000
-28.9727077692747,-10.86149794852886,#000000
-28.9795564117409,-10.84974271004448,#000000
-28.9863865621797,-10.83797671750500,#000000
-28.9931982037045,-10.82620000000000,#000000
-28.9999913194746,-10.81441258664555,#000000
-29.0067658926952,-10.80261450658419,#000000
-29.0135219066171,-10.79080578898481,#000000
-29.0202593445371,-10.77898646304261,#000000
-29.0269781897981,-10.76715655797901,#000000
-29.0336784257888,-10.75531610304160,#000000
-29.0403600359437,-10.74346512750404,#000000
-29.0470230037438,-10.73160366066600,#000000
-29.0536673127159,-10.71973173185309,#000000
-29.0602929464329,-10.70784937041680,#000000
-29.0668998885141,-10.69595660573439,#000000
-29.0734881226247,-10.68405346720886,#000000
-29.0800576324765,-10.67213998426884,#000000
-29.0866084018273,-10.66021618636855,#000000
-29.0931404144815,-10.64828210298770,#000000
-29.0996536542895,-10.63633776363144,#000000
-29.1061481051486,-10.62438319783027,#000000
-29.1126237510021,-10.61241843513998,#000000
-29.1190805758400,-10.60044350514155,#000000
-29.1255185636989,-10.58845843744113,#000000
-29.1319376986618,-10.57646326166990,#000000
-29.1383379648585,-10.56445800748406,#000000
-29.1447193464653,-10.55244270456471,#000000
-29.1510818277051,-10.54041738261780,#000000
-29.1574253928479,-10.52838207137404,#000000
-29.1637500262101,-10.51633680058884,#000000
-29.1700557121551,-10.50428160004226,#000000
-29.1763424350930,-10.49221649953887,#000000
-29.1826101794809,-10.48014152890774,#000000
-29.1888589298228,-10.46805671800234,#000000
-29.1950886706697,-10.45596209670046,#000000
-29.2012993866195,-10.44385769490416,#000000
-29.2074910623171,-10.43174354253966,#000000
-29.2136636824546,-10.41961966955730,#000000
-29.2198172317713,-10.40748610593145,#000000
-29.2259516950533,-10.39534288166044,#000000
-29.2320670571343,-10.38319002676648,#000000
-29.2381633028949,-10.37102757129560,#000000
-29.2442404172631,-10.35885554531755,#000000
-29.2502983852143,-10.34667397892576,#000000
-29.2563371917710,-10.33448290223724,#000000
-29.2623568220033,-10.32228234539250,#000000
-29.2683572610285,-10.31007233855550,#000000
-29.2743384940115,-10.29785291191357,#000000
-29.2803005061647,-10.28562409567732,#000000
-29.2862432827480,-10.27338592008057,#000000
-29.2921668090686,-10.26113841538029,#000000
-29.2980710704817,-10.24888161185651,#000000
-29.3039560523899,-10.23661553981226,#000000
-29.3098217402435,-10.22434022957345,#000000
-29.3156681195406,-10.21205571148887,#000000
-29.3214951758267,-10.19976201593007,#000000
-29.3273028946956,-10.18745917329126,#000000
-29.3330912617885,-10.17514721398930,#000000
-29.3388602627945,-10.16282616846356,#000000
-29.3446098834508,-10.15049606717590,#000000
-29.3503401095422,-10.13815694061055,#000000
-29.3560509269018,-10.12580881927407,#000000
-29.3617423214104,-10.11345173369524,#000000
-29.3674142789969,-10.10108571442501,#000000
-29.3730667856383,-10.08871079203642,#000000
-29.3786998273597,-10.07632699712453,#000000
-29.3843133902343,-10.06393436030632,#000000
-29.3899074603834,-10.05153291222064,#000000
-29.3954820239765,-10.03912268352811,#000000
-29.4010370672315,-10.02670370491108,#000000
-29.4065725764143,-10.01427600707352,#000000
-29.4120885378394,-10.00183962074095,#000000
-29.4175849378692, -9.98939457666040,#000000
-29.4230617629149, -9.97694090560027,#000000
-29.4285189994358, -9.96447863835031,#000000
-29.4339566339398, -9.95200780572151,#000000
-29.4393746529833, -9.93952843854605,#000000
-29.4447730431709, -9.92704056767720,#000000
-29.4501517911560, -9.91454422398926,#000000
-29.4555108836406, -9.90203943837748,#000000
-29.4608503073751, -9.88952624175797,#000000
-29.4661700491586, -9.87700466506764,#000000
-29.4714700958389, -9.86447473926412,#000000
-29.4767504343124, -9.85193649532569,#000000
-29.4820110515245, -9.83938996425118,#000000
-29.4872519344689, -9.82683517705992,#000000
-29.4924730701884, -9.81427216479165,#000000
-29.4976744457747, -9.80170095850643,#000000
-29.5028560483681, -9.78912158928461,#000000
-29.5080178651579, -9.77653408822669,#000000
-29.5131598833824, -9.76393848645329,#000000
-29.5182820903287, -9.75133481510505,#000000
-29.5233844733329, -9.73872310534258,#000000
-29.5284670197803, -9.72610338834634,#000000
-29.5335297171050, -9.71347569531660,#000000
-29.5385725527903, -9.70084005747335,#000000
-29.5435955143686, -9.68819650605621,#000000
-29.5485985894214, -9.67554507232437,#000000
-29.5535817655794, -9.66288578755653,#000000
-29.5585450305224, -9.65021868305076,#000000
-29.5634883719797, -9.63754379012450,#000000
-29.5684117777294, -9.62486114011442,#000000
-29.5733152355994, -9.61217076437638,#000000
-29.5781987334665, -9.59947269428535,#000000
-29.5830622592571, -9.58676696123530,#000000
-29.5879058009469, -9.57405359663916,#000000
-29.5927293465609, -9.56133263192873,#000000
-29.5975328841738, -9.54860409855460,#000000
-29.6023164019095, -9.53586802798605,#000000
-29.6070798879416, -9.52312445171103,#000000
-29.6118233304930, -9.51037340123602,#000000
-29.6165467178364, -9.49761490808599,#000000
-29.6212500382939, -9.48484900380431,#000000
-29.6259332802373, -9.47207571995268,#000000
-29.6305964320880, -9.45929508811102,#000000
-29.6352394823171, -9.44650713987744,#000000
-29.6398624194454, -9.43371190686813,#000000
-29.6444652320435, -9.42090942071730,#000000
-29.6490479087315, -9.40809971307707,#000000
-29.6536104381795, -9.39528281561744,#000000
-29.6581528091075, -9.38245876002618,#000000
-29.6626750102850, -9.36962757800874,#000000
-29.6671770305317, -9.35678930128820,#000000
-29.6716588587171, -9.34394396160519,#000000
-29.6761204837604, -9.33109159071778,#000000
-29.6805618946311, -9.31823222040145,#000000
-29.6849830803485, -9.30536588244897,#000000
-29.6893840299818, -9.29249260867033,#000000
-29.6937647326505, -9.27961243089269,#000000
-29.6981251775238, -9.26672538096024,#000000
-29.7024653538214, -9.25383149073421,#000000
-29.7067852508128, -9.24093079209271,#000000
-29.7110848578177, -9.22802331693068,#000000
-29.7153641642060, -9.21510909715983,#000000
-29.7196231593978, -9.20218816470854,#000000
-29.7238618328635, -9.18926055152178,#000000
-29.7280801741235, -9.17632628956105,#000000
-29.7322781727487, -9.16338541080427,#000000
-29.7364558183602, -9.15043794724573,#000000
-29.7406131006294, -9.13748393089601,#000000
-29.7447500092781, -9.12452339378186,#000000
-29.7488665340785, -9.11155636794618,#000000
-29.7529626648530, -9.09858288544791,#000000
-29.7570383914746, -9.08560297836194,#000000
-29.7610937038668, -9.07261667877904,#000000
-29.7651285920034, -9.05962401880581,#000000
-29.7691430459088, -9.04662503056455,#000000
-29.7731370556579, -9.03361974619322,#000000
-29.7771106113761, -9.02060819784534,#000000
-29.7810637032394, -9.00759041768992,#000000
-29.7849963214745, -8.99456643791137,#000000
-29.7889084563585, -8.98153629070944,#000000
-29.7928000982194, -8.96850000829911,#000000
-29.7966712374356, -8.95545762291054,#000000
-29.8005218644363, -8.94240916678899,#000000
-29.8043519697015, -8.92935467219471,#000000
-29.8081615437619, -8.91629417140289,#000000
-29.8119505771989, -8.90322769670355,#000000
-29.8157190606447, -8.89015528040150,#000000
-29.8194669847822, -8.87707695481625,#000000
-29.8231943403455, -8.86399275228189,#000000
-29.8269011181190, -8.85090270514706,#000000
-29.8305873089386, -8.83780684577484,#000000
-29.8342529036905, -8.82470520654268,#000000
-29.8378978933122, -8.81159781984233,#000000
-29.8415222687921, -8.79848471807975,#000000
-29.8451260211693, -8.78536593367500,#000000
-29.8487091415344, -8.77224149906224,#000000
-29.8522716210284, -8.75911144668955,#000000
-29.8558134508438, -8.74597580901894,#000000
-29.8593346222239, -8.73283461852618,#000000
-29.8628351264632, -8.71968790770083,#000000
-29.8663149549072, -8.70653570904605,#000000
-29.8697740989527, -8.69337805507858,#000000
-29.8732125500474, -8.68021497832866,#000000
-29.8766302996903, -8.66704651133992,#000000
-29.8800273394315, -8.65387268666933,#000000
-29.8834036608725, -8.64069353688711,#000000
-29.8867592556657, -8.62750909457661,#000000
-29.8900941155150, -8.61431939233432,#000000
-29.8934082321755, -8.60112446276969,#000000
-29.8967015974535, -8.58792433850511,#000000
-29.8999742032067, -8.57471905217581,#000000
-29.9032260413442, -8.56150863642979,#000000
-29.9064571038262, -8.54829312392773,#000000
-29.9096673826645, -8.53507254734290,#000000
-29.9128568699221, -8.52184693936110,#000000
-29.9160255577136, -8.50861633268056,#000000
-29.9191734382049, -8.49538076001189,#000000
-29.9223005036132, -8.48214025407795,#000000
-29.9254067462076, -8.46889484761382,#000000
-29.9284921583081, -8.45564457336667,#000000
-29.9315567322867, -8.44238946409573,#000000
-29.9346004605667, -8.42912955257218,#000000
-29.9376233356230, -8.41586487157906,#000000
-29.9406253499819, -8.40259545391121,#000000
-29.9436064962214, -8.38932133237517,#000000
-29.9465667669712, -8.37604253978913,#000000
-29.9495061549123, -8.36275910898282,#000000
-29.9524246527778, -8.34947107279743,#000000
-29.9553222533519, -8.33617846408553,#000000
-29.9581989494710, -8.32288131571102,#000000
-29.9610547340227, -8.30957966054901,#000000
-29.9638895999466, -8.29627353148574,#000000
-29.9667035402339, -8.28296296141853,#000000
-29.9694965479277, -8.26964798325567,#000000
-29.9722686161226, -8.25632862991635,#000000
-29.9750197379652, -8.24300493433058,#000000
-29.9777499066537, -8.22967692943910,#000000
-29.9804591154382, -8.21634464819331,#000000
-29.9831473576206, -8.20300812355517,#000000
-29.9858146265547, -8.18966738849716,#000000
-29.9884609156460, -8.17632247600213,#000000
-29.9910862183521, -8.16297341906330,#000000
-29.9936905281823, -8.14962025068409,#000000
-29.9962738386977, -8.13626300387812,#000000
-29.9988361435117, -8.12290171166909,#000000
-30.0013774362893, -8.10953640709069,#000000
-30.0038977107476, -8.09616712318654,#000000
-30.0063969606556, -8.08279389301008,#000000
-30.0088751798342, -8.06941674962453,#000000
-30.0113323621565, -8.05603572610277,#000000
-30.0137685015474, -8.04265085552727,#000000
-30.0161835919841, -8.02926217099003,#000000
-30.0185776274955, -8.01586970559247,#000000
-30.0209506021628, -8.00247349244535,#000000
-30.0233025101192, -7.98907356466870,#000000
-30.0256333455500, -7.97566995539173,#000000
-30.0279431026925, -7.96226269775277,#000000
-30.0302317758362, -7.94885182489914,#000000
-30.0324993593228, -7.93543736998714,#000000
-30.0347458475460, -7.92201936618187,#000000
-30.0369712349517, -7.90859784665726,#000000
-30.0391755160380, -7.89517284459590,#000000
-30.0413586853551, -7.88174439318899,#000000
-30.0435207375055, -7.86831252563628,#000000
-30.0456616671439, -7.85487727514593,#000000
-30.0477814689772, -7.84143867493451,#000000
-30.0498801377645, -7.82799675822682,#000000
-30.0519576683171, -7.81455155825591,#000000
-30.0540140554987, -7.80110310826291,#000000
-30.0560492942252, -7.78765144149700,#000000
-30.0580633794647, -7.77419659121531,#000000
-30.0600563062379, -7.76073859068285,#000000
-30.0620280696174, -7.74727747317240,#000000
-30.0639786647285, -7.73381327196447,#000000
-30.0659080867485, -7.72034602034717,#000000
-30.0678163309072, -7.70687575161617,#000000
-30.0697033924870, -7.69340249907459,#000000
-30.0715692668222, -7.67992629603292,#000000
-30.0734139492997, -7.66644717580897,#000000
-30.0752374353590, -7.65296517172773,#000000
-30.0770397204917, -7.63948031712135,#000000
-30.0788208002420, -7.62599264532900,#000000
-30.0805806702064, -7.61250218969684,#000000
-30.0823193260339, -7.59900898357789,#000000
-30.0840367634260, -7.58551306033200,#000000
-30.0857329781365, -7.57201445332569,#000000
-30.0874079659719, -7.55851319593217,#000000
-30.0890617227910, -7.54500932153115,#000000
-30.0906942445051, -7.53150286350887,#000000
-30.0923055270781, -7.51799385525790,#000000
-30.0938955665264, -7.50448233017714,#000000
-30.0954643589188, -7.49096832167173,#000000
-30.0970119003767, -7.47745186315291,#000000
-30.0985381870741, -7.46393298803801,#000000
-30.1000432152375, -7.45041172975033,#000000
-30.1015269811460, -7.43688812171904,#000000
-30.1029894811310, -7.42336219737915,#000000
-30.1044307115770, -7.40983399017137,#000000
-30.1058506689205, -7.39630353354207,#000000
-30.1072493496511, -7.38277086094318,#000000
-30.1086267503107, -7.36923600583210,#000000
-30.1099828674939, -7.35569900167163,#000000
-30.1113176978479, -7.34215988192990,#000000
-30.1126312380725, -7.32861868008024,#000000
-30.1139234849202, -7.31507542960115,#000000
-30.1151944351962, -7.30153016397619,#000000
-30.1164440857583, -7.28798291669389,#000000
-30.1176724335167, -7.27443372124770,#000000
-30.1188794754348, -7.26088261113587,#000000
-30.1200652085282, -7.24732961986139,#000000
-30.1212296298654, -7.23377478093190,#000000
-30.1223727365675, -7.22021812785961,#000000
-30.1234945258084, -7.20665969416121,#000000
-30.1245949948147, -7.19309951335780,#000000
-30.1256741408656, -7.17953761897480,#000000
-30.1267319612931, -7.16597404454186,#000000
-30.1277684534819, -7.15240882359277,#000000
-30.1287836148695, -7.13884198966543,#000000
-30.1297774429460, -7.12527357630169,#000000
-30.1307499352543, -7.11170361704732,#000000
-30.1317010893900, -7.09813214545191,#000000
-30.1326309030017, -7.08455919506880,#000000
-30.1335393737905, -7.07098479945497,#000000
-30.1344264995104, -7.05740899217098,#000000
-30.1352922779680, -7.04383180678088,#000000
-30.1361367070229, -7.03025327685212,#000000
-30.1369597845873, -7.01667343595549,#000000
-30.1377615086263, -7.00309231766500,#000000
-30.1385418771578, -6.98950995555785,#000000
-30.1393008882525, -6.97592638321427,#000000
-30.1400385400338, -6.96234163421753,#000000
-30.1407548306779, -6.94875574215378,#000000
-30.1414497584140, -6.93516874061199,#000000
-30.1421233215240, -6.92158066318390,#000000
-30.1427755183426, -6.90799154346389,#000000
-30.1434063472573, -6.89440141504892,#000000
-30.1440158067085, -6.88081031153846,#000000
-30.1446038951894, -6.86721826653435,#000000
-30.1451706112461, -6.85362531364081,#000000
-30.1457159534774, -6.84003148646427,#000000
-30.1462399205350, -6.82643681861333,#000000
-30.1467425111236, -6.81284134369867,#000000
-30.1472237240006, -6.79924509533297,#000000
-30.1476835579762, -6.78564810713081,#000000
-30.1481220119136, -6.77205041270860,#000000
-30.1485390847288, -6.75845204568451,#000000
-30.1489347753906, -6.74485303967837,#000000
-30.1493090829207, -6.73125342831158,#000000
-30.1496620063937, -6.71765324520704,#000000
-30.1499935449371, -6.70405252398906,#000000
-30.1503036977312, -6.69045129828329,#000000
-30.1505924640092, -6.67684960171663,#000000
-30.1508598430571, -6.66324746791712,#000000
-30.1511058342140, -6.64964493051392,#000000
-30.1513304368716, -6.63604202313714,#000000
-30.1515336504746, -6.62243877941785,#000000
-30.1517154745207, -6.60883523298792,#000000
-30.1518759085602, -6.59523141747999,#000000
-30.1520149521966, -6.58162736652735,#000000
-30.1521326050861, -6.56802311376387,#000000
-30.1522288669378, -6.55441869282395,#000000
-30.1523037375137, -6.54081413734235,#000000
-30.1523572166287, -6.52720948095422,#000000
-30.1523893041506, -6.51360475729492,#000000
-30.1524000000000, -6.50000000000000,#000000
-30.1524000000000,  0.00000000000000,#000000
-30.1524000000000,  6.50000000000000,#000000
-30.1523893041506,  6.51360475729492,#000000
-30.1523572166287,  6.52720948095422,#000000
-30.1523037375137,  6.54081413734235,#000000
-30.1522288669378,  6.55441869282394,#000000
-30.1521326050861,  6.56802311376387,#000000
-30.1520149521966,  6.58162736652735,#000000
-30.1518759085602,  6.59523141747999,#000000
-30.1517154745207,  6.60883523298792,#000000
-30.1515336504746,  6.62243877941785,#000000
-30.1513304368716,  6.63604202313714,#000000
-30.1511058342140,  6.64964493051392,#000000
-30.1508598430571,  6.66324746791712,#000000
-30.1505924640092,  6.67684960171663,#000000
-30.1503036977312,  6.69045129828329,#000000
-30.1499935449371,  6.70405252398906,#000000
-30.1496620063937,  6.71765324520704,#000000
-30.1493090829207,  6.73125342831158,#000000
-30.1489347753906,  6.74485303967837,#000000
-30.1485390847288,  6.75845204568451,#000000
-30.1481220119136,  6.77205041270860,#000000
-30.1476835579762,  6.78564810713080,#000000
-30.1472237240006,  6.79924509533297,#000000
-30.1467425111236,  6.81284134369867,#000000
-30.1462399205350,  6.82643681861333,#000000
-30.1457159534774,  6.84003148646427,#000000
-30.1451706112461,  6.85362531364081,#000000
-30.1446038951894,  6.86721826653435,#000000
-30.1440158067085,  6.88081031153845,#000000
-30.1434063472573,  6.89440141504892,#000000
-30.1427755183426,  6.90799154346389,#000000
-30.1421233215240,  6.92158066318390,#000000
-30.1414497584140,  6.93516874061199,#000000
-30.1407548306779,  6.94875574215378,#000000
-30.1400385400338,  6.96234163421753,#000000
-30.1393008882525,  6.97592638321427,#000000
-30.1385418771578,  6.98950995555785,#000000
-30.1377615086263,  7.00309231766500,#000000
-30.1369597845873,  7.01667343595548,#000000
-30.1361367070229,  7.03025327685212,#000000
-30.1352922779680,  7.04383180678088,#000000
-30.1344264995104,  7.05740899217098,#000000
-30.1335393737905,  7.07098479945497,#000000
-30.1326309030017,  7.08455919506880,#000000
-30.1317010893900,  7.09813214545191,#000000
-30.1307499352543,  7.11170361704732,#000000
-30.1297774429460,  7.12527357630169,#000000
-30.1287836148695,  7.13884198966543,#000000
-30.1277684534819,  7.15240882359277,#000000
-30.1267319612931,  7.16597404454185,#000000
-30.1256741408656,  7.17953761897480,#000000
-30.1245949948147,  7.19309951335780,#000000
-30.1234945258084,  7.20665969416121,#000000
-30.1223727365675,  7.22021812785961,#000000
-30.1212296298654,  7.23377478093190,#000000
-30.1200652085282,  7.24732961986139,#000000
-30.1188794754348,  7.26088261113587,#000000
-30.1176724335167,  7.27443372124770,#000000
-30.1164440857583,  7.28798291669389,#000000
-30.1151944351962,  7.30153016397619,#000000
-30.1139234849202,  7.31507542960115,#000000
-30.1126312380725,  7.32861868008024,#000000
-30.1113176978479,  7.34215988192990,#000000
-30.1099828674939,  7.35569900167163,#000000
-30.1086267503107,  7.36923600583210,#000000
-30.1072493496511,  7.38277086094318,#000000
-30.1058506689205,  7.39630353354207,#000000
-30.1044307115770,  7.40983399017137,#000000
-30.1029894811310,  7.42336219737915,#000000
-30.1015269811460,  7.43688812171904,#000000
-30.1000432152375,  7.45041172975033,#000000
-30.0985381870741,  7.46393298803801,#000000
-30.0970119003767,  7.47745186315291,#000000
-30.0954643589188,  7.49096832167173,#000000
-30.0938955665264,  7.50448233017714,#000000
-30.0923055270781,  7.51799385525790,#000000
-30.0906942445051,  7.53150286350887,#000000
-30.0890617227910,  7.54500932153115,#000000
-30.0874079659719,  7.55851319593216,#000000
-30.0857329781365,  7.57201445332569,#000000
-30.0840367634260,  7.58551306033199,#000000
-30.0823193260339,  7.59900898357789,#000000
-30.0805806702064,  7.61250218969684,#000000
-30.0788208002420,  7.62599264532900,#000000
-30.0770397204917,  7.63948031712135,#000000
-30.0752374353590,  7.65296517172773,#000000
-30.0734139492997,  7.66644717580897,#000000
-30.0715692668222,  7.67992629603292,#000000
-30.0697033924870,  7.69340249907459,#000000
-30.0678163309072,  7.70687575161617,#000000
-30.0659080867485,  7.72034602034717,#000000
-30.0639786647285,  7.73381327196447,#000000
-30.0620280696174,  7.74727747317240,#000000
-30.0600563062379,  7.76073859068285,#000000
-30.0580633794647,  7.77419659121531,#000000
-30.0560492942252,  7.78765144149700,#000000
-30.0540140554987,  7.80110310826291,#000000
-30.0519576683171,  7.81455155825591,#000000
-30.0498801377645,  7.82799675822682,#000000
-30.0477814689772,  7.84143867493450,#000000
-30.0456616671439,  7.85487727514593,#000000
-30.0435207375055,  7.86831252563628,#000000
-30.0413586853551,  7.88174439318899,#000000
-30.0391755160380,  7.89517284459590,#000000
-30.0369712349517,  7.90859784665726,#000000
-30.0347458475460,  7.92201936618187,#000000
-30.0324993593228,  7.93543736998714,#000000
-30.0302317758362,  7.94885182489914,#000000
-30.0279431026925,  7.96226269775277,#000000
-30.0256333455500,  7.97566995539173,#000000
-30.0233025101192,  7.98907356466870,#000000
-30.0209506021628,  8.00247349244535,#000000
-30.0185776274955,  8.01586970559247,#000000
-30.0161835919841,  8.02926217099003,#000000
-30.0137685015474,  8.04265085552727,#000000
-30.0113323621565,  8.05603572610277,#000000
-30.0088751798342,  8.06941674962453,#000000
-30.0063969606556,  8.08279389301008,#000000
-30.0038977107476,  8.09616712318654,#000000
-30.0013774362893,  8.10953640709069,#000000
-29.9988361435117,  8.12290171166909,#000000
-29.9962738386977,  8.13626300387812,#000000
-29.9936905281823,  8.14962025068409,#000000
-29.9910862183521,  8.16297341906329,#000000
-29.9884609156460,  8.17632247600213,#000000
-29.9858146265547,  8.18966738849716,#000000
-29.9831473576206,  8.20300812355517,#000000
-29.9804591154382,  8.21634464819331,#000000
-29.9777499066537,  8.22967692943910,#000000
-29.9750197379652,  8.24300493433058,#000000
-29.9722686161226,  8.25632862991635,#000000
-29.9694965479277,  8.26964798325567,#000000
-29.9667035402339,  8.28296296141853,#000000
-29.9638895999466,  8.29627353148574,#000000
-29.9610547340227,  8.30957966054901,#000000
-29.9581989494710,  8.32288131571102,#000000
-29.9553222533519,  8.33617846408553,#000000
-29.9524246527778,  8.34947107279742,#000000
-29.9495061549123,  8.36275910898282,#000000
-29.9465667669712,  8.37604253978913,#000000
-29.9436064962214,  8.38932133237517,#000000
-29.9406253499819,  8.40259545391121,#000000
-29.9376233356230,  8.41586487157906,#000000
-29.9346004605667,  8.42912955257218,#000000
-29.9315567322867,  8.44238946409573,#000000
-29.9284921583081,  8.45564457336667,#000000
-29.9254067462076,  8.46889484761381,#000000
-29.9223005036132,  8.48214025407795,#000000
-29.9191734382049,  8.49538076001189,#000000
-29.9160255577136,  8.50861633268056,#000000
-29.9128568699221,  8.52184693936110,#000000
-29.9096673826645,  8.53507254734290,#000000
-29.9064571038262,  8.54829312392773,#000000
-29.9032260413442,  8.56150863642979,#000000
-29.8999742032067,  8.57471905217581,#000000
-29.8967015974535,  8.58792433850511,#000000
-29.8934082321755,  8.60112446276969,#000000
-29.8900941155150,  8.61431939233432,#000000
-29.8867592556657,  8.62750909457661,#000000
-29.8834036608725,  8.64069353688711,#000000
-29.8800273394315,  8.65387268666933,#000000
-29.8766302996903,  8.66704651133992,#000000
-29.8732125500474,  8.68021497832866,#000000
-29.8697740989527,  8.69337805507858,#000000
-29.8663149549072,  8.70653570904605,#000000
-29.8628351264632,  8.71968790770083,#000000
-29.8593346222239,  8.73283461852618,#000000
-29.8558134508438,  8.74597580901893,#000000
-29.8522716210284,  8.75911144668955,#000000
-29.8487091415344,  8.77224149906224,#000000
-29.8451260211693,  8.78536593367500,#000000
-29.8415222687921,  8.79848471807975,#000000
-29.8378978933122,  8.81159781984233,#000000
-29.8342529036905,  8.82470520654268,#000000
-29.8305873089386,  8.83780684577484,#000000
-29.8269011181190,  8.85090270514706,#000000
-29.8231943403455,  8.86399275228189,#000000
-29.8194669847822,  8.87707695481625,#000000
-29.8157190606447,  8.89015528040150,#000000
-29.8119505771989,  8.90322769670355,#000000
-29.8081615437619,  8.91629417140288,#000000
-29.8043519697015,  8.92935467219471,#000000
-29.8005218644363,  8.94240916678899,#000000
-29.7966712374356,  8.95545762291054,#000000
-29.7928000982194,  8.96850000829911,#000000
-29.7889084563585,  8.98153629070944,#000000
-29.7849963214745,  8.99456643791137,#000000
-29.7810637032394,  9.00759041768992,#000000
-29.7771106113761,  9.02060819784534,#000000
-29.7731370556579,  9.03361974619322,#000000
-29.7691430459088,  9.04662503056455,#000000
-29.7651285920034,  9.05962401880581,#000000
-29.7610937038668,  9.07261667877904,#000000
-29.7570383914746,  9.08560297836194,#000000
-29.7529626648530,  9.09858288544791,#000000
-29.7488665340785,  9.11155636794618,#000000
-29.7447500092781,  9.12452339378186,#000000
-29.7406131006294,  9.13748393089601,#000000
-29.7364558183602,  9.15043794724573,#000000
-29.7322781727487,  9.16338541080427,#000000
-29.7280801741235,  9.17632628956105,#000000
-29.7238618328635,  9.18926055152178,#000000
-29.7196231593978,  9.20218816470854,#000000
-29.7153641642060,  9.21510909715983,#000000
-29.7110848578177,  9.22802331693068,#000000
-29.7067852508128,  9.24093079209270,#000000
-29.7024653538214,  9.25383149073421,#000000
-29.6981251775238,  9.26672538096024,#000000
-29.6937647326505,  9.27961243089268,#000000
-29.6893840299818,  9.29249260867033,#000000
-29.6849830803485,  9.30536588244897,#000000
-29.6805618946311,  9.31823222040145,#000000
-29.6761204837604,  9.33109159071778,#000000
-29.6716588587171,  9.34394396160519,#000000
-29.6671770305317,  9.35678930128820,#000000
-29.6626750102850,  9.36962757800874,#000000
-29.6581528091075,  9.38245876002618,#000000
-29.6536104381795,  9.39528281561744,#000000
-29.6490479087315,  9.40809971307707,#000000
-29.6444652320435,  9.42090942071729,#000000
-29.6398624194454,  9.43371190686813,#000000
-29.6352394823171,  9.44650713987744,#000000
-29.6305964320880,  9.45929508811102,#000000
-29.6259332802373,  9.47207571995268,#000000
-29.6212500382939,  9.48484900380431,#000000
-29.6165467178364,  9.49761490808599,#000000
-29.6118233304930,  9.51037340123602,#000000
-29.6070798879416,  9.52312445171103,#000000
-29.6023164019095,  9.53586802798605,#000000
-29.5975328841738,  9.54860409855460,#000000
-29.5927293465609,  9.56133263192873,#000000
-29.5879058009469,  9.57405359663916,#000000
-29.5830622592571,  9.58676696123530,#000000
-29.5781987334665,  9.59947269428535,#000000
-29.5733152355994,  9.61217076437638,#000000
-29.5684117777294,  9.62486114011442,#000000
-29.5634883719797,  9.63754379012449,#000000
-29.5585450305224,  9.65021868305076,#000000
-29.5535817655794,  9.66288578755652,#000000
-29.5485985894214,  9.67554507232437,#000000
-29.5435955143686,  9.68819650605621,#000000
-29.5385725527903,  9.70084005747335,#000000
-29.5335297171050,  9.71347569531660,#000000
-29.5284670197803,  9.72610338834634,#000000
-29.5233844733329,  9.73872310534258,#000000
-29.5182820903287,  9.75133481510505,#000000
-29.5131598833824,  9.76393848645329,#000000
-29.5080178651579,  9.77653408822669,#000000
-29.5028560483681,  9.78912158928461,#000000
-29.4976744457747,  9.80170095850643,#000000
-29.4924730701884,  9.81427216479165,#000000
-29.4872519344689,  9.82683517705992,#000000
-29.4820110515245,  9.83938996425118,#000000
-29.4767504343124,  9.85193649532569,#000000
-29.4714700958389,  9.86447473926412,#000000
-29.4661700491586,  9.87700466506764,#000000
-29.4608503073751,  9.88952624175797,#000000
-29.4555108836406,  9.90203943837748,#000000
-29.4501517911560,  9.91454422398926,#000000
-29.4447730431709,  9.92704056767720,#000000
-29.4393746529833,  9.93952843854605,#000000
-29.4339566339398,  9.95200780572151,#000000
-29.4285189994358,  9.96447863835031,#000000
-29.4230617629149,  9.97694090560027,#000000
-29.4175849378692,  9.98939457666040,#000000
-29.4120885378394, 10.00183962074095,#000000
-29.4065725764143, 10.01427600707352,#000000
-29.4010370672315, 10.02670370491108,#000000
-29.3954820239765, 10.03912268352811,#000000
-29.3899074603834, 10.05153291222064,#000000
-29.3843133902343, 10.06393436030632,#000000
-29.3786998273597, 10.07632699712453,#000000
-29.3730667856383, 10.08871079203642,#000000
-29.3674142789969, 10.10108571442501,#000000
-29.3617423214104, 10.11345173369523,#000000
-29.3560509269018, 10.12580881927407,#000000
-29.3503401095422, 10.13815694061055,#000000
-29.3446098834508, 10.15049606717590,#000000
-29.3388602627945, 10.16282616846356,#000000
-29.3330912617885, 10.17514721398929,#000000
-29.3273028946956, 10.18745917329126,#000000
-29.3214951758267, 10.19976201593007,#000000
-29.3156681195406, 10.21205571148887,#000000
-29.3098217402435, 10.22434022957345,#000000
-29.3039560523899, 10.23661553981225,#000000
-29.2980710704817, 10.24888161185651,#000000
-29.2921668090686, 10.26113841538029,#000000
-29.2862432827480, 10.27338592008057,#000000
-29.2803005061647, 10.28562409567732,#000000
-29.2743384940115, 10.29785291191357,#000000
-29.2683572610285, 10.31007233855550,#000000
-29.2623568220033, 10.32228234539250,#000000
-29.2563371917710, 10.33448290223724,#000000
-29.2502983852143, 10.34667397892576,#000000
-29.2442404172631, 10.35885554531755,#000000
-29.2381633028949, 10.37102757129560,#000000
-29.2320670571343, 10.38319002676648,#000000
-29.2259516950533, 10.39534288166044,#000000
-29.2198172317713, 10.40748610593145,#000000
-29.2136636824546, 10.41961966955730,#000000
-29.2074910623171, 10.43174354253966,#000000
-29.2012993866195, 10.44385769490416,#000000
-29.1950886706697, 10.45596209670046,#000000
-29.1888589298228, 10.46805671800234,#000000
-29.1826101794809, 10.48014152890774,#000000
-29.1763424350930, 10.49221649953887,#000000
-29.1700557121551, 10.50428160004226,#000000
-29.1637500262101, 10.51633680058884,#000000
-29.1574253928479, 10.52838207137403,#000000
-29.1510818277051, 10.54041738261780,#000000
-29.1447193464653, 10.55244270456471,#000000
-29.1383379648585, 10.56445800748406,#000000
-29.1319376986618, 10.57646326166990,#000000
-29.1255185636989, 10.58845843744113,#000000
-29.1190805758400, 10.60044350514155,#000000
-29.1126237510021, 10.61241843513998,#000000
-29.1061481051486, 10.62438319783027,#000000
-29.0996536542895, 10.63633776363144,#000000
-29.0931404144815, 10.64828210298770,#000000
-29.0866084018273, 10.66021618636855,#000000
-29.0800576324765, 10.67213998426884,#000000
-29.0734881226247, 10.68405346720886,#000000
-29.0668998885141, 10.69595660573439,#000000
-29.0602929464329, 10.70784937041680,#000000
-29.0536673127159, 10.71973173185309,#000000
-29.0470230037438, 10.73160366066600,#000000
-29.0403600359437, 10.74346512750404,#000000
-29.0336784257888, 10.75531610304160,#000000
-29.0269781897981, 10.76715655797901,#000000
-29.0202593445371, 10.77898646304261,#000000
-29.0135219066171, 10.79080578898481,#000000
-29.0067658926952, 10.80261450658419,#000000
-28.9999913194746, 10.81441258664555,#000000
-28.9931982037045, 10.82620000000000,#000000
-28.9863865621797, 10.83797671750500,#000000
-28.9795564117409, 10.84974271004448,#000000
-28.9727077692747, 10.86149794852886,#000000
-28.9658406517132, 10.87324240389517,#000000
-28.9589550760343, 10.88497604710708,#000000
-28.9520510592614, 10.89669884915502,#000000
-28.9451286184637, 10.90841078105618,#000000
-28.9381877707559, 10.92011181385467,#000000
-28.9312285332980, 10.93180191862153,#000000
-28.9242509232958, 10.94348106645479,#000000
-28.9172549580001, 10.95514922847961,#000000
-28.9102406547076, 10.96680637584828,#000000
-28.9032080307599, 10.97845247974036,#000000
-28.8961571035440, 10.99008751136266,#000000
-28.8890878904924, 11.00171144194941,#000000
-28.8820004090825, 11.01332424276227,#000000
-28.8748946768370, 11.02492588509041,#000000
-28.8677707113237, 11.03651634025059,#000000
-28.8606285301555, 11.04809557958724,#000000
-28.8534681509903, 11.05966357447250,#000000
-28.8462895915310, 11.07122029630634,#000000
-28.8390928695255, 11.08276571651656,#000000
-28.8318780027666, 11.09429980655893,#000000
-28.8246450090918, 11.10582253791723,#000000
-28.8173939063837, 11.11733388210332,#000000
-28.8101247125693, 11.12883381065721,#000000
-28.8028374456207, 11.14032229514713,#000000
-28.7955321235546, 11.15179930716961,#000000
-28.7882087644320, 11.16326481834954,#000000
-28.7808673863590, 11.17471880034024,#000000
-28.7735080074858, 11.18616122482356,#000000
-28.7661306460075, 11.19759206350989,#000000
-28.7587353201633, 11.20901128813827,#000000
-28.7513220482371, 11.22041887047648,#000000
-28.7438908485570, 11.23181478232106,#000000
-28.7364417394955, 11.24319899549741,#000000
-28.7289747394693, 11.25457148185984,#000000
-28.7214898669394, 11.26593221329168,#000000
-28.7139871404110, 11.27728116170530,#000000
-28.7064665784334, 11.28861829904222,#000000
-28.6989281996000, 11.29994359727313,#000000
-28.6913720225483, 11.31125702839803,#000000
-28.6837980659597, 11.32255856444623,#000000
-28.6762063485596, 11.33384817747646,#000000
-28.6685968891174, 11.34512583957693,#000000
-28.6609697064463, 11.35639152286539,#000000
-28.6533248194032, 11.36764519948921,#000000
-28.6456622468890, 11.37888684162543,#000000
-28.6379820078481, 11.39011642148088,#000000
-28.6302841212688, 11.40133391129218,#000000
-28.6225686061828, 11.41253928332585,#000000
-28.6148354816655, 11.42373250987836,#000000
-28.6070847668360, 11.43491356327623,#000000
-28.5993164808566, 11.44608241587606,#000000
-28.5915306429331, 11.45723904006461,#000000
-28.5837272723149, 11.46838340825889,#000000
-28.5759063882945, 11.47951549290620,#000000
-28.5680680102079, 11.49063526648420,#000000
-28.5602121574342, 11.50174270150101,#000000
-28.5523388493957, 11.51283777049523,#000000
-28.5444481055581, 11.52392044603607,#000000
-28.5365399454298, 11.53499070072333,#000000
-28.5286143885627, 11.54604850718756,#000000
-28.5206714545513, 11.55709383809007,#000000
-28.5127111630334, 11.56812666612301,#000000
-28.5047335336895, 11.57914696400945,#000000
-28.4967385862430, 11.59015470450344,#000000
-28.4887263404602, 11.60114986039008,#000000
-28.4806968161501, 11.61213240448555,#000000
-28.4726500331645, 11.62310230963726,#000000
-28.4645860113978, 11.63405954872383,#000000
-28.4565047707869, 11.64500409465521,#000000
-28.4484063313115, 11.65593592037274,#000000
-28.4402907129937, 11.66685499884919,#000000
-28.4321579358981, 11.67776130308885,#000000
-28.4240080201317, 11.68865480612762,#000000
-28.4158409858439, 11.69953548103300,#000000
-28.4076568532264, 11.71040330090425,#000000
-28.3994556425132, 11.72125823887239,#000000
-28.3912373739804, 11.73210026810028,#000000
-28.3830020679466, 11.74292936178272,#000000
-28.3747497447720, 11.75374549314648,#000000
-28.3664804248594, 11.76454863545036,#000000
-28.3581941286534, 11.77533876198531,#000000
-28.3498908766404, 11.78611584607442,#000000
-28.3415706893490, 11.79687986107305,#000000
-28.3332335873495, 11.80763078036886,#000000
-28.3248795912541, 11.81836857738191,#000000
-28.3165087217168, 11.82909322556467,#000000
-28.3081209994331, 11.83980469840213,#000000
-28.2997164451406, 11.85050296941186,#000000
-28.2912950796179, 11.86118801214408,#000000
-28.2828569236858, 11.87185980018168,#000000
-28.2744019982061, 11.88251830714036,#000000
-28.2659303240824, 11.89316350666862,#000000
-28.2574419222595, 11.90379537244790,#000000
-28.2489368137238, 11.91441387819257,#000000
-28.2404150195026, 11.92501899765004,#000000
-28.2318765606649, 11.93561070460082,#000000
-28.2233214583206, 11.94618897285858,#000000
-28.2147497336208, 11.95675377627022,#000000
-28.2061614077579, 11.96730508871592,#000000
-28.1975565019650, 11.97784288410923,#000000
-28.1889350375165, 11.98836713639709,#000000
-28.1802970357277, 11.99887781955995,#000000
-28.1716425179544, 12.00937490761179,#000000
-28.1629715055939, 12.01985837460023,#000000
-28.1542840200836, 12.03032819460652,#000000
-28.1455800829022, 12.04078434174569,#000000
-28.1368597155686, 12.05122679016656,#000000
-28.1281229396426, 12.06165551405181,#000000
-28.1193697767246, 12.07207048761807,#000000
-28.1106002484554, 12.08247168511595,#000000
-28.1018143765162, 12.09285908083012,#000000
-28.0930121826287, 12.10323264907939,#000000
-28.0841936885550, 12.11359236421673,#000000
-28.0753589160974, 12.12393820062937,#000000
-28.0665078870985, 12.13427013273887,#000000
-28.0576406234410, 12.14458813500114,#000000
-28.0487571470480, 12.15489218190655,#000000
-28.0398574798823, 12.16518224797996,#000000
-28.0309416439471, 12.17545830778080,#000000
-28.0220096612852, 12.18572033590313,#000000
-28.0130615539797, 12.19596830697569,#000000
-28.0040973441533, 12.20620219566199,#000000
-27.9951170539687, 12.21642197666034,#000000
-27.9861207056281, 12.22662762470395,#000000
-27.9771083213737, 12.23681911456095,#000000
-27.9680799234871, 12.24699642103450,#000000
-27.9590355342896, 12.25715951896278,#000000
-27.9499751761422, 12.26730838321916,#000000
-27.9408988714450, 12.27744298871214,#000000
-27.9318066426378, 12.28756331038552,#000000
-27.9226985121997, 12.29766932321839,#000000
-27.9135745026492, 12.30776100222523,#000000
-27.9044346365439, 12.31783832245593,#000000
-27.8952789364807, 12.32790125899592,#000000
-27.8861074250957, 12.33794978696616,#000000
-27.8769201250638, 12.34798388152324,#000000
-27.8677170590995, 12.35800351785946,#000000
-27.8584982499556, 12.36800867120282,#000000
-27.8492637204244, 12.37799931681716,#000000
-27.8400134933366, 12.38797543000219,#000000
-27.8307475915622, 12.39793698609352,#000000
-27.8214660380094, 12.40788396046278,#000000
-27.8121688556256, 12.41781632851763,#000000
-27.8028560673966, 12.42773406570187,#000000
-27.7935276963466, 12.43763714749543,#000000
-27.7841837655388, 12.44752554941451,#000000
-27.7748242980745, 12.45739924701160,#000000
-27.7654493170934, 12.46725821587551,#000000
-27.7560588457738, 12.47710243163151,#000000
-27.7466529073321, 12.48693186994132,#000000
-27.7372315250231, 12.49674650650319,#000000
-27.7277947221395, 12.50654631705199,#000000
-27.7183425220125, 12.51633127735921,#000000
-27.7088749480111, 12.52610136323309,#000000
-27.6993920235424, 12.53585655051861,#000000
-27.6898937720515, 12.54559681509762,#000000
-27.6803802170212, 12.55532213288885,#000000
-27.6708513819723, 12.56503247984796,#000000
-27.6613072904634, 12.57472783196766,#000000
-27.6517479660908, 12.58440816527771,#000000
-27.6421734324883, 12.59407345584501,#000000
-27.6325837133276, 12.60372367977364,#000000
-27.6229788323176, 12.61335881320496,#000000
-27.6133588132050, 12.62297883231759,#000000
-27.6037236797736, 12.63258371332756,#000000
-27.5940734558450, 12.64217343248831,#000000
-27.5844081652777, 12.65174796609077,#000000
-27.5747278319677, 12.66130729046341,#000000
-27.5650324798480, 12.67085138197229,#000000
-27.5553221328888, 12.68038021702116,#000000
-27.5455968150976, 12.68989377205146,#000000
-27.5358565505186, 12.69939202354243,#000000
-27.5261013632331, 12.70887494801114,#000000
-27.5163312773592, 12.71834252201254,#000000
-27.5065463170520, 12.72779472213955,#000000
-27.4967465065032, 12.73723152502308,#000000
-27.4869318699413, 12.74665290733213,#000000
-27.4771024316315, 12.75605884577380,#000000
-27.4672582158755, 12.76544931709340,#000000
-27.4573992470116, 12.77482429807446,#000000
-27.4475255494145, 12.78418376553881,#000000
-27.4376371474954, 12.79352769634665,#000000
-27.4277340657019, 12.80285606739656,#000000
-27.4178163285176, 12.81216885562562,#000000
-27.4078839604628, 12.82146603800943,#000000
-27.3979369860935, 12.83074759156216,#000000
-27.3879754300022, 12.84001349333663,#000000
-27.3779993168172, 12.84926372042436,#000000
-27.3680086712028, 12.85849824995561,#000000
-27.3580035178595, 12.86771705909945,#000000
-27.3479838815232, 12.87692012506385,#000000
-27.3379497869662, 12.88610742509565,#000000
-27.3279012589959, 12.89527893648070,#000000
-27.3178383224559, 12.90443463654390,#000000
-27.3077610022252, 12.91357450264919,#000000
-27.2976693232184, 12.92269851219971,#000000
-27.2875633103855, 12.93180664263777,#000000
-27.2774429887121, 12.94089887144496,#000000
-27.2673083832192, 12.94997517614216,#000000
-27.2571595189628, 12.95903553428964,#000000
-27.2469964210345, 12.96807992348709,#000000
-27.2368191145610, 12.97710832137367,#000000
-27.2266276247040, 12.98612070562810,#000000
-27.2164219766603, 12.99511705396867,#000000
-27.2062021956620, 13.00409734415332,#000000
-27.1959683069757, 13.01306155397970,#000000
-27.1857203359031, 13.02200966128521,#000000
-27.1754583077808, 13.03094164394706,#000000
-27.1651822479800, 13.03985747988232,#000000
-27.1548921819066, 13.04875714704799,#000000
-27.1445881350011, 13.05764062344105,#000000
-27.1342701327389, 13.06650788709849,#000000
-27.1239382006294, 13.07535891609741,#000000
-27.1135923642167, 13.08419368855501,#000000
-27.1032326490794, 13.09301218262872,#000000
-27.0928590808301, 13.10181437651620,#000000
-27.0824716851160, 13.11060024845541,#000000
-27.0720704876181, 13.11936977672465,#000000
-27.0616555140518, 13.12812293964264,#000000
-27.0512267901666, 13.13685971556858,#000000
-27.0407843417457, 13.14558008290215,#000000
-27.0303281946065, 13.15428402008362,#000000
-27.0198583746002, 13.16297150559386,#000000
-27.0093749076118, 13.17164251795445,#000000
-26.9988778195600, 13.18029703572765,#000000
-26.9883671363971, 13.18893503751654,#000000
-26.9778428841092, 13.19755650196502,#000000
-26.9673050887159, 13.20616140775786,#000000
-26.9567537762702, 13.21474973362080,#000000
-26.9461889728586, 13.22332145832055,#000000
-26.9356107046008, 13.23187656066487,#000000
-26.9250189976500, 13.24041501950260,#000000
-26.9144138781926, 13.24893681372375,#000000
-26.9037953724479, 13.25744192225953,#000000
-26.8931635066686, 13.26593032408240,#000000
-26.8825183071404, 13.27440199820611,#000000
-26.8718598001817, 13.28285692368577,#000000
-26.8611880121441, 13.29129507961792,#000000
-26.8505029694119, 13.29971644514055,#000000
-26.8398046984021, 13.30812099943314,#000000
-26.8290932255647, 13.31650872171677,#000000
-26.8183685773819, 13.32487959125410,#000000
-26.8076307803689, 13.33323358734948,#000000
-26.7968798610730, 13.34157068934896,#000000
-26.7861158460744, 13.34989087664037,#000000
-26.7753387619853, 13.35819412865335,#000000
-26.7645486354504, 13.36648042485943,#000000
-26.7537454931465, 13.37474974477203,#000000
-26.7429293617827, 13.38300206794656,#000000
-26.7321002681003, 13.39123737398045,#000000
-26.7212582388724, 13.39945564251320,#000000
-26.7104033009043, 13.40765685322643,#000000
-26.6995354810330, 13.41584098584394,#000000
-26.6886548061276, 13.42400802013175,#000000
-26.6777613030889, 13.43215793589814,#000000
-26.6668549988492, 13.44029071299374,#000000
-26.6559359203727, 13.44840633131153,#000000
-26.6450040946552, 13.45650477078691,#000000
-26.6340595487238, 13.46458601139778,#000000
-26.6231023096373, 13.47265003316454,#000000
-26.6121324044855, 13.48069681615015,#000000
-26.6011498603901, 13.48872634046021,#000000
-26.5901547045034, 13.49673858624298,#000000
-26.5791469640095, 13.50473353368945,#000000
-26.5681266661230, 13.51271116303337,#000000
-26.5570938380901, 13.52067145455130,#000000
-26.5460485071876, 13.52861438856267,#000000
-26.5349907007233, 13.53653994542983,#000000
-26.5239204460361, 13.54444810555808,#000000
-26.5128377704952, 13.55233884939573,#000000
-26.5017427015010, 13.56021215743418,#000000
-26.4906352664842, 13.56806801020790,#000000
-26.4795154929062, 13.57590638829452,#000000
-26.4683834082589, 13.58372727231489,#000000
-26.4572390400646, 13.59153064293311,#000000
-26.4460824158761, 13.59931648085656,#000000
-26.4349135632762, 13.60708476683600,#000000
-26.4237325098784, 13.61483548166554,#000000
-26.4125392833258, 13.62256860618277,#000000
-26.4013339112922, 13.63028412126875,#000000
-26.3901164214809, 13.63798200784809,#000000
-26.3788868416254, 13.64566224688896,#000000
-26.3676451994892, 13.65332481940319,#000000
-26.3563915228654, 13.66096970644627,#000000
-26.3451258395769, 13.66859688911742,#000000
-26.3338481774765, 13.67620634855962,#000000
-26.3225585644462, 13.68379806595970,#000000
-26.3112570283980, 13.69137202254831,#000000
-26.2999435972731, 13.69892819960004,#000000
-26.2886182990422, 13.70646657843343,#000000
-26.2772811617053, 13.71398714041102,#000000
-26.2659322132917, 13.72148986693941,#000000
-26.2545714818598, 13.72897473946929,#000000
-26.2431989954974, 13.73644173949548,#000000
-26.2318147823211, 13.74389084855700,#000000
-26.2204188704765, 13.75132204823710,#000000
-26.2090112881383, 13.75873532016331,#000000
-26.1975920635099, 13.76613064600747,#000000
-26.1861612248236, 13.77350800748581,#000000
-26.1747188003402, 13.78086738635895,#000000
-26.1632648183495, 13.78820876443200,#000000
-26.1517993071696, 13.79553212355455,#000000
-26.1403222951471, 13.80283744562074,#000000
-26.1288338106572, 13.81012471256932,#000000
-26.1173338821033, 13.81739390638366,#000000
-26.1058225379172, 13.82464500909182,#000000
-26.0942998065589, 13.83187800276659,#000000
-26.0827657165166, 13.83909286952553,#000000
-26.0712202963063, 13.84628959153102,#000000
-26.0596635744725, 13.85346815099030,#000000
-26.0480955795872, 13.86062853015549,#000000
-26.0365163402506, 13.86777071132370,#000000
-26.0249258850904, 13.87489467683700,#000000
-26.0133242427623, 13.88200040908251,#000000
-26.0017114419494, 13.88908789049242,#000000
-25.9900875113627, 13.89615710354404,#000000
-25.9784524797404, 13.90320803075987,#000000
-25.9668063758483, 13.91024065470759,#000000
-25.9551492284796, 13.91725495800013,#000000
-25.9434810664548, 13.92425092329575,#000000
-25.9318019186215, 13.93122853329801,#000000
-25.9201118138547, 13.93818777075588,#000000
-25.9084107810562, 13.94512861846373,#000000
-25.8966988491550, 13.95205105926140,#000000
-25.8849760471071, 13.95895507603425,#000000
-25.8732424038952, 13.96584065171319,#000000
-25.8614979485289, 13.97270776927471,#000000
-25.8497427100445, 13.97955641174094,#000000
-25.8379767175050, 13.98638656217968,#000000
-25.8262000000000, 13.99319820370448,#000000
-25.8144125866456, 13.99999131947460,#000000
-25.8026145065842, 14.00676589269515,#000000
-25.7908057889848, 14.01352190661706,#000000
-25.7789864630426, 14.02025934453713,#000000
-25.7671565579790, 14.02697818979813,#000000
-25.7553161030416, 14.03367842578875,#000000
-25.7434651275040, 14.04036003594372,#000000
-25.7316036606660, 14.04702300374380,#000000
-25.7197317318531, 14.05366731271586,#000000
-25.7078493704168, 14.06029294643289,#000000
-25.6959566057344, 14.06689988851405,#000000
-25.6840534672089, 14.07348812262471,#000000
-25.6721399842688, 14.08005763247650,#000000
-25.6602161863685, 14.08660840182734,#000000
-25.6482821029877, 14.09314041448148,#000000
-25.6363377636314, 14.09965365428955,#000000
-25.6243831978303, 14.10614810514858,#000000
-25.6124184351400, 14.11262375100207,#000000
-25.6004435051416, 14.11908057584001,#000000
-25.5884584374411, 14.12551856369889,#000000
-25.5764632616699, 14.13193769866183,#000000
-25.5644580074841, 14.13833796485850,#000000
-25.5524427045647, 14.14471934646526,#000000
-25.5404173826178, 14.15108182770515,#000000
-25.5283820713740, 14.15742539284793,#000000
-25.5163368005888, 14.16375002621013,#000000
-25.5042816000423, 14.17005571215510,#000000
-25.4922164995389, 14.17634243509301,#000000
-25.4801415289077, 14.18261017948092,#000000
-25.4680567180023, 14.18885892982284,#000000
-25.4559620967005, 14.19508867066970,#000000
-25.4438576949042, 14.20129938661946,#000000
-25.4317435425397, 14.20749106231708,#000000
-25.4196196695573, 14.21366368245463,#000000
-25.4074861059314, 14.21981723177127,#000000
-25.3953428816604, 14.22595169505333,#000000
-25.3831900267665, 14.23206705713429,#000000
-25.3710275712956, 14.23816330289490,#000000
-25.3588555453176, 14.24424041726314,#000000
-25.3466739789258, 14.25029838521430,#000000
-25.3344829022372, 14.25633719177102,#000000
-25.3222823453925, 14.26235682200328,#000000
-25.3100723385555, 14.26835726102850,#000000
-25.2978529119136, 14.27433849401154,#000000
-25.2856240956773, 14.28030050616474,#000000
-25.2733859200806, 14.28624328274796,#000000
-25.2611384153803, 14.29216680906862,#000000
-25.2488816118565, 14.29807107048173,#000000
-25.2366155398123, 14.30395605238994,#000000
-25.2243402295734, 14.30982174024355,#000000
-25.2120557114889, 14.31566811954057,#000000
-25.1997620159301, 14.32149517582675,#000000
-25.1874591732913, 14.32730289469560,#000000
-25.1751472139893, 14.33309126178846,#000000
-25.1628261684636, 14.33886026279449,#000000
-25.1504960671759, 14.34460988345076,#000000
-25.1381569406105, 14.35034010954222,#000000
-25.1258088192741, 14.35605092690179,#000000
-25.1134517336952, 14.36174232141037,#000000
-25.1010857144250, 14.36741427899689,#000000
-25.0887107920364, 14.37306678563832,#000000
-25.0763269971245, 14.37869982735973,#000000
-25.0639343603063, 14.38431339023430,#000000
-25.0515329122206, 14.38990746038340,#000000
-25.0391226835281, 14.39548202397655,#000000
-25.0267037049111, 14.40103706723152,#000000
-25.0142760070735, 14.40657257641435,#000000
-25.0018396207410, 14.41208853783935,#000000
-24.9893945766604, 14.41758493786919,#000000
-24.9769409056003, 14.42306176291486,#000000
-24.9644786383503, 14.42851899943579,#000000
-24.9520078057215, 14.43395663393983,#000000
-24.9395284385460, 14.43937465298325,#000000
-24.9270405676772, 14.44477304317088,#000000
-24.9145442239893, 14.45015179115604,#000000
-24.9020394383775, 14.45551088364061,#000000
-24.8895262417580, 14.46085030737509,#000000
-24.8770046650676, 14.46617004915859,#000000
-24.8644747392641, 14.47147009583889,#000000
-24.8519364953257, 14.47675043431244,#000000
-24.8393899642512, 14.48201105152445,#000000
-24.8268351770599, 14.48725193446887,#000000
-24.8142721647916, 14.49247307018843,#000000
-24.8017009585064, 14.49767444577470,#000000
-24.7891215892846, 14.50285604836810,#000000
-24.7765340882267, 14.50801786515792,#000000
-24.7639384864533, 14.51315988338240,#000000
-24.7513348151051, 14.51828209032869,#000000
-24.7387231053426, 14.52338447333294,#000000
-24.7261033883463, 14.52846701978032,#000000
-24.7134756953166, 14.53352971710502,#000000
-24.7008400574733, 14.53857255279033,#000000
-24.6881965060562, 14.54359551436862,#000000
-24.6755450723244, 14.54859858942141,#000000
-24.6628857875565, 14.55358176557939,#000000
-24.6502186830508, 14.55854503052244,#000000
-24.6375437901245, 14.56348837197966,#000000
-24.6248611401144, 14.56841177772942,#000000
-24.6121707643764, 14.57331523559937,#000000
-24.5994726942853, 14.57819873346648,#000000
-24.5867669612353, 14.58306225925708,#000000
-24.5740535966392, 14.58790580094686,#000000
-24.5613326319287, 14.59272934656092,#000000
-24.5486040985546, 14.59753288417380,#000000
-24.5358680279861, 14.60231640190952,#000000
-24.5231244517110, 14.60707988794158,#000000
-24.5103734012360, 14.61182333049301,#000000
-24.4976149080860, 14.61654671783639,#000000
-24.4848490038043, 14.62125003829388,#000000
-24.4720757199527, 14.62593328023728,#000000
-24.4592950881110, 14.63059643208799,#000000
-24.4465071398774, 14.63523948231712,#000000
-24.4337119068681, 14.63986241944544,#000000
-24.4209094207173, 14.64446523204347,#000000
-24.4080997130771, 14.64904790873149,#000000
-24.3952828156174, 14.65361043817954,#000000
-24.3824587600262, 14.65815280910748,#000000
-24.3696275780087, 14.66267501028503,#000000
-24.3567893012882, 14.66717703053174,#000000
-24.3439439616052, 14.67165885871708,#000000
-24.3310915907178, 14.67612048376044,#000000
-24.3182322204015, 14.68056189463114,#000000
-24.3053658824490, 14.68498308034851,#000000
-24.2924926086703, 14.68938402998184,#000000
-24.2796124308927, 14.69376473265048,#000000
-24.2667253809602, 14.69812517752385,#000000
-24.2538314907342, 14.70246535382141,#000000
-24.2409307920927, 14.70678525081277,#000000
-24.2280233169307, 14.71108485781767,#000000
-24.2151090971598, 14.71536416420599,#000000
-24.2021881647085, 14.71962315939783,#000000
-24.1892605515218, 14.72386183286348,#000000
-24.1763262895611, 14.72808017412351,#000000
-24.1633854108043, 14.73227817274872,#000000
-24.1504379472457, 14.73645581836021,#000000
-24.1374839308960, 14.74061310062943,#000000
-24.1245233937819, 14.74475000927813,#000000
-24.1115563679462, 14.74886653407847,#000000
-24.0985828854479, 14.75296266485298,#000000
-24.0856029783619, 14.75703839147462,#000000
-24.0726166787790, 14.76109370386681,#000000
-24.0596240188058, 14.76512859200342,#000000
-24.0466250305646, 14.76914304590881,#000000
-24.0336197461932, 14.77313705565789,#000000
-24.0206081978453, 14.77711061137610,#000000
-24.0075904176899, 14.78106370323944,#000000
-23.9945664379114, 14.78499632147451,#000000
-23.9815362907094, 14.78890845635854,#000000
-23.9685000082991, 14.79280009821938,#000000
-23.9554576229105, 14.79667123743556,#000000
-23.9424091667890, 14.80052186443630,#000000
-23.9293546721947, 14.80435196970153,#000000
-23.9162941714029, 14.80816154376192,#000000
-23.9032276967035, 14.81195057719889,#000000
-23.8901552804015, 14.81571906064465,#000000
-23.8770769548162, 14.81946698478223,#000000
-23.8639927522819, 14.82319434034546,#000000
-23.8509027051471, 14.82690111811905,#000000
-23.8378068457748, 14.83058730893857,#000000
-23.8247052065427, 14.83425290369049,#000000
-23.8115978198423, 14.83789789331221,#000000
-23.7984847180797, 14.84152226879206,#000000
-23.7853659336750, 14.84512602116935,#000000
-23.7722414990622, 14.84870914153436,#000000
-23.7591114466896, 14.85227162102839,#000000
-23.7459758090189, 14.85581345084377,#000000
-23.7328346185262, 14.85933462222389,#000000
-23.7196879077008, 14.86283512646320,#000000
-23.7065357090460, 14.86631495490725,#000000
-23.6933780550786, 14.86977409895271,#000000
-23.6802149783287, 14.87321255004741,#000000
-23.6670465113399, 14.87663029969029,#000000
-23.6538726866693, 14.88002733943153,#000000
-23.6406935368871, 14.88340366087246,#000000
-23.6275090945766, 14.88675925566567,#000000
-23.6143193923343, 14.89009411551498,#000000
-23.6011244627697, 14.89340823217546,#000000
-23.5879243385051, 14.89670159745349,#000000
-23.5747190521758, 14.89997420320674,#000000
-23.5615086364298, 14.90322604134420,#000000
-23.5482931239277, 14.90645710382622,#000000
-23.5350725473429, 14.90966738266451,#000000
-23.5218469393611, 14.91285686992214,#000000
-23.5086163326806, 14.91602555771362,#000000
-23.4953807600119, 14.91917343820487,#000000
-23.4821402540780, 14.92230050361324,#000000
-23.4688948476138, 14.92540674620756,#000000
-23.4556445733667, 14.92849215830812,#000000
-23.4423894640957, 14.93155673228674,#000000
-23.4291295525722, 14.93460046056674,#000000
-23.4158648715791, 14.93762333562297,#000000
-23.4025954539112, 14.94062534998186,#000000
-23.3893213323752, 14.94360649622139,#000000
-23.3760425397891, 14.94656676697116,#000000
-23.3627591089828, 14.94950615491234,#000000
-23.3494710727974, 14.95242465277778,#000000
-23.3361784640855, 14.95532225335194,#000000
-23.3228813157110, 14.95819894947096,#000000
-23.3095796605490, 14.96105473402266,#000000
-23.2962735314857, 14.96388959994657,#000000
-23.2829629614185, 14.96670354023392,#000000
-23.2696479832557, 14.96949654792770,#000000
-23.2563286299164, 14.97226861612261,#000000
-23.2430049343306, 14.97501973796517,#000000
-23.2296769294391, 14.97774990665366,#000000
-23.2163446481933, 14.98045911543816,#000000
-23.2030081235552, 14.98314735762058,#000000
-23.1896673884972, 14.98581462655467,#000000
-23.1763224760021, 14.98846091564602,#000000
-23.1629734190633, 14.99108621835210,#000000
-23.1496202506841, 14.99369052818226,#000000
-23.1362630038781, 14.99627383869775,#000000
-23.1229017116691, 14.99883614351174,#000000
-23.1095364070907, 15.00137743628934,#000000
-23.0961671231865, 15.00389771074761,#000000
-23.0827938930101, 15.00639696065555,#000000
-23.0694167496245, 15.00887517983417,#000000
-23.0560357261028, 15.01133236215646,#000000
-23.0426508555273, 15.01376850154742,#000000
-23.0292621709900, 15.01618359198408,#000000
-23.0158697055925, 15.01857762749551,#000000
-23.0024734924453, 15.02095060216283,#000000
-22.9890735646687, 15.02330251011924,#000000
-22.9756699553917, 15.02563334555000,#000000
-22.9622626977528, 15.02794310269251,#000000
-22.9488518248991, 15.03023177583625,#000000
-22.9354373699871, 15.03249935932283,#000000
-22.9220193661819, 15.03474584754600,#000000
-22.9085978466573, 15.03697123495169,#000000
-22.8951728445959, 15.03917551603796,#000000
-22.8817443931890, 15.04135868535509,#000000
-22.8683125256363, 15.04352073750552,#000000
-22.8548772751459, 15.04566166714393,#000000
-22.8414386749345, 15.04778146897720,#000000
-22.8279967582268, 15.04988013776445,#000000
-22.8145515582559, 15.05195766831706,#000000
-22.8011031082629, 15.05401405549866,#000000
-22.7876514414970, 15.05604929422515,#000000
-22.7741965912153, 15.05806337946473,#000000
-22.7607385906828, 15.06005630623789,#000000
-22.7472774731724, 15.06202806961742,#000000
-22.7338132719645, 15.06397866472846,#000000
-22.7203460203472, 15.06590808674847,#000000
-22.7068757516162, 15.06781633090725,#000000
-22.6934024990746, 15.06970339248696,#000000
-22.6799262960329, 15.07156926682215,#000000
-22.6664471758090, 15.07341394929974,#000000
-22.6529651717277, 15.07523743535902,#000000
-22.6394803171214, 15.07703972049174,#000000
-22.6259926453290, 15.07882080024201,#000000
-22.6125021896968, 15.08058067020640,#000000
-22.5990089835779, 15.08231932603391,#000000
-22.5855130603320, 15.08403676342597,#000000
-22.5720144533257, 15.08573297813651,#000000
-22.5585131959322, 15.08740796597189,#000000
-22.5450093215312, 15.08906172279097,#000000
-22.5315028635089, 15.09069424450510,#000000
-22.5179938552579, 15.09230552707812,#000000
-22.5044823301771, 15.09389556652639,#000000
-22.4909683216717, 15.09546435891879,#000000
-22.4774518631529, 15.09701190037672,#000000
-22.4639329880380, 15.09853818707413,#000000
-22.4504117297503, 15.10004321523753,#000000
-22.4368881217190, 15.10152698114595,#000000
-22.4233621973791, 15.10298948113103,#000000
-22.4098339901714, 15.10443071157696,#000000
-22.3963035335421, 15.10585066892054,#000000
-22.3827708609432, 15.10724934965112,#000000
-22.3692360058321, 15.10862675031071,#000000
-22.3556990016716, 15.10998286749388,#000000
-22.3421598819299, 15.11131769784786,#000000
-22.3286186800802, 15.11263123807249,#000000
-22.3150754296012, 15.11392348492024,#000000
-22.3015301639762, 15.11519443519624,#000000
-22.2879829166939, 15.11644408575827,#000000
-22.2744337212477, 15.11767243351675,#000000
-22.2608826111359, 15.11887947543479,#000000
-22.2473296198614, 15.12006520852817,#000000
-22.2337747809319, 15.12122962986536,#000000
-22.2202181278596, 15.12237273656749,#000000
-22.2066596941612, 15.12349452580843,#000000
-22.1930995133578, 15.12459499481472,#000000
-22.1795376189748, 15.12567414086563,#000000
-22.1659740445419, 15.12673196129314,#000000
-22.1524088235928, 15.12776845348195,#000000
-22.1388419896654, 15.12878361486950,#000000
-22.1252735763017, 15.12977744294596,#000000
-22.1117036170473, 15.13074993525425,#000000
-22.0981321454519, 15.13170108939003,#000000
-22.0845591950688, 15.13263090300173,#000000
-22.0709847994550, 15.13353937379053,#000000
-22.0574089921710, 15.13442649951037,#000000
-22.0438318067809, 15.13529227796798,#000000
-22.0302532768521, 15.13613670702286,#000000
-22.0166734359555, 15.13695978458728,#000000
-22.0030923176650, 15.13776150862632,#000000
-21.9895099555578, 15.13854187715784,#000000
-21.9759263832143, 15.13930088825251,#000000
-21.9623416342175, 15.14003854003378,#000000
-21.9487557421538, 15.14075483067793,#000000
-21.9351687406120, 15.14144975841405,#000000
-21.9215806631839, 15.14212332152402,#000000
-21.9079915434639, 15.14277551834259,#000000
-21.8944014150489, 15.14340634725728,#000000
-21.8808103115385, 15.14401580670848,#000000
-21.8672182665344, 15.14460389518939,#000000
-21.8536253136408, 15.14517061124605,#000000
-21.8400314864643, 15.14571595347736,#000000
-21.8264368186133, 15.14623992053503,#000000
-21.8128413436987, 15.14674251112364,#000000
-21.7992450953330, 15.14722372400062,#000000
-21.7856481071308, 15.14768355797624,#000000
-21.7720504127086, 15.14812201191363,#000000
-21.7584520456845, 15.14853908472879,#000000
-21.7448530396784, 15.14893477539057,#000000
-21.7312534283116, 15.14930908292068,#000000
-21.7176532452070, 15.14966200639371,#000000
-21.7040525239891, 15.14999354493711,#000000
-21.6904512982833, 15.15030369773121,#000000
-21.6768496017166, 15.15059246400920,#000000
-21.6632474679171, 15.15085984305714,#000000
-21.6496449305139, 15.15110583421400,#000000
-21.6360420231371, 15.15133043687159,#000000
-21.6224387794179, 15.15153365047462,#000000
-21.6088352329879, 15.15171547452067,#000000
-21.5952314174800, 15.15187590856022,#000000
-21.5816273665273, 15.15201495219662,#000000
-21.5680231137639, 15.15213260508609,#000000
-21.5544186928239, 15.15222886693778,#000000
-21.5408141373424, 15.15230373751367,#000000
-21.5272094809542, 15.15235721662867,#000000
-21.5136047572949, 15.15238930415056,#000000
-21.5000000000000, 15.15240000000000,#000000
  0.0000000000000, 15.15240000000000,#000000
  0.0000000000000, 15.00000000000000,#000000
