x,y,fill
20.0000000000000,7.30000000000000,#c8102e
19.9990565803377,7.29999851659523,#c8102e
19.9981131700052,7.29999406639561,#c8102e
19.9971697783322,7.29998664944512,#c8102e
19.9962264146484,7.29997626581714,#c8102e
19.9952830882829,7.29996291561434,#c8102e
19.9943398085647,7.29994659896874,#c8102e
19.9933965848221,7.29992731604172,#c8102e
19.9924534263832,7.29990506702396,#c8102e
19.9915103425751,7.29987985213550,#c8102e
19.9905673427243,7.29985167162569,#c8102e
19.9896244361565,7.29982052577322,#c8102e
19.9886816321964,7.29978641488610,#c8102e
19.9877389401678,7.29974933930168,#c8102e
19.9867963693933,7.29970929938659,#c8102e
19.9858539291943,7.29966629553682,#c8102e
19.9849116288910,7.29962032817764,#c8102e
19.9839694778021,7.29957139776364,#c8102e
19.9830274852449,7.29951950477871,#c8102e
19.9820856605350,7.29946464973605,#c8102e
19.9811440129867,7.29940683317812,#c8102e
19.9802025519120,7.29934605567671,#c8102e
19.9792612866216,7.29928231783286,#c8102e
19.9783202264238,7.29921562027689,#c8102e
19.9773793806253,7.29914596366841,#c8102e
19.9764387585303,7.29907334869628,#c8102e
19.9754983694410,7.29899777607861,#c8102e
19.9745582226573,7.29891924656276,#c8102e
19.9736183274767,7.29883776092534,#c8102e
19.9726786931940,7.29875331997220,#c8102e
19.9717393291017,7.29866592453840,#c8102e
19.9708002444895,7.29857557548823,#c8102e
19.9698614486443,7.29848227371518,#c8102e
19.9689229508503,7.29838602014194,#c8102e
19.9679847603886,7.29828681572041,#c8102e
19.9670468865373,7.29818466143166,#c8102e
19.9661093385713,7.29807955828591,#c8102e
19.9651721257624,7.29797150732258,#c8102e
19.9642352573791,7.29786050961023,#c8102e
19.9632987426865,7.29774656624654,#c8102e
19.9623625909459,7.29762967835835,#c8102e
19.9614268114154,7.29750984710160,#c8102e
19.9604914133493,7.29738707366136,#c8102e
19.9595564059980,7.29726135925176,#c8102e
19.9586217986082,7.29713270511605,#c8102e
19.9576876004225,7.29700111252653,#c8102e
19.9567538206796,7.29686658278457,#c8102e
19.9558204686140,7.29672911722059,#c8102e
19.9548875534558,7.29658871719403,#c8102e
19.9539550844311,7.29644538409335,#c8102e
19.9530230707614,7.29629911933604,#c8102e
19.9520915216637,7.29614992436856,#c8102e
19.9511604463505,7.29599780066635,#c8102e
19.9502298540294,7.29584274973381,#c8102e
19.9492997539034,7.29568477310431,#c8102e
19.9483701551707,7.29552387234013,#c8102e
19.9474410670244,7.29536004903248,#c8102e
19.9465124986526,7.29519330480147,#c8102e
19.9455844592382,7.29502364129609,#c8102e
19.9446569579590,7.29485106019420,#c8102e
19.9437300039872,7.29467556320252,#c8102e
19.9428036064901,7.29449715205662,#c8102e
19.9418777746289,7.29431582852085,#c8102e
19.9409525175597,7.29413159438840,#c8102e
19.9400278444326,7.29394445148122,#c8102e
19.9391037643920,7.29375440165004,#c8102e
19.9381802865765,7.29356144677433,#c8102e
19.9372574201187,7.29336558876229,#c8102e
19.9363351741452,7.29316682955083,#c8102e
19.9354135577765,7.29296517110556,#c8102e
19.9344925801266,7.29276061542074,#c8102e
19.9335722503035,7.29255316451931,#c8102e
19.9326525774087,7.29234282045283,#c8102e
19.9317335705372,7.29212958530145,#c8102e
19.9308152387773,7.29191346117395,#c8102e
19.9298975912107,7.29169445020765,#c8102e
19.9289806369125,7.29147255456843,#c8102e
19.9280643849507,7.29124777645070,#c8102e
19.9271488443864,7.29102011807737,#c8102e
19.9262340242738,7.29078958169984,#c8102e
19.9253199336599,7.29055616959797,#c8102e
19.9244065815845,7.29031988408005,#c8102e
19.9234939770799,7.29008072748280,#c8102e
19.9225821291713,7.28983870217132,#c8102e
19.9216710468764,7.28959381053910,#c8102e
19.9207607392050,7.28934605500795,#c8102e
19.9198512151596,7.28909543802802,#c8102e
19.9189424837349,7.28884196207775,#c8102e
19.9180345539175,7.28858562966387,#c8102e
19.9171274346863,7.28832644332132,#c8102e
19.9162211350122,7.28806440561331,#c8102e
19.9153156638578,7.28779951913121,#c8102e
19.9144110301778,7.28753178649459,#c8102e
19.9135072429183,7.28726121035116,#c8102e
19.9126043110173,7.28698779337673,#c8102e
19.9117022434042,7.28671153827524,#c8102e
19.9108010489998,7.28643244777866,#c8102e
19.9099007367165,7.28615052464702,#c8102e
19.9090013154576,7.28586577166837,#c8102e
19.9081027941180,7.28557819165874,#c8102e
19.9072051815833,7.28528778746210,#c8102e
19.9063084867306,7.28499456195037,#c8102e
19.9054127184273,7.28469851802336,#c8102e
19.9045178855323,7.28439965860876,#c8102e
19.9036239968948,7.28409798666210,#c8102e
19.9027310613547,7.28379350516672,#c8102e
19.9018390877427,7.28348621713376,#c8102e
19.9009480848797,7.28317612560209,#c8102e
19.9000580615774,7.28286323363833,#c8102e
19.8991690266373,7.28254754433677,#c8102e
19.8982809888516,7.28222906081938,#c8102e
19.8973939570023,7.28190778623577,#c8102e
19.8965079398616,7.28158372376314,#c8102e
19.8956229461917,7.28125687660625,#c8102e
19.8947389847446,7.28092724799742,#c8102e
19.8938560642621,7.28059484119646,#c8102e
19.8929741934757,7.28025965949068,#c8102e
19.8920933811066,7.27992170619479,#c8102e
19.8912136358655,7.27958098465095,#c8102e
19.8903349664524,7.27923749822868,#c8102e
19.8894573815569,7.27889125032483,#c8102e
19.8885808898577,7.27854224436359,#c8102e
19.8877055000228,7.27819048379639,#c8102e
19.8868312207092,7.27783597210193,#c8102e
19.8859580605629,7.27747871278610,#c8102e
19.8850860282190,7.27711870938197,#c8102e
19.8842151323014,7.27675596544974,#c8102e
19.8833453814226,7.27639048457673,#c8102e
19.8824767841839,7.27602227037730,#c8102e
19.8816093491752,7.27565132649286,#c8102e
19.8807430849748,7.27527765659181,#c8102e
19.8798780001497,7.27490126436951,#c8102e
19.8790141032548,7.27452215354824,#c8102e
19.8781514028337,7.27414032787716,#c8102e
19.8772899074178,7.27375579113228,#c8102e
19.8764296255268,7.27336854711644,#c8102e
19.8755705656684,7.27297859965923,#c8102e
19.8747127363381,7.27258595261697,#c8102e
19.8738561460192,7.27219060987271,#c8102e
19.8730008031830,7.27179257533613,#c8102e
19.8721467162883,7.27139185294354,#c8102e
19.8712938937813,7.27098844665783,#c8102e
19.8704423440960,7.27058236046842,#c8102e
19.8695920756537,7.27017359839127,#c8102e
19.8687430968629,7.26976216446875,#c8102e
19.8678954161196,7.26934806276970,#c8102e
19.8670490418068,7.26893129738931,#c8102e
19.8662039822945,7.26851187244914,#c8102e
19.8653602459399,7.26808979209702,#c8102e
19.8645178410869,7.26766506050707,#c8102e
19.8636767760665,7.26723768187961,#c8102e
19.8628370591963,7.26680766044114,#c8102e
19.8619986987804,7.26637500044430,#c8102e
19.8611617031098,7.26593970616783,#c8102e
19.8603260804618,7.26550178191651,#c8102e
19.8594918391002,7.26506123202112,#c8102e
19.8586589872751,7.26461806083844,#c8102e
19.8578275332229,7.26417227275114,#c8102e
19.8569974851661,7.26372387216779,#c8102e
19.8561688513134,7.26327286352277,#c8102e
19.8553416398594,7.26281925127629,#c8102e
19.8545158589848,7.26236303991427,#c8102e
19.8536915168559,7.26190423394836,#c8102e
19.8528686216251,7.26144283791585,#c8102e
19.8520471814302,7.26097885637967,#c8102e
19.8512272043947,7.26051229392829,#c8102e
19.8504086986277,7.26004315517572,#c8102e
19.8495916722237,7.25957144476144,#c8102e
19.8487761332626,7.25909716735038,#c8102e
19.8479620898095,7.25862032763283,#c8102e
19.8471495499148,7.25814093032443,#c8102e
19.8463385216141,7.25765898016613,#c8102e
19.8455290129278,7.25717448192410,#c8102e
19.8447210318614,7.25668744038971,#c8102e
19.8439145864055,7.25619786037952,#c8102e
19.8431096845353,7.25570574673514,#c8102e
19.8423063342106,7.25521110432327,#c8102e
19.8415045433762,7.25471393803561,#c8102e
19.8407043199612,7.25421425278882,#c8102e
19.8399056718794,7.25371205352447,#c8102e
19.8391086070288,7.25320734520898,#c8102e
19.8383131332919,7.25270013283362,#c8102e
19.8375192585355,7.25219042141438,#c8102e
19.8367269906105,7.25167821599198,#c8102e
19.8359363373519,7.25116352163181,#c8102e
19.8351473065788,7.25064634342388,#c8102e
19.8343599060941,7.25012668648275,#c8102e
19.8335741436848,7.24960455594748,#c8102e
19.8327900271215,7.24907995698164,#c8102e
19.8320075641587,7.24855289477315,#c8102e
19.8312267625345,7.24802337453434,#c8102e
19.8304476299704,7.24749140150183,#c8102e
19.8296701741716,7.24695698093648,#c8102e
19.8288944028266,7.24642011812339,#c8102e
19.8281203236074,7.24588081837177,#c8102e
19.8273479441690,7.24533908701497,#c8102e
19.8265772721499,7.24479492941037,#c8102e
19.8258083151714,7.24424835093933,#c8102e
19.8250410808381,7.24369935700717,#c8102e
19.8242755767374,7.24314795304309,#c8102e
19.8235118104398,7.24259414450013,#c8102e
19.8227497894982,7.24203793685510,#c8102e
19.8219895214487,7.24147933560854,#c8102e
19.8212310138098,7.24091834628467,#c8102e
19.8204742740827,7.24035497443131,#c8102e
19.8197193097511,7.23978922561985,#c8102e
19.8189661282810,7.23922110544519,#c8102e
19.8182147371209,7.23865061952568,#c8102e
19.8174651437017,7.23807777350305,#c8102e
19.8167173554364,7.23750257304241,#c8102e
19.8159713797200,7.23692502383210,#c8102e
19.8152272239298,7.23634513158373,#c8102e
19.8144848954251,7.23576290203206,#c8102e
19.8137444015470,7.23517834093497,#c8102e
19.8130057496185,7.23459145407340,#c8102e
19.8122689469445,7.23400224725130,#c8102e
19.8115340008113,7.23341072629553,#c8102e
19.8108009184872,7.23281689705587,#c8102e
19.8100697072220,7.23222076540492,#c8102e
19.8093403742467,7.23162233723803,#c8102e
19.8086129267741,7.23102161847327,#c8102e
19.8078873719981,7.23041861505139,#c8102e
19.8071637170940,7.22981333293569,#c8102e
19.8064419692184,7.22920577811204,#c8102e
19.8057221355088,7.22859595658876,#c8102e
19.8050042230839,7.22798387439661,#c8102e
19.8042882390435,7.22736953758868,#c8102e
19.8035741904681,7.22675295224038,#c8102e
19.8028620844192,7.22613412444935,#c8102e
19.8021519279392,7.22551306033540,#c8102e
19.8014437280510,7.22488976604046,#c8102e
19.8007374917583,7.22426424772851,#c8102e
19.8000332260453,7.22363651158553,#c8102e
19.7993309378767,7.22300656381944,#c8102e
19.7986306341977,7.22237441066002,#c8102e
19.7979323219339,7.22174005835886,#c8102e
19.7972360079912,7.22110351318931,#c8102e
19.7965416992556,7.22046478144638,#c8102e
19.7958494025934,7.21982386944674,#c8102e
19.7951591248510,7.21918078352860,#c8102e
19.7944708728549,7.21853553005166,#c8102e
19.7937846534113,7.21788811539707,#c8102e
19.7931004733065,7.21723854596736,#c8102e
19.7924183393067,7.21658682818636,#c8102e
19.7917382581578,7.21593296849913,#c8102e
19.7910602365852,7.21527697337194,#c8102e
19.7903842812943,7.21461884929215,#c8102e
19.7897103989697,7.21395860276821,#c8102e
19.7890385962758,7.21329624032953,#c8102e
19.7883688798562,7.21263176852645,#c8102e
19.7877012563340,7.21196519393018,#c8102e
19.7870357323117,7.21129652313271,#c8102e
19.7863723143707,7.21062576274679,#c8102e
19.7857110090719,7.20995291940579,#c8102e
19.7850518229552,7.20927799976372,#c8102e
19.7843947625394,7.20860101049510,#c8102e
19.7837398343226,7.20792195829492,#c8102e
19.7830870447815,7.20724084987858,#c8102e
19.7824364003719,7.20655769198182,#c8102e
19.7817879075281,7.20587249136062,#c8102e
19.7811415726633,7.20518525479119,#c8102e
19.7804974021695,7.20449598906986,#c8102e
19.7798554024170,7.20380470101303,#c8102e
19.7792155797548,7.20311139745710,#c8102e
19.7785779405103,7.20241608525841,#c8102e
19.7779424909894,7.20171877129314,#c8102e
19.7773092374763,7.20101946245730,#c8102e
19.7766781862335,7.20031816566659,#c8102e
19.7760493435016,7.19961488785641,#c8102e
19.7754227154995,7.19890963598173,#c8102e
19.7747983084242,7.19820241701702,#c8102e
19.7741761284506,7.19749323795626,#c8102e
19.7735561817318,7.19678210581275,#c8102e
19.7729384743985,7.19606902761915,#c8102e
19.7723230125596,7.19535401042736,#c8102e
19.7717098023015,7.19463706130843,#c8102e
19.7710988496885,7.19391818735253,#c8102e
19.7704901607626,7.19319739566888,#c8102e
19.7698837415433,7.19247469338565,#c8102e
19.7692795980277,7.19175008764990,#c8102e
19.7686777361904,7.19102358562752,#c8102e
19.7680781619834,7.19029519450316,#c8102e
19.7674808813361,7.18956492148014,#c8102e
19.7668859001553,7.18883277378040,#c8102e
19.7662932243250,7.18809875864442,#c8102e
19.7657028597062,7.18736288333114,#c8102e
19.7651148121375,7.18662515511790,#c8102e
19.7645290874341,7.18588558130036,#c8102e
19.7639456913885,7.18514416919244,#c8102e
19.7633646297702,7.18440092612623,#c8102e
19.7627859083255,7.18365585945193,#c8102e
19.7622095327775,7.18290897653779,#c8102e
19.7616355088263,7.18216028477000,#c8102e
19.7610638421485,7.18140979155264,#c8102e
19.7604945383977,7.18065750430762,#c8102e
19.7599276032038,7.17990343047458,#c8102e
19.7593630421735,7.17914757751084,#c8102e
19.7588008608899,7.17838995289129,#c8102e
19.7582410649127,7.17763056410836,#c8102e
19.7576836597779,7.17686941867193,#c8102e
19.7571286509978,7.17610652410925,#c8102e
19.7565760440611,7.17534188796484,#c8102e
19.7560258444329,7.17457551780049,#c8102e
19.7554780575541,7.17380742119511,#c8102e
19.7549326888421,7.17303760574468,#c8102e
19.7543897436903,7.17226607906219,#c8102e
19.7538492274679,7.17149284877754,#c8102e
19.7533111455204,7.17071792253750,#c8102e
19.7527755031690,7.16994130800560,#c8102e
19.7522423057109,7.16916301286205,#c8102e
19.7517115584192,7.16838304480371,#c8102e
19.7511832665425,7.16760141154396,#c8102e
19.7506574353053,7.16681812081265,#c8102e
19.7501340699078,7.16603318035605,#c8102e
19.7496131755257,7.16524659793670,#c8102e
19.7490947573103,7.16445838133341,#c8102e
19.7485788203884,7.16366853834115,#c8102e
19.7480653698624,7.16287707677095,#c8102e
19.7475544108100,7.16208400444987,#c8102e
19.7470459482841,7.16128932922090,#c8102e
19.7465399873133,7.16049305894286,#c8102e
19.7460365329010,7.15969520149036,#c8102e
19.7455355900262,7.15889576475371,#c8102e
19.7450371636428,7.15809475663882,#c8102e
19.7445412586800,7.15729218506717,#c8102e
19.7440478800420,7.15648805797567,#c8102e
19.7435570326079,7.15568238331663,#c8102e
19.7430687212320,7.15487516905766,#c8102e
19.7425829507433,7.15406642318160,#c8102e
19.7420997259458,7.15325615368642,#c8102e
19.7416190516182,7.15244436858519,#c8102e
19.7411409325142,7.15163107590594,#c8102e
19.7406653733620,7.15081628369162,#c8102e
19.7401923788647,7.15000000000000,#c8102e
19.7397219536997,7.14918223290362,#c8102e
19.7392541025194,7.14836299048967,#c8102e
19.7387888299505,7.14754228085993,#c8102e
19.7383261405942,7.14672011213072,#c8102e
19.7378660390262,7.14589649243274,#c8102e
19.7374085297967,7.14507142991108,#c8102e
19.7369536174301,7.14424493272509,#c8102e
19.7365013064252,7.14341700904829,#c8102e
19.7360516012551,7.14258766706833,#c8102e
19.7356045063671,7.14175691498686,#c8102e
19.7351600261826,7.14092476101951,#c8102e
19.7347181650974,7.14009121339574,#c8102e
19.7342789274810,7.13925628035882,#c8102e
19.7338423176774,7.13841997016570,#c8102e
19.7334083400043,7.13758229108695,#c8102e
19.7329769987534,7.13674325140669,#c8102e
19.7325482981905,7.13590285942249,#c8102e
19.7321222425551,7.13506112344530,#c8102e
19.7316988360607,7.13421805179935,#c8102e
19.7312780828944,7.13337365282208,#c8102e
19.7308599872173,7.13252793486406,#c8102e
19.7304445531640,7.13168090628890,#c8102e
19.7300317848430,7.13083257547318,#c8102e
19.7296216863362,7.12998295080636,#c8102e
19.7292142616993,7.12913204069068,#c8102e
19.7288095149614,7.12827985354110,#c8102e
19.7284074501252,7.12742639778521,#c8102e
19.7280080711669,7.12657168186316,#c8102e
19.7276113820361,7.12571571422752,#c8102e
19.7272173866558,7.12485850334329,#c8102e
19.7268260889224,7.12400005768774,#c8102e
19.7264374927055,7.12314038575033,#c8102e
19.7260516018481,7.12227949603270,#c8102e
19.7256684201664,7.12141739704848,#c8102e
19.7252879514499,7.12055409732330,#c8102e
19.7249101994612,7.11968960539463,#c8102e
19.7245351679359,7.11882392981175,#c8102e
19.7241628605829,7.11795707913564,#c8102e
19.7237932810841,7.11708906193892,#c8102e
19.7234264330944,7.11621988680571,#c8102e
19.7230623202417,7.11534956233160,#c8102e
19.7227009461268,7.11447809712356,#c8102e
19.7223423143235,7.11360549979983,#c8102e
19.7219864283784,7.11273177898982,#c8102e
19.7216332918110,7.11185694333409,#c8102e
19.7212829081137,7.11098100148421,#c8102e
19.7209352807514,7.11010396210269,#c8102e
19.7205904131620,7.10922583386288,#c8102e
19.7202483087561,7.10834662544893,#c8102e
19.7199089709167,7.10746634555564,#c8102e
19.7195724029999,7.10658500288842,#c8102e
19.7192386083339,7.10570260616319,#c8102e
19.7189075902198,7.10481916410630,#c8102e
19.7185793519312,7.10393468545442,#c8102e
19.7182538967141,7.10304917895449,#c8102e
19.7179312277871,7.10216265336360,#c8102e
19.7176113483411,7.10127511744894,#c8102e
19.7172942615397,7.10038657998766,#c8102e
19.7169799705185,7.09949704976684,#c8102e
19.7166684783858,7.09860653558337,#c8102e
19.7163597882218,7.09771504624387,#c8102e
19.7160539030795,7.09682259056459,#c8102e
19.7157508259839,7.09592917737137,#c8102e
19.7154505599321,7.09503481549949,#c8102e
19.7151531078936,7.09413951379362,#c8102e
19.7148584728100,7.09324328110773,#c8102e
19.7145666575950,7.09234612630499,#c8102e
19.7142776651347,7.09144805825769,#c8102e
19.7139914982868,7.09054908584715,#c8102e
19.7137081598814,7.08964921796364,#c8102e
19.7134276527205,7.08874846350628,#c8102e
19.7131499795782,7.08784683138297,#c8102e
19.7128751432005,7.08694433051026,#c8102e
19.7126031463054,7.08604096981333,#c8102e
19.7123339915826,7.08513675822583,#c8102e
19.7120676816940,7.08423170468985,#c8102e
19.7118042192733,7.08332581815578,#c8102e
19.7115436069259,7.08241910758228,#c8102e
19.7112858472290,7.08151158193612,#c8102e
19.7110309427318,7.08060325019218,#c8102e
19.7107788959552,7.07969412133326,#c8102e
19.7105297093916,7.07878420435009,#c8102e
19.7102833855054,7.07787350824114,#c8102e
19.7100399267326,7.07696204201265,#c8102e
19.7097993354808,7.07604981467842,#c8102e
19.7095616141294,7.07513683525981,#c8102e
19.7093267650292,7.07422311278560,#c8102e
19.7090947905027,7.07330865629193,#c8102e
19.7088656928441,7.07239347482219,#c8102e
19.7086394743189,7.07147757742695,#c8102e
19.7084161371643,7.07056097316385,#c8102e
19.7081956835891,7.06964367109752,#c8102e
19.7079781157732,7.06872568029950,#c8102e
19.7077634358684,7.06780700984813,#c8102e
19.7075516459976,7.06688766882849,#c8102e
19.7073427482554,7.06596766633227,#c8102e
19.7071367447077,7.06504701145772,#c8102e
19.7069336373916,7.06412571330951,#c8102e
19.7067334283157,7.06320378099872,#c8102e
19.7065361194600,7.06228122364266,#c8102e
19.7063417127758,7.06135805036484,#c8102e
19.7061502101857,7.06043427029485,#c8102e
19.7059616135833,7.05950989256830,#c8102e
19.7057759248340,7.05858492632670,#c8102e
19.7055931457739,7.05765938071737,#c8102e
19.7054132782107,7.05673326489338,#c8102e
19.7052363239232,7.05580658801341,#c8102e
19.7050622846613,7.05487935924172,#c8102e
19.7048911621461,7.05395158774800,#c8102e
19.7047229580700,7.05302328270734,#c8102e
19.7045576740963,7.05209445330008,#c8102e
19.7043953118597,7.05116510871175,#c8102e
19.7042358729658,7.05023525813297,#c8102e
19.7040793589913,7.04930491075939,#c8102e
19.7039257714841,7.04837407579155,#c8102e
19.7037751119630,7.04744276243480,#c8102e
19.7036273819179,7.04651097989926,#c8102e
19.7034825828100,7.04557873739966,#c8102e
19.7033407160710,7.04464604415527,#c8102e
19.7032017831040,7.04371290938986,#c8102e
19.7030657852829,7.04277934233153,#c8102e
19.7029327239526,7.04184535221266,#c8102e
19.7028026004292,7.04091094826983,#c8102e
19.7026754159993,7.03997613974369,#c8102e
19.7025511719208,7.03904093587891,#c8102e
19.7024298694223,7.03810534592406,#c8102e
19.7023115097036,7.03716937913154,#c8102e
19.7021960939349,7.03623304475745,#c8102e
19.7020836232579,7.03529635206155,#c8102e
19.7019740987847,7.03435931030714,#c8102e
19.7018675215984,7.03342192876097,#c8102e
19.7017638927530,7.03248421669314,#c8102e
19.7016632132734,7.03154618337703,#c8102e
19.7015654841552,7.03060783808920,#c8102e
19.7014707063649,7.02966919010928,#c8102e
19.7013788808398,7.02873024871990,#c8102e
19.7012900084879,7.02779102320661,#c8102e
19.7012040901883,7.02685152285774,#c8102e
19.7011211267904,7.02591175696436,#c8102e
19.7010411191149,7.02497173482015,#c8102e
19.7009640679529,7.02403146572134,#c8102e
19.7008899740664,7.02309095896659,#c8102e
19.7008188381882,7.02215022385692,#c8102e
19.7007506610217,7.02120926969560,#c8102e
19.7006854432411,7.02026810578806,#c8102e
19.7006231854915,7.01932674144183,#c8102e
19.7005638883886,7.01838518596639,#c8102e
19.7005075525186,7.01744344867314,#c8102e
19.7004541784388,7.01650153887526,#c8102e
19.7004037666771,7.01555946588763,#c8102e
19.7003563177318,7.01461723902676,#c8102e
19.7003118320724,7.01367486761068,#c8102e
19.7002703101386,7.01273236095884,#c8102e
19.7002317523412,7.01178972839204,#c8102e
19.7001961590614,7.01084697923231,#c8102e
19.7001635306513,7.00990412280283,#c8102e
19.7001338674335,7.00896116842788,#c8102e
19.7001071697013,7.00801812543265,#c8102e
19.7000834377189,7.00707500314326,#c8102e
19.7000626717208,7.00613181088657,#c8102e
19.7000448719125,7.00518855799017,#c8102e
19.7000300384700,7.00424525378223,#c8102e
19.7000181715399,7.00330190759142,#c8102e
19.7000092712397,7.00235852874684,#c8102e
19.7000033376573,7.00141512657791,#c8102e
19.7000003708514,7.00047171041428,#c8102e
19.7000003708514,6.99952828958572,#c8102e
19.7000033376573,6.99858487342209,#c8102e
19.7000092712397,6.99764147125316,#c8102e
19.7000181715399,6.99669809240858,#c8102e
19.7000300384700,6.99575474621777,#c8102e
19.7000448719125,6.99481144200983,#c8102e
19.7000626717208,6.99386818911343,#c8102e
19.7000834377189,6.99292499685674,#c8102e
19.7001071697013,6.99198187456735,#c8102e
19.7001338674335,6.99103883157212,#c8102e
19.7001635306513,6.99009587719717,#c8102e
19.7001961590614,6.98915302076769,#c8102e
19.7002317523412,6.98821027160796,#c8102e
19.7002703101386,6.98726763904116,#c8102e
19.7003118320724,6.98632513238932,#c8102e
19.7003563177318,6.98538276097324,#c8102e
19.7004037666771,6.98444053411237,#c8102e
19.7004541784388,6.98349846112474,#c8102e
19.7005075525186,6.98255655132686,#c8102e
19.7005638883886,6.98161481403361,#c8102e
19.7006231854915,6.98067325855817,#c8102e
19.7006854432411,6.97973189421194,#c8102e
19.7007506610217,6.97879073030440,#c8102e
19.7008188381882,6.97784977614308,#c8102e
19.7008899740664,6.97690904103341,#c8102e
19.7009640679529,6.97596853427866,#c8102e
19.7010411191149,6.97502826517985,#c8102e
19.7011211267904,6.97408824303564,#c8102e
19.7012040901883,6.97314847714226,#c8102e
19.7012900084879,6.97220897679339,#c8102e
19.7013788808398,6.97126975128010,#c8102e
19.7014707063649,6.97033080989072,#c8102e
19.7015654841552,6.96939216191080,#c8102e
19.7016632132734,6.96845381662297,#c8102e
19.7017638927530,6.96751578330686,#c8102e
19.7018675215984,6.96657807123903,#c8102e
19.7019740987847,6.96564068969286,#c8102e
19.7020836232579,6.96470364793845,#c8102e
19.7021960939349,6.96376695524255,#c8102e
19.7023115097036,6.96283062086846,#c8102e
19.7024298694223,6.96189465407594,#c8102e
19.7025511719208,6.96095906412109,#c8102e
19.7026754159993,6.96002386025631,#c8102e
19.7028026004292,6.95908905173017,#c8102e
19.7029327239526,6.95815464778734,#c8102e
19.7030657852829,6.95722065766847,#c8102e
19.7032017831040,6.95628709061014,#c8102e
19.7033407160710,6.95535395584473,#c8102e
19.7034825828100,6.95442126260034,#c8102e
19.7036273819179,6.95348902010074,#c8102e
19.7037751119630,6.95255723756520,#c8102e
19.7039257714841,6.95162592420845,#c8102e
19.7040793589913,6.95069508924061,#c8102e
19.7042358729658,6.94976474186703,#c8102e
19.7043953118597,6.94883489128825,#c8102e
19.7045576740963,6.94790554669992,#c8102e
19.7047229580700,6.94697671729266,#c8102e
19.7048911621461,6.94604841225200,#c8102e
19.7050622846613,6.94512064075828,#c8102e
19.7052363239232,6.94419341198659,#c8102e
19.7054132782107,6.94326673510662,#c8102e
19.7055931457739,6.94234061928263,#c8102e
19.7057759248340,6.94141507367330,#c8102e
19.7059616135833,6.94049010743170,#c8102e
19.7061502101857,6.93956572970515,#c8102e
19.7063417127758,6.93864194963516,#c8102e
19.7065361194600,6.93771877635734,#c8102e
19.7067334283157,6.93679621900128,#c8102e
19.7069336373916,6.93587428669049,#c8102e
19.7071367447077,6.93495298854228,#c8102e
19.7073427482554,6.93403233366773,#c8102e
19.7075516459976,6.93311233117151,#c8102e
19.7077634358684,6.93219299015187,#c8102e
19.7079781157732,6.93127431970050,#c8102e
19.7081956835891,6.93035632890248,#c8102e
19.7084161371643,6.92943902683615,#c8102e
19.7086394743189,6.92852242257305,#c8102e
19.7088656928441,6.92760652517781,#c8102e
19.7090947905027,6.92669134370807,#c8102e
19.7093267650292,6.92577688721440,#c8102e
19.7095616141294,6.92486316474019,#c8102e
19.7097993354808,6.92395018532158,#c8102e
19.7100399267326,6.92303795798735,#c8102e
19.7102833855054,6.92212649175886,#c8102e
19.7105297093916,6.92121579564992,#c8102e
19.7107788959552,6.92030587866674,#c8102e
19.7110309427318,6.91939674980782,#c8102e
19.7112858472290,6.91848841806388,#c8102e
19.7115436069259,6.91758089241773,#c8102e
19.7118042192733,6.91667418184422,#c8102e
19.7120676816940,6.91576829531015,#c8102e
19.7123339915826,6.91486324177417,#c8102e
19.7126031463054,6.91395903018667,#c8102e
19.7128751432005,6.91305566948974,#c8102e
19.7131499795782,6.91215316861703,#c8102e
19.7134276527205,6.91125153649372,#c8102e
19.7137081598814,6.91035078203636,#c8102e
19.7139914982868,6.90945091415285,#c8102e
19.7142776651347,6.90855194174231,#c8102e
19.7145666575950,6.90765387369501,#c8102e
19.7148584728100,6.90675671889227,#c8102e
19.7151531078936,6.90586048620638,#c8102e
19.7154505599321,6.90496518450051,#c8102e
19.7157508259839,6.90407082262863,#c8102e
19.7160539030795,6.90317740943541,#c8102e
19.7163597882218,6.90228495375613,#c8102e
19.7166684783858,6.90139346441663,#c8102e
19.7169799705185,6.90050295023316,#c8102e
19.7172942615397,6.89961342001234,#c8102e
19.7176113483411,6.89872488255106,#c8102e
19.7179312277871,6.89783734663640,#c8102e
19.7182538967141,6.89695082104551,#c8102e
19.7185793519312,6.89606531454558,#c8102e
19.7189075902198,6.89518083589370,#c8102e
19.7192386083339,6.89429739383681,#c8102e
19.7195724029999,6.89341499711158,#c8102e
19.7199089709167,6.89253365444436,#c8102e
19.7202483087561,6.89165337455107,#c8102e
19.7205904131620,6.89077416613712,#c8102e
19.7209352807514,6.88989603789731,#c8102e
19.7212829081137,6.88901899851579,#c8102e
19.7216332918110,6.88814305666591,#c8102e
19.7219864283784,6.88726822101018,#c8102e
19.7223423143235,6.88639450020017,#c8102e
19.7227009461268,6.88552190287644,#c8102e
19.7230623202417,6.88465043766840,#c8102e
19.7234264330944,6.88378011319429,#c8102e
19.7237932810841,6.88291093806108,#c8102e
19.7241628605829,6.88204292086436,#c8102e
19.7245351679359,6.88117607018825,#c8102e
19.7249101994612,6.88031039460537,#c8102e
19.7252879514499,6.87944590267670,#c8102e
19.7256684201664,6.87858260295152,#c8102e
19.7260516018481,6.87772050396730,#c8102e
19.7264374927055,6.87685961424967,#c8102e
19.7268260889224,6.87599994231226,#c8102e
19.7272173866558,6.87514149665671,#c8102e
19.7276113820361,6.87428428577248,#c8102e
19.7280080711669,6.87342831813684,#c8102e
19.7284074501252,6.87257360221479,#c8102e
19.7288095149614,6.87172014645890,#c8102e
19.7292142616993,6.87086795930932,#c8102e
19.7296216863362,6.87001704919364,#c8102e
19.7300317848430,6.86916742452682,#c8102e
19.7304445531640,6.86831909371110,#c8102e
19.7308599872173,6.86747206513594,#c8102e
19.7312780828944,6.86662634717792,#c8102e
19.7316988360607,6.86578194820065,#c8102e
19.7321222425551,6.86493887655470,#c8102e
19.7325482981905,6.86409714057751,#c8102e
19.7329769987534,6.86325674859331,#c8102e
19.7334083400043,6.86241770891305,#c8102e
19.7338423176774,6.86158002983430,#c8102e
19.7342789274810,6.86074371964118,#c8102e
19.7347181650974,6.85990878660426,#c8102e
19.7351600261826,6.85907523898049,#c8102e
19.7356045063671,6.85824308501314,#c8102e
19.7360516012551,6.85741233293167,#c8102e
19.7365013064252,6.85658299095171,#c8102e
19.7369536174301,6.85575506727491,#c8102e
19.7374085297967,6.85492857008892,#c8102e
19.7378660390262,6.85410350756726,#c8102e
19.7383261405942,6.85327988786929,#c8102e
19.7387888299505,6.85245771914007,#c8102e
19.7392541025194,6.85163700951033,#c8102e
19.7397219536997,6.85081776709638,#c8102e
19.7401923788647,6.85000000000000,#c8102e
19.7406653733620,6.84918371630838,#c8102e
19.7411409325142,6.84836892409406,#c8102e
19.7416190516182,6.84755563141481,#c8102e
19.7420997259458,6.84674384631358,#c8102e
19.7425829507433,6.84593357681840,#c8102e
19.7430687212320,6.84512483094234,#c8102e
19.7435570326079,6.84431761668337,#c8102e
19.7440478800420,6.84351194202433,#c8102e
19.7445412586800,6.84270781493283,#c8102e
19.7450371636428,6.84190524336118,#c8102e
19.7455355900262,6.84110423524629,#c8102e
19.7460365329010,6.84030479850964,#c8102e
19.7465399873133,6.83950694105714,#c8102e
19.7470459482841,6.83871067077910,#c8102e
19.7475544108100,6.83791599555013,#c8102e
19.7480653698624,6.83712292322905,#c8102e
19.7485788203884,6.83633146165885,#c8102e
19.7490947573103,6.83554161866659,#c8102e
19.7496131755257,6.83475340206330,#c8102e
19.7501340699078,6.83396681964395,#c8102e
19.7506574353053,6.83318187918735,#c8102e
19.7511832665425,6.83239858845604,#c8102e
19.7517115584192,6.83161695519629,#c8102e
19.7522423057109,6.83083698713795,#c8102e
19.7527755031690,6.83005869199440,#c8102e
19.7533111455204,6.82928207746250,#c8102e
19.7538492274679,6.82850715122246,#c8102e
19.7543897436903,6.82773392093781,#c8102e
19.7549326888421,6.82696239425532,#c8102e
19.7554780575541,6.82619257880489,#c8102e
19.7560258444329,6.82542448219951,#c8102e
19.7565760440611,6.82465811203516,#c8102e
19.7571286509978,6.82389347589075,#c8102e
19.7576836597779,6.82313058132807,#c8102e
19.7582410649127,6.82236943589164,#c8102e
19.7588008608899,6.82161004710871,#c8102e
19.7593630421735,6.82085242248916,#c8102e
19.7599276032038,6.82009656952542,#c8102e
19.7604945383977,6.81934249569238,#c8102e
19.7610638421485,6.81859020844736,#c8102e
19.7616355088263,6.81783971523000,#c8102e
19.7622095327775,6.81709102346221,#c8102e
19.7627859083255,6.81634414054807,#c8102e
19.7633646297702,6.81559907387377,#c8102e
19.7639456913885,6.81485583080756,#c8102e
19.7645290874341,6.81411441869964,#c8102e
19.7651148121375,6.81337484488210,#c8102e
19.7657028597062,6.81263711666886,#c8102e
19.7662932243250,6.81190124135558,#c8102e
19.7668859001553,6.81116722621960,#c8102e
19.7674808813361,6.81043507851986,#c8102e
19.7680781619834,6.80970480549684,#c8102e
19.7686777361904,6.80897641437248,#c8102e
19.7692795980277,6.80824991235010,#c8102e
19.7698837415433,6.80752530661435,#c8102e
19.7704901607626,6.80680260433112,#c8102e
19.7710988496885,6.80608181264747,#c8102e
19.7717098023015,6.80536293869157,#c8102e
19.7723230125596,6.80464598957264,#c8102e
19.7729384743985,6.80393097238085,#c8102e
19.7735561817318,6.80321789418725,#c8102e
19.7741761284506,6.80250676204374,#c8102e
19.7747983084242,6.80179758298298,#c8102e
19.7754227154995,6.80109036401827,#c8102e
19.7760493435016,6.80038511214359,#c8102e
19.7766781862335,6.79968183433341,#c8102e
19.7773092374763,6.79898053754270,#c8102e
19.7779424909894,6.79828122870686,#c8102e
19.7785779405103,6.79758391474159,#c8102e
19.7792155797548,6.79688860254290,#c8102e
19.7798554024170,6.79619529898697,#c8102e
19.7804974021695,6.79550401093014,#c8102e
19.7811415726633,6.79481474520881,#c8102e
19.7817879075281,6.79412750863938,#c8102e
19.7824364003719,6.79344230801818,#c8102e
19.7830870447815,6.79275915012142,#c8102e
19.7837398343226,6.79207804170508,#c8102e
19.7843947625394,6.79139898950490,#c8102e
19.7850518229552,6.79072200023628,#c8102e
19.7857110090719,6.79004708059421,#c8102e
19.7863723143707,6.78937423725321,#c8102e
19.7870357323117,6.78870347686729,#c8102e
19.7877012563340,6.78803480606982,#c8102e
19.7883688798562,6.78736823147355,#c8102e
19.7890385962758,6.78670375967047,#c8102e
19.7897103989697,6.78604139723179,#c8102e
19.7903842812943,6.78538115070785,#c8102e
19.7910602365852,6.78472302662806,#c8102e
19.7917382581578,6.78406703150087,#c8102e
19.7924183393067,6.78341317181364,#c8102e
19.7931004733065,6.78276145403264,#c8102e
19.7937846534113,6.78211188460293,#c8102e
19.7944708728549,6.78146446994834,#c8102e
19.7951591248510,6.78081921647140,#c8102e
19.7958494025934,6.78017613055326,#c8102e
19.7965416992556,6.77953521855362,#c8102e
19.7972360079912,6.77889648681069,#c8102e
19.7979323219339,6.77825994164114,#c8102e
19.7986306341977,6.77762558933998,#c8102e
19.7993309378767,6.77699343618056,#c8102e
19.8000332260453,6.77636348841447,#c8102e
19.8007374917583,6.77573575227149,#c8102e
19.8014437280510,6.77511023395954,#c8102e
19.8021519279392,6.77448693966460,#c8102e
19.8028620844192,6.77386587555065,#c8102e
19.8035741904681,6.77324704775962,#c8102e
19.8042882390435,6.77263046241132,#c8102e
19.8050042230839,6.77201612560339,#c8102e
19.8057221355088,6.77140404341124,#c8102e
19.8064419692184,6.77079422188796,#c8102e
19.8071637170940,6.77018666706431,#c8102e
19.8078873719981,6.76958138494861,#c8102e
19.8086129267741,6.76897838152673,#c8102e
19.8093403742467,6.76837766276197,#c8102e
19.8100697072220,6.76777923459508,#c8102e
19.8108009184872,6.76718310294413,#c8102e
19.8115340008113,6.76658927370447,#c8102e
19.8122689469445,6.76599775274870,#c8102e
19.8130057496185,6.76540854592660,#c8102e
19.8137444015470,6.76482165906503,#c8102e
19.8144848954251,6.76423709796794,#c8102e
19.8152272239298,6.76365486841627,#c8102e
19.8159713797200,6.76307497616790,#c8102e
19.8167173554364,6.76249742695759,#c8102e
19.8174651437017,6.76192222649695,#c8102e
19.8182147371209,6.76134938047432,#c8102e
19.8189661282810,6.76077889455481,#c8102e
19.8197193097511,6.76021077438015,#c8102e
19.8204742740827,6.75964502556869,#c8102e
19.8212310138098,6.75908165371533,#c8102e
19.8219895214487,6.75852066439146,#c8102e
19.8227497894982,6.75796206314490,#c8102e
19.8235118104398,6.75740585549987,#c8102e
19.8242755767374,6.75685204695691,#c8102e
19.8250410808381,6.75630064299283,#c8102e
19.8258083151714,6.75575164906067,#c8102e
19.8265772721499,6.75520507058963,#c8102e
19.8273479441690,6.75466091298503,#c8102e
19.8281203236074,6.75411918162823,#c8102e
19.8288944028266,6.75357988187661,#c8102e
19.8296701741716,6.75304301906352,#c8102e
19.8304476299704,6.75250859849817,#c8102e
19.8312267625345,6.75197662546566,#c8102e
19.8320075641587,6.75144710522685,#c8102e
19.8327900271215,6.75092004301836,#c8102e
19.8335741436848,6.75039544405252,#c8102e
19.8343599060941,6.74987331351725,#c8102e
19.8351473065788,6.74935365657612,#c8102e
19.8359363373519,6.74883647836819,#c8102e
19.8367269906105,6.74832178400802,#c8102e
19.8375192585355,6.74780957858562,#c8102e
19.8383131332919,6.74729986716638,#c8102e
19.8391086070288,6.74679265479102,#c8102e
19.8399056718794,6.74628794647553,#c8102e
19.8407043199612,6.74578574721118,#c8102e
19.8415045433762,6.74528606196439,#c8102e
19.8423063342106,6.74478889567673,#c8102e
19.8431096845353,6.74429425326486,#c8102e
19.8439145864055,6.74380213962048,#c8102e
19.8447210318614,6.74331255961029,#c8102e
19.8455290129278,6.74282551807590,#c8102e
19.8463385216141,6.74234101983387,#c8102e
19.8471495499148,6.74185906967557,#c8102e
19.8479620898095,6.74137967236717,#c8102e
19.8487761332626,6.74090283264962,#c8102e
19.8495916722237,6.74042855523856,#c8102e
19.8504086986277,6.73995684482428,#c8102e
19.8512272043947,6.73948770607171,#c8102e
19.8520471814302,6.73902114362033,#c8102e
19.8528686216251,6.73855716208415,#c8102e
19.8536915168559,6.73809576605164,#c8102e
19.8545158589848,6.73763696008573,#c8102e
19.8553416398594,6.73718074872371,#c8102e
19.8561688513134,6.73672713647723,#c8102e
19.8569974851661,6.73627612783221,#c8102e
19.8578275332229,6.73582772724886,#c8102e
19.8586589872751,6.73538193916156,#c8102e
19.8594918391002,6.73493876797888,#c8102e
19.8603260804618,6.73449821808349,#c8102e
19.8611617031098,6.73406029383217,#c8102e
19.8619986987804,6.73362499955570,#c8102e
19.8628370591963,6.73319233955886,#c8102e
19.8636767760665,6.73276231812039,#c8102e
19.8645178410869,6.73233493949293,#c8102e
19.8653602459399,6.73191020790298,#c8102e
19.8662039822945,6.73148812755086,#c8102e
19.8670490418068,6.73106870261069,#c8102e
19.8678954161196,6.73065193723030,#c8102e
19.8687430968629,6.73023783553125,#c8102e
19.8695920756537,6.72982640160873,#c8102e
19.8704423440960,6.72941763953158,#c8102e
19.8712938937813,6.72901155334217,#c8102e
19.8721467162883,6.72860814705646,#c8102e
19.8730008031830,6.72820742466387,#c8102e
19.8738561460192,6.72780939012729,#c8102e
19.8747127363381,6.72741404738303,#c8102e
19.8755705656684,6.72702140034077,#c8102e
19.8764296255268,6.72663145288356,#c8102e
19.8772899074178,6.72624420886772,#c8102e
19.8781514028337,6.72585967212284,#c8102e
19.8790141032548,6.72547784645176,#c8102e
19.8798780001497,6.72509873563049,#c8102e
19.8807430849748,6.72472234340819,#c8102e
19.8816093491752,6.72434867350714,#c8102e
19.8824767841839,6.72397772962270,#c8102e
19.8833453814226,6.72360951542327,#c8102e
19.8842151323014,6.72324403455026,#c8102e
19.8850860282190,6.72288129061803,#c8102e
19.8859580605629,6.72252128721390,#c8102e
19.8868312207092,6.72216402789807,#c8102e
19.8877055000228,6.72180951620361,#c8102e
19.8885808898577,6.72145775563641,#c8102e
19.8894573815569,6.72110874967517,#c8102e
19.8903349664524,6.72076250177132,#c8102e
19.8912136358655,6.72041901534905,#c8102e
19.8920933811066,6.72007829380521,#c8102e
19.8929741934757,6.71974034050932,#c8102e
19.8938560642621,6.71940515880354,#c8102e
19.8947389847446,6.71907275200258,#c8102e
19.8956229461917,6.71874312339375,#c8102e
19.8965079398616,6.71841627623686,#c8102e
19.8973939570023,6.71809221376423,#c8102e
19.8982809888516,6.71777093918062,#c8102e
19.8991690266373,6.71745245566323,#c8102e
19.9000580615774,6.71713676636167,#c8102e
19.9009480848797,6.71682387439791,#c8102e
19.9018390877427,6.71651378286624,#c8102e
19.9027310613547,6.71620649483328,#c8102e
19.9036239968948,6.71590201333790,#c8102e
19.9045178855323,6.71560034139124,#c8102e
19.9054127184273,6.71530148197664,#c8102e
19.9063084867306,6.71500543804963,#c8102e
19.9072051815833,6.71471221253790,#c8102e
19.9081027941180,6.71442180834126,#c8102e
19.9090013154576,6.71413422833163,#c8102e
19.9099007367165,6.71384947535298,#c8102e
19.9108010489998,6.71356755222134,#c8102e
19.9117022434042,6.71328846172476,#c8102e
19.9126043110173,6.71301220662327,#c8102e
19.9135072429183,6.71273878964884,#c8102e
19.9144110301778,6.71246821350541,#c8102e
19.9153156638578,6.71220048086879,#c8102e
19.9162211350122,6.71193559438669,#c8102e
19.9171274346863,6.71167355667868,#c8102e
19.9180345539175,6.71141437033613,#c8102e
19.9189424837349,6.71115803792225,#c8102e
19.9198512151596,6.71090456197198,#c8102e
19.9207607392050,6.71065394499205,#c8102e
19.9216710468764,6.71040618946090,#c8102e
19.9225821291713,6.71016129782868,#c8102e
19.9234939770799,6.70991927251720,#c8102e
19.9244065815845,6.70968011591995,#c8102e
19.9253199336599,6.70944383040203,#c8102e
19.9262340242738,6.70921041830016,#c8102e
19.9271488443864,6.70897988192263,#c8102e
19.9280643849507,6.70875222354930,#c8102e
19.9289806369125,6.70852744543157,#c8102e
19.9298975912107,6.70830554979235,#c8102e
19.9308152387773,6.70808653882605,#c8102e
19.9317335705372,6.70787041469855,#c8102e
19.9326525774087,6.70765717954717,#c8102e
19.9335722503035,6.70744683548069,#c8102e
19.9344925801266,6.70723938457926,#c8102e
19.9354135577765,6.70703482889444,#c8102e
19.9363351741452,6.70683317044917,#c8102e
19.9372574201187,6.70663441123771,#c8102e
19.9381802865765,6.70643855322567,#c8102e
19.9391037643920,6.70624559834996,#c8102e
19.9400278444326,6.70605554851878,#c8102e
19.9409525175597,6.70586840561160,#c8102e
19.9418777746289,6.70568417147915,#c8102e
19.9428036064901,6.70550284794338,#c8102e
19.9437300039872,6.70532443679748,#c8102e
19.9446569579590,6.70514893980580,#c8102e
19.9455844592382,6.70497635870391,#c8102e
19.9465124986526,6.70480669519853,#c8102e
19.9474410670244,6.70463995096752,#c8102e
19.9483701551707,6.70447612765987,#c8102e
19.9492997539034,6.70431522689569,#c8102e
19.9502298540294,6.70415725026619,#c8102e
19.9511604463505,6.70400219933365,#c8102e
19.9520915216637,6.70385007563144,#c8102e
19.9530230707614,6.70370088066396,#c8102e
19.9539550844311,6.70355461590665,#c8102e
19.9548875534558,6.70341128280597,#c8102e
19.9558204686140,6.70327088277941,#c8102e
19.9567538206796,6.70313341721543,#c8102e
19.9576876004225,6.70299888747347,#c8102e
19.9586217986082,6.70286729488395,#c8102e
19.9595564059980,6.70273864074824,#c8102e
19.9604914133493,6.70261292633864,#c8102e
19.9614268114154,6.70249015289840,#c8102e
19.9623625909459,6.70237032164165,#c8102e
19.9632987426865,6.70225343375346,#c8102e
19.9642352573791,6.70213949038977,#c8102e
19.9651721257624,6.70202849267742,#c8102e
19.9661093385713,6.70192044171409,#c8102e
19.9670468865373,6.70181533856834,#c8102e
19.9679847603886,6.70171318427959,#c8102e
19.9689229508503,6.70161397985806,#c8102e
19.9698614486443,6.70151772628482,#c8102e
19.9708002444895,6.70142442451177,#c8102e
19.9717393291017,6.70133407546160,#c8102e
19.9726786931940,6.70124668002780,#c8102e
19.9736183274767,6.70116223907466,#c8102e
19.9745582226573,6.70108075343724,#c8102e
19.9754983694410,6.70100222392139,#c8102e
19.9764387585303,6.70092665130372,#c8102e
19.9773793806253,6.70085403633159,#c8102e
19.9783202264238,6.70078437972311,#c8102e
19.9792612866216,6.70071768216714,#c8102e
19.9802025519120,6.70065394432329,#c8102e
19.9811440129867,6.70059316682188,#c8102e
19.9820856605350,6.70053535026395,#c8102e
19.9830274852449,6.70048049522129,#c8102e
19.9839694778021,6.70042860223636,#c8102e
19.9849116288910,6.70037967182236,#c8102e
19.9858539291943,6.70033370446318,#c8102e
19.9867963693933,6.70029070061341,#c8102e
19.9877389401678,6.70025066069832,#c8102e
19.9886816321964,6.70021358511390,#c8102e
19.9896244361565,6.70017947422678,#c8102e
19.9905673427243,6.70014832837431,#c8102e
19.9915103425751,6.70012014786450,#c8102e
19.9924534263832,6.70009493297604,#c8102e
19.9933965848221,6.70007268395828,#c8102e
19.9943398085647,6.70005340103126,#c8102e
19.9952830882829,6.70003708438566,#c8102e
19.9962264146484,6.70002373418286,#c8102e
19.9971697783322,6.70001335055488,#c8102e
19.9981131700052,6.70000593360439,#c8102e
19.9990565803377,6.70000148340477,#c8102e
20.0000000000000,6.70000000000000,#c8102e
20.0000000000000,6.75000000000000,#c8102e
20.0000000000000,6.75000000000000,#c8102e
19.9992138169481,6.75000123617064,#c8102e
19.9984276416710,6.75000494467033,#c8102e
19.9976414819435,6.75001112546240,#c8102e
19.9968553455403,6.75001977848572,#c8102e
19.9960692402357,6.75003090365472,#c8102e
19.9952831738039,6.75004450085938,#c8102e
19.9944971540184,6.75006056996523,#c8102e
19.9937111886527,6.75007911081337,#c8102e
19.9929252854792,6.75010012322042,#c8102e
19.9921394522702,6.75012360697859,#c8102e
19.9913536967970,6.75014956185565,#c8102e
19.9905680268303,6.75017798759492,#c8102e
19.9897824501398,6.75020888391527,#c8102e
19.9889969744944,6.75024225051117,#c8102e
19.9882116076619,6.75027808705265,#c8102e
19.9874263574092,6.75031639318530,#c8102e
19.9866412315017,6.75035716853030,#c8102e
19.9858562377041,6.75040041268440,#c8102e
19.9850713837792,6.75044612521996,#c8102e
19.9842866774889,6.75049430568490,#c8102e
19.9835021265933,6.75054495360274,#c8102e
19.9827177388513,6.75059806847262,#c8102e
19.9819335220199,6.75065364976926,#c8102e
19.9811494838544,6.75071169694299,#c8102e
19.9803656321086,6.75077220941977,#c8102e
19.9795819745342,6.75083518660116,#c8102e
19.9787985188811,6.75090062786437,#c8102e
19.9780152728972,6.75096853256221,#c8102e
19.9772322443283,6.75103890002316,#c8102e
19.9764494409181,6.75111172955133,#c8102e
19.9756668704079,6.75118702042648,#c8102e
19.9748845405370,6.75126477190402,#c8102e
19.9741024590419,6.75134498321505,#c8102e
19.9733206336572,6.75142765356632,#c8102e
19.9725390721144,6.75151278214029,#c8102e
19.9717577821427,6.75160036809507,#c8102e
19.9709767714687,6.75169041056451,#c8102e
19.9701960478160,6.75178290865814,#c8102e
19.9694156189054,6.75187786146122,#c8102e
19.9686354924549,6.75197526803471,#c8102e
19.9678556761795,6.75207512741533,#c8102e
19.9670761777911,6.75217743861554,#c8102e
19.9662970049984,6.75228220062353,#c8102e
19.9655181655068,6.75238941240329,#c8102e
19.9647396670188,6.75249907289456,#c8102e
19.9639615172330,6.75261118101286,#c8102e
19.9631837238450,6.75272573564951,#c8102e
19.9624062945465,6.75284273567164,#c8102e
19.9616292370259,6.75296217992221,#c8102e
19.9608525589679,6.75308406721996,#c8102e
19.9600762680531,6.75320839635953,#c8102e
19.9593003719587,6.75333516611138,#c8102e
19.9585248783578,6.75346437522182,#c8102e
19.9577497949195,6.75359602241307,#c8102e
19.9569751293090,6.75373010638322,#c8102e
19.9562008891870,6.75386662580626,#c8102e
19.9554270822105,6.75400557933211,#c8102e
19.9546537160318,6.75414696558660,#c8102e
19.9538807982991,6.75429078317150,#c8102e
19.9531083366560,6.75443703066456,#c8102e
19.9523363387417,6.75458570661949,#c8102e
19.9515648121908,6.75473680956596,#c8102e
19.9507937646331,6.75489033800967,#c8102e
19.9500232036938,6.75504629043232,#c8102e
19.9492531369933,6.75520466529164,#c8102e
19.9484835721471,6.75536546102139,#c8102e
19.9477145167656,6.75552867603143,#c8102e
19.9469459784544,6.75569430870764,#c8102e
19.9461779648137,6.75586235741204,#c8102e
19.9454104834388,6.75603282048272,#c8102e
19.9446435419196,6.75620569623391,#c8102e
19.9438771478406,6.75638098295598,#c8102e
19.9431113087810,6.75655867891546,#c8102e
19.9423460323144,6.75673878235504,#c8102e
19.9415813260089,6.75692129149363,#c8102e
19.9408171974271,6.75710620452631,#c8102e
19.9400536541256,6.75729351962442,#c8102e
19.9392907036554,6.75748323493552,#c8102e
19.9385283535615,6.75767534858347,#c8102e
19.9377666113833,6.75786985866836,#c8102e
19.9370054846537,6.75806676326663,#c8102e
19.9362449808999,6.75826606043100,#c8102e
19.9354851076428,6.75846774819056,#c8102e
19.9347258723970,6.75867182455075,#c8102e
19.9339672826708,6.75887828749337,#c8102e
19.9332093459664,6.75908713497665,#c8102e
19.9324520697791,6.75929836493520,#c8102e
19.9316954615979,6.75951197528011,#c8102e
19.9309395289052,6.75972796389890,#c8102e
19.9301842791768,6.75994632865558,#c8102e
19.9294297198815,6.76016706739066,#c8102e
19.9286758584815,6.76039017792117,#c8102e
19.9279227024319,6.76061565804070,#c8102e
19.9271702591811,6.76084350551939,#c8102e
19.9264185361702,6.76107371810397,#c8102e
19.9256675408332,6.76130629351779,#c8102e
19.9249172805971,6.76154122946082,#c8102e
19.9241677628813,6.76177852360969,#c8102e
19.9234189950983,6.76201817361772,#c8102e
19.9226709846528,6.76226017711492,#c8102e
19.9219237389421,6.76250453170803,#c8102e
19.9211772653561,6.76275123498054,#c8102e
19.9204315712769,6.76300028449270,#c8102e
19.9196866640790,6.76325167778158,#c8102e
19.9189425511289,6.76350541236106,#c8102e
19.9181992397856,6.76376148572187,#c8102e
19.9174567373998,6.76401989533159,#c8102e
19.9167150513145,6.76428063863473,#c8102e
19.9159741888644,6.76454371305269,#c8102e
19.9152341573763,6.76480911598385,#c8102e
19.9144949641686,6.76507684480352,#c8102e
19.9137566165514,6.76534689686405,#c8102e
19.9130191218264,6.76561926949479,#c8102e
19.9122824872872,6.76589396000215,#c8102e
19.9115467202184,6.76617096566961,#c8102e
19.9108118278964,6.76645028375777,#c8102e
19.9100778175889,6.76673191150434,#c8102e
19.9093446965546,6.76701584612421,#c8102e
19.9086124720437,6.76730208480943,#c8102e
19.9078811512974,6.76759062472931,#c8102e
19.9071507415481,6.76788146303034,#c8102e
19.9064212500190,6.76817459683634,#c8102e
19.9056926839243,6.76847002324839,#c8102e
19.9049650504691,6.76876773934492,#c8102e
19.9042383568492,6.76906774218169,#c8102e
19.9035126102512,6.76937002879188,#c8102e
19.9027878178522,6.76967459618606,#c8102e
19.9020639868199,6.76998144135225,#c8102e
19.9013411243126,6.77029056125595,#c8102e
19.9006192374790,6.77060195284016,#c8102e
19.8998983334580,6.77091561302541,#c8102e
19.8991784193790,6.77123153870980,#c8102e
19.8984595023614,6.77154972676904,#c8102e
19.8977415895148,6.77187017405643,#c8102e
19.8970246879390,6.77219287740297,#c8102e
19.8963088047236,6.77251783361731,#c8102e
19.8955939469484,6.77284503948585,#c8102e
19.8948801216827,6.77317449177274,#c8102e
19.8941673359859,6.77350618721989,#c8102e
19.8934555969069,6.77384012254705,#c8102e
19.8927449114844,6.77417629445181,#c8102e
19.8920352867467,6.77451469960965,#c8102e
19.8913267297114,6.77485533467395,#c8102e
19.8906192473858,6.77519819627604,#c8102e
19.8899128467663,6.77554328102525,#c8102e
19.8892075348390,6.77589058550890,#c8102e
19.8885033185787,6.77624010629238,#c8102e
19.8878002049499,6.77659183991915,#c8102e
19.8870982009058,6.77694578291077,#c8102e
19.8863973133888,6.77730193176699,#c8102e
19.8856975493302,6.77766028296572,#c8102e
19.8849989156503,6.77802083296308,#c8102e
19.8843014192582,6.77838357819348,#c8102e
19.8836050670515,6.77874851506958,#c8102e
19.8829098659168,6.77911563998240,#c8102e
19.8822158227292,6.77948494930130,#c8102e
19.8815229443524,6.77985643937405,#c8102e
19.8808312376384,6.78023010652684,#c8102e
19.8801407094278,6.78060594706436,#c8102e
19.8794513665495,6.78098395726976,#c8102e
19.8787632158206,6.78136413340478,#c8102e
19.8780762640466,6.78174647170970,#c8102e
19.8773905180209,6.78213096840346,#c8102e
19.8767059845251,6.78251761968361,#c8102e
19.8760226703289,6.78290642172643,#c8102e
19.8753405821898,6.78329737068690,#c8102e
19.8746597268531,6.78369046269880,#c8102e
19.8739801110522,6.78408569387468,#c8102e
19.8733017415079,6.78448306030598,#c8102e
19.8726246249290,6.78488255806297,#c8102e
19.8719487680117,6.78528418319489,#c8102e
19.8712741774398,6.78568793172992,#c8102e
19.8706008598845,6.78609379967524,#c8102e
19.8699288220046,6.78650178301707,#c8102e
19.8692580704461,6.78691187772072,#c8102e
19.8685886118422,6.78732407973061,#c8102e
19.8679204528135,6.78773838497033,#c8102e
19.8672535999677,6.78815478934265,#c8102e
19.8665880598995,6.78857328872961,#c8102e
19.8659238391907,6.78899387899251,#c8102e
19.8652609444099,6.78941655597198,#c8102e
19.8645993821130,6.78984131548802,#c8102e
19.8639391588421,6.79026815334002,#c8102e
19.8632802811266,6.79069706530682,#c8102e
19.8626227554823,6.79112804714677,#c8102e
19.8619665884117,6.79156109459771,#c8102e
19.8613117864040,6.79199620337710,#c8102e
19.8606583559346,6.79243336918197,#c8102e
19.8600063034656,6.79287258768904,#c8102e
19.8593556354454,6.79331385455471,#c8102e
19.8587063583087,6.79375716541514,#c8102e
19.8580584784763,6.79420251588626,#c8102e
19.8574120023555,6.79464990156384,#c8102e
19.8567669363395,6.79509931802352,#c8102e
19.8561232868075,6.79555076082086,#c8102e
19.8554810601249,6.79600422549136,#c8102e
19.8548402626428,6.79645970755056,#c8102e
19.8542009006984,6.79691720249403,#c8102e
19.8535629806145,6.79737670579743,#c8102e
19.8529265086998,6.79783821291656,#c8102e
19.8522914912485,6.79830171928742,#c8102e
19.8516579345406,6.79876722032622,#c8102e
19.8510258448415,6.79923471142944,#c8102e
19.8503952284023,6.79970418797391,#c8102e
19.8497660914592,6.80017564531679,#c8102e
19.8491384402341,6.80064907879567,#c8102e
19.8485122809341,6.80112448372860,#c8102e
19.8478876197514,6.80160185541412,#c8102e
19.8472644628636,6.80208118913133,#c8102e
19.8466428164333,6.80256248013992,#c8102e
19.8460226866082,6.80304572368023,#c8102e
19.8454040795209,6.80353091497329,#c8102e
19.8447870012892,6.80401804922086,#c8102e
19.8441714580154,6.80450712160550,#c8102e
19.8435574557870,6.80499812729059,#c8102e
19.8429450006761,6.80549106142039,#c8102e
19.8423340987394,6.80598591912011,#c8102e
19.8417247560183,6.80648269549590,#c8102e
19.8411169785389,6.80698138563498,#c8102e
19.8405107723117,6.80748198460560,#c8102e
19.8399061433317,6.80798448745718,#c8102e
19.8393030975784,6.80848888922026,#c8102e
19.8387016410153,6.80899518490663,#c8102e
19.8381017795907,6.80950336950936,#c8102e
19.8375035192366,6.81001343800283,#c8102e
19.8369068658696,6.81052538534276,#c8102e
19.8363118253901,6.81103920646635,#c8102e
19.8357184036827,6.81155489629221,#c8102e
19.8351266066160,6.81207244972050,#c8102e
19.8345364400425,6.81259186163295,#c8102e
19.8339479097986,6.81311312689291,#c8102e
19.8333610217044,6.81363624034539,#c8102e
19.8327757815639,6.81416119681713,#c8102e
19.8321921951648,6.81468799111665,#c8102e
19.8316102682783,6.81521661803428,#c8102e
19.8310300066593,6.81574707234225,#c8102e
19.8304514160463,6.81627934879468,#c8102e
19.8298745021612,6.81681344212771,#c8102e
19.8292992707092,6.81734934705950,#c8102e
19.8287257273791,6.81788705829029,#c8102e
19.8281538778427,6.81842657050244,#c8102e
19.8275837277554,6.81896787836053,#c8102e
19.8270152827556,6.81951097651137,#c8102e
19.8264485484648,6.82005585958406,#c8102e
19.8258835304877,6.82060252219005,#c8102e
19.8253202344119,6.82115095892320,#c8102e
19.8247586658081,6.82170116435982,#c8102e
19.8241988302298,6.82225313305872,#c8102e
19.8236407332135,6.82280685956129,#c8102e
19.8230843802784,6.82336233839152,#c8102e
19.8225297769264,6.82391956405607,#c8102e
19.8219769286422,6.82447853104434,#c8102e
19.8214258408932,6.82503923382851,#c8102e
19.8208765191293,6.82560166686357,#c8102e
19.8203289687829,6.82616582458742,#c8102e
19.8197831952689,6.82673170142090,#c8102e
19.8192392039846,6.82729929176785,#c8102e
19.8186970003099,6.82786859001515,#c8102e
19.8181565896067,6.82843959053282,#c8102e
19.8176179772195,6.82901228767401,#c8102e
19.8170811684746,6.82958667577512,#c8102e
19.8165461686808,6.83016274915581,#c8102e
19.8160129831290,6.83074050211908,#c8102e
19.8154816170919,6.83131992895133,#c8102e
19.8149520758245,6.83190102392238,#c8102e
19.8144243645636,6.83248378128559,#c8102e
19.8138984885279,6.83306819527784,#c8102e
19.8133744529180,6.83365426011965,#c8102e
19.8128522629163,6.83424197001523,#c8102e
19.8123319236868,6.83483131915248,#c8102e
19.8118134403755,6.83542230170312,#c8102e
19.8112968181098,6.83601491182271,#c8102e
19.8107820619988,6.83660914365070,#c8102e
19.8102691771330,6.83720499131054,#c8102e
19.8097581685846,6.83780244890965,#c8102e
19.8092490414071,6.83840151053956,#c8102e
19.8087418006355,6.83900217027593,#c8102e
19.8082364512861,6.83960442217863,#c8102e
19.8077329983564,6.84020826029175,#c8102e
19.8072314468253,6.84081367864373,#c8102e
19.8067318016528,6.84142067124737,#c8102e
19.8062340677801,6.84202923209988,#c8102e
19.8057382501294,6.84263935518300,#c8102e
19.8052443536041,6.84325103446298,#c8102e
19.8047523830885,6.84386426389072,#c8102e
19.8042623434479,6.84447903740175,#c8102e
19.8037742395284,6.84509534891637,#c8102e
19.8032880761571,6.84571319233964,#c8102e
19.8028038581418,6.84633256156148,#c8102e
19.8023215902712,6.84695345045672,#c8102e
19.8018412773146,6.84757585288517,#c8102e
19.8013629240219,6.84819976269167,#c8102e
19.8008865351238,6.84882517370613,#c8102e
19.8004121153314,6.84945207974365,#c8102e
19.7999396693365,6.85008047460451,#c8102e
19.7994692018112,6.85071035207430,#c8102e
19.7990007174083,6.85134170592393,#c8102e
19.7985342207606,6.85197452990970,#c8102e
19.7980697164815,6.85260881777339,#c8102e
19.7976072091648,6.85324456324230,#c8102e
19.7971467033843,6.85388176002930,#c8102e
19.7966882036941,6.85452040183292,#c8102e
19.7962317146284,6.85516048233741,#c8102e
19.7957772407018,6.85580199521277,#c8102e
19.7953247864085,6.85644493411484,#c8102e
19.7948743562232,6.85708929268538,#c8102e
19.7944259546003,6.85773506455208,#c8102e
19.7939795859742,6.85838224332867,#c8102e
19.7935352547591,6.85903082261496,#c8102e
19.7930929653493,6.85968079599691,#c8102e
19.7926527221187,6.86033215704670,#c8102e
19.7922145294211,6.86098489932279,#c8102e
19.7917783915898,6.86163901636996,#c8102e
19.7913443129380,6.86229450171942,#c8102e
19.7909122977586,6.86295134888882,#c8102e
19.7904823503237,6.86360955138238,#c8102e
19.7900544748854,6.86426910269088,#c8102e
19.7896286756750,6.86492999629177,#c8102e
19.7892049569034,6.86559222564925,#c8102e
19.7887833227610,6.86625578421429,#c8102e
19.7883637774175,6.86692066542470,#c8102e
19.7879463250218,6.86758686270525,#c8102e
19.7875309697023,6.86825436946765,#c8102e
19.7871177155667,6.86892317911069,#c8102e
19.7867065667017,6.86959328502028,#c8102e
19.7862975271733,6.87026468056948,#c8102e
19.7858906010267,6.87093735911862,#c8102e
19.7854857922861,6.87161131401534,#c8102e
19.7850831049548,6.87228653859465,#c8102e
19.7846825430152,6.87296302617901,#c8102e
19.7842841104285,6.87364077007838,#c8102e
19.7838878111350,6.87431976359032,#c8102e
19.7834936490539,6.87500000000000,#c8102e
19.7831016280831,6.87568147258032,#c8102e
19.7827117520995,6.87636417459195,#c8102e
19.7823240249587,6.87704809928339,#c8102e
19.7819384504951,6.87773323989107,#c8102e
19.7815550325218,6.87841958963938,#c8102e
19.7811737748305,6.87910714174076,#c8102e
19.7807946811917,6.87979588939576,#c8102e
19.7804177553543,6.88048582579309,#c8102e
19.7800430010459,6.88117694410973,#c8102e
19.7796704219725,6.88186923751095,#c8102e
19.7793000218188,6.88256269915041,#c8102e
19.7789318042478,6.88325732217021,#c8102e
19.7785657729009,6.88395309970098,#c8102e
19.7782019313978,6.88465002486192,#c8102e
19.7778402833369,6.88534809076088,#c8102e
19.7774808322945,6.88604729049442,#c8102e
19.7771235818254,6.88674761714792,#c8102e
19.7767685354626,6.88744906379558,#c8102e
19.7764156967172,6.88815162350054,#c8102e
19.7760650690787,6.88885528931494,#c8102e
19.7757166560144,6.88956005427995,#c8102e
19.7753704609700,6.89026591142592,#c8102e
19.7750264873692,6.89097285377235,#c8102e
19.7746847386135,6.89168087432803,#c8102e
19.7743452180827,6.89238996609110,#c8102e
19.7740079291345,6.89310012204908,#c8102e
19.7736728751043,6.89381133517899,#c8102e
19.7733400593058,6.89452359844737,#c8102e
19.7730094850301,6.89523690481040,#c8102e
19.7726811555465,6.89595124721392,#c8102e
19.7723550741020,6.89666661859355,#c8102e
19.7720312439212,6.89738301187472,#c8102e
19.7717096682068,6.89810041997275,#c8102e
19.7713903501387,6.89881883579293,#c8102e
19.7710732928750,6.89953825223059,#c8102e
19.7707584995510,6.90025866217115,#c8102e
19.7704459732799,6.90098005849021,#c8102e
19.7701357171524,6.90170243405363,#c8102e
19.7698277342368,6.90242578171757,#c8102e
19.7695220275787,6.90315009432858,#c8102e
19.7692186002014,6.90387536472366,#c8102e
19.7689174551057,6.90460158573036,#c8102e
19.7686185952696,6.90532875016681,#c8102e
19.7683220236487,6.90605685084182,#c8102e
19.7680277431759,6.90678588055492,#c8102e
19.7677357567614,6.90751583209649,#c8102e
19.7674460672928,6.90824669824776,#c8102e
19.7671586776350,6.90897847178093,#c8102e
19.7668735906301,6.90971114545922,#c8102e
19.7665908090973,6.91044471203697,#c8102e
19.7663103358332,6.91117916425965,#c8102e
19.7660321736115,6.91191449486401,#c8102e
19.7657563251831,6.91265069657809,#c8102e
19.7654827932760,6.91338776212132,#c8102e
19.7652115805951,6.91412568420459,#c8102e
19.7649426898226,6.91486445553033,#c8102e
19.7646761236176,6.91560406879255,#c8102e
19.7644118846164,6.91634451667695,#c8102e
19.7641499754321,6.91708579186097,#c8102e
19.7638903986548,6.91782788701386,#c8102e
19.7636331568515,6.91857079479678,#c8102e
19.7633782525663,6.91931450786284,#c8102e
19.7631256883199,6.92005901885719,#c8102e
19.7628754666101,6.92080432041709,#c8102e
19.7626275899113,6.92155040517198,#c8102e
19.7623820606750,6.92229726574356,#c8102e
19.7621388813292,6.92304489474584,#c8102e
19.7618980542789,6.92379328478526,#c8102e
19.7616595819056,6.92454242846071,#c8102e
19.7614234665678,6.92529231836363,#c8102e
19.7611897106004,6.92604294707810,#c8102e
19.7609583163152,6.92679430718086,#c8102e
19.7607292860004,6.92754639124145,#c8102e
19.7605026219211,6.92829919182223,#c8102e
19.7602783263188,6.92905270147848,#c8102e
19.7600564014117,6.92980691275846,#c8102e
19.7598368493944,6.93056181820352,#c8102e
19.7596196724382,6.93131741034810,#c8102e
19.7594048726908,6.93207368171990,#c8102e
19.7591924522765,6.93283062483985,#c8102e
19.7589824132960,6.93358823222228,#c8102e
19.7587747578263,6.93434649637493,#c8102e
19.7585694879212,6.93510540979905,#c8102e
19.7583666056105,6.93586496498946,#c8102e
19.7581661129007,6.93662515443465,#c8102e
19.7579680117745,6.93738597061683,#c8102e
19.7577723041910,6.93814740601200,#c8102e
19.7575789920856,6.93890945309006,#c8102e
19.7573880773701,6.93967210431484,#c8102e
19.7571995619324,6.94043535214421,#c8102e
19.7570134476369,6.94119918903013,#c8102e
19.7568297363242,6.94196360741873,#c8102e
19.7566484298110,6.94272859975042,#c8102e
19.7564695298903,6.94349415845989,#c8102e
19.7562930383314,6.94426027597626,#c8102e
19.7561189568795,6.94502694472311,#c8102e
19.7559472872564,6.94579415711857,#c8102e
19.7557780311596,6.94656190557541,#c8102e
19.7556111902631,6.94733018250107,#c8102e
19.7554467662167,6.94809898029779,#c8102e
19.7552847606465,6.94886829136264,#c8102e
19.7551251751547,6.94963810808762,#c8102e
19.7549680113195,6.95040842285975,#c8102e
19.7548132706950,6.95117922806108,#c8102e
19.7546609548116,6.95195051606886,#c8102e
19.7545110651756,6.95272227925552,#c8102e
19.7543636032693,6.95349450998883,#c8102e
19.7542185705511,6.95426720063190,#c8102e
19.7540759684551,6.95504034354333,#c8102e
19.7539357983917,6.95581393107721,#c8102e
19.7537980617469,6.95658795558327,#c8102e
19.7536627598831,6.95736240940688,#c8102e
19.7535298941382,6.95813728488919,#c8102e
19.7533994658261,6.95891257436717,#c8102e
19.7532714762367,6.95968827017371,#c8102e
19.7531459266358,6.96046436463766,#c8102e
19.7530228182650,6.96124085008395,#c8102e
19.7529021523416,6.96201771883362,#c8102e
19.7527839300591,6.96279496320394,#c8102e
19.7526681525866,6.96357257550845,#c8102e
19.7525548210691,6.96435054805706,#c8102e
19.7524439366272,6.96512887315611,#c8102e
19.7523355003576,6.96590754310848,#c8102e
19.7522295133327,6.96668655021359,#c8102e
19.7521259766007,6.96746588676757,#c8102e
19.7520248911853,6.96824554506328,#c8102e
19.7519262580863,6.96902551739039,#c8102e
19.7518300782791,6.96980579603546,#c8102e
19.7517363527149,6.97058637328204,#c8102e
19.7516450823205,6.97136724141071,#c8102e
19.7515562679986,6.97214839269919,#c8102e
19.7514699106275,6.97292981942238,#c8102e
19.7513860110612,6.97371151385248,#c8102e
19.7513045701294,6.97449346825900,#c8102e
19.7512255886374,6.97527567490894,#c8102e
19.7511490673665,6.97605812606675,#c8102e
19.7510750070733,6.97684081399449,#c8102e
19.7510034084902,6.97762373095188,#c8102e
19.7509342723254,6.97840686919637,#c8102e
19.7508675992624,6.97919022098321,#c8102e
19.7508033899607,6.97997377856555,#c8102e
19.7507416450553,6.98075753419451,#c8102e
19.7506823651568,6.98154148011923,#c8102e
19.7506255508514,6.98232560858700,#c8102e
19.7505712027009,6.98310991184328,#c8102e
19.7505193212429,6.98389438213181,#c8102e
19.7504699069905,6.98467901169467,#c8102e
19.7504229604322,6.98546379277238,#c8102e
19.7503784820324,6.98624871760395,#c8102e
19.7503364722309,6.98703377842697,#c8102e
19.7502969314432,6.98781896747770,#c8102e
19.7502598600603,6.98860427699110,#c8102e
19.7502252584488,6.98938969920096,#c8102e
19.7501931269510,6.99017522633997,#c8102e
19.7501634658845,6.99096085063975,#c8102e
19.7501362755427,6.99174656433097,#c8102e
19.7501115561946,6.99253235964344,#c8102e
19.7500893080844,6.99331822880612,#c8102e
19.7500695314324,6.99410416404729,#c8102e
19.7500522264340,6.99489015759452,#c8102e
19.7500373932604,6.99567620167486,#c8102e
19.7500250320583,6.99646228851481,#c8102e
19.7500151429499,6.99724841034048,#c8102e
19.7500077260331,6.99803455937763,#c8102e
19.7500027813811,6.99882072785174,#c8102e
19.7500003090428,6.99960690798810,#c8102e
19.7500003090428,7.00039309201190,#c8102e
19.7500027813811,7.00117927214826,#c8102e
19.7500077260331,7.00196544062237,#c8102e
19.7500151429499,7.00275158965952,#c8102e
19.7500250320583,7.00353771148519,#c8102e
19.7500373932604,7.00432379832514,#c8102e
19.7500522264340,7.00510984240548,#c8102e
19.7500695314324,7.00589583595271,#c8102e
19.7500893080844,7.00668177119388,#c8102e
19.7501115561946,7.00746764035656,#c8102e
19.7501362755427,7.00825343566903,#c8102e
19.7501634658845,7.00903914936025,#c8102e
19.7501931269510,7.00982477366003,#c8102e
19.7502252584488,7.01061030079904,#c8102e
19.7502598600603,7.01139572300890,#c8102e
19.7502969314432,7.01218103252230,#c8102e
19.7503364722309,7.01296622157303,#c8102e
19.7503784820324,7.01375128239605,#c8102e
19.7504229604322,7.01453620722762,#c8102e
19.7504699069905,7.01532098830533,#c8102e
19.7505193212429,7.01610561786819,#c8102e
19.7505712027009,7.01689008815672,#c8102e
19.7506255508514,7.01767439141300,#c8102e
19.7506823651568,7.01845851988077,#c8102e
19.7507416450553,7.01924246580549,#c8102e
19.7508033899607,7.02002622143445,#c8102e
19.7508675992624,7.02080977901679,#c8102e
19.7509342723254,7.02159313080363,#c8102e
19.7510034084902,7.02237626904812,#c8102e
19.7510750070733,7.02315918600551,#c8102e
19.7511490673665,7.02394187393325,#c8102e
19.7512255886374,7.02472432509106,#c8102e
19.7513045701294,7.02550653174100,#c8102e
19.7513860110612,7.02628848614752,#c8102e
19.7514699106275,7.02707018057762,#c8102e
19.7515562679986,7.02785160730081,#c8102e
19.7516450823205,7.02863275858929,#c8102e
19.7517363527149,7.02941362671796,#c8102e
19.7518300782791,7.03019420396454,#c8102e
19.7519262580863,7.03097448260961,#c8102e
19.7520248911853,7.03175445493672,#c8102e
19.7521259766007,7.03253411323243,#c8102e
19.7522295133327,7.03331344978641,#c8102e
19.7523355003576,7.03409245689152,#c8102e
19.7524439366272,7.03487112684389,#c8102e
19.7525548210691,7.03564945194294,#c8102e
19.7526681525866,7.03642742449155,#c8102e
19.7527839300591,7.03720503679606,#c8102e
19.7529021523416,7.03798228116638,#c8102e
19.7530228182650,7.03875914991605,#c8102e
19.7531459266358,7.03953563536234,#c8102e
19.7532714762367,7.04031172982629,#c8102e
19.7533994658261,7.04108742563283,#c8102e
19.7535298941382,7.04186271511081,#c8102e
19.7536627598831,7.04263759059312,#c8102e
19.7537980617469,7.04341204441673,#c8102e
19.7539357983917,7.04418606892279,#c8102e
19.7540759684551,7.04495965645667,#c8102e
19.7542185705511,7.04573279936810,#c8102e
19.7543636032693,7.04650549001117,#c8102e
19.7545110651756,7.04727772074448,#c8102e
19.7546609548116,7.04804948393114,#c8102e
19.7548132706950,7.04882077193892,#c8102e
19.7549680113195,7.04959157714025,#c8102e
19.7551251751547,7.05036189191238,#c8102e
19.7552847606465,7.05113170863736,#c8102e
19.7554467662167,7.05190101970221,#c8102e
19.7556111902631,7.05266981749893,#c8102e
19.7557780311596,7.05343809442459,#c8102e
19.7559472872564,7.05420584288143,#c8102e
19.7561189568795,7.05497305527689,#c8102e
19.7562930383314,7.05573972402374,#c8102e
19.7564695298903,7.05650584154011,#c8102e
19.7566484298110,7.05727140024958,#c8102e
19.7568297363242,7.05803639258127,#c8102e
19.7570134476369,7.05880081096987,#c8102e
19.7571995619324,7.05956464785579,#c8102e
19.7573880773701,7.06032789568516,#c8102e
19.7575789920856,7.06109054690994,#c8102e
19.7577723041910,7.06185259398800,#c8102e
19.7579680117745,7.06261402938317,#c8102e
19.7581661129007,7.06337484556535,#c8102e
19.7583666056105,7.06413503501054,#c8102e
19.7585694879212,7.06489459020095,#c8102e
19.7587747578263,7.06565350362507,#c8102e
19.7589824132960,7.06641176777772,#c8102e
19.7591924522765,7.06716937516015,#c8102e
19.7594048726908,7.06792631828010,#c8102e
19.7596196724382,7.06868258965190,#c8102e
19.7598368493944,7.06943818179648,#c8102e
19.7600564014117,7.07019308724154,#c8102e
19.7602783263188,7.07094729852152,#c8102e
19.7605026219211,7.07170080817777,#c8102e
19.7607292860004,7.07245360875855,#c8102e
19.7609583163152,7.07320569281914,#c8102e
19.7611897106004,7.07395705292190,#c8102e
19.7614234665678,7.07470768163637,#c8102e
19.7616595819056,7.07545757153929,#c8102e
19.7618980542789,7.07620671521474,#c8102e
19.7621388813292,7.07695510525416,#c8102e
19.7623820606750,7.07770273425644,#c8102e
19.7626275899113,7.07844959482802,#c8102e
19.7628754666101,7.07919567958291,#c8102e
19.7631256883199,7.07994098114281,#c8102e
19.7633782525663,7.08068549213716,#c8102e
19.7636331568515,7.08142920520322,#c8102e
19.7638903986548,7.08217211298614,#c8102e
19.7641499754321,7.08291420813903,#c8102e
19.7644118846164,7.08365548332305,#c8102e
19.7646761236176,7.08439593120745,#c8102e
19.7649426898226,7.08513554446967,#c8102e
19.7652115805951,7.08587431579541,#c8102e
19.7654827932760,7.08661223787868,#c8102e
19.7657563251831,7.08734930342191,#c8102e
19.7660321736115,7.08808550513599,#c8102e
19.7663103358332,7.08882083574035,#c8102e
19.7665908090973,7.08955528796303,#c8102e
19.7668735906301,7.09028885454078,#c8102e
19.7671586776350,7.09102152821907,#c8102e
19.7674460672928,7.09175330175224,#c8102e
19.7677357567614,7.09248416790351,#c8102e
19.7680277431759,7.09321411944508,#c8102e
19.7683220236487,7.09394314915818,#c8102e
19.7686185952696,7.09467124983319,#c8102e
19.7689174551057,7.09539841426964,#c8102e
19.7692186002014,7.09612463527634,#c8102e
19.7695220275787,7.09684990567142,#c8102e
19.7698277342368,7.09757421828243,#c8102e
19.7701357171524,7.09829756594637,#c8102e
19.7704459732799,7.09901994150979,#c8102e
19.7707584995510,7.09974133782885,#c8102e
19.7710732928750,7.10046174776941,#c8102e
19.7713903501387,7.10118116420707,#c8102e
19.7717096682068,7.10189958002725,#c8102e
19.7720312439212,7.10261698812528,#c8102e
19.7723550741020,7.10333338140645,#c8102e
19.7726811555465,7.10404875278608,#c8102e
19.7730094850301,7.10476309518960,#c8102e
19.7733400593058,7.10547640155263,#c8102e
19.7736728751043,7.10618866482101,#c8102e
19.7740079291345,7.10689987795092,#c8102e
19.7743452180827,7.10761003390890,#c8102e
19.7746847386135,7.10831912567197,#c8102e
19.7750264873692,7.10902714622765,#c8102e
19.7753704609700,7.10973408857408,#c8102e
19.7757166560144,7.11043994572005,#c8102e
19.7760650690787,7.11114471068506,#c8102e
19.7764156967172,7.11184837649946,#c8102e
19.7767685354626,7.11255093620442,#c8102e
19.7771235818254,7.11325238285208,#c8102e
19.7774808322945,7.11395270950558,#c8102e
19.7778402833369,7.11465190923912,#c8102e
19.7782019313978,7.11534997513808,#c8102e
19.7785657729009,7.11604690029902,#c8102e
19.7789318042478,7.11674267782979,#c8102e
19.7793000218188,7.11743730084959,#c8102e
19.7796704219725,7.11813076248905,#c8102e
19.7800430010459,7.11882305589027,#c8102e
19.7804177553543,7.11951417420691,#c8102e
19.7807946811917,7.12020411060424,#c8102e
19.7811737748305,7.12089285825924,#c8102e
19.7815550325218,7.12158041036062,#c8102e
19.7819384504951,7.12226676010893,#c8102e
19.7823240249587,7.12295190071661,#c8102e
19.7827117520995,7.12363582540805,#c8102e
19.7831016280831,7.12431852741968,#c8102e
19.7834936490539,7.12500000000000,#c8102e
19.7838878111350,7.12568023640968,#c8102e
19.7842841104285,7.12635922992162,#c8102e
19.7846825430152,7.12703697382099,#c8102e
19.7850831049548,7.12771346140535,#c8102e
19.7854857922861,7.12838868598466,#c8102e
19.7858906010267,7.12906264088138,#c8102e
19.7862975271733,7.12973531943052,#c8102e
19.7867065667017,7.13040671497972,#c8102e
19.7871177155667,7.13107682088931,#c8102e
19.7875309697023,7.13174563053235,#c8102e
19.7879463250218,7.13241313729475,#c8102e
19.7883637774175,7.13307933457530,#c8102e
19.7887833227610,7.13374421578571,#c8102e
19.7892049569034,7.13440777435075,#c8102e
19.7896286756750,7.13507000370823,#c8102e
19.7900544748854,7.13573089730912,#c8102e
19.7904823503237,7.13639044861762,#c8102e
19.7909122977586,7.13704865111118,#c8102e
19.7913443129380,7.13770549828058,#c8102e
19.7917783915898,7.13836098363004,#c8102e
19.7922145294211,7.13901510067721,#c8102e
19.7926527221187,7.13966784295330,#c8102e
19.7930929653493,7.14031920400309,#c8102e
19.7935352547591,7.14096917738504,#c8102e
19.7939795859742,7.14161775667133,#c8102e
19.7944259546003,7.14226493544792,#c8102e
19.7948743562232,7.14291070731462,#c8102e
19.7953247864085,7.14355506588516,#c8102e
19.7957772407018,7.14419800478723,#c8102e
19.7962317146284,7.14483951766259,#c8102e
19.7966882036941,7.14547959816708,#c8102e
19.7971467033843,7.14611823997070,#c8102e
19.7976072091648,7.14675543675770,#c8102e
19.7980697164815,7.14739118222661,#c8102e
19.7985342207606,7.14802547009030,#c8102e
19.7990007174083,7.14865829407607,#c8102e
19.7994692018112,7.14928964792570,#c8102e
19.7999396693365,7.14991952539549,#c8102e
19.8004121153314,7.15054792025635,#c8102e
19.8008865351238,7.15117482629387,#c8102e
19.8013629240219,7.15180023730833,#c8102e
19.8018412773146,7.15242414711483,#c8102e
19.8023215902712,7.15304654954328,#c8102e
19.8028038581418,7.15366743843852,#c8102e
19.8032880761571,7.15428680766036,#c8102e
19.8037742395284,7.15490465108363,#c8102e
19.8042623434479,7.15552096259825,#c8102e
19.8047523830885,7.15613573610928,#c8102e
19.8052443536041,7.15674896553702,#c8102e
19.8057382501294,7.15736064481700,#c8102e
19.8062340677801,7.15797076790012,#c8102e
19.8067318016528,7.15857932875263,#c8102e
19.8072314468253,7.15918632135627,#c8102e
19.8077329983564,7.15979173970825,#c8102e
19.8082364512861,7.16039557782137,#c8102e
19.8087418006355,7.16099782972407,#c8102e
19.8092490414071,7.16159848946044,#c8102e
19.8097581685846,7.16219755109035,#c8102e
19.8102691771330,7.16279500868946,#c8102e
19.8107820619988,7.16339085634930,#c8102e
19.8112968181098,7.16398508817729,#c8102e
19.8118134403755,7.16457769829688,#c8102e
19.8123319236868,7.16516868084752,#c8102e
19.8128522629163,7.16575802998477,#c8102e
19.8133744529180,7.16634573988035,#c8102e
19.8138984885279,7.16693180472216,#c8102e
19.8144243645636,7.16751621871441,#c8102e
19.8149520758245,7.16809897607762,#c8102e
19.8154816170919,7.16868007104867,#c8102e
19.8160129831290,7.16925949788092,#c8102e
19.8165461686808,7.16983725084419,#c8102e
19.8170811684746,7.17041332422488,#c8102e
19.8176179772195,7.17098771232599,#c8102e
19.8181565896067,7.17156040946718,#c8102e
19.8186970003099,7.17213140998485,#c8102e
19.8192392039846,7.17270070823215,#c8102e
19.8197831952689,7.17326829857910,#c8102e
19.8203289687829,7.17383417541258,#c8102e
19.8208765191293,7.17439833313643,#c8102e
19.8214258408932,7.17496076617149,#c8102e
19.8219769286422,7.17552146895566,#c8102e
19.8225297769264,7.17608043594393,#c8102e
19.8230843802784,7.17663766160848,#c8102e
19.8236407332135,7.17719314043871,#c8102e
19.8241988302298,7.17774686694128,#c8102e
19.8247586658081,7.17829883564018,#c8102e
19.8253202344119,7.17884904107680,#c8102e
19.8258835304877,7.17939747780995,#c8102e
19.8264485484648,7.17994414041594,#c8102e
19.8270152827556,7.18048902348863,#c8102e
19.8275837277554,7.18103212163947,#c8102e
19.8281538778427,7.18157342949756,#c8102e
19.8287257273791,7.18211294170972,#c8102e
19.8292992707092,7.18265065294050,#c8102e
19.8298745021612,7.18318655787229,#c8102e
19.8304514160463,7.18372065120532,#c8102e
19.8310300066593,7.18425292765775,#c8102e
19.8316102682783,7.18478338196572,#c8102e
19.8321921951648,7.18531200888335,#c8102e
19.8327757815639,7.18583880318287,#c8102e
19.8333610217044,7.18636375965461,#c8102e
19.8339479097986,7.18688687310709,#c8102e
19.8345364400425,7.18740813836705,#c8102e
19.8351266066160,7.18792755027950,#c8102e
19.8357184036827,7.18844510370779,#c8102e
19.8363118253901,7.18896079353365,#c8102e
19.8369068658696,7.18947461465724,#c8102e
19.8375035192366,7.18998656199717,#c8102e
19.8381017795907,7.19049663049064,#c8102e
19.8387016410153,7.19100481509337,#c8102e
19.8393030975784,7.19151111077974,#c8102e
19.8399061433317,7.19201551254282,#c8102e
19.8405107723117,7.19251801539439,#c8102e
19.8411169785389,7.19301861436502,#c8102e
19.8417247560183,7.19351730450410,#c8102e
19.8423340987394,7.19401408087989,#c8102e
19.8429450006761,7.19450893857961,#c8102e
19.8435574557870,7.19500187270941,#c8102e
19.8441714580154,7.19549287839450,#c8102e
19.8447870012892,7.19598195077914,#c8102e
19.8454040795209,7.19646908502671,#c8102e
19.8460226866082,7.19695427631977,#c8102e
19.8466428164333,7.19743751986008,#c8102e
19.8472644628636,7.19791881086867,#c8102e
19.8478876197514,7.19839814458588,#c8102e
19.8485122809341,7.19887551627140,#c8102e
19.8491384402341,7.19935092120432,#c8102e
19.8497660914592,7.19982435468321,#c8102e
19.8503952284023,7.20029581202609,#c8102e
19.8510258448415,7.20076528857056,#c8102e
19.8516579345406,7.20123277967378,#c8102e
19.8522914912485,7.20169828071258,#c8102e
19.8529265086998,7.20216178708344,#c8102e
19.8535629806145,7.20262329420257,#c8102e
19.8542009006984,7.20308279750597,#c8102e
19.8548402626428,7.20354029244944,#c8102e
19.8554810601249,7.20399577450864,#c8102e
19.8561232868075,7.20444923917914,#c8102e
19.8567669363395,7.20490068197648,#c8102e
19.8574120023555,7.20535009843616,#c8102e
19.8580584784763,7.20579748411374,#c8102e
19.8587063583087,7.20624283458486,#c8102e
19.8593556354454,7.20668614544529,#c8102e
19.8600063034656,7.20712741231096,#c8102e
19.8606583559346,7.20756663081803,#c8102e
19.8613117864040,7.20800379662290,#c8102e
19.8619665884117,7.20843890540229,#c8102e
19.8626227554823,7.20887195285323,#c8102e
19.8632802811266,7.20930293469318,#c8102e
19.8639391588421,7.20973184665998,#c8102e
19.8645993821130,7.21015868451198,#c8102e
19.8652609444099,7.21058344402802,#c8102e
19.8659238391907,7.21100612100749,#c8102e
19.8665880598995,7.21142671127039,#c8102e
19.8672535999677,7.21184521065735,#c8102e
19.8679204528135,7.21226161502967,#c8102e
19.8685886118422,7.21267592026939,#c8102e
19.8692580704461,7.21308812227928,#c8102e
19.8699288220046,7.21349821698293,#c8102e
19.8706008598845,7.21390620032476,#c8102e
19.8712741774398,7.21431206827008,#c8102e
19.8719487680117,7.21471581680511,#c8102e
19.8726246249290,7.21511744193703,#c8102e
19.8733017415079,7.21551693969402,#c8102e
19.8739801110522,7.21591430612532,#c8102e
19.8746597268531,7.21630953730120,#c8102e
19.8753405821898,7.21670262931310,#c8102e
19.8760226703289,7.21709357827357,#c8102e
19.8767059845251,7.21748238031639,#c8102e
19.8773905180209,7.21786903159654,#c8102e
19.8780762640466,7.21825352829030,#c8102e
19.8787632158206,7.21863586659522,#c8102e
19.8794513665495,7.21901604273024,#c8102e
19.8801407094278,7.21939405293564,#c8102e
19.8808312376384,7.21976989347316,#c8102e
19.8815229443524,7.22014356062595,#c8102e
19.8822158227292,7.22051505069870,#c8102e
19.8829098659168,7.22088436001760,#c8102e
19.8836050670515,7.22125148493042,#c8102e
19.8843014192582,7.22161642180652,#c8102e
19.8849989156503,7.22197916703692,#c8102e
19.8856975493302,7.22233971703428,#c8102e
19.8863973133888,7.22269806823301,#c8102e
19.8870982009058,7.22305421708923,#c8102e
19.8878002049499,7.22340816008085,#c8102e
19.8885033185787,7.22375989370762,#c8102e
19.8892075348390,7.22410941449110,#c8102e
19.8899128467663,7.22445671897475,#c8102e
19.8906192473858,7.22480180372396,#c8102e
19.8913267297114,7.22514466532605,#c8102e
19.8920352867467,7.22548530039035,#c8102e
19.8927449114844,7.22582370554819,#c8102e
19.8934555969069,7.22615987745295,#c8102e
19.8941673359859,7.22649381278011,#c8102e
19.8948801216827,7.22682550822726,#c8102e
19.8955939469484,7.22715496051415,#c8102e
19.8963088047236,7.22748216638269,#c8102e
19.8970246879390,7.22780712259703,#c8102e
19.8977415895148,7.22812982594357,#c8102e
19.8984595023614,7.22845027323096,#c8102e
19.8991784193790,7.22876846129020,#c8102e
19.8998983334580,7.22908438697459,#c8102e
19.9006192374790,7.22939804715984,#c8102e
19.9013411243126,7.22970943874405,#c8102e
19.9020639868199,7.23001855864775,#c8102e
19.9027878178522,7.23032540381394,#c8102e
19.9035126102512,7.23062997120812,#c8102e
19.9042383568492,7.23093225781831,#c8102e
19.9049650504691,7.23123226065508,#c8102e
19.9056926839243,7.23152997675161,#c8102e
19.9064212500190,7.23182540316366,#c8102e
19.9071507415481,7.23211853696966,#c8102e
19.9078811512974,7.23240937527069,#c8102e
19.9086124720437,7.23269791519057,#c8102e
19.9093446965546,7.23298415387579,#c8102e
19.9100778175889,7.23326808849566,#c8102e
19.9108118278964,7.23354971624223,#c8102e
19.9115467202184,7.23382903433039,#c8102e
19.9122824872872,7.23410603999785,#c8102e
19.9130191218264,7.23438073050521,#c8102e
19.9137566165514,7.23465310313595,#c8102e
19.9144949641686,7.23492315519648,#c8102e
19.9152341573763,7.23519088401615,#c8102e
19.9159741888644,7.23545628694731,#c8102e
19.9167150513145,7.23571936136527,#c8102e
19.9174567373998,7.23598010466841,#c8102e
19.9181992397856,7.23623851427813,#c8102e
19.9189425511289,7.23649458763894,#c8102e
19.9196866640790,7.23674832221842,#c8102e
19.9204315712769,7.23699971550730,#c8102e
19.9211772653561,7.23724876501946,#c8102e
19.9219237389421,7.23749546829197,#c8102e
19.9226709846528,7.23773982288508,#c8102e
19.9234189950983,7.23798182638228,#c8102e
19.9241677628813,7.23822147639031,#c8102e
19.9249172805971,7.23845877053918,#c8102e
19.9256675408332,7.23869370648221,#c8102e
19.9264185361702,7.23892628189603,#c8102e
19.9271702591811,7.23915649448061,#c8102e
19.9279227024319,7.23938434195930,#c8102e
19.9286758584815,7.23960982207883,#c8102e
19.9294297198815,7.23983293260934,#c8102e
19.9301842791768,7.24005367134442,#c8102e
19.9309395289052,7.24027203610110,#c8102e
19.9316954615979,7.24048802471989,#c8102e
19.9324520697791,7.24070163506480,#c8102e
19.9332093459664,7.24091286502335,#c8102e
19.9339672826708,7.24112171250663,#c8102e
19.9347258723970,7.24132817544925,#c8102e
19.9354851076428,7.24153225180944,#c8102e
19.9362449808999,7.24173393956900,#c8102e
19.9370054846537,7.24193323673337,#c8102e
19.9377666113833,7.24213014133164,#c8102e
19.9385283535615,7.24232465141653,#c8102e
19.9392907036554,7.24251676506448,#c8102e
19.9400536541256,7.24270648037558,#c8102e
19.9408171974271,7.24289379547369,#c8102e
19.9415813260089,7.24307870850637,#c8102e
19.9423460323144,7.24326121764496,#c8102e
19.9431113087810,7.24344132108454,#c8102e
19.9438771478406,7.24361901704402,#c8102e
19.9446435419196,7.24379430376609,#c8102e
19.9454104834388,7.24396717951728,#c8102e
19.9461779648137,7.24413764258796,#c8102e
19.9469459784544,7.24430569129236,#c8102e
19.9477145167656,7.24447132396857,#c8102e
19.9484835721471,7.24463453897861,#c8102e
19.9492531369933,7.24479533470836,#c8102e
19.9500232036938,7.24495370956768,#c8102e
19.9507937646331,7.24510966199033,#c8102e
19.9515648121908,7.24526319043404,#c8102e
19.9523363387417,7.24541429338051,#c8102e
19.9531083366560,7.24556296933544,#c8102e
19.9538807982991,7.24570921682850,#c8102e
19.9546537160318,7.24585303441340,#c8102e
19.9554270822105,7.24599442066789,#c8102e
19.9562008891870,7.24613337419374,#c8102e
19.9569751293090,7.24626989361678,#c8102e
19.9577497949195,7.24640397758693,#c8102e
19.9585248783578,7.24653562477818,#c8102e
19.9593003719587,7.24666483388862,#c8102e
19.9600762680531,7.24679160364047,#c8102e
19.9608525589679,7.24691593278004,#c8102e
19.9616292370259,7.24703782007779,#c8102e
19.9624062945465,7.24715726432836,#c8102e
19.9631837238450,7.24727426435049,#c8102e
19.9639615172330,7.24738881898714,#c8102e
19.9647396670188,7.24750092710544,#c8102e
19.9655181655068,7.24761058759671,#c8102e
19.9662970049984,7.24771779937647,#c8102e
19.9670761777911,7.24782256138446,#c8102e
19.9678556761795,7.24792487258467,#c8102e
19.9686354924549,7.24802473196529,#c8102e
19.9694156189054,7.24812213853878,#c8102e
19.9701960478160,7.24821709134186,#c8102e
19.9709767714687,7.24830958943549,#c8102e
19.9717577821427,7.24839963190493,#c8102e
19.9725390721144,7.24848721785971,#c8102e
19.9733206336572,7.24857234643368,#c8102e
19.9741024590419,7.24865501678495,#c8102e
19.9748845405370,7.24873522809598,#c8102e
19.9756668704079,7.24881297957352,#c8102e
19.9764494409181,7.24888827044867,#c8102e
19.9772322443283,7.24896109997684,#c8102e
19.9780152728972,7.24903146743779,#c8102e
19.9787985188811,7.24909937213563,#c8102e
19.9795819745342,7.24916481339884,#c8102e
19.9803656321086,7.24922779058023,#c8102e
19.9811494838544,7.24928830305701,#c8102e
19.9819335220199,7.24934635023074,#c8102e
19.9827177388513,7.24940193152738,#c8102e
19.9835021265933,7.24945504639726,#c8102e
19.9842866774889,7.24950569431510,#c8102e
19.9850713837792,7.24955387478004,#c8102e
19.9858562377041,7.24959958731560,#c8102e
19.9866412315017,7.24964283146970,#c8102e
19.9874263574092,7.24968360681470,#c8102e
19.9882116076619,7.24972191294735,#c8102e
19.9889969744944,7.24975774948883,#c8102e
19.9897824501398,7.24979111608473,#c8102e
19.9905680268303,7.24982201240508,#c8102e
19.9913536967970,7.24985043814435,#c8102e
19.9921394522702,7.24987639302141,#c8102e
19.9929252854792,7.24989987677958,#c8102e
19.9937111886527,7.24992088918663,#c8102e
19.9944971540184,7.24993943003477,#c8102e
19.9952831738039,7.24995549914062,#c8102e
19.9960692402357,7.24996909634528,#c8102e
19.9968553455403,7.24998022151428,#c8102e
19.9976414819435,7.24998887453760,#c8102e
19.9984276416710,7.24999505532967,#c8102e
19.9992138169481,7.24999876382936,#c8102e
20.0000000000000,7.25000000000000,#c8102e
20.0000000000000,7.25000000000000,#c8102e
20.0000000000000,7.30000000000000,#c8102e
20.0000000000000,7.30000000000000,#c8102e
20.0009434196623,7.29999851659523,#c8102e
20.0018868299948,7.29999406639561,#c8102e
20.0028302216678,7.29998664944512,#c8102e
20.0037735853516,7.29997626581714,#c8102e
20.0047169117171,7.29996291561434,#c8102e
20.0056601914353,7.29994659896874,#c8102e
20.0066034151779,7.29992731604172,#c8102e
20.0075465736168,7.29990506702396,#c8102e
20.0084896574249,7.29987985213550,#c8102e
20.0094326572757,7.29985167162569,#c8102e
20.0103755638435,7.29982052577322,#c8102e
20.0113183678036,7.29978641488610,#c8102e
20.0122610598322,7.29974933930168,#c8102e
20.0132036306067,7.29970929938659,#c8102e
20.0141460708057,7.29966629553682,#c8102e
20.0150883711090,7.29962032817764,#c8102e
20.0160305221979,7.29957139776364,#c8102e
20.0169725147551,7.29951950477871,#c8102e
20.0179143394650,7.29946464973605,#c8102e
20.0188559870133,7.29940683317812,#c8102e
20.0197974480880,7.29934605567671,#c8102e
20.0207387133784,7.29928231783286,#c8102e
20.0216797735762,7.29921562027689,#c8102e
20.0226206193747,7.29914596366841,#c8102e
20.0235612414697,7.29907334869628,#c8102e
20.0245016305590,7.29899777607861,#c8102e
20.0254417773427,7.29891924656276,#c8102e
20.0263816725233,7.29883776092534,#c8102e
20.0273213068060,7.29875331997220,#c8102e
20.0282606708983,7.29866592453840,#c8102e
20.0291997555105,7.29857557548823,#c8102e
20.0301385513557,7.29848227371518,#c8102e
20.0310770491497,7.29838602014194,#c8102e
20.0320152396114,7.29828681572041,#c8102e
20.0329531134627,7.29818466143166,#c8102e
20.0338906614287,7.29807955828591,#c8102e
20.0348278742376,7.29797150732258,#c8102e
20.0357647426209,7.29786050961023,#c8102e
20.0367012573135,7.29774656624654,#c8102e
20.0376374090541,7.29762967835835,#c8102e
20.0385731885846,7.29750984710160,#c8102e
20.0395085866507,7.29738707366136,#c8102e
20.0404435940020,7.29726135925176,#c8102e
20.0413782013918,7.29713270511605,#c8102e
20.0423123995775,7.29700111252653,#c8102e
20.0432461793204,7.29686658278457,#c8102e
20.0441795313860,7.29672911722059,#c8102e
20.0451124465442,7.29658871719403,#c8102e
20.0460449155689,7.29644538409335,#c8102e
20.0469769292386,7.29629911933604,#c8102e
20.0479084783363,7.29614992436856,#c8102e
20.0488395536495,7.29599780066635,#c8102e
20.0497701459706,7.29584274973381,#c8102e
20.0507002460966,7.29568477310431,#c8102e
20.0516298448293,7.29552387234013,#c8102e
20.0525589329756,7.29536004903248,#c8102e
20.0534875013474,7.29519330480147,#c8102e
20.0544155407618,7.29502364129609,#c8102e
20.0553430420410,7.29485106019420,#c8102e
20.0562699960128,7.29467556320252,#c8102e
20.0571963935099,7.29449715205662,#c8102e
20.0581222253711,7.29431582852085,#c8102e
20.0590474824403,7.29413159438840,#c8102e
20.0599721555674,7.29394445148122,#c8102e
20.0608962356080,7.29375440165004,#c8102e
20.0618197134235,7.29356144677433,#c8102e
20.0627425798813,7.29336558876229,#c8102e
20.0636648258548,7.29316682955083,#c8102e
20.0645864422235,7.29296517110556,#c8102e
20.0655074198734,7.29276061542074,#c8102e
20.0664277496965,7.29255316451931,#c8102e
20.0673474225913,7.29234282045283,#c8102e
20.0682664294628,7.29212958530145,#c8102e
20.0691847612227,7.29191346117395,#c8102e
20.0701024087893,7.29169445020765,#c8102e
20.0710193630875,7.29147255456843,#c8102e
20.0719356150493,7.29124777645070,#c8102e
20.0728511556136,7.29102011807737,#c8102e
20.0737659757262,7.29078958169984,#c8102e
20.0746800663401,7.29055616959797,#c8102e
20.0755934184155,7.29031988408005,#c8102e
20.0765060229201,7.29008072748280,#c8102e
20.0774178708287,7.28983870217132,#c8102e
20.0783289531236,7.28959381053910,#c8102e
20.0792392607950,7.28934605500795,#c8102e
20.0801487848404,7.28909543802802,#c8102e
20.0810575162651,7.28884196207775,#c8102e
20.0819654460825,7.28858562966387,#c8102e
20.0828725653137,7.28832644332132,#c8102e
20.0837788649878,7.28806440561331,#c8102e
20.0846843361422,7.28779951913121,#c8102e
20.0855889698222,7.28753178649459,#c8102e
20.0864927570817,7.28726121035116,#c8102e
20.0873956889827,7.28698779337673,#c8102e
20.0882977565958,7.28671153827524,#c8102e
20.0891989510002,7.28643244777866,#c8102e
20.0900992632835,7.28615052464702,#c8102e
20.0909986845424,7.28586577166837,#c8102e
20.0918972058820,7.28557819165874,#c8102e
20.0927948184167,7.28528778746210,#c8102e
20.0936915132694,7.28499456195037,#c8102e
20.0945872815727,7.28469851802336,#c8102e
20.0954821144677,7.28439965860876,#c8102e
20.0963760031052,7.28409798666210,#c8102e
20.0972689386453,7.28379350516672,#c8102e
20.0981609122573,7.28348621713376,#c8102e
20.0990519151203,7.28317612560209,#c8102e
20.0999419384226,7.28286323363833,#c8102e
20.1008309733627,7.28254754433677,#c8102e
20.1017190111484,7.28222906081938,#c8102e
20.1026060429977,7.28190778623577,#c8102e
20.1034920601384,7.28158372376314,#c8102e
20.1043770538083,7.28125687660625,#c8102e
20.1052610152554,7.28092724799742,#c8102e
20.1061439357379,7.28059484119646,#c8102e
20.1070258065243,7.28025965949068,#c8102e
20.1079066188934,7.27992170619479,#c8102e
20.1087863641345,7.27958098465095,#c8102e
20.1096650335476,7.27923749822868,#c8102e
20.1105426184431,7.27889125032483,#c8102e
20.1114191101423,7.27854224436359,#c8102e
20.1122944999772,7.27819048379639,#c8102e
20.1131687792908,7.27783597210193,#c8102e
20.1140419394371,7.27747871278610,#c8102e
20.1149139717810,7.27711870938197,#c8102e
20.1157848676986,7.27675596544974,#c8102e
20.1166546185774,7.27639048457673,#c8102e
20.1175232158161,7.27602227037730,#c8102e
20.1183906508248,7.27565132649286,#c8102e
20.1192569150252,7.27527765659181,#c8102e
20.1201219998503,7.27490126436951,#c8102e
20.1209858967452,7.27452215354824,#c8102e
20.1218485971663,7.27414032787716,#c8102e
20.1227100925822,7.27375579113228,#c8102e
20.1235703744732,7.27336854711644,#c8102e
20.1244294343316,7.27297859965923,#c8102e
20.1252872636619,7.27258595261697,#c8102e
20.1261438539808,7.27219060987271,#c8102e
20.1269991968170,7.27179257533613,#c8102e
20.1278532837117,7.27139185294354,#c8102e
20.1287061062187,7.27098844665783,#c8102e
20.1295576559040,7.27058236046842,#c8102e
20.1304079243463,7.27017359839127,#c8102e
20.1312569031371,7.26976216446875,#c8102e
20.1321045838804,7.26934806276970,#c8102e
20.1329509581932,7.26893129738931,#c8102e
20.1337960177055,7.26851187244914,#c8102e
20.1346397540601,7.26808979209702,#c8102e
20.1354821589131,7.26766506050707,#c8102e
20.1363232239335,7.26723768187961,#c8102e
20.1371629408037,7.26680766044114,#c8102e
20.1380013012196,7.26637500044430,#c8102e
20.1388382968902,7.26593970616783,#c8102e
20.1396739195382,7.26550178191651,#c8102e
20.1405081608998,7.26506123202112,#c8102e
20.1413410127249,7.26461806083844,#c8102e
20.1421724667771,7.26417227275114,#c8102e
20.1430025148339,7.26372387216779,#c8102e
20.1438311486866,7.26327286352277,#c8102e
20.1446583601406,7.26281925127629,#c8102e
20.1454841410152,7.26236303991427,#c8102e
20.1463084831441,7.26190423394836,#c8102e
20.1471313783749,7.26144283791585,#c8102e
20.1479528185698,7.26097885637967,#c8102e
20.1487727956053,7.26051229392829,#c8102e
20.1495913013723,7.26004315517572,#c8102e
20.1504083277763,7.25957144476144,#c8102e
20.1512238667374,7.25909716735038,#c8102e
20.1520379101905,7.25862032763283,#c8102e
20.1528504500852,7.25814093032443,#c8102e
20.1536614783859,7.25765898016613,#c8102e
20.1544709870722,7.25717448192410,#c8102e
20.1552789681386,7.25668744038971,#c8102e
20.1560854135945,7.25619786037952,#c8102e
20.1568903154647,7.25570574673514,#c8102e
20.1576936657894,7.25521110432327,#c8102e
20.1584954566238,7.25471393803561,#c8102e
20.1592956800388,7.25421425278882,#c8102e
20.1600943281206,7.25371205352447,#c8102e
20.1608913929712,7.25320734520898,#c8102e
20.1616868667081,7.25270013283362,#c8102e
20.1624807414645,7.25219042141438,#c8102e
20.1632730093895,7.25167821599198,#c8102e
20.1640636626481,7.25116352163181,#c8102e
20.1648526934212,7.25064634342388,#c8102e
20.1656400939059,7.25012668648275,#c8102e
20.1664258563152,7.24960455594748,#c8102e
20.1672099728785,7.24907995698164,#c8102e
20.1679924358413,7.24855289477315,#c8102e
20.1687732374655,7.24802337453434,#c8102e
20.1695523700296,7.24749140150183,#c8102e
20.1703298258284,7.24695698093648,#c8102e
20.1711055971734,7.24642011812339,#c8102e
20.1718796763926,7.24588081837177,#c8102e
20.1726520558310,7.24533908701497,#c8102e
20.1734227278501,7.24479492941037,#c8102e
20.1741916848286,7.24424835093933,#c8102e
20.1749589191619,7.24369935700717,#c8102e
20.1757244232626,7.24314795304309,#c8102e
20.1764881895602,7.24259414450013,#c8102e
20.1772502105018,7.24203793685510,#c8102e
20.1780104785513,7.24147933560854,#c8102e
20.1787689861902,7.24091834628467,#c8102e
20.1795257259173,7.24035497443131,#c8102e
20.1802806902489,7.23978922561985,#c8102e
20.1810338717190,7.23922110544519,#c8102e
20.1817852628791,7.23865061952568,#c8102e
20.1825348562983,7.23807777350305,#c8102e
20.1832826445636,7.23750257304241,#c8102e
20.1840286202800,7.23692502383210,#c8102e
20.1847727760702,7.23634513158373,#c8102e
20.1855151045749,7.23576290203206,#c8102e
20.1862555984530,7.23517834093497,#c8102e
20.1869942503815,7.23459145407340,#c8102e
20.1877310530555,7.23400224725130,#c8102e
20.1884659991887,7.23341072629553,#c8102e
20.1891990815128,7.23281689705587,#c8102e
20.1899302927780,7.23222076540492,#c8102e
20.1906596257533,7.23162233723803,#c8102e
20.1913870732259,7.23102161847327,#c8102e
20.1921126280019,7.23041861505139,#c8102e
20.1928362829060,7.22981333293569,#c8102e
20.1935580307816,7.22920577811204,#c8102e
20.1942778644912,7.22859595658876,#c8102e
20.1949957769161,7.22798387439661,#c8102e
20.1957117609565,7.22736953758868,#c8102e
20.1964258095319,7.22675295224038,#c8102e
20.1971379155808,7.22613412444935,#c8102e
20.1978480720608,7.22551306033540,#c8102e
20.1985562719490,7.22488976604046,#c8102e
20.1992625082417,7.22426424772851,#c8102e
20.1999667739547,7.22363651158553,#c8102e
20.2006690621233,7.22300656381944,#c8102e
20.2013693658023,7.22237441066002,#c8102e
20.2020676780661,7.22174005835886,#c8102e
20.2027639920088,7.22110351318931,#c8102e
20.2034583007444,7.22046478144638,#c8102e
20.2041505974066,7.21982386944674,#c8102e
20.2048408751490,7.21918078352860,#c8102e
20.2055291271451,7.21853553005166,#c8102e
20.2062153465887,7.21788811539707,#c8102e
20.2068995266935,7.21723854596736,#c8102e
20.2075816606933,7.21658682818636,#c8102e
20.2082617418422,7.21593296849913,#c8102e
20.2089397634148,7.21527697337194,#c8102e
20.2096157187057,7.21461884929215,#c8102e
20.2102896010303,7.21395860276821,#c8102e
20.2109614037242,7.21329624032953,#c8102e
20.2116311201438,7.21263176852645,#c8102e
20.2122987436660,7.21196519393018,#c8102e
20.2129642676883,7.21129652313271,#c8102e
20.2136276856293,7.21062576274679,#c8102e
20.2142889909281,7.20995291940579,#c8102e
20.2149481770448,7.20927799976372,#c8102e
20.2156052374606,7.20860101049510,#c8102e
20.2162601656774,7.20792195829492,#c8102e
20.2169129552185,7.20724084987858,#c8102e
20.2175635996281,7.20655769198182,#c8102e
20.2182120924719,7.20587249136062,#c8102e
20.2188584273367,7.20518525479119,#c8102e
20.2195025978305,7.20449598906986,#c8102e
20.2201445975830,7.20380470101303,#c8102e
20.2207844202452,7.20311139745710,#c8102e
20.2214220594897,7.20241608525841,#c8102e
20.2220575090106,7.20171877129314,#c8102e
20.2226907625237,7.20101946245730,#c8102e
20.2233218137665,7.20031816566659,#c8102e
20.2239506564984,7.19961488785641,#c8102e
20.2245772845005,7.19890963598173,#c8102e
20.2252016915758,7.19820241701702,#c8102e
20.2258238715494,7.19749323795626,#c8102e
20.2264438182682,7.19678210581275,#c8102e
20.2270615256015,7.19606902761915,#c8102e
20.2276769874404,7.19535401042736,#c8102e
20.2282901976985,7.19463706130843,#c8102e
20.2289011503115,7.19391818735253,#c8102e
20.2295098392374,7.19319739566888,#c8102e
20.2301162584567,7.19247469338565,#c8102e
20.2307204019723,7.19175008764990,#c8102e
20.2313222638096,7.19102358562752,#c8102e
20.2319218380166,7.19029519450316,#c8102e
20.2325191186639,7.18956492148014,#c8102e
20.2331140998447,7.18883277378040,#c8102e
20.2337067756750,7.18809875864442,#c8102e
20.2342971402938,7.18736288333114,#c8102e
20.2348851878625,7.18662515511790,#c8102e
20.2354709125659,7.18588558130036,#c8102e
20.2360543086115,7.18514416919244,#c8102e
20.2366353702298,7.18440092612623,#c8102e
20.2372140916745,7.18365585945193,#c8102e
20.2377904672225,7.18290897653779,#c8102e
20.2383644911737,7.18216028477000,#c8102e
20.2389361578515,7.18140979155264,#c8102e
20.2395054616023,7.18065750430762,#c8102e
20.2400723967962,7.17990343047458,#c8102e
20.2406369578265,7.17914757751084,#c8102e
20.2411991391101,7.17838995289129,#c8102e
20.2417589350873,7.17763056410836,#c8102e
20.2423163402221,7.17686941867193,#c8102e
20.2428713490022,7.17610652410925,#c8102e
20.2434239559389,7.17534188796484,#c8102e
20.2439741555671,7.17457551780049,#c8102e
20.2445219424459,7.17380742119511,#c8102e
20.2450673111579,7.17303760574468,#c8102e
20.2456102563097,7.17226607906219,#c8102e
20.2461507725321,7.17149284877754,#c8102e
20.2466888544796,7.17071792253750,#c8102e
20.2472244968310,7.16994130800560,#c8102e
20.2477576942891,7.16916301286205,#c8102e
20.2482884415808,7.16838304480371,#c8102e
20.2488167334575,7.16760141154396,#c8102e
20.2493425646947,7.16681812081265,#c8102e
20.2498659300922,7.16603318035605,#c8102e
20.2503868244743,7.16524659793670,#c8102e
20.2509052426897,7.16445838133341,#c8102e
20.2514211796116,7.16366853834115,#c8102e
20.2519346301376,7.16287707677095,#c8102e
20.2524455891900,7.16208400444987,#c8102e
20.2529540517159,7.16128932922090,#c8102e
20.2534600126867,7.16049305894286,#c8102e
20.2539634670990,7.15969520149036,#c8102e
20.2544644099738,7.15889576475371,#c8102e
20.2549628363572,7.15809475663882,#c8102e
20.2554587413200,7.15729218506717,#c8102e
20.2559521199580,7.15648805797567,#c8102e
20.2564429673921,7.15568238331663,#c8102e
20.2569312787680,7.15487516905766,#c8102e
20.2574170492567,7.15406642318160,#c8102e
20.2579002740542,7.15325615368642,#c8102e
20.2583809483818,7.15244436858519,#c8102e
20.2588590674858,7.15163107590594,#c8102e
20.2593346266380,7.15081628369162,#c8102e
20.2598076211353,7.15000000000000,#c8102e
20.2602780463003,7.14918223290362,#c8102e
20.2607458974806,7.14836299048967,#c8102e
20.2612111700495,7.14754228085993,#c8102e
20.2616738594058,7.14672011213072,#c8102e
20.2621339609738,7.14589649243274,#c8102e
20.2625914702033,7.14507142991108,#c8102e
20.2630463825699,7.14424493272509,#c8102e
20.2634986935748,7.14341700904829,#c8102e
20.2639483987449,7.14258766706833,#c8102e
20.2643954936329,7.14175691498686,#c8102e
20.2648399738174,7.14092476101951,#c8102e
20.2652818349026,7.14009121339574,#c8102e
20.2657210725190,7.13925628035882,#c8102e
20.2661576823226,7.13841997016570,#c8102e
20.2665916599957,7.13758229108695,#c8102e
20.2670230012466,7.13674325140669,#c8102e
20.2674517018095,7.13590285942249,#c8102e
20.2678777574449,7.13506112344530,#c8102e
20.2683011639393,7.13421805179935,#c8102e
20.2687219171056,7.13337365282208,#c8102e
20.2691400127827,7.13252793486406,#c8102e
20.2695554468360,7.13168090628890,#c8102e
20.2699682151570,7.13083257547318,#c8102e
20.2703783136638,7.12998295080636,#c8102e
20.2707857383007,7.12913204069068,#c8102e
20.2711904850386,7.12827985354110,#c8102e
20.2715925498748,7.12742639778521,#c8102e
20.2719919288331,7.12657168186316,#c8102e
20.2723886179639,7.12571571422752,#c8102e
20.2727826133442,7.12485850334329,#c8102e
20.2731739110776,7.12400005768774,#c8102e
20.2735625072945,7.12314038575033,#c8102e
20.2739483981519,7.12227949603270,#c8102e
20.2743315798336,7.12141739704848,#c8102e
20.2747120485501,7.12055409732330,#c8102e
20.2750898005388,7.11968960539463,#c8102e
20.2754648320641,7.11882392981175,#c8102e
20.2758371394171,7.11795707913564,#c8102e
20.2762067189159,7.11708906193892,#c8102e
20.2765735669056,7.11621988680571,#c8102e
20.2769376797583,7.11534956233160,#c8102e
20.2772990538732,7.11447809712356,#c8102e
20.2776576856765,7.11360549979983,#c8102e
20.2780135716216,7.11273177898982,#c8102e
20.2783667081890,7.11185694333409,#c8102e
20.2787170918863,7.11098100148421,#c8102e
20.2790647192486,7.11010396210269,#c8102e
20.2794095868380,7.10922583386288,#c8102e
20.2797516912439,7.10834662544893,#c8102e
20.2800910290833,7.10746634555564,#c8102e
20.2804275970001,7.10658500288842,#c8102e
20.2807613916661,7.10570260616319,#c8102e
20.2810924097802,7.10481916410630,#c8102e
20.2814206480688,7.10393468545442,#c8102e
20.2817461032859,7.10304917895449,#c8102e
20.2820687722129,7.10216265336360,#c8102e
20.2823886516589,7.10127511744894,#c8102e
20.2827057384603,7.10038657998766,#c8102e
20.2830200294815,7.09949704976684,#c8102e
20.2833315216142,7.09860653558337,#c8102e
20.2836402117782,7.09771504624387,#c8102e
20.2839460969205,7.09682259056459,#c8102e
20.2842491740161,7.09592917737137,#c8102e
20.2845494400679,7.09503481549949,#c8102e
20.2848468921064,7.09413951379362,#c8102e
20.2851415271900,7.09324328110773,#c8102e
20.2854333424050,7.09234612630499,#c8102e
20.2857223348653,7.09144805825769,#c8102e
20.2860085017132,7.09054908584715,#c8102e
20.2862918401186,7.08964921796364,#c8102e
20.2865723472795,7.08874846350628,#c8102e
20.2868500204218,7.08784683138297,#c8102e
20.2871248567995,7.08694433051026,#c8102e
20.2873968536946,7.08604096981333,#c8102e
20.2876660084174,7.08513675822583,#c8102e
20.2879323183060,7.08423170468985,#c8102e
20.2881957807267,7.08332581815578,#c8102e
20.2884563930741,7.08241910758228,#c8102e
20.2887141527710,7.08151158193612,#c8102e
20.2889690572682,7.08060325019218,#c8102e
20.2892211040448,7.07969412133326,#c8102e
20.2894702906084,7.07878420435009,#c8102e
20.2897166144946,7.07787350824114,#c8102e
20.2899600732674,7.07696204201265,#c8102e
20.2902006645192,7.07604981467842,#c8102e
20.2904383858706,7.07513683525981,#c8102e
20.2906732349708,7.07422311278560,#c8102e
20.2909052094973,7.07330865629193,#c8102e
20.2911343071559,7.07239347482219,#c8102e
20.2913605256811,7.07147757742695,#c8102e
20.2915838628357,7.07056097316385,#c8102e
20.2918043164109,7.06964367109752,#c8102e
20.2920218842268,7.06872568029950,#c8102e
20.2922365641316,7.06780700984813,#c8102e
20.2924483540024,7.06688766882849,#c8102e
20.2926572517446,7.06596766633227,#c8102e
20.2928632552923,7.06504701145772,#c8102e
20.2930663626084,7.06412571330951,#c8102e
20.2932665716843,7.06320378099872,#c8102e
20.2934638805400,7.06228122364266,#c8102e
20.2936582872242,7.06135805036484,#c8102e
20.2938497898143,7.06043427029485,#c8102e
20.2940383864167,7.05950989256830,#c8102e
20.2942240751660,7.05858492632670,#c8102e
20.2944068542261,7.05765938071737,#c8102e
20.2945867217893,7.05673326489338,#c8102e
20.2947636760768,7.05580658801341,#c8102e
20.2949377153387,7.05487935924172,#c8102e
20.2951088378539,7.05395158774800,#c8102e
20.2952770419300,7.05302328270734,#c8102e
20.2954423259037,7.05209445330008,#c8102e
20.2956046881403,7.05116510871175,#c8102e
20.2957641270342,7.05023525813297,#c8102e
20.2959206410087,7.04930491075939,#c8102e
20.2960742285159,7.04837407579155,#c8102e
20.2962248880370,7.04744276243480,#c8102e
20.2963726180821,7.04651097989926,#c8102e
20.2965174171900,7.04557873739966,#c8102e
20.2966592839290,7.04464604415527,#c8102e
20.2967982168960,7.04371290938986,#c8102e
20.2969342147171,7.04277934233153,#c8102e
20.2970672760474,7.04184535221266,#c8102e
20.2971973995708,7.04091094826983,#c8102e
20.2973245840007,7.03997613974369,#c8102e
20.2974488280792,7.03904093587891,#c8102e
20.2975701305777,7.03810534592406,#c8102e
20.2976884902964,7.03716937913154,#c8102e
20.2978039060651,7.03623304475745,#c8102e
20.2979163767421,7.03529635206155,#c8102e
20.2980259012153,7.03435931030714,#c8102e
20.2981324784016,7.03342192876097,#c8102e
20.2982361072470,7.03248421669314,#c8102e
20.2983367867266,7.03154618337703,#c8102e
20.2984345158448,7.03060783808920,#c8102e
20.2985292936351,7.02966919010928,#c8102e
20.2986211191602,7.02873024871990,#c8102e
20.2987099915121,7.02779102320661,#c8102e
20.2987959098117,7.02685152285774,#c8102e
20.2988788732096,7.02591175696436,#c8102e
20.2989588808851,7.02497173482015,#c8102e
20.2990359320471,7.02403146572134,#c8102e
20.2991100259336,7.02309095896659,#c8102e
20.2991811618118,7.02215022385692,#c8102e
20.2992493389783,7.02120926969560,#c8102e
20.2993145567589,7.02026810578806,#c8102e
20.2993768145085,7.01932674144183,#c8102e
20.2994361116114,7.01838518596639,#c8102e
20.2994924474814,7.01744344867314,#c8102e
20.2995458215612,7.01650153887526,#c8102e
20.2995962333229,7.01555946588763,#c8102e
20.2996436822682,7.01461723902676,#c8102e
20.2996881679276,7.01367486761068,#c8102e
20.2997296898614,7.01273236095884,#c8102e
20.2997682476588,7.01178972839204,#c8102e
20.2998038409386,7.01084697923231,#c8102e
20.2998364693487,7.00990412280283,#c8102e
20.2998661325665,7.00896116842788,#c8102e
20.2998928302987,7.00801812543265,#c8102e
20.2999165622811,7.00707500314326,#c8102e
20.2999373282792,7.00613181088657,#c8102e
20.2999551280875,7.00518855799017,#c8102e
20.2999699615300,7.00424525378223,#c8102e
20.2999818284601,7.00330190759142,#c8102e
20.2999907287603,7.00235852874684,#c8102e
20.2999966623427,7.00141512657791,#c8102e
20.2999996291486,7.00047171041428,#c8102e
20.2999996291486,6.99952828958572,#c8102e
20.2999966623427,6.99858487342209,#c8102e
20.2999907287603,6.99764147125316,#c8102e
20.2999818284601,6.99669809240858,#c8102e
20.2999699615300,6.99575474621777,#c8102e
20.2999551280875,6.99481144200983,#c8102e
20.2999373282792,6.99386818911343,#c8102e
20.2999165622811,6.99292499685674,#c8102e
20.2998928302987,6.99198187456735,#c8102e
20.2998661325665,6.99103883157212,#c8102e
20.2998364693487,6.99009587719717,#c8102e
20.2998038409386,6.98915302076769,#c8102e
20.2997682476588,6.98821027160796,#c8102e
20.2997296898614,6.98726763904116,#c8102e
20.2996881679276,6.98632513238932,#c8102e
20.2996436822682,6.98538276097324,#c8102e
20.2995962333229,6.98444053411237,#c8102e
20.2995458215612,6.98349846112474,#c8102e
20.2994924474814,6.98255655132686,#c8102e
20.2994361116114,6.98161481403361,#c8102e
20.2993768145085,6.98067325855817,#c8102e
20.2993145567589,6.97973189421194,#c8102e
20.2992493389783,6.97879073030440,#c8102e
20.2991811618118,6.97784977614308,#c8102e
20.2991100259336,6.97690904103341,#c8102e
20.2990359320471,6.97596853427866,#c8102e
20.2989588808851,6.97502826517985,#c8102e
20.2988788732096,6.97408824303564,#c8102e
20.2987959098117,6.97314847714226,#c8102e
20.2987099915121,6.97220897679339,#c8102e
20.2986211191602,6.97126975128010,#c8102e
20.2985292936351,6.97033080989072,#c8102e
20.2984345158448,6.96939216191080,#c8102e
20.2983367867266,6.96845381662297,#c8102e
20.2982361072470,6.96751578330686,#c8102e
20.2981324784016,6.96657807123903,#c8102e
20.2980259012153,6.96564068969286,#c8102e
20.2979163767421,6.96470364793845,#c8102e
20.2978039060651,6.96376695524255,#c8102e
20.2976884902964,6.96283062086846,#c8102e
20.2975701305777,6.96189465407594,#c8102e
20.2974488280792,6.96095906412109,#c8102e
20.2973245840007,6.96002386025631,#c8102e
20.2971973995708,6.95908905173017,#c8102e
20.2970672760474,6.95815464778734,#c8102e
20.2969342147171,6.95722065766847,#c8102e
20.2967982168960,6.95628709061014,#c8102e
20.2966592839290,6.95535395584473,#c8102e
20.2965174171900,6.95442126260034,#c8102e
20.2963726180821,6.95348902010074,#c8102e
20.2962248880370,6.95255723756520,#c8102e
20.2960742285159,6.95162592420845,#c8102e
20.2959206410087,6.95069508924061,#c8102e
20.2957641270342,6.94976474186703,#c8102e
20.2956046881403,6.94883489128825,#c8102e
20.2954423259037,6.94790554669992,#c8102e
20.2952770419300,6.94697671729266,#c8102e
20.2951088378539,6.94604841225200,#c8102e
20.2949377153387,6.94512064075828,#c8102e
20.2947636760768,6.94419341198659,#c8102e
20.2945867217893,6.94326673510662,#c8102e
20.2944068542261,6.94234061928263,#c8102e
20.2942240751660,6.94141507367330,#c8102e
20.2940383864167,6.94049010743170,#c8102e
20.2938497898143,6.93956572970515,#c8102e
20.2936582872242,6.93864194963516,#c8102e
20.2934638805400,6.93771877635734,#c8102e
20.2932665716843,6.93679621900128,#c8102e
20.2930663626084,6.93587428669049,#c8102e
20.2928632552923,6.93495298854228,#c8102e
20.2926572517446,6.93403233366773,#c8102e
20.2924483540024,6.93311233117151,#c8102e
20.2922365641316,6.93219299015187,#c8102e
20.2920218842268,6.93127431970050,#c8102e
20.2918043164109,6.93035632890248,#c8102e
20.2915838628357,6.92943902683615,#c8102e
20.2913605256811,6.92852242257305,#c8102e
20.2911343071559,6.92760652517781,#c8102e
20.2909052094973,6.92669134370807,#c8102e
20.2906732349708,6.92577688721440,#c8102e
20.2904383858706,6.92486316474019,#c8102e
20.2902006645192,6.92395018532158,#c8102e
20.2899600732674,6.92303795798735,#c8102e
20.2897166144946,6.92212649175886,#c8102e
20.2894702906084,6.92121579564992,#c8102e
20.2892211040448,6.92030587866674,#c8102e
20.2889690572682,6.91939674980782,#c8102e
20.2887141527710,6.91848841806388,#c8102e
20.2884563930741,6.91758089241773,#c8102e
20.2881957807267,6.91667418184422,#c8102e
20.2879323183060,6.91576829531015,#c8102e
20.2876660084174,6.91486324177417,#c8102e
20.2873968536946,6.91395903018667,#c8102e
20.2871248567995,6.91305566948974,#c8102e
20.2868500204218,6.91215316861703,#c8102e
20.2865723472795,6.91125153649372,#c8102e
20.2862918401186,6.91035078203636,#c8102e
20.2860085017132,6.90945091415285,#c8102e
20.2857223348653,6.90855194174231,#c8102e
20.2854333424050,6.90765387369501,#c8102e
20.2851415271900,6.90675671889227,#c8102e
20.2848468921064,6.90586048620638,#c8102e
20.2845494400679,6.90496518450051,#c8102e
20.2842491740161,6.90407082262863,#c8102e
20.2839460969205,6.90317740943541,#c8102e
20.2836402117782,6.90228495375613,#c8102e
20.2833315216142,6.90139346441663,#c8102e
20.2830200294815,6.90050295023316,#c8102e
20.2827057384603,6.89961342001234,#c8102e
20.2823886516589,6.89872488255106,#c8102e
20.2820687722129,6.89783734663640,#c8102e
20.2817461032859,6.89695082104551,#c8102e
20.2814206480688,6.89606531454558,#c8102e
20.2810924097802,6.89518083589370,#c8102e
20.2807613916661,6.89429739383681,#c8102e
20.2804275970001,6.89341499711158,#c8102e
20.2800910290833,6.89253365444436,#c8102e
20.2797516912439,6.89165337455107,#c8102e
20.2794095868380,6.89077416613712,#c8102e
20.2790647192486,6.88989603789731,#c8102e
20.2787170918863,6.88901899851579,#c8102e
20.2783667081890,6.88814305666591,#c8102e
20.2780135716216,6.88726822101018,#c8102e
20.2776576856765,6.88639450020017,#c8102e
20.2772990538732,6.88552190287644,#c8102e
20.2769376797583,6.88465043766840,#c8102e
20.2765735669056,6.88378011319429,#c8102e
20.2762067189159,6.88291093806108,#c8102e
20.2758371394171,6.88204292086436,#c8102e
20.2754648320641,6.88117607018825,#c8102e
20.2750898005388,6.88031039460537,#c8102e
20.2747120485501,6.87944590267670,#c8102e
20.2743315798336,6.87858260295152,#c8102e
20.2739483981519,6.87772050396730,#c8102e
20.2735625072945,6.87685961424967,#c8102e
20.2731739110776,6.87599994231226,#c8102e
20.2727826133442,6.87514149665671,#c8102e
20.2723886179639,6.87428428577248,#c8102e
20.2719919288331,6.87342831813684,#c8102e
20.2715925498748,6.87257360221479,#c8102e
20.2711904850386,6.87172014645890,#c8102e
20.2707857383007,6.87086795930932,#c8102e
20.2703783136638,6.87001704919364,#c8102e
20.2699682151570,6.86916742452682,#c8102e
20.2695554468360,6.86831909371110,#c8102e
20.2691400127827,6.86747206513594,#c8102e
20.2687219171056,6.86662634717792,#c8102e
20.2683011639393,6.86578194820065,#c8102e
20.2678777574449,6.86493887655470,#c8102e
20.2674517018095,6.86409714057751,#c8102e
20.2670230012466,6.86325674859331,#c8102e
20.2665916599957,6.86241770891305,#c8102e
20.2661576823226,6.86158002983430,#c8102e
20.2657210725190,6.86074371964118,#c8102e
20.2652818349026,6.85990878660426,#c8102e
20.2648399738174,6.85907523898049,#c8102e
20.2643954936329,6.85824308501314,#c8102e
20.2639483987449,6.85741233293167,#c8102e
20.2634986935748,6.85658299095171,#c8102e
20.2630463825699,6.85575506727491,#c8102e
20.2625914702033,6.85492857008892,#c8102e
20.2621339609738,6.85410350756726,#c8102e
20.2616738594058,6.85327988786929,#c8102e
20.2612111700495,6.85245771914007,#c8102e
20.2607458974806,6.85163700951033,#c8102e
20.2602780463003,6.85081776709638,#c8102e
20.2598076211353,6.85000000000000,#c8102e
20.2593346266380,6.84918371630838,#c8102e
20.2588590674858,6.84836892409406,#c8102e
20.2583809483818,6.84755563141481,#c8102e
20.2579002740542,6.84674384631358,#c8102e
20.2574170492567,6.84593357681840,#c8102e
20.2569312787680,6.84512483094234,#c8102e
20.2564429673921,6.84431761668337,#c8102e
20.2559521199580,6.84351194202433,#c8102e
20.2554587413200,6.84270781493283,#c8102e
20.2549628363572,6.84190524336118,#c8102e
20.2544644099738,6.84110423524629,#c8102e
20.2539634670990,6.84030479850964,#c8102e
20.2534600126867,6.83950694105714,#c8102e
20.2529540517159,6.83871067077910,#c8102e
20.2524455891900,6.83791599555013,#c8102e
20.2519346301376,6.83712292322905,#c8102e
20.2514211796116,6.83633146165885,#c8102e
20.2509052426897,6.83554161866659,#c8102e
20.2503868244743,6.83475340206330,#c8102e
20.2498659300922,6.83396681964395,#c8102e
20.2493425646947,6.83318187918735,#c8102e
20.2488167334575,6.83239858845604,#c8102e
20.2482884415808,6.83161695519629,#c8102e
20.2477576942891,6.83083698713795,#c8102e
20.2472244968310,6.83005869199440,#c8102e
20.2466888544796,6.82928207746250,#c8102e
20.2461507725321,6.82850715122246,#c8102e
20.2456102563097,6.82773392093781,#c8102e
20.2450673111579,6.82696239425532,#c8102e
20.2445219424459,6.82619257880489,#c8102e
20.2439741555671,6.82542448219951,#c8102e
20.2434239559389,6.82465811203516,#c8102e
20.2428713490022,6.82389347589075,#c8102e
20.2423163402221,6.82313058132807,#c8102e
20.2417589350873,6.82236943589164,#c8102e
20.2411991391101,6.82161004710871,#c8102e
20.2406369578265,6.82085242248916,#c8102e
20.2400723967962,6.82009656952542,#c8102e
20.2395054616023,6.81934249569238,#c8102e
20.2389361578515,6.81859020844736,#c8102e
20.2383644911737,6.81783971523000,#c8102e
20.2377904672225,6.81709102346221,#c8102e
20.2372140916745,6.81634414054807,#c8102e
20.2366353702298,6.81559907387377,#c8102e
20.2360543086115,6.81485583080756,#c8102e
20.2354709125659,6.81411441869964,#c8102e
20.2348851878625,6.81337484488210,#c8102e
20.2342971402938,6.81263711666886,#c8102e
20.2337067756750,6.81190124135558,#c8102e
20.2331140998447,6.81116722621960,#c8102e
20.2325191186639,6.81043507851986,#c8102e
20.2319218380166,6.80970480549684,#c8102e
20.2313222638096,6.80897641437248,#c8102e
20.2307204019723,6.80824991235010,#c8102e
20.2301162584567,6.80752530661435,#c8102e
20.2295098392374,6.80680260433112,#c8102e
20.2289011503115,6.80608181264747,#c8102e
20.2282901976985,6.80536293869157,#c8102e
20.2276769874404,6.80464598957264,#c8102e
20.2270615256015,6.80393097238085,#c8102e
20.2264438182682,6.80321789418725,#c8102e
20.2258238715494,6.80250676204374,#c8102e
20.2252016915758,6.80179758298298,#c8102e
20.2245772845005,6.80109036401827,#c8102e
20.2239506564984,6.80038511214359,#c8102e
20.2233218137665,6.79968183433341,#c8102e
20.2226907625237,6.79898053754270,#c8102e
20.2220575090106,6.79828122870686,#c8102e
20.2214220594897,6.79758391474159,#c8102e
20.2207844202452,6.79688860254290,#c8102e
20.2201445975830,6.79619529898697,#c8102e
20.2195025978305,6.79550401093014,#c8102e
20.2188584273367,6.79481474520881,#c8102e
20.2182120924719,6.79412750863938,#c8102e
20.2175635996281,6.79344230801818,#c8102e
20.2169129552185,6.79275915012142,#c8102e
20.2162601656774,6.79207804170508,#c8102e
20.2156052374606,6.79139898950490,#c8102e
20.2149481770448,6.79072200023628,#c8102e
20.2142889909281,6.79004708059421,#c8102e
20.2136276856293,6.78937423725321,#c8102e
20.2129642676883,6.78870347686729,#c8102e
20.2122987436660,6.78803480606982,#c8102e
20.2116311201438,6.78736823147355,#c8102e
20.2109614037242,6.78670375967047,#c8102e
20.2102896010303,6.78604139723179,#c8102e
20.2096157187057,6.78538115070785,#c8102e
20.2089397634148,6.78472302662806,#c8102e
20.2082617418422,6.78406703150087,#c8102e
20.2075816606933,6.78341317181364,#c8102e
20.2068995266935,6.78276145403264,#c8102e
20.2062153465887,6.78211188460293,#c8102e
20.2055291271451,6.78146446994834,#c8102e
20.2048408751490,6.78081921647140,#c8102e
20.2041505974066,6.78017613055326,#c8102e
20.2034583007444,6.77953521855362,#c8102e
20.2027639920088,6.77889648681069,#c8102e
20.2020676780661,6.77825994164114,#c8102e
20.2013693658023,6.77762558933998,#c8102e
20.2006690621233,6.77699343618056,#c8102e
20.1999667739547,6.77636348841447,#c8102e
20.1992625082417,6.77573575227149,#c8102e
20.1985562719490,6.77511023395954,#c8102e
20.1978480720608,6.77448693966460,#c8102e
20.1971379155808,6.77386587555065,#c8102e
20.1964258095319,6.77324704775962,#c8102e
20.1957117609565,6.77263046241132,#c8102e
20.1949957769161,6.77201612560339,#c8102e
20.1942778644912,6.77140404341124,#c8102e
20.1935580307816,6.77079422188796,#c8102e
20.1928362829060,6.77018666706431,#c8102e
20.1921126280019,6.76958138494861,#c8102e
20.1913870732259,6.76897838152673,#c8102e
20.1906596257533,6.76837766276197,#c8102e
20.1899302927780,6.76777923459508,#c8102e
20.1891990815128,6.76718310294413,#c8102e
20.1884659991887,6.76658927370447,#c8102e
20.1877310530555,6.76599775274870,#c8102e
20.1869942503815,6.76540854592660,#c8102e
20.1862555984530,6.76482165906503,#c8102e
20.1855151045749,6.76423709796794,#c8102e
20.1847727760702,6.76365486841627,#c8102e
20.1840286202800,6.76307497616790,#c8102e
20.1832826445636,6.76249742695759,#c8102e
20.1825348562983,6.76192222649695,#c8102e
20.1817852628791,6.76134938047432,#c8102e
20.1810338717190,6.76077889455481,#c8102e
20.1802806902489,6.76021077438015,#c8102e
20.1795257259173,6.75964502556869,#c8102e
20.1787689861902,6.75908165371533,#c8102e
20.1780104785513,6.75852066439146,#c8102e
20.1772502105018,6.75796206314490,#c8102e
20.1764881895602,6.75740585549987,#c8102e
20.1757244232626,6.75685204695691,#c8102e
20.1749589191619,6.75630064299283,#c8102e
20.1741916848286,6.75575164906067,#c8102e
20.1734227278501,6.75520507058963,#c8102e
20.1726520558310,6.75466091298503,#c8102e
20.1718796763926,6.75411918162823,#c8102e
20.1711055971734,6.75357988187661,#c8102e
20.1703298258284,6.75304301906352,#c8102e
20.1695523700296,6.75250859849817,#c8102e
20.1687732374655,6.75197662546566,#c8102e
20.1679924358413,6.75144710522685,#c8102e
20.1672099728785,6.75092004301836,#c8102e
20.1664258563152,6.75039544405252,#c8102e
20.1656400939059,6.74987331351725,#c8102e
20.1648526934212,6.74935365657612,#c8102e
20.1640636626481,6.74883647836819,#c8102e
20.1632730093895,6.74832178400802,#c8102e
20.1624807414645,6.74780957858562,#c8102e
20.1616868667081,6.74729986716638,#c8102e
20.1608913929712,6.74679265479102,#c8102e
20.1600943281206,6.74628794647553,#c8102e
20.1592956800388,6.74578574721118,#c8102e
20.1584954566238,6.74528606196439,#c8102e
20.1576936657894,6.74478889567673,#c8102e
20.1568903154647,6.74429425326486,#c8102e
20.1560854135945,6.74380213962048,#c8102e
20.1552789681386,6.74331255961029,#c8102e
20.1544709870722,6.74282551807590,#c8102e
20.1536614783859,6.74234101983387,#c8102e
20.1528504500852,6.74185906967557,#c8102e
20.1520379101905,6.74137967236717,#c8102e
20.1512238667374,6.74090283264962,#c8102e
20.1504083277763,6.74042855523856,#c8102e
20.1495913013723,6.73995684482428,#c8102e
20.1487727956053,6.73948770607171,#c8102e
20.1479528185698,6.73902114362033,#c8102e
20.1471313783749,6.73855716208415,#c8102e
20.1463084831441,6.73809576605164,#c8102e
20.1454841410152,6.73763696008573,#c8102e
20.1446583601406,6.73718074872371,#c8102e
20.1438311486866,6.73672713647723,#c8102e
20.1430025148339,6.73627612783221,#c8102e
20.1421724667771,6.73582772724886,#c8102e
20.1413410127249,6.73538193916156,#c8102e
20.1405081608998,6.73493876797888,#c8102e
20.1396739195382,6.73449821808349,#c8102e
20.1388382968902,6.73406029383217,#c8102e
20.1380013012196,6.73362499955570,#c8102e
20.1371629408037,6.73319233955886,#c8102e
20.1363232239335,6.73276231812039,#c8102e
20.1354821589131,6.73233493949293,#c8102e
20.1346397540601,6.73191020790298,#c8102e
20.1337960177055,6.73148812755086,#c8102e
20.1329509581932,6.73106870261069,#c8102e
20.1321045838804,6.73065193723030,#c8102e
20.1312569031371,6.73023783553125,#c8102e
20.1304079243463,6.72982640160873,#c8102e
20.1295576559040,6.72941763953158,#c8102e
20.1287061062187,6.72901155334217,#c8102e
20.1278532837117,6.72860814705646,#c8102e
20.1269991968170,6.72820742466387,#c8102e
20.1261438539808,6.72780939012729,#c8102e
20.1252872636619,6.72741404738303,#c8102e
20.1244294343316,6.72702140034077,#c8102e
20.1235703744732,6.72663145288356,#c8102e
20.1227100925822,6.72624420886772,#c8102e
20.1218485971663,6.72585967212284,#c8102e
20.1209858967452,6.72547784645176,#c8102e
20.1201219998503,6.72509873563049,#c8102e
20.1192569150252,6.72472234340819,#c8102e
20.1183906508248,6.72434867350714,#c8102e
20.1175232158161,6.72397772962270,#c8102e
20.1166546185774,6.72360951542327,#c8102e
20.1157848676986,6.72324403455026,#c8102e
20.1149139717810,6.72288129061803,#c8102e
20.1140419394371,6.72252128721390,#c8102e
20.1131687792908,6.72216402789807,#c8102e
20.1122944999772,6.72180951620361,#c8102e
20.1114191101423,6.72145775563641,#c8102e
20.1105426184431,6.72110874967517,#c8102e
20.1096650335476,6.72076250177132,#c8102e
20.1087863641345,6.72041901534905,#c8102e
20.1079066188934,6.72007829380521,#c8102e
20.1070258065243,6.71974034050932,#c8102e
20.1061439357379,6.71940515880354,#c8102e
20.1052610152554,6.71907275200258,#c8102e
20.1043770538083,6.71874312339375,#c8102e
20.1034920601384,6.71841627623686,#c8102e
20.1026060429977,6.71809221376423,#c8102e
20.1017190111484,6.71777093918062,#c8102e
20.1008309733627,6.71745245566323,#c8102e
20.0999419384226,6.71713676636167,#c8102e
20.0990519151203,6.71682387439791,#c8102e
20.0981609122573,6.71651378286624,#c8102e
20.0972689386453,6.71620649483328,#c8102e
20.0963760031052,6.71590201333790,#c8102e
20.0954821144677,6.71560034139124,#c8102e
20.0945872815727,6.71530148197664,#c8102e
20.0936915132694,6.71500543804963,#c8102e
20.0927948184167,6.71471221253790,#c8102e
20.0918972058820,6.71442180834126,#c8102e
20.0909986845424,6.71413422833163,#c8102e
20.0900992632835,6.71384947535298,#c8102e
20.0891989510002,6.71356755222134,#c8102e
20.0882977565958,6.71328846172476,#c8102e
20.0873956889827,6.71301220662327,#c8102e
20.0864927570817,6.71273878964884,#c8102e
20.0855889698222,6.71246821350541,#c8102e
20.0846843361422,6.71220048086879,#c8102e
20.0837788649878,6.71193559438669,#c8102e
20.0828725653137,6.71167355667868,#c8102e
20.0819654460825,6.71141437033613,#c8102e
20.0810575162651,6.71115803792225,#c8102e
20.0801487848404,6.71090456197198,#c8102e
20.0792392607950,6.71065394499205,#c8102e
20.0783289531236,6.71040618946090,#c8102e
20.0774178708287,6.71016129782868,#c8102e
20.0765060229201,6.70991927251720,#c8102e
20.0755934184155,6.70968011591995,#c8102e
20.0746800663401,6.70944383040203,#c8102e
20.0737659757262,6.70921041830016,#c8102e
20.0728511556136,6.70897988192263,#c8102e
20.0719356150493,6.70875222354930,#c8102e
20.0710193630875,6.70852744543157,#c8102e
20.0701024087893,6.70830554979235,#c8102e
20.0691847612227,6.70808653882605,#c8102e
20.0682664294628,6.70787041469855,#c8102e
20.0673474225913,6.70765717954717,#c8102e
20.0664277496965,6.70744683548069,#c8102e
20.0655074198734,6.70723938457926,#c8102e
20.0645864422235,6.70703482889444,#c8102e
20.0636648258548,6.70683317044917,#c8102e
20.0627425798813,6.70663441123771,#c8102e
20.0618197134235,6.70643855322567,#c8102e
20.0608962356080,6.70624559834996,#c8102e
20.0599721555674,6.70605554851878,#c8102e
20.0590474824403,6.70586840561160,#c8102e
20.0581222253711,6.70568417147915,#c8102e
20.0571963935099,6.70550284794338,#c8102e
20.0562699960128,6.70532443679748,#c8102e
20.0553430420410,6.70514893980580,#c8102e
20.0544155407618,6.70497635870391,#c8102e
20.0534875013474,6.70480669519853,#c8102e
20.0525589329756,6.70463995096752,#c8102e
20.0516298448293,6.70447612765987,#c8102e
20.0507002460966,6.70431522689569,#c8102e
20.0497701459706,6.70415725026619,#c8102e
20.0488395536495,6.70400219933365,#c8102e
20.0479084783363,6.70385007563144,#c8102e
20.0469769292386,6.70370088066396,#c8102e
20.0460449155689,6.70355461590665,#c8102e
20.0451124465442,6.70341128280597,#c8102e
20.0441795313860,6.70327088277941,#c8102e
20.0432461793204,6.70313341721543,#c8102e
20.0423123995775,6.70299888747347,#c8102e
20.0413782013918,6.70286729488395,#c8102e
20.0404435940020,6.70273864074824,#c8102e
20.0395085866507,6.70261292633864,#c8102e
20.0385731885846,6.70249015289840,#c8102e
20.0376374090541,6.70237032164165,#c8102e
20.0367012573135,6.70225343375346,#c8102e
20.0357647426209,6.70213949038977,#c8102e
20.0348278742376,6.70202849267742,#c8102e
20.0338906614287,6.70192044171409,#c8102e
20.0329531134627,6.70181533856834,#c8102e
20.0320152396114,6.70171318427959,#c8102e
20.0310770491497,6.70161397985806,#c8102e
20.0301385513557,6.70151772628482,#c8102e
20.0291997555105,6.70142442451177,#c8102e
20.0282606708983,6.70133407546160,#c8102e
20.0273213068060,6.70124668002780,#c8102e
20.0263816725233,6.70116223907466,#c8102e
20.0254417773427,6.70108075343724,#c8102e
20.0245016305590,6.70100222392139,#c8102e
20.0235612414697,6.70092665130372,#c8102e
20.0226206193747,6.70085403633159,#c8102e
20.0216797735762,6.70078437972311,#c8102e
20.0207387133784,6.70071768216714,#c8102e
20.0197974480880,6.70065394432329,#c8102e
20.0188559870133,6.70059316682188,#c8102e
20.0179143394650,6.70053535026395,#c8102e
20.0169725147551,6.70048049522129,#c8102e
20.0160305221979,6.70042860223636,#c8102e
20.0150883711090,6.70037967182236,#c8102e
20.0141460708057,6.70033370446318,#c8102e
20.0132036306067,6.70029070061341,#c8102e
20.0122610598322,6.70025066069832,#c8102e
20.0113183678036,6.70021358511390,#c8102e
20.0103755638435,6.70017947422678,#c8102e
20.0094326572757,6.70014832837431,#c8102e
20.0084896574249,6.70012014786450,#c8102e
20.0075465736168,6.70009493297604,#c8102e
20.0066034151779,6.70007268395828,#c8102e
20.0056601914353,6.70005340103126,#c8102e
20.0047169117171,6.70003708438566,#c8102e
20.0037735853516,6.70002373418286,#c8102e
20.0028302216678,6.70001335055488,#c8102e
20.0018868299948,6.70000593360439,#c8102e
20.0009434196623,6.70000148340477,#c8102e
20.0000000000000,6.70000000000000,#c8102e
20.0000000000000,6.75000000000000,#c8102e
20.0000000000000,6.75000000000000,#c8102e
20.0007861830519,6.75000123617064,#c8102e
20.0015723583290,6.75000494467033,#c8102e
20.0023585180565,6.75001112546240,#c8102e
20.0031446544597,6.75001977848572,#c8102e
20.0039307597643,6.75003090365472,#c8102e
20.0047168261961,6.75004450085938,#c8102e
20.0055028459816,6.75006056996523,#c8102e
20.0062888113473,6.75007911081337,#c8102e
20.0070747145208,6.75010012322042,#c8102e
20.0078605477298,6.75012360697859,#c8102e
20.0086463032030,6.75014956185565,#c8102e
20.0094319731697,6.75017798759492,#c8102e
20.0102175498602,6.75020888391527,#c8102e
20.0110030255056,6.75024225051117,#c8102e
20.0117883923381,6.75027808705265,#c8102e
20.0125736425908,6.75031639318530,#c8102e
20.0133587684983,6.75035716853030,#c8102e
20.0141437622959,6.75040041268440,#c8102e
20.0149286162208,6.75044612521996,#c8102e
20.0157133225111,6.75049430568490,#c8102e
20.0164978734067,6.75054495360274,#c8102e
20.0172822611487,6.75059806847262,#c8102e
20.0180664779801,6.75065364976926,#c8102e
20.0188505161456,6.75071169694299,#c8102e
20.0196343678914,6.75077220941977,#c8102e
20.0204180254658,6.75083518660116,#c8102e
20.0212014811189,6.75090062786437,#c8102e
20.0219847271028,6.75096853256221,#c8102e
20.0227677556717,6.75103890002316,#c8102e
20.0235505590819,6.75111172955133,#c8102e
20.0243331295921,6.75118702042648,#c8102e
20.0251154594630,6.75126477190402,#c8102e
20.0258975409581,6.75134498321505,#c8102e
20.0266793663428,6.75142765356632,#c8102e
20.0274609278856,6.75151278214029,#c8102e
20.0282422178573,6.75160036809507,#c8102e
20.0290232285313,6.75169041056451,#c8102e
20.0298039521840,6.75178290865814,#c8102e
20.0305843810946,6.75187786146122,#c8102e
20.0313645075451,6.75197526803471,#c8102e
20.0321443238205,6.75207512741533,#c8102e
20.0329238222089,6.75217743861554,#c8102e
20.0337029950016,6.75228220062353,#c8102e
20.0344818344932,6.75238941240329,#c8102e
20.0352603329812,6.75249907289456,#c8102e
20.0360384827670,6.75261118101286,#c8102e
20.0368162761550,6.75272573564951,#c8102e
20.0375937054535,6.75284273567164,#c8102e
20.0383707629741,6.75296217992221,#c8102e
20.0391474410321,6.75308406721996,#c8102e
20.0399237319469,6.75320839635953,#c8102e
20.0406996280413,6.75333516611138,#c8102e
20.0414751216422,6.75346437522182,#c8102e
20.0422502050805,6.75359602241307,#c8102e
20.0430248706910,6.75373010638322,#c8102e
20.0437991108130,6.75386662580626,#c8102e
20.0445729177895,6.75400557933211,#c8102e
20.0453462839682,6.75414696558660,#c8102e
20.0461192017009,6.75429078317150,#c8102e
20.0468916633440,6.75443703066456,#c8102e
20.0476636612583,6.75458570661949,#c8102e
20.0484351878092,6.75473680956596,#c8102e
20.0492062353669,6.75489033800967,#c8102e
20.0499767963062,6.75504629043232,#c8102e
20.0507468630067,6.75520466529164,#c8102e
20.0515164278529,6.75536546102139,#c8102e
20.0522854832344,6.75552867603143,#c8102e
20.0530540215456,6.75569430870764,#c8102e
20.0538220351863,6.75586235741204,#c8102e
20.0545895165612,6.75603282048272,#c8102e
20.0553564580804,6.75620569623391,#c8102e
20.0561228521594,6.75638098295598,#c8102e
20.0568886912190,6.75655867891546,#c8102e
20.0576539676856,6.75673878235504,#c8102e
20.0584186739911,6.75692129149363,#c8102e
20.0591828025729,6.75710620452631,#c8102e
20.0599463458744,6.75729351962442,#c8102e
20.0607092963446,6.75748323493552,#c8102e
20.0614716464385,6.75767534858347,#c8102e
20.0622333886167,6.75786985866836,#c8102e
20.0629945153463,6.75806676326663,#c8102e
20.0637550191001,6.75826606043100,#c8102e
20.0645148923572,6.75846774819056,#c8102e
20.0652741276030,6.75867182455075,#c8102e
20.0660327173292,6.75887828749337,#c8102e
20.0667906540336,6.75908713497665,#c8102e
20.0675479302209,6.75929836493520,#c8102e
20.0683045384021,6.75951197528011,#c8102e
20.0690604710948,6.75972796389890,#c8102e
20.0698157208232,6.75994632865558,#c8102e
20.0705702801185,6.76016706739066,#c8102e
20.0713241415185,6.76039017792117,#c8102e
20.0720772975681,6.76061565804070,#c8102e
20.0728297408189,6.76084350551939,#c8102e
20.0735814638298,6.76107371810397,#c8102e
20.0743324591668,6.76130629351779,#c8102e
20.0750827194029,6.76154122946082,#c8102e
20.0758322371187,6.76177852360969,#c8102e
20.0765810049017,6.76201817361772,#c8102e
20.0773290153472,6.76226017711492,#c8102e
20.0780762610579,6.76250453170803,#c8102e
20.0788227346439,6.76275123498054,#c8102e
20.0795684287231,6.76300028449270,#c8102e
20.0803133359210,6.76325167778158,#c8102e
20.0810574488711,6.76350541236106,#c8102e
20.0818007602144,6.76376148572187,#c8102e
20.0825432626002,6.76401989533159,#c8102e
20.0832849486855,6.76428063863473,#c8102e
20.0840258111356,6.76454371305269,#c8102e
20.0847658426237,6.76480911598385,#c8102e
20.0855050358314,6.76507684480352,#c8102e
20.0862433834486,6.76534689686405,#c8102e
20.0869808781736,6.76561926949479,#c8102e
20.0877175127128,6.76589396000215,#c8102e
20.0884532797816,6.76617096566961,#c8102e
20.0891881721036,6.76645028375777,#c8102e
20.0899221824111,6.76673191150434,#c8102e
20.0906553034454,6.76701584612421,#c8102e
20.0913875279563,6.76730208480943,#c8102e
20.0921188487026,6.76759062472931,#c8102e
20.0928492584519,6.76788146303034,#c8102e
20.0935787499810,6.76817459683634,#c8102e
20.0943073160757,6.76847002324839,#c8102e
20.0950349495309,6.76876773934492,#c8102e
20.0957616431508,6.76906774218169,#c8102e
20.0964873897488,6.76937002879188,#c8102e
20.0972121821478,6.76967459618606,#c8102e
20.0979360131801,6.76998144135225,#c8102e
20.0986588756874,6.77029056125595,#c8102e
20.0993807625210,6.77060195284016,#c8102e
20.1001016665420,6.77091561302541,#c8102e
20.1008215806210,6.77123153870980,#c8102e
20.1015404976386,6.77154972676904,#c8102e
20.1022584104852,6.77187017405643,#c8102e
20.1029753120610,6.77219287740297,#c8102e
20.1036911952764,6.77251783361731,#c8102e
20.1044060530516,6.77284503948585,#c8102e
20.1051198783173,6.77317449177274,#c8102e
20.1058326640141,6.77350618721989,#c8102e
20.1065444030931,6.77384012254705,#c8102e
20.1072550885156,6.77417629445181,#c8102e
20.1079647132533,6.77451469960965,#c8102e
20.1086732702886,6.77485533467395,#c8102e
20.1093807526142,6.77519819627604,#c8102e
20.1100871532337,6.77554328102525,#c8102e
20.1107924651610,6.77589058550890,#c8102e
20.1114966814213,6.77624010629238,#c8102e
20.1121997950501,6.77659183991915,#c8102e
20.1129017990942,6.77694578291077,#c8102e
20.1136026866112,6.77730193176699,#c8102e
20.1143024506698,6.77766028296572,#c8102e
20.1150010843497,6.77802083296308,#c8102e
20.1156985807418,6.77838357819348,#c8102e
20.1163949329485,6.77874851506958,#c8102e
20.1170901340832,6.77911563998240,#c8102e
20.1177841772708,6.77948494930130,#c8102e
20.1184770556476,6.77985643937405,#c8102e
20.1191687623616,6.78023010652684,#c8102e
20.1198592905722,6.78060594706436,#c8102e
20.1205486334505,6.78098395726976,#c8102e
20.1212367841794,6.78136413340478,#c8102e
20.1219237359534,6.78174647170970,#c8102e
20.1226094819791,6.78213096840346,#c8102e
20.1232940154749,6.78251761968361,#c8102e
20.1239773296711,6.78290642172643,#c8102e
20.1246594178102,6.78329737068690,#c8102e
20.1253402731469,6.78369046269880,#c8102e
20.1260198889478,6.78408569387468,#c8102e
20.1266982584921,6.78448306030598,#c8102e
20.1273753750710,6.78488255806297,#c8102e
20.1280512319883,6.78528418319489,#c8102e
20.1287258225602,6.78568793172992,#c8102e
20.1293991401155,6.78609379967524,#c8102e
20.1300711779954,6.78650178301707,#c8102e
20.1307419295539,6.78691187772072,#c8102e
20.1314113881578,6.78732407973061,#c8102e
20.1320795471865,6.78773838497033,#c8102e
20.1327464000323,6.78815478934265,#c8102e
20.1334119401005,6.78857328872961,#c8102e
20.1340761608093,6.78899387899251,#c8102e
20.1347390555901,6.78941655597198,#c8102e
20.1354006178870,6.78984131548802,#c8102e
20.1360608411579,6.79026815334002,#c8102e
20.1367197188734,6.79069706530682,#c8102e
20.1373772445177,6.79112804714677,#c8102e
20.1380334115883,6.79156109459771,#c8102e
20.1386882135960,6.79199620337710,#c8102e
20.1393416440654,6.79243336918197,#c8102e
20.1399936965344,6.79287258768904,#c8102e
20.1406443645546,6.79331385455471,#c8102e
20.1412936416913,6.79375716541514,#c8102e
20.1419415215237,6.79420251588626,#c8102e
20.1425879976445,6.79464990156384,#c8102e
20.1432330636605,6.79509931802352,#c8102e
20.1438767131925,6.79555076082086,#c8102e
20.1445189398751,6.79600422549136,#c8102e
20.1451597373572,6.79645970755056,#c8102e
20.1457990993016,6.79691720249403,#c8102e
20.1464370193855,6.79737670579743,#c8102e
20.1470734913002,6.79783821291656,#c8102e
20.1477085087515,6.79830171928742,#c8102e
20.1483420654594,6.79876722032622,#c8102e
20.1489741551585,6.79923471142944,#c8102e
20.1496047715977,6.79970418797391,#c8102e
20.1502339085408,6.80017564531679,#c8102e
20.1508615597659,6.80064907879567,#c8102e
20.1514877190659,6.80112448372860,#c8102e
20.1521123802486,6.80160185541412,#c8102e
20.1527355371364,6.80208118913133,#c8102e
20.1533571835667,6.80256248013992,#c8102e
20.1539773133918,6.80304572368023,#c8102e
20.1545959204791,6.80353091497329,#c8102e
20.1552129987108,6.80401804922086,#c8102e
20.1558285419846,6.80450712160550,#c8102e
20.1564425442130,6.80499812729059,#c8102e
20.1570549993239,6.80549106142039,#c8102e
20.1576659012606,6.80598591912011,#c8102e
20.1582752439817,6.80648269549590,#c8102e
20.1588830214611,6.80698138563498,#c8102e
20.1594892276883,6.80748198460560,#c8102e
20.1600938566683,6.80798448745718,#c8102e
20.1606969024216,6.80848888922026,#c8102e
20.1612983589847,6.80899518490663,#c8102e
20.1618982204093,6.80950336950936,#c8102e
20.1624964807634,6.81001343800283,#c8102e
20.1630931341304,6.81052538534276,#c8102e
20.1636881746099,6.81103920646635,#c8102e
20.1642815963173,6.81155489629221,#c8102e
20.1648733933840,6.81207244972050,#c8102e
20.1654635599575,6.81259186163295,#c8102e
20.1660520902014,6.81311312689291,#c8102e
20.1666389782956,6.81363624034539,#c8102e
20.1672242184361,6.81416119681713,#c8102e
20.1678078048352,6.81468799111665,#c8102e
20.1683897317217,6.81521661803428,#c8102e
20.1689699933407,6.81574707234225,#c8102e
20.1695485839537,6.81627934879468,#c8102e
20.1701254978388,6.81681344212771,#c8102e
20.1707007292908,6.81734934705950,#c8102e
20.1712742726209,6.81788705829029,#c8102e
20.1718461221573,6.81842657050244,#c8102e
20.1724162722446,6.81896787836053,#c8102e
20.1729847172444,6.81951097651137,#c8102e
20.1735514515352,6.82005585958406,#c8102e
20.1741164695123,6.82060252219005,#c8102e
20.1746797655881,6.82115095892320,#c8102e
20.1752413341919,6.82170116435982,#c8102e
20.1758011697702,6.82225313305872,#c8102e
20.1763592667865,6.82280685956129,#c8102e
20.1769156197216,6.82336233839152,#c8102e
20.1774702230736,6.82391956405607,#c8102e
20.1780230713578,6.82447853104434,#c8102e
20.1785741591068,6.82503923382851,#c8102e
20.1791234808707,6.82560166686357,#c8102e
20.1796710312171,6.82616582458742,#c8102e
20.1802168047311,6.82673170142090,#c8102e
20.1807607960154,6.82729929176785,#c8102e
20.1813029996901,6.82786859001515,#c8102e
20.1818434103933,6.82843959053282,#c8102e
20.1823820227805,6.82901228767401,#c8102e
20.1829188315254,6.82958667577512,#c8102e
20.1834538313192,6.83016274915581,#c8102e
20.1839870168710,6.83074050211908,#c8102e
20.1845183829081,6.83131992895133,#c8102e
20.1850479241755,6.83190102392238,#c8102e
20.1855756354364,6.83248378128559,#c8102e
20.1861015114721,6.83306819527784,#c8102e
20.1866255470820,6.83365426011965,#c8102e
20.1871477370837,6.83424197001523,#c8102e
20.1876680763132,6.83483131915248,#c8102e
20.1881865596245,6.83542230170312,#c8102e
20.1887031818902,6.83601491182271,#c8102e
20.1892179380012,6.83660914365070,#c8102e
20.1897308228670,6.83720499131054,#c8102e
20.1902418314154,6.83780244890965,#c8102e
20.1907509585929,6.83840151053956,#c8102e
20.1912581993645,6.83900217027593,#c8102e
20.1917635487139,6.83960442217863,#c8102e
20.1922670016436,6.84020826029175,#c8102e
20.1927685531747,6.84081367864373,#c8102e
20.1932681983472,6.84142067124737,#c8102e
20.1937659322199,6.84202923209988,#c8102e
20.1942617498706,6.84263935518300,#c8102e
20.1947556463959,6.84325103446298,#c8102e
20.1952476169115,6.84386426389072,#c8102e
20.1957376565521,6.84447903740175,#c8102e
20.1962257604716,6.84509534891637,#c8102e
20.1967119238429,6.84571319233964,#c8102e
20.1971961418582,6.84633256156148,#c8102e
20.1976784097288,6.84695345045672,#c8102e
20.1981587226854,6.84757585288517,#c8102e
20.1986370759781,6.84819976269167,#c8102e
20.1991134648762,6.84882517370613,#c8102e
20.1995878846686,6.84945207974365,#c8102e
20.2000603306635,6.85008047460451,#c8102e
20.2005307981888,6.85071035207430,#c8102e
20.2009992825917,6.85134170592393,#c8102e
20.2014657792394,6.85197452990970,#c8102e
20.2019302835185,6.85260881777339,#c8102e
20.2023927908352,6.85324456324230,#c8102e
20.2028532966157,6.85388176002930,#c8102e
20.2033117963059,6.85452040183292,#c8102e
20.2037682853716,6.85516048233741,#c8102e
20.2042227592982,6.85580199521277,#c8102e
20.2046752135915,6.85644493411484,#c8102e
20.2051256437768,6.85708929268538,#c8102e
20.2055740453997,6.85773506455208,#c8102e
20.2060204140258,6.85838224332867,#c8102e
20.2064647452409,6.85903082261496,#c8102e
20.2069070346507,6.85968079599691,#c8102e
20.2073472778813,6.86033215704670,#c8102e
20.2077854705789,6.86098489932279,#c8102e
20.2082216084102,6.86163901636996,#c8102e
20.2086556870620,6.86229450171942,#c8102e
20.2090877022414,6.86295134888882,#c8102e
20.2095176496763,6.86360955138238,#c8102e
20.2099455251146,6.86426910269088,#c8102e
20.2103713243250,6.86492999629177,#c8102e
20.2107950430966,6.86559222564925,#c8102e
20.2112166772390,6.86625578421429,#c8102e
20.2116362225825,6.86692066542470,#c8102e
20.2120536749782,6.86758686270525,#c8102e
20.2124690302977,6.86825436946765,#c8102e
20.2128822844333,6.86892317911069,#c8102e
20.2132934332983,6.86959328502028,#c8102e
20.2137024728267,6.87026468056948,#c8102e
20.2141093989733,6.87093735911862,#c8102e
20.2145142077139,6.87161131401534,#c8102e
20.2149168950452,6.87228653859465,#c8102e
20.2153174569848,6.87296302617901,#c8102e
20.2157158895715,6.87364077007838,#c8102e
20.2161121888650,6.87431976359032,#c8102e
20.2165063509461,6.87500000000000,#c8102e
20.2168983719169,6.87568147258032,#c8102e
20.2172882479005,6.87636417459195,#c8102e
20.2176759750413,6.87704809928339,#c8102e
20.2180615495049,6.87773323989107,#c8102e
20.2184449674782,6.87841958963938,#c8102e
20.2188262251695,6.87910714174076,#c8102e
20.2192053188083,6.87979588939576,#c8102e
20.2195822446457,6.88048582579309,#c8102e
20.2199569989541,6.88117694410973,#c8102e
20.2203295780275,6.88186923751095,#c8102e
20.2206999781812,6.88256269915041,#c8102e
20.2210681957522,6.88325732217021,#c8102e
20.2214342270991,6.88395309970098,#c8102e
20.2217980686022,6.88465002486192,#c8102e
20.2221597166631,6.88534809076088,#c8102e
20.2225191677055,6.88604729049442,#c8102e
20.2228764181746,6.88674761714792,#c8102e
20.2232314645374,6.88744906379558,#c8102e
20.2235843032828,6.88815162350054,#c8102e
20.2239349309213,6.88885528931494,#c8102e
20.2242833439856,6.88956005427995,#c8102e
20.2246295390300,6.89026591142592,#c8102e
20.2249735126308,6.89097285377235,#c8102e
20.2253152613865,6.89168087432803,#c8102e
20.2256547819173,6.89238996609110,#c8102e
20.2259920708655,6.89310012204908,#c8102e
20.2263271248957,6.89381133517899,#c8102e
20.2266599406942,6.89452359844737,#c8102e
20.2269905149699,6.89523690481040,#c8102e
20.2273188444535,6.89595124721392,#c8102e
20.2276449258980,6.89666661859355,#c8102e
20.2279687560788,6.89738301187472,#c8102e
20.2282903317932,6.89810041997275,#c8102e
20.2286096498613,6.89881883579293,#c8102e
20.2289267071250,6.89953825223059,#c8102e
20.2292415004490,6.90025866217115,#c8102e
20.2295540267201,6.90098005849021,#c8102e
20.2298642828476,6.90170243405363,#c8102e
20.2301722657632,6.90242578171757,#c8102e
20.2304779724213,6.90315009432858,#c8102e
20.2307813997986,6.90387536472366,#c8102e
20.2310825448943,6.90460158573036,#c8102e
20.2313814047304,6.90532875016681,#c8102e
20.2316779763513,6.90605685084182,#c8102e
20.2319722568241,6.90678588055492,#c8102e
20.2322642432386,6.90751583209649,#c8102e
20.2325539327072,6.90824669824776,#c8102e
20.2328413223650,6.90897847178093,#c8102e
20.2331264093699,6.90971114545922,#c8102e
20.2334091909027,6.91044471203697,#c8102e
20.2336896641668,6.91117916425965,#c8102e
20.2339678263885,6.91191449486401,#c8102e
20.2342436748169,6.91265069657809,#c8102e
20.2345172067240,6.91338776212132,#c8102e
20.2347884194049,6.91412568420459,#c8102e
20.2350573101774,6.91486445553033,#c8102e
20.2353238763824,6.91560406879255,#c8102e
20.2355881153836,6.91634451667695,#c8102e
20.2358500245679,6.91708579186097,#c8102e
20.2361096013452,6.91782788701386,#c8102e
20.2363668431485,6.91857079479678,#c8102e
20.2366217474337,6.91931450786284,#c8102e
20.2368743116801,6.92005901885719,#c8102e
20.2371245333899,6.92080432041709,#c8102e
20.2373724100887,6.92155040517198,#c8102e
20.2376179393250,6.92229726574356,#c8102e
20.2378611186708,6.92304489474584,#c8102e
20.2381019457211,6.92379328478526,#c8102e
20.2383404180944,6.92454242846071,#c8102e
20.2385765334322,6.92529231836363,#c8102e
20.2388102893996,6.92604294707810,#c8102e
20.2390416836848,6.92679430718086,#c8102e
20.2392707139996,6.92754639124145,#c8102e
20.2394973780789,6.92829919182223,#c8102e
20.2397216736812,6.92905270147848,#c8102e
20.2399435985883,6.92980691275846,#c8102e
20.2401631506056,6.93056181820352,#c8102e
20.2403803275618,6.93131741034810,#c8102e
20.2405951273092,6.93207368171990,#c8102e
20.2408075477235,6.93283062483985,#c8102e
20.2410175867040,6.93358823222228,#c8102e
20.2412252421737,6.93434649637493,#c8102e
20.2414305120788,6.93510540979905,#c8102e
20.2416333943895,6.93586496498946,#c8102e
20.2418338870993,6.93662515443465,#c8102e
20.2420319882255,6.93738597061683,#c8102e
20.2422276958090,6.93814740601200,#c8102e
20.2424210079144,6.93890945309006,#c8102e
20.2426119226299,6.93967210431484,#c8102e
20.2428004380676,6.94043535214421,#c8102e
20.2429865523631,6.94119918903013,#c8102e
20.2431702636758,6.94196360741873,#c8102e
20.2433515701890,6.94272859975042,#c8102e
20.2435304701097,6.94349415845989,#c8102e
20.2437069616686,6.94426027597626,#c8102e
20.2438810431205,6.94502694472311,#c8102e
20.2440527127436,6.94579415711857,#c8102e
20.2442219688404,6.94656190557541,#c8102e
20.2443888097369,6.94733018250107,#c8102e
20.2445532337833,6.94809898029779,#c8102e
20.2447152393535,6.94886829136264,#c8102e
20.2448748248453,6.94963810808762,#c8102e
20.2450319886805,6.95040842285975,#c8102e
20.2451867293050,6.95117922806108,#c8102e
20.2453390451884,6.95195051606886,#c8102e
20.2454889348244,6.95272227925552,#c8102e
20.2456363967307,6.95349450998883,#c8102e
20.2457814294489,6.95426720063190,#c8102e
20.2459240315449,6.95504034354333,#c8102e
20.2460642016083,6.95581393107721,#c8102e
20.2462019382531,6.95658795558327,#c8102e
20.2463372401169,6.95736240940688,#c8102e
20.2464701058618,6.95813728488919,#c8102e
20.2466005341739,6.95891257436717,#c8102e
20.2467285237633,6.95968827017371,#c8102e
20.2468540733642,6.96046436463766,#c8102e
20.2469771817350,6.96124085008395,#c8102e
20.2470978476584,6.96201771883362,#c8102e
20.2472160699409,6.96279496320394,#c8102e
20.2473318474134,6.96357257550845,#c8102e
20.2474451789309,6.96435054805706,#c8102e
20.2475560633728,6.96512887315611,#c8102e
20.2476644996424,6.96590754310848,#c8102e
20.2477704866673,6.96668655021359,#c8102e
20.2478740233993,6.96746588676757,#c8102e
20.2479751088147,6.96824554506328,#c8102e
20.2480737419137,6.96902551739039,#c8102e
20.2481699217209,6.96980579603546,#c8102e
20.2482636472851,6.97058637328204,#c8102e
20.2483549176795,6.97136724141071,#c8102e
20.2484437320014,6.97214839269919,#c8102e
20.2485300893725,6.97292981942238,#c8102e
20.2486139889388,6.97371151385248,#c8102e
20.2486954298706,6.97449346825900,#c8102e
20.2487744113626,6.97527567490894,#c8102e
20.2488509326335,6.97605812606675,#c8102e
20.2489249929267,6.97684081399449,#c8102e
20.2489965915098,6.97762373095188,#c8102e
20.2490657276746,6.97840686919637,#c8102e
20.2491324007376,6.97919022098321,#c8102e
20.2491966100393,6.97997377856555,#c8102e
20.2492583549447,6.98075753419451,#c8102e
20.2493176348432,6.98154148011923,#c8102e
20.2493744491486,6.98232560858700,#c8102e
20.2494287972991,6.98310991184328,#c8102e
20.2494806787571,6.98389438213181,#c8102e
20.2495300930095,6.98467901169467,#c8102e
20.2495770395678,6.98546379277238,#c8102e
20.2496215179676,6.98624871760395,#c8102e
20.2496635277691,6.98703377842697,#c8102e
20.2497030685568,6.98781896747770,#c8102e
20.2497401399397,6.98860427699110,#c8102e
20.2497747415512,6.98938969920096,#c8102e
20.2498068730490,6.99017522633997,#c8102e
20.2498365341155,6.99096085063975,#c8102e
20.2498637244573,6.99174656433097,#c8102e
20.2498884438054,6.99253235964344,#c8102e
20.2499106919156,6.99331822880612,#c8102e
20.2499304685676,6.99410416404729,#c8102e
20.2499477735660,6.99489015759452,#c8102e
20.2499626067396,6.99567620167486,#c8102e
20.2499749679417,6.99646228851481,#c8102e
20.2499848570501,6.99724841034048,#c8102e
20.2499922739669,6.99803455937763,#c8102e
20.2499972186189,6.99882072785174,#c8102e
20.2499996909572,6.99960690798810,#c8102e
20.2499996909572,7.00039309201190,#c8102e
20.2499972186189,7.00117927214826,#c8102e
20.2499922739669,7.00196544062237,#c8102e
20.2499848570501,7.00275158965952,#c8102e
20.2499749679417,7.00353771148519,#c8102e
20.2499626067396,7.00432379832514,#c8102e
20.2499477735660,7.00510984240548,#c8102e
20.2499304685676,7.00589583595271,#c8102e
20.2499106919156,7.00668177119388,#c8102e
20.2498884438054,7.00746764035656,#c8102e
20.2498637244573,7.00825343566903,#c8102e
20.2498365341155,7.00903914936025,#c8102e
20.2498068730490,7.00982477366003,#c8102e
20.2497747415512,7.01061030079904,#c8102e
20.2497401399397,7.01139572300890,#c8102e
20.2497030685568,7.01218103252230,#c8102e
20.2496635277691,7.01296622157303,#c8102e
20.2496215179676,7.01375128239605,#c8102e
20.2495770395678,7.01453620722762,#c8102e
20.2495300930095,7.01532098830533,#c8102e
20.2494806787571,7.01610561786819,#c8102e
20.2494287972991,7.01689008815672,#c8102e
20.2493744491486,7.01767439141300,#c8102e
20.2493176348432,7.01845851988077,#c8102e
20.2492583549447,7.01924246580549,#c8102e
20.2491966100393,7.02002622143445,#c8102e
20.2491324007376,7.02080977901679,#c8102e
20.2490657276746,7.02159313080363,#c8102e
20.2489965915098,7.02237626904812,#c8102e
20.2489249929267,7.02315918600551,#c8102e
20.2488509326335,7.02394187393325,#c8102e
20.2487744113626,7.02472432509106,#c8102e
20.2486954298706,7.02550653174100,#c8102e
20.2486139889388,7.02628848614752,#c8102e
20.2485300893725,7.02707018057762,#c8102e
20.2484437320014,7.02785160730081,#c8102e
20.2483549176795,7.02863275858929,#c8102e
20.2482636472851,7.02941362671796,#c8102e
20.2481699217209,7.03019420396454,#c8102e
20.2480737419137,7.03097448260961,#c8102e
20.2479751088147,7.03175445493672,#c8102e
20.2478740233993,7.03253411323243,#c8102e
20.2477704866673,7.03331344978641,#c8102e
20.2476644996424,7.03409245689152,#c8102e
20.2475560633728,7.03487112684389,#c8102e
20.2474451789309,7.03564945194294,#c8102e
20.2473318474134,7.03642742449155,#c8102e
20.2472160699409,7.03720503679606,#c8102e
20.2470978476584,7.03798228116638,#c8102e
20.2469771817350,7.03875914991605,#c8102e
20.2468540733642,7.03953563536234,#c8102e
20.2467285237633,7.04031172982629,#c8102e
20.2466005341739,7.04108742563283,#c8102e
20.2464701058618,7.04186271511081,#c8102e
20.2463372401169,7.04263759059312,#c8102e
20.2462019382531,7.04341204441673,#c8102e
20.2460642016083,7.04418606892279,#c8102e
20.2459240315449,7.04495965645667,#c8102e
20.2457814294489,7.04573279936810,#c8102e
20.2456363967307,7.04650549001117,#c8102e
20.2454889348244,7.04727772074448,#c8102e
20.2453390451884,7.04804948393114,#c8102e
20.2451867293050,7.04882077193892,#c8102e
20.2450319886805,7.04959157714025,#c8102e
20.2448748248453,7.05036189191238,#c8102e
20.2447152393535,7.05113170863736,#c8102e
20.2445532337833,7.05190101970221,#c8102e
20.2443888097369,7.05266981749893,#c8102e
20.2442219688404,7.05343809442459,#c8102e
20.2440527127436,7.05420584288143,#c8102e
20.2438810431205,7.05497305527689,#c8102e
20.2437069616686,7.05573972402374,#c8102e
20.2435304701097,7.05650584154011,#c8102e
20.2433515701890,7.05727140024958,#c8102e
20.2431702636758,7.05803639258127,#c8102e
20.2429865523631,7.05880081096987,#c8102e
20.2428004380676,7.05956464785579,#c8102e
20.2426119226299,7.06032789568516,#c8102e
20.2424210079144,7.06109054690994,#c8102e
20.2422276958090,7.06185259398800,#c8102e
20.2420319882255,7.06261402938317,#c8102e
20.2418338870993,7.06337484556535,#c8102e
20.2416333943895,7.06413503501054,#c8102e
20.2414305120788,7.06489459020095,#c8102e
20.2412252421737,7.06565350362507,#c8102e
20.2410175867040,7.06641176777772,#c8102e
20.2408075477235,7.06716937516015,#c8102e
20.2405951273092,7.06792631828010,#c8102e
20.2403803275618,7.06868258965190,#c8102e
20.2401631506056,7.06943818179648,#c8102e
20.2399435985883,7.07019308724154,#c8102e
20.2397216736812,7.07094729852152,#c8102e
20.2394973780789,7.07170080817777,#c8102e
20.2392707139996,7.07245360875855,#c8102e
20.2390416836848,7.07320569281914,#c8102e
20.2388102893996,7.07395705292190,#c8102e
20.2385765334322,7.07470768163637,#c8102e
20.2383404180944,7.07545757153929,#c8102e
20.2381019457211,7.07620671521474,#c8102e
20.2378611186708,7.07695510525416,#c8102e
20.2376179393250,7.07770273425644,#c8102e
20.2373724100887,7.07844959482802,#c8102e
20.2371245333899,7.07919567958291,#c8102e
20.2368743116801,7.07994098114281,#c8102e
20.2366217474337,7.08068549213716,#c8102e
20.2363668431485,7.08142920520322,#c8102e
20.2361096013452,7.08217211298614,#c8102e
20.2358500245679,7.08291420813903,#c8102e
20.2355881153836,7.08365548332305,#c8102e
20.2353238763824,7.08439593120745,#c8102e
20.2350573101774,7.08513554446967,#c8102e
20.2347884194049,7.08587431579541,#c8102e
20.2345172067240,7.08661223787868,#c8102e
20.2342436748169,7.08734930342191,#c8102e
20.2339678263885,7.08808550513599,#c8102e
20.2336896641668,7.08882083574035,#c8102e
20.2334091909027,7.08955528796303,#c8102e
20.2331264093699,7.09028885454078,#c8102e
20.2328413223650,7.09102152821907,#c8102e
20.2325539327072,7.09175330175224,#c8102e
20.2322642432386,7.09248416790351,#c8102e
20.2319722568241,7.09321411944508,#c8102e
20.2316779763513,7.09394314915818,#c8102e
20.2313814047304,7.09467124983319,#c8102e
20.2310825448943,7.09539841426964,#c8102e
20.2307813997986,7.09612463527634,#c8102e
20.2304779724213,7.09684990567142,#c8102e
20.2301722657632,7.09757421828243,#c8102e
20.2298642828476,7.09829756594637,#c8102e
20.2295540267201,7.09901994150979,#c8102e
20.2292415004490,7.09974133782885,#c8102e
20.2289267071250,7.10046174776941,#c8102e
20.2286096498613,7.10118116420707,#c8102e
20.2282903317932,7.10189958002725,#c8102e
20.2279687560788,7.10261698812528,#c8102e
20.2276449258980,7.10333338140645,#c8102e
20.2273188444535,7.10404875278608,#c8102e
20.2269905149699,7.10476309518960,#c8102e
20.2266599406942,7.10547640155263,#c8102e
20.2263271248957,7.10618866482101,#c8102e
20.2259920708655,7.10689987795092,#c8102e
20.2256547819173,7.10761003390890,#c8102e
20.2253152613865,7.10831912567197,#c8102e
20.2249735126308,7.10902714622765,#c8102e
20.2246295390300,7.10973408857408,#c8102e
20.2242833439856,7.11043994572005,#c8102e
20.2239349309213,7.11114471068506,#c8102e
20.2235843032828,7.11184837649946,#c8102e
20.2232314645374,7.11255093620442,#c8102e
20.2228764181746,7.11325238285208,#c8102e
20.2225191677055,7.11395270950558,#c8102e
20.2221597166631,7.11465190923912,#c8102e
20.2217980686022,7.11534997513808,#c8102e
20.2214342270991,7.11604690029902,#c8102e
20.2210681957522,7.11674267782979,#c8102e
20.2206999781812,7.11743730084959,#c8102e
20.2203295780275,7.11813076248905,#c8102e
20.2199569989541,7.11882305589027,#c8102e
20.2195822446457,7.11951417420691,#c8102e
20.2192053188083,7.12020411060424,#c8102e
20.2188262251695,7.12089285825924,#c8102e
20.2184449674782,7.12158041036062,#c8102e
20.2180615495049,7.12226676010893,#c8102e
20.2176759750413,7.12295190071661,#c8102e
20.2172882479005,7.12363582540805,#c8102e
20.2168983719169,7.12431852741968,#c8102e
20.2165063509461,7.12500000000000,#c8102e
20.2161121888650,7.12568023640968,#c8102e
20.2157158895715,7.12635922992162,#c8102e
20.2153174569848,7.12703697382099,#c8102e
20.2149168950452,7.12771346140535,#c8102e
20.2145142077139,7.12838868598466,#c8102e
20.2141093989733,7.12906264088138,#c8102e
20.2137024728267,7.12973531943052,#c8102e
20.2132934332983,7.13040671497972,#c8102e
20.2128822844333,7.13107682088931,#c8102e
20.2124690302977,7.13174563053235,#c8102e
20.2120536749782,7.13241313729475,#c8102e
20.2116362225825,7.13307933457530,#c8102e
20.2112166772390,7.13374421578571,#c8102e
20.2107950430966,7.13440777435075,#c8102e
20.2103713243250,7.13507000370823,#c8102e
20.2099455251146,7.13573089730912,#c8102e
20.2095176496763,7.13639044861762,#c8102e
20.2090877022414,7.13704865111118,#c8102e
20.2086556870620,7.13770549828058,#c8102e
20.2082216084102,7.13836098363004,#c8102e
20.2077854705789,7.13901510067721,#c8102e
20.2073472778813,7.13966784295330,#c8102e
20.2069070346507,7.14031920400309,#c8102e
20.2064647452409,7.14096917738504,#c8102e
20.2060204140258,7.14161775667133,#c8102e
20.2055740453997,7.14226493544792,#c8102e
20.2051256437768,7.14291070731462,#c8102e
20.2046752135915,7.14355506588516,#c8102e
20.2042227592982,7.14419800478723,#c8102e
20.2037682853716,7.14483951766259,#c8102e
20.2033117963059,7.14547959816708,#c8102e
20.2028532966157,7.14611823997070,#c8102e
20.2023927908352,7.14675543675770,#c8102e
20.2019302835185,7.14739118222661,#c8102e
20.2014657792394,7.14802547009030,#c8102e
20.2009992825917,7.14865829407607,#c8102e
20.2005307981888,7.14928964792570,#c8102e
20.2000603306635,7.14991952539549,#c8102e
20.1995878846686,7.15054792025635,#c8102e
20.1991134648762,7.15117482629387,#c8102e
20.1986370759781,7.15180023730833,#c8102e
20.1981587226854,7.15242414711483,#c8102e
20.1976784097288,7.15304654954328,#c8102e
20.1971961418582,7.15366743843852,#c8102e
20.1967119238429,7.15428680766036,#c8102e
20.1962257604716,7.15490465108363,#c8102e
20.1957376565521,7.15552096259825,#c8102e
20.1952476169115,7.15613573610928,#c8102e
20.1947556463959,7.15674896553702,#c8102e
20.1942617498706,7.15736064481700,#c8102e
20.1937659322199,7.15797076790012,#c8102e
20.1932681983472,7.15857932875263,#c8102e
20.1927685531747,7.15918632135627,#c8102e
20.1922670016436,7.15979173970825,#c8102e
20.1917635487139,7.16039557782137,#c8102e
20.1912581993645,7.16099782972407,#c8102e
20.1907509585929,7.16159848946044,#c8102e
20.1902418314154,7.16219755109035,#c8102e
20.1897308228670,7.16279500868946,#c8102e
20.1892179380012,7.16339085634930,#c8102e
20.1887031818902,7.16398508817729,#c8102e
20.1881865596245,7.16457769829688,#c8102e
20.1876680763132,7.16516868084752,#c8102e
20.1871477370837,7.16575802998477,#c8102e
20.1866255470820,7.16634573988035,#c8102e
20.1861015114721,7.16693180472216,#c8102e
20.1855756354364,7.16751621871441,#c8102e
20.1850479241755,7.16809897607762,#c8102e
20.1845183829081,7.16868007104867,#c8102e
20.1839870168710,7.16925949788092,#c8102e
20.1834538313192,7.16983725084419,#c8102e
20.1829188315254,7.17041332422488,#c8102e
20.1823820227805,7.17098771232599,#c8102e
20.1818434103933,7.17156040946718,#c8102e
20.1813029996901,7.17213140998485,#c8102e
20.1807607960154,7.17270070823215,#c8102e
20.1802168047311,7.17326829857910,#c8102e
20.1796710312171,7.17383417541258,#c8102e
20.1791234808707,7.17439833313643,#c8102e
20.1785741591068,7.17496076617149,#c8102e
20.1780230713578,7.17552146895566,#c8102e
20.1774702230736,7.17608043594393,#c8102e
20.1769156197216,7.17663766160848,#c8102e
20.1763592667865,7.17719314043871,#c8102e
20.1758011697702,7.17774686694128,#c8102e
20.1752413341919,7.17829883564018,#c8102e
20.1746797655881,7.17884904107680,#c8102e
20.1741164695123,7.17939747780995,#c8102e
20.1735514515352,7.17994414041594,#c8102e
20.1729847172444,7.18048902348863,#c8102e
20.1724162722446,7.18103212163947,#c8102e
20.1718461221573,7.18157342949756,#c8102e
20.1712742726209,7.18211294170972,#c8102e
20.1707007292908,7.18265065294050,#c8102e
20.1701254978388,7.18318655787229,#c8102e
20.1695485839537,7.18372065120532,#c8102e
20.1689699933407,7.18425292765775,#c8102e
20.1683897317217,7.18478338196572,#c8102e
20.1678078048352,7.18531200888335,#c8102e
20.1672242184361,7.18583880318287,#c8102e
20.1666389782956,7.18636375965461,#c8102e
20.1660520902014,7.18688687310709,#c8102e
20.1654635599575,7.18740813836705,#c8102e
20.1648733933840,7.18792755027950,#c8102e
20.1642815963173,7.18844510370779,#c8102e
20.1636881746099,7.18896079353365,#c8102e
20.1630931341304,7.18947461465724,#c8102e
20.1624964807634,7.18998656199717,#c8102e
20.1618982204093,7.19049663049064,#c8102e
20.1612983589847,7.19100481509337,#c8102e
20.1606969024216,7.19151111077974,#c8102e
20.1600938566683,7.19201551254282,#c8102e
20.1594892276883,7.19251801539439,#c8102e
20.1588830214611,7.19301861436502,#c8102e
20.1582752439817,7.19351730450410,#c8102e
20.1576659012606,7.19401408087989,#c8102e
20.1570549993239,7.19450893857961,#c8102e
20.1564425442130,7.19500187270941,#c8102e
20.1558285419846,7.19549287839450,#c8102e
20.1552129987108,7.19598195077914,#c8102e
20.1545959204791,7.19646908502671,#c8102e
20.1539773133918,7.19695427631977,#c8102e
20.1533571835667,7.19743751986008,#c8102e
20.1527355371364,7.19791881086867,#c8102e
20.1521123802486,7.19839814458588,#c8102e
20.1514877190659,7.19887551627140,#c8102e
20.1508615597659,7.19935092120432,#c8102e
20.1502339085408,7.19982435468321,#c8102e
20.1496047715977,7.20029581202609,#c8102e
20.1489741551585,7.20076528857056,#c8102e
20.1483420654594,7.20123277967378,#c8102e
20.1477085087515,7.20169828071258,#c8102e
20.1470734913002,7.20216178708344,#c8102e
20.1464370193855,7.20262329420257,#c8102e
20.1457990993016,7.20308279750597,#c8102e
20.1451597373572,7.20354029244944,#c8102e
20.1445189398751,7.20399577450864,#c8102e
20.1438767131925,7.20444923917914,#c8102e
20.1432330636605,7.20490068197648,#c8102e
20.1425879976445,7.20535009843616,#c8102e
20.1419415215237,7.20579748411374,#c8102e
20.1412936416913,7.20624283458486,#c8102e
20.1406443645546,7.20668614544529,#c8102e
20.1399936965344,7.20712741231096,#c8102e
20.1393416440654,7.20756663081803,#c8102e
20.1386882135960,7.20800379662290,#c8102e
20.1380334115883,7.20843890540229,#c8102e
20.1373772445177,7.20887195285323,#c8102e
20.1367197188734,7.20930293469318,#c8102e
20.1360608411579,7.20973184665998,#c8102e
20.1354006178870,7.21015868451198,#c8102e
20.1347390555901,7.21058344402802,#c8102e
20.1340761608093,7.21100612100749,#c8102e
20.1334119401005,7.21142671127039,#c8102e
20.1327464000323,7.21184521065735,#c8102e
20.1320795471865,7.21226161502967,#c8102e
20.1314113881578,7.21267592026939,#c8102e
20.1307419295539,7.21308812227928,#c8102e
20.1300711779954,7.21349821698293,#c8102e
20.1293991401155,7.21390620032476,#c8102e
20.1287258225602,7.21431206827008,#c8102e
20.1280512319883,7.21471581680511,#c8102e
20.1273753750710,7.21511744193703,#c8102e
20.1266982584921,7.21551693969402,#c8102e
20.1260198889478,7.21591430612532,#c8102e
20.1253402731469,7.21630953730120,#c8102e
20.1246594178102,7.21670262931310,#c8102e
20.1239773296711,7.21709357827357,#c8102e
20.1232940154749,7.21748238031639,#c8102e
20.1226094819791,7.21786903159654,#c8102e
20.1219237359534,7.21825352829030,#c8102e
20.1212367841794,7.21863586659522,#c8102e
20.1205486334505,7.21901604273024,#c8102e
20.1198592905722,7.21939405293564,#c8102e
20.1191687623616,7.21976989347316,#c8102e
20.1184770556476,7.22014356062595,#c8102e
20.1177841772708,7.22051505069870,#c8102e
20.1170901340832,7.22088436001760,#c8102e
20.1163949329485,7.22125148493042,#c8102e
20.1156985807418,7.22161642180652,#c8102e
20.1150010843497,7.22197916703692,#c8102e
20.1143024506698,7.22233971703428,#c8102e
20.1136026866112,7.22269806823301,#c8102e
20.1129017990942,7.22305421708923,#c8102e
20.1121997950501,7.22340816008085,#c8102e
20.1114966814213,7.22375989370762,#c8102e
20.1107924651610,7.22410941449110,#c8102e
20.1100871532337,7.22445671897475,#c8102e
20.1093807526142,7.22480180372396,#c8102e
20.1086732702886,7.22514466532605,#c8102e
20.1079647132533,7.22548530039035,#c8102e
20.1072550885156,7.22582370554819,#c8102e
20.1065444030931,7.22615987745295,#c8102e
20.1058326640141,7.22649381278011,#c8102e
20.1051198783173,7.22682550822726,#c8102e
20.1044060530516,7.22715496051415,#c8102e
20.1036911952764,7.22748216638269,#c8102e
20.1029753120610,7.22780712259703,#c8102e
20.1022584104852,7.22812982594357,#c8102e
20.1015404976386,7.22845027323096,#c8102e
20.1008215806210,7.22876846129020,#c8102e
20.1001016665420,7.22908438697459,#c8102e
20.0993807625210,7.22939804715984,#c8102e
20.0986588756874,7.22970943874405,#c8102e
20.0979360131801,7.23001855864775,#c8102e
20.0972121821478,7.23032540381394,#c8102e
20.0964873897488,7.23062997120812,#c8102e
20.0957616431508,7.23093225781831,#c8102e
20.0950349495309,7.23123226065508,#c8102e
20.0943073160757,7.23152997675161,#c8102e
20.0935787499810,7.23182540316366,#c8102e
20.0928492584519,7.23211853696966,#c8102e
20.0921188487026,7.23240937527069,#c8102e
20.0913875279563,7.23269791519057,#c8102e
20.0906553034454,7.23298415387579,#c8102e
20.0899221824111,7.23326808849566,#c8102e
20.0891881721036,7.23354971624223,#c8102e
20.0884532797816,7.23382903433039,#c8102e
20.0877175127128,7.23410603999785,#c8102e
20.0869808781736,7.23438073050521,#c8102e
20.0862433834486,7.23465310313595,#c8102e
20.0855050358314,7.23492315519648,#c8102e
20.0847658426237,7.23519088401615,#c8102e
20.0840258111356,7.23545628694731,#c8102e
20.0832849486855,7.23571936136527,#c8102e
20.0825432626002,7.23598010466841,#c8102e
20.0818007602144,7.23623851427813,#c8102e
20.0810574488711,7.23649458763894,#c8102e
20.0803133359210,7.23674832221842,#c8102e
20.0795684287231,7.23699971550730,#c8102e
20.0788227346439,7.23724876501946,#c8102e
20.0780762610579,7.23749546829197,#c8102e
20.0773290153472,7.23773982288508,#c8102e
20.0765810049017,7.23798182638228,#c8102e
20.0758322371187,7.23822147639031,#c8102e
20.0750827194029,7.23845877053918,#c8102e
20.0743324591668,7.23869370648221,#c8102e
20.0735814638298,7.23892628189603,#c8102e
20.0728297408189,7.23915649448061,#c8102e
20.0720772975681,7.23938434195930,#c8102e
20.0713241415185,7.23960982207883,#c8102e
20.0705702801185,7.23983293260934,#c8102e
20.0698157208232,7.24005367134442,#c8102e
20.0690604710948,7.24027203610110,#c8102e
20.0683045384021,7.24048802471989,#c8102e
20.0675479302209,7.24070163506480,#c8102e
20.0667906540336,7.24091286502335,#c8102e
20.0660327173292,7.24112171250663,#c8102e
20.0652741276030,7.24132817544925,#c8102e
20.0645148923572,7.24153225180944,#c8102e
20.0637550191001,7.24173393956900,#c8102e
20.0629945153463,7.24193323673337,#c8102e
20.0622333886167,7.24213014133164,#c8102e
20.0614716464385,7.24232465141653,#c8102e
20.0607092963446,7.24251676506448,#c8102e
20.0599463458744,7.24270648037558,#c8102e
20.0591828025729,7.24289379547369,#c8102e
20.0584186739911,7.24307870850637,#c8102e
20.0576539676856,7.24326121764496,#c8102e
20.0568886912190,7.24344132108454,#c8102e
20.0561228521594,7.24361901704402,#c8102e
20.0553564580804,7.24379430376609,#c8102e
20.0545895165612,7.24396717951728,#c8102e
20.0538220351863,7.24413764258796,#c8102e
20.0530540215456,7.24430569129236,#c8102e
20.0522854832344,7.24447132396857,#c8102e
20.0515164278529,7.24463453897861,#c8102e
20.0507468630067,7.24479533470836,#c8102e
20.0499767963062,7.24495370956768,#c8102e
20.0492062353669,7.24510966199033,#c8102e
20.0484351878092,7.24526319043404,#c8102e
20.0476636612583,7.24541429338051,#c8102e
20.0468916633440,7.24556296933544,#c8102e
20.0461192017009,7.24570921682850,#c8102e
20.0453462839682,7.24585303441340,#c8102e
20.0445729177895,7.24599442066789,#c8102e
20.0437991108130,7.24613337419374,#c8102e
20.0430248706910,7.24626989361678,#c8102e
20.0422502050805,7.24640397758693,#c8102e
20.0414751216422,7.24653562477818,#c8102e
20.0406996280413,7.24666483388862,#c8102e
20.0399237319469,7.24679160364047,#c8102e
20.0391474410321,7.24691593278004,#c8102e
20.0383707629741,7.24703782007779,#c8102e
20.0375937054535,7.24715726432836,#c8102e
20.0368162761550,7.24727426435049,#c8102e
20.0360384827670,7.24738881898714,#c8102e
20.0352603329812,7.24750092710544,#c8102e
20.0344818344932,7.24761058759671,#c8102e
20.0337029950016,7.24771779937647,#c8102e
20.0329238222089,7.24782256138446,#c8102e
20.0321443238205,7.24792487258467,#c8102e
20.0313645075451,7.24802473196529,#c8102e
20.0305843810946,7.24812213853878,#c8102e
20.0298039521840,7.24821709134186,#c8102e
20.0290232285313,7.24830958943549,#c8102e
20.0282422178573,7.24839963190493,#c8102e
20.0274609278856,7.24848721785971,#c8102e
20.0266793663428,7.24857234643368,#c8102e
20.0258975409581,7.24865501678495,#c8102e
20.0251154594630,7.24873522809598,#c8102e
20.0243331295921,7.24881297957352,#c8102e
20.0235505590819,7.24888827044867,#c8102e
20.0227677556717,7.24896109997684,#c8102e
20.0219847271028,7.24903146743779,#c8102e
20.0212014811189,7.24909937213563,#c8102e
20.0204180254658,7.24916481339884,#c8102e
20.0196343678914,7.24922779058023,#c8102e
20.0188505161456,7.24928830305701,#c8102e
20.0180664779801,7.24934635023074,#c8102e
20.0172822611487,7.24940193152738,#c8102e
20.0164978734067,7.24945504639726,#c8102e
20.0157133225111,7.24950569431510,#c8102e
20.0149286162208,7.24955387478004,#c8102e
20.0141437622959,7.24959958731560,#c8102e
20.0133587684983,7.24964283146970,#c8102e
20.0125736425908,7.24968360681470,#c8102e
20.0117883923381,7.24972191294735,#c8102e
20.0110030255056,7.24975774948883,#c8102e
20.0102175498602,7.24979111608473,#c8102e
20.0094319731697,7.24982201240508,#c8102e
20.0086463032030,7.24985043814435,#c8102e
20.0078605477298,7.24987639302141,#c8102e
20.0070747145208,7.24989987677958,#c8102e
20.0062888113473,7.24992088918663,#c8102e
20.0055028459816,7.24993943003477,#c8102e
20.0047168261961,7.24995549914062,#c8102e
20.0039307597643,7.24996909634528,#c8102e
20.0031446544597,7.24998022151428,#c8102e
20.0023585180565,7.24998887453760,#c8102e
20.0015723583290,7.24999505532967,#c8102e
20.0007861830519,7.24999876382936,#c8102e
20.0000000000000,7.25000000000000,#c8102e
20.0000000000000,7.25000000000000,#c8102e
20.0000000000000,7.30000000000000,#c8102e
