x,y,fill
  0.0000000000000, 42.5000000000000,#000000
 72.0000000000000, 42.5000000000000,#000000
 72.0440263053324, 42.4999653872007,#000000
 72.0880525018166, 42.4998615488885,#000000
 72.1320784806049, 42.4996884853200,#000000
 72.1761041328499, 42.4994461969231,#000000
 72.2201293497051, 42.4991346842969,#000000
 72.2641540223251, 42.4987539482115,#000000
 72.3081780418658, 42.4983039896082,#000000
 72.3522012994847, 42.4977848095995,#000000
 72.3962236863413, 42.4971964094690,#000000
 72.4402450935971, 42.4965387906713,#000000
 72.4842654124162, 42.4958119548324,#000000
 72.5282845339651, 42.4950159037492,#000000
 72.5723023494135, 42.4941506393899,#000000
 72.6163187499344, 42.4932161638937,#000000
 72.6603336267040, 42.4922124795709,#000000
 72.7043468709025, 42.4911395889029,#000000
 72.7483583737141, 42.4899974945424,#000000
 72.7923680263273, 42.4887861993130,#000000
 72.8363757199351, 42.4875057062094,#000000
 72.8803813457354, 42.4861560183974,#000000
 72.9243847949312, 42.4847371392139,#000000
 72.9683859587309, 42.4832490721670,#000000
 73.0123847283485, 42.4816918209355,#000000
 73.0563809950041, 42.4800653893695,#000000
 73.1003746499237, 42.4783697814902,#000000
 73.1443655843399, 42.4766050014897,#000000
 73.1883536894922, 42.4747710537311,#000000
 73.2323388566267, 42.4728679427485,#000000
 73.2763209769971, 42.4708956732472,#000000
 73.3202999418646, 42.4688542501031,#000000
 73.3642756424979, 42.4667436783635,#000000
 73.4082479701743, 42.4645639632464,#000000
 73.4522168161788, 42.4623151101408,#000000
 73.4961820718056, 42.4599971246066,#000000
 73.5401436283574, 42.4576100123746,#000000
 73.5841013771462, 42.4551537793467,#000000
 73.6280552094933, 42.4526284315955,#000000
 73.6720050167299, 42.4500339753645,#000000
 73.7159506901969, 42.4473704170681,#000000
 73.7598921212455, 42.4446377632915,#000000
 73.8038292012375, 42.4418360207908,#000000
 73.8477618215454, 42.4389651964929,#000000
 73.8916898735526, 42.4360252974953,#000000
 73.9356132486540, 42.4330163310666,#000000
 73.9795318382559, 42.4299383046460,#000000
 74.0234455337764, 42.4267912258433,#000000
 74.0673542266460, 42.4235751024393,#000000
 74.1112578083072, 42.4202899423853,#000000
 74.1551561702154, 42.4169357538033,#000000
 74.1990492038388, 42.4135125449861,#000000
 74.2429368006586, 42.4100203243970,#000000
 74.2868188521698, 42.4064591006699,#000000
 74.3306952498808, 42.4028288826094,#000000
 74.3745658853143, 42.3991296791907,#000000
 74.4184306500068, 42.3953614995595,#000000
 74.4622894355097, 42.3915243530320,#000000
 74.5061421333891, 42.3876182490949,#000000
 74.5499886352259, 42.3836431974055,#000000
 74.5938288326168, 42.3795992077915,#000000
 74.6376626171735, 42.3754862902509,#000000
 74.6814898805241, 42.3713044549524,#000000
 74.7253105143125, 42.3670537122348,#000000
 74.7691244101990, 42.3627340726075,#000000
 74.8129314598607, 42.3583455467500,#000000
 74.8567315549916, 42.3538881455124,#000000
 74.9005245873027, 42.3493618799148,#000000
 74.9443104485228, 42.3447667611478,#000000
 74.9880890303981, 42.3401028005720,#000000
 75.0318602246929, 42.3353700097183,#000000
 75.0756239231900, 42.3305684002879,#000000
 75.1193800176904, 42.3256979841519,#000000
 75.1631284000140, 42.3207587733517,#000000
 75.2068689619999, 42.3157507800987,#000000
 75.2506015955065, 42.3106740167744,#000000
 75.2943261924115, 42.3055284959303,#000000
 75.3380426446129, 42.3003142302879,#000000
 75.3817508440285, 42.2950312327386,#000000
 75.4254506825968, 42.2896795163438,#000000
 75.4691420522768, 42.2842590943348,#000000
 75.5128248450483, 42.2787699801127,#000000
 75.5564989529126, 42.2732121872485,#000000
 75.6001642678923, 42.2675857294831,#000000
 75.6438206820318, 42.2618906207268,#000000
 75.6874680873975, 42.2561268750599,#000000
 75.7311063760779, 42.2502945067325,#000000
 75.7747354401844, 42.2443935301642,#000000
 75.8183551718508, 42.2384239599441,#000000
 75.8619654632343, 42.2323858108311,#000000
 75.9055662065153, 42.2262790977536,#000000
 75.9491572938977, 42.2201038358094,#000000
 75.9927386176096, 42.2138600402659,#000000
 76.0363100699028, 42.2075477265600,#000000
 76.0798715430539, 42.2011669102978,#000000
 76.1234229293640, 42.1947176072549,#000000
 76.1669641211590, 42.1881998333762,#000000
 76.2104950107902, 42.1816136047758,#000000
 76.2540154906344, 42.1749589377372,#000000
 76.2975254530941, 42.1682358487130,#000000
 76.3410247905975, 42.1614443543250,#000000
 76.3845133955996, 42.1545844713640,#000000
 76.4279911605815, 42.1476562167901,#000000
 76.4714579780514, 42.1406596077322,#000000
 76.5149137405443, 42.1335946614885,#000000
 76.5583583406226, 42.1264613955258,#000000
 76.6017916708766, 42.1192598274800,#000000
 76.6452136239240, 42.1119899751559,#000000
 76.6886240924109, 42.1046518565271,#000000
 76.7320229690118, 42.0972454897358,#000000
 76.7754101464297, 42.0897708930933,#000000
 76.8187855173967, 42.0822280850791,#000000
 76.8621489746741, 42.0746170843418,#000000
 76.9055004110523, 42.0669379096984,#000000
 76.9488397193520, 42.0591905801343,#000000
 76.9921667924233, 42.0513751148037,#000000
 77.0354815231470, 42.0434915330291,#000000
 77.0787838044342, 42.0355398543013,#000000
 77.1220735292268, 42.0275200982797,#000000
 77.1653505904978, 42.0194322847919,#000000
 77.2086148812514, 42.0112764338336,#000000
 77.2518662945234, 42.0030525655690,#000000
 77.2951047233817, 41.9947607003302,#000000
 77.3383300609258, 41.9864008586176,#000000
 77.3815422002880, 41.9779730610997,#000000
 77.4247410346331, 41.9694773286127,#000000
 77.4679264571588, 41.9609136821611,#000000
 77.5110983610957, 41.9522821429171,#000000
 77.5542566397084, 41.9435827322209,#000000
 77.5974011862945, 41.9348154715804,#000000
 77.6405318941861, 41.9259803826713,#000000
 77.6836486567493, 41.9170774873368,#000000
 77.7267513673846, 41.9081068075881,#000000
 77.7698399195274, 41.8990683656038,#000000
 77.8129142066479, 41.8899621837298,#000000
 77.8559741222519, 41.8807882844800,#000000
 77.8990195598803, 41.8715466905352,#000000
 77.9420504131102, 41.8622374247439,#000000
 77.9850665755545, 41.8528605101218,#000000
 78.0280679408625, 41.8434159698518,#000000
 78.0710544027201, 41.8339038272840,#000000
 78.1140258548501, 41.8243241059358,#000000
 78.1569821910122, 41.8146768294915,#000000
 78.1999233050037, 41.8049620218024,#000000
 78.2428490906594, 41.7951797068870,#000000
 78.2857594418520, 41.7853299089303,#000000
 78.3286542524926, 41.7754126522846,#000000
 78.3715334165303, 41.7654279614687,#000000
 78.4143968279532, 41.7553758611681,#000000
 78.4572443807883, 41.7452563762351,#000000
 78.5000759691017, 41.7350695316885,#000000
 78.5428914869991, 41.7248153527137,#000000
 78.5856908286257, 41.7144938646625,#000000
 78.6284738881670, 41.7041050930533,#000000
 78.6712405598486, 41.6936490635705,#000000
 78.7139907379366, 41.6831258020652,#000000
 78.7567243167379, 41.6725353345543,#000000
 78.7994411906004, 41.6618776872212,#000000
 78.8421412539135, 41.6511528864153,#000000
 78.8848244011078, 41.6403609586518,#000000
 78.9274905266561, 41.6295019306122,#000000
 78.9701395250730, 41.6185758291437,#000000
 79.0127712909156, 41.6075826812593,#000000
 79.0553857187835, 41.5965225141380,#000000
 79.0979827033193, 41.5853953551241,#000000
 79.1405621392087, 41.5742012317280,#000000
 79.1831239211806, 41.5629401716252,#000000
 79.2256679440078, 41.5516122026569,#000000
 79.2681941025068, 41.5402173528299,#000000
 79.3107022915385, 41.5287556503161,#000000
 79.3531924060079, 41.5172271234527,#000000
 79.3956643408650, 41.5056318007422,#000000
 79.4381179911045, 41.4939697108522,#000000
 79.4805532517666, 41.4822408826154,#000000
 79.5229700179366, 41.4704453450296,#000000
 79.5653681847459, 41.4585831272572,#000000
 79.6077476473716, 41.4466542586257,#000000
 79.6501083010371, 41.4346587686275,#000000
 79.6924500410123, 41.4225966869195,#000000
 79.7347727626141, 41.4104680433233,#000000
 79.7770763612061, 41.3982728678250,#000000
 79.8193607321992, 41.3860111905753,#000000
 79.8616257710522, 41.3736830418893,#000000
 79.9038713732712, 41.3612884522464,#000000
 79.9460974344107, 41.3488274522902,#000000
 79.9883038500734, 41.3363000728286,#000000
 80.0304905159105, 41.3237063448337,#000000
 80.0726573276222, 41.3110462994413,#000000
 80.1148041809576, 41.2983199679516,#000000
 80.1569309717153, 41.2855273818283,#000000
 80.1990375957434, 41.2726685726990,#000000
 80.2411239489399, 41.2597435723553,#000000
 80.2831899272529, 41.2467524127520,#000000
 80.3252354266808, 41.2336951260079,#000000
 80.3672603432729, 41.2205717444050,#000000
 80.4092645731290, 41.2073823003887,#000000
 80.4512480124004, 41.1941268265680,#000000
 80.4932105572895, 41.1808053557149,#000000
 80.5351521040507, 41.1674179207646,#000000
 80.5770725489899, 41.1539645548155,#000000
 80.6189717884656, 41.1404452911289,#000000
 80.6608497188883, 41.1268601631291,#000000
 80.7027062367216, 41.1132092044031,#000000
 80.7445412384817, 41.0994924487008,#000000
 80.7863546207382, 41.0857099299348,#000000
 80.8281462801141, 41.0718616821800,#000000
 80.8699161132860, 41.0579477396743,#000000
 80.9116640169846, 41.0439681368175,#000000
 80.9533898879949, 41.0299229081720,#000000
 80.9950936231560, 41.0158120884626,#000000
 81.0367751193622, 41.0016357125759,#000000
 81.0784342735624, 40.9873938155608,#000000
 81.1200709827609, 40.9730864326282,#000000
 81.1616851440176, 40.9587135991508,#000000
 81.2032766544479, 40.9442753506632,#000000
 81.2448454112234, 40.9297717228617,#000000
 81.2863913115719, 40.9152027516043,#000000
 81.3279142527776, 40.9005684729104,#000000
 81.3694141321816, 40.8858689229609,#000000
 81.4108908471821, 40.8711041380983,#000000
 81.4523442952342, 40.8562741548261,#000000
 81.4937743738509, 40.8413790098091,#000000
 81.5351809806029, 40.8264187398732,#000000
 81.5765640131187, 40.8113933820054,#000000
 81.6179233690854, 40.7963029733535,#000000
 81.6592589462485, 40.7811475512261,#000000
 81.7005706424123, 40.7659271530926,#000000
 81.7418583554399, 40.7506418165832,#000000
 81.7831219832542, 40.7352915794883,#000000
 81.8243614238373, 40.7198764797590,#000000
 81.8655765752310, 40.7043965555067,#000000
 81.9067673355375, 40.6888518450032,#000000
 81.9479336029190, 40.6732423866802,#000000
 81.9890752755985, 40.6575682191298,#000000
 82.0301922518596, 40.6418293811037,#000000
 82.0712844300470, 40.6260259115138,#000000
 82.1123517085668, 40.6101578494318,#000000
 82.1533939858867, 40.5942252340889,#000000
 82.1944111605359, 40.5782281048759,#000000
 82.2354031311061, 40.5621665013433,#000000
 82.2763697962510, 40.5460404632009,#000000
 82.3173110546870, 40.5298500303178,#000000
 82.3582268051932, 40.5135952427222,#000000
 82.3991169466119, 40.4972761406015,#000000
 82.4399813778486, 40.4808927643023,#000000
 82.4808199978725, 40.4644451543297,#000000
 82.5216327057165, 40.4479333513480,#000000
 82.5624194004776, 40.4313573961799,#000000
 82.6031799813170, 40.4147173298070,#000000
 82.6439143474607, 40.3980131933691,#000000
 82.6846223981994, 40.3812450281646,#000000
 82.7253040328887, 40.3644128756502,#000000
 82.7659591509498, 40.3475167774407,#000000
 82.8065876518692, 40.3305567753091,#000000
 82.8471894351994, 40.3135329111863,#000000
 82.8877644005589, 40.2964452271611,#000000
 82.9283124476323, 40.2792937654802,#000000
 82.9688334761711, 40.2620785685478,#000000
 83.0093273859934, 40.2447996789258,#000000
 83.0497940769843, 40.2274571393335,#000000
 83.0902334490964, 40.2100509926477,#000000
 83.1306454023496, 40.1925812819023,#000000
 83.1710298368317, 40.1750480502884,#000000
 83.2113866526985, 40.1574513411542,#000000
 83.2517157501742, 40.1397911980047,#000000
 83.2920170295515, 40.1220676645020,#000000
 83.3322903911917, 40.1042807844646,#000000
 83.3725357355252, 40.0864306018679,#000000
 83.4127529630519, 40.0685171608435,#000000
 83.4529419743409, 40.0505405056797,#000000
 83.4931026700312, 40.0325006808209,#000000
 83.5332349508318, 40.0143977308678,#000000
 83.5733387175219, 39.9962317005770,#000000
 83.6134138709514, 39.9780026348612,#000000
 83.6534603120406, 39.9597105787889,#000000
 83.6934779417811, 39.9413555775843,#000000
 83.7334666612355, 39.9229376766273,#000000
 83.7734263715380, 39.9044569214532,#000000
 83.8133569738945, 39.8859133577529,#000000
 83.8532583695830, 39.8673070313723,#000000
 83.8931304599533, 39.8486379883127,#000000
 83.9329731464282, 39.8299062747303,#000000
 83.9727863305027, 39.8111119369364,#000000
 84.0125699137451, 39.7922550213971,#000000
 84.0523237977967, 39.7733355747330,#000000
 84.0920478843723, 39.7543536437195,#000000
 84.1317420752603, 39.7353092752865,#000000
 84.1714062723231, 39.7162025165181,#000000
 84.2110403774971, 39.6970334146529,#000000
 84.2506442927933, 39.6778020170834,#000000
 84.2902179202973, 39.6585083713563,#000000
 84.3297611621693, 39.6391525251720,#000000
 84.3692739206451, 39.6197345263848,#000000
 84.4087560980355, 39.6002544230027,#000000
 84.4482075967271, 39.5807122631872,#000000
 84.4876283191821, 39.5611080952531,#000000
 84.5270181679392, 39.5414419676688,#000000
 84.5663770456129, 39.5217139290555,#000000
 84.6057048548949, 39.5019240281879,#000000
 84.6450014985531, 39.4820723139933,#000000
 84.6842668794328, 39.4621588355519,#000000
 84.7235009004566, 39.4421836420968,#000000
 84.7627034646244, 39.4221467830134,#000000
 84.8018744750142, 39.4020483078396,#000000
 84.8410138347817, 39.3818882662660,#000000
 84.8801214471611, 39.3616667081348,#000000
 84.9191972154649, 39.3413836834409,#000000
 84.9582410430844, 39.3210392423308,#000000
 84.9972528334899, 39.3006334351028,#000000
 85.0362324902308, 39.2801663122072,#000000
 85.0751799169362, 39.2596379242458,#000000
 85.1140950173145, 39.2390483219716,#000000
 85.1529776951544, 39.2183975562893,#000000
 85.1918278543245, 39.1976856782547,#000000
 85.2306453987739, 39.1769127390746,#000000
 85.2694302325324, 39.1560787901068,#000000
 85.3081822597105, 39.1351838828600,#000000
 85.3469013845000, 39.1142280689936,#000000
 85.3855875111738, 39.0932114003175,#000000
 85.4242405440867, 39.0721339287922,#000000
 85.4628603876750, 39.0509957065283,#000000
 85.5014469464573, 39.0297967857868,#000000
 85.5400001250344, 39.0085372189788,#000000
 85.5785198280897, 38.9872170586650,#000000
 85.6170059603891, 38.9658363575564,#000000
 85.6554584267818, 38.9443951685133,#000000
 85.6938771322001, 38.9228935445456,#000000
 85.7322619816598, 38.9013315388128,#000000
 85.7706128802604, 38.8797092046236,#000000
 85.8089297331853, 38.8580265954357,#000000
 85.8472124457021, 38.8362837648560,#000000
 85.8854609231629, 38.8144807666402,#000000
 85.9236750710043, 38.7926176546928,#000000
 85.9618547947478, 38.7706944830670,#000000
 86.0000000000000, 38.7487113059643,#000000
 86.0381105924530, 38.7266681777346,#000000
 86.0761864778842, 38.7045651528762,#000000
 86.1142275621571, 38.6824022860353,#000000
 86.1522337512210, 38.6601796320061,#000000
 86.1902049511116, 38.6378972457306,#000000
 86.2281410679511, 38.6155551822985,#000000
 86.2660420079485, 38.5931534969470,#000000
 86.3039076773995, 38.5706922450609,#000000
 86.3417379826872, 38.5481714821719,#000000
 86.3795328302822, 38.5255912639592,#000000
 86.4172921267428, 38.5029516462489,#000000
 86.4550157787148, 38.4802526850137,#000000
 86.4927036929326, 38.4574944363733,#000000
 86.5303557762187, 38.4346769565939,#000000
 86.5679719354842, 38.4118003020882,#000000
 86.6055520777291, 38.3888645294150,#000000
 86.6430961100425, 38.3658696952795,#000000
 86.6806039396025, 38.3428158565327,#000000
 86.7180754736770, 38.3197030701717,#000000
 86.7555106196235, 38.2965313933392,#000000
 86.7929092848894, 38.2733008833235,#000000
 86.8302713770126, 38.2500115975585,#000000
 86.8675968036210, 38.2266635936231,#000000
 86.9048854724334, 38.2032569292417,#000000
 86.9421372912594, 38.1797916622836,#000000
 86.9793521679998, 38.1562678507629,#000000
 87.0165300106467, 38.1326855528386,#000000
 87.0536707272836, 38.1090448268142,#000000
 87.0907742260861, 38.0853457311377,#000000
 87.1278404153214, 38.0615883244014,#000000
 87.1648692033493, 38.0377726653417,#000000
 87.2018604986220, 38.0138988128391,#000000
 87.2388142096842, 37.9899668259180,#000000
 87.2757302451738, 37.9659767637463,#000000
 87.3126085138216, 37.9419286856359,#000000
 87.3494489244519, 37.9178226510417,#000000
 87.3862513859826, 37.8936587195622,#000000
 87.4230158074253, 37.8694369509389,#000000
 87.4597420978860, 37.8451574050562,#000000
 87.4964301665644, 37.8208201419417,#000000
 87.5330799227553, 37.7964252217652,#000000
 87.5696912758477, 37.7719727048394,#000000
 87.6062641353260, 37.7474626516194,#000000
 87.6427984107694, 37.7228951227023,#000000
 87.6792940118527, 37.6982701788276,#000000
 87.7157508483462, 37.6735878808765,#000000
 87.7521688301162, 37.6488482898721,#000000
 87.7885478671250, 37.6240514669792,#000000
 87.8248878694310, 37.5991974735040,#000000
 87.8611887471893, 37.5742863708942,#000000
 87.8974504106518, 37.5493182207385,#000000
 87.9336727701671, 37.5242930847667,#000000
 87.9698557361812, 37.4992110248495,#000000
 88.0059992192374, 37.4740721029984,#000000
 88.0421031299766, 37.4488763813655,#000000
 88.0781673791375, 37.4236239222432,#000000
 88.1141918775569, 37.3983147880642,#000000
 88.1501765361700, 37.3729490414013,#000000
 88.1861212660104, 37.3475267449675,#000000
 88.2220259782103, 37.3220479616153,#000000
 88.2578905840010, 37.2965127543371,#000000
 88.2937149947128, 37.2709211862645,#000000
 88.3294991217757, 37.2452733206688,#000000
 88.3652428767188, 37.2195692209602,#000000
 88.4009461711715, 37.1938089506882,#000000
 88.4366089168629, 37.1679925735408,#000000
 88.4722310256225, 37.1421201533451,#000000
 88.5078124093803, 37.1161917540666,#000000
 88.5433529801668, 37.0902074398091,#000000
 88.5788526501136, 37.0641672748147,#000000
 88.6143113314534, 37.0380713234638,#000000
 88.6497289365200, 37.0119196502743,#000000
 88.6851053777491, 36.9857123199023,#000000
 88.7204405676780, 36.9594493971412,#000000
 88.7557344189459, 36.9331309469220,#000000
 88.7909868442945, 36.9067570343129,#000000
 88.8261977565674, 36.8803277245192,#000000
 88.8613670687115, 36.8538430828834,#000000
 88.8964946937759, 36.8273031748844,#000000
 88.9315805449133, 36.8007080661380,#000000
 88.9666245353794, 36.7740578223965,#000000
 89.0016265785333, 36.7473525095484,#000000
 89.0365865878381, 36.7205921936184,#000000
 89.0715044768606, 36.6937769407672,#000000
 89.1063801592719, 36.6669068172912,#000000
 89.1412135488472, 36.6399818896226,#000000
 89.1760045594665, 36.6130022243291,#000000
 89.2107531051146, 36.5859678881137,#000000
 89.2454590998810, 36.5588789478144,#000000
 89.2801224579607, 36.5317354704045,#000000
 89.3147430936540, 36.5045375229919,#000000
 89.3493209213668, 36.4772851728193,#000000
 89.3838558556108, 36.4499784872638,#000000
 89.4183478110039, 36.4226175338370,#000000
 89.4527967022701, 36.3952023801844,#000000
 89.4872024442399, 36.3677330940857,#000000
 89.5215649518506, 36.3402097434544,#000000
 89.5558841401462, 36.3126323963377,#000000
 89.5901599242780, 36.2850011209163,#000000
 89.6243922195044, 36.2573159855041,#000000
 89.6585809411916, 36.2295770585482,#000000
 89.6927260048132, 36.2017844086288,#000000
 89.7268273259510, 36.1739381044589,#000000
 89.7608848202948, 36.1460382148841,#000000
 89.7948984036427, 36.1180848088824,#000000
 89.8288679919017, 36.0900779555643,#000000
 89.8627935010871, 36.0620177241723,#000000
 89.8966748473236, 36.0339041840809,#000000
 89.9305119468447, 36.0057374047964,#000000
 89.9643047159937, 35.9775174559568,#000000
 89.9980530712231, 35.9492444073314,#000000
 90.0317569290955, 35.9209183288209,#000000
 90.0654162062834, 35.8925392904571,#000000
 90.0990308195695, 35.8641073624028,#000000
 90.1326006858470, 35.8356226149513,#000000
 90.1661257221197, 35.8070851185267,#000000
 90.1996058455021, 35.7784949436835,#000000
 90.2330409732200, 35.7498521611065,#000000
 90.2664310226101, 35.7211568416104,#000000
 90.2997759111210, 35.6924090561398,#000000
 90.3330755563126, 35.6636088757691,#000000
 90.3663298758567, 35.6347563717024,#000000
 90.3995387875373, 35.6058516152727,#000000
 90.4327022092505, 35.5768946779427,#000000
 90.4658200590051, 35.5478856313038,#000000
 90.4988922549223, 35.5188245470763,#000000
 90.5319187152363, 35.4897114971091,#000000
 90.5648993582944, 35.4605465533797,#000000
 90.5978341025572, 35.4313297879939,#000000
 90.6307228665986, 35.4020612731855,#000000
 90.6635655691064, 35.3727410813162,#000000
 90.6963621288822, 35.3433692848757,#000000
 90.7291124648415, 35.3139459564812,#000000
 90.7618164960144, 35.2844711688771,#000000
 90.7944741415453, 35.2549449949352,#000000
 90.8270853206932, 35.2253675076544,#000000
 90.8596499528322, 35.1957387801604,#000000
 90.8921679574514, 35.1660588857055,#000000
 90.9246392541550, 35.1363278976686,#000000
 90.9570637626629, 35.1065458895549,#000000
 90.9894414028107, 35.0767129349957,#000000
 91.0217720945496, 35.0468291077484,#000000
 91.0540557579471, 35.0168944816959,#000000
 91.0862923131869, 34.9869091308470,#000000
 91.1184816805693, 34.9568731293357,#000000
 91.1506237805110, 34.9267865514213,#000000
 91.1827185335459, 34.8966494714881,#000000
 91.2147658603245, 34.8664619640454,#000000
 91.2467656816151, 34.8362241037269,#000000
 91.2787179183030, 34.8059359652911,#000000
 91.3106224913913, 34.7755976236206,#000000
 91.3424793220011, 34.7452091537223,#000000
 91.3742883313713, 34.7147706307267,#000000
 91.4060494408591, 34.6842821298884,#000000
 91.4377625719402, 34.6537437265854,#000000
 91.4694276462089, 34.6231554963191,#000000
 91.5010445853782, 34.5925175147141,#000000
 91.5326133112802, 34.5618298575179,#000000
 91.5641337458663, 34.5310926006011,#000000
 91.5956058112070, 34.5003058199566,#000000
 91.6270294294927, 34.4694695916999,#000000
 91.6584045230334, 34.4385839920687,#000000
 91.6897310142592, 34.4076490974229,#000000
 91.7210088257201, 34.3766649842440,#000000
 91.7522378800867, 34.3456317291355,#000000
 91.7834181001501, 34.3145494088221,#000000
 91.8145494088221, 34.2834181001501,#000000
 91.8456317291355, 34.2522378800867,#000000
 91.8766649842440, 34.2210088257201,#000000
 91.9076490974229, 34.1897310142592,#000000
 91.9385839920687, 34.1584045230334,#000000
 91.9694695916999, 34.1270294294927,#000000
 92.0003058199566, 34.0956058112070,#000000
 92.0310926006011, 34.0641337458663,#000000
 92.0618298575179, 34.0326133112802,#000000
 92.0925175147141, 34.0010445853782,#000000
 92.1231554963191, 33.9694276462089,#000000
 92.1537437265854, 33.9377625719402,#000000
 92.1842821298884, 33.9060494408591,#000000
 92.2147706307267, 33.8742883313713,#000000
 92.2452091537223, 33.8424793220011,#000000
 92.2755976236206, 33.8106224913913,#000000
 92.3059359652911, 33.7787179183030,#000000
 92.3362241037269, 33.7467656816151,#000000
 92.3664619640454, 33.7147658603245,#000000
 92.3966494714881, 33.6827185335459,#000000
 92.4267865514213, 33.6506237805110,#000000
 92.4568731293357, 33.6184816805693,#000000
 92.4869091308470, 33.5862923131869,#000000
 92.5168944816959, 33.5540557579471,#000000
 92.5468291077484, 33.5217720945496,#000000
 92.5767129349957, 33.4894414028107,#000000
 92.6065458895549, 33.4570637626629,#000000
 92.6363278976686, 33.4246392541550,#000000
 92.6660588857055, 33.3921679574514,#000000
 92.6957387801604, 33.3596499528322,#000000
 92.7253675076544, 33.3270853206932,#000000
 92.7549449949352, 33.2944741415453,#000000
 92.7844711688771, 33.2618164960144,#000000
 92.8139459564812, 33.2291124648415,#000000
 92.8433692848757, 33.1963621288822,#000000
 92.8727410813162, 33.1635655691064,#000000
 92.9020612731855, 33.1307228665986,#000000
 92.9313297879939, 33.0978341025572,#000000
 92.9605465533797, 33.0648993582944,#000000
 92.9897114971091, 33.0319187152363,#000000
 93.0188245470763, 32.9988922549223,#000000
 93.0478856313038, 32.9658200590051,#000000
 93.0768946779427, 32.9327022092505,#000000
 93.1058516152727, 32.8995387875373,#000000
 93.1347563717024, 32.8663298758567,#000000
 93.1636088757691, 32.8330755563126,#000000
 93.1924090561398, 32.7997759111210,#000000
 93.2211568416103, 32.7664310226101,#000000
 93.2498521611065, 32.7330409732200,#000000
 93.2784949436835, 32.6996058455021,#000000
 93.3070851185267, 32.6661257221197,#000000
 93.3356226149513, 32.6326006858470,#000000
 93.3641073624028, 32.5990308195695,#000000
 93.3925392904571, 32.5654162062834,#000000
 93.4209183288209, 32.5317569290955,#000000
 93.4492444073314, 32.4980530712231,#000000
 93.4775174559568, 32.4643047159937,#000000
 93.5057374047964, 32.4305119468447,#000000
 93.5339041840809, 32.3966748473236,#000000
 93.5620177241723, 32.3627935010871,#000000
 93.5900779555643, 32.3288679919017,#000000
 93.6180848088824, 32.2948984036428,#000000
 93.6460382148841, 32.2608848202948,#000000
 93.6739381044589, 32.2268273259510,#000000
 93.7017844086288, 32.1927260048132,#000000
 93.7295770585482, 32.1585809411916,#000000
 93.7573159855041, 32.1243922195044,#000000
 93.7850011209163, 32.0901599242780,#000000
 93.8126323963377, 32.0558841401462,#000000
 93.8402097434544, 32.0215649518506,#000000
 93.8677330940857, 31.9872024442399,#000000
 93.8952023801844, 31.9527967022701,#000000
 93.9226175338370, 31.9183478110039,#000000
 93.9499784872638, 31.8838558556108,#000000
 93.9772851728193, 31.8493209213668,#000000
 94.0045375229919, 31.8147430936540,#000000
 94.0317354704045, 31.7801224579607,#000000
 94.0588789478144, 31.7454590998810,#000000
 94.0859678881137, 31.7107531051146,#000000
 94.1130022243291, 31.6760045594665,#000000
 94.1399818896226, 31.6412135488472,#000000
 94.1669068172912, 31.6063801592718,#000000
 94.1937769407672, 31.5715044768606,#000000
 94.2205921936184, 31.5365865878381,#000000
 94.2473525095484, 31.5016265785333,#000000
 94.2740578223965, 31.4666245353793,#000000
 94.3007080661380, 31.4315805449133,#000000
 94.3273031748844, 31.3964946937759,#000000
 94.3538430828834, 31.3613670687115,#000000
 94.3803277245192, 31.3261977565674,#000000
 94.4067570343129, 31.2909868442945,#000000
 94.4331309469220, 31.2557344189460,#000000
 94.4594493971412, 31.2204405676780,#000000
 94.4857123199023, 31.1851053777491,#000000
 94.5119196502743, 31.1497289365200,#000000
 94.5380713234638, 31.1143113314534,#000000
 94.5641672748147, 31.0788526501136,#000000
 94.5902074398091, 31.0433529801668,#000000
 94.6161917540666, 31.0078124093803,#000000
 94.6421201533451, 30.9722310256225,#000000
 94.6679925735408, 30.9366089168629,#000000
 94.6938089506882, 30.9009461711715,#000000
 94.7195692209602, 30.8652428767188,#000000
 94.7452733206688, 30.8294991217757,#000000
 94.7709211862645, 30.7937149947128,#000000
 94.7965127543371, 30.7578905840010,#000000
 94.8220479616153, 30.7220259782103,#000000
 94.8475267449675, 30.6861212660104,#000000
 94.8729490414013, 30.6501765361700,#000000
 94.8983147880642, 30.6141918775569,#000000
 94.9236239222432, 30.5781673791375,#000000
 94.9488763813655, 30.5421031299766,#000000
 94.9740721029984, 30.5059992192374,#000000
 94.9992110248495, 30.4698557361812,#000000
 95.0242930847667, 30.4336727701671,#000000
 95.0493182207385, 30.3974504106518,#000000
 95.0742863708942, 30.3611887471894,#000000
 95.0991974735040, 30.3248878694310,#000000
 95.1240514669792, 30.2885478671250,#000000
 95.1488482898721, 30.2521688301162,#000000
 95.1735878808765, 30.2157508483462,#000000
 95.1982701788276, 30.1792940118527,#000000
 95.2228951227023, 30.1427984107694,#000000
 95.2474626516194, 30.1062641353260,#000000
 95.2719727048394, 30.0696912758477,#000000
 95.2964252217652, 30.0330799227553,#000000
 95.3208201419417, 29.9964301665644,#000000
 95.3451574050562, 29.9597420978860,#000000
 95.3694369509389, 29.9230158074254,#000000
 95.3936587195622, 29.8862513859826,#000000
 95.4178226510417, 29.8494489244519,#000000
 95.4419286856359, 29.8126085138216,#000000
 95.4659767637463, 29.7757302451738,#000000
 95.4899668259180, 29.7388142096842,#000000
 95.5138988128391, 29.7018604986220,#000000
 95.5377726653417, 29.6648692033493,#000000
 95.5615883244014, 29.6278404153214,#000000
 95.5853457311377, 29.5907742260861,#000000
 95.6090448268142, 29.5536707272836,#000000
 95.6326855528386, 29.5165300106467,#000000
 95.6562678507629, 29.4793521679998,#000000
 95.6797916622836, 29.4421372912594,#000000
 95.7032569292417, 29.4048854724334,#000000
 95.7266635936231, 29.3675968036210,#000000
 95.7500115975585, 29.3302713770126,#000000
 95.7733008833235, 29.2929092848894,#000000
 95.7965313933392, 29.2555106196235,#000000
 95.8197030701717, 29.2180754736770,#000000
 95.8428158565327, 29.1806039396025,#000000
 95.8658696952795, 29.1430961100425,#000000
 95.8888645294150, 29.1055520777291,#000000
 95.9118003020882, 29.0679719354842,#000000
 95.9346769565939, 29.0303557762187,#000000
 95.9574944363733, 28.9927036929326,#000000
 95.9802526850137, 28.9550157787148,#000000
 96.0029516462489, 28.9172921267428,#000000
 96.0255912639593, 28.8795328302822,#000000
 96.0481714821719, 28.8417379826872,#000000
 96.0706922450609, 28.8039076773994,#000000
 96.0931534969470, 28.7660420079485,#000000
 96.1155551822985, 28.7281410679511,#000000
 96.1378972457306, 28.6902049511116,#000000
 96.1601796320061, 28.6522337512210,#000000
 96.1824022860353, 28.6142275621571,#000000
 96.2045651528762, 28.5761864778842,#000000
 96.2266681777346, 28.5381105924530,#000000
 96.2487113059643, 28.5000000000000,#000000
 96.2706944830670, 28.4618547947478,#000000
 96.2926176546928, 28.4236750710043,#000000
 96.3144807666402, 28.3854609231629,#000000
 96.3362837648560, 28.3472124457021,#000000
 96.3580265954357, 28.3089297331853,#000000
 96.3797092046236, 28.2706128802604,#000000
 96.4013315388128, 28.2322619816598,#000000
 96.4228935445456, 28.1938771322001,#000000
 96.4443951685133, 28.1554584267818,#000000
 96.4658363575564, 28.1170059603891,#000000
 96.4872170586650, 28.0785198280897,#000000
 96.5085372189788, 28.0400001250344,#000000
 96.5297967857868, 28.0014469464573,#000000
 96.5509957065283, 27.9628603876750,#000000
 96.5721339287922, 27.9242405440867,#000000
 96.5932114003175, 27.8855875111738,#000000
 96.6142280689936, 27.8469013845000,#000000
 96.6351838828600, 27.8081822597105,#000000
 96.6560787901068, 27.7694302325324,#000000
 96.6769127390746, 27.7306453987739,#000000
 96.6976856782547, 27.6918278543245,#000000
 96.7183975562893, 27.6529776951544,#000000
 96.7390483219716, 27.6140950173145,#000000
 96.7596379242458, 27.5751799169361,#000000
 96.7801663122072, 27.5362324902308,#000000
 96.8006334351028, 27.4972528334899,#000000
 96.8210392423308, 27.4582410430844,#000000
 96.8413836834409, 27.4191972154649,#000000
 96.8616667081348, 27.3801214471611,#000000
 96.8818882662660, 27.3410138347817,#000000
 96.9020483078396, 27.3018744750142,#000000
 96.9221467830134, 27.2627034646244,#000000
 96.9421836420968, 27.2235009004566,#000000
 96.9621588355519, 27.1842668794328,#000000
 96.9820723139933, 27.1450014985531,#000000
 97.0019240281879, 27.1057048548949,#000000
 97.0217139290556, 27.0663770456129,#000000
 97.0414419676688, 27.0270181679392,#000000
 97.0611080952531, 26.9876283191821,#000000
 97.0807122631872, 26.9482075967271,#000000
 97.1002544230027, 26.9087560980355,#000000
 97.1197345263848, 26.8692739206451,#000000
 97.1391525251720, 26.8297611621693,#000000
 97.1585083713563, 26.7902179202973,#000000
 97.1778020170834, 26.7506442927933,#000000
 97.1970334146529, 26.7110403774971,#000000
 97.2162025165181, 26.6714062723231,#000000
 97.2353092752865, 26.6317420752603,#000000
 97.2543536437195, 26.5920478843723,#000000
 97.2733355747330, 26.5523237977967,#000000
 97.2922550213971, 26.5125699137451,#000000
 97.3111119369364, 26.4727863305027,#000000
 97.3299062747303, 26.4329731464282,#000000
 97.3486379883127, 26.3931304599533,#000000
 97.3673070313723, 26.3532583695830,#000000
 97.3859133577529, 26.3133569738945,#000000
 97.4044569214532, 26.2734263715380,#000000
 97.4229376766273, 26.2334666612355,#000000
 97.4413555775843, 26.1934779417811,#000000
 97.4597105787889, 26.1534603120406,#000000
 97.4780026348612, 26.1134138709514,#000000
 97.4962317005770, 26.0733387175220,#000000
 97.5143977308678, 26.0332349508318,#000000
 97.5325006808209, 25.9931026700312,#000000
 97.5505405056797, 25.9529419743409,#000000
 97.5685171608435, 25.9127529630519,#000000
 97.5864306018679, 25.8725357355252,#000000
 97.6042807844646, 25.8322903911917,#000000
 97.6220676645020, 25.7920170295515,#000000
 97.6397911980047, 25.7517157501742,#000000
 97.6574513411542, 25.7113866526985,#000000
 97.6750480502884, 25.6710298368317,#000000
 97.6925812819023, 25.6306454023496,#000000
 97.7100509926477, 25.5902334490964,#000000
 97.7274571393335, 25.5497940769843,#000000
 97.7447996789257, 25.5093273859934,#000000
 97.7620785685478, 25.4688334761711,#000000
 97.7792937654802, 25.4283124476323,#000000
 97.7964452271611, 25.3877644005589,#000000
 97.8135329111863, 25.3471894351994,#000000
 97.8305567753091, 25.3065876518692,#000000
 97.8475167774407, 25.2659591509498,#000000
 97.8644128756502, 25.2253040328887,#000000
 97.8812450281646, 25.1846223981994,#000000
 97.8980131933691, 25.1439143474607,#000000
 97.9147173298070, 25.1031799813170,#000000
 97.9313573961799, 25.0624194004776,#000000
 97.9479333513480, 25.0216327057165,#000000
 97.9644451543297, 24.9808199978725,#000000
 97.9808927643023, 24.9399813778486,#000000
 97.9972761406015, 24.8991169466119,#000000
 98.0135952427222, 24.8582268051932,#000000
 98.0298500303178, 24.8173110546870,#000000
 98.0460404632009, 24.7763697962510,#000000
 98.0621665013433, 24.7354031311061,#000000
 98.0782281048759, 24.6944111605359,#000000
 98.0942252340889, 24.6533939858867,#000000
 98.1101578494318, 24.6123517085668,#000000
 98.1260259115138, 24.5712844300470,#000000
 98.1418293811037, 24.5301922518596,#000000
 98.1575682191298, 24.4890752755985,#000000
 98.1732423866802, 24.4479336029190,#000000
 98.1888518450032, 24.4067673355375,#000000
 98.2043965555067, 24.3655765752310,#000000
 98.2198764797590, 24.3243614238373,#000000
 98.2352915794883, 24.2831219832542,#000000
 98.2506418165832, 24.2418583554399,#000000
 98.2659271530926, 24.2005706424123,#000000
 98.2811475512261, 24.1592589462485,#000000
 98.2963029733535, 24.1179233690855,#000000
 98.3113933820054, 24.0765640131187,#000000
 98.3264187398732, 24.0351809806029,#000000
 98.3413790098091, 23.9937743738509,#000000
 98.3562741548261, 23.9523442952342,#000000
 98.3711041380983, 23.9108908471821,#000000
 98.3858689229609, 23.8694141321816,#000000
 98.4005684729104, 23.8279142527776,#000000
 98.4152027516043, 23.7863913115719,#000000
 98.4297717228617, 23.7448454112234,#000000
 98.4442753506632, 23.7032766544479,#000000
 98.4587135991508, 23.6616851440176,#000000
 98.4730864326282, 23.6200709827609,#000000
 98.4873938155608, 23.5784342735624,#000000
 98.5016357125759, 23.5367751193622,#000000
 98.5158120884626, 23.4950936231560,#000000
 98.5299229081720, 23.4533898879949,#000000
 98.5439681368175, 23.4116640169846,#000000
 98.5579477396743, 23.3699161132860,#000000
 98.5718616821800, 23.3281462801141,#000000
 98.5857099299348, 23.2863546207382,#000000
 98.5994924487008, 23.2445412384817,#000000
 98.6132092044031, 23.2027062367216,#000000
 98.6268601631291, 23.1608497188883,#000000
 98.6404452911289, 23.1189717884656,#000000
 98.6539645548155, 23.0770725489899,#000000
 98.6674179207646, 23.0351521040507,#000000
 98.6808053557149, 22.9932105572895,#000000
 98.6941268265680, 22.9512480124004,#000000
 98.7073823003887, 22.9092645731290,#000000
 98.7205717444050, 22.8672603432729,#000000
 98.7336951260079, 22.8252354266808,#000000
 98.7467524127520, 22.7831899272529,#000000
 98.7597435723553, 22.7411239489399,#000000
 98.7726685726990, 22.6990375957434,#000000
 98.7855273818283, 22.6569309717153,#000000
 98.7983199679516, 22.6148041809576,#000000
 98.8110462994413, 22.5726573276222,#000000
 98.8237063448337, 22.5304905159105,#000000
 98.8363000728286, 22.4883038500734,#000000
 98.8488274522902, 22.4460974344107,#000000
 98.8612884522464, 22.4038713732712,#000000
 98.8736830418893, 22.3616257710522,#000000
 98.8860111905753, 22.3193607321992,#000000
 98.8982728678250, 22.2770763612061,#000000
 98.9104680433233, 22.2347727626141,#000000
 98.9225966869195, 22.1924500410123,#000000
 98.9346587686275, 22.1501083010370,#000000
 98.9466542586257, 22.1077476473716,#000000
 98.9585831272572, 22.0653681847459,#000000
 98.9704453450296, 22.0229700179367,#000000
 98.9822408826154, 21.9805532517666,#000000
 98.9939697108522, 21.9381179911045,#000000
 99.0056318007422, 21.8956643408650,#000000
 99.0172271234527, 21.8531924060079,#000000
 99.0287556503161, 21.8107022915385,#000000
 99.0402173528299, 21.7681941025068,#000000
 99.0516122026569, 21.7256679440078,#000000
 99.0629401716252, 21.6831239211806,#000000
 99.0742012317280, 21.6405621392087,#000000
 99.0853953551241, 21.5979827033193,#000000
 99.0965225141380, 21.5553857187835,#000000
 99.1075826812593, 21.5127712909156,#000000
 99.1185758291437, 21.4701395250730,#000000
 99.1295019306122, 21.4274905266561,#000000
 99.1403609586518, 21.3848244011078,#000000
 99.1511528864152, 21.3421412539135,#000000
 99.1618776872212, 21.2994411906004,#000000
 99.1725353345543, 21.2567243167379,#000000
 99.1831258020652, 21.2139907379366,#000000
 99.1936490635705, 21.1712405598486,#000000
 99.2041050930533, 21.1284738881670,#000000
 99.2144938646625, 21.0856908286257,#000000
 99.2248153527137, 21.0428914869991,#000000
 99.2350695316885, 21.0000759691017,#000000
 99.2452563762351, 20.9572443807883,#000000
 99.2553758611681, 20.9143968279532,#000000
 99.2654279614687, 20.8715334165303,#000000
 99.2754126522846, 20.8286542524926,#000000
 99.2853299089303, 20.7857594418520,#000000
 99.2951797068870, 20.7428490906594,#000000
 99.3049620218024, 20.6999233050037,#000000
 99.3146768294915, 20.6569821910122,#000000
 99.3243241059358, 20.6140258548501,#000000
 99.3339038272840, 20.5710544027201,#000000
 99.3434159698518, 20.5280679408625,#000000
 99.3528605101218, 20.4850665755545,#000000
 99.3622374247439, 20.4420504131102,#000000
 99.3715466905352, 20.3990195598803,#000000
 99.3807882844800, 20.3559741222519,#000000
 99.3899621837298, 20.3129142066479,#000000
 99.3990683656038, 20.2698399195274,#000000
 99.4081068075881, 20.2267513673846,#000000
 99.4170774873368, 20.1836486567493,#000000
 99.4259803826713, 20.1405318941861,#000000
 99.4348154715804, 20.0974011862945,#000000
 99.4435827322209, 20.0542566397084,#000000
 99.4522821429171, 20.0110983610958,#000000
 99.4609136821611, 19.9679264571588,#000000
 99.4694773286127, 19.9247410346331,#000000
 99.4779730610997, 19.8815422002880,#000000
 99.4864008586176, 19.8383300609258,#000000
 99.4947607003302, 19.7951047233817,#000000
 99.5030525655690, 19.7518662945234,#000000
 99.5112764338336, 19.7086148812514,#000000
 99.5194322847919, 19.6653505904978,#000000
 99.5275200982797, 19.6220735292268,#000000
 99.5355398543013, 19.5787838044342,#000000
 99.5434915330291, 19.5354815231470,#000000
 99.5513751148037, 19.4921667924233,#000000
 99.5591905801343, 19.4488397193520,#000000
 99.5669379096984, 19.4055004110523,#000000
 99.5746170843418, 19.3621489746740,#000000
 99.5822280850791, 19.3187855173967,#000000
 99.5897708930933, 19.2754101464297,#000000
 99.5972454897358, 19.2320229690118,#000000
 99.6046518565271, 19.1886240924109,#000000
 99.6119899751559, 19.1452136239240,#000000
 99.6192598274800, 19.1017916708766,#000000
 99.6264613955258, 19.0583583406226,#000000
 99.6335946614885, 19.0149137405443,#000000
 99.6406596077322, 18.9714579780514,#000000
 99.6476562167901, 18.9279911605815,#000000
 99.6545844713640, 18.8845133955996,#000000
 99.6614443543250, 18.8410247905975,#000000
 99.6682358487130, 18.7975254530941,#000000
 99.6749589377372, 18.7540154906344,#000000
 99.6816136047758, 18.7104950107902,#000000
 99.6881998333762, 18.6669641211590,#000000
 99.6947176072549, 18.6234229293640,#000000
 99.7011669102978, 18.5798715430539,#000000
 99.7075477265600, 18.5363100699028,#000000
 99.7138600402659, 18.4927386176096,#000000
 99.7201038358094, 18.4491572938977,#000000
 99.7262790977536, 18.4055662065153,#000000
 99.7323858108311, 18.3619654632343,#000000
 99.7384239599441, 18.3183551718508,#000000
 99.7443935301642, 18.2747354401844,#000000
 99.7502945067325, 18.2311063760779,#000000
 99.7561268750599, 18.1874680873975,#000000
 99.7618906207268, 18.1438206820318,#000000
 99.7675857294831, 18.1001642678923,#000000
 99.7732121872485, 18.0564989529126,#000000
 99.7787699801127, 18.0128248450483,#000000
 99.7842590943348, 17.9691420522767,#000000
 99.7896795163438, 17.9254506825968,#000000
 99.7950312327386, 17.8817508440285,#000000
 99.8003142302879, 17.8380426446129,#000000
 99.8055284959303, 17.7943261924115,#000000
 99.8106740167744, 17.7506015955064,#000000
 99.8157507800987, 17.7068689619999,#000000
 99.8207587733517, 17.6631284000140,#000000
 99.8256979841519, 17.6193800176904,#000000
 99.8305684002879, 17.5756239231900,#000000
 99.8353700097183, 17.5318602246929,#000000
 99.8401028005720, 17.4880890303981,#000000
 99.8447667611478, 17.4443104485228,#000000
 99.8493618799148, 17.4005245873027,#000000
 99.8538881455124, 17.3567315549916,#000000
 99.8583455467500, 17.3129314598607,#000000
 99.8627340726075, 17.2691244101990,#000000
 99.8670537122348, 17.2253105143125,#000000
 99.8713044549524, 17.1814898805241,#000000
 99.8754862902509, 17.1376626171735,#000000
 99.8795992077915, 17.0938288326168,#000000
 99.8836431974055, 17.0499886352259,#000000
 99.8876182490949, 17.0061421333891,#000000
 99.8915243530320, 16.9622894355097,#000000
 99.8953614995595, 16.9184306500068,#000000
 99.8991296791907, 16.8745658853143,#000000
 99.9028288826094, 16.8306952498808,#000000
 99.9064591006699, 16.7868188521698,#000000
 99.9100203243970, 16.7429368006586,#000000
 99.9135125449861, 16.6990492038388,#000000
 99.9169357538033, 16.6551561702154,#000000
 99.9202899423853, 16.6112578083072,#000000
 99.9235751024393, 16.5673542266460,#000000
 99.9267912258433, 16.5234455337764,#000000
 99.9299383046460, 16.4795318382559,#000000
 99.9330163310666, 16.4356132486540,#000000
 99.9360252974953, 16.3916898735526,#000000
 99.9389651964929, 16.3477618215454,#000000
 99.9418360207908, 16.3038292012375,#000000
 99.9446377632915, 16.2598921212455,#000000
 99.9473704170681, 16.2159506901969,#000000
 99.9500339753645, 16.1720050167299,#000000
 99.9526284315955, 16.1280552094933,#000000
 99.9551537793467, 16.0841013771462,#000000
 99.9576100123746, 16.0401436283574,#000000
 99.9599971246066, 15.9961820718056,#000000
 99.9623151101408, 15.9522168161788,#000000
 99.9645639632464, 15.9082479701743,#000000
 99.9667436783635, 15.8642756424979,#000000
 99.9688542501031, 15.8202999418646,#000000
 99.9708956732472, 15.7763209769971,#000000
 99.9728679427485, 15.7323388566267,#000000
 99.9747710537311, 15.6883536894922,#000000
 99.9766050014897, 15.6443655843399,#000000
 99.9783697814902, 15.6003746499237,#000000
 99.9800653893695, 15.5563809950041,#000000
 99.9816918209355, 15.5123847283485,#000000
 99.9832490721670, 15.4683859587309,#000000
 99.9847371392139, 15.4243847949312,#000000
 99.9861560183974, 15.3803813457354,#000000
 99.9875057062094, 15.3363757199351,#000000
 99.9887861993130, 15.2923680263273,#000000
 99.9899974945424, 15.2483583737141,#000000
 99.9911395889029, 15.2043468709025,#000000
 99.9922124795709, 15.1603336267040,#000000
 99.9932161638937, 15.1163187499344,#000000
 99.9941506393899, 15.0723023494135,#000000
 99.9950159037492, 15.0282845339651,#000000
 99.9958119548324, 14.9842654124162,#000000
 99.9965387906713, 14.9402450935972,#000000
 99.9971964094690, 14.8962236863413,#000000
 99.9977848095995, 14.8522012994848,#000000
 99.9983039896082, 14.8081780418658,#000000
 99.9987539482115, 14.7641540223251,#000000
 99.9991346842969, 14.7201293497051,#000000
 99.9994461969231, 14.6761041328499,#000000
 99.9996884853200, 14.6320784806049,#000000
 99.9998615488885, 14.5880525018166,#000000
 99.9999653872007, 14.5440263053324,#000000
100.0000000000000, 14.5000000000000,#000000
100.0000000000000,  0.0000000000000,#000000
100.0000000000000,-14.5000000000000,#000000
 99.9999653872007,-14.5440263053324,#000000
 99.9998615488885,-14.5880525018166,#000000
 99.9996884853200,-14.6320784806049,#000000
 99.9994461969231,-14.6761041328499,#000000
 99.9991346842969,-14.7201293497051,#000000
 99.9987539482115,-14.7641540223251,#000000
 99.9983039896082,-14.8081780418658,#000000
 99.9977848095995,-14.8522012994847,#000000
 99.9971964094690,-14.8962236863413,#000000
 99.9965387906713,-14.9402450935971,#000000
 99.9958119548324,-14.9842654124162,#000000
 99.9950159037492,-15.0282845339651,#000000
 99.9941506393899,-15.0723023494135,#000000
 99.9932161638937,-15.1163187499344,#000000
 99.9922124795709,-15.1603336267040,#000000
 99.9911395889029,-15.2043468709025,#000000
 99.9899974945424,-15.2483583737141,#000000
 99.9887861993130,-15.2923680263273,#000000
 99.9875057062094,-15.3363757199351,#000000
 99.9861560183974,-15.3803813457354,#000000
 99.9847371392139,-15.4243847949312,#000000
 99.9832490721670,-15.4683859587309,#000000
 99.9816918209355,-15.5123847283485,#000000
 99.9800653893695,-15.5563809950041,#000000
 99.9783697814902,-15.6003746499237,#000000
 99.9766050014897,-15.6443655843399,#000000
 99.9747710537311,-15.6883536894922,#000000
 99.9728679427485,-15.7323388566267,#000000
 99.9708956732472,-15.7763209769971,#000000
 99.9688542501031,-15.8202999418646,#000000
 99.9667436783635,-15.8642756424979,#000000
 99.9645639632464,-15.9082479701743,#000000
 99.9623151101408,-15.9522168161788,#000000
 99.9599971246066,-15.9961820718056,#000000
 99.9576100123746,-16.0401436283574,#000000
 99.9551537793467,-16.0841013771462,#000000
 99.9526284315955,-16.1280552094933,#000000
 99.9500339753645,-16.1720050167299,#000000
 99.9473704170681,-16.2159506901969,#000000
 99.9446377632915,-16.2598921212455,#000000
 99.9418360207908,-16.3038292012375,#000000
 99.9389651964929,-16.3477618215454,#000000
 99.9360252974953,-16.3916898735526,#000000
 99.9330163310666,-16.4356132486540,#000000
 99.9299383046460,-16.4795318382559,#000000
 99.9267912258433,-16.5234455337764,#000000
 99.9235751024393,-16.5673542266460,#000000
 99.9202899423853,-16.6112578083072,#000000
 99.9169357538033,-16.6551561702154,#000000
 99.9135125449861,-16.6990492038387,#000000
 99.9100203243970,-16.7429368006586,#000000
 99.9064591006699,-16.7868188521698,#000000
 99.9028288826094,-16.8306952498808,#000000
 99.8991296791907,-16.8745658853143,#000000
 99.8953614995595,-16.9184306500068,#000000
 99.8915243530320,-16.9622894355097,#000000
 99.8876182490949,-17.0061421333891,#000000
 99.8836431974055,-17.0499886352259,#000000
 99.8795992077915,-17.0938288326168,#000000
 99.8754862902509,-17.1376626171735,#000000
 99.8713044549524,-17.1814898805241,#000000
 99.8670537122348,-17.2253105143125,#000000
 99.8627340726075,-17.2691244101990,#000000
 99.8583455467500,-17.3129314598607,#000000
 99.8538881455124,-17.3567315549916,#000000
 99.8493618799148,-17.4005245873027,#000000
 99.8447667611478,-17.4443104485228,#000000
 99.8401028005720,-17.4880890303981,#000000
 99.8353700097183,-17.5318602246929,#000000
 99.8305684002879,-17.5756239231900,#000000
 99.8256979841519,-17.6193800176904,#000000
 99.8207587733517,-17.6631284000140,#000000
 99.8157507800987,-17.7068689619999,#000000
 99.8106740167744,-17.7506015955064,#000000
 99.8055284959303,-17.7943261924115,#000000
 99.8003142302879,-17.8380426446129,#000000
 99.7950312327386,-17.8817508440285,#000000
 99.7896795163438,-17.9254506825968,#000000
 99.7842590943348,-17.9691420522767,#000000
 99.7787699801127,-18.0128248450483,#000000
 99.7732121872486,-18.0564989529126,#000000
 99.7675857294831,-18.1001642678923,#000000
 99.7618906207268,-18.1438206820318,#000000
 99.7561268750599,-18.1874680873975,#000000
 99.7502945067325,-18.2311063760779,#000000
 99.7443935301642,-18.2747354401844,#000000
 99.7384239599441,-18.3183551718508,#000000
 99.7323858108311,-18.3619654632343,#000000
 99.7262790977536,-18.4055662065153,#000000
 99.7201038358094,-18.4491572938977,#000000
 99.7138600402659,-18.4927386176096,#000000
 99.7075477265600,-18.5363100699028,#000000
 99.7011669102978,-18.5798715430539,#000000
 99.6947176072549,-18.6234229293640,#000000
 99.6881998333762,-18.6669641211590,#000000
 99.6816136047758,-18.7104950107902,#000000
 99.6749589377372,-18.7540154906344,#000000
 99.6682358487130,-18.7975254530941,#000000
 99.6614443543250,-18.8410247905975,#000000
 99.6545844713640,-18.8845133955996,#000000
 99.6476562167901,-18.9279911605815,#000000
 99.6406596077322,-18.9714579780514,#000000
 99.6335946614885,-19.0149137405443,#000000
 99.6264613955258,-19.0583583406226,#000000
 99.6192598274800,-19.1017916708766,#000000
 99.6119899751559,-19.1452136239240,#000000
 99.6046518565271,-19.1886240924109,#000000
 99.5972454897358,-19.2320229690118,#000000
 99.5897708930933,-19.2754101464297,#000000
 99.5822280850791,-19.3187855173967,#000000
 99.5746170843418,-19.3621489746740,#000000
 99.5669379096984,-19.4055004110523,#000000
 99.5591905801343,-19.4488397193520,#000000
 99.5513751148037,-19.4921667924233,#000000
 99.5434915330291,-19.5354815231470,#000000
 99.5355398543013,-19.5787838044342,#000000
 99.5275200982797,-19.6220735292268,#000000
 99.5194322847919,-19.6653505904978,#000000
 99.5112764338336,-19.7086148812514,#000000
 99.5030525655690,-19.7518662945234,#000000
 99.4947607003302,-19.7951047233817,#000000
 99.4864008586176,-19.8383300609258,#000000
 99.4779730610997,-19.8815422002880,#000000
 99.4694773286127,-19.9247410346331,#000000
 99.4609136821611,-19.9679264571588,#000000
 99.4522821429171,-20.0110983610958,#000000
 99.4435827322209,-20.0542566397084,#000000
 99.4348154715804,-20.0974011862945,#000000
 99.4259803826713,-20.1405318941861,#000000
 99.4170774873368,-20.1836486567493,#000000
 99.4081068075881,-20.2267513673846,#000000
 99.3990683656038,-20.2698399195274,#000000
 99.3899621837298,-20.3129142066479,#000000
 99.3807882844800,-20.3559741222519,#000000
 99.3715466905352,-20.3990195598803,#000000
 99.3622374247439,-20.4420504131102,#000000
 99.3528605101218,-20.4850665755545,#000000
 99.3434159698518,-20.5280679408625,#000000
 99.3339038272840,-20.5710544027201,#000000
 99.3243241059358,-20.6140258548501,#000000
 99.3146768294915,-20.6569821910122,#000000
 99.3049620218024,-20.6999233050037,#000000
 99.2951797068870,-20.7428490906594,#000000
 99.2853299089303,-20.7857594418520,#000000
 99.2754126522846,-20.8286542524926,#000000
 99.2654279614687,-20.8715334165303,#000000
 99.2553758611681,-20.9143968279532,#000000
 99.2452563762351,-20.9572443807883,#000000
 99.2350695316885,-21.0000759691017,#000000
 99.2248153527137,-21.0428914869991,#000000
 99.2144938646625,-21.0856908286257,#000000
 99.2041050930533,-21.1284738881670,#000000
 99.1936490635705,-21.1712405598486,#000000
 99.1831258020652,-21.2139907379366,#000000
 99.1725353345543,-21.2567243167379,#000000
 99.1618776872212,-21.2994411906004,#000000
 99.1511528864152,-21.3421412539135,#000000
 99.1403609586518,-21.3848244011078,#000000
 99.1295019306122,-21.4274905266561,#000000
 99.1185758291437,-21.4701395250730,#000000
 99.1075826812593,-21.5127712909156,#000000
 99.0965225141380,-21.5553857187835,#000000
 99.0853953551241,-21.5979827033193,#000000
 99.0742012317280,-21.6405621392087,#000000
 99.0629401716252,-21.6831239211806,#000000
 99.0516122026569,-21.7256679440078,#000000
 99.0402173528299,-21.7681941025068,#000000
 99.0287556503161,-21.8107022915385,#000000
 99.0172271234527,-21.8531924060079,#000000
 99.0056318007422,-21.8956643408650,#000000
 98.9939697108522,-21.9381179911045,#000000
 98.9822408826154,-21.9805532517666,#000000
 98.9704453450296,-22.0229700179366,#000000
 98.9585831272572,-22.0653681847459,#000000
 98.9466542586257,-22.1077476473715,#000000
 98.9346587686275,-22.1501083010370,#000000
 98.9225966869195,-22.1924500410123,#000000
 98.9104680433233,-22.2347727626141,#000000
 98.8982728678250,-22.2770763612061,#000000
 98.8860111905753,-22.3193607321992,#000000
 98.8736830418893,-22.3616257710522,#000000
 98.8612884522464,-22.4038713732712,#000000
 98.8488274522902,-22.4460974344107,#000000
 98.8363000728286,-22.4883038500734,#000000
 98.8237063448337,-22.5304905159105,#000000
 98.8110462994413,-22.5726573276222,#000000
 98.7983199679516,-22.6148041809576,#000000
 98.7855273818283,-22.6569309717153,#000000
 98.7726685726990,-22.6990375957434,#000000
 98.7597435723553,-22.7411239489399,#000000
 98.7467524127520,-22.7831899272529,#000000
 98.7336951260079,-22.8252354266808,#000000
 98.7205717444050,-22.8672603432729,#000000
 98.7073823003887,-22.9092645731290,#000000
 98.6941268265680,-22.9512480124004,#000000
 98.6808053557149,-22.9932105572895,#000000
 98.6674179207646,-23.0351521040507,#000000
 98.6539645548155,-23.0770725489899,#000000
 98.6404452911289,-23.1189717884656,#000000
 98.6268601631291,-23.1608497188883,#000000
 98.6132092044031,-23.2027062367216,#000000
 98.5994924487008,-23.2445412384817,#000000
 98.5857099299348,-23.2863546207382,#000000
 98.5718616821800,-23.3281462801141,#000000
 98.5579477396743,-23.3699161132860,#000000
 98.5439681368175,-23.4116640169846,#000000
 98.5299229081720,-23.4533898879949,#000000
 98.5158120884626,-23.4950936231560,#000000
 98.5016357125759,-23.5367751193622,#000000
 98.4873938155608,-23.5784342735624,#000000
 98.4730864326282,-23.6200709827609,#000000
 98.4587135991508,-23.6616851440176,#000000
 98.4442753506632,-23.7032766544479,#000000
 98.4297717228617,-23.7448454112234,#000000
 98.4152027516043,-23.7863913115719,#000000
 98.4005684729104,-23.8279142527776,#000000
 98.3858689229609,-23.8694141321816,#000000
 98.3711041380983,-23.9108908471820,#000000
 98.3562741548261,-23.9523442952342,#000000
 98.3413790098091,-23.9937743738509,#000000
 98.3264187398732,-24.0351809806029,#000000
 98.3113933820054,-24.0765640131187,#000000
 98.2963029733535,-24.1179233690854,#000000
 98.2811475512261,-24.1592589462485,#000000
 98.2659271530926,-24.2005706424123,#000000
 98.2506418165832,-24.2418583554399,#000000
 98.2352915794883,-24.2831219832542,#000000
 98.2198764797590,-24.3243614238373,#000000
 98.2043965555067,-24.3655765752310,#000000
 98.1888518450032,-24.4067673355375,#000000
 98.1732423866802,-24.4479336029190,#000000
 98.1575682191298,-24.4890752755985,#000000
 98.1418293811037,-24.5301922518596,#000000
 98.1260259115138,-24.5712844300470,#000000
 98.1101578494318,-24.6123517085668,#000000
 98.0942252340889,-24.6533939858867,#000000
 98.0782281048759,-24.6944111605359,#000000
 98.0621665013433,-24.7354031311061,#000000
 98.0460404632009,-24.7763697962510,#000000
 98.0298500303178,-24.8173110546870,#000000
 98.0135952427222,-24.8582268051932,#000000
 97.9972761406015,-24.8991169466119,#000000
 97.9808927643023,-24.9399813778486,#000000
 97.9644451543297,-24.9808199978725,#000000
 97.9479333513480,-25.0216327057165,#000000
 97.9313573961799,-25.0624194004776,#000000
 97.9147173298070,-25.1031799813170,#000000
 97.8980131933691,-25.1439143474607,#000000
 97.8812450281646,-25.1846223981994,#000000
 97.8644128756502,-25.2253040328887,#000000
 97.8475167774407,-25.2659591509498,#000000
 97.8305567753091,-25.3065876518692,#000000
 97.8135329111863,-25.3471894351994,#000000
 97.7964452271611,-25.3877644005589,#000000
 97.7792937654802,-25.4283124476323,#000000
 97.7620785685478,-25.4688334761711,#000000
 97.7447996789257,-25.5093273859934,#000000
 97.7274571393335,-25.5497940769843,#000000
 97.7100509926477,-25.5902334490964,#000000
 97.6925812819023,-25.6306454023496,#000000
 97.6750480502884,-25.6710298368317,#000000
 97.6574513411542,-25.7113866526985,#000000
 97.6397911980047,-25.7517157501742,#000000
 97.6220676645020,-25.7920170295515,#000000
 97.6042807844646,-25.8322903911917,#000000
 97.5864306018679,-25.8725357355252,#000000
 97.5685171608435,-25.9127529630519,#000000
 97.5505405056797,-25.9529419743409,#000000
 97.5325006808209,-25.9931026700312,#000000
 97.5143977308678,-26.0332349508318,#000000
 97.4962317005770,-26.0733387175219,#000000
 97.4780026348612,-26.1134138709514,#000000
 97.4597105787889,-26.1534603120406,#000000
 97.4413555775843,-26.1934779417811,#000000
 97.4229376766273,-26.2334666612355,#000000
 97.4044569214532,-26.2734263715380,#000000
 97.3859133577529,-26.3133569738945,#000000
 97.3673070313723,-26.3532583695830,#000000
 97.3486379883127,-26.3931304599533,#000000
 97.3299062747303,-26.4329731464282,#000000
 97.3111119369364,-26.4727863305027,#000000
 97.2922550213971,-26.5125699137451,#000000
 97.2733355747330,-26.5523237977967,#000000
 97.2543536437195,-26.5920478843723,#000000
 97.2353092752865,-26.6317420752603,#000000
 97.2162025165181,-26.6714062723231,#000000
 97.1970334146529,-26.7110403774971,#000000
 97.1778020170834,-26.7506442927933,#000000
 97.1585083713563,-26.7902179202973,#000000
 97.1391525251720,-26.8297611621693,#000000
 97.1197345263848,-26.8692739206451,#000000
 97.1002544230027,-26.9087560980355,#000000
 97.0807122631872,-26.9482075967271,#000000
 97.0611080952531,-26.9876283191821,#000000
 97.0414419676688,-27.0270181679392,#000000
 97.0217139290556,-27.0663770456129,#000000
 97.0019240281879,-27.1057048548948,#000000
 96.9820723139933,-27.1450014985531,#000000
 96.9621588355519,-27.1842668794328,#000000
 96.9421836420968,-27.2235009004566,#000000
 96.9221467830134,-27.2627034646244,#000000
 96.9020483078396,-27.3018744750142,#000000
 96.8818882662660,-27.3410138347817,#000000
 96.8616667081348,-27.3801214471611,#000000
 96.8413836834409,-27.4191972154649,#000000
 96.8210392423308,-27.4582410430844,#000000
 96.8006334351028,-27.4972528334898,#000000
 96.7801663122072,-27.5362324902308,#000000
 96.7596379242458,-27.5751799169361,#000000
 96.7390483219716,-27.6140950173145,#000000
 96.7183975562893,-27.6529776951544,#000000
 96.6976856782547,-27.6918278543245,#000000
 96.6769127390746,-27.7306453987739,#000000
 96.6560787901068,-27.7694302325324,#000000
 96.6351838828600,-27.8081822597105,#000000
 96.6142280689936,-27.8469013845000,#000000
 96.5932114003175,-27.8855875111738,#000000
 96.5721339287922,-27.9242405440867,#000000
 96.5509957065283,-27.9628603876750,#000000
 96.5297967857868,-28.0014469464573,#000000
 96.5085372189788,-28.0400001250344,#000000
 96.4872170586650,-28.0785198280897,#000000
 96.4658363575564,-28.1170059603891,#000000
 96.4443951685133,-28.1554584267818,#000000
 96.4228935445456,-28.1938771322001,#000000
 96.4013315388128,-28.2322619816598,#000000
 96.3797092046236,-28.2706128802604,#000000
 96.3580265954357,-28.3089297331853,#000000
 96.3362837648560,-28.3472124457021,#000000
 96.3144807666402,-28.3854609231629,#000000
 96.2926176546928,-28.4236750710043,#000000
 96.2706944830670,-28.4618547947478,#000000
 96.2487113059643,-28.5000000000000,#000000
 96.2266681777346,-28.5381105924530,#000000
 96.2045651528762,-28.5761864778842,#000000
 96.1824022860353,-28.6142275621571,#000000
 96.1601796320061,-28.6522337512210,#000000
 96.1378972457306,-28.6902049511116,#000000
 96.1155551822985,-28.7281410679511,#000000
 96.0931534969470,-28.7660420079484,#000000
 96.0706922450609,-28.8039076773994,#000000
 96.0481714821719,-28.8417379826872,#000000
 96.0255912639593,-28.8795328302822,#000000
 96.0029516462489,-28.9172921267428,#000000
 95.9802526850137,-28.9550157787148,#000000
 95.9574944363733,-28.9927036929326,#000000
 95.9346769565939,-29.0303557762187,#000000
 95.9118003020882,-29.0679719354842,#000000
 95.8888645294150,-29.1055520777291,#000000
 95.8658696952795,-29.1430961100425,#000000
 95.8428158565327,-29.1806039396025,#000000
 95.8197030701717,-29.2180754736770,#000000
 95.7965313933392,-29.2555106196235,#000000
 95.7733008833235,-29.2929092848894,#000000
 95.7500115975585,-29.3302713770126,#000000
 95.7266635936231,-29.3675968036210,#000000
 95.7032569292417,-29.4048854724334,#000000
 95.6797916622836,-29.4421372912594,#000000
 95.6562678507629,-29.4793521679998,#000000
 95.6326855528386,-29.5165300106467,#000000
 95.6090448268142,-29.5536707272836,#000000
 95.5853457311377,-29.5907742260861,#000000
 95.5615883244014,-29.6278404153214,#000000
 95.5377726653417,-29.6648692033493,#000000
 95.5138988128391,-29.7018604986220,#000000
 95.4899668259180,-29.7388142096842,#000000
 95.4659767637463,-29.7757302451738,#000000
 95.4419286856359,-29.8126085138216,#000000
 95.4178226510417,-29.8494489244519,#000000
 95.3936587195622,-29.8862513859826,#000000
 95.3694369509389,-29.9230158074254,#000000
 95.3451574050562,-29.9597420978860,#000000
 95.3208201419417,-29.9964301665644,#000000
 95.2964252217652,-30.0330799227553,#000000
 95.2719727048394,-30.0696912758477,#000000
 95.2474626516194,-30.1062641353260,#000000
 95.2228951227023,-30.1427984107694,#000000
 95.1982701788276,-30.1792940118527,#000000
 95.1735878808765,-30.2157508483462,#000000
 95.1488482898721,-30.2521688301162,#000000
 95.1240514669792,-30.2885478671250,#000000
 95.0991974735040,-30.3248878694310,#000000
 95.0742863708942,-30.3611887471893,#000000
 95.0493182207385,-30.3974504106518,#000000
 95.0242930847667,-30.4336727701671,#000000
 94.9992110248495,-30.4698557361812,#000000
 94.9740721029984,-30.5059992192374,#000000
 94.9488763813655,-30.5421031299766,#000000
 94.9236239222432,-30.5781673791375,#000000
 94.8983147880642,-30.6141918775569,#000000
 94.8729490414013,-30.6501765361700,#000000
 94.8475267449675,-30.6861212660104,#000000
 94.8220479616153,-30.7220259782103,#000000
 94.7965127543371,-30.7578905840010,#000000
 94.7709211862645,-30.7937149947128,#000000
 94.7452733206688,-30.8294991217757,#000000
 94.7195692209602,-30.8652428767188,#000000
 94.6938089506882,-30.9009461711715,#000000
 94.6679925735408,-30.9366089168629,#000000
 94.6421201533451,-30.9722310256225,#000000
 94.6161917540666,-31.0078124093803,#000000
 94.5902074398091,-31.0433529801668,#000000
 94.5641672748147,-31.0788526501136,#000000
 94.5380713234638,-31.1143113314534,#000000
 94.5119196502743,-31.1497289365200,#000000
 94.4857123199023,-31.1851053777491,#000000
 94.4594493971412,-31.2204405676780,#000000
 94.4331309469220,-31.2557344189459,#000000
 94.4067570343129,-31.2909868442945,#000000
 94.3803277245192,-31.3261977565674,#000000
 94.3538430828834,-31.3613670687115,#000000
 94.3273031748844,-31.3964946937759,#000000
 94.3007080661380,-31.4315805449133,#000000
 94.2740578223965,-31.4666245353793,#000000
 94.2473525095484,-31.5016265785333,#000000
 94.2205921936184,-31.5365865878381,#000000
 94.1937769407672,-31.5715044768606,#000000
 94.1669068172912,-31.6063801592718,#000000
 94.1399818896226,-31.6412135488472,#000000
 94.1130022243291,-31.6760045594665,#000000
 94.0859678881137,-31.7107531051146,#000000
 94.0588789478144,-31.7454590998810,#000000
 94.0317354704045,-31.7801224579607,#000000
 94.0045375229919,-31.8147430936540,#000000
 93.9772851728193,-31.8493209213668,#000000
 93.9499784872638,-31.8838558556108,#000000
 93.9226175338370,-31.9183478110039,#000000
 93.8952023801844,-31.9527967022701,#000000
 93.8677330940857,-31.9872024442399,#000000
 93.8402097434544,-32.0215649518506,#000000
 93.8126323963378,-32.0558841401462,#000000
 93.7850011209163,-32.0901599242780,#000000
 93.7573159855041,-32.1243922195044,#000000
 93.7295770585482,-32.1585809411916,#000000
 93.7017844086288,-32.1927260048132,#000000
 93.6739381044589,-32.2268273259510,#000000
 93.6460382148841,-32.2608848202948,#000000
 93.6180848088824,-32.2948984036428,#000000
 93.5900779555643,-32.3288679919017,#000000
 93.5620177241723,-32.3627935010871,#000000
 93.5339041840809,-32.3966748473236,#000000
 93.5057374047964,-32.4305119468447,#000000
 93.4775174559568,-32.4643047159937,#000000
 93.4492444073314,-32.4980530712231,#000000
 93.4209183288209,-32.5317569290955,#000000
 93.3925392904571,-32.5654162062834,#000000
 93.3641073624028,-32.5990308195695,#000000
 93.3356226149513,-32.6326006858470,#000000
 93.3070851185267,-32.6661257221197,#000000
 93.2784949436835,-32.6996058455021,#000000
 93.2498521611065,-32.7330409732200,#000000
 93.2211568416104,-32.7664310226101,#000000
 93.1924090561398,-32.7997759111210,#000000
 93.1636088757691,-32.8330755563126,#000000
 93.1347563717024,-32.8663298758567,#000000
 93.1058516152727,-32.8995387875373,#000000
 93.0768946779427,-32.9327022092505,#000000
 93.0478856313038,-32.9658200590051,#000000
 93.0188245470763,-32.9988922549223,#000000
 92.9897114971091,-33.0319187152363,#000000
 92.9605465533797,-33.0648993582944,#000000
 92.9313297879939,-33.0978341025572,#000000
 92.9020612731855,-33.1307228665986,#000000
 92.8727410813162,-33.1635655691064,#000000
 92.8433692848757,-33.1963621288822,#000000
 92.8139459564812,-33.2291124648415,#000000
 92.7844711688771,-33.2618164960144,#000000
 92.7549449949352,-33.2944741415453,#000000
 92.7253675076544,-33.3270853206932,#000000
 92.6957387801604,-33.3596499528322,#000000
 92.6660588857055,-33.3921679574514,#000000
 92.6363278976686,-33.4246392541550,#000000
 92.6065458895549,-33.4570637626629,#000000
 92.5767129349957,-33.4894414028107,#000000
 92.5468291077484,-33.5217720945495,#000000
 92.5168944816959,-33.5540557579471,#000000
 92.4869091308470,-33.5862923131869,#000000
 92.4568731293357,-33.6184816805693,#000000
 92.4267865514213,-33.6506237805110,#000000
 92.3966494714881,-33.6827185335459,#000000
 92.3664619640454,-33.7147658603245,#000000
 92.3362241037269,-33.7467656816151,#000000
 92.3059359652911,-33.7787179183030,#000000
 92.2755976236206,-33.8106224913913,#000000
 92.2452091537223,-33.8424793220011,#000000
 92.2147706307267,-33.8742883313713,#000000
 92.1842821298884,-33.9060494408591,#000000
 92.1537437265854,-33.9377625719402,#000000
 92.1231554963191,-33.9694276462089,#000000
 92.0925175147141,-34.0010445853782,#000000
 92.0618298575179,-34.0326133112802,#000000
 92.0310926006011,-34.0641337458663,#000000
 92.0003058199566,-34.0956058112070,#000000
 91.9694695916999,-34.1270294294927,#000000
 91.9385839920687,-34.1584045230334,#000000
 91.9076490974229,-34.1897310142592,#000000
 91.8766649842440,-34.2210088257201,#000000
 91.8456317291355,-34.2522378800867,#000000
 91.8145494088221,-34.2834181001501,#000000
 91.7834181001501,-34.3145494088221,#000000
 91.7522378800867,-34.3456317291355,#000000
 91.7210088257201,-34.3766649842440,#000000
 91.6897310142592,-34.4076490974229,#000000
 91.6584045230334,-34.4385839920687,#000000
 91.6270294294927,-34.4694695916999,#000000
 91.5956058112070,-34.5003058199566,#000000
 91.5641337458663,-34.5310926006011,#000000
 91.5326133112802,-34.5618298575179,#000000
 91.5010445853782,-34.5925175147141,#000000
 91.4694276462089,-34.6231554963191,#000000
 91.4377625719402,-34.6537437265854,#000000
 91.4060494408591,-34.6842821298884,#000000
 91.3742883313713,-34.7147706307267,#000000
 91.3424793220011,-34.7452091537223,#000000
 91.3106224913913,-34.7755976236206,#000000
 91.2787179183030,-34.8059359652911,#000000
 91.2467656816151,-34.8362241037269,#000000
 91.2147658603245,-34.8664619640454,#000000
 91.1827185335459,-34.8966494714881,#000000
 91.1506237805110,-34.9267865514213,#000000
 91.1184816805693,-34.9568731293357,#000000
 91.0862923131869,-34.9869091308470,#000000
 91.0540557579471,-35.0168944816959,#000000
 91.0217720945496,-35.0468291077484,#000000
 90.9894414028107,-35.0767129349957,#000000
 90.9570637626629,-35.1065458895549,#000000
 90.9246392541550,-35.1363278976686,#000000
 90.8921679574514,-35.1660588857055,#000000
 90.8596499528323,-35.1957387801604,#000000
 90.8270853206932,-35.2253675076544,#000000
 90.7944741415453,-35.2549449949352,#000000
 90.7618164960144,-35.2844711688771,#000000
 90.7291124648415,-35.3139459564812,#000000
 90.6963621288822,-35.3433692848757,#000000
 90.6635655691064,-35.3727410813162,#000000
 90.6307228665986,-35.4020612731855,#000000
 90.5978341025572,-35.4313297879939,#000000
 90.5648993582944,-35.4605465533797,#000000
 90.5319187152363,-35.4897114971091,#000000
 90.4988922549223,-35.5188245470763,#000000
 90.4658200590051,-35.5478856313038,#000000
 90.4327022092505,-35.5768946779427,#000000
 90.3995387875373,-35.6058516152727,#000000
 90.3663298758567,-35.6347563717024,#000000
 90.3330755563126,-35.6636088757691,#000000
 90.2997759111210,-35.6924090561398,#000000
 90.2664310226101,-35.7211568416103,#000000
 90.2330409732200,-35.7498521611065,#000000
 90.1996058455021,-35.7784949436835,#000000
 90.1661257221197,-35.8070851185267,#000000
 90.1326006858470,-35.8356226149513,#000000
 90.0990308195695,-35.8641073624028,#000000
 90.0654162062834,-35.8925392904571,#000000
 90.0317569290955,-35.9209183288209,#000000
 89.9980530712231,-35.9492444073314,#000000
 89.9643047159937,-35.9775174559568,#000000
 89.9305119468447,-36.0057374047964,#000000
 89.8966748473236,-36.0339041840809,#000000
 89.8627935010871,-36.0620177241723,#000000
 89.8288679919017,-36.0900779555643,#000000
 89.7948984036427,-36.1180848088824,#000000
 89.7608848202948,-36.1460382148841,#000000
 89.7268273259510,-36.1739381044589,#000000
 89.6927260048132,-36.2017844086288,#000000
 89.6585809411916,-36.2295770585482,#000000
 89.6243922195044,-36.2573159855041,#000000
 89.5901599242780,-36.2850011209163,#000000
 89.5558841401462,-36.3126323963377,#000000
 89.5215649518506,-36.3402097434544,#000000
 89.4872024442399,-36.3677330940857,#000000
 89.4527967022701,-36.3952023801844,#000000
 89.4183478110039,-36.4226175338370,#000000
 89.3838558556108,-36.4499784872638,#000000
 89.3493209213668,-36.4772851728193,#000000
 89.3147430936540,-36.5045375229919,#000000
 89.2801224579607,-36.5317354704045,#000000
 89.2454590998810,-36.5588789478144,#000000
 89.2107531051146,-36.5859678881137,#000000
 89.1760045594665,-36.6130022243291,#000000
 89.1412135488472,-36.6399818896226,#000000
 89.1063801592719,-36.6669068172912,#000000
 89.0715044768606,-36.6937769407672,#000000
 89.0365865878381,-36.7205921936184,#000000
 89.0016265785333,-36.7473525095484,#000000
 88.9666245353794,-36.7740578223965,#000000
 88.9315805449133,-36.8007080661380,#000000
 88.8964946937759,-36.8273031748844,#000000
 88.8613670687115,-36.8538430828834,#000000
 88.8261977565674,-36.8803277245192,#000000
 88.7909868442945,-36.9067570343129,#000000
 88.7557344189460,-36.9331309469220,#000000
 88.7204405676780,-36.9594493971412,#000000
 88.6851053777491,-36.9857123199023,#000000
 88.6497289365200,-37.0119196502743,#000000
 88.6143113314534,-37.0380713234638,#000000
 88.5788526501136,-37.0641672748147,#000000
 88.5433529801668,-37.0902074398091,#000000
 88.5078124093803,-37.1161917540666,#000000
 88.4722310256225,-37.1421201533451,#000000
 88.4366089168629,-37.1679925735408,#000000
 88.4009461711715,-37.1938089506882,#000000
 88.3652428767188,-37.2195692209602,#000000
 88.3294991217757,-37.2452733206688,#000000
 88.2937149947128,-37.2709211862645,#000000
 88.2578905840010,-37.2965127543371,#000000
 88.2220259782103,-37.3220479616153,#000000
 88.1861212660104,-37.3475267449675,#000000
 88.1501765361700,-37.3729490414013,#000000
 88.1141918775569,-37.3983147880642,#000000
 88.0781673791375,-37.4236239222432,#000000
 88.0421031299766,-37.4488763813655,#000000
 88.0059992192374,-37.4740721029984,#000000
 87.9698557361812,-37.4992110248495,#000000
 87.9336727701671,-37.5242930847667,#000000
 87.8974504106518,-37.5493182207385,#000000
 87.8611887471893,-37.5742863708942,#000000
 87.8248878694310,-37.5991974735040,#000000
 87.7885478671250,-37.6240514669792,#000000
 87.7521688301162,-37.6488482898721,#000000
 87.7157508483462,-37.6735878808765,#000000
 87.6792940118527,-37.6982701788276,#000000
 87.6427984107694,-37.7228951227023,#000000
 87.6062641353260,-37.7474626516194,#000000
 87.5696912758477,-37.7719727048394,#000000
 87.5330799227553,-37.7964252217652,#000000
 87.4964301665644,-37.8208201419417,#000000
 87.4597420978860,-37.8451574050562,#000000
 87.4230158074254,-37.8694369509389,#000000
 87.3862513859826,-37.8936587195622,#000000
 87.3494489244519,-37.9178226510417,#000000
 87.3126085138216,-37.9419286856359,#000000
 87.2757302451738,-37.9659767637463,#000000
 87.2388142096842,-37.9899668259180,#000000
 87.2018604986220,-38.0138988128391,#000000
 87.1648692033493,-38.0377726653417,#000000
 87.1278404153214,-38.0615883244014,#000000
 87.0907742260861,-38.0853457311377,#000000
 87.0536707272836,-38.1090448268142,#000000
 87.0165300106467,-38.1326855528386,#000000
 86.9793521679998,-38.1562678507629,#000000
 86.9421372912594,-38.1797916622836,#000000
 86.9048854724334,-38.2032569292417,#000000
 86.8675968036210,-38.2266635936231,#000000
 86.8302713770126,-38.2500115975585,#000000
 86.7929092848894,-38.2733008833235,#000000
 86.7555106196235,-38.2965313933392,#000000
 86.7180754736770,-38.3197030701717,#000000
 86.6806039396025,-38.3428158565327,#000000
 86.6430961100425,-38.3658696952795,#000000
 86.6055520777291,-38.3888645294150,#000000
 86.5679719354842,-38.4118003020882,#000000
 86.5303557762187,-38.4346769565939,#000000
 86.4927036929326,-38.4574944363733,#000000
 86.4550157787148,-38.4802526850137,#000000
 86.4172921267428,-38.5029516462489,#000000
 86.3795328302822,-38.5255912639592,#000000
 86.3417379826872,-38.5481714821719,#000000
 86.3039076773995,-38.5706922450609,#000000
 86.2660420079485,-38.5931534969470,#000000
 86.2281410679511,-38.6155551822985,#000000
 86.1902049511116,-38.6378972457306,#000000
 86.1522337512210,-38.6601796320061,#000000
 86.1142275621571,-38.6824022860353,#000000
 86.0761864778842,-38.7045651528762,#000000
 86.0381105924530,-38.7266681777346,#000000
 86.0000000000000,-38.7487113059643,#000000
 85.9618547947478,-38.7706944830670,#000000
 85.9236750710043,-38.7926176546928,#000000
 85.8854609231629,-38.8144807666402,#000000
 85.8472124457021,-38.8362837648560,#000000
 85.8089297331853,-38.8580265954357,#000000
 85.7706128802604,-38.8797092046236,#000000
 85.7322619816598,-38.9013315388128,#000000
 85.6938771322001,-38.9228935445456,#000000
 85.6554584267818,-38.9443951685133,#000000
 85.6170059603891,-38.9658363575564,#000000
 85.5785198280897,-38.9872170586650,#000000
 85.5400001250345,-39.0085372189788,#000000
 85.5014469464573,-39.0297967857868,#000000
 85.4628603876750,-39.0509957065283,#000000
 85.4242405440867,-39.0721339287922,#000000
 85.3855875111738,-39.0932114003175,#000000
 85.3469013845000,-39.1142280689936,#000000
 85.3081822597105,-39.1351838828600,#000000
 85.2694302325324,-39.1560787901068,#000000
 85.2306453987739,-39.1769127390746,#000000
 85.1918278543245,-39.1976856782547,#000000
 85.1529776951544,-39.2183975562893,#000000
 85.1140950173145,-39.2390483219716,#000000
 85.0751799169362,-39.2596379242458,#000000
 85.0362324902308,-39.2801663122072,#000000
 84.9972528334899,-39.3006334351028,#000000
 84.9582410430844,-39.3210392423308,#000000
 84.9191972154649,-39.3413836834409,#000000
 84.8801214471611,-39.3616667081348,#000000
 84.8410138347817,-39.3818882662660,#000000
 84.8018744750142,-39.4020483078396,#000000
 84.7627034646244,-39.4221467830134,#000000
 84.7235009004566,-39.4421836420968,#000000
 84.6842668794328,-39.4621588355519,#000000
 84.6450014985531,-39.4820723139933,#000000
 84.6057048548949,-39.5019240281879,#000000
 84.5663770456129,-39.5217139290555,#000000
 84.5270181679392,-39.5414419676688,#000000
 84.4876283191821,-39.5611080952531,#000000
 84.4482075967271,-39.5807122631872,#000000
 84.4087560980355,-39.6002544230027,#000000
 84.3692739206451,-39.6197345263848,#000000
 84.3297611621693,-39.6391525251720,#000000
 84.2902179202973,-39.6585083713563,#000000
 84.2506442927933,-39.6778020170834,#000000
 84.2110403774971,-39.6970334146529,#000000
 84.1714062723231,-39.7162025165181,#000000
 84.1317420752603,-39.7353092752865,#000000
 84.0920478843723,-39.7543536437195,#000000
 84.0523237977967,-39.7733355747330,#000000
 84.0125699137451,-39.7922550213971,#000000
 83.9727863305027,-39.8111119369364,#000000
 83.9329731464282,-39.8299062747303,#000000
 83.8931304599533,-39.8486379883127,#000000
 83.8532583695830,-39.8673070313723,#000000
 83.8133569738945,-39.8859133577529,#000000
 83.7734263715380,-39.9044569214532,#000000
 83.7334666612355,-39.9229376766273,#000000
 83.6934779417811,-39.9413555775843,#000000
 83.6534603120406,-39.9597105787889,#000000
 83.6134138709514,-39.9780026348612,#000000
 83.5733387175219,-39.9962317005770,#000000
 83.5332349508318,-40.0143977308678,#000000
 83.4931026700312,-40.0325006808209,#000000
 83.4529419743409,-40.0505405056797,#000000
 83.4127529630519,-40.0685171608435,#000000
 83.3725357355252,-40.0864306018679,#000000
 83.3322903911917,-40.1042807844646,#000000
 83.2920170295515,-40.1220676645020,#000000
 83.2517157501742,-40.1397911980047,#000000
 83.2113866526985,-40.1574513411542,#000000
 83.1710298368317,-40.1750480502884,#000000
 83.1306454023496,-40.1925812819023,#000000
 83.0902334490964,-40.2100509926477,#000000
 83.0497940769843,-40.2274571393335,#000000
 83.0093273859934,-40.2447996789258,#000000
 82.9688334761711,-40.2620785685478,#000000
 82.9283124476323,-40.2792937654802,#000000
 82.8877644005589,-40.2964452271611,#000000
 82.8471894351994,-40.3135329111863,#000000
 82.8065876518692,-40.3305567753091,#000000
 82.7659591509498,-40.3475167774407,#000000
 82.7253040328887,-40.3644128756502,#000000
 82.6846223981994,-40.3812450281646,#000000
 82.6439143474607,-40.3980131933691,#000000
 82.6031799813170,-40.4147173298070,#000000
 82.5624194004776,-40.4313573961799,#000000
 82.5216327057165,-40.4479333513480,#000000
 82.4808199978725,-40.4644451543297,#000000
 82.4399813778486,-40.4808927643023,#000000
 82.3991169466119,-40.4972761406015,#000000
 82.3582268051932,-40.5135952427222,#000000
 82.3173110546870,-40.5298500303178,#000000
 82.2763697962510,-40.5460404632009,#000000
 82.2354031311061,-40.5621665013433,#000000
 82.1944111605359,-40.5782281048759,#000000
 82.1533939858867,-40.5942252340889,#000000
 82.1123517085668,-40.6101578494318,#000000
 82.0712844300470,-40.6260259115138,#000000
 82.0301922518596,-40.6418293811037,#000000
 81.9890752755985,-40.6575682191298,#000000
 81.9479336029190,-40.6732423866802,#000000
 81.9067673355375,-40.6888518450032,#000000
 81.8655765752310,-40.7043965555067,#000000
 81.8243614238373,-40.7198764797590,#000000
 81.7831219832542,-40.7352915794883,#000000
 81.7418583554399,-40.7506418165832,#000000
 81.7005706424123,-40.7659271530926,#000000
 81.6592589462485,-40.7811475512261,#000000
 81.6179233690855,-40.7963029733535,#000000
 81.5765640131187,-40.8113933820054,#000000
 81.5351809806029,-40.8264187398732,#000000
 81.4937743738509,-40.8413790098091,#000000
 81.4523442952342,-40.8562741548261,#000000
 81.4108908471821,-40.8711041380983,#000000
 81.3694141321816,-40.8858689229609,#000000
 81.3279142527776,-40.9005684729104,#000000
 81.2863913115719,-40.9152027516043,#000000
 81.2448454112234,-40.9297717228617,#000000
 81.2032766544479,-40.9442753506632,#000000
 81.1616851440176,-40.9587135991508,#000000
 81.1200709827609,-40.9730864326282,#000000
 81.0784342735624,-40.9873938155608,#000000
 81.0367751193622,-41.0016357125759,#000000
 80.9950936231560,-41.0158120884626,#000000
 80.9533898879949,-41.0299229081720,#000000
 80.9116640169846,-41.0439681368175,#000000
 80.8699161132860,-41.0579477396743,#000000
 80.8281462801141,-41.0718616821800,#000000
 80.7863546207382,-41.0857099299348,#000000
 80.7445412384817,-41.0994924487008,#000000
 80.7027062367216,-41.1132092044031,#000000
 80.6608497188883,-41.1268601631291,#000000
 80.6189717884656,-41.1404452911289,#000000
 80.5770725489899,-41.1539645548155,#000000
 80.5351521040507,-41.1674179207646,#000000
 80.4932105572895,-41.1808053557149,#000000
 80.4512480124004,-41.1941268265680,#000000
 80.4092645731290,-41.2073823003887,#000000
 80.3672603432729,-41.2205717444050,#000000
 80.3252354266808,-41.2336951260079,#000000
 80.2831899272529,-41.2467524127520,#000000
 80.2411239489399,-41.2597435723553,#000000
 80.1990375957434,-41.2726685726990,#000000
 80.1569309717153,-41.2855273818283,#000000
 80.1148041809576,-41.2983199679516,#000000
 80.0726573276222,-41.3110462994413,#000000
 80.0304905159105,-41.3237063448337,#000000
 79.9883038500734,-41.3363000728286,#000000
 79.9460974344107,-41.3488274522902,#000000
 79.9038713732712,-41.3612884522464,#000000
 79.8616257710522,-41.3736830418893,#000000
 79.8193607321992,-41.3860111905753,#000000
 79.7770763612061,-41.3982728678250,#000000
 79.7347727626141,-41.4104680433233,#000000
 79.6924500410123,-41.4225966869195,#000000
 79.6501083010371,-41.4346587686275,#000000
 79.6077476473716,-41.4466542586257,#000000
 79.5653681847459,-41.4585831272572,#000000
 79.5229700179367,-41.4704453450296,#000000
 79.4805532517666,-41.4822408826154,#000000
 79.4381179911045,-41.4939697108522,#000000
 79.3956643408650,-41.5056318007422,#000000
 79.3531924060079,-41.5172271234527,#000000
 79.3107022915385,-41.5287556503161,#000000
 79.2681941025068,-41.5402173528299,#000000
 79.2256679440078,-41.5516122026569,#000000
 79.1831239211806,-41.5629401716252,#000000
 79.1405621392087,-41.5742012317280,#000000
 79.0979827033193,-41.5853953551241,#000000
 79.0553857187835,-41.5965225141380,#000000
 79.0127712909156,-41.6075826812593,#000000
 78.9701395250730,-41.6185758291437,#000000
 78.9274905266561,-41.6295019306122,#000000
 78.8848244011078,-41.6403609586518,#000000
 78.8421412539135,-41.6511528864153,#000000
 78.7994411906004,-41.6618776872212,#000000
 78.7567243167379,-41.6725353345543,#000000
 78.7139907379366,-41.6831258020652,#000000
 78.6712405598486,-41.6936490635705,#000000
 78.6284738881670,-41.7041050930533,#000000
 78.5856908286257,-41.7144938646625,#000000
 78.5428914869991,-41.7248153527137,#000000
 78.5000759691017,-41.7350695316885,#000000
 78.4572443807883,-41.7452563762351,#000000
 78.4143968279532,-41.7553758611681,#000000
 78.3715334165303,-41.7654279614687,#000000
 78.3286542524926,-41.7754126522846,#000000
 78.2857594418520,-41.7853299089303,#000000
 78.2428490906594,-41.7951797068870,#000000
 78.1999233050037,-41.8049620218024,#000000
 78.1569821910122,-41.8146768294915,#000000
 78.1140258548501,-41.8243241059358,#000000
 78.0710544027201,-41.8339038272840,#000000
 78.0280679408625,-41.8434159698518,#000000
 77.9850665755545,-41.8528605101218,#000000
 77.9420504131102,-41.8622374247439,#000000
 77.8990195598803,-41.8715466905352,#000000
 77.8559741222519,-41.8807882844800,#000000
 77.8129142066479,-41.8899621837298,#000000
 77.7698399195274,-41.8990683656038,#000000
 77.7267513673846,-41.9081068075881,#000000
 77.6836486567493,-41.9170774873368,#000000
 77.6405318941862,-41.9259803826713,#000000
 77.5974011862945,-41.9348154715804,#000000
 77.5542566397084,-41.9435827322209,#000000
 77.5110983610957,-41.9522821429171,#000000
 77.4679264571588,-41.9609136821611,#000000
 77.4247410346331,-41.9694773286127,#000000
 77.3815422002881,-41.9779730610997,#000000
 77.3383300609258,-41.9864008586176,#000000
 77.2951047233817,-41.9947607003302,#000000
 77.2518662945234,-42.0030525655690,#000000
 77.2086148812514,-42.0112764338336,#000000
 77.1653505904978,-42.0194322847919,#000000
 77.1220735292268,-42.0275200982797,#000000
 77.0787838044342,-42.0355398543013,#000000
 77.0354815231470,-42.0434915330291,#000000
 76.9921667924233,-42.0513751148037,#000000
 76.9488397193520,-42.0591905801343,#000000
 76.9055004110523,-42.0669379096984,#000000
 76.8621489746741,-42.0746170843418,#000000
 76.8187855173967,-42.0822280850791,#000000
 76.7754101464297,-42.0897708930933,#000000
 76.7320229690118,-42.0972454897358,#000000
 76.6886240924109,-42.1046518565271,#000000
 76.6452136239240,-42.1119899751559,#000000
 76.6017916708766,-42.1192598274800,#000000
 76.5583583406226,-42.1264613955258,#000000
 76.5149137405443,-42.1335946614885,#000000
 76.4714579780514,-42.1406596077322,#000000
 76.4279911605815,-42.1476562167901,#000000
 76.3845133955996,-42.1545844713640,#000000
 76.3410247905975,-42.1614443543250,#000000
 76.2975254530941,-42.1682358487130,#000000
 76.2540154906344,-42.1749589377372,#000000
 76.2104950107902,-42.1816136047758,#000000
 76.1669641211590,-42.1881998333762,#000000
 76.1234229293640,-42.1947176072549,#000000
 76.0798715430539,-42.2011669102978,#000000
 76.0363100699028,-42.2075477265600,#000000
 75.9927386176096,-42.2138600402659,#000000
 75.9491572938977,-42.2201038358094,#000000
 75.9055662065153,-42.2262790977536,#000000
 75.8619654632343,-42.2323858108311,#000000
 75.8183551718508,-42.2384239599441,#000000
 75.7747354401844,-42.2443935301642,#000000
 75.7311063760779,-42.2502945067325,#000000
 75.6874680873975,-42.2561268750599,#000000
 75.6438206820318,-42.2618906207268,#000000
 75.6001642678923,-42.2675857294831,#000000
 75.5564989529126,-42.2732121872485,#000000
 75.5128248450483,-42.2787699801127,#000000
 75.4691420522768,-42.2842590943348,#000000
 75.4254506825968,-42.2896795163438,#000000
 75.3817508440285,-42.2950312327386,#000000
 75.3380426446129,-42.3003142302879,#000000
 75.2943261924115,-42.3055284959303,#000000
 75.2506015955065,-42.3106740167744,#000000
 75.2068689619999,-42.3157507800987,#000000
 75.1631284000140,-42.3207587733517,#000000
 75.1193800176904,-42.3256979841519,#000000
 75.0756239231900,-42.3305684002879,#000000
 75.0318602246929,-42.3353700097183,#000000
 74.9880890303981,-42.3401028005720,#000000
 74.9443104485228,-42.3447667611478,#000000
 74.9005245873027,-42.3493618799148,#000000
 74.8567315549916,-42.3538881455124,#000000
 74.8129314598607,-42.3583455467500,#000000
 74.7691244101990,-42.3627340726075,#000000
 74.7253105143125,-42.3670537122348,#000000
 74.6814898805241,-42.3713044549524,#000000
 74.6376626171735,-42.3754862902509,#000000
 74.5938288326168,-42.3795992077915,#000000
 74.5499886352259,-42.3836431974055,#000000
 74.5061421333891,-42.3876182490949,#000000
 74.4622894355097,-42.3915243530320,#000000
 74.4184306500068,-42.3953614995595,#000000
 74.3745658853143,-42.3991296791907,#000000
 74.3306952498808,-42.4028288826094,#000000
 74.2868188521698,-42.4064591006699,#000000
 74.2429368006586,-42.4100203243970,#000000
 74.1990492038388,-42.4135125449861,#000000
 74.1551561702154,-42.4169357538033,#000000
 74.1112578083072,-42.4202899423853,#000000
 74.0673542266460,-42.4235751024393,#000000
 74.0234455337764,-42.4267912258433,#000000
 73.9795318382559,-42.4299383046460,#000000
 73.9356132486540,-42.4330163310666,#000000
 73.8916898735526,-42.4360252974953,#000000
 73.8477618215454,-42.4389651964929,#000000
 73.8038292012375,-42.4418360207908,#000000
 73.7598921212455,-42.4446377632915,#000000
 73.7159506901969,-42.4473704170681,#000000
 73.6720050167299,-42.4500339753645,#000000
 73.6280552094933,-42.4526284315955,#000000
 73.5841013771462,-42.4551537793467,#000000
 73.5401436283574,-42.4576100123746,#000000
 73.4961820718056,-42.4599971246066,#000000
 73.4522168161788,-42.4623151101408,#000000
 73.4082479701743,-42.4645639632464,#000000
 73.3642756424979,-42.4667436783635,#000000
 73.3202999418646,-42.4688542501031,#000000
 73.2763209769971,-42.4708956732472,#000000
 73.2323388566267,-42.4728679427485,#000000
 73.1883536894922,-42.4747710537311,#000000
 73.1443655843399,-42.4766050014897,#000000
 73.1003746499237,-42.4783697814902,#000000
 73.0563809950041,-42.4800653893695,#000000
 73.0123847283485,-42.4816918209355,#000000
 72.9683859587309,-42.4832490721670,#000000
 72.9243847949312,-42.4847371392139,#000000
 72.8803813457354,-42.4861560183974,#000000
 72.8363757199351,-42.4875057062094,#000000
 72.7923680263273,-42.4887861993130,#000000
 72.7483583737141,-42.4899974945424,#000000
 72.7043468709025,-42.4911395889029,#000000
 72.6603336267040,-42.4922124795709,#000000
 72.6163187499344,-42.4932161638937,#000000
 72.5723023494135,-42.4941506393899,#000000
 72.5282845339651,-42.4950159037492,#000000
 72.4842654124162,-42.4958119548324,#000000
 72.4402450935972,-42.4965387906713,#000000
 72.3962236863413,-42.4971964094690,#000000
 72.3522012994848,-42.4977848095995,#000000
 72.3081780418658,-42.4983039896082,#000000
 72.2641540223251,-42.4987539482115,#000000
 72.2201293497051,-42.4991346842969,#000000
 72.1761041328499,-42.4994461969231,#000000
 72.1320784806049,-42.4996884853200,#000000
 72.0880525018166,-42.4998615488885,#000000
 72.0440263053324,-42.4999653872007,#000000
 72.0000000000000,-42.5000000000000,#000000
  0.0000000000000,-42.5000000000000,#000000
  0.0000000000000,-42.9167000000000,#000000
 72.0000000000000,-42.9167000000000,#000000
 72.0446815110978,-42.9166648720881,#000000
 72.0893629117276,-42.9165594884393,#000000
 72.1340440914216,-42.9163838493140,#000000
 72.1787249397127,-42.9161379551466,#000000
 72.2234053461345,-42.9158218065450,#000000
 72.2680852002216,-42.9154354042908,#000000
 72.3127643915103,-42.9149787493393,#000000
 72.3574428095382,-42.9144518428195,#000000
 72.4021203438449,-42.9138546860342,#000000
 72.4467968839722,-42.9131872804596,#000000
 72.4914723194645,-42.9124496277459,#000000
 72.5361465398688,-42.9116417297168,#000000
 72.5808194347350,-42.9107635883697,#000000
 72.6254908936164,-42.9098152058756,#000000
 72.6701608060700,-42.9087965845793,#000000
 72.7148290616563,-42.9077077269992,#000000
 72.7594955499401,-42.9065486358273,#000000
 72.8041601604905,-42.9053193139292,#000000
 72.8488227828814,-42.9040197643443,#000000
 72.8934833066914,-42.9026499902855,#000000
 72.9381416215043,-42.9012099951393,#000000
 72.9827976169096,-42.8996997824660,#000000
 73.0274511825022,-42.8981193559992,#000000
 73.0721022078833,-42.8964687196463,#000000
 73.1167505826602,-42.8947478774883,#000000
 73.1613961964469,-42.8929568337797,#000000
 73.2060389388640,-42.8910955929486,#000000
 73.2506786995394,-42.8891641595965,#000000
 73.2953153681084,-42.8871625384987,#000000
 73.3399488342137,-42.8850907346038,#000000
 73.3845789875061,-42.8829487530340,#000000
 73.4292057176447,-42.8807365990852,#000000
 73.4738289142967,-42.8784542782263,#000000
 73.5184484671385,-42.8761017961003,#000000
 73.5630642658551,-42.8736791585231,#000000
 73.6076762001411,-42.8711863714844,#000000
 73.6522841597003,-42.8686234411472,#000000
 73.6968880342467,-42.8659903738479,#000000
 73.7414877135042,-42.8632871760964,#000000
 73.7860830872070,-42.8605138545759,#000000
 73.8306740451002,-42.8576704161431,#000000
 73.8752604769396,-42.8547568678278,#000000
 73.9198422724922,-42.8517732168334,#000000
 73.9644193215366,-42.8487194705365,#000000
 74.0089915138630,-42.8455956364869,#000000
 74.0535587392738,-42.8424017224079,#000000
 74.0981208875833,-42.8391377361960,#000000
 74.1426778486187,-42.8358036859207,#000000
 74.1872295122200,-42.8323995798251,#000000
 74.2317757682402,-42.8289254263252,#000000
 74.2763165065455,-42.8253812340104,#000000
 74.3208516170162,-42.8217670116431,#000000
 74.3653809895460,-42.8180827681588,#000000
 74.4099045140432,-42.8143285126664,#000000
 74.4544220804303,-42.8105042544476,#000000
 74.4989335786446,-42.8066100029573,#000000
 74.5434388986385,-42.8026457678234,#000000
 74.5879379303795,-42.7986115588469,#000000
 74.6324305638507,-42.7945073860017,#000000
 74.6769166890513,-42.7903332594347,#000000
 74.7213961959960,-42.7860891894659,#000000
 74.7658689747165,-42.7817751865879,#000000
 74.8103349152608,-42.7773912614666,#000000
 74.8547939076937,-42.7729374249404,#000000
 74.8992458420974,-42.7684136880208,#000000
 74.9436906085716,-42.7638200618920,#000000
 74.9881280972334,-42.7591565579110,#000000
 75.0325581982183,-42.7544231876076,#000000
 75.0769808016797,-42.7496199626844,#000000
 75.1213957977898,-42.7447468950164,#000000
 75.1658030767394,-42.7398039966517,#000000
 75.2102025287385,-42.7347912798108,#000000
 75.2545940440166,-42.7297087568868,#000000
 75.2989775128224,-42.7245564404455,#000000
 75.3433528254250,-42.7193343432251,#000000
 75.3877198721132,-42.7140424781365,#000000
 75.4320785431966,-42.7086808582629,#000000
 75.4764287290053,-42.7032494968602,#000000
 75.5207703198904,-42.6977484073565,#000000
 75.5651032062244,-42.6921776033525,#000000
 75.6094272784011,-42.6865370986209,#000000
 75.6537424268363,-42.6808269071072,#000000
 75.6980485419676,-42.6750470429288,#000000
 75.7423455142553,-42.6691975203756,#000000
 75.7866332341819,-42.6632783539095,#000000
 75.8309115922531,-42.6572895581649,#000000
 75.8751804789976,-42.6512311479480,#000000
 75.9194397849675,-42.6451031382373,#000000
 75.9636894007387,-42.6389055441833,#000000
 76.0079292169109,-42.6326383811087,#000000
 76.0521591241081,-42.6263016645080,#000000
 76.0963790129789,-42.6198954100478,#000000
 76.1405887741964,-42.6134196335664,#000000
 76.1847882984592,-42.6068743510743,#000000
 76.2289774764907,-42.6002595787536,#000000
 76.2731561990401,-42.5935753329583,#000000
 76.3173243568826,-42.5868216302142,#000000
 76.3614818408192,-42.5799984872187,#000000
 76.4056285416776,-42.5731059208410,#000000
 76.4497643503120,-42.5661439481218,#000000
 76.4938891576035,-42.5591125862735,#000000
 76.5380028544605,-42.5520118526802,#000000
 76.5821053318187,-42.5448417648971,#000000
 76.6261964806418,-42.5376023406513,#000000
 76.6702761919214,-42.5302935978411,#000000
 76.7143443566772,-42.5229155545362,#000000
 76.7584008659576,-42.5154682289776,#000000
 76.8024456108399,-42.5079516395777,#000000
 76.8464784824303,-42.5003658049201,#000000
 76.8904993718646,-42.4927107437596,#000000
 76.9345081703079,-42.4849864750220,#000000
 76.9785047689554,-42.4771930178045,#000000
 77.0224890590325,-42.4693303913751,#000000
 77.0664609317949,-42.4613986151730,#000000
 77.1104202785290,-42.4533977088081,#000000
 77.1543669905524,-42.4453276920616,#000000
 77.1983009592136,-42.4371885848852,#000000
 77.2422220758928,-42.4289804074016,#000000
 77.2861302320020,-42.4207031799042,#000000
 77.3300253189852,-42.4123569228573,#000000
 77.3739072283186,-42.4039416568955,#000000
 77.4177758515111,-42.3954574028243,#000000
 77.4616310801045,-42.3869041816197,#000000
 77.5054728056735,-42.3782820144282,#000000
 77.5493009198265,-42.3695909225667,#000000
 77.5931153142053,-42.3608309275226,#000000
 77.6369158804857,-42.3520020509537,#000000
 77.6807025103777,-42.3431043146878,#000000
 77.7244750956257,-42.3341377407234,#000000
 77.7682335280089,-42.3251023512287,#000000
 77.8119776993414,-42.3159981685425,#000000
 77.8557075014727,-42.3068252151733,#000000
 77.8994228262876,-42.2975835137998,#000000
 77.9431235657070,-42.2882730872708,#000000
 77.9868096116876,-42.2788939586047,#000000
 78.0304808562225,-42.2694461509900,#000000
 78.0741371913414,-42.2599296877849,#000000
 78.1177785091110,-42.2503445925174,#000000
 78.1614047016349,-42.2406908888851,#000000
 78.2050156610542,-42.2309686007552,#000000
 78.2486112795477,-42.2211777521647,#000000
 78.2921914493321,-42.2113183673197,#000000
 78.3357560626621,-42.2013904705962,#000000
 78.3793050118313,-42.1913940865393,#000000
 78.4228381891716,-42.1813292398634,#000000
 78.4663554870542,-42.1711959554524,#000000
 78.5098567978892,-42.1609942583591,#000000
 78.5533420141267,-42.1507241738057,#000000
 78.5968110282562,-42.1403857271833,#000000
 78.6402637328074,-42.1299789440521,#000000
 78.6837000203503,-42.1195038501413,#000000
 78.7271197834956,-42.1089604713488,#000000
 78.7705229148947,-42.0983488337416,#000000
 78.8139093072401,-42.0876689635552,#000000
 78.8572788532659,-42.0769208871939,#000000
 78.9006314457477,-42.0661046312307,#000000
 78.9439669775030,-42.0552202224070,#000000
 78.9872853413914,-42.0442676876329,#000000
 79.0305864303153,-42.0332470539867,#000000
 79.0738701372193,-42.0221583487153,#000000
 79.1171363550914,-42.0110015992336,#000000
 79.1603849769627,-41.9997768331252,#000000
 79.2036158959077,-41.9884840781413,#000000
 79.2468290050447,-41.9771233622016,#000000
 79.2900241975362,-41.9656947133936,#000000
 79.3332013665888,-41.9541981599729,#000000
 79.3763604054538,-41.9426337303629,#000000
 79.4195012074272,-41.9310014531549,#000000
 79.4626236658502,-41.9193013571078,#000000
 79.5057276741092,-41.9075334711482,#000000
 79.5488131256364,-41.8956978243705,#000000
 79.5918799139098,-41.8837944460364,#000000
 79.6349279324536,-41.8718233655750,#000000
 79.6779570748382,-41.8597846125832,#000000
 79.7209672346808,-41.8476782168246,#000000
 79.7639583056457,-41.8355042082306,#000000
 79.8069301814441,-41.8232626168995,#000000
 79.8498827558348,-41.8109534730966,#000000
 79.8928159226244,-41.7985768072544,#000000
 79.9357295756674,-41.7861326499722,#000000
 79.9786236088664,-41.7736210320163,#000000
 80.0214979161727,-41.7610419843196,#000000
 80.0643523915864,-41.7483955379819,#000000
 80.1071869291565,-41.7356817242696,#000000
 80.1500014229812,-41.7229005746156,#000000
 80.1927957672087,-41.7100521206191,#000000
 80.2355698560364,-41.6971363940461,#000000
 80.2783235837122,-41.6841534268285,#000000
 80.3210568445344,-41.6711032510649,#000000
 80.3637695328514,-41.6579858990196,#000000
 80.4064615430631,-41.6448014031232,#000000
 80.4491327696200,-41.6315497959724,#000000
 80.4917831070244,-41.6182311103297,#000000
 80.5344124498298,-41.6048453791234,#000000
 80.5770206926421,-41.5913926354477,#000000
 80.6196077301189,-41.5778729125623,#000000
 80.6621734569706,-41.5642862438926,#000000
 80.7047177679601,-41.5506326630295,#000000
 80.7472405579032,-41.5369122037294,#000000
 80.7897417216691,-41.5231248999140,#000000
 80.8322211541802,-41.5092707856701,#000000
 80.8746787504130,-41.4953498952499,#000000
 80.9171144053975,-41.4813622630706,#000000
 80.9595280142185,-41.4673079237145,#000000
 81.0019194720148,-41.4531869119286,#000000
 81.0442886739803,-41.4389992626250,#000000
 81.0866355153637,-41.4247450108804,#000000
 81.1289598914692,-41.4104241919362,#000000
 81.1712616976564,-41.3960368411984,#000000
 81.2135408293407,-41.3815829942374,#000000
 81.2557971819937,-41.3670626867880,#000000
 81.2980306511430,-41.3524759547496,#000000
 81.3402411323732,-41.3378228341854,#000000
 81.3824285213255,-41.3231033613230,#000000
 81.4245927136980,-41.3083175725540,#000000
 81.4667336052466,-41.2934655044340,#000000
 81.5088510917845,-41.2785471936823,#000000
 81.5509450691828,-41.2635626771821,#000000
 81.5930154333708,-41.2485119919802,#000000
 81.6350620803360,-41.2333951752872,#000000
 81.6770849061249,-41.2182122644770,#000000
 81.7190838068425,-41.2029632970869,#000000
 81.7610586786532,-41.1876483108177,#000000
 81.8030094177807,-41.1722673435331,#000000
 81.8449359205084,-41.1568204332603,#000000
 81.8868380831797,-41.1413076181892,#000000
 81.9287158021979,-41.1257289366730,#000000
 81.9705689740270,-41.1100844272274,#000000
 82.0123974951917,-41.0943741285310,#000000
 82.0542012622774,-41.0785980794251,#000000
 82.0959801719310,-41.0627563189134,#000000
 82.1377341208607,-41.0468488861623,#000000
 82.1794630058363,-41.0308758205003,#000000
 82.2211667236899,-41.0148371614184,#000000
 82.2628451713154,-40.9987329485696,#000000
 82.3044982456695,-40.9825632217690,#000000
 82.3461258437715,-40.9663280209938,#000000
 82.3877278627037,-40.9500273863830,#000000
 82.4293041996117,-40.9336613582372,#000000
 82.4708547517044,-40.9172299770189,#000000
 82.5123794162548,-40.9007332833522,#000000
 82.5538780905995,-40.8841713180225,#000000
 82.5953506721397,-40.8675441219767,#000000
 82.6367970583409,-40.8508517363229,#000000
 82.6782171467334,-40.8340942023304,#000000
 82.7196108349125,-40.8172715614295,#000000
 82.7609780205390,-40.8003838552116,#000000
 82.8023186013388,-40.7834311254290,#000000
 82.8436324751040,-40.7664134139945,#000000
 82.8849195396924,-40.7493307629818,#000000
 82.9261796930284,-40.7321832146250,#000000
 82.9674128331026,-40.7149708113188,#000000
 83.0086188579725,-40.6976935956181,#000000
 83.0497976657629,-40.6803516102382,#000000
 83.0909491546655,-40.6629448980543,#000000
 83.1320732229397,-40.6454735021018,#000000
 83.1731697689128,-40.6279374655760,#000000
 83.2142386909800,-40.6103368318321,#000000
 83.2552798876049,-40.5926716443847,#000000
 83.2962932573195,-40.5749419469083,#000000
 83.3372786987248,-40.5571477832368,#000000
 83.3782361104906,-40.5392891973634,#000000
 83.4191653913563,-40.5213662334408,#000000
 83.4600664401305,-40.5033789357805,#000000
 83.5009391556920,-40.4853273488534,#000000
 83.5417834369893,-40.4672115172893,#000000
 83.5825991830413,-40.4490314858765,#000000
 83.6233862929376,-40.4307872995625,#000000
 83.6641446658384,-40.4124790034530,#000000
 83.7048742009751,-40.3941066428125,#000000
 83.7455747976502,-40.3756702630638,#000000
 83.7862463552380,-40.3571699097879,#000000
 83.8268887731845,-40.3386056287239,#000000
 83.8675019510075,-40.3199774657693,#000000
 83.9080857882975,-40.3012854669791,#000000
 83.9486401847173,-40.2825296785664,#000000
 83.9891650400025,-40.2637101469020,#000000
 84.0296602539617,-40.2448269185142,#000000
 84.0701257264770,-40.2258800400888,#000000
 84.1105613575038,-40.2068695584689,#000000
 84.1509670470713,-40.1877955206551,#000000
 84.1913426952829,-40.1686579738048,#000000
 84.2316882023161,-40.1494569652326,#000000
 84.2720034684230,-40.1301925424101,#000000
 84.3122883939304,-40.1108647529654,#000000
 84.3525428792401,-40.0914736446836,#000000
 84.3927668248294,-40.0720192655060,#000000
 84.4329601312507,-40.0525016635305,#000000
 84.4731226991325,-40.0329208870114,#000000
 84.5132544291792,-40.0132769843591,#000000
 84.5533552221713,-39.9935700041400,#000000
 84.5934249789659,-39.9737999950764,#000000
 84.6334636004969,-39.9539670060468,#000000
 84.6734709877751,-39.9340710860850,#000000
 84.7134470418884,-39.9141122843805,#000000
 84.7533916640025,-39.8940906502783,#000000
 84.7933047553604,-39.8740062332788,#000000
 84.8331862172833,-39.8538590830376,#000000
 84.8730359511706,-39.8336492493653,#000000
 84.9128538585001,-39.8133767822276,#000000
 84.9526398408283,-39.7930417317449,#000000
 84.9923937997906,-39.7726441481924,#000000
 85.0321156371015,-39.7521840820000,#000000
 85.0718052545551,-39.7316615837520,#000000
 85.1114625540250,-39.7110767041870,#000000
 85.1510874374648,-39.6904294941979,#000000
 85.1906798069082,-39.6697200048317,#000000
 85.2302395644693,-39.6489482872893,#000000
 85.2697666123428,-39.6281143929255,#000000
 85.3092608528043,-39.6072183732490,#000000
 85.3487221882105,-39.5862602799217,#000000
 85.3881505209994,-39.5652401647593,#000000
 85.4275457536907,-39.5441580797307,#000000
 85.4669077888858,-39.5230140769581,#000000
 85.5062365292684,-39.5018082087167,#000000
 85.5455318776043,-39.4805405274347,#000000
 85.5847937367419,-39.4592110856930,#000000
 85.6240220096124,-39.4378199362253,#000000
 85.6632165992302,-39.4163671319180,#000000
 85.7023774086926,-39.3948527258096,#000000
 85.7415043411809,-39.3732767710912,#000000
 85.7805972999598,-39.3516393211060,#000000
 85.8196561883781,-39.3299404293490,#000000
 85.8586809098689,-39.3081801494675,#000000
 85.8976713679496,-39.2863585352603,#000000
 85.9366274662225,-39.2644756406779,#000000
 85.9755491083748,-39.2425315198224,#000000
 86.0144361981788,-39.2205262269470,#000000
 86.0532886394923,-39.1984598164565,#000000
 86.0921063362587,-39.1763323429066,#000000
 86.1308891925074,-39.1541438610039,#000000
 86.1696371123539,-39.1318944256061,#000000
 86.2083500000000,-39.1095840917213,#000000
 86.2470277597342,-39.0872129145083,#000000
 86.2856702959319,-39.0647809492763,#000000
 86.3242775130553,-39.0422882514850,#000000
 86.3628493156544,-39.0197348767438,#000000
 86.4013856083662,-38.9971208808126,#000000
 86.4398862959160,-38.9744463196007,#000000
 86.4783512831167,-38.9517112491676,#000000
 86.5167804748699,-38.9289157257222,#000000
 86.5551737761653,-38.9060598056227,#000000
 86.5935310920815,-38.8831435453768,#000000
 86.6318523277861,-38.8601670016414,#000000
 86.6701373885359,-38.8371302312224,#000000
 86.7083861796771,-38.8140332910746,#000000
 86.7465986066455,-38.7908762383015,#000000
 86.7847745749669,-38.7676591301553,#000000
 86.8229139902573,-38.7443820240367,#000000
 86.8610167582230,-38.7210449774946,#000000
 86.8990827846608,-38.6976480482262,#000000
 86.9371119754584,-38.6741912940767,#000000
 86.9751042365948,-38.6506747730394,#000000
 87.0130594741399,-38.6270985432550,#000000
 87.0509775942555,-38.6034626630121,#000000
 87.0888585031949,-38.5797671907468,#000000
 87.1267021073035,-38.5560121850422,#000000
 87.1645083130190,-38.5321977046291,#000000
 87.2022770268715,-38.5083238083848,#000000
 87.2400081554837,-38.4843905553339,#000000
 87.2777016055715,-38.4603980046476,#000000
 87.3153572839436,-38.4363462156436,#000000
 87.3529750975023,-38.4122352477863,#000000
 87.3905549532435,-38.3880651606863,#000000
 87.4280967582568,-38.3638360141002,#000000
 87.4656004197262,-38.3395478679308,#000000
 87.5030658449296,-38.3152007822268,#000000
 87.5404929412398,-38.2907948171825,#000000
 87.5778816161240,-38.2663300331378,#000000
 87.6152317771447,-38.2418064905780,#000000
 87.6525433319594,-38.2172242501338,#000000
 87.6898161883213,-38.1925833725808,#000000
 87.7270502540790,-38.1678839188398,#000000
 87.7642454371771,-38.1431259499762,#000000
 87.8014016456565,-38.1183095272004,#000000
 87.8385187876542,-38.0934347118669,#000000
 87.8755967714039,-38.0685015654748,#000000
 87.9126355052362,-38.0435101496675,#000000
 87.9496348975786,-38.0184605262322,#000000
 87.9865948569559,-37.9933527571003,#000000
 88.0235152919904,-37.9681869043467,#000000
 88.0603961114021,-37.9429630301901,#000000
 88.0972372240091,-37.9176811969925,#000000
 88.1340385387275,-37.8923414672592,#000000
 88.1707999645717,-37.8669439036389,#000000
 88.2075214106550,-37.8414885689229,#000000
 88.2442027861894,-37.8159755260456,#000000
 88.2808440004859,-37.7904048380839,#000000
 88.3174449629548,-37.7647765682574,#000000
 88.3540055831061,-37.7390907799280,#000000
 88.3905257705494,-37.7133475365996,#000000
 88.4270054349942,-37.6875469019185,#000000
 88.4634444862503,-37.6616889396727,#000000
 88.4998428342278,-37.6357737137918,#000000
 88.5362003889377,-37.6098012883473,#000000
 88.5725170604915,-37.5837717275518,#000000
 88.6087927591020,-37.5576850957593,#000000
 88.6450273950832,-37.5315414574650,#000000
 88.6812208788507,-37.5053408773049,#000000
 88.7173731209217,-37.4790834200558,#000000
 88.7534840319156,-37.4527691506351,#000000
 88.7895535225538,-37.4263981341008,#000000
 88.8255815036601,-37.3999704356510,#000000
 88.8615678861611,-37.3734861206240,#000000
 88.8975125810860,-37.3469452544982,#000000
 88.9334154995673,-37.3203479028917,#000000
 88.9692765528406,-37.2936941315622,#000000
 89.0050956522450,-37.2669840064071,#000000
 89.0408727092236,-37.2402175934628,#000000
 89.0766076353232,-37.2133949589052,#000000
 89.1123003421948,-37.1865161690490,#000000
 89.1479507415937,-37.1595812903477,#000000
 89.1835587453799,-37.1325903893937,#000000
 89.2191242655184,-37.1055435329177,#000000
 89.2546472140788,-37.0784407877887,#000000
 89.2901275032364,-37.0512822210142,#000000
 89.3255650452716,-37.0240678997392,#000000
 89.3609597525707,-36.9967978912471,#000000
 89.3963115376259,-36.9694722629585,#000000
 89.4316203130354,-36.9420910824319,#000000
 89.4668859915039,-36.9146544173629,#000000
 89.5021084858425,-36.8871623355842,#000000
 89.5372877089690,-36.8596149050659,#000000
 89.5724235739085,-36.8320121939145,#000000
 89.6075159937930,-36.8043542703734,#000000
 89.6425648818620,-36.7766412028225,#000000
 89.6775701514626,-36.7488730597780,#000000
 89.7125317160499,-36.7210499098923,#000000
 89.7474494891868,-36.6931718219537,#000000
 89.7823233845447,-36.6652388648865,#000000
 89.8171533159033,-36.6372511077504,#000000
 89.8519391971511,-36.6092086197408,#000000
 89.8866809422854,-36.5811114701883,#000000
 89.9213784654128,-36.5529597285588,#000000
 89.9560316807491,-36.5247534644530,#000000
 89.9906405026197,-36.4964927476064,#000000
 90.0252048454597,-36.4681776478892,#000000
 90.0597246238141,-36.4398082353060,#000000
 90.0941997523383,-36.4113845799959,#000000
 90.1286301457980,-36.3829067522316,#000000
 90.1630157190693,-36.3543748224204,#000000
 90.1973563871394,-36.3257888611028,#000000
 90.2316520651063,-36.2971489389531,#000000
 90.2659026681795,-36.2684551267791,#000000
 90.3001081116796,-36.2397074955216,#000000
 90.3342683110391,-36.2109061162548,#000000
 90.3683831818022,-36.1820510601854,#000000
 90.4024526396253,-36.1531423986531,#000000
 90.4364766002771,-36.1241802031299,#000000
 90.4704549796386,-36.0951645452204,#000000
 90.5043876937036,-36.0660954966612,#000000
 90.5382746585788,-36.0369731293210,#000000
 90.5721157904840,-36.0077975152003,#000000
 90.6059110057524,-35.9785687264310,#000000
 90.6396602208306,-35.9492868352770,#000000
 90.6733633522790,-35.9199519141329,#000000
 90.7070203167718,-35.8905640355248,#000000
 90.7406310310975,-35.8611232721097,#000000
 90.7741954121589,-35.8316296966751,#000000
 90.8077133769734,-35.8020833821393,#000000
 90.8411848426730,-35.7724844015509,#000000
 90.8746097265049,-35.7428328280888,#000000
 90.9079879458312,-35.7131287350618,#000000
 90.9413194181295,-35.6833721959085,#000000
 90.9746040609931,-35.6535632841974,#000000
 91.0078417921308,-35.6237020736264,#000000
 91.0410325293676,-35.5937886380225,#000000
 91.0741761906446,-35.5638230513420,#000000
 91.1072726940194,-35.5338053876701,#000000
 91.1403219576660,-35.5037357212208,#000000
 91.1733238998753,-35.4736141263367,#000000
 91.2062784390552,-35.4434406774885,#000000
 91.2391854937308,-35.4132154492755,#000000
 91.2720449825446,-35.3829385164247,#000000
 91.3048568242567,-35.3526099537912,#000000
 91.3376209377448,-35.3222298363574,#000000
 91.3703372420050,-35.2917982392336,#000000
 91.4030056561512,-35.2613152376569,#000000
 91.4356260994160,-35.2307809069919,#000000
 91.4681984911505,-35.2001953227299,#000000
 91.5007227508244,-35.1695585604889,#000000
 91.5331987980268,-35.1388706960135,#000000
 91.5656265524657,-35.1081318051746,#000000
 91.5980059339686,-35.0773419639693,#000000
 91.6303368624825,-35.0465012485207,#000000
 91.6626192580742,-35.0156097350775,#000000
 91.6948530409308,-34.9846675000143,#000000
 91.7270381313591,-34.9536746198307,#000000
 91.7591744497866,-34.9226311711518,#000000
 91.7912619167613,-34.8915372307277,#000000
 91.8233004529520,-34.8603928754332,#000000
 91.8552899791485,-34.8291981822679,#000000
 91.8872304162617,-34.7979532283557,#000000
 91.9191216853238,-34.7666580909449,#000000
 91.9509637074887,-34.7353128474078,#000000
 91.9827564040321,-34.7039175752406,#000000
 92.0144996963514,-34.6724723520631,#000000
 92.0461935059664,-34.6409772556187,#000000
 92.0778377545191,-34.6094323637741,#000000
 92.1094323637741,-34.5778377545191,#000000
 92.1409772556187,-34.5461935059664,#000000
 92.1724723520631,-34.5144996963514,#000000
 92.2039175752406,-34.4827564040321,#000000
 92.2353128474078,-34.4509637074887,#000000
 92.2666580909449,-34.4191216853238,#000000
 92.2979532283557,-34.3872304162617,#000000
 92.3291981822679,-34.3552899791485,#000000
 92.3603928754332,-34.3233004529520,#000000
 92.3915372307277,-34.2912619167613,#000000
 92.4226311711518,-34.2591744497866,#000000
 92.4536746198307,-34.2270381313591,#000000
 92.4846675000143,-34.1948530409308,#000000
 92.5156097350775,-34.1626192580742,#000000
 92.5465012485207,-34.1303368624825,#000000
 92.5773419639693,-34.0980059339686,#000000
 92.6081318051746,-34.0656265524657,#000000
 92.6388706960135,-34.0331987980268,#000000
 92.6695585604889,-34.0007227508244,#000000
 92.7001953227299,-33.9681984911505,#000000
 92.7307809069919,-33.9356260994160,#000000
 92.7613152376569,-33.9030056561512,#000000
 92.7917982392336,-33.8703372420050,#000000
 92.8222298363574,-33.8376209377448,#000000
 92.8526099537912,-33.8048568242567,#000000
 92.8829385164247,-33.7720449825446,#000000
 92.9132154492755,-33.7391854937309,#000000
 92.9434406774885,-33.7062784390552,#000000
 92.9736141263367,-33.6733238998753,#000000
 93.0037357212208,-33.6403219576660,#000000
 93.0338053876701,-33.6072726940194,#000000
 93.0638230513420,-33.5741761906446,#000000
 93.0937886380225,-33.5410325293676,#000000
 93.1237020736264,-33.5078417921308,#000000
 93.1535632841974,-33.4746040609931,#000000
 93.1833721959085,-33.4413194181295,#000000
 93.2131287350618,-33.4079879458312,#000000
 93.2428328280888,-33.3746097265049,#000000
 93.2724844015509,-33.3411848426730,#000000
 93.3020833821393,-33.3077133769734,#000000
 93.3316296966751,-33.2741954121589,#000000
 93.3611232721097,-33.2406310310975,#000000
 93.3905640355248,-33.2070203167718,#000000
 93.4199519141329,-33.1733633522790,#000000
 93.4492868352770,-33.1396602208306,#000000
 93.4785687264310,-33.1059110057524,#000000
 93.5077975152003,-33.0721157904840,#000000
 93.5369731293210,-33.0382746585788,#000000
 93.5660954966612,-33.0043876937036,#000000
 93.5951645452204,-32.9704549796386,#000000
 93.6241802031299,-32.9364766002771,#000000
 93.6531423986530,-32.9024526396253,#000000
 93.6820510601854,-32.8683831818022,#000000
 93.7109061162548,-32.8342683110391,#000000
 93.7397074955216,-32.8001081116796,#000000
 93.7684551267791,-32.7659026681795,#000000
 93.7971489389531,-32.7316520651063,#000000
 93.8257888611028,-32.6973563871394,#000000
 93.8543748224204,-32.6630157190693,#000000
 93.8829067522316,-32.6286301457980,#000000
 93.9113845799959,-32.5941997523383,#000000
 93.9398082353060,-32.5597246238141,#000000
 93.9681776478892,-32.5252048454597,#000000
 93.9964927476064,-32.4906405026197,#000000
 94.0247534644530,-32.4560316807491,#000000
 94.0529597285588,-32.4213784654128,#000000
 94.0811114701883,-32.3866809422854,#000000
 94.1092086197408,-32.3519391971511,#000000
 94.1372511077504,-32.3171533159033,#000000
 94.1652388648865,-32.2823233845447,#000000
 94.1931718219537,-32.2474494891868,#000000
 94.2210499098923,-32.2125317160499,#000000
 94.2488730597780,-32.1775701514626,#000000
 94.2766412028225,-32.1425648818620,#000000
 94.3043542703734,-32.1075159937930,#000000
 94.3320121939145,-32.0724235739085,#000000
 94.3596149050659,-32.0372877089690,#000000
 94.3871623355842,-32.0021084858425,#000000
 94.4146544173629,-31.9668859915039,#000000
 94.4420910824319,-31.9316203130354,#000000
 94.4694722629585,-31.8963115376259,#000000
 94.4967978912471,-31.8609597525707,#000000
 94.5240678997392,-31.8255650452716,#000000
 94.5512822210142,-31.7901275032364,#000000
 94.5784407877887,-31.7546472140788,#000000
 94.6055435329177,-31.7191242655184,#000000
 94.6325903893937,-31.6835587453799,#000000
 94.6595812903477,-31.6479507415937,#000000
 94.6865161690490,-31.6123003421948,#000000
 94.7133949589052,-31.5766076353232,#000000
 94.7402175934628,-31.5408727092237,#000000
 94.7669840064071,-31.5050956522450,#000000
 94.7936941315622,-31.4692765528406,#000000
 94.8203479028917,-31.4334154995673,#000000
 94.8469452544982,-31.3975125810860,#000000
 94.8734861206240,-31.3615678861611,#000000
 94.8999704356510,-31.3255815036601,#000000
 94.9263981341008,-31.2895535225538,#000000
 94.9527691506351,-31.2534840319156,#000000
 94.9790834200558,-31.2173731209217,#000000
 95.0053408773049,-31.1812208788507,#000000
 95.0315414574650,-31.1450273950832,#000000
 95.0576850957593,-31.1087927591020,#000000
 95.0837717275517,-31.0725170604915,#000000
 95.1098012883473,-31.0362003889377,#000000
 95.1357737137918,-30.9998428342279,#000000
 95.1616889396727,-30.9634444862503,#000000
 95.1875469019185,-30.9270054349942,#000000
 95.2133475365996,-30.8905257705494,#000000
 95.2390907799280,-30.8540055831061,#000000
 95.2647765682574,-30.8174449629548,#000000
 95.2904048380839,-30.7808440004859,#000000
 95.3159755260456,-30.7442027861894,#000000
 95.3414885689229,-30.7075214106551,#000000
 95.3669439036389,-30.6707999645717,#000000
 95.3923414672592,-30.6340385387275,#000000
 95.4176811969925,-30.5972372240091,#000000
 95.4429630301901,-30.5603961114021,#000000
 95.4681869043467,-30.5235152919904,#000000
 95.4933527571003,-30.4865948569559,#000000
 95.5184605262322,-30.4496348975786,#000000
 95.5435101496675,-30.4126355052362,#000000
 95.5685015654748,-30.3755967714039,#000000
 95.5934347118669,-30.3385187876542,#000000
 95.6183095272004,-30.3014016456565,#000000
 95.6431259499762,-30.2642454371771,#000000
 95.6678839188398,-30.2270502540790,#000000
 95.6925833725808,-30.1898161883213,#000000
 95.7172242501338,-30.1525433319594,#000000
 95.7418064905780,-30.1152317771447,#000000
 95.7663300331378,-30.0778816161240,#000000
 95.7907948171825,-30.0404929412398,#000000
 95.8152007822268,-30.0030658449296,#000000
 95.8395478679308,-29.9656004197262,#000000
 95.8638360141002,-29.9280967582568,#000000
 95.8880651606863,-29.8905549532435,#000000
 95.9122352477863,-29.8529750975023,#000000
 95.9363462156436,-29.8153572839436,#000000
 95.9603980046476,-29.7777016055715,#000000
 95.9843905553339,-29.7400081554837,#000000
 96.0083238083848,-29.7022770268715,#000000
 96.0321977046291,-29.6645083130190,#000000
 96.0560121850422,-29.6267021073035,#000000
 96.0797671907468,-29.5888585031949,#000000
 96.1034626630121,-29.5509775942555,#000000
 96.1270985432550,-29.5130594741399,#000000
 96.1506747730394,-29.4751042365948,#000000
 96.1741912940767,-29.4371119754584,#000000
 96.1976480482262,-29.3990827846608,#000000
 96.2210449774946,-29.3610167582230,#000000
 96.2443820240367,-29.3229139902573,#000000
 96.2676591301553,-29.2847745749669,#000000
 96.2908762383015,-29.2465986066455,#000000
 96.3140332910746,-29.2083861796771,#000000
 96.3371302312224,-29.1701373885359,#000000
 96.3601670016414,-29.1318523277861,#000000
 96.3831435453768,-29.0935310920815,#000000
 96.4060598056227,-29.0551737761653,#000000
 96.4289157257222,-29.0167804748699,#000000
 96.4517112491677,-28.9783512831167,#000000
 96.4744463196007,-28.9398862959160,#000000
 96.4971208808126,-28.9013856083662,#000000
 96.5197348767438,-28.8628493156544,#000000
 96.5422882514850,-28.8242775130553,#000000
 96.5647809492763,-28.7856702959319,#000000
 96.5872129145083,-28.7470277597342,#000000
 96.6095840917213,-28.7083500000000,#000000
 96.6318944256061,-28.6696371123539,#000000
 96.6541438610039,-28.6308891925074,#000000
 96.6763323429066,-28.5921063362587,#000000
 96.6984598164565,-28.5532886394923,#000000
 96.7205262269470,-28.5144361981788,#000000
 96.7425315198224,-28.4755491083748,#000000
 96.7644756406779,-28.4366274662225,#000000
 96.7863585352603,-28.3976713679496,#000000
 96.8081801494675,-28.3586809098689,#000000
 96.8299404293490,-28.3196561883781,#000000
 96.8516393211059,-28.2805972999598,#000000
 96.8732767710912,-28.2415043411809,#000000
 96.8948527258096,-28.2023774086927,#000000
 96.9163671319180,-28.1632165992302,#000000
 96.9378199362253,-28.1240220096124,#000000
 96.9592110856930,-28.0847937367419,#000000
 96.9805405274347,-28.0455318776043,#000000
 97.0018082087167,-28.0062365292684,#000000
 97.0230140769581,-27.9669077888858,#000000
 97.0441580797307,-27.9275457536907,#000000
 97.0652401647593,-27.8881505209994,#000000
 97.0862602799217,-27.8487221882105,#000000
 97.1072183732490,-27.8092608528043,#000000
 97.1281143929255,-27.7697666123428,#000000
 97.1489482872893,-27.7302395644693,#000000
 97.1697200048317,-27.6906798069083,#000000
 97.1904294941979,-27.6510874374648,#000000
 97.2110767041870,-27.6114625540250,#000000
 97.2316615837520,-27.5718052545551,#000000
 97.2521840820000,-27.5321156371015,#000000
 97.2726441481924,-27.4923937997906,#000000
 97.2930417317449,-27.4526398408283,#000000
 97.3133767822276,-27.4128538585001,#000000
 97.3336492493653,-27.3730359511706,#000000
 97.3538590830376,-27.3331862172833,#000000
 97.3740062332788,-27.2933047553604,#000000
 97.3940906502783,-27.2533916640025,#000000
 97.4141122843805,-27.2134470418884,#000000
 97.4340710860850,-27.1734709877751,#000000
 97.4539670060468,-27.1334636004969,#000000
 97.4737999950764,-27.0934249789659,#000000
 97.4935700041400,-27.0533552221713,#000000
 97.5132769843591,-27.0132544291792,#000000
 97.5329208870114,-26.9731226991325,#000000
 97.5525016635305,-26.9329601312507,#000000
 97.5720192655060,-26.8927668248294,#000000
 97.5914736446836,-26.8525428792401,#000000
 97.6108647529654,-26.8122883939304,#000000
 97.6301925424101,-26.7720034684230,#000000
 97.6494569652326,-26.7316882023161,#000000
 97.6686579738048,-26.6913426952829,#000000
 97.6877955206551,-26.6509670470713,#000000
 97.7068695584689,-26.6105613575038,#000000
 97.7258800400888,-26.5701257264770,#000000
 97.7448269185142,-26.5296602539617,#000000
 97.7637101469020,-26.4891650400025,#000000
 97.7825296785664,-26.4486401847173,#000000
 97.8012854669791,-26.4080857882975,#000000
 97.8199774657693,-26.3675019510075,#000000
 97.8386056287239,-26.3268887731845,#000000
 97.8571699097879,-26.2862463552380,#000000
 97.8756702630638,-26.2455747976502,#000000
 97.8941066428125,-26.2048742009751,#000000
 97.9124790034530,-26.1641446658384,#000000
 97.9307872995625,-26.1233862929376,#000000
 97.9490314858765,-26.0825991830413,#000000
 97.9672115172893,-26.0417834369893,#000000
 97.9853273488534,-26.0009391556920,#000000
 98.0033789357805,-25.9600664401306,#000000
 98.0213662334408,-25.9191653913563,#000000
 98.0392891973634,-25.8782361104906,#000000
 98.0571477832368,-25.8372786987248,#000000
 98.0749419469083,-25.7962932573195,#000000
 98.0926716443847,-25.7552798876049,#000000
 98.1103368318321,-25.7142386909800,#000000
 98.1279374655761,-25.6731697689128,#000000
 98.1454735021018,-25.6320732229397,#000000
 98.1629448980543,-25.5909491546655,#000000
 98.1803516102382,-25.5497976657629,#000000
 98.1976935956181,-25.5086188579725,#000000
 98.2149708113188,-25.4674128331026,#000000
 98.2321832146250,-25.4261796930284,#000000
 98.2493307629818,-25.3849195396924,#000000
 98.2664134139945,-25.3436324751040,#000000
 98.2834311254290,-25.3023186013388,#000000
 98.3003838552116,-25.2609780205390,#000000
 98.3172715614295,-25.2196108349125,#000000
 98.3340942023304,-25.1782171467334,#000000
 98.3508517363229,-25.1367970583409,#000000
 98.3675441219767,-25.0953506721397,#000000
 98.3841713180225,-25.0538780905995,#000000
 98.4007332833522,-25.0123794162548,#000000
 98.4172299770189,-24.9708547517044,#000000
 98.4336613582372,-24.9293041996117,#000000
 98.4500273863830,-24.8877278627037,#000000
 98.4663280209938,-24.8461258437715,#000000
 98.4825632217690,-24.8044982456695,#000000
 98.4987329485696,-24.7628451713154,#000000
 98.5148371614184,-24.7211667236899,#000000
 98.5308758205003,-24.6794630058364,#000000
 98.5468488861623,-24.6377341208607,#000000
 98.5627563189134,-24.5959801719310,#000000
 98.5785980794251,-24.5542012622774,#000000
 98.5943741285310,-24.5123974951917,#000000
 98.6100844272274,-24.4705689740270,#000000
 98.6257289366730,-24.4287158021979,#000000
 98.6413076181892,-24.3868380831797,#000000
 98.6568204332603,-24.3449359205084,#000000
 98.6722673435331,-24.3030094177807,#000000
 98.6876483108177,-24.2610586786532,#000000
 98.7029632970869,-24.2190838068425,#000000
 98.7182122644770,-24.1770849061249,#000000
 98.7333951752872,-24.1350620803360,#000000
 98.7485119919802,-24.0930154333708,#000000
 98.7635626771821,-24.0509450691828,#000000
 98.7785471936823,-24.0088510917845,#000000
 98.7934655044340,-23.9667336052466,#000000
 98.8083175725540,-23.9245927136980,#000000
 98.8231033613230,-23.8824285213255,#000000
 98.8378228341854,-23.8402411323732,#000000
 98.8524759547496,-23.7980306511430,#000000
 98.8670626867880,-23.7557971819937,#000000
 98.8815829942374,-23.7135408293407,#000000
 98.8960368411984,-23.6712616976564,#000000
 98.9104241919362,-23.6289598914692,#000000
 98.9247450108804,-23.5866355153637,#000000
 98.9389992626250,-23.5442886739803,#000000
 98.9531869119286,-23.5019194720148,#000000
 98.9673079237145,-23.4595280142185,#000000
 98.9813622630706,-23.4171144053975,#000000
 98.9953498952499,-23.3746787504130,#000000
 99.0092707856701,-23.3322211541802,#000000
 99.0231248999140,-23.2897417216691,#000000
 99.0369122037294,-23.2472405579032,#000000
 99.0506326630295,-23.2047177679601,#000000
 99.0642862438926,-23.1621734569706,#000000
 99.0778729125623,-23.1196077301189,#000000
 99.0913926354477,-23.0770206926421,#000000
 99.1048453791234,-23.0344124498298,#000000
 99.1182311103297,-22.9917831070244,#000000
 99.1315497959724,-22.9491327696200,#000000
 99.1448014031232,-22.9064615430631,#000000
 99.1579858990196,-22.8637695328514,#000000
 99.1711032510649,-22.8210568445343,#000000
 99.1841534268285,-22.7783235837122,#000000
 99.1971363940461,-22.7355698560364,#000000
 99.2100521206191,-22.6927957672087,#000000
 99.2229005746156,-22.6500014229812,#000000
 99.2356817242696,-22.6071869291565,#000000
 99.2483955379819,-22.5643523915864,#000000
 99.2610419843196,-22.5214979161727,#000000
 99.2736210320163,-22.4786236088664,#000000
 99.2861326499722,-22.4357295756674,#000000
 99.2985768072544,-22.3928159226244,#000000
 99.3109534730966,-22.3498827558348,#000000
 99.3232626168995,-22.3069301814441,#000000
 99.3355042082306,-22.2639583056457,#000000
 99.3476782168246,-22.2209672346808,#000000
 99.3597846125832,-22.1779570748382,#000000
 99.3718233655750,-22.1349279324536,#000000
 99.3837944460364,-22.0918799139099,#000000
 99.3956978243705,-22.0488131256364,#000000
 99.4075334711482,-22.0057276741092,#000000
 99.4193013571078,-21.9626236658502,#000000
 99.4310014531549,-21.9195012074272,#000000
 99.4426337303629,-21.8763604054538,#000000
 99.4541981599729,-21.8332013665888,#000000
 99.4656947133936,-21.7900241975362,#000000
 99.4771233622016,-21.7468290050447,#000000
 99.4884840781413,-21.7036158959077,#000000
 99.4997768331252,-21.6603849769627,#000000
 99.5110015992336,-21.6171363550914,#000000
 99.5221583487153,-21.5738701372193,#000000
 99.5332470539867,-21.5305864303153,#000000
 99.5442676876329,-21.4872853413914,#000000
 99.5552202224070,-21.4439669775030,#000000
 99.5661046312307,-21.4006314457477,#000000
 99.5769208871939,-21.3572788532659,#000000
 99.5876689635552,-21.3139093072401,#000000
 99.5983488337416,-21.2705229148947,#000000
 99.6089604713488,-21.2271197834956,#000000
 99.6195038501413,-21.1837000203503,#000000
 99.6299789440521,-21.1402637328074,#000000
 99.6403857271833,-21.0968110282562,#000000
 99.6507241738057,-21.0533420141267,#000000
 99.6609942583591,-21.0098567978892,#000000
 99.6711959554524,-20.9663554870542,#000000
 99.6813292398634,-20.9228381891716,#000000
 99.6913940865393,-20.8793050118313,#000000
 99.7013904705962,-20.8357560626621,#000000
 99.7113183673197,-20.7921914493321,#000000
 99.7211777521647,-20.7486112795477,#000000
 99.7309686007552,-20.7050156610542,#000000
 99.7406908888851,-20.6614047016349,#000000
 99.7503445925174,-20.6177785091110,#000000
 99.7599296877849,-20.5741371913414,#000000
 99.7694461509900,-20.5304808562225,#000000
 99.7788939586047,-20.4868096116876,#000000
 99.7882730872708,-20.4431235657070,#000000
 99.7975835137999,-20.3994228262876,#000000
 99.8068252151733,-20.3557075014726,#000000
 99.8159981685425,-20.3119776993414,#000000
 99.8251023512287,-20.2682335280089,#000000
 99.8341377407234,-20.2244750956257,#000000
 99.8431043146878,-20.1807025103777,#000000
 99.8520020509537,-20.1369158804857,#000000
 99.8608309275226,-20.0931153142053,#000000
 99.8695909225667,-20.0493009198265,#000000
 99.8782820144282,-20.0054728056735,#000000
 99.8869041816197,-19.9616310801045,#000000
 99.8954574028243,-19.9177758515111,#000000
 99.9039416568955,-19.8739072283186,#000000
 99.9123569228573,-19.8300253189852,#000000
 99.9207031799042,-19.7861302320020,#000000
 99.9289804074016,-19.7422220758928,#000000
 99.9371885848852,-19.6983009592136,#000000
 99.9453276920616,-19.6543669905524,#000000
 99.9533977088081,-19.6104202785290,#000000
 99.9613986151730,-19.5664609317949,#000000
 99.9693303913751,-19.5224890590325,#000000
 99.9771930178045,-19.4785047689554,#000000
 99.9849864750220,-19.4345081703079,#000000
 99.9927107437596,-19.3904993718646,#000000
100.0003658049201,-19.3464784824303,#000000
100.0079516395777,-19.3024456108399,#000000
100.0154682289776,-19.2584008659576,#000000
100.0229155545362,-19.2143443566772,#000000
100.0302935978411,-19.1702761919214,#000000
100.0376023406513,-19.1261964806418,#000000
100.0448417648971,-19.0821053318187,#000000
100.0520118526802,-19.0380028544605,#000000
100.0591125862735,-18.9938891576035,#000000
100.0661439481218,-18.9497643503120,#000000
100.0731059208410,-18.9056285416776,#000000
100.0799984872187,-18.8614818408192,#000000
100.0868216302142,-18.8173243568826,#000000
100.0935753329583,-18.7731561990401,#000000
100.1002595787536,-18.7289774764907,#000000
100.1068743510743,-18.6847882984592,#000000
100.1134196335664,-18.6405887741964,#000000
100.1198954100478,-18.5963790129789,#000000
100.1263016645080,-18.5521591241081,#000000
100.1326383811087,-18.5079292169109,#000000
100.1389055441833,-18.4636894007387,#000000
100.1451031382373,-18.4194397849675,#000000
100.1512311479480,-18.3751804789976,#000000
100.1572895581649,-18.3309115922531,#000000
100.1632783539095,-18.2866332341819,#000000
100.1691975203756,-18.2423455142553,#000000
100.1750470429288,-18.1980485419676,#000000
100.1808269071072,-18.1537424268363,#000000
100.1865370986209,-18.1094272784011,#000000
100.1921776033525,-18.0651032062244,#000000
100.1977484073565,-18.0207703198904,#000000
100.2032494968602,-17.9764287290053,#000000
100.2086808582629,-17.9320785431966,#000000
100.2140424781365,-17.8877198721132,#000000
100.2193343432251,-17.8433528254250,#000000
100.2245564404455,-17.7989775128224,#000000
100.2297087568868,-17.7545940440166,#000000
100.2347912798108,-17.7102025287385,#000000
100.2398039966517,-17.6658030767394,#000000
100.2447468950164,-17.6213957977898,#000000
100.2496199626843,-17.5769808016797,#000000
100.2544231876076,-17.5325581982183,#000000
100.2591565579110,-17.4881280972334,#000000
100.2638200618920,-17.4436906085716,#000000
100.2684136880208,-17.3992458420975,#000000
100.2729374249404,-17.3547939076937,#000000
100.2773912614666,-17.3103349152608,#000000
100.2817751865879,-17.2658689747165,#000000
100.2860891894659,-17.2213961959961,#000000
100.2903332594347,-17.1769166890513,#000000
100.2945073860017,-17.1324305638507,#000000
100.2986115588469,-17.0879379303795,#000000
100.3026457678234,-17.0434388986385,#000000
100.3066100029573,-16.9989335786446,#000000
100.3105042544476,-16.9544220804303,#000000
100.3143285126664,-16.9099045140432,#000000
100.3180827681588,-16.8653809895460,#000000
100.3217670116431,-16.8208516170162,#000000
100.3253812340104,-16.7763165065455,#000000
100.3289254263252,-16.7317757682402,#000000
100.3323995798251,-16.6872295122200,#000000
100.3358036859207,-16.6426778486187,#000000
100.3391377361960,-16.5981208875833,#000000
100.3424017224079,-16.5535587392737,#000000
100.3455956364869,-16.5089915138630,#000000
100.3487194705365,-16.4644193215366,#000000
100.3517732168334,-16.4198422724922,#000000
100.3547568678278,-16.3752604769396,#000000
100.3576704161431,-16.3306740451002,#000000
100.3605138545759,-16.2860830872070,#000000
100.3632871760964,-16.2414877135042,#000000
100.3659903738479,-16.1968880342467,#000000
100.3686234411472,-16.1522841597003,#000000
100.3711863714844,-16.1076762001411,#000000
100.3736791585231,-16.0630642658551,#000000
100.3761017961003,-16.0184484671385,#000000
100.3784542782263,-15.9738289142967,#000000
100.3807365990852,-15.9292057176447,#000000
100.3829487530340,-15.8845789875061,#000000
100.3850907346038,-15.8399488342137,#000000
100.3871625384987,-15.7953153681084,#000000
100.3891641595965,-15.7506786995394,#000000
100.3910955929486,-15.7060389388640,#000000
100.3929568337797,-15.6613961964469,#000000
100.3947478774883,-15.6167505826602,#000000
100.3964687196463,-15.5721022078833,#000000
100.3981193559992,-15.5274511825022,#000000
100.3996997824660,-15.4827976169096,#000000
100.4012099951393,-15.4381416215043,#000000
100.4026499902855,-15.3934833066914,#000000
100.4040197643443,-15.3488227828814,#000000
100.4053193139292,-15.3041601604905,#000000
100.4065486358273,-15.2594955499401,#000000
100.4077077269992,-15.2148290616563,#000000
100.4087965845793,-15.1701608060700,#000000
100.4098152058756,-15.1254908936164,#000000
100.4107635883697,-15.0808194347350,#000000
100.4116417297168,-15.0361465398688,#000000
100.4124496277459,-14.9914723194645,#000000
100.4131872804596,-14.9467968839722,#000000
100.4138546860342,-14.9021203438449,#000000
100.4144518428195,-14.8574428095382,#000000
100.4149787493393,-14.8127643915103,#000000
100.4154354042908,-14.7680852002216,#000000
100.4158218065450,-14.7234053461345,#000000
100.4161379551466,-14.6787249397127,#000000
100.4163838493140,-14.6340440914216,#000000
100.4165594884393,-14.5893629117276,#000000
100.4166648720881,-14.5446815110978,#000000
100.4167000000000,-14.5000000000000,#000000
100.4167000000000,  0.0000000000000,#000000
100.4167000000000, 14.5000000000000,#000000
100.4166648720881, 14.5446815110978,#000000
100.4165594884393, 14.5893629117276,#000000
100.4163838493140, 14.6340440914216,#000000
100.4161379551466, 14.6787249397127,#000000
100.4158218065450, 14.7234053461345,#000000
100.4154354042908, 14.7680852002216,#000000
100.4149787493393, 14.8127643915103,#000000
100.4144518428195, 14.8574428095382,#000000
100.4138546860342, 14.9021203438449,#000000
100.4131872804596, 14.9467968839722,#000000
100.4124496277459, 14.9914723194645,#000000
100.4116417297168, 15.0361465398688,#000000
100.4107635883697, 15.0808194347350,#000000
100.4098152058756, 15.1254908936164,#000000
100.4087965845793, 15.1701608060700,#000000
100.4077077269992, 15.2148290616563,#000000
100.4065486358273, 15.2594955499401,#000000
100.4053193139292, 15.3041601604905,#000000
100.4040197643443, 15.3488227828814,#000000
100.4026499902855, 15.3934833066914,#000000
100.4012099951393, 15.4381416215043,#000000
100.3996997824660, 15.4827976169096,#000000
100.3981193559992, 15.5274511825022,#000000
100.3964687196463, 15.5721022078833,#000000
100.3947478774883, 15.6167505826602,#000000
100.3929568337797, 15.6613961964469,#000000
100.3910955929486, 15.7060389388640,#000000
100.3891641595965, 15.7506786995394,#000000
100.3871625384987, 15.7953153681084,#000000
100.3850907346038, 15.8399488342137,#000000
100.3829487530340, 15.8845789875061,#000000
100.3807365990852, 15.9292057176447,#000000
100.3784542782263, 15.9738289142967,#000000
100.3761017961003, 16.0184484671385,#000000
100.3736791585231, 16.0630642658551,#000000
100.3711863714844, 16.1076762001411,#000000
100.3686234411472, 16.1522841597003,#000000
100.3659903738479, 16.1968880342467,#000000
100.3632871760964, 16.2414877135042,#000000
100.3605138545759, 16.2860830872070,#000000
100.3576704161431, 16.3306740451002,#000000
100.3547568678278, 16.3752604769396,#000000
100.3517732168334, 16.4198422724922,#000000
100.3487194705365, 16.4644193215366,#000000
100.3455956364869, 16.5089915138630,#000000
100.3424017224079, 16.5535587392737,#000000
100.3391377361960, 16.5981208875833,#000000
100.3358036859207, 16.6426778486187,#000000
100.3323995798251, 16.6872295122200,#000000
100.3289254263252, 16.7317757682402,#000000
100.3253812340104, 16.7763165065455,#000000
100.3217670116431, 16.8208516170162,#000000
100.3180827681588, 16.8653809895460,#000000
100.3143285126664, 16.9099045140432,#000000
100.3105042544476, 16.9544220804303,#000000
100.3066100029573, 16.9989335786446,#000000
100.3026457678234, 17.0434388986385,#000000
100.2986115588469, 17.0879379303795,#000000
100.2945073860017, 17.1324305638507,#000000
100.2903332594347, 17.1769166890513,#000000
100.2860891894659, 17.2213961959961,#000000
100.2817751865879, 17.2658689747165,#000000
100.2773912614666, 17.3103349152608,#000000
100.2729374249404, 17.3547939076937,#000000
100.2684136880208, 17.3992458420974,#000000
100.2638200618920, 17.4436906085716,#000000
100.2591565579110, 17.4881280972334,#000000
100.2544231876076, 17.5325581982183,#000000
100.2496199626844, 17.5769808016797,#000000
100.2447468950164, 17.6213957977898,#000000
100.2398039966517, 17.6658030767394,#000000
100.2347912798108, 17.7102025287385,#000000
100.2297087568868, 17.7545940440166,#000000
100.2245564404455, 17.7989775128224,#000000
100.2193343432251, 17.8433528254250,#000000
100.2140424781365, 17.8877198721132,#000000
100.2086808582629, 17.9320785431966,#000000
100.2032494968602, 17.9764287290053,#000000
100.1977484073565, 18.0207703198904,#000000
100.1921776033525, 18.0651032062244,#000000
100.1865370986209, 18.1094272784011,#000000
100.1808269071072, 18.1537424268363,#000000
100.1750470429288, 18.1980485419676,#000000
100.1691975203756, 18.2423455142553,#000000
100.1632783539095, 18.2866332341819,#000000
100.1572895581649, 18.3309115922531,#000000
100.1512311479480, 18.3751804789976,#000000
100.1451031382373, 18.4194397849675,#000000
100.1389055441833, 18.4636894007387,#000000
100.1326383811087, 18.5079292169109,#000000
100.1263016645080, 18.5521591241081,#000000
100.1198954100478, 18.5963790129789,#000000
100.1134196335664, 18.6405887741964,#000000
100.1068743510743, 18.6847882984592,#000000
100.1002595787536, 18.7289774764906,#000000
100.0935753329583, 18.7731561990401,#000000
100.0868216302142, 18.8173243568826,#000000
100.0799984872187, 18.8614818408192,#000000
100.0731059208410, 18.9056285416776,#000000
100.0661439481218, 18.9497643503120,#000000
100.0591125862735, 18.9938891576035,#000000
100.0520118526802, 19.0380028544605,#000000
100.0448417648971, 19.0821053318187,#000000
100.0376023406513, 19.1261964806418,#000000
100.0302935978411, 19.1702761919214,#000000
100.0229155545362, 19.2143443566772,#000000
100.0154682289776, 19.2584008659576,#000000
100.0079516395777, 19.3024456108399,#000000
100.0003658049201, 19.3464784824303,#000000
 99.9927107437596, 19.3904993718646,#000000
 99.9849864750220, 19.4345081703079,#000000
 99.9771930178045, 19.4785047689554,#000000
 99.9693303913751, 19.5224890590325,#000000
 99.9613986151730, 19.5664609317949,#000000
 99.9533977088081, 19.6104202785290,#000000
 99.9453276920616, 19.6543669905524,#000000
 99.9371885848852, 19.6983009592136,#000000
 99.9289804074016, 19.7422220758928,#000000
 99.9207031799042, 19.7861302320020,#000000
 99.9123569228573, 19.8300253189852,#000000
 99.9039416568955, 19.8739072283186,#000000
 99.8954574028243, 19.9177758515111,#000000
 99.8869041816197, 19.9616310801045,#000000
 99.8782820144282, 20.0054728056735,#000000
 99.8695909225667, 20.0493009198265,#000000
 99.8608309275226, 20.0931153142053,#000000
 99.8520020509537, 20.1369158804857,#000000
 99.8431043146878, 20.1807025103777,#000000
 99.8341377407234, 20.2244750956257,#000000
 99.8251023512287, 20.2682335280089,#000000
 99.8159981685425, 20.3119776993414,#000000
 99.8068252151733, 20.3557075014726,#000000
 99.7975835137999, 20.3994228262876,#000000
 99.7882730872708, 20.4431235657070,#000000
 99.7788939586047, 20.4868096116876,#000000
 99.7694461509900, 20.5304808562225,#000000
 99.7599296877849, 20.5741371913414,#000000
 99.7503445925174, 20.6177785091110,#000000
 99.7406908888851, 20.6614047016349,#000000
 99.7309686007552, 20.7050156610542,#000000
 99.7211777521647, 20.7486112795477,#000000
 99.7113183673197, 20.7921914493320,#000000
 99.7013904705962, 20.8357560626621,#000000
 99.6913940865393, 20.8793050118313,#000000
 99.6813292398634, 20.9228381891716,#000000
 99.6711959554524, 20.9663554870542,#000000
 99.6609942583591, 21.0098567978892,#000000
 99.6507241738057, 21.0533420141267,#000000
 99.6403857271833, 21.0968110282562,#000000
 99.6299789440521, 21.1402637328074,#000000
 99.6195038501413, 21.1837000203503,#000000
 99.6089604713488, 21.2271197834956,#000000
 99.5983488337416, 21.2705229148947,#000000
 99.5876689635552, 21.3139093072401,#000000
 99.5769208871939, 21.3572788532659,#000000
 99.5661046312307, 21.4006314457477,#000000
 99.5552202224070, 21.4439669775030,#000000
 99.5442676876329, 21.4872853413914,#000000
 99.5332470539867, 21.5305864303153,#000000
 99.5221583487153, 21.5738701372193,#000000
 99.5110015992336, 21.6171363550914,#000000
 99.4997768331252, 21.6603849769627,#000000
 99.4884840781413, 21.7036158959077,#000000
 99.4771233622016, 21.7468290050447,#000000
 99.4656947133936, 21.7900241975362,#000000
 99.4541981599729, 21.8332013665888,#000000
 99.4426337303629, 21.8763604054538,#000000
 99.4310014531549, 21.9195012074272,#000000
 99.4193013571078, 21.9626236658502,#000000
 99.4075334711482, 22.0057276741092,#000000
 99.3956978243705, 22.0488131256364,#000000
 99.3837944460364, 22.0918799139098,#000000
 99.3718233655750, 22.1349279324536,#000000
 99.3597846125832, 22.1779570748382,#000000
 99.3476782168246, 22.2209672346808,#000000
 99.3355042082306, 22.2639583056457,#000000
 99.3232626168995, 22.3069301814441,#000000
 99.3109534730966, 22.3498827558348,#000000
 99.2985768072544, 22.3928159226244,#000000
 99.2861326499722, 22.4357295756674,#000000
 99.2736210320163, 22.4786236088664,#000000
 99.2610419843196, 22.5214979161727,#000000
 99.2483955379819, 22.5643523915864,#000000
 99.2356817242696, 22.6071869291564,#000000
 99.2229005746156, 22.6500014229812,#000000
 99.2100521206191, 22.6927957672086,#000000
 99.1971363940461, 22.7355698560364,#000000
 99.1841534268285, 22.7783235837122,#000000
 99.1711032510649, 22.8210568445343,#000000
 99.1579858990196, 22.8637695328514,#000000
 99.1448014031232, 22.9064615430631,#000000
 99.1315497959724, 22.9491327696200,#000000
 99.1182311103297, 22.9917831070244,#000000
 99.1048453791234, 23.0344124498298,#000000
 99.0913926354477, 23.0770206926421,#000000
 99.0778729125623, 23.1196077301189,#000000
 99.0642862438926, 23.1621734569706,#000000
 99.0506326630295, 23.2047177679601,#000000
 99.0369122037294, 23.2472405579032,#000000
 99.0231248999140, 23.2897417216691,#000000
 99.0092707856701, 23.3322211541802,#000000
 98.9953498952499, 23.3746787504130,#000000
 98.9813622630706, 23.4171144053975,#000000
 98.9673079237145, 23.4595280142185,#000000
 98.9531869119286, 23.5019194720148,#000000
 98.9389992626250, 23.5442886739803,#000000
 98.9247450108804, 23.5866355153637,#000000
 98.9104241919362, 23.6289598914692,#000000
 98.8960368411984, 23.6712616976564,#000000
 98.8815829942374, 23.7135408293407,#000000
 98.8670626867880, 23.7557971819937,#000000
 98.8524759547496, 23.7980306511430,#000000
 98.8378228341854, 23.8402411323732,#000000
 98.8231033613230, 23.8824285213255,#000000
 98.8083175725540, 23.9245927136980,#000000
 98.7934655044340, 23.9667336052466,#000000
 98.7785471936823, 24.0088510917845,#000000
 98.7635626771821, 24.0509450691828,#000000
 98.7485119919802, 24.0930154333708,#000000
 98.7333951752872, 24.1350620803360,#000000
 98.7182122644770, 24.1770849061249,#000000
 98.7029632970869, 24.2190838068425,#000000
 98.6876483108177, 24.2610586786532,#000000
 98.6722673435331, 24.3030094177807,#000000
 98.6568204332603, 24.3449359205084,#000000
 98.6413076181892, 24.3868380831797,#000000
 98.6257289366730, 24.4287158021979,#000000
 98.6100844272274, 24.4705689740270,#000000
 98.5943741285310, 24.5123974951917,#000000
 98.5785980794251, 24.5542012622774,#000000
 98.5627563189134, 24.5959801719310,#000000
 98.5468488861623, 24.6377341208607,#000000
 98.5308758205003, 24.6794630058363,#000000
 98.5148371614184, 24.7211667236899,#000000
 98.4987329485696, 24.7628451713154,#000000
 98.4825632217690, 24.8044982456695,#000000
 98.4663280209938, 24.8461258437715,#000000
 98.4500273863830, 24.8877278627037,#000000
 98.4336613582372, 24.9293041996117,#000000
 98.4172299770189, 24.9708547517044,#000000
 98.4007332833522, 25.0123794162548,#000000
 98.3841713180225, 25.0538780905995,#000000
 98.3675441219767, 25.0953506721397,#000000
 98.3508517363229, 25.1367970583409,#000000
 98.3340942023304, 25.1782171467334,#000000
 98.3172715614295, 25.2196108349125,#000000
 98.3003838552116, 25.2609780205390,#000000
 98.2834311254290, 25.3023186013388,#000000
 98.2664134139945, 25.3436324751040,#000000
 98.2493307629818, 25.3849195396924,#000000
 98.2321832146250, 25.4261796930284,#000000
 98.2149708113188, 25.4674128331026,#000000
 98.1976935956181, 25.5086188579725,#000000
 98.1803516102382, 25.5497976657629,#000000
 98.1629448980543, 25.5909491546655,#000000
 98.1454735021018, 25.6320732229397,#000000
 98.1279374655761, 25.6731697689128,#000000
 98.1103368318321, 25.7142386909800,#000000
 98.0926716443847, 25.7552798876049,#000000
 98.0749419469083, 25.7962932573195,#000000
 98.0571477832368, 25.8372786987248,#000000
 98.0392891973634, 25.8782361104906,#000000
 98.0213662334408, 25.9191653913563,#000000
 98.0033789357805, 25.9600664401305,#000000
 97.9853273488534, 26.0009391556920,#000000
 97.9672115172893, 26.0417834369893,#000000
 97.9490314858765, 26.0825991830413,#000000
 97.9307872995625, 26.1233862929376,#000000
 97.9124790034530, 26.1641446658384,#000000
 97.8941066428125, 26.2048742009751,#000000
 97.8756702630638, 26.2455747976502,#000000
 97.8571699097879, 26.2862463552380,#000000
 97.8386056287239, 26.3268887731844,#000000
 97.8199774657693, 26.3675019510075,#000000
 97.8012854669791, 26.4080857882975,#000000
 97.7825296785664, 26.4486401847173,#000000
 97.7637101469020, 26.4891650400025,#000000
 97.7448269185142, 26.5296602539617,#000000
 97.7258800400888, 26.5701257264770,#000000
 97.7068695584689, 26.6105613575038,#000000
 97.6877955206551, 26.6509670470713,#000000
 97.6686579738048, 26.6913426952829,#000000
 97.6494569652326, 26.7316882023161,#000000
 97.6301925424101, 26.7720034684230,#000000
 97.6108647529655, 26.8122883939304,#000000
 97.5914736446836, 26.8525428792401,#000000
 97.5720192655060, 26.8927668248294,#000000
 97.5525016635305, 26.9329601312507,#000000
 97.5329208870114, 26.9731226991325,#000000
 97.5132769843591, 27.0132544291792,#000000
 97.4935700041400, 27.0533552221713,#000000
 97.4737999950764, 27.0934249789659,#000000
 97.4539670060468, 27.1334636004969,#000000
 97.4340710860850, 27.1734709877751,#000000
 97.4141122843805, 27.2134470418884,#000000
 97.3940906502783, 27.2533916640025,#000000
 97.3740062332788, 27.2933047553604,#000000
 97.3538590830376, 27.3331862172833,#000000
 97.3336492493653, 27.3730359511706,#000000
 97.3133767822276, 27.4128538585001,#000000
 97.2930417317449, 27.4526398408283,#000000
 97.2726441481924, 27.4923937997906,#000000
 97.2521840820000, 27.5321156371015,#000000
 97.2316615837520, 27.5718052545551,#000000
 97.2110767041870, 27.6114625540250,#000000
 97.1904294941979, 27.6510874374648,#000000
 97.1697200048317, 27.6906798069082,#000000
 97.1489482872893, 27.7302395644693,#000000
 97.1281143929255, 27.7697666123428,#000000
 97.1072183732490, 27.8092608528043,#000000
 97.0862602799217, 27.8487221882105,#000000
 97.0652401647593, 27.8881505209994,#000000
 97.0441580797307, 27.9275457536907,#000000
 97.0230140769581, 27.9669077888858,#000000
 97.0018082087167, 28.0062365292684,#000000
 96.9805405274347, 28.0455318776043,#000000
 96.9592110856930, 28.0847937367419,#000000
 96.9378199362253, 28.1240220096124,#000000
 96.9163671319180, 28.1632165992302,#000000
 96.8948527258096, 28.2023774086926,#000000
 96.8732767710912, 28.2415043411809,#000000
 96.8516393211059, 28.2805972999598,#000000
 96.8299404293490, 28.3196561883781,#000000
 96.8081801494675, 28.3586809098689,#000000
 96.7863585352603, 28.3976713679496,#000000
 96.7644756406779, 28.4366274662225,#000000
 96.7425315198224, 28.4755491083748,#000000
 96.7205262269470, 28.5144361981788,#000000
 96.6984598164565, 28.5532886394923,#000000
 96.6763323429066, 28.5921063362587,#000000
 96.6541438610039, 28.6308891925074,#000000
 96.6318944256061, 28.6696371123539,#000000
 96.6095840917213, 28.7083500000000,#000000
 96.5872129145083, 28.7470277597342,#000000
 96.5647809492763, 28.7856702959319,#000000
 96.5422882514850, 28.8242775130553,#000000
 96.5197348767438, 28.8628493156544,#000000
 96.4971208808126, 28.9013856083662,#000000
 96.4744463196007, 28.9398862959160,#000000
 96.4517112491677, 28.9783512831167,#000000
 96.4289157257222, 29.0167804748699,#000000
 96.4060598056227, 29.0551737761653,#000000
 96.3831435453768, 29.0935310920815,#000000
 96.3601670016414, 29.1318523277861,#000000
 96.3371302312224, 29.1701373885359,#000000
 96.3140332910746, 29.2083861796771,#000000
 96.2908762383015, 29.2465986066455,#000000
 96.2676591301553, 29.2847745749669,#000000
 96.2443820240367, 29.3229139902573,#000000
 96.2210449774946, 29.3610167582230,#000000
 96.1976480482262, 29.3990827846608,#000000
 96.1741912940767, 29.4371119754584,#000000
 96.1506747730394, 29.4751042365948,#000000
 96.1270985432550, 29.5130594741399,#000000
 96.1034626630121, 29.5509775942555,#000000
 96.0797671907468, 29.5888585031949,#000000
 96.0560121850422, 29.6267021073035,#000000
 96.0321977046291, 29.6645083130190,#000000
 96.0083238083848, 29.7022770268715,#000000
 95.9843905553339, 29.7400081554837,#000000
 95.9603980046476, 29.7777016055715,#000000
 95.9363462156436, 29.8153572839436,#000000
 95.9122352477863, 29.8529750975023,#000000
 95.8880651606863, 29.8905549532434,#000000
 95.8638360141002, 29.9280967582568,#000000
 95.8395478679308, 29.9656004197262,#000000
 95.8152007822268, 30.0030658449296,#000000
 95.7907948171825, 30.0404929412398,#000000
 95.7663300331378, 30.0778816161240,#000000
 95.7418064905780, 30.1152317771447,#000000
 95.7172242501338, 30.1525433319594,#000000
 95.6925833725808, 30.1898161883213,#000000
 95.6678839188398, 30.2270502540790,#000000
 95.6431259499762, 30.2642454371771,#000000
 95.6183095272004, 30.3014016456565,#000000
 95.5934347118669, 30.3385187876542,#000000
 95.5685015654748, 30.3755967714039,#000000
 95.5435101496675, 30.4126355052362,#000000
 95.5184605262322, 30.4496348975786,#000000
 95.4933527571003, 30.4865948569559,#000000
 95.4681869043467, 30.5235152919904,#000000
 95.4429630301901, 30.5603961114021,#000000
 95.4176811969925, 30.5972372240091,#000000
 95.3923414672592, 30.6340385387275,#000000
 95.3669439036389, 30.6707999645717,#000000
 95.3414885689229, 30.7075214106550,#000000
 95.3159755260456, 30.7442027861894,#000000
 95.2904048380839, 30.7808440004859,#000000
 95.2647765682574, 30.8174449629548,#000000
 95.2390907799280, 30.8540055831061,#000000
 95.2133475365996, 30.8905257705494,#000000
 95.1875469019185, 30.9270054349942,#000000
 95.1616889396727, 30.9634444862503,#000000
 95.1357737137918, 30.9998428342279,#000000
 95.1098012883473, 31.0362003889377,#000000
 95.0837717275518, 31.0725170604915,#000000
 95.0576850957593, 31.1087927591020,#000000
 95.0315414574650, 31.1450273950832,#000000
 95.0053408773049, 31.1812208788507,#000000
 94.9790834200558, 31.2173731209217,#000000
 94.9527691506351, 31.2534840319156,#000000
 94.9263981341008, 31.2895535225538,#000000
 94.8999704356510, 31.3255815036601,#000000
 94.8734861206240, 31.3615678861611,#000000
 94.8469452544982, 31.3975125810860,#000000
 94.8203479028917, 31.4334154995673,#000000
 94.7936941315623, 31.4692765528406,#000000
 94.7669840064071, 31.5050956522450,#000000
 94.7402175934628, 31.5408727092236,#000000
 94.7133949589052, 31.5766076353232,#000000
 94.6865161690490, 31.6123003421948,#000000
 94.6595812903477, 31.6479507415937,#000000
 94.6325903893937, 31.6835587453799,#000000
 94.6055435329177, 31.7191242655184,#000000
 94.5784407877887, 31.7546472140788,#000000
 94.5512822210142, 31.7901275032364,#000000
 94.5240678997392, 31.8255650452716,#000000
 94.4967978912471, 31.8609597525707,#000000
 94.4694722629585, 31.8963115376259,#000000
 94.4420910824319, 31.9316203130354,#000000
 94.4146544173629, 31.9668859915039,#000000
 94.3871623355842, 32.0021084858425,#000000
 94.3596149050659, 32.0372877089690,#000000
 94.3320121939145, 32.0724235739085,#000000
 94.3043542703734, 32.1075159937930,#000000
 94.2766412028225, 32.1425648818620,#000000
 94.2488730597780, 32.1775701514626,#000000
 94.2210499098923, 32.2125317160499,#000000
 94.1931718219537, 32.2474494891868,#000000
 94.1652388648865, 32.2823233845447,#000000
 94.1372511077504, 32.3171533159033,#000000
 94.1092086197408, 32.3519391971511,#000000
 94.0811114701883, 32.3866809422854,#000000
 94.0529597285588, 32.4213784654128,#000000
 94.0247534644530, 32.4560316807491,#000000
 93.9964927476064, 32.4906405026197,#000000
 93.9681776478892, 32.5252048454597,#000000
 93.9398082353060, 32.5597246238141,#000000
 93.9113845799959, 32.5941997523383,#000000
 93.8829067522316, 32.6286301457979,#000000
 93.8543748224204, 32.6630157190693,#000000
 93.8257888611028, 32.6973563871394,#000000
 93.7971489389531, 32.7316520651063,#000000
 93.7684551267791, 32.7659026681795,#000000
 93.7397074955216, 32.8001081116796,#000000
 93.7109061162548, 32.8342683110391,#000000
 93.6820510601854, 32.8683831818022,#000000
 93.6531423986531, 32.9024526396253,#000000
 93.6241802031299, 32.9364766002771,#000000
 93.5951645452204, 32.9704549796386,#000000
 93.5660954966612, 33.0043876937036,#000000
 93.5369731293210, 33.0382746585788,#000000
 93.5077975152003, 33.0721157904840,#000000
 93.4785687264310, 33.1059110057524,#000000
 93.4492868352770, 33.1396602208306,#000000
 93.4199519141329, 33.1733633522789,#000000
 93.3905640355248, 33.2070203167718,#000000
 93.3611232721097, 33.2406310310975,#000000
 93.3316296966751, 33.2741954121589,#000000
 93.3020833821393, 33.3077133769734,#000000
 93.2724844015509, 33.3411848426730,#000000
 93.2428328280888, 33.3746097265049,#000000
 93.2131287350618, 33.4079879458312,#000000
 93.1833721959085, 33.4413194181295,#000000
 93.1535632841974, 33.4746040609931,#000000
 93.1237020736264, 33.5078417921308,#000000
 93.0937886380225, 33.5410325293676,#000000
 93.0638230513420, 33.5741761906446,#000000
 93.0338053876701, 33.6072726940194,#000000
 93.0037357212208, 33.6403219576660,#000000
 92.9736141263367, 33.6733238998753,#000000
 92.9434406774885, 33.7062784390552,#000000
 92.9132154492755, 33.7391854937309,#000000
 92.8829385164248, 33.7720449825446,#000000
 92.8526099537912, 33.8048568242566,#000000
 92.8222298363574, 33.8376209377448,#000000
 92.7917982392336, 33.8703372420050,#000000
 92.7613152376569, 33.9030056561512,#000000
 92.7307809069919, 33.9356260994160,#000000
 92.7001953227299, 33.9681984911505,#000000
 92.6695585604889, 34.0007227508244,#000000
 92.6388706960135, 34.0331987980268,#000000
 92.6081318051746, 34.0656265524657,#000000
 92.5773419639693, 34.0980059339686,#000000
 92.5465012485207, 34.1303368624825,#000000
 92.5156097350775, 34.1626192580742,#000000
 92.4846675000143, 34.1948530409308,#000000
 92.4536746198307, 34.2270381313591,#000000
 92.4226311711518, 34.2591744497866,#000000
 92.3915372307277, 34.2912619167613,#000000
 92.3603928754332, 34.3233004529520,#000000
 92.3291981822679, 34.3552899791485,#000000
 92.2979532283557, 34.3872304162617,#000000
 92.2666580909449, 34.4191216853238,#000000
 92.2353128474078, 34.4509637074887,#000000
 92.2039175752406, 34.4827564040321,#000000
 92.1724723520631, 34.5144996963514,#000000
 92.1409772556187, 34.5461935059664,#000000
 92.1094323637741, 34.5778377545191,#000000
 92.0778377545191, 34.6094323637741,#000000
 92.0461935059664, 34.6409772556187,#000000
 92.0144996963514, 34.6724723520631,#000000
 91.9827564040321, 34.7039175752406,#000000
 91.9509637074887, 34.7353128474078,#000000
 91.9191216853238, 34.7666580909449,#000000
 91.8872304162617, 34.7979532283557,#000000
 91.8552899791485, 34.8291981822679,#000000
 91.8233004529520, 34.8603928754332,#000000
 91.7912619167613, 34.8915372307277,#000000
 91.7591744497866, 34.9226311711518,#000000
 91.7270381313591, 34.9536746198307,#000000
 91.6948530409308, 34.9846675000143,#000000
 91.6626192580742, 35.0156097350775,#000000
 91.6303368624825, 35.0465012485207,#000000
 91.5980059339686, 35.0773419639693,#000000
 91.5656265524657, 35.1081318051746,#000000
 91.5331987980268, 35.1388706960135,#000000
 91.5007227508245, 35.1695585604889,#000000
 91.4681984911505, 35.2001953227299,#000000
 91.4356260994160, 35.2307809069919,#000000
 91.4030056561512, 35.2613152376569,#000000
 91.3703372420050, 35.2917982392336,#000000
 91.3376209377448, 35.3222298363574,#000000
 91.3048568242567, 35.3526099537912,#000000
 91.2720449825446, 35.3829385164247,#000000
 91.2391854937309, 35.4132154492755,#000000
 91.2062784390552, 35.4434406774885,#000000
 91.1733238998753, 35.4736141263367,#000000
 91.1403219576660, 35.5037357212208,#000000
 91.1072726940194, 35.5338053876701,#000000
 91.0741761906446, 35.5638230513420,#000000
 91.0410325293676, 35.5937886380225,#000000
 91.0078417921308, 35.6237020736264,#000000
 90.9746040609931, 35.6535632841974,#000000
 90.9413194181295, 35.6833721959085,#000000
 90.9079879458312, 35.7131287350618,#000000
 90.8746097265049, 35.7428328280888,#000000
 90.8411848426730, 35.7724844015509,#000000
 90.8077133769734, 35.8020833821393,#000000
 90.7741954121589, 35.8316296966751,#000000
 90.7406310310975, 35.8611232721097,#000000
 90.7070203167718, 35.8905640355248,#000000
 90.6733633522790, 35.9199519141329,#000000
 90.6396602208306, 35.9492868352770,#000000
 90.6059110057524, 35.9785687264310,#000000
 90.5721157904840, 36.0077975152002,#000000
 90.5382746585788, 36.0369731293210,#000000
 90.5043876937036, 36.0660954966612,#000000
 90.4704549796386, 36.0951645452204,#000000
 90.4364766002771, 36.1241802031299,#000000
 90.4024526396253, 36.1531423986531,#000000
 90.3683831818022, 36.1820510601854,#000000
 90.3342683110391, 36.2109061162548,#000000
 90.3001081116796, 36.2397074955216,#000000
 90.2659026681795, 36.2684551267791,#000000
 90.2316520651063, 36.2971489389531,#000000
 90.1973563871394, 36.3257888611028,#000000
 90.1630157190693, 36.3543748224204,#000000
 90.1286301457980, 36.3829067522316,#000000
 90.0941997523383, 36.4113845799958,#000000
 90.0597246238141, 36.4398082353060,#000000
 90.0252048454597, 36.4681776478892,#000000
 89.9906405026197, 36.4964927476064,#000000
 89.9560316807491, 36.5247534644530,#000000
 89.9213784654128, 36.5529597285588,#000000
 89.8866809422854, 36.5811114701883,#000000
 89.8519391971511, 36.6092086197408,#000000
 89.8171533159033, 36.6372511077504,#000000
 89.7823233845447, 36.6652388648865,#000000
 89.7474494891868, 36.6931718219537,#000000
 89.7125317160499, 36.7210499098923,#000000
 89.6775701514626, 36.7488730597780,#000000
 89.6425648818620, 36.7766412028225,#000000
 89.6075159937930, 36.8043542703734,#000000
 89.5724235739085, 36.8320121939145,#000000
 89.5372877089690, 36.8596149050659,#000000
 89.5021084858425, 36.8871623355842,#000000
 89.4668859915039, 36.9146544173629,#000000
 89.4316203130355, 36.9420910824319,#000000
 89.3963115376259, 36.9694722629585,#000000
 89.3609597525707, 36.9967978912471,#000000
 89.3255650452716, 37.0240678997392,#000000
 89.2901275032364, 37.0512822210142,#000000
 89.2546472140788, 37.0784407877887,#000000
 89.2191242655184, 37.1055435329177,#000000
 89.1835587453799, 37.1325903893937,#000000
 89.1479507415937, 37.1595812903477,#000000
 89.1123003421948, 37.1865161690490,#000000
 89.0766076353232, 37.2133949589052,#000000
 89.0408727092236, 37.2402175934628,#000000
 89.0050956522450, 37.2669840064071,#000000
 88.9692765528406, 37.2936941315622,#000000
 88.9334154995673, 37.3203479028917,#000000
 88.8975125810860, 37.3469452544982,#000000
 88.8615678861611, 37.3734861206240,#000000
 88.8255815036601, 37.3999704356510,#000000
 88.7895535225538, 37.4263981341008,#000000
 88.7534840319156, 37.4527691506351,#000000
 88.7173731209217, 37.4790834200558,#000000
 88.6812208788507, 37.5053408773049,#000000
 88.6450273950832, 37.5315414574650,#000000
 88.6087927591020, 37.5576850957593,#000000
 88.5725170604915, 37.5837717275518,#000000
 88.5362003889377, 37.6098012883472,#000000
 88.4998428342278, 37.6357737137918,#000000
 88.4634444862503, 37.6616889396727,#000000
 88.4270054349942, 37.6875469019185,#000000
 88.3905257705494, 37.7133475365996,#000000
 88.3540055831061, 37.7390907799280,#000000
 88.3174449629548, 37.7647765682574,#000000
 88.2808440004859, 37.7904048380839,#000000
 88.2442027861894, 37.8159755260456,#000000
 88.2075214106551, 37.8414885689229,#000000
 88.1707999645717, 37.8669439036389,#000000
 88.1340385387275, 37.8923414672592,#000000
 88.0972372240091, 37.9176811969925,#000000
 88.0603961114021, 37.9429630301901,#000000
 88.0235152919904, 37.9681869043467,#000000
 87.9865948569559, 37.9933527571003,#000000
 87.9496348975786, 38.0184605262322,#000000
 87.9126355052362, 38.0435101496675,#000000
 87.8755967714039, 38.0685015654748,#000000
 87.8385187876542, 38.0934347118669,#000000
 87.8014016456565, 38.1183095272004,#000000
 87.7642454371772, 38.1431259499762,#000000
 87.7270502540790, 38.1678839188398,#000000
 87.6898161883213, 38.1925833725808,#000000
 87.6525433319594, 38.2172242501337,#000000
 87.6152317771447, 38.2418064905780,#000000
 87.5778816161240, 38.2663300331378,#000000
 87.5404929412398, 38.2907948171825,#000000
 87.5030658449296, 38.3152007822268,#000000
 87.4656004197262, 38.3395478679308,#000000
 87.4280967582568, 38.3638360141002,#000000
 87.3905549532435, 38.3880651606863,#000000
 87.3529750975023, 38.4122352477863,#000000
 87.3153572839436, 38.4363462156436,#000000
 87.2777016055715, 38.4603980046476,#000000
 87.2400081554837, 38.4843905553339,#000000
 87.2022770268715, 38.5083238083848,#000000
 87.1645083130190, 38.5321977046291,#000000
 87.1267021073035, 38.5560121850422,#000000
 87.0888585031949, 38.5797671907468,#000000
 87.0509775942555, 38.6034626630121,#000000
 87.0130594741399, 38.6270985432550,#000000
 86.9751042365948, 38.6506747730394,#000000
 86.9371119754584, 38.6741912940767,#000000
 86.8990827846608, 38.6976480482262,#000000
 86.8610167582230, 38.7210449774946,#000000
 86.8229139902573, 38.7443820240367,#000000
 86.7847745749669, 38.7676591301553,#000000
 86.7465986066455, 38.7908762383015,#000000
 86.7083861796771, 38.8140332910746,#000000
 86.6701373885359, 38.8371302312224,#000000
 86.6318523277861, 38.8601670016414,#000000
 86.5935310920815, 38.8831435453768,#000000
 86.5551737761653, 38.9060598056227,#000000
 86.5167804748699, 38.9289157257222,#000000
 86.4783512831167, 38.9517112491676,#000000
 86.4398862959160, 38.9744463196007,#000000
 86.4013856083662, 38.9971208808126,#000000
 86.3628493156544, 39.0197348767438,#000000
 86.3242775130553, 39.0422882514850,#000000
 86.2856702959319, 39.0647809492763,#000000
 86.2470277597342, 39.0872129145083,#000000
 86.2083500000000, 39.1095840917213,#000000
 86.1696371123539, 39.1318944256061,#000000
 86.1308891925074, 39.1541438610039,#000000
 86.0921063362587, 39.1763323429066,#000000
 86.0532886394923, 39.1984598164565,#000000
 86.0144361981788, 39.2205262269470,#000000
 85.9755491083748, 39.2425315198224,#000000
 85.9366274662225, 39.2644756406779,#000000
 85.8976713679496, 39.2863585352603,#000000
 85.8586809098689, 39.3081801494675,#000000
 85.8196561883781, 39.3299404293490,#000000
 85.7805972999598, 39.3516393211060,#000000
 85.7415043411809, 39.3732767710912,#000000
 85.7023774086927, 39.3948527258096,#000000
 85.6632165992302, 39.4163671319180,#000000
 85.6240220096124, 39.4378199362253,#000000
 85.5847937367419, 39.4592110856930,#000000
 85.5455318776043, 39.4805405274347,#000000
 85.5062365292684, 39.5018082087167,#000000
 85.4669077888858, 39.5230140769581,#000000
 85.4275457536907, 39.5441580797307,#000000
 85.3881505209994, 39.5652401647593,#000000
 85.3487221882105, 39.5862602799217,#000000
 85.3092608528043, 39.6072183732490,#000000
 85.2697666123428, 39.6281143929255,#000000
 85.2302395644693, 39.6489482872893,#000000
 85.1906798069082, 39.6697200048317,#000000
 85.1510874374648, 39.6904294941979,#000000
 85.1114625540250, 39.7110767041870,#000000
 85.0718052545551, 39.7316615837520,#000000
 85.0321156371015, 39.7521840820000,#000000
 84.9923937997906, 39.7726441481924,#000000
 84.9526398408283, 39.7930417317449,#000000
 84.9128538585001, 39.8133767822276,#000000
 84.8730359511706, 39.8336492493653,#000000
 84.8331862172833, 39.8538590830376,#000000
 84.7933047553604, 39.8740062332788,#000000
 84.7533916640025, 39.8940906502783,#000000
 84.7134470418884, 39.9141122843805,#000000
 84.6734709877751, 39.9340710860850,#000000
 84.6334636004969, 39.9539670060468,#000000
 84.5934249789659, 39.9737999950764,#000000
 84.5533552221713, 39.9935700041400,#000000
 84.5132544291792, 40.0132769843591,#000000
 84.4731226991325, 40.0329208870114,#000000
 84.4329601312507, 40.0525016635305,#000000
 84.3927668248294, 40.0720192655060,#000000
 84.3525428792401, 40.0914736446836,#000000
 84.3122883939304, 40.1108647529654,#000000
 84.2720034684230, 40.1301925424101,#000000
 84.2316882023161, 40.1494569652326,#000000
 84.1913426952829, 40.1686579738048,#000000
 84.1509670470713, 40.1877955206551,#000000
 84.1105613575038, 40.2068695584689,#000000
 84.0701257264770, 40.2258800400888,#000000
 84.0296602539617, 40.2448269185142,#000000
 83.9891650400025, 40.2637101469020,#000000
 83.9486401847173, 40.2825296785664,#000000
 83.9080857882975, 40.3012854669791,#000000
 83.8675019510075, 40.3199774657693,#000000
 83.8268887731845, 40.3386056287239,#000000
 83.7862463552380, 40.3571699097879,#000000
 83.7455747976502, 40.3756702630638,#000000
 83.7048742009751, 40.3941066428125,#000000
 83.6641446658384, 40.4124790034530,#000000
 83.6233862929376, 40.4307872995625,#000000
 83.5825991830413, 40.4490314858765,#000000
 83.5417834369893, 40.4672115172893,#000000
 83.5009391556920, 40.4853273488534,#000000
 83.4600664401306, 40.5033789357805,#000000
 83.4191653913563, 40.5213662334408,#000000
 83.3782361104906, 40.5392891973634,#000000
 83.3372786987248, 40.5571477832368,#000000
 83.2962932573195, 40.5749419469083,#000000
 83.2552798876049, 40.5926716443847,#000000
 83.2142386909800, 40.6103368318321,#000000
 83.1731697689128, 40.6279374655760,#000000
 83.1320732229397, 40.6454735021018,#000000
 83.0909491546655, 40.6629448980543,#000000
 83.0497976657629, 40.6803516102382,#000000
 83.0086188579725, 40.6976935956181,#000000
 82.9674128331026, 40.7149708113188,#000000
 82.9261796930284, 40.7321832146250,#000000
 82.8849195396924, 40.7493307629818,#000000
 82.8436324751040, 40.7664134139945,#000000
 82.8023186013388, 40.7834311254290,#000000
 82.7609780205390, 40.8003838552116,#000000
 82.7196108349125, 40.8172715614295,#000000
 82.6782171467334, 40.8340942023304,#000000
 82.6367970583409, 40.8508517363229,#000000
 82.5953506721397, 40.8675441219767,#000000
 82.5538780905995, 40.8841713180225,#000000
 82.5123794162548, 40.9007332833522,#000000
 82.4708547517044, 40.9172299770189,#000000
 82.4293041996117, 40.9336613582372,#000000
 82.3877278627037, 40.9500273863830,#000000
 82.3461258437715, 40.9663280209938,#000000
 82.3044982456695, 40.9825632217690,#000000
 82.2628451713154, 40.9987329485696,#000000
 82.2211667236899, 41.0148371614184,#000000
 82.1794630058364, 41.0308758205003,#000000
 82.1377341208607, 41.0468488861623,#000000
 82.0959801719310, 41.0627563189134,#000000
 82.0542012622774, 41.0785980794251,#000000
 82.0123974951917, 41.0943741285310,#000000
 81.9705689740270, 41.1100844272274,#000000
 81.9287158021979, 41.1257289366730,#000000
 81.8868380831797, 41.1413076181892,#000000
 81.8449359205084, 41.1568204332603,#000000
 81.8030094177807, 41.1722673435331,#000000
 81.7610586786532, 41.1876483108177,#000000
 81.7190838068425, 41.2029632970869,#000000
 81.6770849061249, 41.2182122644770,#000000
 81.6350620803360, 41.2333951752872,#000000
 81.5930154333708, 41.2485119919802,#000000
 81.5509450691828, 41.2635626771821,#000000
 81.5088510917845, 41.2785471936823,#000000
 81.4667336052466, 41.2934655044340,#000000
 81.4245927136980, 41.3083175725540,#000000
 81.3824285213255, 41.3231033613230,#000000
 81.3402411323732, 41.3378228341854,#000000
 81.2980306511431, 41.3524759547496,#000000
 81.2557971819937, 41.3670626867880,#000000
 81.2135408293407, 41.3815829942374,#000000
 81.1712616976564, 41.3960368411984,#000000
 81.1289598914692, 41.4104241919362,#000000
 81.0866355153637, 41.4247450108804,#000000
 81.0442886739803, 41.4389992626250,#000000
 81.0019194720148, 41.4531869119286,#000000
 80.9595280142185, 41.4673079237145,#000000
 80.9171144053975, 41.4813622630706,#000000
 80.8746787504130, 41.4953498952499,#000000
 80.8322211541802, 41.5092707856701,#000000
 80.7897417216691, 41.5231248999140,#000000
 80.7472405579032, 41.5369122037294,#000000
 80.7047177679601, 41.5506326630295,#000000
 80.6621734569706, 41.5642862438926,#000000
 80.6196077301189, 41.5778729125623,#000000
 80.5770206926421, 41.5913926354477,#000000
 80.5344124498298, 41.6048453791234,#000000
 80.4917831070244, 41.6182311103297,#000000
 80.4491327696200, 41.6315497959724,#000000
 80.4064615430631, 41.6448014031232,#000000
 80.3637695328514, 41.6579858990196,#000000
 80.3210568445344, 41.6711032510649,#000000
 80.2783235837123, 41.6841534268285,#000000
 80.2355698560364, 41.6971363940461,#000000
 80.1927957672087, 41.7100521206191,#000000
 80.1500014229812, 41.7229005746156,#000000
 80.1071869291565, 41.7356817242696,#000000
 80.0643523915864, 41.7483955379819,#000000
 80.0214979161727, 41.7610419843196,#000000
 79.9786236088664, 41.7736210320163,#000000
 79.9357295756674, 41.7861326499722,#000000
 79.8928159226244, 41.7985768072544,#000000
 79.8498827558348, 41.8109534730966,#000000
 79.8069301814441, 41.8232626168995,#000000
 79.7639583056457, 41.8355042082306,#000000
 79.7209672346808, 41.8476782168246,#000000
 79.6779570748382, 41.8597846125832,#000000
 79.6349279324536, 41.8718233655750,#000000
 79.5918799139098, 41.8837944460364,#000000
 79.5488131256364, 41.8956978243705,#000000
 79.5057276741092, 41.9075334711482,#000000
 79.4626236658502, 41.9193013571078,#000000
 79.4195012074272, 41.9310014531549,#000000
 79.3763604054538, 41.9426337303629,#000000
 79.3332013665888, 41.9541981599729,#000000
 79.2900241975362, 41.9656947133936,#000000
 79.2468290050447, 41.9771233622016,#000000
 79.2036158959077, 41.9884840781413,#000000
 79.1603849769627, 41.9997768331252,#000000
 79.1171363550914, 42.0110015992336,#000000
 79.0738701372193, 42.0221583487153,#000000
 79.0305864303153, 42.0332470539867,#000000
 78.9872853413914, 42.0442676876329,#000000
 78.9439669775030, 42.0552202224070,#000000
 78.9006314457477, 42.0661046312307,#000000
 78.8572788532659, 42.0769208871939,#000000
 78.8139093072401, 42.0876689635552,#000000
 78.7705229148947, 42.0983488337416,#000000
 78.7271197834956, 42.1089604713488,#000000
 78.6837000203503, 42.1195038501413,#000000
 78.6402637328074, 42.1299789440521,#000000
 78.5968110282562, 42.1403857271833,#000000
 78.5533420141267, 42.1507241738057,#000000
 78.5098567978893, 42.1609942583591,#000000
 78.4663554870542, 42.1711959554524,#000000
 78.4228381891716, 42.1813292398634,#000000
 78.3793050118313, 42.1913940865393,#000000
 78.3357560626621, 42.2013904705962,#000000
 78.2921914493321, 42.2113183673197,#000000
 78.2486112795477, 42.2211777521647,#000000
 78.2050156610542, 42.2309686007552,#000000
 78.1614047016349, 42.2406908888851,#000000
 78.1177785091110, 42.2503445925174,#000000
 78.0741371913414, 42.2599296877849,#000000
 78.0304808562225, 42.2694461509900,#000000
 77.9868096116876, 42.2788939586047,#000000
 77.9431235657070, 42.2882730872708,#000000
 77.8994228262876, 42.2975835137998,#000000
 77.8557075014727, 42.3068252151733,#000000
 77.8119776993414, 42.3159981685425,#000000
 77.7682335280089, 42.3251023512287,#000000
 77.7244750956257, 42.3341377407234,#000000
 77.6807025103777, 42.3431043146878,#000000
 77.6369158804857, 42.3520020509537,#000000
 77.5931153142053, 42.3608309275226,#000000
 77.5493009198265, 42.3695909225667,#000000
 77.5054728056735, 42.3782820144282,#000000
 77.4616310801045, 42.3869041816197,#000000
 77.4177758515111, 42.3954574028243,#000000
 77.3739072283186, 42.4039416568955,#000000
 77.3300253189852, 42.4123569228573,#000000
 77.2861302320020, 42.4207031799042,#000000
 77.2422220758928, 42.4289804074016,#000000
 77.1983009592136, 42.4371885848852,#000000
 77.1543669905524, 42.4453276920616,#000000
 77.1104202785290, 42.4533977088081,#000000
 77.0664609317949, 42.4613986151730,#000000
 77.0224890590325, 42.4693303913751,#000000
 76.9785047689554, 42.4771930178045,#000000
 76.9345081703079, 42.4849864750220,#000000
 76.8904993718646, 42.4927107437596,#000000
 76.8464784824303, 42.5003658049201,#000000
 76.8024456108399, 42.5079516395777,#000000
 76.7584008659576, 42.5154682289776,#000000
 76.7143443566772, 42.5229155545362,#000000
 76.6702761919214, 42.5302935978411,#000000
 76.6261964806418, 42.5376023406513,#000000
 76.5821053318187, 42.5448417648971,#000000
 76.5380028544605, 42.5520118526802,#000000
 76.4938891576035, 42.5591125862735,#000000
 76.4497643503120, 42.5661439481218,#000000
 76.4056285416776, 42.5731059208410,#000000
 76.3614818408192, 42.5799984872187,#000000
 76.3173243568826, 42.5868216302142,#000000
 76.2731561990401, 42.5935753329583,#000000
 76.2289774764907, 42.6002595787536,#000000
 76.1847882984592, 42.6068743510743,#000000
 76.1405887741964, 42.6134196335664,#000000
 76.0963790129789, 42.6198954100478,#000000
 76.0521591241081, 42.6263016645080,#000000
 76.0079292169109, 42.6326383811087,#000000
 75.9636894007387, 42.6389055441833,#000000
 75.9194397849675, 42.6451031382373,#000000
 75.8751804789976, 42.6512311479480,#000000
 75.8309115922531, 42.6572895581649,#000000
 75.7866332341819, 42.6632783539095,#000000
 75.7423455142553, 42.6691975203756,#000000
 75.6980485419676, 42.6750470429288,#000000
 75.6537424268363, 42.6808269071072,#000000
 75.6094272784011, 42.6865370986209,#000000
 75.5651032062244, 42.6921776033525,#000000
 75.5207703198904, 42.6977484073565,#000000
 75.4764287290053, 42.7032494968602,#000000
 75.4320785431966, 42.7086808582629,#000000
 75.3877198721132, 42.7140424781365,#000000
 75.3433528254250, 42.7193343432251,#000000
 75.2989775128224, 42.7245564404455,#000000
 75.2545940440166, 42.7297087568868,#000000
 75.2102025287385, 42.7347912798108,#000000
 75.1658030767394, 42.7398039966517,#000000
 75.1213957977898, 42.7447468950164,#000000
 75.0769808016797, 42.7496199626843,#000000
 75.0325581982183, 42.7544231876076,#000000
 74.9881280972335, 42.7591565579110,#000000
 74.9436906085716, 42.7638200618920,#000000
 74.8992458420975, 42.7684136880208,#000000
 74.8547939076937, 42.7729374249404,#000000
 74.8103349152608, 42.7773912614666,#000000
 74.7658689747166, 42.7817751865879,#000000
 74.7213961959960, 42.7860891894659,#000000
 74.6769166890513, 42.7903332594347,#000000
 74.6324305638507, 42.7945073860017,#000000
 74.5879379303795, 42.7986115588469,#000000
 74.5434388986385, 42.8026457678234,#000000
 74.4989335786446, 42.8066100029573,#000000
 74.4544220804303, 42.8105042544476,#000000
 74.4099045140432, 42.8143285126664,#000000
 74.3653809895460, 42.8180827681588,#000000
 74.3208516170162, 42.8217670116431,#000000
 74.2763165065455, 42.8253812340104,#000000
 74.2317757682402, 42.8289254263252,#000000
 74.1872295122200, 42.8323995798251,#000000
 74.1426778486187, 42.8358036859207,#000000
 74.0981208875833, 42.8391377361960,#000000
 74.0535587392738, 42.8424017224079,#000000
 74.0089915138630, 42.8455956364869,#000000
 73.9644193215366, 42.8487194705365,#000000
 73.9198422724922, 42.8517732168334,#000000
 73.8752604769396, 42.8547568678278,#000000
 73.8306740451002, 42.8576704161431,#000000
 73.7860830872070, 42.8605138545759,#000000
 73.7414877135042, 42.8632871760964,#000000
 73.6968880342467, 42.8659903738479,#000000
 73.6522841597003, 42.8686234411472,#000000
 73.6076762001411, 42.8711863714844,#000000
 73.5630642658551, 42.8736791585231,#000000
 73.5184484671385, 42.8761017961003,#000000
 73.4738289142967, 42.8784542782263,#000000
 73.4292057176447, 42.8807365990852,#000000
 73.3845789875061, 42.8829487530340,#000000
 73.3399488342137, 42.8850907346038,#000000
 73.2953153681084, 42.8871625384987,#000000
 73.2506786995394, 42.8891641595965,#000000
 73.2060389388640, 42.8910955929486,#000000
 73.1613961964469, 42.8929568337797,#000000
 73.1167505826602, 42.8947478774883,#000000
 73.0721022078833, 42.8964687196463,#000000
 73.0274511825022, 42.8981193559992,#000000
 72.9827976169096, 42.8996997824660,#000000
 72.9381416215043, 42.9012099951393,#000000
 72.8934833066914, 42.9026499902855,#000000
 72.8488227828814, 42.9040197643443,#000000
 72.8041601604905, 42.9053193139292,#000000
 72.7594955499401, 42.9065486358273,#000000
 72.7148290616563, 42.9077077269992,#000000
 72.6701608060700, 42.9087965845793,#000000
 72.6254908936164, 42.9098152058756,#000000
 72.5808194347350, 42.9107635883697,#000000
 72.5361465398688, 42.9116417297168,#000000
 72.4914723194645, 42.9124496277459,#000000
 72.4467968839722, 42.9131872804596,#000000
 72.4021203438449, 42.9138546860342,#000000
 72.3574428095382, 42.9144518428195,#000000
 72.3127643915103, 42.9149787493393,#000000
 72.2680852002216, 42.9154354042908,#000000
 72.2234053461345, 42.9158218065450,#000000
 72.1787249397127, 42.9161379551466,#000000
 72.1340440914216, 42.9163838493140,#000000
 72.0893629117276, 42.9165594884393,#000000
 72.0446815110978, 42.9166648720881,#000000
 72.0000000000000, 42.9167000000000,#000000
  0.0000000000000, 42.9167000000000,#000000
  0.0000000000000, 42.5000000000000,#000000
