x,y,fill
 6.73533494602307e-16, 11.0000000000000000,#ffffff
-3.45920542850991e-02, 10.9999456084919061,#ffffff
-6.91837664767442e-02, 10.9997824345055157,#ffffff
-1.03774794484863e-01, 10.9995104796545213,#ffffff
-1.38364796226150e-01, 10.9991297466283804,#ffffff
-1.72953429627449e-01, 10.9986402391923015,#ffffff
-2.07540352629136e-01, 10.9980419621872052,#ffffff
-2.42125223188504e-01, 10.9973349215296672,#ffffff
-2.76707699283135e-01, 10.9965191242118721,#ffffff
-3.11287438914299e-01, 10.9955945783015387,#ffffff
-3.45864100110326e-01, 10.9945612929418370,#ffffff
-3.80437340929990e-01, 10.9934192783513041,#ffffff
-4.15006819465888e-01, 10.9921685458237395,#ffffff
-4.49572193847827e-01, 10.9908091077280954,#ffffff
-4.84133122246197e-01, 10.9893409775083484,#ffffff
-5.18689262875361e-01, 10.9877641696833770,#ffffff
-5.53240273997027e-01, 10.9860786998468072,#ffffff
-5.87785813923630e-01, 10.9842845846668649,#ffffff
-6.22325541021714e-01, 10.9823818418862142,#ffffff
-6.56859113715307e-01, 10.9803704903217696,#ffffff
-6.91386190489302e-01, 10.9782505498645229,#ffffff
-7.25906429892826e-01, 10.9760220414793377,#ffffff
-7.60419490542630e-01, 10.9736849872047486,#ffffff
-7.94925031126457e-01, 10.9712394101527391,#ffffff
-8.29422710406417e-01, 10.9686853345085105,#ffffff
-8.63912187222365e-01, 10.9660227855302530,#ffffff
-8.98393120495272e-01, 10.9632517895488810,#ffffff
-9.32865169230600e-01, 10.9603723739677914,#ffffff
-9.67327992521673e-01, 10.9573845672625723,#ffffff
-1.00178124955305e+00, 10.9542883989807365,#ffffff
-1.03622459960389e+00, 10.9510838997414215,#ffffff
-1.07065770205133e+00, 10.9477711012350909,#ffffff
-1.10508021637385e+00, 10.9443500362232164,#ffffff
-1.13949180215463e+00, 10.9408207385379637,#ffffff
-1.17389211908495e+00, 10.9371832430818419,#ffffff
-1.20828082696750e+00, 10.9334375858273738,#ffffff
-1.24265758571980e+00, 10.9295838038167314,#ffffff
-1.27702205537753e+00, 10.9256219351613737,#ffffff
-1.31137389609791e+00, 10.9215520190416626,#ffffff
-1.34571276816303e+00, 10.9173740957064851,#ffffff
-1.38003833198326e+00, 10.9130882064728532,#ffffff
-1.41435024810055e+00, 10.9086943937254883,#ffffff
-1.44864817719186e+00, 10.9041927009164095,#ffffff
-1.48293178007242e+00, 10.8995831725645012,#ffffff
-1.51720071769919e+00, 10.8948658542550714,#ffffff
-1.55145465117411e+00, 10.8900407926394021,#ffffff
-1.58569324174754e+00, 10.8851080354342908,#ffffff
-1.61991615082155e+00, 10.8800676314215750,#ffffff
-1.65412303995330e+00, 10.8749196304476499,#ffffff
-1.68831357085838e+00, 10.8696640834229754,#ffffff
-1.72248740541413e+00, 10.8643010423215767,#ffffff
-1.75664420566304e+00, 10.8588305601805235,#ffffff
-1.79078363381604e+00, 10.8532526910994118,#ffffff
-1.82490535225585e+00, 10.8475674902398254,#ffffff
-1.85900902354034e+00, 10.8417750138247939,#ffffff
-1.89309431040586e+00, 10.8358753191382267,#ffffff
-1.92716087577056e+00, 10.8298684645243615,#ffffff
-1.96120838273774e+00, 10.8237545093871770,#ffffff
-1.99523649459916e+00, 10.8175335141898064,#ffffff
-2.02924487483842e+00, 10.8112055404539422,#ffffff
-2.06323318713421e+00, 10.8047706507592292,#ffffff
-2.09720109536371e+00, 10.7982289087426402,#ffffff
-2.13114826360587e+00, 10.7915803790978480,#ffffff
-2.16507435614476e+00, 10.7848251275745941,#ffffff
-2.19897903747285e+00, 10.7779632209780232,#ffffff
-2.23286197229437e+00, 10.7709947271680377,#ffffff
-2.26672282552862e+00, 10.7639197150586163,#ffffff
-2.30056126231324e+00, 10.7567382546171366,#ffffff
-2.33437694800759e+00, 10.7494504168636826,#ffffff
-2.36816954819599e+00, 10.7420562738703431,#ffffff
-2.40193872869110e+00, 10.7345558987604974,#ffffff
-2.43568415553715e+00, 10.7269493657080943,#ffffff
-2.46940549501330e+00, 10.7192367499369148,#ffffff
-2.50310241363691e+00, 10.7114181277198348,#ffffff
-2.53677457816684e+00, 10.7034935763780616,#ffffff
-2.57042165560678e+00, 10.6954631742803787,#ffffff
-2.60404331320848e+00, 10.6873270008423642,#ffffff
-2.63763921847509e+00, 10.6790851365256056,#ffffff
-2.67120903916446e+00, 10.6707376628369079,#ffffff
-2.70475244329235e+00, 10.6622846623274921,#ffffff
-2.73826909913581e+00, 10.6537262185921584,#ffffff
-2.77175867523638e+00, 10.6450624162684875,#ffffff
-2.80522084040341e+00, 10.6362933410359819,#ffffff
-2.83865526371735e+00, 10.6274190796152279,#ffffff
-2.87206161453297e+00, 10.6184397197670375,#ffffff
-2.90543956248267e+00, 10.6093553502915778,#ffffff
-2.93878877747973e+00, 10.6001660610274957,#ffffff
-2.97210892972160e+00, 10.5908719428510274,#ffffff
-3.00539968969312e+00, 10.5814730876751035,#ffffff
-3.03866072816982e+00, 10.5719695884484306,#ffffff
-3.07189171622113e+00, 10.5623615391545851,#ffffff
-3.10509232521369e+00, 10.5526490348110720,#ffffff
-3.13826222681455e+00, 10.5428321714683957,#ffffff
-3.17140109299444e+00, 10.5329110462090991,#ffffff
-3.20450859603102e+00, 10.5228857571468168,#ffffff
-3.23758440851210e+00, 10.5127564034252874,#ffffff
-3.27062820333890e+00, 10.5025230852173888,#ffffff
-3.30363965372925e+00, 10.4921859037241454,#ffffff
-3.33661843322089e+00, 10.4817449611737139,#ffffff
-3.36956421567462e+00, 10.4712003608203919,#ffffff
-3.40247667527756e+00, 10.4605522069435786,#ffffff
-3.43535548654638e+00, 10.4498006048467573,#ffffff
-3.46820032433053e+00, 10.4389456608564455,#ffffff
-3.50101086381539e+00, 10.4279874823211500,#ffffff
-3.53378678052558e+00, 10.4169261776102964,#ffffff
-3.56652775032808e+00, 10.4057618561131662,#ffffff
-3.59923344943549e+00, 10.3944946282378119,#ffffff
-3.63190355440920e+00, 10.3831246054099626,#ffffff
-3.66453774216263e+00, 10.3716519000719263,#ffffff
-3.69713568996438e+00, 10.3600766256814740,#ffffff
-3.72969707544142e+00, 10.3483988967107212,#ffffff
-3.76222157658236e+00, 10.3366188286449923,#ffffff
-3.79470887174049e+00, 10.3247365379816820,#ffffff
-3.82715863963712e+00, 10.3127521422291011,#ffffff
-3.85957055936463e+00, 10.3006657599053160,#ffffff
-3.89194431038972e+00, 10.2884775105369730,#ffffff
-3.92427957255655e+00, 10.2761875146581190,#ffffff
-3.95657602608989e+00, 10.2637958938090126,#ffffff
-3.98883335159833e+00, 10.2513027705349131,#ffffff
-4.02105123007741e+00, 10.2387082683848831,#ffffff
-4.05322934291275e+00, 10.2260125119105485,#ffffff
-4.08536737188325e+00, 10.2132156266648835,#ffffff
-4.11746499916421e+00, 10.2003177392009547,#ffffff
-4.14952190733047e+00, 10.1873189770706851,#ffffff
-4.18153777935956e+00, 10.1742194688235763,#ffffff
-4.21351229863484e+00, 10.1610193440054477,#ffffff
-4.24544514894862e+00, 10.1477187331571557,#ffffff
-4.27733601450526e+00, 10.1343177678132950,#ffffff
-4.30918457992437e+00, 10.1208165805009056,#ffffff
-4.34099053024385e+00, 10.1072153047381583,#ffffff
-4.37275355092304e+00, 10.0935140750330330,#ffffff
-4.40447332784584e+00, 10.0797130268819952,#ffffff
-4.43614954732379e+00, 10.0658122967686481,#ffffff
-4.46778189609920e+00, 10.0518120221623857,#ffffff
-4.49937006134820e+00, 10.0377123415170395,#ffffff
-4.53091373068392e+00, 10.0235133942694929,#ffffff
-4.56241259215947e+00, 10.0092153208383259,#ffffff
-4.59386633427114e+00,  9.9948182626224025,#ffffff
-4.62527464596135e+00,  9.9803223619994892,#ffffff
-4.65663721662188e+00,  9.9657277623248390,#ffffff
-4.68795373609679e+00,  9.9510346079297776,#ffffff
-4.71922389468559e+00,  9.9362430441202765,#ffffff
-4.75044738314627e+00,  9.9213532171755059,#ffffff
-4.78162389269835e+00,  9.9063652743464026,#ffffff
-4.81275311502595e+00,  9.8912793638542045,#ffffff
-4.84383474228081e+00,  9.8760956348889923,#ffffff
-4.87486846708539e+00,  9.8608142376081993,#ffffff
-4.90585398253583e+00,  9.8454353231351490,#ffffff
-4.93679098220508e+00,  9.8299590435575350,#ffffff
-4.96767916014584e+00,  9.8143855519259429,#ffffff
-4.99851821089365e+00,  9.7987150022523117,#ffffff
-5.02930782946987e+00,  9.7829475495084353,#ffffff
-5.06004771138472e+00,  9.7670833496244036,#ffffff
-5.09073755264029e+00,  9.7511225594870847,#ffffff
-5.12137704973353e+00,  9.7350653369385611,#ffffff
-5.15196589965926e+00,  9.7189118407745685,#ffffff
-5.18250379991319e+00,  9.7026622307429253,#ffffff
-5.21299044849487e+00,  9.6863166675419610,#ffffff
-5.24342554391070e+00,  9.6698753128189185,#ffffff
-5.27380878517691e+00,  9.6533383291683528,#ffffff
-5.30413987182252e+00,  9.6367058801305419,#ffffff
-5.33441850389237e+00,  9.6199781301898355,#ffffff
-5.36464438194998e+00,  9.6031552447730704,#ffffff
-5.39481720708063e+00,  9.5862373902478968,#ffffff
-5.42493668089422e+00,  9.5692247339211569,#ffffff
-5.45500250552828e+00,  9.5521174440372203,#ffffff
-5.48501438365091e+00,  9.5349156897763212,#ffffff
-5.51497201846366e+00,  9.5176196412528924,#ffffff
-5.54487511370457e+00,  9.5002294695138687,#ffffff
-5.57472337365100e+00,  9.4827453465370066,#ffffff
-5.60451650312261e+00,  9.4651674452291843,#ffffff
-5.63425420748425e+00,  9.4474959394246874,#ffffff
-5.66393619264894e+00,  9.4297310038834858,#ffffff
-5.69356216508066e+00,  9.4118728142895147,#ffffff
-5.72313183179737e+00,  9.3939215472489295,#ffffff
-5.75264490037382e+00,  9.3758773802883653,#ffffff
-5.78210107894453e+00,  9.3577404918531766,#ffffff
-5.81150007620656e+00,  9.3395110613056787,#ffffff
-5.84084160142252e+00,  9.3211892689233586,#ffffff
-5.87012536442335e+00,  9.3027752958971170,#ffffff
-5.89935107561121e+00,  9.2842693243294541,#ffffff
-5.92851844596238e+00,  9.2656715372326808,#ffffff
-5.95762718703009e+00,  9.2469821185271002,#ffffff
-5.98667701094737e+00,  9.2282012530392006,#ffffff
-6.01566763042990e+00,  9.2093291264998189,#ffffff
-6.04459875877887e+00,  9.1903659255423005,#ffffff
-6.07347010988377e+00,  9.1713118377006690,#ffffff
-6.10228139822529e+00,  9.1521670514077496,#ffffff
-6.13103233887806e+00,  9.1329317559933294,#ffffff
-6.15972264751355e+00,  9.1136061416822649,#ffffff
-6.18835204040281e+00,  9.0941903995926126,#ffffff
-6.21692023441932e+00,  9.0746847217337336,#ffffff
-6.24542694704179e+00,  9.0550893010043971,#ffffff
-6.27387189635691e+00,  9.0354043311908789,#ffffff
-6.30225480106222e+00,  9.0156300069650293,#ffffff
-6.33057538046879e+00,  8.9957665238823559,#ffffff
-6.35883335450408e+00,  8.9758140783801004,#ffffff
-6.38702844371466e+00,  8.9557728677752824,#ffffff
-6.41516036926901e+00,  8.9356430902627437,#ffffff
-6.44322885296023e+00,  8.9154249449132141,#ffffff
-6.47123361720886e+00,  8.8951186316713038,#ffffff
-6.49917438506554e+00,  8.8747243513535690,#ffffff
-6.52705088021382e+00,  8.8542423056464834,#ffffff
-6.55486282697287e+00,  8.8336726971044843,#ffffff
-6.58260995030019e+00,  8.8130157291479332,#ffffff
-6.61029197579435e+00,  8.7922716060611315,#ffffff
-6.63790862969769e+00,  8.7714405329902903,#ffffff
-6.66545963889903e+00,  8.7505227159414929,#ffffff
-6.69294473093639e+00,  8.7295183617786662,#ffffff
-6.72036363399965e+00,  8.7084276782215380,#ffffff
-6.74771607693328e+00,  8.6872508738435883,#ffffff
-6.77500178923898e+00,  8.6659881580699540,#ffffff
-6.80222050107837e+00,  8.6446397411754052,#ffffff
-6.82937194327568e+00,  8.6232058342822224,#ffffff
-6.85645584732038e+00,  8.6016866493581450,#ffffff
-6.88347194536986e+00,  8.5800823992142412,#ffffff
-6.91041997025206e+00,  8.5583932975028372,#ffffff
-6.93729965546813e+00,  8.5366195587153708,#ffffff
-6.96411073519504e+00,  8.5147613981802959,#ffffff
-6.99085294428822e+00,  8.4928190320609485,#ffffff
-7.01752601828423e+00,  8.4707926773533959,#ffffff
-7.04412969340328e+00,  8.4486825518842963,#ffffff
-7.07066370655193e+00,  8.4264888743087578,#ffffff
-7.09712779532563e+00,  8.4042118641081647,#ffffff
-7.12352169801133e+00,  8.3818517415879956,#ffffff
-7.14984515359011e+00,  8.3594087278756746,#ffffff
-7.17609790173970e+00,  8.3368830449183520,#ffffff
-7.20227968283708e+00,  8.3142749154807341,#ffffff
-7.22839023796107e+00,  8.2915845631428642,#ffffff
-7.25442930889485e+00,  8.2688122122979273,#ffffff
-7.28039663812855e+00,  8.2459580881500081,#ffffff
-7.30629196886176e+00,  8.2230224167118884,#ffffff
-7.33211504500609e+00,  8.2000054248028000,#ffffff
-7.35786561118773e+00,  8.1769073400461743,#ffffff
-7.38354341274993e+00,  8.1537283908674034,#ffffff
-7.40914819575552e+00,  8.1304688064915815,#ffffff
-7.43467970698947e+00,  8.1071288169412359,#ffffff
-7.46013769396133e+00,  8.0837086530340354,#ffffff
-7.48552190490777e+00,  8.0602085463805402,#ffffff
-7.51083208879508e+00,  8.0366287293818761,#ffffff
-7.53606799532159e+00,  8.0129694352274683,#ffffff
-7.56122937492021e+00,  7.9892308978927185,#ffffff
-7.58631597876088e+00,  7.9654133521366850,#ffffff
-7.61132755875301e+00,  7.9415170334997702,#ffffff
-7.63626386754795e+00,  7.9175421783013977,#ffffff
-7.66112465854144e+00,  7.8934890236376676,#ffffff
-7.68590968587604e+00,  7.8693578073790045,#ffffff
-7.71061870444357e+00,  7.8451487681678129,#ffffff
-7.73525146988752e+00,  7.8208621454161245,#ffffff
-7.75980773860548e+00,  7.7964981793032235,#ffffff
-7.78428726775155e+00,  7.7720571107732566,#ffffff
-7.80868981523871e+00,  7.7475391815328818,#ffffff
-7.83301513974128e+00,  7.7229446340488490,#ffffff
-7.85726300069723e+00,  7.6982737115456175,#ffffff
-7.88143315831061e+00,  7.6735266580029524,#ffffff
-7.90552537355392e+00,  7.6487037181534996,#ffffff
-7.92953940817043e+00,  7.6238051374803693,#ffffff
-7.95347502467660e+00,  7.5988311622147195,#ffffff
-7.97733198636437e+00,  7.5737820393333157,#ffffff
-8.00111005730353e+00,  7.5486580165560735,#ffffff
-8.02480900234407e+00,  7.5234593423436236,#ffffff
-8.04842858711846e+00,  7.4981862658948604,#ffffff
-8.07196857804400e+00,  7.4728390371444693,#ffffff
-8.09542874232514e+00,  7.4474179067604407,#ffffff
-8.11880884795573e+00,  7.4219231261416203,#ffffff
-8.14210866372138e+00,  7.3963549474151975,#ffffff
-8.16532795920170e+00,  7.3707136234342290,#ffffff
-8.18846650477261e+00,  7.3449994077751350,#ffffff
-8.21152407160857e+00,  7.3192125547351754,#ffffff
-8.23450043168490e+00,  7.2933533193299551,#ffffff
-8.25739535777997e+00,  7.2674219572908951,#ffffff
-8.28020862347750e+00,  7.2414187250627080,#ffffff
-8.30294000316879e+00,  7.2153438798008471,#ffffff
-8.32558927205491e+00,  7.1891976793689736,#ffffff
-8.34815620614898e+00,  7.1629803823364124,#ffffff
-8.37064058227834e+00,  7.1366922479755921,#ffffff
-8.39304217808680e+00,  7.1103335362594615,#ffffff
-8.41536077203679e+00,  7.0839045078589535,#ffffff
-8.43759614341159e+00,  7.0574054241403719,#ffffff
-8.45974807231748e+00,  7.0308365471628331,#ffffff
-8.48181633968597e+00,  7.0041981396756681,#ffffff
-8.50380072727589e+00,  6.9774904651158067,#ffffff
-8.52570101767562e+00,  6.9507137876051956,#ffffff
-8.54751699430517e+00,  6.9238683719481742,#ffffff
-8.56924844141840e+00,  6.8969544836288641,#ffffff
-8.59089514410509e+00,  6.8699723888085273,#ffffff
-8.61245688829309e+00,  6.8429223543229583,#ffffff
-8.63393346075045e+00,  6.8158046476798164,#ffffff
-8.65532464908749e+00,  6.7886195370560092,#ffffff
-8.67663024175894e+00,  6.7613672912950165,#ffffff
-8.69785002806603e+00,  6.7340481799042520,#ffffff
-8.71898379815853e+00,  6.7066624730523765,#ffffff
-8.74003134303688e+00,  6.6792104415666476,#ffffff
-8.76099245455422e+00,  6.6516923569302309,#ffffff
-8.78186692541846e+00,  6.6241084912795083,#ffffff
-8.80265454919435e+00,  6.5964591174013947,#ffffff
-8.82335512030548e+00,  6.5687445087306475,#ffffff
-8.84396843403634e+00,  6.5409649393471545,#ffffff
-8.86449428653436e+00,  6.5131206839732130,#ffffff
-8.88493247481187e+00,  6.4852120179708361,#ffffff
-8.90528279674818e+00,  6.4572392173390050,#ffffff
-8.92554505109152e+00,  6.4292025587109674,#ffffff
-8.94571903746106e+00,  6.4011023193514660,#ffffff
-8.96580455634888e+00,  6.3729387771540384,#ffffff
-8.98580140912196e+00,  6.3447122106382272,#ffffff
-9.00570939802411e+00,  6.3164228989468585,#ffffff
-9.02552832617796e+00,  6.2880711218432674,#ffffff
-9.04525799758690e+00,  6.2596571597085244,#ffffff
-9.06489821713701e+00,  6.2311812935386737,#ffffff
-9.08444879059897e+00,  6.2026438049419568,#ffffff
-9.10390952463004e+00,  6.1740449761360185,#ffffff
-9.12328022677591e+00,  6.1453850899451128,#ffffff
-9.14256070547263e+00,  6.1166644297973258,#ffffff
-9.16175077004851e+00,  6.0878832797217433,#ffffff
-9.18085023072599e+00,  6.0590419243456761,#ffffff
-9.19985889862354e+00,  6.0301406488918090,#ffffff
-9.21877658575749e+00,  6.0011797391754138,#ffffff
-9.23760310504394e+00,  5.9721594816014933,#ffffff
-9.25633827030055e+00,  5.9430801631619756,#ffffff
-9.27498189624845e+00,  5.9139420714328601,#ffffff
-9.29353379851399e+00,  5.8847454945713720,#ffffff
-9.31199379363066e+00,  5.8554907213131147,#ffffff
-9.33036169904083e+00,  5.8261780409692250,#ffffff
-9.34863733309755e+00,  5.7968077434235070,#ffffff
-9.36682051506642e+00,  5.7673801191295535,#ffffff
-9.38491106512732e+00,  5.7378954591078779,#ffffff
-9.40290880437619e+00,  5.7083540549430545,#ffffff
-9.42081355482681e+00,  5.6787561987808157,#ffffff
-9.43862513941256e+00,  5.6491021833251693,#ffffff
-9.45634338198820e+00,  5.6193923018354983,#ffffff
-9.47396810733154e+00,  5.5896268481236637,#ffffff
-9.49149914114524e+00,  5.5598061165511083,#ffffff
-9.50893631005851e+00,  5.5299304020259399,#ffffff
-9.52627944162882e+00,  5.5000000000000036,#ffffff
-9.54352836434361e+00,  5.4700152064659679,#ffffff
-9.56068290762199e+00,  5.4399763179544065,#ffffff
-9.57774290181640e+00,  5.4098836315308603,#ffffff
-9.59470817821435e+00,  5.3797374447928901,#ffffff
-9.61157856904001e+00,  5.3495380558671366,#ffffff
-9.62835390745594e+00,  5.3192857634063886,#ffffff
-9.64503402756469e+00,  5.2889808665866109,#ffffff
-9.66161876441045e+00,  5.2586236651039977,#ffffff
-9.67810795398072e+00,  5.2282144591719923,#ffffff
-9.69450143320788e+00,  5.1977535495183327,#ffffff
-9.71079903997082e+00,  5.1672412373820791,#ffffff
-9.72700061309655e+00,  5.1366778245106293,#ffffff
-9.74310599236182e+00,  5.1060636131567305,#ffffff
-9.75911501849464e+00,  5.0753989060754909,#ffffff
-9.77502753317591e+00,  5.0446840065213996,#ffffff
-9.79084337904096e+00,  5.0139192182453156,#ffffff
-9.80656239968112e+00,  4.9831048454914599,#ffffff
-9.82218443964525e+00,  4.9522411929944088,#ffffff
-9.83770934444130e+00,  4.9213285659760961,#ffffff
-9.85313696053781e+00,  4.8903672701427778,#ffffff
-9.86846713536545e+00,  4.8593576116820154,#ffffff
-9.88369971731854e+00,  4.8282998972596394,#ffffff
-9.89883455575650e+00,  4.7971944340167232,#ffffff
-9.91387150100539e+00,  4.7660415295665537,#ffffff
-9.92881040435937e+00,  4.7348414919915811,#ffffff
-9.94365111808217e+00,  4.7035946298403646,#ffffff
-9.95839349540856e+00,  4.6723012521245275,#ffffff
-9.97303739054578e+00,  4.6409616683157129,#ffffff
-9.98758265867501e+00,  4.6095761883425119,#ffffff
-1.00020291559528e+01,  4.5781451225873893,#ffffff
-1.00163767395124e+01,  4.5466687818836267,#ffffff
-1.00306252674654e+01,  4.5151474775122526,#ffffff
-1.00447745989028e+01,  4.4835815211989569,#ffffff
-1.00588245938968e+01,  4.4519712251110102,#ffffff
-1.00727751135019e+01,  4.4203169018541661,#ffffff
-1.00866260197561e+01,  4.3886188644695814,#ffffff
-1.01003771756830e+01,  4.3568774264307244,#ffffff
-1.01140284452923e+01,  4.3250929016402706,#ffffff
-1.01275796935815e+01,  4.2932656044269848,#ffffff
-1.01410307865375e+01,  4.2613958495426258,#ffffff
-1.01543815911374e+01,  4.2294839521588399,#ffffff
-1.01676319753504e+01,  4.1975302278640356,#ffffff
-1.01807818081385e+01,  4.1655349926602554,#ffffff
-1.01938309594581e+01,  4.1334985629600576,#ffffff
-1.02067793002616e+01,  4.1014212555833955,#ffffff
-1.02196267024980e+01,  4.0693033877544744,#ffffff
-1.02323730391146e+01,  4.0371452770986203,#ffffff
-1.02450181840584e+01,  4.0049472416391252,#ffffff
-1.02575620122768e+01,  3.9727095997941140,#ffffff
-1.02700043997193e+01,  3.9404326703734012,#ffffff
-1.02823452233387e+01,  3.9081167725753319,#ffffff
-1.02945843610919e+01,  3.8757622259836122,#ffffff
-1.03067216919418e+01,  3.8433693505641626,#ffffff
-1.03187570958578e+01,  3.8109384666619590,#ffffff
-1.03306904538174e+01,  3.7784698949978583,#ffffff
-1.03425216478073e+01,  3.7459639566654155,#ffffff
-1.03542505608245e+01,  3.7134209731277181,#ffffff
-1.03658770768775e+01,  3.6808412662142169,#ffffff
-1.03774010809874e+01,  3.6482251581175280,#ffffff
-1.03888224591891e+01,  3.6155729713902587,#ffffff
-1.04001410985325e+01,  3.5828850289417997,#ffffff
-1.04113568870834e+01,  3.5501616540351435,#ffffff
-1.04224697139247e+01,  3.5174031702836976,#ffffff
-1.04334794691577e+01,  3.4846099016480725,#ffffff
-1.04443860439029e+01,  3.4517821724328694,#ffffff
-1.04551893303012e+01,  3.4189203072834853,#ffffff
-1.04658892215149e+01,  3.3860246311829059,#ffffff
-1.04764856117290e+01,  3.3530954694484878,#ffffff
-1.04869783961517e+01,  3.3201331477287295,#ffffff
-1.04973674710162e+01,  3.2871379920000607,#ffffff
-1.05076527335812e+01,  3.2541103285636277,#ffffff
-1.05178340821318e+01,  3.2210504840420531,#ffffff
-1.05279114159810e+01,  3.1879587853762144,#ffffff
-1.05378846354704e+01,  3.1548355598219966,#ffffff
-1.05477536419711e+01,  3.1216811349470670,#ffffff
-1.05575183378851e+01,  3.0884958386276420,#ffffff
-1.05671786266455e+01,  3.0552799990452382,#ffffff
-1.05767344127184e+01,  3.0220339446834159,#ffffff
-1.05861856016030e+01,  2.9887580043245410,#ffffff
-1.05955320998330e+01,  2.9554525070465405,#ffffff
-1.06047738149777e+01,  2.9221177822196425,#ffffff
-1.06139106556421e+01,  2.8887541595031068,#ffffff
-1.06229425314689e+01,  2.8553619688419749,#ffffff
-1.06318693531385e+01,  2.8219415404638171,#ffffff
-1.06406910323702e+01,  2.7884932048754516,#ffffff
-1.06494074819233e+01,  2.7550172928596850,#ffffff
-1.06580186155976e+01,  2.7215141354720309,#ffffff
-1.06665243482346e+01,  2.6879840640374386,#ffffff
-1.06749245957178e+01,  2.6544274101470315,#ffffff
-1.06832192749741e+01,  2.6208445056548175,#ffffff
-1.06914083039746e+01,  2.5872356826743950,#ffffff
-1.06994916017348e+01,  2.5536012735756803,#ffffff
-1.07074690883160e+01,  2.5199416109816304,#ffffff
-1.07153406848261e+01,  2.4862570277649425,#ffffff
-1.07231063134199e+01,  2.4525478570447543,#ffffff
-1.07307658973002e+01,  2.4188144321833578,#ffffff
-1.07383193607187e+01,  2.3850570867829122,#ffffff
-1.07457666289764e+01,  2.3512761546821315,#ffffff
-1.07531076284245e+01,  2.3174719699529911,#ffffff
-1.07603422864653e+01,  2.2836448668974123,#ffffff
-1.07674705315525e+01,  2.2497951800439617,#ffffff
-1.07744922931923e+01,  2.2159232441445571,#ffffff
-1.07814075019439e+01,  2.1820293941711442,#ffffff
-1.07882160894204e+01,  2.1481139653123753,#ffffff
-1.07949179882892e+01,  2.1141772929703047,#ffffff
-1.08015131322726e+01,  2.0802197127570796,#ffffff
-1.08080014561489e+01,  2.0462415604916151,#ffffff
-1.08143828957527e+01,  2.0122431721962593,#ffffff
-1.08206573879757e+01,  1.9782248840934820,#ffffff
-1.08268248707671e+01,  1.9441870326025594,#ffffff
-1.08328852831343e+01,  1.9101299543362331,#ffffff
-1.08388385651438e+01,  1.8760539860973888,#ffffff
-1.08446846579214e+01,  1.8419594648757132,#ffffff
-1.08504235036529e+01,  1.8078467278443697,#ffffff
-1.08560550455848e+01,  1.7737161123566751,#ffffff
-1.08615792280247e+01,  1.7395679559427517,#ffffff
-1.08669959963420e+01,  1.7054025963061814,#ffffff
-1.08723052969682e+01,  1.6712203713206748,#ffffff
-1.08775070773978e+01,  1.6370216190267399,#ffffff
-1.08826012861884e+01,  1.6028066776283290,#ffffff
-1.08875878729616e+01,  1.5685758854894853,#ffffff
-1.08924667884032e+01,  1.5343295811310049,#ffffff
-1.08972379842637e+01,  1.5000681032271006,#ffffff
-1.09019014133592e+01,  1.4657917906020361,#ffffff
-1.09064570295712e+01,  1.4315009822267863,#ffffff
-1.09109047878476e+01,  1.3971960172156705,#ffffff
-1.09152446442030e+01,  1.3628772348230080,#ffffff
-1.09194765557187e+01,  1.3285449744397724,#ffffff
-1.09236004805440e+01,  1.2941995755902269,#ffffff
-1.09276163778959e+01,  1.2598413779285553,#ffffff
-1.09315242080597e+01,  1.2254707212355140,#ffffff
-1.09353239323893e+01,  1.1910879454150809,#ffffff
-1.09390155133081e+01,  1.1566933904910843,#ffffff
-1.09425989143084e+01,  1.1222873966038311,#ffffff
-1.09460740999529e+01,  1.0878703040067514,#ffffff
-1.09494410358741e+01,  1.0534424530630451,#ffffff
-1.09526996887752e+01,  1.0190041842422999,#ffffff
-1.09558500264301e+01,  0.9845558381171347,#ffffff
-1.09588920176841e+01,  0.9500977553598169,#ffffff
-1.09618256324537e+01,  0.9156302767389028,#ffffff
-1.09646508417274e+01,  0.8811537431158780,#ffffff
-1.09673676175656e+01,  0.8466684954417759,#ffffff
-1.09699759331012e+01,  0.8121748747537967,#ffffff
-1.09724757625395e+01,  0.7776732221719445,#ffffff
-1.09748670811589e+01,  0.7431638788956632,#ffffff
-1.09771498653107e+01,  0.7086471862004531,#ffffff
-1.09793240924196e+01,  0.6741234854344809,#ffffff
-1.09813897409839e+01,  0.6395931180152379,#ffffff
-1.09833467905757e+01,  0.6050564254261255,#ffffff
-1.09851952218410e+01,  0.5705137492131108,#ffffff
-1.09869350165000e+01,  0.5359654309813358,#ffffff
-1.09885661573471e+01,  0.5014118123917284,#ffffff
-1.09900886282515e+01,  0.4668532351576338,#ffffff
-1.09915024141569e+01,  0.4322900410414447,#ffffff
-1.09928075010818e+01,  0.3977225718512120,#ffffff
-1.09940038761198e+01,  0.3631511694372545,#ffffff
-1.09950915274394e+01,  0.3285761756887879,#ffffff
-1.09960704442845e+01,  0.2939979325305542,#ffffff
-1.09969406169743e+01,  0.2594167819194295,#ffffff
-1.09977020369032e+01,  0.2248330658410282,#ffffff
-1.09983546965413e+01,  0.1902471263063554,#ffffff
-1.09988985894342e+01,  0.1556593053483848,#ffffff
-1.09993337102032e+01,  0.1210699450187112,#ffffff
-1.09996600545452e+01,  0.0864793873841525,#ffffff
-1.09998776192329e+01,  0.0518879745233576,#ffffff
-1.09999864021146e+01,  0.0172960485234330,#ffffff
-1.09999864021146e+01, -0.0172960485234303,#ffffff
-1.09998776192329e+01, -0.0518879745233500,#ffffff
-1.09996600545452e+01, -0.0864793873841449,#ffffff
-1.09993337102032e+01, -0.1210699450187085,#ffffff
-1.09988985894342e+01, -0.1556593053483821,#ffffff
-1.09983546965413e+01, -0.1902471263063478,#ffffff
-1.09977020369032e+01, -0.2248330658410256,#ffffff
-1.09969406169743e+01, -0.2594167819194219,#ffffff
-1.09960704442845e+01, -0.2939979325305515,#ffffff
-1.09950915274394e+01, -0.3285761756887853,#ffffff
-1.09940038761198e+01, -0.3631511694372468,#ffffff
-1.09928075010818e+01, -0.3977225718512044,#ffffff
-1.09915024141569e+01, -0.4322900410414420,#ffffff
-1.09900886282515e+01, -0.4668532351576310,#ffffff
-1.09885661573471e+01, -0.5014118123917207,#ffffff
-1.09869350165000e+01, -0.5359654309813282,#ffffff
-1.09851952218410e+01, -0.5705137492131082,#ffffff
-1.09833467905757e+01, -0.6050564254261228,#ffffff
-1.09813897409839e+01, -0.6395931180152303,#ffffff
-1.09793240924196e+01, -0.6741234854344782,#ffffff
-1.09771498653107e+01, -0.7086471862004454,#ffffff
-1.09748670811589e+01, -0.7431638788956604,#ffffff
-1.09724757625395e+01, -0.7776732221719417,#ffffff
-1.09699759331012e+01, -0.8121748747537891,#ffffff
-1.09673676175656e+01, -0.8466684954417683,#ffffff
-1.09646508417274e+01, -0.8811537431158752,#ffffff
-1.09618256324537e+01, -0.9156302767389002,#ffffff
-1.09588920176841e+01, -0.9500977553598092,#ffffff
-1.09558500264301e+01, -0.9845558381171271,#ffffff
-1.09526996887752e+01, -1.0190041842422972,#ffffff
-1.09494410358741e+01, -1.0534424530630424,#ffffff
-1.09460740999529e+01, -1.0878703040067439,#ffffff
-1.09425989143084e+01, -1.1222873966038236,#ffffff
-1.09390155133081e+01, -1.1566933904910770,#ffffff
-1.09353239323893e+01, -1.1910879454150782,#ffffff
-1.09315242080597e+01, -1.2254707212355114,#ffffff
-1.09276163778959e+01, -1.2598413779285478,#ffffff
-1.09236004805440e+01, -1.2941995755902194,#ffffff
-1.09194765557187e+01, -1.3285449744397699,#ffffff
-1.09152446442030e+01, -1.3628772348230054,#ffffff
-1.09109047878476e+01, -1.3971960172156632,#ffffff
-1.09064570295712e+01, -1.4315009822267788,#ffffff
-1.09019014133592e+01, -1.4657917906020335,#ffffff
-1.08972379842637e+01, -1.5000681032270979,#ffffff
-1.08924667884032e+01, -1.5343295811309974,#ffffff
-1.08875878729616e+01, -1.5685758854894776,#ffffff
-1.08826012861884e+01, -1.6028066776283216,#ffffff
-1.08775070773978e+01, -1.6370216190267370,#ffffff
-1.08723052969682e+01, -1.6712203713206721,#ffffff
-1.08669959963420e+01, -1.7054025963061736,#ffffff
-1.08615792280247e+01, -1.7395679559427442,#ffffff
-1.08560550455848e+01, -1.7737161123566723,#ffffff
-1.08504235036529e+01, -1.8078467278443671,#ffffff
-1.08446846579214e+01, -1.8419594648757054,#ffffff
-1.08388385651438e+01, -1.8760539860973811,#ffffff
-1.08328852831343e+01, -1.9101299543362302,#ffffff
-1.08268248707671e+01, -1.9441870326025570,#ffffff
-1.08206573879757e+01, -1.9782248840934791,#ffffff
-1.08143828957527e+01, -2.0122431721962517,#ffffff
-1.08080014561489e+01, -2.0462415604916075,#ffffff
-1.08015131322726e+01, -2.0802197127570774,#ffffff
-1.07949179882892e+01, -2.1141772929703020,#ffffff
-1.07882160894204e+01, -2.1481139653123678,#ffffff
-1.07814075019439e+01, -2.1820293941711366,#ffffff
-1.07744922931923e+01, -2.2159232441445544,#ffffff
-1.07674705315525e+01, -2.2497951800439591,#ffffff
-1.07603422864653e+01, -2.2836448668974043,#ffffff
-1.07531076284245e+01, -2.3174719699529835,#ffffff
-1.07457666289764e+01, -2.3512761546821284,#ffffff
-1.07383193607187e+01, -2.3850570867829095,#ffffff
-1.07307658973002e+01, -2.4188144321833551,#ffffff
-1.07231063134199e+01, -2.4525478570447472,#ffffff
-1.07153406848261e+01, -2.4862570277649354,#ffffff
-1.07074690883160e+01, -2.5199416109816277,#ffffff
-1.06994916017348e+01, -2.5536012735756772,#ffffff
-1.06914083039746e+01, -2.5872356826743870,#ffffff
-1.06832192749741e+01, -2.6208445056548100,#ffffff
-1.06749245957178e+01, -2.6544274101470289,#ffffff
-1.06665243482346e+01, -2.6879840640374359,#ffffff
-1.06580186155976e+01, -2.7215141354720229,#ffffff
-1.06494074819233e+01, -2.7550172928596779,#ffffff
-1.06406910323702e+01, -2.7884932048754485,#ffffff
-1.06318693531385e+01, -2.8219415404638140,#ffffff
-1.06229425314689e+01, -2.8553619688419718,#ffffff
-1.06139106556421e+01, -2.8887541595030992,#ffffff
-1.06047738149777e+01, -2.9221177822196354,#ffffff
-1.05955320998330e+01, -2.9554525070465374,#ffffff
-1.05861856016030e+01, -2.9887580043245379,#ffffff
-1.05767344127184e+01, -3.0220339446834088,#ffffff
-1.05671786266455e+01, -3.0552799990452311,#ffffff
-1.05575183378851e+01, -3.0884958386276398,#ffffff
-1.05477536419711e+01, -3.1216811349470643,#ffffff
-1.05378846354704e+01, -3.1548355598219890,#ffffff
-1.05279114159810e+01, -3.1879587853762068,#ffffff
-1.05178340821318e+01, -3.2210504840420504,#ffffff
-1.05076527335812e+01, -3.2541103285636255,#ffffff
-1.04973674710162e+01, -3.2871379920000581,#ffffff
-1.04869783961517e+01, -3.3201331477287224,#ffffff
-1.04764856117290e+01, -3.3530954694484807,#ffffff
-1.04658892215149e+01, -3.3860246311829032,#ffffff
-1.04551893303012e+01, -3.4189203072834822,#ffffff
-1.04443860439029e+01, -3.4517821724328628,#ffffff
-1.04334794691577e+01, -3.4846099016480654,#ffffff
-1.04224697139247e+01, -3.5174031702836954,#ffffff
-1.04113568870834e+01, -3.5501616540351408,#ffffff
-1.04001410985325e+01, -3.5828850289417922,#ffffff
-1.03888224591891e+01, -3.6155729713902511,#ffffff
-1.03774010809874e+01, -3.6482251581175258,#ffffff
-1.03658770768775e+01, -3.6808412662142143,#ffffff
-1.03542505608245e+01, -3.7134209731277155,#ffffff
-1.03425216478073e+01, -3.7459639566654079,#ffffff
-1.03306904538174e+01, -3.7784698949978512,#ffffff
-1.03187570958578e+01, -3.8109384666619563,#ffffff
-1.03067216919418e+01, -3.8433693505641595,#ffffff
-1.02945843610919e+01, -3.8757622259836046,#ffffff
-1.02823452233387e+01, -3.9081167725753243,#ffffff
-1.02700043997193e+01, -3.9404326703733989,#ffffff
-1.02575620122768e+01, -3.9727095997941113,#ffffff
-1.02450181840584e+01, -4.0049472416391181,#ffffff
-1.02323730391146e+01, -4.0371452770986131,#ffffff
-1.02196267024980e+01, -4.0693033877544718,#ffffff
-1.02067793002616e+01, -4.1014212555833929,#ffffff
-1.01938309594581e+01, -4.1334985629600549,#ffffff
-1.01807818081385e+01, -4.1655349926602492,#ffffff
-1.01676319753504e+01, -4.1975302278640285,#ffffff
-1.01543815911374e+01, -4.2294839521588372,#ffffff
-1.01410307865375e+01, -4.2613958495426232,#ffffff
-1.01275796935815e+01, -4.2932656044269777,#ffffff
-1.01140284452923e+01, -4.3250929016402635,#ffffff
-1.01003771756830e+01, -4.3568774264307226,#ffffff
-1.00866260197561e+01, -4.3886188644695787,#ffffff
-1.00727751135019e+01, -4.4203169018541590,#ffffff
-1.00588245938968e+01, -4.4519712251110031,#ffffff
-1.00447745989028e+01, -4.4835815211989551,#ffffff
-1.00306252674654e+01, -4.5151474775122509,#ffffff
-1.00163767395124e+01, -4.5466687818836231,#ffffff
-1.00020291559528e+01, -4.5781451225873822,#ffffff
-9.98758265867501e+00, -4.6095761883425048,#ffffff
-9.97303739054578e+00, -4.6409616683157102,#ffffff
-9.95839349540856e+00, -4.6723012521245213,#ffffff
-9.94365111808218e+00, -4.7035946298403575,#ffffff
-9.92881040435937e+00, -4.7348414919915784,#ffffff
-9.91387150100539e+00, -4.7660415295665510,#ffffff
-9.89883455575650e+00, -4.7971944340167205,#ffffff
-9.88369971731854e+00, -4.8282998972596332,#ffffff
-9.86846713536545e+00, -4.8593576116820136,#ffffff
-9.85313696053781e+00, -4.8903672701427761,#ffffff
-9.83770934444130e+00, -4.9213285659760944,#ffffff
-9.82218443964526e+00, -4.9522411929944026,#ffffff
-9.80656239968112e+00, -4.9831048454914528,#ffffff
-9.79084337904097e+00, -5.0139192182453094,#ffffff
-9.77502753317592e+00, -5.0446840065213969,#ffffff
-9.75911501849465e+00, -5.0753989060754847,#ffffff
-9.74310599236182e+00, -5.1060636131567243,#ffffff
-9.72700061309656e+00, -5.1366778245106275,#ffffff
-9.71079903997082e+00, -5.1672412373820764,#ffffff
-9.69450143320788e+00, -5.1977535495183300,#ffffff
-9.67810795398072e+00, -5.2282144591719861,#ffffff
-9.66161876441046e+00, -5.2586236651039950,#ffffff
-9.64503402756469e+00, -5.2889808665866083,#ffffff
-9.62835390745594e+00, -5.3192857634063868,#ffffff
-9.61157856904002e+00, -5.3495380558671304,#ffffff
-9.59470817821435e+00, -5.3797374447928838,#ffffff
-9.57774290181641e+00, -5.4098836315308549,#ffffff
-9.56068290762199e+00, -5.4399763179544038,#ffffff
-9.54352836434362e+00, -5.4700152064659608,#ffffff
-9.52627944162883e+00, -5.4999999999999973,#ffffff
-9.50893631005851e+00, -5.5299304020259390,#ffffff
-9.49149914114524e+00, -5.5598061165511066,#ffffff
-9.47396810733154e+00, -5.5896268481236611,#ffffff
-9.45634338198820e+00, -5.6193923018354921,#ffffff
-9.43862513941256e+00, -5.6491021833251667,#ffffff
-9.42081355482681e+00, -5.6787561987808131,#ffffff
-9.40290880437619e+00, -5.7083540549430518,#ffffff
-9.38491106512732e+00, -5.7378954591078708,#ffffff
-9.36682051506643e+00, -5.7673801191295455,#ffffff
-9.34863733309755e+00, -5.7968077434235017,#ffffff
-9.33036169904083e+00, -5.8261780409692232,#ffffff
-9.31199379363067e+00, -5.8554907213131084,#ffffff
-9.29353379851400e+00, -5.8847454945713658,#ffffff
-9.27498189624845e+00, -5.9139420714328583,#ffffff
-9.25633827030055e+00, -5.9430801631619730,#ffffff
-9.23760310504394e+00, -5.9721594816014907,#ffffff
-9.21877658575749e+00, -6.0011797391754076,#ffffff
-9.19985889862354e+00, -6.0301406488918063,#ffffff
-9.18085023072599e+00, -6.0590419243456699,#ffffff
-9.16175077004851e+00, -6.0878832797217406,#ffffff
-9.14256070547263e+00, -6.1166644297973196,#ffffff
-9.12328022677591e+00, -6.1453850899451101,#ffffff
-9.10390952463005e+00, -6.1740449761360123,#ffffff
-9.08444879059898e+00, -6.2026438049419541,#ffffff
-9.06489821713701e+00, -6.2311812935386683,#ffffff
-9.04525799758690e+00, -6.2596571597085182,#ffffff
-9.02552832617796e+00, -6.2880711218432648,#ffffff
-9.00570939802411e+00, -6.3164228989468558,#ffffff
-8.98580140912196e+00, -6.3447122106382263,#ffffff
-8.96580455634889e+00, -6.3729387771540322,#ffffff
-8.94571903746106e+00, -6.4011023193514642,#ffffff
-8.92554505109153e+00, -6.4292025587109611,#ffffff
-8.90528279674819e+00, -6.4572392173390032,#ffffff
-8.88493247481188e+00, -6.4852120179708299,#ffffff
-8.86449428653436e+00, -6.5131206839732103,#ffffff
-8.84396843403635e+00, -6.5409649393471483,#ffffff
-8.82335512030548e+00, -6.5687445087306457,#ffffff
-8.80265454919435e+00, -6.5964591174013929,#ffffff
-8.78186692541847e+00, -6.6241084912795021,#ffffff
-8.76099245455422e+00, -6.6516923569302282,#ffffff
-8.74003134303688e+00, -6.6792104415666458,#ffffff
-8.71898379815853e+00, -6.7066624730523756,#ffffff
-8.69785002806603e+00, -6.7340481799042458,#ffffff
-8.67663024175895e+00, -6.7613672912950138,#ffffff
-8.65532464908749e+00, -6.7886195370560030,#ffffff
-8.63393346075045e+00, -6.8158046476798138,#ffffff
-8.61245688829310e+00, -6.8429223543229520,#ffffff
-8.59089514410509e+00, -6.8699723888085256,#ffffff
-8.56924844141841e+00, -6.8969544836288579,#ffffff
-8.54751699430517e+00, -6.9238683719481715,#ffffff
-8.52570101767562e+00, -6.9507137876051930,#ffffff
-8.50380072727590e+00, -6.9774904651158023,#ffffff
-8.48181633968597e+00, -7.0041981396756654,#ffffff
-8.45974807231749e+00, -7.0308365471628314,#ffffff
-8.43759614341159e+00, -7.0574054241403701,#ffffff
-8.41536077203679e+00, -7.0839045078589482,#ffffff
-8.39304217808680e+00, -7.1103335362594606,#ffffff
-8.37064058227835e+00, -7.1366922479755868,#ffffff
-8.34815620614898e+00, -7.1629803823364115,#ffffff
-8.32558927205491e+00, -7.1891976793689683,#ffffff
-8.30294000316879e+00, -7.2153438798008409,#ffffff
-8.28020862347751e+00, -7.2414187250627027,#ffffff
-8.25739535777997e+00, -7.2674219572908942,#ffffff
-8.23450043168490e+00, -7.2933533193299525,#ffffff
-8.21152407160858e+00, -7.3192125547351692,#ffffff
-8.18846650477261e+00, -7.3449994077751324,#ffffff
-8.16532795920170e+00, -7.3707136234342281,#ffffff
-8.14210866372138e+00, -7.3963549474151957,#ffffff
-8.11880884795573e+00, -7.4219231261416141,#ffffff
-8.09542874232514e+00, -7.4474179067604380,#ffffff
-8.07196857804401e+00, -7.4728390371444631,#ffffff
-8.04842858711846e+00, -7.4981862658948595,#ffffff
-8.02480900234408e+00, -7.5234593423436182,#ffffff
-8.00111005730354e+00, -7.5486580165560673,#ffffff
-7.97733198636437e+00, -7.5737820393333095,#ffffff
-7.95347502467660e+00, -7.5988311622147187,#ffffff
-7.92953940817044e+00, -7.6238051374803675,#ffffff
-7.90552537355392e+00, -7.6487037181534943,#ffffff
-7.88143315831062e+00, -7.6735266580029515,#ffffff
-7.85726300069723e+00, -7.6982737115456157,#ffffff
-7.83301513974128e+00, -7.7229446340488463,#ffffff
-7.80868981523872e+00, -7.7475391815328774,#ffffff
-7.78428726775155e+00, -7.7720571107732539,#ffffff
-7.75980773860549e+00, -7.7964981793032173,#ffffff
-7.73525146988752e+00, -7.8208621454161236,#ffffff
-7.71061870444358e+00, -7.8451487681678085,#ffffff
-7.68590968587604e+00, -7.8693578073790000,#ffffff
-7.66112465854144e+00, -7.8934890236376614,#ffffff
-7.63626386754795e+00, -7.9175421783013959,#ffffff
-7.61132755875301e+00, -7.9415170334997685,#ffffff
-7.58631597876088e+00, -7.9654133521366797,#ffffff
-7.56122937492021e+00, -7.9892308978927167,#ffffff
-7.53606799532159e+00, -8.0129694352274665,#ffffff
-7.51083208879508e+00, -8.0366287293818743,#ffffff
-7.48552190490778e+00, -8.0602085463805331,#ffffff
-7.46013769396133e+00, -8.0837086530340336,#ffffff
-7.43467970698947e+00, -8.1071288169412306,#ffffff
-7.40914819575553e+00, -8.1304688064915798,#ffffff
-7.38354341274993e+00, -8.1537283908673999,#ffffff
-7.35786561118774e+00, -8.1769073400461689,#ffffff
-7.33211504500610e+00, -8.2000054248027929,#ffffff
-7.30629196886176e+00, -8.2230224167118866,#ffffff
-7.28039663812855e+00, -8.2459580881500081,#ffffff
-7.25442930889486e+00, -8.2688122122979237,#ffffff
-7.22839023796107e+00, -8.2915845631428642,#ffffff
-7.20227968283709e+00, -8.3142749154807287,#ffffff
-7.17609790173970e+00, -8.3368830449183484,#ffffff
-7.14984515359011e+00, -8.3594087278756728,#ffffff
-7.12352169801133e+00, -8.3818517415879974,#ffffff
-7.09712779532563e+00, -8.4042118641081593,#ffffff
-7.07066370655193e+00, -8.4264888743087560,#ffffff
-7.04412969340329e+00, -8.4486825518842892,#ffffff
-7.01752601828424e+00, -8.4707926773533870,#ffffff
-6.99085294428823e+00, -8.4928190320609449,#ffffff
-6.96411073519504e+00, -8.5147613981802941,#ffffff
-6.93729965546813e+00, -8.5366195587153673,#ffffff
-6.91041997025206e+00, -8.5583932975028354,#ffffff
-6.88347194536986e+00, -8.5800823992142430,#ffffff
-6.85645584732039e+00, -8.6016866493581396,#ffffff
-6.82937194327568e+00, -8.6232058342822224,#ffffff
-6.80222050107838e+00, -8.6446397411753964,#ffffff
-6.77500178923898e+00, -8.6659881580699505,#ffffff
-6.74771607693328e+00, -8.6872508738435830,#ffffff
-6.72036363399966e+00, -8.7084276782215380,#ffffff
-6.69294473093639e+00, -8.7295183617786627,#ffffff
-6.66545963889903e+00, -8.7505227159414893,#ffffff
-6.63790862969769e+00, -8.7714405329902849,#ffffff
-6.61029197579436e+00, -8.7922716060611297,#ffffff
-6.58260995030020e+00, -8.8130157291479314,#ffffff
-6.55486282697288e+00, -8.8336726971044772,#ffffff
-6.52705088021383e+00, -8.8542423056464798,#ffffff
-6.49917438506554e+00, -8.8747243513535636,#ffffff
-6.47123361720886e+00, -8.8951186316713038,#ffffff
-6.44322885296023e+00, -8.9154249449132124,#ffffff
-6.41516036926900e+00, -8.9356430902627455,#ffffff
-6.38702844371467e+00, -8.9557728677752788,#ffffff
-6.35883335450408e+00, -8.9758140783800986,#ffffff
-6.33057538046880e+00, -8.9957665238823488,#ffffff
-6.30225480106223e+00, -9.0156300069650221,#ffffff
-6.27387189635692e+00, -9.0354043311908736,#ffffff
-6.24542694704179e+00, -9.0550893010043954,#ffffff
-6.21692023441932e+00, -9.0746847217337319,#ffffff
-6.18835204040281e+00, -9.0941903995926108,#ffffff
-6.15972264751355e+00, -9.1136061416822649,#ffffff
-6.13103233887807e+00, -9.1329317559933259,#ffffff
-6.10228139822529e+00, -9.1521670514077478,#ffffff
-6.07347010988378e+00, -9.1713118377006619,#ffffff
-6.04459875877887e+00, -9.1903659255422969,#ffffff
-6.01566763042991e+00, -9.2093291264998136,#ffffff
-5.98667701094737e+00, -9.2282012530391988,#ffffff
-5.95762718703009e+00, -9.2469821185270984,#ffffff
-5.92851844596238e+00, -9.2656715372326808,#ffffff
-5.89935107561121e+00, -9.2842693243294505,#ffffff
-5.87012536442335e+00, -9.3027752958971153,#ffffff
-5.84084160142253e+00, -9.3211892689233586,#ffffff
-5.81150007620657e+00, -9.3395110613056715,#ffffff
-5.78210107894453e+00, -9.3577404918531730,#ffffff
-5.75264490037383e+00, -9.3758773802883617,#ffffff
-5.72313183179737e+00, -9.3939215472489277,#ffffff
-5.69356216508066e+00, -9.4118728142895129,#ffffff
-5.66393619264894e+00, -9.4297310038834858,#ffffff
-5.63425420748426e+00, -9.4474959394246838,#ffffff
-5.60451650312261e+00, -9.4651674452291825,#ffffff
-5.57472337365101e+00, -9.4827453465370013,#ffffff
-5.54487511370458e+00, -9.5002294695138634,#ffffff
-5.51497201846367e+00, -9.5176196412528888,#ffffff
-5.48501438365091e+00, -9.5349156897763194,#ffffff
-5.45500250552829e+00, -9.5521174440372185,#ffffff
-5.42493668089422e+00, -9.5692247339211569,#ffffff
-5.39481720708062e+00, -9.5862373902478986,#ffffff
-5.36464438194998e+00, -9.6031552447730668,#ffffff
-5.33441850389237e+00, -9.6199781301898355,#ffffff
-5.30413987182253e+00, -9.6367058801305348,#ffffff
-5.27380878517691e+00, -9.6533383291683492,#ffffff
-5.24342554391071e+00, -9.6698753128189150,#ffffff
-5.21299044849488e+00, -9.6863166675419592,#ffffff
-5.18250379991320e+00, -9.7026622307429253,#ffffff
-5.15196589965926e+00, -9.7189118407745667,#ffffff
-5.12137704973353e+00, -9.7350653369385629,#ffffff
-5.09073755264029e+00, -9.7511225594870830,#ffffff
-5.06004771138472e+00, -9.7670833496244018,#ffffff
-5.02930782946988e+00, -9.7829475495084299,#ffffff
-4.99851821089366e+00, -9.7987150022523100,#ffffff
-4.96767916014585e+00, -9.8143855519259393,#ffffff
-4.93679098220509e+00, -9.8299590435575332,#ffffff
-4.90585398253584e+00, -9.8454353231351472,#ffffff
-4.87486846708539e+00, -9.8608142376081993,#ffffff
-4.84383474228082e+00, -9.8760956348889870,#ffffff
-4.81275311502595e+00, -9.8912793638542027,#ffffff
-4.78162389269836e+00, -9.9063652743463972,#ffffff
-4.75044738314628e+00, -9.9213532171755006,#ffffff
-4.71922389468560e+00, -9.9362430441202729,#ffffff
-4.68795373609679e+00, -9.9510346079297758,#ffffff
-4.65663721662188e+00, -9.9657277623248390,#ffffff
-4.62527464596136e+00, -9.9803223619994874,#ffffff
-4.59386633427113e+00, -9.9948182626224025,#ffffff
-4.56241259215948e+00,-10.0092153208383223,#ffffff
-4.53091373068392e+00,-10.0235133942694912,#ffffff
-4.49937006134821e+00,-10.0377123415170342,#ffffff
-4.46778189609920e+00,-10.0518120221623821,#ffffff
-4.43614954732380e+00,-10.0658122967686445,#ffffff
-4.40447332784584e+00,-10.0797130268819934,#ffffff
-4.37275355092304e+00,-10.0935140750330312,#ffffff
-4.34099053024385e+00,-10.1072153047381583,#ffffff
-4.30918457992437e+00,-10.1208165805009056,#ffffff
-4.27733601450527e+00,-10.1343177678132932,#ffffff
-4.24544514894862e+00,-10.1477187331571539,#ffffff
-4.21351229863485e+00,-10.1610193440054442,#ffffff
-4.18153777935957e+00,-10.1742194688235728,#ffffff
-4.14952190733047e+00,-10.1873189770706833,#ffffff
-4.11746499916421e+00,-10.2003177392009547,#ffffff
-4.08536737188325e+00,-10.2132156266648835,#ffffff
-4.05322934291275e+00,-10.2260125119105485,#ffffff
-4.02105123007741e+00,-10.2387082683848796,#ffffff
-3.98883335159834e+00,-10.2513027705349113,#ffffff
-3.95657602608990e+00,-10.2637958938090073,#ffffff
-3.92427957255656e+00,-10.2761875146581154,#ffffff
-3.89194431038973e+00,-10.2884775105369695,#ffffff
-3.85957055936464e+00,-10.3006657599053142,#ffffff
-3.82715863963712e+00,-10.3127521422291011,#ffffff
-3.79470887174050e+00,-10.3247365379816820,#ffffff
-3.76222157658235e+00,-10.3366188286449923,#ffffff
-3.72969707544143e+00,-10.3483988967107194,#ffffff
-3.69713568996438e+00,-10.3600766256814723,#ffffff
-3.66453774216264e+00,-10.3716519000719227,#ffffff
-3.63190355440921e+00,-10.3831246054099609,#ffffff
-3.59923344943549e+00,-10.3944946282378083,#ffffff
-3.56652775032808e+00,-10.4057618561131662,#ffffff
-3.53378678052558e+00,-10.4169261776102946,#ffffff
-3.50101086381539e+00,-10.4279874823211500,#ffffff
-3.46820032433052e+00,-10.4389456608564473,#ffffff
-3.43535548654639e+00,-10.4498006048467573,#ffffff
-3.40247667527756e+00,-10.4605522069435786,#ffffff
-3.36956421567463e+00,-10.4712003608203883,#ffffff
-3.33661843322090e+00,-10.4817449611737121,#ffffff
-3.30363965372926e+00,-10.4921859037241436,#ffffff
-3.27062820333890e+00,-10.5025230852173870,#ffffff
-3.23758440851210e+00,-10.5127564034252856,#ffffff
-3.20450859603102e+00,-10.5228857571468151,#ffffff
-3.17140109299445e+00,-10.5329110462090973,#ffffff
-3.13826222681455e+00,-10.5428321714683939,#ffffff
-3.10509232521370e+00,-10.5526490348110684,#ffffff
-3.07189171622114e+00,-10.5623615391545815,#ffffff
-3.03866072816983e+00,-10.5719695884484288,#ffffff
-3.00539968969313e+00,-10.5814730876751018,#ffffff
-2.97210892972161e+00,-10.5908719428510274,#ffffff
-2.93878877747973e+00,-10.6001660610274957,#ffffff
-2.90543956248267e+00,-10.6093553502915778,#ffffff
-2.87206161453298e+00,-10.6184397197670357,#ffffff
-2.83865526371736e+00,-10.6274190796152261,#ffffff
-2.80522084040343e+00,-10.6362933410359783,#ffffff
-2.77175867523639e+00,-10.6450624162684857,#ffffff
-2.73826909913581e+00,-10.6537262185921566,#ffffff
-2.70475244329236e+00,-10.6622846623274903,#ffffff
-2.67120903916446e+00,-10.6707376628369079,#ffffff
-2.63763921847509e+00,-10.6790851365256056,#ffffff
-2.60404331320847e+00,-10.6873270008423642,#ffffff
-2.57042165560678e+00,-10.6954631742803787,#ffffff
-2.53677457816684e+00,-10.7034935763780616,#ffffff
-2.50310241363692e+00,-10.7114181277198313,#ffffff
-2.46940549501331e+00,-10.7192367499369148,#ffffff
-2.43568415553716e+00,-10.7269493657080925,#ffffff
-2.40193872869110e+00,-10.7345558987604957,#ffffff
-2.36816954819599e+00,-10.7420562738703431,#ffffff
-2.33437694800759e+00,-10.7494504168636826,#ffffff
-2.30056126231325e+00,-10.7567382546171348,#ffffff
-2.26672282552862e+00,-10.7639197150586163,#ffffff
-2.23286197229439e+00,-10.7709947271680360,#ffffff
-2.19897903747286e+00,-10.7779632209780214,#ffffff
-2.16507435614477e+00,-10.7848251275745923,#ffffff
-2.13114826360588e+00,-10.7915803790978480,#ffffff
-2.09720109536371e+00,-10.7982289087426384,#ffffff
-2.06323318713421e+00,-10.8047706507592292,#ffffff
-2.02924487483841e+00,-10.8112055404539422,#ffffff
-1.99523649459917e+00,-10.8175335141898046,#ffffff
-1.96120838273774e+00,-10.8237545093871770,#ffffff
-1.92716087577057e+00,-10.8298684645243597,#ffffff
-1.89309431040587e+00,-10.8358753191382249,#ffffff
-1.85900902354035e+00,-10.8417750138247921,#ffffff
-1.82490535225585e+00,-10.8475674902398254,#ffffff
-1.79078363381604e+00,-10.8532526910994118,#ffffff
-1.75664420566304e+00,-10.8588305601805235,#ffffff
-1.72248740541413e+00,-10.8643010423215767,#ffffff
-1.68831357085838e+00,-10.8696640834229736,#ffffff
-1.65412303995331e+00,-10.8749196304476499,#ffffff
-1.61991615082156e+00,-10.8800676314215750,#ffffff
-1.58569324174755e+00,-10.8851080354342908,#ffffff
-1.55145465117412e+00,-10.8900407926394021,#ffffff
-1.51720071769919e+00,-10.8948658542550696,#ffffff
-1.48293178007243e+00,-10.8995831725645012,#ffffff
-1.44864817719186e+00,-10.9041927009164095,#ffffff
-1.41435024810056e+00,-10.9086943937254865,#ffffff
-1.38003833198326e+00,-10.9130882064728514,#ffffff
-1.34571276816303e+00,-10.9173740957064851,#ffffff
-1.31137389609792e+00,-10.9215520190416608,#ffffff
-1.27702205537754e+00,-10.9256219351613719,#ffffff
-1.24265758571981e+00,-10.9295838038167314,#ffffff
-1.20828082696750e+00,-10.9334375858273738,#ffffff
-1.17389211908495e+00,-10.9371832430818419,#ffffff
-1.13949180215463e+00,-10.9408207385379637,#ffffff
-1.10508021637385e+00,-10.9443500362232164,#ffffff
-1.07065770205133e+00,-10.9477711012350891,#ffffff
-1.03622459960390e+00,-10.9510838997414197,#ffffff
-1.00178124955306e+00,-10.9542883989807347,#ffffff
-9.67327992521680e-01,-10.9573845672625723,#ffffff
-9.32865169230605e-01,-10.9603723739677914,#ffffff
-8.98393120495275e-01,-10.9632517895488810,#ffffff
-8.63912187222365e-01,-10.9660227855302530,#ffffff
-8.29422710406415e-01,-10.9686853345085105,#ffffff
-7.94925031126462e-01,-10.9712394101527373,#ffffff
-7.60419490542633e-01,-10.9736849872047486,#ffffff
-7.25906429892836e-01,-10.9760220414793377,#ffffff
-6.91386190489309e-01,-10.9782505498645229,#ffffff
-6.56859113715314e-01,-10.9803704903217696,#ffffff
-6.22325541021719e-01,-10.9823818418862125,#ffffff
-5.87785813923633e-01,-10.9842845846668649,#ffffff
-5.53240273997027e-01,-10.9860786998468072,#ffffff
-5.18689262875369e-01,-10.9877641696833752,#ffffff
-4.84133122246202e-01,-10.9893409775083484,#ffffff
-4.49572193847829e-01,-10.9908091077280954,#ffffff
-4.15006819465898e-01,-10.9921685458237395,#ffffff
-3.80437340929998e-01,-10.9934192783513041,#ffffff
-3.45864100110332e-01,-10.9945612929418370,#ffffff
-3.11287438914302e-01,-10.9955945783015370,#ffffff
-2.76707699283135e-01,-10.9965191242118721,#ffffff
-2.42125223188501e-01,-10.9973349215296672,#ffffff
-2.07540352629144e-01,-10.9980419621872052,#ffffff
-1.72953429627454e-01,-10.9986402391923015,#ffffff
-1.38364796226163e-01,-10.9991297466283804,#ffffff
-1.03774794484873e-01,-10.9995104796545213,#ffffff
-6.91837664767518e-02,-10.9997824345055157,#ffffff
-3.45920542851042e-02,-10.9999456084919043,#ffffff
-2.02060048380692e-15,-11.0000000000000000,#ffffff
 0.00000000000000e+00,-11.0000000000000000,#ffffff
 0.00000000000000e+00,-11.1667000000000005,#ffffff
-1.98997920192959e-15,-10.8332999999999995,#ffffff
-3.40678274260745e-02,-10.8332464327704852,#ffffff
-6.81353179429632e-02,-10.8330857316116909,#ffffff
-1.02202134644806e-01,-10.8328178981128467,#ffffff
-1.36267940632435e-01,-10.8324429349226570,#ffffff
-1.70332399016646e-01,-10.8319608457492684,#ffffff
-2.04395172921573e-01,-10.8313716353602398,#ffffff
-2.38455925487999e-01,-10.8306753095824853,#ffffff
-2.72514319876726e-01,-10.8298718753022243,#ffffff
-3.06570019271846e-01,-10.8289613404649128,#ffffff
-3.40622686884114e-01,-10.8279437140751629,#ffffff
-3.74671985954258e-01,-10.8268190061966525,#ffffff
-4.08717579756346e-01,-10.8255872279520293,#ffffff
-4.42759131601063e-01,-10.8242483915227972,#ffffff
-4.76796304839071e-01,-10.8228025101491987,#ffffff
-5.10828762864339e-01,-10.8212495981300822,#ffffff
-5.44856169117454e-01,-10.8195896708227632,#ffffff
-5.78878187088990e-01,-10.8178227446428679,#ffffff
-6.12894480322781e-01,-10.8159488370641732,#ffffff
-6.46904712419283e-01,-10.8139679666184385,#ffffff
-6.80908547038884e-01,-10.8118801528952115,#ffffff
-7.14905647905268e-01,-10.8096854165416456,#ffffff
-7.48895678808682e-01,-10.8073837792622918,#ffffff
-7.82878303609300e-01,-10.8049752638188767,#ffffff
-8.16853186240529e-01,-10.8024598940300951,#ffffff
-8.50819990712368e-01,-10.7998376947713517,#ffffff
-8.84778381114678e-01,-10.7971086919745360,#ffffff
-9.18728021620538e-01,-10.7942729126277523,#ffffff
-9.52668576489556e-01,-10.7913303847750566,#ffffff
-9.86599710071185e-01,-10.7882811375161811,#ffffff
-1.02052108680807e+00,-10.7851252010062488,#ffffff
-1.05443237123934e+00,-10.7818626064554621,#ffffff
-1.08833322800390e+00,-10.7784933861288152,#ffffff
-1.12222332184380e+00,-10.7750175733457567,#ffffff
-1.15610231760754e+00,-10.7714352024798643,#ffffff
-1.18996988025337e+00,-10.7677463089585181,#ffffff
-1.22382567485258e+00,-10.7639509292625277,#ffffff
-1.25766936659285e+00,-10.7600491009257908,#ffffff
-1.29150062078159e+00,-10.7560408625349115,#ffffff
-1.32531910284914e+00,-10.7519262537288238,#ffffff
-1.35912447835221e+00,-10.7477053151983952,#ffffff
-1.39291641297707e+00,-10.7433780886860291,#ffffff
-1.42669457254296e+00,-10.7389446169852487,#ffffff
-1.46045862300533e+00,-10.7344049439402731,#ffffff
-1.49420823045915e+00,-10.7297591144455851,#ffffff
-1.52794306114223e+00,-10.7250071744454925,#ffffff
-1.56166278143851e+00,-10.7201491709336647,#ffffff
-1.59536705788138e+00,-10.7151851519526673,#ffffff
-1.62905555715692e+00,-10.7101151665935017,#ffffff
-1.66272794610728e+00,-10.7049392649951010,#ffffff
-1.69638389173390e+00,-10.6996574983438482,#ffffff
-1.73002306120086e+00,-10.6942699188730597,#ffffff
-1.76364512183812e+00,-10.6887765798624770,#ffffff
-1.79724974114485e+00,-10.6831775356377356,#ffffff
-1.83083658679269e+00,-10.6774728415698288,#ffffff
-1.86440532662907e+00,-10.6716625540745600,#ffffff
-1.89795562868047e+00,-10.6657467306119784,#ffffff
-1.93148716115570e+00,-10.6597254296858264,#ffffff
-1.96499959244920e+00,-10.6535987108429460,#ffffff
-1.99849259114427e+00,-10.6473666346726983,#ffffff
-2.03196582601646e+00,-10.6410292628063594,#ffffff
-2.06541896603670e+00,-10.6345866579165111,#ffffff
-2.09885168037469e+00,-10.6280388837164281,#ffffff
-2.13226363840209e+00,-10.6213860049594402,#ffffff
-2.16565450969588e+00,-10.6146280874382928,#ffffff
-2.19902396404152e+00,-10.6077651979844987,#ffffff
-2.23237167143629e+00,-10.6007974044676807,#ffffff
-2.26569730209255e+00,-10.5937247757948914,#ffffff
-2.29900052644096e+00,-10.5865473819099378,#ffffff
-2.33228101513379e+00,-10.5792652937926892,#ffffff
-2.36553843904812e+00,-10.5718785834583713,#ffffff
-2.39877246928915e+00,-10.5643873239568613,#ffffff
-2.43198277719341e+00,-10.5567915893719615,#ffffff
-2.46516903433206e+00,-10.5490914548206618,#ffffff
-2.49833091251408e+00,-10.5412869964524045,#ffffff
-2.53146808378954e+00,-10.5333782914483276,#ffffff
-2.56458022045285e+00,-10.5253654180205061,#ffffff
-2.59766699504602e+00,-10.5172484554111669,#ffffff
-2.63072808036185e+00,-10.5090274838919164,#ffffff
-2.66376314944719e+00,-10.5007025847629443,#ffffff
-2.69677187560618e+00,-10.4922738403522189,#ffffff
-2.72975393240348e+00,-10.4837413340146721,#ffffff
-2.76270899366748e+00,-10.4751051501313714,#ffffff
-2.79563673349357e+00,-10.4663653741086939,#ffffff
-2.82853682624728e+00,-10.4575220923774754,#ffffff
-2.86140894656759e+00,-10.4485753923921578,#ffffff
-2.89425276937011e+00,-10.4395253626299240,#ffffff
-2.92706796985028e+00,-10.4303720925898205,#ffffff
-2.95985422348660e+00,-10.4211156727918794,#ffffff
-2.99261120604383e+00,-10.4117561947762134,#ffffff
-3.02533859357621e+00,-10.4022937511021230,#ffffff
-3.05803606243068e+00,-10.3927284353471627,#ffffff
-3.09070328925001e+00,-10.3830603421062317,#ffffff
-3.12333995097607e+00,-10.3732895669906373,#ffffff
-3.15594572485298e+00,-10.3634162066271447,#ffffff
-3.18852028843038e+00,-10.3534403586570125,#ffffff
-3.22106331956648e+00,-10.3433621217350478,#ffffff
-3.25357449643138e+00,-10.3331815955286146,#ffffff
-3.28605349751017e+00,-10.3228988807166555,#ffffff
-3.31850000160617e+00,-10.3125140789886860,#ffffff
-3.35091368784404e+00,-10.3020272930438050,#ffffff
-3.38329423567300e+00,-10.2914386265896685,#ffffff
-3.41564132486999e+00,-10.2807481843414674,#ffffff
-3.44795463554285e+00,-10.2699560720208822,#ffffff
-3.48023384813344e+00,-10.2590623963550556,#ffffff
-3.51247864342084e+00,-10.2480672650755231,#ffffff
-3.54468870252450e+00,-10.2369707869171496,#ffffff
-3.57686370690738e+00,-10.2257730716170681,#ffffff
-3.60900333837913e+00,-10.2144742299135629,#ffffff
-3.64110727909919e+00,-10.2030743735450073,#ffffff
-3.67317521157997e+00,-10.1915736152487479,#ffffff
-3.70520681868996e+00,-10.1799720687599820,#ffffff
-3.73720178365694e+00,-10.1682698488106329,#ffffff
-3.76915979007099e+00,-10.1564670711282279,#ffffff
-3.80108052188772e+00,-10.1445638524347483,#ffffff
-3.83296366343137e+00,-10.1325603104454682,#ffffff
-3.86480889939790e+00,-10.1204565638677977,#ffffff
-3.89661591485815e+00,-10.1082527324001052,#ffffff
-3.92838439526094e+00,-10.0959489367305313,#ffffff
-3.96011402643615e+00,-10.0835452985358103,#ffffff
-3.99180449459788e+00,-10.0710419404800504,#ffffff
-4.02345548634753e+00,-10.0584389862135151,#ffffff
-4.05506668867688e+00,-10.0457365603714255,#ffffff
-4.08663778897120e+00,-10.0329347885727120,#ffffff
-4.11816847501236e+00,-10.0200337974187672,#ffffff
-4.14965843498190e+00,-10.0070337144922021,#ffffff
-4.18110735746410e+00, -9.9939346683555819,#ffffff
-4.21251493144908e+00, -9.9807367885501588,#ffffff
-4.24388084633588e+00, -9.9674402055945865,#ffffff
-4.27520479193552e+00, -9.9540450509836251,#ffffff
-4.30648645847406e+00, -9.9405514571868494,#ffffff
-4.33772553659567e+00, -9.9269595576473346,#ffffff
-4.36892171736572e+00, -9.9132694867803401,#ffffff
-4.40007469227376e+00, -9.8994813799719790,#ffffff
-4.43118415323668e+00, -9.8855953735778659,#ffffff
-4.46224979260165e+00, -9.8716116049217888,#ffffff
-4.49327130314921e+00, -9.8575302122943445,#ffffff
-4.52424837809632e+00, -9.8433513349515689,#ffffff
-4.55518071109938e+00, -9.8290751131135501,#ffffff
-4.58606799625726e+00, -9.8147016879630602,#ffffff
-4.61690992811431e+00, -9.8002312016441486,#ffffff
-4.64770620166341e+00, -9.7856637972607405,#ffffff
-4.67845651234895e+00, -9.7709996188752175,#ffffff
-4.70916055606991e+00, -9.7562388115069876,#ffffff
-4.73981802918278e+00, -9.7413815211310677,#ffffff
-4.77042862850462e+00, -9.7264278946766236,#ffffff
-4.80099205131601e+00, -9.7113780800255363,#ffffff
-4.83150799536413e+00, -9.6962322260109080,#ffffff
-4.86197615886567e+00, -9.6809904824156199,#ffffff
-4.89239624050982e+00, -9.6656529999708436,#ffffff
-4.92276793946129e+00, -9.6502199303545435,#ffffff
-4.95309095536327e+00, -9.6346914261899741,#ffffff
-4.98336498834037e+00, -9.6190676410441842,#ffffff
-5.01358973900164e+00, -9.6033487294264930,#ffffff
-5.04376490844347e+00, -9.5875348467869568,#ffffff
-5.07389019825261e+00, -9.5716261495148292,#ffffff
-5.10396531050906e+00, -9.5556227949370296,#ffffff
-5.13398994778905e+00, -9.5395249413165732,#ffffff
-5.16396381316799e+00, -9.5233327478510130,#ffffff
-5.19388661022336e+00, -9.5070463746708676,#ffffff
-5.22375804303772e+00, -9.4906659828380153,#ffffff
-5.25357781620156e+00, -9.4741917343441386,#ffffff
-5.28334563481625e+00, -9.4576237921090964,#ffffff
-5.31306120449696e+00, -9.4409623199793220,#ffffff
-5.34272423137558e+00, -9.4242074827261870,#ffffff
-5.37233442210360e+00, -9.4073594460443992,#ffffff
-5.40189148385504e+00, -9.3904183765503451,#ffffff
-5.43139512432932e+00, -9.3733844417804466,#ffffff
-5.46084505175415e+00, -9.3562578101895078,#ffffff
-5.49024097488849e+00, -9.3390386511490302,#ffffff
-5.51958260302529e+00, -9.3217271349455739,#ffffff
-5.54886964599448e+00, -9.3043234327790394,#ffffff
-5.57810181416579e+00, -9.2868277167609961,#ffffff
-5.60727881845167e+00, -9.2692401599129610,#ffffff
-5.63640037031004e+00, -9.2515609361647098,#ffffff
-5.66546618174726e+00, -9.2337902203525370,#ffffff
-5.69447596532089e+00, -9.2159281882175428,#ffffff
-5.72342943414260e+00, -9.1979750164038894,#ffffff
-5.75232630188097e+00, -9.1799308824570378,#ffffff
-5.78116628276431e+00, -9.1617959648220193,#ffffff
-5.80994909158353e+00, -9.1435704428416624,#ffffff
-5.83867444369493e+00, -9.1252544967547990,#ffffff
-5.86734205502301e+00, -9.1068483076945110,#ffffff
-5.89595164206329e+00, -9.0883520576863219,#ffffff
-5.92450292188512e+00, -9.0697659296464028,#ffffff
-5.95299561213446e+00, -9.0510901073797640,#ffffff
-5.98142943103672e+00, -9.0323247755784219,#ffffff
-6.00980409739946e+00, -9.0134701198195959,#ffffff
-6.03811933061525e+00, -8.9945263265638626,#ffffff
-6.06637485066441e+00, -8.9754935831533160,#ffffff
-6.09457037811779e+00, -8.9563720778096929,#ffffff
-6.12270563413953e+00, -8.9371619996325489,#ffffff
-6.15078034048980e+00, -8.9178635385973557,#ffffff
-6.17879421952758e+00, -8.8984768855536451,#ffffff
-6.20674699421339e+00, -8.8790022322231117,#ffffff
-6.23463838811205e+00, -8.8594397711977013,#ffffff
-6.26246812539537e+00, -8.8397896959377373,#ffffff
-6.29023593084492e+00, -8.8200522007699931,#ffffff
-6.31794152985472e+00, -8.8002274808857628,#ffffff
-6.34558464843401e+00, -8.7803157323389360,#ffffff
-6.37316501320988e+00, -8.7603171520440650,#ffffff
-6.40068235143005e+00, -8.7402319377744142,#ffffff
-6.42813639096550e+00, -8.7200602881599991,#ffffff
-6.45552686031320e+00, -8.6998024026856360,#ffffff
-6.48285348859883e+00, -8.6794584816889344,#ffffff
-6.51011600557936e+00, -8.6590287263583665,#ffffff
-6.53731414164581e+00, -8.6385133387312472,#ffffff
-6.56444762782589e+00, -8.6179125216917214,#ffffff
-6.59151619578665e+00, -8.5972264789687980,#ffffff
-6.61851957783713e+00, -8.5764554151343066,#ffffff
-6.64545750693103e+00, -8.5555995356008800,#ffffff
-6.67232971666932e+00, -8.5346590466199324,#ffffff
-6.69913594130294e+00, -8.5136341552795898,#ffffff
-6.72587591573531e+00, -8.4925250695026904,#ffffff
-6.75254937552509e+00, -8.4713319980446844,#ffffff
-6.77915605688867e+00, -8.4500551504916057,#ffffff
-6.80569569670288e+00, -8.4286947372579508,#ffffff
-6.83216803250754e+00, -8.4072509695846538,#ffffff
-6.85857280250804e+00, -8.3857240595369618,#ffffff
-6.88490974557797e+00, -8.3641142200023477,#ffffff
-6.91117860126169e+00, -8.3424216646884108,#ffffff
-6.93737910977689e+00, -8.3206466081207395,#ffffff
-6.96351101201719e+00, -8.2987892656408224,#ffffff
-6.98957404955465e+00, -8.2768498534039008,#ffffff
-7.01556796464238e+00, -8.2548285883768404,#ffffff
-7.04149250021707e+00, -8.2327256883359556,#ffffff
-7.06734739990152e+00, -8.2105413718649043,#ffffff
-7.09313240800718e+00, -8.1882758583524922,#ffffff
-7.11884726953670e+00, -8.1659293679905076,#ffffff
-7.14449173018642e+00, -8.1435021217715562,#ffffff
-7.17006553634891e+00, -8.1209943414868615,#ffffff
-7.19556843511546e+00, -8.0984062497240785,#ffffff
-7.22100017427859e+00, -8.0757380698651033,#ffffff
-7.24636050233455e+00, -8.0529900260838350,#ffffff
-7.27164916848580e+00, -8.0301623433439833,#ffffff
-7.29686592264349e+00, -8.0072552473968397,#ffffff
-7.32201051542991e+00, -7.9842689647790417,#ffffff
-7.34708269818103e+00, -7.9612037228103265,#ffffff
-7.37208222294885e+00, -7.9380597495912975,#ffffff
-7.39700884250398e+00, -7.9148372740011510,#ffffff
-7.42186231033795e+00, -7.8915365256954280,#ffffff
-7.44664238066574e+00, -7.8681577351037424,#ffffff
-7.47134880842820e+00, -7.8447011334274848,#ffffff
-7.49598134929445e+00, -7.8211669526375491,#ffffff
-7.52053975966429e+00, -7.7975554254720461,#ffffff
-7.54502379667063e+00, -7.7738667854339925,#ffffff
-7.56943321818190e+00, -7.7501012667889944,#ffffff
-7.59376778280441e+00, -7.7262591045629412,#ffffff
-7.61802724988477e+00, -7.7023405345396805,#ffffff
-7.64221137951225e+00, -7.6783457932586892,#ffffff
-7.66631993252117e+00, -7.6542751180127171,#ffffff
-7.69035267049323e+00, -7.6301287468454682,#ffffff
-7.71430935575993e+00, -7.6059069185492145,#ffffff
-7.73818975140485e+00, -7.5816098726624643,#ffffff
-7.76199362126604e+00, -7.5572378494675796,#ffffff
-7.78572072993834e+00, -7.5327910899883896,#ffffff
-7.80937084277571e+00, -7.5082698359878233,#ffffff
-7.83294372589355e+00, -7.4836743299655186,#ffffff
-7.85643914617101e+00, -7.4590048151554162,#ffffff
-7.87985687125331e+00, -7.4342615355233530,#ffffff
-7.90319666955400e+00, -7.4094447357646507,#ffffff
-7.92645831025731e+00, -7.3845546613017072,#ffffff
-7.94964156332037e+00, -7.3595915582815596,#ffffff
-7.97274619947554e+00, -7.3345556735734405,#ffffff
-7.99577199023262e+00, -7.3094472547663623,#ffffff
-8.01871870788117e+00, -7.2842665501666399,#ffffff
-8.04158612549271e+00, -7.2590138087954559,#ffffff
-8.06437401692301e+00, -7.2336892803863941,#ffffff
-8.08708215681428e+00, -7.2082932153829589,#ffffff
-8.10971032059745e+00, -7.1828258649361070,#ffffff
-8.13225828449434e+00, -7.1572874809017666,#ffffff
-8.15472582551989e+00, -7.1316783158383465,#ffffff
-8.17711272148440e+00, -7.1059986230042265,#ffffff
-8.19941875099568e+00, -7.0802486563552618,#ffffff
-8.22164369346125e+00, -7.0544286705422765,#ffffff
-8.24378732909054e+00, -7.0285389209085416,#ffffff
-8.26584943889707e+00, -7.0025796634872375,#ffffff
-8.28782980470056e+00, -6.9765511549989441,#ffffff
-8.30972820912916e+00, -6.9504536528490783,#ffffff
-8.33154443562155e+00, -6.9242874151253728,#ffffff
-8.35327826842910e+00, -6.8980527005953070,#ffffff
-8.37492949261799e+00, -6.8717497687035500,#ffffff
-8.39649789407139e+00, -6.8453788795693935,#ffffff
-8.41798325949148e+00, -6.8189402939841930,#ffffff
-8.43938537640163e+00, -6.7924342734087766,#ffffff
-8.46070403314852e+00, -6.7658610799708541,#ffffff
-8.48193901890414e+00, -6.7392209764624438,#ffffff
-8.50309012366799e+00, -6.7125142263372473,#ffffff
-8.52415713826904e+00, -6.6857410937080770,#ffffff
-8.54513985436793e+00, -6.6589018433442062,#ffffff
-8.56603806445889e+00, -6.6319967406687921,#ffffff
-8.58685156187189e+00, -6.6050260517562087,#ffffff
-8.60758014077468e+00, -6.5779900433294491,#ffffff
-8.62822359617475e+00, -6.5508889827574768,#ffffff
-8.64878172392144e+00, -6.5237231380525698,#ffffff
-8.66925432070793e+00, -6.4964927778676822,#ffffff
-8.68964118407322e+00, -6.4691981714937912,#ffffff
-8.70994211240418e+00, -6.4418395888572277,#ffffff
-8.73015690493752e+00, -6.4144173005169973,#ffffff
-8.75028536176177e+00, -6.3869315776621294,#ffffff
-8.77032728381928e+00, -6.3593826921089649,#ffffff
-8.79028247290816e+00, -6.3317709162984999,#ffffff
-8.81015073168427e+00, -6.3040965232936559,#ffffff
-8.82993186366312e+00, -6.2763597867766210,#ffffff
-8.84962567322190e+00, -6.2485609810460989,#ffffff
-8.86923196560133e+00, -6.2207003810146340,#ffffff
-8.88875054690761e+00, -6.1927782622058762,#ffffff
-8.90818122411438e+00, -6.1647949007518497,#ffffff
-8.92752380506458e+00, -6.1367505733902270,#ffffff
-8.94677809847235e+00, -6.1086455574616068,#ffffff
-8.96594391392497e+00, -6.0804801309067544,#ffffff
-8.98502106188468e+00, -6.0522545722638510,#ffffff
-9.00400935369060e+00, -6.0239691606657582,#ffffff
-9.02290860156059e+00, -5.9956241758372304,#ffffff
-9.04171861859308e+00, -5.9672198980921811,#ffffff
-9.06043921876894e+00, -5.9387566083308734,#ffffff
-9.07907021695333e+00, -5.9102345880371798,#ffffff
-9.09761142889750e+00, -5.8816541192757663,#ffffff
-9.11606267124064e+00, -5.8530154846893279,#ffffff
-9.13442376151166e+00, -5.8243189674957794,#ffffff
-9.15269451813106e+00, -5.7955648514854561,#ffffff
-9.17087476041265e+00, -5.7667534210183025,#ffffff
-9.18896430856536e+00, -5.7378849610210798,#ffffff
-9.20696298369506e+00, -5.7089597569845321,#ffffff
-9.22487060780628e+00, -5.6799780949605596,#ffffff
-9.24268700380398e+00, -5.6509402615593949,#ffffff
-9.26041199549532e+00, -5.6218465439467789,#ffffff
-9.27804540759139e+00, -5.5926972298411073,#ffffff
-9.29558706570892e+00, -5.5634926075105930,#ffffff
-9.31303679637207e+00, -5.5342329657704061,#ffffff
-9.33039442701407e+00, -5.5049185939798235,#ffffff
-9.34765978597898e+00, -5.4755497820393728,#ffffff
-9.36483270252335e+00, -5.4461268203879634,#ffffff
-9.38191300681796e+00, -5.4166500000000006,#ffffff
-9.39890052994943e+00, -5.3871196123825218,#ffffff
-9.41579510392194e+00, -5.3575359495723127,#ffffff
-9.43259656165888e+00, -5.3278993041330223,#ffffff
-9.44930473700450e+00, -5.2982099691522535,#ffffff
-9.46591946472556e+00, -5.2684682382386745,#ffffff
-9.48244058051295e+00, -5.2386744055191272,#ffffff
-9.49886792098332e+00, -5.2088287656357002,#ffffff
-9.51520132368071e+00, -5.1789316137428276,#ffffff
-9.53144062707812e+00, -5.1489832455043567,#ffffff
-9.54758567057917e+00, -5.1189839570906290,#ffffff
-9.56363629451962e+00, -5.0889340451755674,#ffffff
-9.57959234016899e+00, -5.0588338069337251,#ffffff
-9.59545364973212e+00, -5.0286835400373437,#ffffff
-9.61122006635073e+00, -4.9984835426534175,#ffffff
-9.62689143410497e+00, -4.9682341134407499,#ffffff
-9.64246759801495e+00, -4.9379355515469951,#ffffff
-9.65794840404232e+00, -4.9075881566056907,#ffffff
-9.67333369909172e+00, -4.8771922287333007,#ffffff
-9.68862333101236e+00, -4.8467480685262565,#ffffff
-9.70381714859948e+00, -4.8162559770579758,#ffffff
-9.71891500159587e+00, -4.7857162558758866,#ffffff
-9.73391674069336e+00, -4.7551292069984390,#ffffff
-9.74882221753426e+00, -4.7244951329121214,#ffffff
-9.76363128471288e+00, -4.6938143365684830,#ffffff
-9.77834379577695e+00, -4.6630871213811238,#ffffff
-9.79295960522906e+00, -4.6323137912226899,#ffffff
-9.80747856852815e+00, -4.6014946504218743,#ffffff
-9.82190054209087e+00, -4.5706300037604173,#ffffff
-9.83622538329309e+00, -4.5397201564700822,#ffffff
-9.85045295047120e+00, -4.5087654142296305,#ffffff
-9.86458310292360e+00, -4.4777660831618054,#ffffff
-9.87861570091206e+00, -4.4467224698303145,#ffffff
-9.89255060566308e+00, -4.4156348812367847,#ffffff
-9.90638767936932e+00, -4.3845036248177340,#ffffff
-9.92012678519088e+00, -4.3533290084415190,#ffffff
-9.93376778725675e+00, -4.3221113404052991,#ffffff
-9.94731055066607e+00, -4.2908509294319943,#ffffff
-9.96075494148951e+00, -4.2595480846672285,#ffffff
-9.97410082677058e+00, -4.2282031156762567,#ffffff
-9.98734807452695e+00, -4.1968163324409176,#ffffff
-1.00004965537517e+01, -4.1653880453565755,#ffffff
-1.00135461344149e+01, -4.1339185652290391,#ffffff
-1.00264966874642e+01, -4.1024082032714837,#ffffff
-1.00393480848271e+01, -4.0708572711013780,#ffffff
-1.00521001994113e+01, -4.0392660807374154,#ffffff
-1.00647529051065e+01, -4.0076349445964112,#ffffff
-1.00773060767855e+01, -3.9759641754902226,#ffffff
-1.00897595903054e+01, -3.9442540866226463,#ffffff
-1.01021133225089e+01, -3.9125049915863221,#ffffff
-1.01143671512254e+01, -3.8807172043596490,#ffffff
-1.01265209552722e+01, -3.8488910393036648,#ffffff
-1.01385746144561e+01, -3.8170268111589305,#ffffff
-1.01505280095739e+01, -3.7851248350424278,#ffffff
-1.01623810224142e+01, -3.7531854264444520,#ffffff
-1.01741335357582e+01, -3.7212089012254790,#ffffff
-1.01857854333810e+01, -3.6891955756130379,#ffffff
-1.01973366000528e+01, -3.6571457661985889,#ffffff
-1.02087869215397e+01, -3.6250597899344044,#ffffff
-1.02201362846055e+01, -3.5929379641304173,#ffffff
-1.02313845770121e+01, -3.5607806064510963,#ffffff
-1.02425316875211e+01, -3.5285880349122882,#ffffff
-1.02535775058946e+01, -3.4963605678780807,#ffffff
-1.02645219228964e+01, -3.4640985240576687,#ffffff
-1.02753648302933e+01, -3.4318022225021845,#ffffff
-1.02861061208558e+01, -3.3994719826015434,#ffffff
-1.02967456883593e+01, -3.3671081240812861,#ffffff
-1.03072834275853e+01, -3.3347109669994310,#ffffff
-1.03177192343221e+01, -3.3022808317432979,#ffffff
-1.03280530053664e+01, -3.2698180390263287,#ffffff
-1.03382846385237e+01, -3.2373229098849299,#ffffff
-1.03484140326095e+01, -3.2047957656753021,#ffffff
-1.03584410874507e+01, -3.1722369280702494,#ffffff
-1.03683657038861e+01, -3.1396467190560102,#ffffff
-1.03781877837674e+01, -3.1070254609290551,#ffffff
-1.03879072299605e+01, -3.0743734762929118,#ffffff
-1.03975239463464e+01, -3.0416910880549826,#ffffff
-1.04070378378217e+01, -3.0089786194233410,#ffffff
-1.04164488103002e+01, -2.9762363939035295,#ffffff
-1.04257567707132e+01, -2.9434647352953651,#ffffff
-1.04349616270110e+01, -2.9106639676897501,#ffffff
-1.04440632881634e+01, -2.8778344154654563,#ffffff
-1.04530616641607e+01, -2.8449764032859064,#ffffff
-1.04619566660147e+01, -2.8120902560959760,#ffffff
-1.04707482057595e+01, -2.7791762991187849,#ffffff
-1.04794361964524e+01, -2.7462348578524720,#ffffff
-1.04880205521745e+01, -2.7132662580669815,#ffffff
-1.04965011880322e+01, -2.6802708258008292,#ffffff
-1.05048780201572e+01, -2.6472488873578865,#ffffff
-1.05131509657081e+01, -2.6142007693041642,#ffffff
-1.05213199428707e+01, -2.5811267984645729,#ffffff
-1.05293848708589e+01, -2.5480273019196811,#ffffff
-1.05373456699157e+01, -2.5149026070024894,#ffffff
-1.05452022613140e+01, -2.4817530412952058,#ffffff
-1.05529545673570e+01, -2.4485789326259932,#ffffff
-1.05606025113792e+01, -2.4153806090657191,#ffffff
-1.05681460177475e+01, -2.3821583989247221,#ffffff
-1.05755850118613e+01, -2.3489126307495720,#ffffff
-1.05829194201537e+01, -2.3156436333198092,#ffffff
-1.05901491700920e+01, -2.2823517356447010,#ffffff
-1.05972741901786e+01, -2.2490372669599732,#ffffff
-1.06042944099516e+01, -2.2157005567245656,#ffffff
-1.06112097599854e+01, -2.1823419346173818,#ffffff
-1.06180201718918e+01, -2.1489617305340207,#ffffff
-1.06247255783199e+01, -2.1155602745835025,#ffffff
-1.06313259129575e+01, -2.0821378970850155,#ffffff
-1.06378211105317e+01, -2.0486949285646587,#ffffff
-1.06442111068089e+01, -2.0152316997521620,#ffffff
-1.06504958385962e+01, -1.9817485415776095,#ffffff
-1.06566752437416e+01, -1.9482457851681716,#ffffff
-1.06627492611346e+01, -1.9147237618448436,#ffffff
-1.06687178307072e+01, -1.8811828031191529,#ffffff
-1.06745808934338e+01, -1.8476232406898918,#ffffff
-1.06803383913327e+01, -1.8140454064398210,#ffffff
-1.06859902674657e+01, -1.7804496324323982,#ffffff
-1.06915364659394e+01, -1.7468362509085034,#ffffff
-1.06969769319054e+01, -1.7132055942831437,#ffffff
-1.07023116115610e+01, -1.6795579951421566,#ffffff
-1.07075404521496e+01, -1.6458937862389305,#ffffff
-1.07126634019612e+01, -1.6122133004911228,#ffffff
-1.07176804103332e+01, -1.5785168709773589,#ffffff
-1.07225914276505e+01, -1.5448048309339282,#ffffff
-1.07273964053462e+01, -1.5110775137514987,#ffffff
-1.07320952959022e+01, -1.4773352529718289,#ffffff
-1.07366880528495e+01, -1.4435783822844552,#ffffff
-1.07411746307685e+01, -1.4098072355234013,#ffffff
-1.07455549852900e+01, -1.3760221466638631,#ffffff
-1.07498290730949e+01, -1.3422234498189149,#ffffff
-1.07539968519152e+01, -1.3084114792362145,#ffffff
-1.07580582805343e+01, -1.2745865692946887,#ffffff
-1.07620133187873e+01, -1.2407490545012170,#ffffff
-1.07658619275612e+01, -1.2068992694873331,#ffffff
-1.07696040687958e+01, -1.1730375490059242,#ffffff
-1.07732397054836e+01, -1.1391642279279124,#ffffff
-1.07767688016707e+01, -1.1052796412389321,#ffffff
-1.07801913224564e+01, -1.0713841240360282,#ffffff
-1.07835072339941e+01, -1.0374780115243507,#ffffff
-1.07867165034917e+01, -1.0035616390138251,#ffffff
-1.07898190992114e+01, -0.9696353419158478,#ffffff
-1.07928149904706e+01, -0.9356994557399522,#ffffff
-1.07957041476419e+01, -0.9017543160905024,#ffffff
-1.07984865421532e+01, -0.8678002586633828,#ffffff
-1.08011621464885e+01, -0.8338376192426692,#ffffff
-1.08037309341877e+01, -0.7998667336972978,#ffffff
-1.08061928798472e+01, -0.7658879379777541,#ffffff
-1.08085479591199e+01, -0.7319015681127597,#ffffff
-1.08107961487155e+01, -0.6979079602059398,#ffffff
-1.08129374264009e+01, -0.6639074504324847,#ffffff
-1.08149717710001e+01, -0.6299003750358589,#ffffff
-1.08168991623949e+01, -0.5958870703244378,#ffffff
-1.08187195815246e+01, -0.5618678726682149,#ffffff
-1.08204330103863e+01, -0.5278431184954614,#ffffff
-1.08220394320353e+01, -0.4938131442893892,#ffffff
-1.08235388305852e+01, -0.4597782865848331,#ffffff
-1.08249311912078e+01, -0.4257388819649321,#ffffff
-1.08262165001336e+01, -0.3916952670577914,#ffffff
-1.08273947446517e+01, -0.3576477785331436,#ffffff
-1.08284659131099e+01, -0.3235967530990289,#ffffff
-1.08294299949152e+01, -0.2895425274984749,#ffffff
-1.08302869805334e+01, -0.2554854385061569,#ffffff
-1.08310368614894e+01, -0.2214258229250529,#ffffff
-1.08316796303674e+01, -0.1873640175831464,#ffffff
-1.08322152808107e+01, -0.1533003593300571,#ffffff
-1.08326438075222e+01, -0.1192351850337431,#ffffff
-1.08329652062641e+01, -0.0851688315771554,#ffffff
-1.08331794738578e+01, -0.0511016358548964,#ffffff
-1.08332866081843e+01, -0.0170339347698980,#ffffff
-1.08332866081843e+01,  0.0170339347699006,#ffffff
-1.08331794738578e+01,  0.0511016358548942,#ffffff
-1.08329652062641e+01,  0.0851688315771533,#ffffff
-1.08326438075222e+01,  0.1192351850337458,#ffffff
-1.08322152808107e+01,  0.1533003593300598,#ffffff
-1.08316796303674e+01,  0.1873640175831443,#ffffff
-1.08310368614894e+01,  0.2214258229250556,#ffffff
-1.08302869805334e+01,  0.2554854385061547,#ffffff
-1.08294299949152e+01,  0.2895425274984775,#ffffff
-1.08284659131099e+01,  0.3235967530990315,#ffffff
-1.08273947446517e+01,  0.3576477785331414,#ffffff
-1.08262165001336e+01,  0.3916952670577892,#ffffff
-1.08249311912078e+01,  0.4257388819649348,#ffffff
-1.08235388305852e+01,  0.4597782865848358,#ffffff
-1.08220394320353e+01,  0.4938131442893871,#ffffff
-1.08204330103863e+01,  0.5278431184954593,#ffffff
-1.08187195815246e+01,  0.5618678726682176,#ffffff
-1.08168991623949e+01,  0.5958870703244404,#ffffff
-1.08149717710001e+01,  0.6299003750358567,#ffffff
-1.08129374264009e+01,  0.6639074504324873,#ffffff
-1.08107961487155e+01,  0.6979079602059377,#ffffff
-1.08085479591199e+01,  0.7319015681127625,#ffffff
-1.08061928798472e+01,  0.7658879379777568,#ffffff
-1.08037309341877e+01,  0.7998667336972957,#ffffff
-1.08011621464885e+01,  0.8338376192426671,#ffffff
-1.07984865421532e+01,  0.8678002586633855,#ffffff
-1.07957041476419e+01,  0.9017543160905052,#ffffff
-1.07928149904706e+01,  0.9356994557399501,#ffffff
-1.07898190992114e+01,  0.9696353419158455,#ffffff
-1.07867165034917e+01,  1.0035616390138280,#ffffff
-1.07835072339941e+01,  1.0374780115243531,#ffffff
-1.07801913224564e+01,  1.0713841240360262,#ffffff
-1.07767688016707e+01,  1.1052796412389301,#ffffff
-1.07732397054836e+01,  1.1391642279279102,#ffffff
-1.07696040687958e+01,  1.1730375490059268,#ffffff
-1.07658619275612e+01,  1.2068992694873357,#ffffff
-1.07620133187873e+01,  1.2407490545012150,#ffffff
-1.07580582805343e+01,  1.2745865692946865,#ffffff
-1.07539968519152e+01,  1.3084114792362169,#ffffff
-1.07498290730949e+01,  1.3422234498189174,#ffffff
-1.07455549852900e+01,  1.3760221466638609,#ffffff
-1.07411746307685e+01,  1.4098072355233993,#ffffff
-1.07366880528495e+01,  1.4435783822844579,#ffffff
-1.07320952959022e+01,  1.4773352529718315,#ffffff
-1.07273964053462e+01,  1.5110775137514967,#ffffff
-1.07225914276505e+01,  1.5448048309339262,#ffffff
-1.07176804103332e+01,  1.5785168709773565,#ffffff
-1.07126634019612e+01,  1.6122133004911254,#ffffff
-1.07075404521496e+01,  1.6458937862389331,#ffffff
-1.07023116115610e+01,  1.6795579951421546,#ffffff
-1.06969769319054e+01,  1.7132055942831417,#ffffff
-1.06915364659394e+01,  1.7468362509085060,#ffffff
-1.06859902674657e+01,  1.7804496324324011,#ffffff
-1.06803383913327e+01,  1.8140454064398190,#ffffff
-1.06745808934338e+01,  1.8476232406898898,#ffffff
-1.06687178307072e+01,  1.8811828031191558,#ffffff
-1.06627492611346e+01,  1.9147237618448461,#ffffff
-1.06566752437416e+01,  1.9482457851681743,#ffffff
-1.06504958385962e+01,  1.9817485415776073,#ffffff
-1.06442111068089e+01,  2.0152316997521602,#ffffff
-1.06378211105317e+01,  2.0486949285646610,#ffffff
-1.06313259129575e+01,  2.0821378970850182,#ffffff
-1.06247255783199e+01,  2.1155602745835003,#ffffff
-1.06180201718918e+01,  2.1489617305340185,#ffffff
-1.06112097599854e+01,  2.1823419346173845,#ffffff
-1.06042944099516e+01,  2.2157005567245682,#ffffff
-1.05972741901786e+01,  2.2490372669599710,#ffffff
-1.05901491700920e+01,  2.2823517356446987,#ffffff
-1.05829194201537e+01,  2.3156436333198118,#ffffff
-1.05755850118613e+01,  2.3489126307495747,#ffffff
-1.05681460177475e+01,  2.3821583989247248,#ffffff
-1.05606025113792e+01,  2.4153806090657173,#ffffff
-1.05529545673570e+01,  2.4485789326259910,#ffffff
-1.05452022613140e+01,  2.4817530412952085,#ffffff
-1.05373456699157e+01,  2.5149026070024925,#ffffff
-1.05293848708589e+01,  2.5480273019196789,#ffffff
-1.05213199428707e+01,  2.5811267984645707,#ffffff
-1.05131509657081e+01,  2.6142007693041669,#ffffff
-1.05048780201572e+01,  2.6472488873578892,#ffffff
-1.04965011880322e+01,  2.6802708258008270,#ffffff
-1.04880205521745e+01,  2.7132662580669797,#ffffff
-1.04794361964524e+01,  2.7462348578524751,#ffffff
-1.04707482057595e+01,  2.7791762991187881,#ffffff
-1.04619566660147e+01,  2.8120902560959786,#ffffff
-1.04530616641607e+01,  2.8449764032859046,#ffffff
-1.04440632881634e+01,  2.8778344154654545,#ffffff
-1.04349616270110e+01,  2.9106639676897532,#ffffff
-1.04257567707132e+01,  2.9434647352953682,#ffffff
-1.04164488103002e+01,  2.9762363939035277,#ffffff
-1.04070378378217e+01,  3.0089786194233392,#ffffff
-1.03975239463464e+01,  3.0416910880549848,#ffffff
-1.03879072299605e+01,  3.0743734762929145,#ffffff
-1.03781877837674e+01,  3.1070254609290533,#ffffff
-1.03683657038861e+01,  3.1396467190560080,#ffffff
-1.03584410874507e+01,  3.1722369280702520,#ffffff
-1.03484140326095e+01,  3.2047957656753043,#ffffff
-1.03382846385237e+01,  3.2373229098849321,#ffffff
-1.03280530053664e+01,  3.2698180390263265,#ffffff
-1.03177192343221e+01,  3.3022808317432952,#ffffff
-1.03072834275853e+01,  3.3347109669994341,#ffffff
-1.02967456883593e+01,  3.3671081240812892,#ffffff
-1.02861061208558e+01,  3.3994719826015416,#ffffff
-1.02753648302933e+01,  3.4318022225021827,#ffffff
-1.02645219228964e+01,  3.4640985240576709,#ffffff
-1.02535775058946e+01,  3.4963605678780834,#ffffff
-1.02425316875211e+01,  3.5285880349122860,#ffffff
-1.02313845770121e+01,  3.5607806064510945,#ffffff
-1.02201362846055e+01,  3.5929379641304195,#ffffff
-1.02087869215397e+01,  3.6250597899344066,#ffffff
-1.01973366000528e+01,  3.6571457661985916,#ffffff
-1.01857854333810e+01,  3.6891955756130357,#ffffff
-1.01741335357582e+01,  3.7212089012254768,#ffffff
-1.01623810224142e+01,  3.7531854264444546,#ffffff
-1.01505280095739e+01,  3.7851248350424309,#ffffff
-1.01385746144561e+01,  3.8170268111589283,#ffffff
-1.01265209552722e+01,  3.8488910393036626,#ffffff
-1.01143671512254e+01,  3.8807172043596516,#ffffff
-1.01021133225089e+01,  3.9125049915863248,#ffffff
-1.00897595903054e+01,  3.9442540866226445,#ffffff
-1.00773060767855e+01,  3.9759641754902209,#ffffff
-1.00647529051065e+01,  4.0076349445964130,#ffffff
-1.00521001994113e+01,  4.0392660807374181,#ffffff
-1.00393480848271e+01,  4.0708572711013806,#ffffff
-1.00264966874642e+01,  4.1024082032714819,#ffffff
-1.00135461344149e+01,  4.1339185652290373,#ffffff
-1.00004965537517e+01,  4.1653880453565781,#ffffff
-9.98734807452695e+00,  4.1968163324409211,#ffffff
-9.97410082677058e+00,  4.2282031156762550,#ffffff
-9.96075494148951e+00,  4.2595480846672267,#ffffff
-9.94731055066607e+00,  4.2908509294319970,#ffffff
-9.93376778725675e+00,  4.3221113404053009,#ffffff
-9.92012678519088e+00,  4.3533290084415164,#ffffff
-9.90638767936932e+00,  4.3845036248177323,#ffffff
-9.89255060566308e+00,  4.4156348812367874,#ffffff
-9.87861570091205e+00,  4.4467224698303172,#ffffff
-9.86458310292360e+00,  4.4777660831618080,#ffffff
-9.85045295047120e+00,  4.5087654142296278,#ffffff
-9.83622538329309e+00,  4.5397201564700795,#ffffff
-9.82190054209087e+00,  4.5706300037604191,#ffffff
-9.80747856852815e+00,  4.6014946504218726,#ffffff
-9.79295960522906e+00,  4.6323137912226882,#ffffff
-9.77834379577694e+00,  4.6630871213811265,#ffffff
-9.76363128471288e+00,  4.6938143365684857,#ffffff
-9.74882221753426e+00,  4.7244951329121241,#ffffff
-9.73391674069336e+00,  4.7551292069984372,#ffffff
-9.71891500159587e+00,  4.7857162558758892,#ffffff
-9.70381714859948e+00,  4.8162559770579776,#ffffff
-9.68862333101236e+00,  4.8467480685262583,#ffffff
-9.67333369909172e+00,  4.8771922287332981,#ffffff
-9.65794840404232e+00,  4.9075881566056889,#ffffff
-9.64246759801495e+00,  4.9379355515469934,#ffffff
-9.62689143410497e+00,  4.9682341134407526,#ffffff
-9.61122006635073e+00,  4.9984835426534158,#ffffff
-9.59545364973212e+00,  5.0286835400373420,#ffffff
-9.57959234016899e+00,  5.0588338069337269,#ffffff
-9.56363629451962e+00,  5.0889340451755700,#ffffff
-9.54758567057917e+00,  5.1189839570906317,#ffffff
-9.53144062707812e+00,  5.1489832455043540,#ffffff
-9.51520132368071e+00,  5.1789316137428303,#ffffff
-9.49886792098332e+00,  5.2088287656357029,#ffffff
-9.48244058051295e+00,  5.2386744055191299,#ffffff
-9.46591946472556e+00,  5.2684682382386727,#ffffff
-9.44930473700450e+00,  5.2982099691522517,#ffffff
-9.43259656165888e+00,  5.3278993041330205,#ffffff
-9.41579510392193e+00,  5.3575359495723154,#ffffff
-9.39890052994943e+00,  5.3871196123825200,#ffffff
-9.38191300681796e+00,  5.4166499999999989,#ffffff
-9.36483270252335e+00,  5.4461268203879651,#ffffff
-9.34765978597898e+00,  5.4755497820393746,#ffffff
-9.33039442701407e+00,  5.5049185939798253,#ffffff
-9.31303679637207e+00,  5.5342329657704044,#ffffff
-9.29558706570892e+00,  5.5634926075105957,#ffffff
-9.27804540759139e+00,  5.5926972298411091,#ffffff
-9.26041199549532e+00,  5.6218465439467806,#ffffff
-9.24268700380398e+00,  5.6509402615593931,#ffffff
-9.22487060780628e+00,  5.6799780949605578,#ffffff
-9.20696298369506e+00,  5.7089597569845312,#ffffff
-9.18896430856536e+00,  5.7378849610210825,#ffffff
-9.17087476041265e+00,  5.7667534210183007,#ffffff
-9.15269451813106e+00,  5.7955648514854543,#ffffff
-9.13442376151166e+00,  5.8243189674957820,#ffffff
-9.11606267124063e+00,  5.8530154846893296,#ffffff
-9.09761142889750e+00,  5.8816541192757690,#ffffff
-9.07907021695333e+00,  5.9102345880371789,#ffffff
-9.06043921876894e+00,  5.9387566083308752,#ffffff
-9.04171861859308e+00,  5.9672198980921785,#ffffff
-9.02290860156059e+00,  5.9956241758372331,#ffffff
-9.00400935369060e+00,  6.0239691606657564,#ffffff
-8.98502106188468e+00,  6.0522545722638528,#ffffff
-8.96594391392497e+00,  6.0804801309067527,#ffffff
-8.94677809847235e+00,  6.1086455574616085,#ffffff
-8.92752380506458e+00,  6.1367505733902252,#ffffff
-8.90818122411438e+00,  6.1647949007518470,#ffffff
-8.88875054690761e+00,  6.1927782622058789,#ffffff
-8.86923196560133e+00,  6.2207003810146366,#ffffff
-8.84962567322190e+00,  6.2485609810461007,#ffffff
-8.82993186366313e+00,  6.2763597867766183,#ffffff
-8.81015073168427e+00,  6.3040965232936577,#ffffff
-8.79028247290816e+00,  6.3317709162984972,#ffffff
-8.77032728381928e+00,  6.3593826921089676,#ffffff
-8.75028536176177e+00,  6.3869315776621285,#ffffff
-8.73015690493752e+00,  6.4144173005170000,#ffffff
-8.70994211240418e+00,  6.4418395888572260,#ffffff
-8.68964118407322e+00,  6.4691981714937929,#ffffff
-8.66925432070792e+00,  6.4964927778676849,#ffffff
-8.64878172392144e+00,  6.5237231380525680,#ffffff
-8.62822359617475e+00,  6.5508889827574786,#ffffff
-8.60758014077468e+00,  6.5779900433294509,#ffffff
-8.58685156187189e+00,  6.6050260517562096,#ffffff
-8.56603806445889e+00,  6.6319967406687903,#ffffff
-8.54513985436792e+00,  6.6589018433442089,#ffffff
-8.52415713826905e+00,  6.6857410937080743,#ffffff
-8.50309012366798e+00,  6.7125142263372499,#ffffff
-8.48193901890414e+00,  6.7392209764624420,#ffffff
-8.46070403314852e+00,  6.7658610799708558,#ffffff
-8.43938537640164e+00,  6.7924342734087757,#ffffff
-8.41798325949147e+00,  6.8189402939841957,#ffffff
-8.39649789407139e+00,  6.8453788795693962,#ffffff
-8.37492949261799e+00,  6.8717497687035483,#ffffff
-8.35327826842909e+00,  6.8980527005953096,#ffffff
-8.33154443562155e+00,  6.9242874151253737,#ffffff
-8.30972820912916e+00,  6.9504536528490810,#ffffff
-8.28782980470056e+00,  6.9765511549989414,#ffffff
-8.26584943889707e+00,  7.0025796634872384,#ffffff
-8.24378732909054e+00,  7.0285389209085398,#ffffff
-8.22164369346125e+00,  7.0544286705422774,#ffffff
-8.19941875099568e+00,  7.0802486563552591,#ffffff
-8.17711272148440e+00,  7.1059986230042256,#ffffff
-8.15472582551990e+00,  7.1316783158383448,#ffffff
-8.13225828449434e+00,  7.1572874809017684,#ffffff
-8.10971032059745e+00,  7.1828258649361088,#ffffff
-8.08708215681429e+00,  7.2082932153829580,#ffffff
-8.06437401692301e+00,  7.2336892803863968,#ffffff
-8.04158612549271e+00,  7.2590138087954577,#ffffff
-8.01871870788117e+00,  7.2842665501666408,#ffffff
-7.99577199023262e+00,  7.3094472547663614,#ffffff
-7.97274619947554e+00,  7.3345556735734432,#ffffff
-7.94964156332038e+00,  7.3595915582815579,#ffffff
-7.92645831025731e+00,  7.3845546613017081,#ffffff
-7.90319666955401e+00,  7.4094447357646480,#ffffff
-7.87985687125331e+00,  7.4342615355233512,#ffffff
-7.85643914617101e+00,  7.4590048151554145,#ffffff
-7.83294372589355e+00,  7.4836743299655204,#ffffff
-7.80937084277571e+00,  7.5082698359878259,#ffffff
-7.78572072993834e+00,  7.5327910899883879,#ffffff
-7.76199362126603e+00,  7.5572378494675805,#ffffff
-7.73818975140485e+00,  7.5816098726624670,#ffffff
-7.71430935575993e+00,  7.6059069185492172,#ffffff
-7.69035267049323e+00,  7.6301287468454673,#ffffff
-7.66631993252117e+00,  7.6542751180127198,#ffffff
-7.64221137951226e+00,  7.6783457932586883,#ffffff
-7.61802724988477e+00,  7.7023405345396814,#ffffff
-7.59376778280442e+00,  7.7262591045629394,#ffffff
-7.56943321818190e+00,  7.7501012667889935,#ffffff
-7.54502379667063e+00,  7.7738667854339916,#ffffff
-7.52053975966429e+00,  7.7975554254720487,#ffffff
-7.49598134929445e+00,  7.8211669526375500,#ffffff
-7.47134880842821e+00,  7.8447011334274821,#ffffff
-7.44664238066574e+00,  7.8681577351037433,#ffffff
-7.42186231033794e+00,  7.8915365256954306,#ffffff
-7.39700884250397e+00,  7.9148372740011519,#ffffff
-7.37208222294886e+00,  7.9380597495912957,#ffffff
-7.34708269818102e+00,  7.9612037228103274,#ffffff
-7.32201051542991e+00,  7.9842689647790408,#ffffff
-7.29686592264348e+00,  8.0072552473968415,#ffffff
-7.27164916848580e+00,  8.0301623433439815,#ffffff
-7.24636050233455e+00,  8.0529900260838350,#ffffff
-7.22100017427859e+00,  8.0757380698651016,#ffffff
-7.19556843511546e+00,  8.0984062497240821,#ffffff
-7.17006553634891e+00,  8.1209943414868615,#ffffff
-7.14449173018642e+00,  8.1435021217715544,#ffffff
-7.11884726953670e+00,  8.1659293679905076,#ffffff
-7.09313240800718e+00,  8.1882758583524904,#ffffff
-7.06734739990152e+00,  8.2105413718649061,#ffffff
-7.04149250021707e+00,  8.2327256883359556,#ffffff
-7.01556796464238e+00,  8.2548285883768386,#ffffff
-6.98957404955465e+00,  8.2768498534039043,#ffffff
-6.96351101201719e+00,  8.2987892656408242,#ffffff
-6.93737910977689e+00,  8.3206466081207378,#ffffff
-6.91117860126169e+00,  8.3424216646884091,#ffffff
-6.88490974557797e+00,  8.3641142200023495,#ffffff
-6.85857280250803e+00,  8.3857240595369635,#ffffff
-6.83216803250753e+00,  8.4072509695846556,#ffffff
-6.80569569670288e+00,  8.4286947372579490,#ffffff
-6.77915605688867e+00,  8.4500551504916039,#ffffff
-6.75254937552508e+00,  8.4713319980446862,#ffffff
-6.72587591573531e+00,  8.4925250695026904,#ffffff
-6.69913594130294e+00,  8.5136341552795880,#ffffff
-6.67232971666933e+00,  8.5346590466199306,#ffffff
-6.64545750693103e+00,  8.5555995356008818,#ffffff
-6.61851957783713e+00,  8.5764554151343084,#ffffff
-6.59151619578665e+00,  8.5972264789687980,#ffffff
-6.56444762782590e+00,  8.6179125216917196,#ffffff
-6.53731414164582e+00,  8.6385133387312436,#ffffff
-6.51011600557936e+00,  8.6590287263583683,#ffffff
-6.48285348859883e+00,  8.6794584816889362,#ffffff
-6.45552686031320e+00,  8.6998024026856342,#ffffff
-6.42813639096549e+00,  8.7200602881600044,#ffffff
-6.40068235143005e+00,  8.7402319377744160,#ffffff
-6.37316501320988e+00,  8.7603171520440668,#ffffff
-6.34558464843401e+00,  8.7803157323389360,#ffffff
-6.31794152985472e+00,  8.8002274808857628,#ffffff
-6.29023593084491e+00,  8.8200522007699931,#ffffff
-6.26246812539537e+00,  8.8397896959377391,#ffffff
-6.23463838811205e+00,  8.8594397711976995,#ffffff
-6.20674699421340e+00,  8.8790022322231099,#ffffff
-6.17879421952758e+00,  8.8984768855536469,#ffffff
-6.15078034048980e+00,  8.9178635385973575,#ffffff
-6.12270563413953e+00,  8.9371619996325489,#ffffff
-6.09457037811779e+00,  8.9563720778096911,#ffffff
-6.06637485066441e+00,  8.9754935831533142,#ffffff
-6.03811933061525e+00,  8.9945263265638644,#ffffff
-6.00980409739946e+00,  9.0134701198195977,#ffffff
-5.98142943103672e+00,  9.0323247755784202,#ffffff
-5.95299561213446e+00,  9.0510901073797640,#ffffff
-5.92450292188512e+00,  9.0697659296464046,#ffffff
-5.89595164206329e+00,  9.0883520576863237,#ffffff
-5.86734205502301e+00,  9.1068483076945093,#ffffff
-5.83867444369493e+00,  9.1252544967547973,#ffffff
-5.80994909158354e+00,  9.1435704428416589,#ffffff
-5.78116628276431e+00,  9.1617959648220211,#ffffff
-5.75232630188096e+00,  9.1799308824570378,#ffffff
-5.72342943414260e+00,  9.1979750164038876,#ffffff
-5.69447596532089e+00,  9.2159281882175463,#ffffff
-5.66546618174725e+00,  9.2337902203525388,#ffffff
-5.63640037031004e+00,  9.2515609361647098,#ffffff
-5.60727881845167e+00,  9.2692401599129592,#ffffff
-5.57810181416580e+00,  9.2868277167609961,#ffffff
-5.54886964599448e+00,  9.3043234327790394,#ffffff
-5.51958260302528e+00,  9.3217271349455739,#ffffff
-5.49024097488849e+00,  9.3390386511490302,#ffffff
-5.46084505175416e+00,  9.3562578101895060,#ffffff
-5.43139512432931e+00,  9.3733844417804466,#ffffff
-5.40189148385503e+00,  9.3904183765503468,#ffffff
-5.37233442210360e+00,  9.4073594460444010,#ffffff
-5.34272423137558e+00,  9.4242074827261852,#ffffff
-5.31306120449696e+00,  9.4409623199793220,#ffffff
-5.28334563481625e+00,  9.4576237921090982,#ffffff
-5.25357781620156e+00,  9.4741917343441404,#ffffff
-5.22375804303773e+00,  9.4906659828380153,#ffffff
-5.19388661022336e+00,  9.5070463746708658,#ffffff
-5.16396381316799e+00,  9.5233327478510148,#ffffff
-5.13398994778905e+00,  9.5395249413165750,#ffffff
-5.10396531050906e+00,  9.5556227949370278,#ffffff
-5.07389019825261e+00,  9.5716261495148274,#ffffff
-5.04376490844347e+00,  9.5875348467869550,#ffffff
-5.01358973900164e+00,  9.6033487294264948,#ffffff
-4.98336498834037e+00,  9.6190676410441860,#ffffff
-4.95309095536327e+00,  9.6346914261899723,#ffffff
-4.92276793946129e+00,  9.6502199303545417,#ffffff
-4.89239624050982e+00,  9.6656529999708454,#ffffff
-4.86197615886567e+00,  9.6809904824156217,#ffffff
-4.83150799536414e+00,  9.6962322260109062,#ffffff
-4.80099205131601e+00,  9.7113780800255363,#ffffff
-4.77042862850461e+00,  9.7264278946766254,#ffffff
-4.73981802918278e+00,  9.7413815211310677,#ffffff
-4.70916055606992e+00,  9.7562388115069876,#ffffff
-4.67845651234895e+00,  9.7709996188752175,#ffffff
-4.64770620166340e+00,  9.7856637972607441,#ffffff
-4.61690992811430e+00,  9.8002312016441504,#ffffff
-4.58606799625725e+00,  9.8147016879630620,#ffffff
-4.55518071109938e+00,  9.8290751131135501,#ffffff
-4.52424837809632e+00,  9.8433513349515689,#ffffff
-4.49327130314921e+00,  9.8575302122943462,#ffffff
-4.46224979260165e+00,  9.8716116049217906,#ffffff
-4.43118415323668e+00,  9.8855953735778641,#ffffff
-4.40007469227377e+00,  9.8994813799719790,#ffffff
-4.36892171736572e+00,  9.9132694867803419,#ffffff
-4.33772553659567e+00,  9.9269595576473364,#ffffff
-4.30648645847406e+00,  9.9405514571868476,#ffffff
-4.27520479193552e+00,  9.9540450509836234,#ffffff
-4.24388084633588e+00,  9.9674402055945865,#ffffff
-4.21251493144908e+00,  9.9807367885501606,#ffffff
-4.18110735746409e+00,  9.9939346683555836,#ffffff
-4.14965843498190e+00, 10.0070337144922004,#ffffff
-4.11816847501236e+00, 10.0200337974187672,#ffffff
-4.08663778897120e+00, 10.0329347885727138,#ffffff
-4.05506668867687e+00, 10.0457365603714273,#ffffff
-4.02345548634753e+00, 10.0584389862135133,#ffffff
-3.99180449459788e+00, 10.0710419404800486,#ffffff
-3.96011402643615e+00, 10.0835452985358121,#ffffff
-3.92838439526093e+00, 10.0959489367305331,#ffffff
-3.89661591485815e+00, 10.1082527324001035,#ffffff
-3.86480889939790e+00, 10.1204565638677977,#ffffff
-3.83296366343136e+00, 10.1325603104454700,#ffffff
-3.80108052188772e+00, 10.1445638524347501,#ffffff
-3.76915979007098e+00, 10.1564670711282297,#ffffff
-3.73720178365694e+00, 10.1682698488106311,#ffffff
-3.70520681868997e+00, 10.1799720687599820,#ffffff
-3.67317521157997e+00, 10.1915736152487497,#ffffff
-3.64110727909919e+00, 10.2030743735450091,#ffffff
-3.60900333837913e+00, 10.2144742299135611,#ffffff
-3.57686370690739e+00, 10.2257730716170681,#ffffff
-3.54468870252450e+00, 10.2369707869171513,#ffffff
-3.51247864342084e+00, 10.2480672650755231,#ffffff
-3.48023384813344e+00, 10.2590623963550556,#ffffff
-3.44795463554285e+00, 10.2699560720208822,#ffffff
-3.41564132486999e+00, 10.2807481843414656,#ffffff
-3.38329423567300e+00, 10.2914386265896685,#ffffff
-3.35091368784403e+00, 10.3020272930438050,#ffffff
-3.31850000160617e+00, 10.3125140789886842,#ffffff
-3.28605349751017e+00, 10.3228988807166537,#ffffff
-3.25357449643138e+00, 10.3331815955286146,#ffffff
-3.22106331956648e+00, 10.3433621217350478,#ffffff
-3.18852028843038e+00, 10.3534403586570125,#ffffff
-3.15594572485299e+00, 10.3634162066271447,#ffffff
-3.12333995097606e+00, 10.3732895669906391,#ffffff
-3.09070328925000e+00, 10.3830603421062335,#ffffff
-3.05803606243068e+00, 10.3927284353471610,#ffffff
-3.02533859357622e+00, 10.4022937511021212,#ffffff
-2.99261120604383e+00, 10.4117561947762152,#ffffff
-2.95985422348659e+00, 10.4211156727918812,#ffffff
-2.92706796985028e+00, 10.4303720925898205,#ffffff
-2.89425276937011e+00, 10.4395253626299240,#ffffff
-2.86140894656759e+00, 10.4485753923921578,#ffffff
-2.82853682624728e+00, 10.4575220923774754,#ffffff
-2.79563673349356e+00, 10.4663653741086939,#ffffff
-2.76270899366749e+00, 10.4751051501313714,#ffffff
-2.72975393240348e+00, 10.4837413340146721,#ffffff
-2.69677187560618e+00, 10.4922738403522189,#ffffff
-2.66376314944719e+00, 10.5007025847629443,#ffffff
-2.63072808036185e+00, 10.5090274838919147,#ffffff
-2.59766699504602e+00, 10.5172484554111652,#ffffff
-2.56458022045285e+00, 10.5253654180205061,#ffffff
-2.53146808378954e+00, 10.5333782914483276,#ffffff
-2.49833091251408e+00, 10.5412869964524045,#ffffff
-2.46516903433207e+00, 10.5490914548206618,#ffffff
-2.43198277719342e+00, 10.5567915893719615,#ffffff
-2.39877246928915e+00, 10.5643873239568631,#ffffff
-2.36553843904812e+00, 10.5718785834583713,#ffffff
-2.33228101513379e+00, 10.5792652937926874,#ffffff
-2.29900052644096e+00, 10.5865473819099378,#ffffff
-2.26569730209255e+00, 10.5937247757948914,#ffffff
-2.23237167143629e+00, 10.6007974044676807,#ffffff
-2.19902396404152e+00, 10.6077651979844987,#ffffff
-2.16565450969588e+00, 10.6146280874382910,#ffffff
-2.13226363840209e+00, 10.6213860049594402,#ffffff
-2.09885168037469e+00, 10.6280388837164281,#ffffff
-2.06541896603670e+00, 10.6345866579165129,#ffffff
-2.03196582601646e+00, 10.6410292628063576,#ffffff
-1.99849259114427e+00, 10.6473666346726983,#ffffff
-1.96499959244919e+00, 10.6535987108429460,#ffffff
-1.93148716115570e+00, 10.6597254296858264,#ffffff
-1.89795562868048e+00, 10.6657467306119784,#ffffff
-1.86440532662907e+00, 10.6716625540745582,#ffffff
-1.83083658679269e+00, 10.6774728415698288,#ffffff
-1.79724974114484e+00, 10.6831775356377356,#ffffff
-1.76364512183812e+00, 10.6887765798624770,#ffffff
-1.73002306120086e+00, 10.6942699188730597,#ffffff
-1.69638389173390e+00, 10.6996574983438482,#ffffff
-1.66272794610728e+00, 10.7049392649951010,#ffffff
-1.62905555715692e+00, 10.7101151665935017,#ffffff
-1.59536705788138e+00, 10.7151851519526673,#ffffff
-1.56166278143851e+00, 10.7201491709336647,#ffffff
-1.52794306114223e+00, 10.7250071744454925,#ffffff
-1.49420823045915e+00, 10.7297591144455868,#ffffff
-1.46045862300533e+00, 10.7344049439402713,#ffffff
-1.42669457254296e+00, 10.7389446169852487,#ffffff
-1.39291641297707e+00, 10.7433780886860291,#ffffff
-1.35912447835220e+00, 10.7477053151983952,#ffffff
-1.32531910284914e+00, 10.7519262537288238,#ffffff
-1.29150062078159e+00, 10.7560408625349115,#ffffff
-1.25766936659286e+00, 10.7600491009257908,#ffffff
-1.22382567485258e+00, 10.7639509292625277,#ffffff
-1.18996988025337e+00, 10.7677463089585181,#ffffff
-1.15610231760754e+00, 10.7714352024798643,#ffffff
-1.12222332184380e+00, 10.7750175733457567,#ffffff
-1.08833322800389e+00, 10.7784933861288152,#ffffff
-1.05443237123933e+00, 10.7818626064554639,#ffffff
-1.02052108680808e+00, 10.7851252010062488,#ffffff
-9.86599710071187e-01, 10.7882811375161811,#ffffff
-9.52668576489553e-01, 10.7913303847750566,#ffffff
-9.18728021620535e-01, 10.7942729126277523,#ffffff
-8.84778381114676e-01, 10.7971086919745360,#ffffff
-8.50819990712370e-01, 10.7998376947713517,#ffffff
-8.16853186240531e-01, 10.8024598940300951,#ffffff
-7.82878303609297e-01, 10.8049752638188785,#ffffff
-7.48895678808679e-01, 10.8073837792622918,#ffffff
-7.14905647905270e-01, 10.8096854165416456,#ffffff
-6.80908547038887e-01, 10.8118801528952115,#ffffff
-6.46904712419281e-01, 10.8139679666184385,#ffffff
-6.12894480322778e-01, 10.8159488370641750,#ffffff
-5.78878187088992e-01, 10.8178227446428679,#ffffff
-5.44856169117456e-01, 10.8195896708227632,#ffffff
-5.10828762864337e-01, 10.8212495981300840,#ffffff
-4.76796304839069e-01, 10.8228025101491987,#ffffff
-4.42759131601060e-01, 10.8242483915227972,#ffffff
-4.08717579756349e-01, 10.8255872279520293,#ffffff
-3.74671985954260e-01, 10.8268190061966525,#ffffff
-3.40622686884111e-01, 10.8279437140751629,#ffffff
-3.06570019271843e-01, 10.8289613404649145,#ffffff
-2.72514319876728e-01, 10.8298718753022243,#ffffff
-2.38455925488001e-01, 10.8306753095824853,#ffffff
-2.04395172921570e-01, 10.8313716353602398,#ffffff
-1.70332399016643e-01, 10.8319608457492684,#ffffff
-1.36267940632437e-01, 10.8324429349226570,#ffffff
-1.02202134644808e-01, 10.8328178981128467,#ffffff
-6.81353179429605e-02, 10.8330857316116909,#ffffff
-3.40678274260719e-02, 10.8332464327704869,#ffffff
 6.63326400643198e-16, 10.8332999999999995,#ffffff
