x,y,fill
 1.32672110985629e-16, 2.16670000000000007,#000000
-6.81369127450220e-03, 2.16668928635631008,#000000
-1.36273151659238e-02, 2.16665714553119093,#000000
-2.04408042918502e-02, 2.16660357784249546,#000000
-2.72540912712000e-02, 2.16652858381997371,#000000
-3.40671087248904e-02, 2.16643216420526930,#000000
-4.08797892765045e-02, 2.16631431995191059,#000000
-4.76920655529573e-02, 2.16617505222530271,#000000
-5.45038701851607e-02, 2.16601436240271505,#000000
-6.13151358086920e-02, 2.16583225207326757,#000000
-6.81257950644586e-02, 2.16562872303791609,#000000
-7.49357805993645e-02, 2.16540377730943367,#000000
-8.17450250669764e-02, 2.16515741711239063,#000000
-8.85534611281896e-02, 2.16488964488313318,#000000
-9.53610214518942e-02, 2.16460046326975819,#000000
-1.02167638715640e-01, 2.16428987513208826,#000000
-1.08973245606305e-01, 2.16395788354164331,#000000
-1.15777774820757e-01, 2.16360449178160907,#000000
-1.22581159066523e-01, 2.16322970334680553,#000000
-1.29383331062451e-01, 2.16283352194365275,#000000
-1.36184223539379e-01, 2.16241595149013266,#000000
-1.42983769240799e-01, 2.16197699611575311,#000000
-1.49781900923520e-01, 2.16151666016150257,#000000
-1.56578551358336e-01, 2.16103494817981279,#000000
-1.63373653330689e-01, 2.16053186493450822,#000000
-1.70167139641336e-01, 2.16000741540076335,#000000
-1.76958943107010e-01, 2.15946160476505122,#000000
-1.83748996561086e-01, 2.15889443842509232,#000000
-1.90537232854246e-01, 2.15830592198980131,#000000
-1.97323584855144e-01, 2.15769606127923286,#000000
-2.04107985451067e-01, 2.15706486232452166,#000000
-2.10890367548601e-01, 2.15641233136782473,#000000
-2.17670664074292e-01, 2.15573847486225878,#000000
-2.24448807975313e-01, 2.15504329947183715,#000000
-2.31224732220123e-01, 2.15432681207140275,#000000
-2.37998369799135e-01, 2.15358901974656103,#000000
-2.44769653725372e-01, 2.15282992979361021,#000000
-2.51538517035136e-01, 2.15204954971946805,#000000
-2.58304892788667e-01, 2.15124788724159721,#000000
-2.65068714070803e-01, 2.15042495028793113,#000000
-2.71829913991647e-01, 2.14958074699679402,#000000
-2.78588425687225e-01, 2.14871528571681969,#000000
-2.85344182320145e-01, 2.14782857500687152,#000000
-2.92097117080266e-01, 2.14692062363595504,#000000
-2.98847163185349e-01, 2.14599144058313307,#000000
-3.05594253881722e-01, 2.14504103503743604,#000000
-3.12338322444945e-01, 2.14406941639777093,#000000
-3.19079302180460e-01, 2.14307659427282982,#000000
-3.25817126424257e-01, 2.14206257848099302,#000000
-3.32551728543532e-01, 2.14102737905023277,#000000
-3.39283041937346e-01, 2.13997100621801462,#000000
-3.46011000037283e-01, 2.13889347043119438,#000000
-3.52735536308110e-01, 2.13779478234591780,#000000
-3.59456584248431e-01, 2.13667495282751219,#000000
-3.66174077391350e-01, 2.13553399295037982,#000000
-3.72887949305125e-01, 2.13437191399789095,#000000
-3.79598133593824e-01, 2.13318872746226695,#000000
-3.86304563897987e-01, 2.13198444504447249,#000000
-3.93007173895273e-01, 2.13075907865409597,#000000
-3.99705897301127e-01, 2.12951264040923238,#000000
-4.06400667869426e-01, 2.12824514263636555,#000000
-4.13091419393141e-01, 2.12695659787024338,#000000
-4.19778085704986e-01, 2.12564701885375529,#000000
-4.26460600678077e-01, 2.12431641853780651,#000000
-4.33138898226584e-01, 2.12296481008118976,#000000
-4.39812912306384e-01, 2.12159220685045380,#000000
-4.46482576915714e-01, 2.12019862241977286,#000000
-4.53147826095827e-01, 2.11878407057081342,#000000
-4.59808593931640e-01, 2.11734856529259474,#000000
-4.66464814552387e-01, 2.11589212078135214,#000000
-4.73116422132273e-01, 2.11441475144039748,#000000
-4.79763350891122e-01, 2.11291647187997533,#000000
-4.86405535095029e-01, 2.11139729691711953,#000000
-4.93042909057008e-01, 2.10985724157550614,#000000
-4.99675407137645e-01, 2.10829632108530429,#000000
-5.06302963745746e-01, 2.10671455088302695,#000000
-5.12925513338982e-01, 2.10511194661137724,#000000
-5.19542990424544e-01, 2.10348852411909348,#000000
-5.26155329559785e-01, 2.10184429946079376,#000000
-5.32762465352867e-01, 2.10017928889681604,#000000
-5.39364332463414e-01, 2.09849350889305741,#000000
-5.45960865603150e-01, 2.09678697612081200,#000000
-5.52551999536552e-01, 2.09505970745660575,#000000
-5.59137669081490e-01, 2.09331171998202858,#000000
-5.65717809109871e-01, 2.09154303098356742,#000000
-5.72292354548291e-01, 2.08975365795243295,#000000
-5.78861240378667e-01, 2.08794361858438871,#000000
-5.85424401638891e-01, 2.08611293077957471,#000000
-5.91981773423463e-01, 2.08426161264233123,#000000
-5.98533290884140e-01, 2.08238968248101930,#000000
-6.05078889230575e-01, 2.08049715880784003,#000000
-6.11618503730954e-01, 2.07858406033864984,#000000
-6.18152069712643e-01, 2.07665040599277928,#000000
-6.24679522562823e-01, 2.07469621489284162,#000000
-6.31200797729128e-01, 2.07272150636454633,#000000
-6.37715830720287e-01, 2.07072629993650636,#000000
-6.44224557106762e-01, 2.06871061534004719,#000000
-6.50726912521379e-01, 2.06667447250900960,#000000
-6.57222832659973e-01, 2.06461789157955344,#000000
-6.63712253282018e-01, 2.06254089288995868,#000000
-6.70195110211262e-01, 2.06044349698042284,#000000
-6.76671339336368e-01, 2.05832572459286078,#000000
-6.83140876611541e-01, 2.05618759667069639,#000000
-6.89603658057165e-01, 2.05402913435865786,#000000
-6.96059619760434e-01, 2.05185035900256629,#000000
-7.02508697875986e-01, 2.04965129214912700,#000000
-7.08950828626533e-01, 2.04743195554571500,#000000
-7.15385948303493e-01, 2.04519237114016050,#000000
-7.21813993267616e-01, 2.04293256108053134,#000000
-7.28234899949620e-01, 2.04065254771491356,#000000
-7.34648604850812e-01, 2.03835235359119293,#000000
-7.41055044543726e-01, 2.03603200145682806,#000000
-7.47454155672739e-01, 2.03369151425862826,#000000
-7.53845874954705e-01, 2.03133091514252673,#000000
-7.60230139179578e-01, 2.02895022745334996,#000000
-7.66606885211038e-01, 2.02654947473458735,#000000
-7.72976049987116e-01, 2.02412868072815888,#000000
-7.79337570520815e-01, 2.02168786937418066,#000000
-7.85691383900737e-01, 2.01922706481072689,#000000
-7.92037427291702e-01, 2.01674629137359318,#000000
-7.98375637935369e-01, 2.01424557359605316,#000000
-8.04705953150857e-01, 2.01172493620861870,#000000
-8.11028310335372e-01, 2.00918440413879207,#000000
-8.17342646964811e-01, 2.00662400251082307,#000000
-8.23648900594397e-01, 2.00404375664545853,#000000
-8.29947008859283e-01, 2.00144369205969141,#000000
-8.36236909475179e-01, 1.99882383446651013,#000000
-8.42518540238959e-01, 1.99618420977464228,#000000
-8.48791839029285e-01, 1.99352484408830111,#000000
-8.55056743807213e-01, 1.99084576370692412,#000000
-8.61313192616814e-01, 1.98814699512491577,#000000
-8.67561123585780e-01, 1.98542856503138365,#000000
-8.73800474926042e-01, 1.98269050030987537,#000000
-8.80031184934375e-01, 1.97993282803811299,#000000
-8.86253191993014e-01, 1.97715557548772436,#000000
-8.92466434570259e-01, 1.97435877012397376,#000000
-8.98670851221085e-01, 1.97154243960549103,#000000
-9.04866380587752e-01, 1.96870661178399620,#000000
-9.11052961400406e-01, 1.96585131470402663,#000000
-9.17230532477693e-01, 1.96297657660265745,#000000
-9.23399032727356e-01, 1.96008242590922266,#000000
-9.29558401146843e-01, 1.95716889124503668,#000000
-9.35708576823911e-01, 1.95423600142310638,#000000
-9.41849498937229e-01, 1.95128378544784997,#000000
-9.47981106756975e-01, 1.94831227251480965,#000000
-9.54103339645439e-01, 1.94532149201036164,#000000
-9.60216137057628e-01, 1.94231147351142597,#000000
-9.66319438541854e-01, 1.93928224678517513,#000000
-9.72413183740341e-01, 1.93623384178873748,#000000
-9.78497312389818e-01, 1.93316628866890361,#000000
-9.84571764322116e-01, 1.93007961776182579,#000000
-9.90636479464760e-01, 1.92697385959272061,#000000
-9.96691397841570e-01, 1.92384904487556319,#000000
-1.00273645957325e+00, 1.92070520451278792,#000000
-1.00877160487797e+00, 1.91754236959498003,#000000
-1.01479677407197e+00, 1.91436057140056892,#000000
-1.02081190757017e+00, 1.91115984139551798,#000000
-1.02681694588671e+00, 1.90794021123301527,#000000
-1.03281182963557e+00, 1.90470171275315914,#000000
-1.03879649953116e+00, 1.90144437798264287,#000000
-1.04477089638890e+00, 1.89816823913444055,#000000
-1.05073496112578e+00, 1.89487332860748348,#000000
-1.05668863476100e+00, 1.89155967898634669,#000000
-1.06263185841651e+00, 1.88822732304091989,#000000
-1.06856457331759e+00, 1.88487629372608834,#000000
-1.07448672079347e+00, 1.88150662418140402,#000000
-1.08039824227786e+00, 1.87811834773075947,#000000
-1.08629907930957e+00, 1.87471149788205826,#000000
-1.09218917353306e+00, 1.87128610832688191,#000000
-1.09806846669906e+00, 1.86784221294015751,#000000
-1.10393690066507e+00, 1.86437984577982507,#000000
-1.10979441739601e+00, 1.86089904108649740,#000000
-1.11564095896477e+00, 1.85739983328312253,#000000
-1.12147646755275e+00, 1.85388225697464448,#000000
-1.12730088545049e+00, 1.85034634694765954,#000000
-1.13311415505818e+00, 1.84679213817007293,#000000
-1.13891621888628e+00, 1.84321966579075269,#000000
-1.14470701955607e+00, 1.83962896513918306,#000000
-1.15048649980020e+00, 1.83602007172511295,#000000
-1.15625460246328e+00, 1.83239302123820758,#000000
-1.16201127050244e+00, 1.82874784954769365,#000000
-1.16775644698788e+00, 1.82508459270200474,#000000
-1.17349007510346e+00, 1.82140328692842446,#000000
-1.17921209814724e+00, 1.81770396863273054,#000000
-1.18492245953204e+00, 1.81398667439883265,#000000
-1.19062110278602e+00, 1.81025144098840940,#000000
-1.19630797155320e+00, 1.80649830534054900,#000000
-1.20198300959407e+00, 1.80272730457137942,#000000
-1.20764616078610e+00, 1.79893847597370438,#000000
-1.21329736912433e+00, 1.79513185701663303,#000000
-1.21893657872189e+00, 1.79130748534521045,#000000
-1.22456373381058e+00, 1.78746539878004351,#000000
-1.23017877874140e+00, 1.78360563531692984,#000000
-1.23578165798514e+00, 1.77972823312647987,#000000
-1.24137231613286e+00, 1.77583323055373898,#000000
-1.24695069789652e+00, 1.77192066611780930,#000000
-1.25251674810945e+00, 1.76799057851146957,#000000
-1.25807041172696e+00, 1.76404300660079127,#000000
-1.26361163382683e+00, 1.76007798942475358,#000000
-1.26914035960990e+00, 1.75609556619486007,#000000
-1.27465653440058e+00, 1.75209577629474689,#000000
-1.28016010364741e+00, 1.74807865927979811,#000000
-1.28565101292357e+00, 1.74404425487674875,#000000
-1.29112920792747e+00, 1.73999260298329861,#000000
-1.29659463448322e+00, 1.73592374366771174,#000000
-1.30204723854124e+00, 1.73183771716842316,#000000
-1.30748696617873e+00, 1.72773456389364188,#000000
-1.31291376360023e+00, 1.72361432442094831,#000000
-1.31832757713817e+00, 1.71947703949689390,#000000
-1.32372835325337e+00, 1.71532275003660084,#000000
-1.32911603853558e+00, 1.71115149712335479,#000000
-1.33449057970401e+00, 1.70696332200819745,#000000
-1.33985192360786e+00, 1.70275826610952286,#000000
-1.34520001722686e+00, 1.69853637101266308,#000000
-1.35053480767173e+00, 1.69429767846948121,#000000
-1.35585624218481e+00, 1.69004223039795431,#000000
-1.36116426814047e+00, 1.68577006888176339,#000000
-1.36645883304571e+00, 1.68148123616987211,#000000
-1.37173988454064e+00, 1.67717577467611334,#000000
-1.37700737039903e+00, 1.67285372697876911,#000000
-1.38226123852877e+00, 1.66851513582014577,#000000
-1.38750143697245e+00, 1.66416004410615503,#000000
-1.39272791390782e+00, 1.65978849490588964,#000000
-1.39794061764837e+00, 1.65540053145119637,#000000
-1.40313949664374e+00, 1.65099619713624635,#000000
-1.40832449948034e+00, 1.64657553551711144,#000000
-1.41349557488176e+00, 1.64213859031132658,#000000
-1.41865267170937e+00, 1.63768540539746432,#000000
-1.42379573896275e+00, 1.63321602481469497,#000000
-1.42892472578023e+00, 1.62873049276235649,#000000
-1.43403958143937e+00, 1.62422885359951130,#000000
-1.43914025535752e+00, 1.61971115184451353,#000000
-1.44422669709225e+00, 1.61517743217456600,#000000
-1.44929885634186e+00, 1.61062773942527682,#000000
-1.45435668294593e+00, 1.60606211859021863,#000000
-1.45940012688577e+00, 1.60148061482048298,#000000
-1.46442913828492e+00, 1.59688327342423420,#000000
-1.46944366740964e+00, 1.59227013986625843,#000000
-1.47444366466943e+00, 1.58764125976751957,#000000
-1.47942908061748e+00, 1.58299667890470097,#000000
-1.48439986595121e+00, 1.57833644320975974,#000000
-1.48935597151269e+00, 1.57366059876946851,#000000
-1.49429734828920e+00, 1.56896919182495953,#000000
-1.49922394741365e+00, 1.56426226877126839,#000000
-1.50413572016510e+00, 1.55953987615687639,#000000
-1.50903261796925e+00, 1.55480206068324867,#000000
-1.51391459239887e+00, 1.55004886920437168,#000000
-1.51878159517435e+00, 1.54528034872629094,#000000
-1.52363357816412e+00, 1.54049654640664713,#000000
-1.52847049338514e+00, 1.53569750955420870,#000000
-1.53329229300339e+00, 1.53088328562840137,#000000
-1.53809892933434e+00, 1.52605392223884517,#000000
-1.54289035484340e+00, 1.52120946714487637,#000000
-1.54766652214643e+00, 1.51634996825508095,#000000
-1.55242738401015e+00, 1.51147547362681811,#000000
-1.55717289335266e+00, 1.50658603146574444,#000000
-1.56190300324390e+00, 1.50168169012533803,#000000
-1.56661766690607e+00, 1.49676249810642137,#000000
-1.57131683771415e+00, 1.49182850405668144,#000000
-1.57600046919632e+00, 1.48687975677018591,#000000
-1.58066851503445e+00, 1.48191630518690265,#000000
-1.58532092906451e+00, 1.47693819839221785,#000000
-1.58995766527709e+00, 1.47194548561644756,#000000
-1.59457867781781e+00, 1.46693821623434961,#000000
-1.59918392098779e+00, 1.46191643976464092,#000000
-1.60377334924410e+00, 1.45688020586950073,#000000
-1.60834691720021e+00, 1.45182956435408594,#000000
-1.61290457962644e+00, 1.44676456516603502,#000000
-1.61744629145039e+00, 1.44168525839497330,#000000
-1.62197200775742e+00, 1.43659169427201960,#000000
-1.62648168379108e+00, 1.43148392316928930,#000000
-1.63097527495352e+00, 1.42636199559939736,#000000
-1.63545273680598e+00, 1.42122596221495434,#000000
-1.63991402506922e+00, 1.41607587380806854,#000000
-1.64435909562391e+00, 1.41091178130984596,#000000
-1.64878790451113e+00, 1.40573373578988314,#000000
-1.65320040793279e+00, 1.40054178845576138,#000000
-1.65759656225201e+00, 1.39533599065254488,#000000
-1.66197632399363e+00, 1.39011639386226760,#000000
-1.66633964984457e+00, 1.38488304970342813,#000000
-1.67068649665433e+00, 1.37963600993047897,#000000
-1.67501682143533e+00, 1.37437532643331095,#000000
-1.67933058136343e+00, 1.36910105123674342,#000000
-1.68362773377827e+00, 1.36381323650000996,#000000
-1.68790823618375e+00, 1.35851193451624197,#000000
-1.69217204624841e+00, 1.35319719771194880,#000000
-1.69641912180588e+00, 1.34786907864650485,#000000
-1.70064942085527e+00, 1.34252763001162356,#000000
-1.70486290156162e+00, 1.33717290463084137,#000000
-1.70905952225628e+00, 1.33180495545899191,#000000
-1.71323924143733e+00, 1.32642383558168575,#000000
-1.71740201777001e+00, 1.32102959821478039,#000000
-1.72154781008709e+00, 1.31562229670385955,#000000
-1.72567657738933e+00, 1.31020198452370296,#000000
-1.72978827884583e+00, 1.30476871527775562,#000000
-1.73388287379449e+00, 1.29932254269760028,#000000
-1.73796032174235e+00, 1.29386352064242693,#000000
-1.74202058236605e+00, 1.28839170309849815,#000000
-1.74606361551218e+00, 1.28290714417861462,#000000
-1.75008938119772e+00, 1.27740989812158268,#000000
-1.75409783961039e+00, 1.27190001929167473,#000000
-1.75808895110909e+00, 1.26637756217809572,#000000
-1.76206267622426e+00, 1.26084258139443839,#000000
-1.76601897565828e+00, 1.25529513167815066,#000000
-1.76995781028587e+00, 1.24973526788998601,#000000
-1.77387914115444e+00, 1.24416304501346908,#000000
-1.77778292948453e+00, 1.23857851815434628,#000000
-1.78166913667014e+00, 1.23298174254004178,#000000
-1.78553772427916e+00, 1.22737277351911311,#000000
-1.78938865405371e+00, 1.22175166656070355,#000000
-1.79322188791054e+00, 1.21611847725399214,#000000
-1.79703738794140e+00, 1.21047326130764321,#000000
-1.80083511641341e+00, 1.20481607454926065,#000000
-1.80461503576946e+00, 1.19914697292482741,#000000
-1.80837710862855e+00, 1.19346601249816153,#000000
-1.81212129778615e+00, 1.18777324945035301,#000000
-1.81584756621461e+00, 1.18206874007921536,#000000
-1.81955587706352e+00, 1.17635254079872342,#000000
-1.82324619366002e+00, 1.17062470813845931,#000000
-1.82691847950923e+00, 1.16488529874305269,#000000
-1.83057269829457e+00, 1.15913436937161740,#000000
-1.83420881387814e+00, 1.15337197689719329,#000000
-1.83782679030107e+00, 1.14759817830618371,#000000
-1.84142659178386e+00, 1.14181303069779227,#000000
-1.84500818272677e+00, 1.13601659128345478,#000000
-1.84857152771012e+00, 1.13020891738627638,#000000
-1.85211659149472e+00, 1.12439006644046513,#000000
-1.85564333902211e+00, 1.11856009599076311,#000000
-1.85915173541502e+00, 1.11271906369187668,#000000
-1.86264174597762e+00, 1.10686702730790665,#000000
-1.86611333619593e+00, 1.10100404471177660,#000000
-1.86956647173813e+00, 1.09513017388466261,#000000
-1.87300111845489e+00, 1.08924547291541862,#000000
-1.87641724237974e+00, 1.08335000000000070,#000000
-1.87981480972939e+00, 1.07744381344089191,#000000
-1.88319378690405e+00, 1.07152697164652855,#000000
-1.88655414048778e+00, 1.06559953313071953,#000000
-1.88989583724882e+00, 1.05966155651206861,#000000
-1.89321884413991e+00, 1.05371310051339329,#000000
-1.89652312829862e+00, 1.04775422396114748,#000000
-1.89980865704767e+00, 1.04178498578483736,#000000
-1.90307539789528e+00, 1.03580544501643934,#000000
-1.90632331853546e+00, 1.02981566078981435,#000000
-1.90955238684832e+00, 1.02381569234012471,#000000
-1.91276257090043e+00, 1.01780559900324996,#000000
-1.91595383894512e+00, 1.01178544021519823,#000000
-1.91912615942276e+00, 1.00575527551151711,#000000
-1.92227950096112e+00, 0.99971516452670617,#000000
-1.92541383237566e+00, 0.99366516699362883,#000000
-1.92852912266982e+00, 0.98760534274292056,#000000
-1.93162534103537e+00, 0.98153575170239504,#000000
-1.93470245685267e+00, 0.97545645389645330,#000000
-1.93776043969100e+00, 0.96936750944549166,#000000
-1.94079925930884e+00, 0.96326897856530524,#000000
-1.94381888565421e+00, 0.95716092156649313,#000000
-1.94681928886492e+00, 0.95104339885386013,#000000
-1.94980043926887e+00, 0.94491647092582121,#000000
-1.95276230738440e+00, 0.93878019837380466,#000000
-1.95570486392050e+00, 0.93263464188165079,#000000
-1.95862807977715e+00, 0.92647986222501078,#000000
-1.96153192604561e+00, 0.92031592027074682,#000000
-1.96441637400869e+00, 0.91414287697633234,#000000
-1.96728139514101e+00, 0.90796079338924740,#000000
-1.97012696110935e+00, 0.90176973064637245,#000000
-1.97295304377286e+00, 0.89556974997338679,#000000
-1.97575961518338e+00, 0.88936091268416351,#000000
-1.97854664758570e+00, 0.88314328018016186,#000000
-1.98131411341784e+00, 0.87691691394982052,#000000
-1.98406198531132e+00, 0.87068187556794752,#000000
-1.98679023609142e+00, 0.86443822669511294,#000000
-1.98949883877749e+00, 0.85818602907704100,#000000
-1.99218776658316e+00, 0.85192534454399760,#000000
-1.99485699291664e+00, 0.84565623501017706,#000000
-1.99750649138098e+00, 0.83937876247309162,#000000
-2.00013623577432e+00, 0.83309298901295992,#000000
-2.00274620009015e+00, 0.82679897679209147,#000000
-2.00533635851760e+00, 0.82049678805427062,#000000
-2.00790668544163e+00, 0.81418648512414149,#000000
-2.01045715544335e+00, 0.80786813040659478,#000000
-2.01298774330022e+00, 0.80154178638614726,#000000
-2.01549842398634e+00, 0.79520751562632541,#000000
-2.01798917267267e+00, 0.78886538076904478,#000000
-2.02045996472728e+00, 0.78251544453399158,#000000
-2.02291077571562e+00, 0.77615776971800443,#000000
-2.02534158140072e+00, 0.76979241919445196,#000000
-2.02775235774344e+00, 0.76341945591260840,#000000
-2.03014308090276e+00, 0.75703894289703377,#000000
-2.03251372723592e+00, 0.75065094324695159,#000000
-2.03486427329875e+00, 0.74425552013562368,#000000
-2.03719469584583e+00, 0.73785273680972330,#000000
-2.03950497183077e+00, 0.73144265658871155,#000000
-2.04179507840641e+00, 0.72502534286421305,#000000
-2.04406499292504e+00, 0.71860085909938620,#000000
-2.04631469293864e+00, 0.71216926882829756,#000000
-2.04854415619912e+00, 0.70573063565529071,#000000
-2.05075336065850e+00, 0.69928502325435871,#000000
-2.05294228446916e+00, 0.69283249536851710,#000000
-2.05511090598401e+00, 0.68637311580917082,#000000
-2.05725920375677e+00, 0.67990694845548172,#000000
-2.05938715654215e+00, 0.67343405725373895,#000000
-2.06149474329604e+00, 0.66695450621672747,#000000
-2.06358194317574e+00, 0.66046835942309445,#000000
-2.06564873554018e+00, 0.65397568101671255,#000000
-2.06769509995008e+00, 0.64747653520604831,#000000
-2.06972101616821e+00, 0.64097098626352844,#000000
-2.07172646415954e+00, 0.63445909852490145,#000000
-2.07371142409145e+00, 0.62794093638860393,#000000
-2.07567587633397e+00, 0.62141656431512005,#000000
-2.07761980145990e+00, 0.61488604682634640,#000000
-2.07954318024506e+00, 0.60834944850495565,#000000
-2.08144599366844e+00, 0.60180683399375612,#000000
-2.08332822291245e+00, 0.59525826799505066,#000000
-2.08518984936301e+00, 0.58870381526999849,#000000
-2.08703085460984e+00, 0.58214354063797635,#000000
-2.08885122044655e+00, 0.57557750897593629,#000000
-2.09065092887089e+00, 0.56900578521776202,#000000
-2.09242996208488e+00, 0.56242843435362799,#000000
-2.09418830249501e+00, 0.55584552142935928,#000000
-2.09592593271241e+00, 0.54925711154578549,#000000
-2.09764283555302e+00, 0.54266326985809821,#000000
-2.09933899403776e+00, 0.53606406157520448,#000000
-2.10101439139271e+00, 0.52945955195908345,#000000
-2.10266901104924e+00, 0.52284980632414302,#000000
-2.10430283664422e+00, 0.51623489003657208,#000000
-2.10591585202015e+00, 0.50961486851369198,#000000
-2.10750804122534e+00, 0.50298980722331155,#000000
-2.10907938851403e+00, 0.49635977168308171,#000000
-2.11062987834661e+00, 0.48972482745984558,#000000
-2.11215949538971e+00, 0.48308504016898818,#000000
-2.11366822451640e+00, 0.47644047547378926,#000000
-2.11515605080630e+00, 0.46979119908477601,#000000
-2.11662295954575e+00, 0.46313727675907035,#000000
-2.11806893622795e+00, 0.45647877429974060,#000000
-2.11949396655312e+00, 0.44981575755514752,#000000
-2.12089803642861e+00, 0.44314829241829562,#000000
-2.12228113196907e+00, 0.43647644482618292,#000000
-2.12364323949654e+00, 0.42980028075914711,#000000
-2.12498434554066e+00, 0.42311986624021120,#000000
-2.12630443683874e+00, 0.41643526733443265,#000000
-2.12760350033591e+00, 0.40974655014825134,#000000
-2.12888152318526e+00, 0.40305378082883481,#000000
-2.13013849274795e+00, 0.39635702556342134,#000000
-2.13137439659336e+00, 0.38965635057866793,#000000
-2.13258922249918e+00, 0.38295182213999684,#000000
-2.13378295845155e+00, 0.37624350655093786,#000000
-2.13495559264518e+00, 0.36953147015247384,#000000
-2.13610711348347e+00, 0.36281577932238251,#000000
-2.13723750957860e+00, 0.35609650047458147,#000000
-2.13834676975168e+00, 0.34937370005847346,#000000
-2.13943488303282e+00, 0.34264744455828727,#000000
-2.14050183866128e+00, 0.33591780049241848,#000000
-2.14154762608555e+00, 0.32918483441277330,#000000
-2.14257223496344e+00, 0.32244861290411247,#000000
-2.14357565516222e+00, 0.31570920258339097,#000000
-2.14455787675872e+00, 0.30896667009909706,#000000
-2.14551889003938e+00, 0.30222108213059534,#000000
-2.14645868550039e+00, 0.29547250538746900,#000000
-2.14737725384776e+00, 0.28872100660885741,#000000
-2.14827458599745e+00, 0.28196665256279801,#000000
-2.14915067307541e+00, 0.27520951004556304,#000000
-2.15000550641768e+00, 0.26844964588100106,#000000
-2.15083907757052e+00, 0.26168712691987772,#000000
-2.15165137829043e+00, 0.25492202003921316,#000000
-2.15244240054428e+00, 0.24815439214161825,#000000
-2.15321213650935e+00, 0.24138431015463530,#000000
-2.15396057857345e+00, 0.23461184103007782,#000000
-2.15468771933496e+00, 0.22783705174336660,#000000
-2.15539355160292e+00, 0.22106000929286554,#000000
-2.15607806839709e+00, 0.21428078069922077,#000000
-2.15674126294804e+00, 0.20749943300469997,#000000
-2.15738312869721e+00, 0.20071603327252646,#000000
-2.15800365929693e+00, 0.19393064858621778,#000000
-2.15860284861056e+00, 0.18714334604891958,#000000
-2.15918069071249e+00, 0.18035419278274373,#000000
-2.15973717988825e+00, 0.17356325592810665,#000000
-2.16027231063449e+00, 0.16677060264306326,#000000
-2.16078607765912e+00, 0.15997630010264105,#000000
-2.16127847588130e+00, 0.15318041549817746,#000000
-2.16174950043154e+00, 0.14638301603665760,#000000
-2.16219914665169e+00, 0.13958416894004741,#000000
-2.16262741009505e+00, 0.13278394144462632,#000000
-2.16303428652636e+00, 0.12598240080032874,#000000
-2.16341977192186e+00, 0.11917961427007145,#000000
-2.16378386246936e+00, 0.11237564912909520,#000000
-2.16412655456822e+00, 0.10557057266429638,#000000
-2.16444784482945e+00, 0.09876445217355982,#000000
-2.16474773007568e+00, 0.09195735496509501,#000000
-2.16502620734125e+00, 0.08514934835677257,#000000
-2.16528327387217e+00, 0.07834049967545645,#000000
-2.16551892712624e+00, 0.07153087625633629,#000000
-2.16573316477300e+00, 0.06472054544226336,#000000
-2.16592598469375e+00, 0.05790957458308653,#000000
-2.16609738498165e+00, 0.05109803103498435,#000000
-2.16624736394165e+00, 0.04428598215979600,#000000
-2.16637592009055e+00, 0.03747349532436185,#000000
-2.16648305215702e+00, 0.03066063789984958,#000000
-2.16656875908158e+00, 0.02384747726109468,#000000
-2.16663304001665e+00, 0.01703408078593120,#000000
-2.16667589432653e+00, 0.01022051585452353,#000000
-2.16669732158742e+00, 0.00340684984870203,#000000
-2.16669732158742e+00,-0.00340684984870150,#000000
-2.16667589432653e+00,-0.01022051585452204,#000000
-2.16663304001665e+00,-0.01703408078592970,#000000
-2.16656875908158e+00,-0.02384747726109415,#000000
-2.16648305215702e+00,-0.03066063789984905,#000000
-2.16637592009055e+00,-0.03747349532436035,#000000
-2.16624736394165e+00,-0.04428598215979546,#000000
-2.16609738498165e+00,-0.05109803103498286,#000000
-2.16592598469375e+00,-0.05790957458308600,#000000
-2.16573316477300e+00,-0.06472054544226283,#000000
-2.16551892712624e+00,-0.07153087625633481,#000000
-2.16528327387217e+00,-0.07834049967545496,#000000
-2.16502620734125e+00,-0.08514934835677203,#000000
-2.16474773007568e+00,-0.09195735496509447,#000000
-2.16444784482945e+00,-0.09876445217355831,#000000
-2.16412655456822e+00,-0.10557057266429490,#000000
-2.16378386246936e+00,-0.11237564912909467,#000000
-2.16341977192186e+00,-0.11917961427007093,#000000
-2.16303428652636e+00,-0.12598240080032724,#000000
-2.16262741009505e+00,-0.13278394144462580,#000000
-2.16219914665169e+00,-0.13958416894004591,#000000
-2.16174950043154e+00,-0.14638301603665704,#000000
-2.16127847588130e+00,-0.15318041549817693,#000000
-2.16078607765912e+00,-0.15997630010263952,#000000
-2.16027231063449e+00,-0.16677060264306176,#000000
-2.15973717988825e+00,-0.17356325592810609,#000000
-2.15918069071249e+00,-0.18035419278274317,#000000
-2.15860284861056e+00,-0.18714334604891805,#000000
-2.15800365929693e+00,-0.19393064858621631,#000000
-2.15738312869721e+00,-0.20071603327252593,#000000
-2.15674126294804e+00,-0.20749943300469947,#000000
-2.15607806839709e+00,-0.21428078069921927,#000000
-2.15539355160292e+00,-0.22106000929286404,#000000
-2.15468771933496e+00,-0.22783705174336513,#000000
-2.15396057857345e+00,-0.23461184103007726,#000000
-2.15321213650935e+00,-0.24138431015463477,#000000
-2.15244240054428e+00,-0.24815439214161678,#000000
-2.15165137829043e+00,-0.25492202003921166,#000000
-2.15083907757052e+00,-0.26168712691987722,#000000
-2.15000550641768e+00,-0.26844964588100056,#000000
-2.14915067307541e+00,-0.27520951004556160,#000000
-2.14827458599745e+00,-0.28196665256279652,#000000
-2.14737725384777e+00,-0.28872100660885691,#000000
-2.14645868550039e+00,-0.29547250538746844,#000000
-2.14551889003938e+00,-0.30222108213059384,#000000
-2.14455787675872e+00,-0.30896667009909556,#000000
-2.14357565516222e+00,-0.31570920258338953,#000000
-2.14257223496344e+00,-0.32244861290411192,#000000
-2.14154762608555e+00,-0.32918483441277274,#000000
-2.14050183866128e+00,-0.33591780049241698,#000000
-2.13943488303282e+00,-0.34264744455828577,#000000
-2.13834676975168e+00,-0.34937370005847290,#000000
-2.13723750957860e+00,-0.35609650047458091,#000000
-2.13610711348347e+00,-0.36281577932238102,#000000
-2.13495559264518e+00,-0.36953147015247234,#000000
-2.13378295845155e+00,-0.37624350655093730,#000000
-2.13258922249918e+00,-0.38295182213999640,#000000
-2.13137439659336e+00,-0.38965635057866738,#000000
-2.13013849274795e+00,-0.39635702556341984,#000000
-2.12888152318526e+00,-0.40305378082883331,#000000
-2.12760350033591e+00,-0.40974655014825084,#000000
-2.12630443683874e+00,-0.41643526733443209,#000000
-2.12498434554066e+00,-0.42311986624020975,#000000
-2.12364323949654e+00,-0.42980028075914561,#000000
-2.12228113196907e+00,-0.43647644482618236,#000000
-2.12089803642861e+00,-0.44314829241829506,#000000
-2.11949396655312e+00,-0.44981575755514602,#000000
-2.11806893622795e+00,-0.45647877429973904,#000000
-2.11662295954575e+00,-0.46313727675906985,#000000
-2.11515605080630e+00,-0.46979119908477546,#000000
-2.11366822451640e+00,-0.47644047547378870,#000000
-2.11215949538971e+00,-0.48308504016898673,#000000
-2.11062987834661e+00,-0.48972482745984414,#000000
-2.10907938851403e+00,-0.49635977168308115,#000000
-2.10750804122534e+00,-0.50298980722331099,#000000
-2.10591585202015e+00,-0.50961486851369053,#000000
-2.10430283664422e+00,-0.51623489003657064,#000000
-2.10266901104924e+00,-0.52284980632414257,#000000
-2.10101439139271e+00,-0.52945955195908290,#000000
-2.09933899403777e+00,-0.53606406157520292,#000000
-2.09764283555302e+00,-0.54266326985809676,#000000
-2.09592593271241e+00,-0.54925711154578494,#000000
-2.09418830249501e+00,-0.55584552142935872,#000000
-2.09242996208488e+00,-0.56242843435362733,#000000
-2.09065092887089e+00,-0.56900578521776057,#000000
-2.08885122044655e+00,-0.57557750897593485,#000000
-2.08703085460984e+00,-0.58214354063797569,#000000
-2.08518984936301e+00,-0.58870381526999782,#000000
-2.08332822291245e+00,-0.59525826799504922,#000000
-2.08144599366844e+00,-0.60180683399375468,#000000
-2.07954318024506e+00,-0.60834944850495520,#000000
-2.07761980145990e+00,-0.61488604682634584,#000000
-2.07567587633397e+00,-0.62141656431511860,#000000
-2.07371142409145e+00,-0.62794093638860249,#000000
-2.07172646415954e+00,-0.63445909852490101,#000000
-2.06972101616821e+00,-0.64097098626352800,#000000
-2.06769509995008e+00,-0.64747653520604787,#000000
-2.06564873554018e+00,-0.65397568101671111,#000000
-2.06358194317574e+00,-0.66046835942309301,#000000
-2.06149474329604e+00,-0.66695450621672692,#000000
-2.05938715654215e+00,-0.67343405725373828,#000000
-2.05725920375677e+00,-0.67990694845548039,#000000
-2.05511090598401e+00,-0.68637311580916938,#000000
-2.05294228446916e+00,-0.69283249536851665,#000000
-2.05075336065850e+00,-0.69928502325435815,#000000
-2.04854415619912e+00,-0.70573063565528926,#000000
-2.04631469293864e+00,-0.71216926882829612,#000000
-2.04406499292504e+00,-0.71860085909938576,#000000
-2.04179507840641e+00,-0.72502534286421261,#000000
-2.03950497183077e+00,-0.73144265658871099,#000000
-2.03719469584583e+00,-0.73785273680972185,#000000
-2.03486427329875e+00,-0.74425552013562224,#000000
-2.03251372723592e+00,-0.75065094324695103,#000000
-2.03014308090276e+00,-0.75703894289703311,#000000
-2.02775235774344e+00,-0.76341945591260696,#000000
-2.02534158140072e+00,-0.76979241919445052,#000000
-2.02291077571562e+00,-0.77615776971800399,#000000
-2.02045996472728e+00,-0.78251544453399102,#000000
-2.01798917267267e+00,-0.78886538076904333,#000000
-2.01549842398634e+00,-0.79520751562632419,#000000
-2.01298774330022e+00,-0.80154178638614682,#000000
-2.01045715544335e+00,-0.80786813040659433,#000000
-2.00790668544163e+00,-0.81418648512414105,#000000
-2.00533635851760e+00,-0.82049678805426929,#000000
-2.00274620009015e+00,-0.82679897679209013,#000000
-2.00013623577432e+00,-0.83309298901295947,#000000
-1.99750649138098e+00,-0.83937876247309107,#000000
-1.99485699291664e+00,-0.84565623501017573,#000000
-1.99218776658316e+00,-0.85192534454399627,#000000
-1.98949883877749e+00,-0.85818602907704056,#000000
-1.98679023609142e+00,-0.86443822669511250,#000000
-1.98406198531132e+00,-0.87068187556794607,#000000
-1.98131411341784e+00,-0.87691691394981919,#000000
-1.97854664758570e+00,-0.88314328018016142,#000000
-1.97575961518338e+00,-0.88936091268416306,#000000
-1.97295304377286e+00,-0.89556974997338612,#000000
-1.97012696110935e+00,-0.90176973064637100,#000000
-1.96728139514101e+00,-0.90796079338924596,#000000
-1.96441637400869e+00,-0.91414287697633190,#000000
-1.96153192604561e+00,-0.92031592027074549,#000000
-1.95862807977715e+00,-0.92647986222500944,#000000
-1.95570486392050e+00,-0.93263464188165024,#000000
-1.95276230738440e+00,-0.93878019837380422,#000000
-1.94980043926887e+00,-0.94491647092582076,#000000
-1.94681928886492e+00,-0.95104339885385880,#000000
-1.94381888565421e+00,-0.95716092156649257,#000000
-1.94079925930884e+00,-0.96326897856530480,#000000
-1.93776043969100e+00,-0.96936750944549122,#000000
-1.93470245685267e+00,-0.97545645389645197,#000000
-1.93162534103537e+00,-0.98153575170239382,#000000
-1.92852912266982e+00,-0.98760534274291922,#000000
-1.92541383237566e+00,-0.99366516699362828,#000000
-1.92227950096112e+00,-0.99971516452670484,#000000
-1.91912615942276e+00,-1.00575527551151578,#000000
-1.91595383894512e+00,-1.01178544021519801,#000000
-1.91276257090043e+00,-1.01780559900324952,#000000
-1.90955238684832e+00,-1.02381569234012426,#000000
-1.90632331853546e+00,-1.02981566078981301,#000000
-1.90307539789529e+00,-1.03580544501643868,#000000
-1.89980865704767e+00,-1.04178498578483691,#000000
-1.89652312829862e+00,-1.04775422396114704,#000000
-1.89321884413991e+00,-1.05371310051339195,#000000
-1.88989583724882e+00,-1.05966155651206750,#000000
-1.88655414048778e+00,-1.06559953313071842,#000000
-1.88319378690405e+00,-1.07152697164652788,#000000
-1.87981480972939e+00,-1.07744381344089080,#000000
-1.87641724237974e+00,-1.08334999999999937,#000000
-1.87300111845489e+00,-1.08924547291541840,#000000
-1.86956647173813e+00,-1.09513017388466194,#000000
-1.86611333619593e+00,-1.10100404471177615,#000000
-1.86264174597762e+00,-1.10686702730790554,#000000
-1.85915173541502e+00,-1.11271906369187623,#000000
-1.85564333902211e+00,-1.11856009599076245,#000000
-1.85211659149472e+00,-1.12439006644046469,#000000
-1.84857152771012e+00,-1.13020891738627483,#000000
-1.84500818272677e+00,-1.13601659128345345,#000000
-1.84142659178386e+00,-1.14181303069779094,#000000
-1.83782679030107e+00,-1.14759817830618327,#000000
-1.83420881387814e+00,-1.15337197689719195,#000000
-1.83057269829457e+00,-1.15913436937161629,#000000
-1.82691847950923e+00,-1.16488529874305224,#000000
-1.82324619366002e+00,-1.17062470813845887,#000000
-1.81955587706352e+00,-1.17635254079872276,#000000
-1.81584756621461e+00,-1.18206874007921425,#000000
-1.81212129778615e+00,-1.18777324945035256,#000000
-1.80837710862855e+00,-1.19346601249816020,#000000
-1.80461503576946e+00,-1.19914697292482697,#000000
-1.80083511641341e+00,-1.20481607454925932,#000000
-1.79703738794140e+00,-1.21047326130764277,#000000
-1.79322188791054e+00,-1.21611847725399080,#000000
-1.78938865405371e+00,-1.22175166656070289,#000000
-1.78553772427916e+00,-1.22737277351911200,#000000
-1.78166913667014e+00,-1.23298174254004067,#000000
-1.77778292948453e+00,-1.23857851815434583,#000000
-1.77387914115444e+00,-1.24416304501346842,#000000
-1.76995781028587e+00,-1.24973526788998579,#000000
-1.76601897565828e+00,-1.25529513167814932,#000000
-1.76206267622426e+00,-1.26084258139443794,#000000
-1.75808895110909e+00,-1.26637756217809461,#000000
-1.75409783961039e+00,-1.27190001929167429,#000000
-1.75008938119772e+00,-1.27740989812158157,#000000
-1.74606361551218e+00,-1.28290714417861418,#000000
-1.74202058236605e+00,-1.28839170309849704,#000000
-1.73796032174235e+00,-1.29386352064242627,#000000
-1.73388287379449e+00,-1.29932254269759984,#000000
-1.72978827884584e+00,-1.30476871527775451,#000000
-1.72567657738933e+00,-1.31020198452370251,#000000
-1.72154781008709e+00,-1.31562229670385933,#000000
-1.71740201777001e+00,-1.32102959821478017,#000000
-1.71323924143733e+00,-1.32642383558168464,#000000
-1.70905952225628e+00,-1.33180495545899147,#000000
-1.70486290156162e+00,-1.33717290463084026,#000000
-1.70064942085527e+00,-1.34252763001162312,#000000
-1.69641912180588e+00,-1.34786907864650374,#000000
-1.69217204624841e+00,-1.35319719771194835,#000000
-1.68790823618375e+00,-1.35851193451624064,#000000
-1.68362773377827e+00,-1.36381323650000952,#000000
-1.67933058136343e+00,-1.36910105123674297,#000000
-1.67501682143534e+00,-1.37437532643330984,#000000
-1.67068649665433e+00,-1.37963600993047852,#000000
-1.66633964984457e+00,-1.38488304970342790,#000000
-1.66197632399363e+00,-1.39011639386226715,#000000
-1.65759656225201e+00,-1.39533599065254399,#000000
-1.65320040793279e+00,-1.40054178845576116,#000000
-1.64878790451114e+00,-1.40573373578988225,#000000
-1.64435909562391e+00,-1.41091178130984574,#000000
-1.63991402506922e+00,-1.41607587380806765,#000000
-1.63545273680598e+00,-1.42122596221495301,#000000
-1.63097527495352e+00,-1.42636199559939625,#000000
-1.62648168379108e+00,-1.43148392316928907,#000000
-1.62197200775742e+00,-1.43659169427201894,#000000
-1.61744629145039e+00,-1.44168525839497197,#000000
-1.61290457962644e+00,-1.44676456516603458,#000000
-1.60834691720021e+00,-1.45182956435408572,#000000
-1.60377334924410e+00,-1.45688020586950051,#000000
-1.59918392098779e+00,-1.46191643976463959,#000000
-1.59457867781781e+00,-1.46693821623434917,#000000
-1.58995766527709e+00,-1.47194548561644623,#000000
-1.58532092906451e+00,-1.47693819839221763,#000000
-1.58066851503445e+00,-1.48191630518690176,#000000
-1.57600046919632e+00,-1.48687975677018458,#000000
-1.57131683771415e+00,-1.49182850405668010,#000000
-1.56661766690607e+00,-1.49676249810642092,#000000
-1.56190300324390e+00,-1.50168169012533759,#000000
-1.55717289335266e+00,-1.50658603146574332,#000000
-1.55242738401015e+00,-1.51147547362681789,#000000
-1.54766652214643e+00,-1.51634996825508050,#000000
-1.54289035484340e+00,-1.52120946714487593,#000000
-1.53809892933434e+00,-1.52605392223884406,#000000
-1.53329229300339e+00,-1.53088328562840092,#000000
-1.52847049338514e+00,-1.53569750955420736,#000000
-1.52363357816412e+00,-1.54049654640664690,#000000
-1.51878159517435e+00,-1.54528034872629005,#000000
-1.51391459239888e+00,-1.55004886920437079,#000000
-1.50903261796925e+00,-1.55480206068324756,#000000
-1.50413572016510e+00,-1.55953987615687595,#000000
-1.49922394741365e+00,-1.56426226877126817,#000000
-1.49429734828920e+00,-1.56896919182495864,#000000
-1.48935597151269e+00,-1.57366059876946829,#000000
-1.48439986595121e+00,-1.57833644320975930,#000000
-1.47942908061748e+00,-1.58299667890470075,#000000
-1.47444366466943e+00,-1.58764125976751846,#000000
-1.46944366740964e+00,-1.59227013986625821,#000000
-1.46442913828492e+00,-1.59688327342423309,#000000
-1.45940012688577e+00,-1.60148061482048232,#000000
-1.45435668294593e+00,-1.60606211859021752,#000000
-1.44929885634186e+00,-1.61062773942527593,#000000
-1.44422669709225e+00,-1.61517743217456489,#000000
-1.43914025535752e+00,-1.61971115184451309,#000000
-1.43403958143938e+00,-1.62422885359951108,#000000
-1.42892472578023e+00,-1.62873049276235560,#000000
-1.42379573896275e+00,-1.63321602481469474,#000000
-1.41865267170937e+00,-1.63768540539746343,#000000
-1.41349557488176e+00,-1.64213859031132614,#000000
-1.40832449948034e+00,-1.64657553551711078,#000000
-1.40313949664374e+00,-1.65099619713624679,#000000
-1.39794061764837e+00,-1.65540053145119526,#000000
-1.39272791390783e+00,-1.65978849490588942,#000000
-1.38750143697245e+00,-1.66416004410615370,#000000
-1.38226123852877e+00,-1.66851513582014421,#000000
-1.37700737039903e+00,-1.67285372697876800,#000000
-1.37173988454064e+00,-1.67717577467611312,#000000
-1.36645883304571e+00,-1.68148123616987166,#000000
-1.36116426814047e+00,-1.68577006888176295,#000000
-1.35585624218481e+00,-1.69004223039795476,#000000
-1.35053480767173e+00,-1.69429767846948032,#000000
-1.34520001722686e+00,-1.69853637101266286,#000000
-1.33985192360787e+00,-1.70275826610952108,#000000
-1.33449057970401e+00,-1.70696332200819634,#000000
-1.32911603853558e+00,-1.71115149712335368,#000000
-1.32372835325337e+00,-1.71532275003660040,#000000
-1.31832757713817e+00,-1.71947703949689368,#000000
-1.31291376360023e+00,-1.72361432442094786,#000000
-1.30748696617873e+00,-1.72773456389364100,#000000
-1.30204723854124e+00,-1.73183771716842272,#000000
-1.29659463448322e+00,-1.73592374366771107,#000000
-1.29112920792747e+00,-1.73999260298329728,#000000
-1.28565101292357e+00,-1.74404425487674786,#000000
-1.28016010364741e+00,-1.74807865927979700,#000000
-1.27465653440058e+00,-1.75209577629474667,#000000
-1.26914035960990e+00,-1.75609556619485985,#000000
-1.26361163382683e+00,-1.76007798942475380,#000000
-1.25807041172696e+00,-1.76404300660079061,#000000
-1.25251674810945e+00,-1.76799057851146912,#000000
-1.24695069789652e+00,-1.77192066611780774,#000000
-1.24137231613287e+00,-1.77583323055373743,#000000
-1.23578165798514e+00,-1.77972823312647899,#000000
-1.23017877874140e+00,-1.78360563531692962,#000000
-1.22456373381058e+00,-1.78746539878004329,#000000
-1.21893657872189e+00,-1.79130748534521000,#000000
-1.21329736912433e+00,-1.79513185701663325,#000000
-1.20764616078610e+00,-1.79893847597370349,#000000
-1.20198300959407e+00,-1.80272730457137897,#000000
-1.19630797155320e+00,-1.80649830534054767,#000000
-1.19062110278602e+00,-1.81025144098840851,#000000
-1.18492245953204e+00,-1.81398667439883154,#000000
-1.17921209814724e+00,-1.81770396863273032,#000000
-1.17349007510346e+00,-1.82140328692842424,#000000
-1.16775644698788e+00,-1.82508459270200452,#000000
-1.16201127050244e+00,-1.82874784954769276,#000000
-1.15625460246328e+00,-1.83239302123820735,#000000
-1.15048649980020e+00,-1.83602007172511272,#000000
-1.14470701955607e+00,-1.83962896513918173,#000000
-1.13891621888628e+00,-1.84321966579075180,#000000
-1.13311415505818e+00,-1.84679213817007226,#000000
-1.12730088545049e+00,-1.85034634694765932,#000000
-1.12147646755275e+00,-1.85388225697464426,#000000
-1.11564095896477e+00,-1.85739983328312275,#000000
-1.10979441739601e+00,-1.86089904108649673,#000000
-1.10393690066507e+00,-1.86437984577982463,#000000
-1.09806846669906e+00,-1.86784221294015640,#000000
-1.09218917353306e+00,-1.87128610832688058,#000000
-1.08629907930957e+00,-1.87471149788205760,#000000
-1.08039824227786e+00,-1.87811834773075925,#000000
-1.07448672079347e+00,-1.88150662418140380,#000000
-1.06856457331759e+00,-1.88487629372608811,#000000
-1.06263185841651e+00,-1.88822732304092011,#000000
-1.05668863476100e+00,-1.89155967898634603,#000000
-1.05073496112578e+00,-1.89487332860748325,#000000
-1.04477089638890e+00,-1.89816823913443922,#000000
-1.03879649953117e+00,-1.90144437798264221,#000000
-1.03281182963558e+00,-1.90470171275315847,#000000
-1.02681694588671e+00,-1.90794021123301505,#000000
-1.02081190757018e+00,-1.91115984139551776,#000000
-1.01479677407198e+00,-1.91436057140056870,#000000
-1.00877160487797e+00,-1.91754236959498048,#000000
-1.00273645957325e+00,-1.92070520451278770,#000000
-9.96691397841571e-01,-1.92384904487556296,#000000
-9.90636479464762e-01,-1.92697385959271950,#000000
-9.84571764322117e-01,-1.93007961776182535,#000000
-9.78497312389819e-01,-1.93316628866890317,#000000
-9.72413183740342e-01,-1.93623384178873725,#000000
-9.66319438541854e-01,-1.93928224678517491,#000000
-9.60216137057628e-01,-1.94231147351142619,#000000
-9.54103339645441e-01,-1.94532149201036098,#000000
-9.47981106756975e-01,-1.94831227251480943,#000000
-9.41849498937231e-01,-1.95128378544784908,#000000
-9.35708576823913e-01,-1.95423600142310550,#000000
-9.29558401146844e-01,-1.95716889124503624,#000000
-9.23399032727356e-01,-1.96008242590922244,#000000
-9.17230532477693e-01,-1.96297657660265701,#000000
-9.11052961400407e-01,-1.96585131470402641,#000000
-9.04866380587751e-01,-1.96870661178399620,#000000
-8.98670851221086e-01,-1.97154243960549036,#000000
-8.92466434570259e-01,-1.97435877012397354,#000000
-8.86253191993016e-01,-1.97715557548772347,#000000
-8.80031184934377e-01,-1.97993282803811210,#000000
-8.73800474926043e-01,-1.98269050030987470,#000000
-8.67561123585781e-01,-1.98542856503138321,#000000
-8.61313192616814e-01,-1.98814699512491555,#000000
-8.55056743807213e-01,-1.99084576370692412,#000000
-8.48791839029284e-01,-1.99352484408830133,#000000
-8.42518540238960e-01,-1.99618420977464206,#000000
-8.36236909475179e-01,-1.99882383446650969,#000000
-8.29947008859285e-01,-2.00144369205969053,#000000
-8.23648900594398e-01,-2.00404375664545809,#000000
-8.17342646964813e-01,-2.00662400251082262,#000000
-8.11028310335372e-01,-2.00918440413879162,#000000
-8.04705953150858e-01,-2.01172493620861825,#000000
-7.98375637935368e-01,-2.01424557359605361,#000000
-7.92037427291703e-01,-2.01674629137359274,#000000
-7.85691383900738e-01,-2.01922706481072645,#000000
-7.79337570520818e-01,-2.02168786937417977,#000000
-7.72976049987118e-01,-2.02412868072815799,#000000
-7.66606885211039e-01,-2.02654947473458691,#000000
-7.60230139179579e-01,-2.02895022745334952,#000000
-7.53845874954705e-01,-2.03133091514252673,#000000
-7.47454155672739e-01,-2.03369151425862826,#000000
-7.41055044543726e-01,-2.03603200145682806,#000000
-7.34648604850814e-01,-2.03835235359119249,#000000
-7.28234899949620e-01,-2.04065254771491356,#000000
-7.21813993267618e-01,-2.04293256108053045,#000000
-7.15385948303495e-01,-2.04519237114016006,#000000
-7.08950828626535e-01,-2.04743195554571455,#000000
-7.02508697875987e-01,-2.04965129214912700,#000000
-6.96059619760434e-01,-2.05185035900256629,#000000
-6.89603658057165e-01,-2.05402913435865786,#000000
-6.83140876611541e-01,-2.05618759667069684,#000000
-6.76671339336369e-01,-2.05832572459286078,#000000
-6.70195110211263e-01,-2.06044349698042284,#000000
-6.63712253282020e-01,-2.06254089288995779,#000000
-6.57222832659975e-01,-2.06461789157955300,#000000
-6.50726912521381e-01,-2.06667447250900915,#000000
-6.44224557106763e-01,-2.06871061534004674,#000000
-6.37715830720288e-01,-2.07072629993650592,#000000
-6.31200797729128e-01,-2.07272150636454588,#000000
-6.24679522562824e-01,-2.07469621489284117,#000000
-6.18152069712644e-01,-2.07665040599277928,#000000
-6.11618503730957e-01,-2.07858406033864940,#000000
-6.05078889230577e-01,-2.08049715880783959,#000000
-5.98533290884142e-01,-2.08238968248101930,#000000
-5.91981773423464e-01,-2.08426161264233123,#000000
-5.85424401638891e-01,-2.08611293077957471,#000000
-5.78861240378667e-01,-2.08794361858438871,#000000
-5.72292354548291e-01,-2.08975365795243295,#000000
-5.65717809109873e-01,-2.09154303098356698,#000000
-5.59137669081490e-01,-2.09331171998202814,#000000
-5.52551999536555e-01,-2.09505970745660530,#000000
-5.45960865603152e-01,-2.09678697612081155,#000000
-5.39364332463415e-01,-2.09849350889305697,#000000
-5.32762465352868e-01,-2.10017928889681560,#000000
-5.26155329559785e-01,-2.10184429946079376,#000000
-5.19542990424544e-01,-2.10348852411909348,#000000
-5.12925513338982e-01,-2.10511194661137724,#000000
-5.06302963745747e-01,-2.10671455088302695,#000000
-4.99675407137646e-01,-2.10829632108530429,#000000
-4.93042909057010e-01,-2.10985724157550569,#000000
-4.86405535095030e-01,-2.11139729691711953,#000000
-4.79763350891123e-01,-2.11291647187997489,#000000
-4.73116422132274e-01,-2.11441475144039703,#000000
-4.66464814552387e-01,-2.11589212078135214,#000000
-4.59808593931640e-01,-2.11734856529259474,#000000
-4.53147826095828e-01,-2.11878407057081342,#000000
-4.46482576915715e-01,-2.12019862241977286,#000000
-4.39812912306386e-01,-2.12159220685045291,#000000
-4.33138898226586e-01,-2.12296481008118931,#000000
-4.26460600678079e-01,-2.12431641853780651,#000000
-4.19778085704987e-01,-2.12564701885375529,#000000
-4.13091419393141e-01,-2.12695659787024338,#000000
-4.06400667869426e-01,-2.12824514263636555,#000000
-3.99705897301126e-01,-2.12951264040923238,#000000
-3.93007173895274e-01,-2.13075907865409553,#000000
-3.86304563897987e-01,-2.13198444504447249,#000000
-3.79598133593827e-01,-2.13318872746226651,#000000
-3.72887949305127e-01,-2.13437191399789006,#000000
-3.66174077391352e-01,-2.13553399295037982,#000000
-3.59456584248432e-01,-2.13667495282751219,#000000
-3.52735536308110e-01,-2.13779478234591780,#000000
-3.46011000037283e-01,-2.13889347043119438,#000000
-3.39283041937345e-01,-2.13997100621801462,#000000
-3.32551728543533e-01,-2.14102737905023277,#000000
-3.25817126424257e-01,-2.14206257848099302,#000000
-3.19079302180462e-01,-2.14307659427282982,#000000
-3.12338322444947e-01,-2.14406941639777049,#000000
-3.05594253881724e-01,-2.14504103503743560,#000000
-2.98847163185349e-01,-2.14599144058313263,#000000
-2.92097117080266e-01,-2.14692062363595504,#000000
-2.85344182320145e-01,-2.14782857500687152,#000000
-2.78588425687226e-01,-2.14871528571681925,#000000
-2.71829913991648e-01,-2.14958074699679358,#000000
-2.65068714070804e-01,-2.15042495028793113,#000000
-2.58304892788669e-01,-2.15124788724159721,#000000
-2.51538517035138e-01,-2.15204954971946760,#000000
-2.44769653725373e-01,-2.15282992979361021,#000000
-2.37998369799135e-01,-2.15358901974656103,#000000
-2.31224732220123e-01,-2.15432681207140275,#000000
-2.24448807975313e-01,-2.15504329947183715,#000000
-2.17670664074293e-01,-2.15573847486225878,#000000
-2.10890367548602e-01,-2.15641233136782429,#000000
-2.04107985451070e-01,-2.15706486232452121,#000000
-1.97323584855146e-01,-2.15769606127923241,#000000
-1.90537232854248e-01,-2.15830592198980131,#000000
-1.83748996561087e-01,-2.15889443842509232,#000000
-1.76958943107010e-01,-2.15946160476505122,#000000
-1.70167139641336e-01,-2.16000741540076335,#000000
-1.63373653330689e-01,-2.16053186493450822,#000000
-1.56578551358337e-01,-2.16103494817981234,#000000
-1.49781900923520e-01,-2.16151666016150257,#000000
-1.42983769240801e-01,-2.16197699611575267,#000000
-1.36184223539381e-01,-2.16241595149013266,#000000
-1.29383331062452e-01,-2.16283352194365275,#000000
-1.22581159066524e-01,-2.16322970334680553,#000000
-1.15777774820758e-01,-2.16360449178160907,#000000
-1.08973245606305e-01,-2.16395788354164331,#000000
-1.02167638715642e-01,-2.16428987513208826,#000000
-9.53610214518952e-02,-2.16460046326975819,#000000
-8.85534611281902e-02,-2.16488964488313318,#000000
-8.17450250669784e-02,-2.16515741711239063,#000000
-7.49357805993660e-02,-2.16540377730943367,#000000
-6.81257950644596e-02,-2.16562872303791609,#000000
-6.13151358086925e-02,-2.16583225207326757,#000000
-5.45038701851608e-02,-2.16601436240271505,#000000
-4.76920655529569e-02,-2.16617505222530271,#000000
-4.08797892765060e-02,-2.16631431995191059,#000000
-3.40671087248914e-02,-2.16643216420526930,#000000
-2.72540912712024e-02,-2.16652858381997371,#000000
-2.04408042918522e-02,-2.16660357784249546,#000000
-1.36273151659253e-02,-2.16665714553119093,#000000
-6.81369127450321e-03,-2.16668928635631008,#000000
-3.98016332956886e-16,-2.16670000000000007,#000000
-3.67394039744206e-16,-2.00000000000000000,#000000
-6.28946441547350e-03,-1.99999011063489163,#000000
-1.25788666321367e-02,-1.99996044263736650,#000000
-1.88681444517933e-02,-1.99991099630082192,#000000
-2.51572356774823e-02,-1.99984177211425096,#000000
-3.14460781140826e-02,-1.99975277076223668,#000000
-3.77346095689352e-02,-1.99964399312494634,#000000
-4.40227678524548e-02,-1.99951544027812123,#000000
-5.03104907787518e-02,-1.99936711349306773,#000000
-5.65977161662367e-02,-1.99919901423664315,#000000
-6.28843818382421e-02,-1.99901114417124304,#000000
-6.91704256236342e-02,-1.99880350515478256,#000000
-7.54557853574343e-02,-1.99857609924068003,#000000
-8.17403988814235e-02,-1.99832892867783540,#000000
-8.80242040447641e-02,-1.99806199591060873,#000000
-9.43071387046125e-02,-1.99777530357879551,#000000
-1.00589140726732e-01,-1.99746885451760114,#000000
-1.06870147986115e-01,-1.99714265175761185,#000000
-1.13150098367585e-01,-1.99679669852476604,#000000
-1.19428929766421e-01,-1.99643099824032166,#000000
-1.25706580088964e-01,-1.99604555452082222,#000000
-1.31982987253241e-01,-1.99564037117806148,#000000
-1.38258089189570e-01,-1.99521545221904528,#000000
-1.44531823841175e-01,-1.99477080184595223,#000000
-1.50804129164803e-01,-1.99430642445609285,#000000
-1.57074943131339e-01,-1.99382232464186404,#000000
-1.63344203726414e-01,-1.99331850719070580,#000000
-1.69611848951019e-01,-1.99279497708505304,#000000
-1.75877816822124e-01,-1.99225173950228585,#000000
-1.82142045373281e-01,-1.99168879981467928,#000000
-1.88404472655253e-01,-1.99110616358934922,#000000
-1.94665036736606e-01,-1.99050383658819796,#000000
-2.00923675704337e-01,-1.98988182476785758,#000000
-2.07180327664478e-01,-1.98924013427962976,#000000
-2.13434930742718e-01,-1.98857877146942585,#000000
-2.19687423085000e-01,-1.98789774287770449,#000000
-2.25937742858147e-01,-1.98719705523940582,#000000
-2.32185828250460e-01,-1.98647671548388605,#000000
-2.38431617472347e-01,-1.98573673073484769,#000000
-2.44675048756915e-01,-1.98497710831027008,#000000
-2.50916060360593e-01,-1.98419785572233676,#000000
-2.57154590563738e-01,-1.98339898067736131,#000000
-2.63390577671247e-01,-1.98258049107571077,#000000
-2.69623960013169e-01,-1.98174239501172744,#000000
-2.75854675945308e-01,-1.98088470077364898,#000000
-2.82082663849840e-01,-1.98000741684352755,#000000
-2.88307862135916e-01,-1.97911055189714391,#000000
-2.94530209240282e-01,-1.97819411480392282,#000000
-3.00749643627874e-01,-1.97725811462684531,#000000
-3.06966103792433e-01,-1.97630256062235898,#000000
-3.13179528257115e-01,-1.97532746224028655,#000000
-3.19389855575099e-01,-1.97433282912373143,#000000
-3.25597024330189e-01,-1.97331867110898385,#000000
-3.31800973137427e-01,-1.97228499822542291,#000000
-3.38001640643699e-01,-1.97123182069541669,#000000
-3.44198965528338e-01,-1.97015914893422317,#000000
-3.50392886503738e-01,-1.96906699354988390,#000000
-3.56583342315952e-01,-1.96795536534312299,#000000
-3.62770271745303e-01,-1.96682427530723714,#000000
-3.68953613606984e-01,-1.96567373462798956,#000000
-3.75133306751674e-01,-1.96450375468349625,#000000
-3.81309290066130e-01,-1.96331434704411611,#000000
-3.87481502473796e-01,-1.96210552347233591,#000000
-3.93649882935410e-01,-1.96087729592265347,#000000
-3.99814370449609e-01,-1.95962967654145892,#000000
-4.05974904053523e-01,-1.95836267766691585,#000000
-4.12131422823386e-01,-1.95707631182883923,#000000
-4.18283865875136e-01,-1.95577059174856993,#000000
-4.24432172365016e-01,-1.95444553033885127,#000000
-4.30576281490181e-01,-1.95310114070369867,#000000
-4.36716132489291e-01,-1.95173743613827200,#000000
-4.42851664643119e-01,-1.95035443012874410,#000000
-4.48982817275145e-01,-1.94895213635216646,#000000
-4.55109529752165e-01,-1.94753056867633356,#000000
-4.61231741484881e-01,-1.94608974115964761,#000000
-4.67349391928506e-01,-1.94462966805097781,#000000
-4.73462420583359e-01,-1.94315036378952066,#000000
-4.79570766995472e-01,-1.94165184300465543,#000000
-4.85674370757175e-01,-1.94013412051580159,#000000
-4.91773171507701e-01,-1.93859721133227092,#000000
-4.97867108933784e-01,-1.93704113065311945,#000000
-5.03956122770250e-01,-1.93546589386699774,#000000
-5.10040152800621e-01,-1.93387151655199663,#000000
-5.16119138857701e-01,-1.93225801447549572,#000000
-5.22193020824177e-01,-1.93062540359400647,#000000
-5.28261738633212e-01,-1.92897370005301405,#000000
-5.34325232269043e-01,-1.92730292018681726,#000000
-5.40383441767565e-01,-1.92561308051836866,#000000
-5.46436307216932e-01,-1.92390419775910937,#000000
-5.52483768758150e-01,-1.92217628880880520,#000000
-5.58525766585660e-01,-1.92042937075537901,#000000
-5.64562240947944e-01,-1.91866346087474038,#000000
-5.70593132148100e-01,-1.91687857663061711,#000000
-5.76618380544445e-01,-1.91507473567438136,#000000
-5.82637926551094e-01,-1.91325195584487551,#000000
-5.88651710638564e-01,-1.91141025516823371,#000000
-5.94659673334345e-01,-1.90954965185770686,#000000
-6.00661755223502e-01,-1.90767016431348058,#000000
-6.06657896949253e-01,-1.90577181112249372,#000000
-6.12648039213567e-01,-1.90385461105825304,#000000
-6.18632122777738e-01,-1.90191858308065065,#000000
-6.24610088462980e-01,-1.89996374633577392,#000000
-6.30581877151004e-01,-1.89799012015571766,#000000
-6.36547429784617e-01,-1.89599772405839095,#000000
-6.42506687368288e-01,-1.89398657774732637,#000000
-6.48459590968743e-01,-1.89195670111148462,#000000
-6.54406081715544e-01,-1.88990811422505622,#000000
-6.60346100801673e-01,-1.88784083734726593,#000000
-6.66279589484115e-01,-1.88575489092216841,#000000
-6.72206489084433e-01,-1.88365029557844954,#000000
-6.78126740989351e-01,-1.88152707212922166,#000000
-6.84040286651337e-01,-1.87938524157181686,#000000
-6.89947067589181e-01,-1.87722482508757871,#000000
-6.95847025388568e-01,-1.87504584404165464,#000000
-7.01740101702662e-01,-1.87284831998278434,#000000
-7.07626238252678e-01,-1.87063227464308546,#000000
-7.13505376828463e-01,-1.86839772993783959,#000000
-7.19377459289072e-01,-1.86614470796527465,#000000
-7.25242427563334e-01,-1.86387323100634750,#000000
-7.31100223650439e-01,-1.86158332152452366,#000000
-7.36950789620500e-01,-1.85927500216555441,#000000
-7.42794067615136e-01,-1.85694829575725140,#000000
-7.48629999848038e-01,-1.85460322530926436,#000000
-7.54458528605541e-01,-1.85223981401285154,#000000
-7.60279596247193e-01,-1.84985808524065032,#000000
-7.66093145206335e-01,-1.84745806254644518,#000000
-7.71899117990658e-01,-1.84503976966493721,#000000
-7.77697457182776e-01,-1.84260323051150787,#000000
-7.83488105440794e-01,-1.84014846918198294,#000000
-7.89271005498882e-01,-1.83767550995239226,#000000
-7.95046100167826e-01,-1.83518437727873307,#000000
-8.00813332335608e-01,-1.83267509579672594,#000000
-8.06572644967963e-01,-1.83014769032157165,#000000
-8.12323981108945e-01,-1.82760218584770651,#000000
-8.18067283881492e-01,-1.82503860754855229,#000000
-8.23802496487986e-01,-1.82245698077627116,#000000
-8.29529562210815e-01,-1.81985733106151315,#000000
-8.35248424412933e-01,-1.81723968411316394,#000000
-8.40959026538429e-01,-1.81460406581808864,#000000
-8.46661312113069e-01,-1.81195050224087972,#000000
-8.52355224744871e-01,-1.80927901962359572,#000000
-8.58040708124654e-01,-1.80658964438550429,#000000
-8.63717706026595e-01,-1.80388240312281911,#000000
-8.69386162308791e-01,-1.80115732260843653,#000000
-8.75046020913809e-01,-1.79841442979167332,#000000
-8.80697225869240e-01,-1.79565375179799780,#000000
-8.86339721288252e-01,-1.79287531592876359,#000000
-8.91973451370152e-01,-1.79007914966093584,#000000
-8.97598360400925e-01,-1.78726528064682433,#000000
-9.03214392753791e-01,-1.78443373671380723,#000000
-9.08821492889754e-01,-1.78158454586405690,#000000
-9.14419605358158e-01,-1.77871773627426077,#000000
-9.20008674797222e-01,-1.77583333629534579,#000000
-9.25588645934599e-01,-1.77293137445219706,#000000
-9.31159463587914e-01,-1.77001187944337501,#000000
-9.36721072665321e-01,-1.76707488014083047,#000000
-9.42273418166036e-01,-1.76412040558962269,#000000
-9.47816445180887e-01,-1.76114848500762911,#000000
-9.53350098892856e-01,-1.75815914778525717,#000000
-9.58874324577619e-01,-1.75515242348515543,#000000
-9.64389067604095e-01,-1.75212834184191624,#000000
-9.69894273434976e-01,-1.74908693276178817,#000000
-9.75389887627270e-01,-1.74602822632237586,#000000
-9.80875855832841e-01,-1.74295225277234511,#000000
-9.86352123798949e-01,-1.73985904253111934,#000000
-9.91818637368779e-01,-1.73674862618858517,#000000
-9.97275342481984e-01,-1.73362103450478533,#000000
-1.00272218517521e+00,-1.73047629840961603,#000000
-1.00815911158265e+00,-1.72731444900252140,#000000
-1.01358606793655e+00,-1.72413551755218286,#000000
-1.01900300056775e+00,-1.72093953549621514,#000000
-1.02440985590623e+00,-1.71772653444085166,#000000
-1.02980658048162e+00,-1.71449654616063385,#000000
-1.03519312092376e+00,-1.71124960259809322,#000000
-1.04056942396316e+00,-1.70798573586344138,#000000
-1.04593543643161e+00,-1.70470497823424760,#000000
-1.05129110526264e+00,-1.70140736215512223,#000000
-1.05663637749210e+00,-1.69809292023739578,#000000
-1.06197120025864e+00,-1.69476168525879234,#000000
-1.06729552080425e+00,-1.69141369016311183,#000000
-1.07260928647476e+00,-1.68804896805990112,#000000
-1.07791244472043e+00,-1.68466755222412368,#000000
-1.08320494309638e+00,-1.68126947609583621,#000000
-1.08848672926316e+00,-1.67785477327985433,#000000
-1.09375775098726e+00,-1.67442347754542076,#000000
-1.09901795614161e+00,-1.67097562282587297,#000000
-1.10426729270614e+00,-1.66751124321830324,#000000
-1.10950570876823e+00,-1.66403037298322687,#000000
-1.11473315252329e+00,-1.66053304654424094,#000000
-1.11994957227519e+00,-1.65701929848768459,#000000
-1.12515491643687e+00,-1.65348916356229281,#000000
-1.13034913353079e+00,-1.64994267667886030,#000000
-1.13553217218942e+00,-1.64637987290989019,#000000
-1.14070398115580e+00,-1.64280078748924985,#000000
-1.14586450928404e+00,-1.63920545581182320,#000000
-1.15101370553978e+00,-1.63559391343315541,#000000
-1.15615151900074e+00,-1.63196619606910875,#000000
-1.16127789885721e+00,-1.62832233959550510,#000000
-1.16639279441255e+00,-1.62466238004777197,#000000
-1.17149615508368e+00,-1.62098635362058419,#000000
-1.17658793040161e+00,-1.61729429666750968,#000000
-1.18166807001192e+00,-1.61358624570064801,#000000
-1.18673652367524e+00,-1.60986223739026890,#000000
-1.19179324126780e+00,-1.60612230856445137,#000000
-1.19683817278185e+00,-1.60236649620871474,#000000
-1.20187126832625e+00,-1.59859483746566000,#000000
-1.20689247812685e+00,-1.59480736963459835,#000000
-1.21190175252710e+00,-1.59100413017117992,#000000
-1.21689904198843e+00,-1.58718515668702964,#000000
-1.22188429709085e+00,-1.58335048694937042,#000000
-1.22685746853332e+00,-1.57950015888065143,#000000
-1.23181850713436e+00,-1.57563421055817376,#000000
-1.23676736383243e+00,-1.57175268021370962,#000000
-1.24170398968649e+00,-1.56785560623313125,#000000
-1.24662833587643e+00,-1.56394302715602551,#000000
-1.25154035370361e+00,-1.56001498167531705,#000000
-1.25643999459128e+00,-1.55607150863687904,#000000
-1.26132721008511e+00,-1.55211264703915774,#000000
-1.26620195185364e+00,-1.54813843603278078,#000000
-1.27106417168877e+00,-1.54414891492017170,#000000
-1.27591382150622e+00,-1.54014412315516269,#000000
-1.28075085334605e+00,-1.53612410034259916,#000000
-1.28557521937308e+00,-1.53208888623795580,#000000
-1.29038687187739e+00,-1.52803852074693802,#000000
-1.29518576327479e+00,-1.52397304392509048,#000000
-1.29997184610729e+00,-1.51989249597739495,#000000
-1.30474507304358e+00,-1.51579691725788157,#000000
-1.30950539687947e+00,-1.51168634826922421,#000000
-1.31425277053838e+00,-1.50756082966233884,#000000
-1.31898714707179e+00,-1.50342040223598650,#000000
-1.32370847965974e+00,-1.49926510693636494,#000000
-1.32841672161123e+00,-1.49509498485670655,#000000
-1.33311182636474e+00,-1.49091007723687219,#000000
-1.33779374748868e+00,-1.48671042546294041,#000000
-1.34246243868181e+00,-1.48249607106680026,#000000
-1.34711785377373e+00,-1.47826705572574180,#000000
-1.35175994672536e+00,-1.47402342126204244,#000000
-1.35638867162933e+00,-1.46976520964255153,#000000
-1.36100398271050e+00,-1.46549246297827951,#000000
-1.36560583432638e+00,-1.46120522352397719,#000000
-1.37019418096756e+00,-1.45690353367772119,#000000
-1.37476897725822e+00,-1.45258743598049400,#000000
-1.37933017795652e+00,-1.44825697311576063,#000000
-1.38387773795509e+00,-1.44391218790904885,#000000
-1.38841161228145e+00,-1.43955312332752650,#000000
-1.39293175609844e+00,-1.43517982247957554,#000000
-1.39743812470473e+00,-1.43079232861436401,#000000
-1.40193067353519e+00,-1.42639068512142031,#000000
-1.40640935816137e+00,-1.42197493553020426,#000000
-1.41087413429191e+00,-1.41754512350967654,#000000
-1.41532495777301e+00,-1.41310129286786434,#000000
-1.41976178458886e+00,-1.40864348755143287,#000000
-1.42418457086205e+00,-1.40417175164524477,#000000
-1.42859327285404e+00,-1.39968612937193004,#000000
-1.43298784696557e+00,-1.39518666509144573,#000000
-1.43736824973708e+00,-1.39067340330063605,#000000
-1.44173443784917e+00,-1.38614638863279405,#000000
-1.44608636812302e+00,-1.38160566585722155,#000000
-1.45042399752079e+00,-1.37705127987878417,#000000
-1.45474728314610e+00,-1.37248327573746742,#000000
-1.45905618224438e+00,-1.36790169860793132,#000000
-1.46335065220336e+00,-1.36330659379906538,#000000
-1.46763065055346e+00,-1.35869800675353947,#000000
-1.47189613496821e+00,-1.35407598304735233,#000000
-1.47614706326468e+00,-1.34944056838938509,#000000
-1.48038339340389e+00,-1.34479180862094472,#000000
-1.48460508349122e+00,-1.34012974971531418,#000000
-1.48881209177684e+00,-1.33545443777729678,#000000
-1.49300437665610e+00,-1.33076591904275876,#000000
-1.49718189666998e+00,-1.32606423987817323,#000000
-1.50134461050545e+00,-1.32134944678016253,#000000
-1.50549247699591e+00,-1.31662158637503746,#000000
-1.50962545512160e+00,-1.31188070541833546,#000000
-1.51374350400998e+00,-1.30712685079435853,#000000
-1.51784658293618e+00,-1.30236006951571115,#000000
-1.52193465132334e+00,-1.29758040872283464,#000000
-1.52600766874305e+00,-1.29278791568353824,#000000
-1.53006559491578e+00,-1.28798263779253674,#000000
-1.53410838971120e+00,-1.28316462257097630,#000000
-1.53813601314863e+00,-1.27833391766596938,#000000
-1.54214842539745e+00,-1.27349057085012096,#000000
-1.54614558677744e+00,-1.26863463002105559,#000000
-1.55012745775920e+00,-1.26376614320094416,#000000
-1.55409399896458e+00,-1.25888515853603122,#000000
-1.55804517116698e+00,-1.25399172429615668,#000000
-1.56198093529184e+00,-1.24908588887427729,#000000
-1.56590125241693e+00,-1.24416770078599215,#000000
-1.56980608377281e+00,-1.23923720866905707,#000000
-1.57369539074318e+00,-1.23429446128291054,#000000
-1.57756913486526e+00,-1.22933950750818433,#000000
-1.58142727783019e+00,-1.22437239634622741,#000000
-1.58526978148337e+00,-1.21939317691861371,#000000
-1.58909660782489e+00,-1.21440189846666291,#000000
-1.59290771900986e+00,-1.20939861035095064,#000000
-1.59670307734881e+00,-1.20438336205081931,#000000
-1.60048264530806e+00,-1.19935620316388958,#000000
-1.60424638551009e+00,-1.19431718340557191,#000000
-1.60799426073388e+00,-1.18926635260857316,#000000
-1.61172623391534e+00,-1.18420376072240185,#000000
-1.61544226814761e+00,-1.17912945781287881,#000000
-1.61914232668149e+00,-1.17404349406163688,#000000
-1.62282637292573e+00,-1.16894591976563000,#000000
-1.62649437044747e+00,-1.16383678533662982,#000000
-1.63014628297252e+00,-1.15871614130073408,#000000
-1.63378207438581e+00,-1.15358403829785927,#000000
-1.63740170873166e+00,-1.14844052708124655,#000000
-1.64100515021418e+00,-1.14328565851695729,#000000
-1.64459236319762e+00,-1.13811948358336790,#000000
-1.64816331220673e+00,-1.13294205337066778,#000000
-1.65171796192709e+00,-1.12775341908035531,#000000
-1.65525627720546e+00,-1.12255363202473024,#000000
-1.65877822305017e+00,-1.11734274362638364,#000000
-1.66228376463139e+00,-1.11212080541769520,#000000
-1.66577286728155e+00,-1.10688786904031655,#000000
-1.66924549649563e+00,-1.10164398624466808,#000000
-1.67270161793155e+00,-1.09638920888941938,#000000
-1.67614119741045e+00,-1.09112358894098382,#000000
-1.67956420091708e+00,-1.08584717847299839,#000000
-1.68297059460010e+00,-1.08056002966581333,#000000
-1.68636034477244e+00,-1.07526219480597418,#000000
-1.68973341791164e+00,-1.06995372628570351,#000000
-1.69308978066012e+00,-1.06463467660238398,#000000
-1.69642939982560e+00,-1.05930509835804054,#000000
-1.69975224238137e+00,-1.05396504425881909,#000000
-1.70305827546662e+00,-1.04861456711446377,#000000
-1.70634746638679e+00,-1.04325371983779558,#000000
-1.70961978261385e+00,-1.03788255544419128,#000000
-1.71287519178669e+00,-1.03250112705105690,#000000
-1.71611366171138e+00,-1.02710948787730305,#000000
-1.71933516036149e+00,-1.02170769124281735,#000000
-1.72253965587846e+00,-1.01629579056793840,#000000
-1.72572711657186e+00,-1.01087383937292841,#000000
-1.72889751091973e+00,-1.00544189127744343,#000000
-1.73205080756888e+00,-1.00000000000000022,#000000
-1.73518697533520e+00,-0.99454821935744819,#000000
-1.73830598320400e+00,-0.98908660326443709,#000000
-1.74140780033026e+00,-0.98361520573288330,#000000
-1.74449239603897e+00,-0.97813408087143416,#000000
-1.74755973982546e+00,-0.97264328288493351,#000000
-1.75060980135563e+00,-0.96714286607388844,#000000
-1.75364255046631e+00,-0.96163288483392884,#000000
-1.75665795716554e+00,-0.95611339365527181,#000000
-1.75965599163286e+00,-0.95058444712218004,#000000
-1.76263662421961e+00,-0.94504609991242361,#000000
-1.76559982544924e+00,-0.93949840679674113,#000000
-1.76854556601756e+00,-0.93394142263829594,#000000
-1.77147381679306e+00,-0.92837520239213245,#000000
-1.77438454881721e+00,-0.92279980110463433,#000000
-1.77727773330471e+00,-0.91721527391298130,#000000
-1.78015334164381e+00,-0.91162167604460242,#000000
-1.78301134539657e+00,-0.90601906281662858,#000000
-1.78585171629914e+00,-0.90040748963534667,#000000
-1.78867442626205e+00,-0.89478701199565347,#000000
-1.79147944737051e+00,-0.88915768548050467,#000000
-1.79426675188463e+00,-0.88351956576036605,#000000
-1.79703631223973e+00,-0.87787270859266131,#000000
-1.79978810104664e+00,-0.87221716982122188,#000000
-1.80252209109189e+00,-0.86655300537573654,#000000
-1.80523825533807e+00,-0.86088027127119604,#000000
-1.80793656692403e+00,-0.85519902360733857,#000000
-1.81061699916519e+00,-0.84950931856809553,#000000
-1.81327952555378e+00,-0.84381121242103829,#000000
-1.81592411975909e+00,-0.83810476151681990,#000000
-1.81855075562778e+00,-0.83239002228861581,#000000
-1.82115940718407e+00,-0.82666705125156792,#000000
-1.82375004863007e+00,-0.82093590500222735,#000000
-1.82632265434597e+00,-0.81519664021799176,#000000
-1.82887719889033e+00,-0.80944931365654682,#000000
-1.83141365700034e+00,-0.80369398215530252,#000000
-1.83393200359203e+00,-0.79793070263083254,#000000
-1.83643221376055e+00,-0.79215953207831313,#000000
-1.83891426278041e+00,-0.78638052757095778,#000000
-1.84137812610573e+00,-0.78059374625945133,#000000
-1.84382377937045e+00,-0.77479924537138600,#000000
-1.84625119838862e+00,-0.76899708221069774,#000000
-1.84866035915462e+00,-0.76318731415709695,#000000
-1.85105123784336e+00,-0.75736999866550059,#000000
-1.85342381081057e+00,-0.75154519326546454,#000000
-1.85577805459302e+00,-0.74571295556061690,#000000
-1.85811394590873e+00,-0.73987334322808584,#000000
-1.86043146165721e+00,-0.73402641401793045,#000000
-1.86273057891971e+00,-0.72817222575256779,#000000
-1.86501127495941e+00,-0.72231083632620208,#000000
-1.86727352722169e+00,-0.71644230370425432,#000000
-1.86951731333430e+00,-0.71056668592278716,#000000
-1.87174261110762e+00,-0.70468404108792904,#000000
-1.87394939853488e+00,-0.69879442737530173,#000000
-1.87613765379233e+00,-0.69289790302944665,#000000
-1.87830735523954e+00,-0.68699452636324654,#000000
-1.88045848141952e+00,-0.68108435575734783,#000000
-1.88259101105901e+00,-0.67516744965958464,#000000
-1.88470492306864e+00,-0.66924386658440260,#000000
-1.88680019654316e+00,-0.66331366511227741,#000000
-1.88887681076166e+00,-0.65737690388913750,#000000
-1.89093474518773e+00,-0.65143364162578132,#000000
-1.89297397946970e+00,-0.64548393709729834,#000000
-1.89499449344086e+00,-0.63952784914249006,#000000
-1.89699626711959e+00,-0.63356543666328535,#000000
-1.89897928070963e+00,-0.62759675862415765,#000000
-1.90094351460022e+00,-0.62162187405154223,#000000
-1.90288894936635e+00,-0.61564084203325509,#000000
-1.90481556576890e+00,-0.60965372171790644,#000000
-1.90672334475486e+00,-0.60366057231431403,#000000
-1.90861226745750e+00,-0.59766145309091967,#000000
-1.91048231519657e+00,-0.59165642337520463,#000000
-1.91233346947850e+00,-0.58564554255310008,#000000
-1.91416571199654e+00,-0.57962887006840214,#000000
-1.91597902463098e+00,-0.57360646542218074,#000000
-1.91777338944930e+00,-0.56757838817219353,#000000
-1.91954878870638e+00,-0.56154469793229811,#000000
-1.92130520484464e+00,-0.55550545437186105,#000000
-1.92304262049425e+00,-0.54946071721516609,#000000
-1.92476101847327e+00,-0.54341054624082508,#000000
-1.92646038178783e+00,-0.53735500128118863,#000000
-1.92814069363230e+00,-0.53129414222175264,#000000
-1.92980193738948e+00,-0.52522802900056431,#000000
-1.93144409663071e+00,-0.51915672160763127,#000000
-1.93306715511608e+00,-0.51308028008432982,#000000
-1.93467109679458e+00,-0.50699876452280879,#000000
-1.93625590580424e+00,-0.50091223506539684,#000000
-1.93782156647230e+00,-0.49482075190400510,#000000
-1.93936806331538e+00,-0.48872437527953377,#000000
-1.94089538103959e+00,-0.48262316548127798,#000000
-1.94240350454075e+00,-0.47651718284632993,#000000
-1.94389241890447e+00,-0.47040648775898036,#000000
-1.94536210940632e+00,-0.46429114065012317,#000000
-1.94681256151201e+00,-0.45817120199665956,#000000
-1.94824376087747e+00,-0.45204673232089820,#000000
-1.94965569334907e+00,-0.44591779218995492,#000000
-1.95104834496368e+00,-0.43978444221515550,#000000
-1.95242170194886e+00,-0.43364674305143808,#000000
-1.95377575072299e+00,-0.42750475539675065,#000000
-1.95511047789537e+00,-0.42135853999145245,#000000
-1.95642587026642e+00,-0.41520815761771079,#000000
-1.95772191482772e+00,-0.40905366909890162,#000000
-1.95899859876223e+00,-0.40289513529900989,#000000
-1.96025590944435e+00,-0.39673261712202573,#000000
-1.96149383444008e+00,-0.39056617551134049,#000000
-1.96271236150712e+00,-0.38439587144914578,#000000
-1.96391147859501e+00,-0.37822176595583223,#000000
-1.96509117384526e+00,-0.37204392008938408,#000000
-1.96625143559141e+00,-0.36586239494477391,#000000
-1.96739225235922e+00,-0.35967725165335984,#000000
-1.96851361286674e+00,-0.35348855138228308,#000000
-1.96961550602442e+00,-0.34729635533386005,#000000
-1.97069792093523e+00,-0.34110072474497927,#000000
-1.97176084689479e+00,-0.33490172088649278,#000000
-1.97280427339143e+00,-0.32869940506261219,#000000
-1.97382819010632e+00,-0.32249383861030406,#000000
-1.97483258691358e+00,-0.31628508289868162,#000000
-1.97581745388036e+00,-0.31007319932839611,#000000
-1.97678278126695e+00,-0.30385824933103128,#000000
-1.97772855952687e+00,-0.29764029436849765,#000000
-1.97865477930699e+00,-0.29141939593242300,#000000
-1.97956143144757e+00,-0.28519561554354228,#000000
-1.98044850698240e+00,-0.27896901475109132,#000000
-1.98131599713886e+00,-0.27273965513219961,#000000
-1.98216389333804e+00,-0.26650759829127879,#000000
-1.98299218719477e+00,-0.26027290585941520,#000000
-1.98380087051775e+00,-0.25403563949375779,#000000
-1.98458993530963e+00,-0.24779586087691008,#000000
-1.98535937376704e+00,-0.24155363171632180,#000000
-1.98610917828074e+00,-0.23530901374367713,#000000
-1.98683934143562e+00,-0.22906206871428228,#000000
-1.98754985601085e+00,-0.22281285840645659,#000000
-1.98824071497988e+00,-0.21656144462092330,#000000
-1.98891191151056e+00,-0.21030788918019669,#000000
-1.98956343896517e+00,-0.20405225392796880,#000000
-1.99019529090053e+00,-0.19779460072849978,#000000
-1.99080746106803e+00,-0.19153499146600772,#000000
-1.99139994341368e+00,-0.18527348804405402,#000000
-1.99197273207821e+00,-0.17901015238493309,#000000
-1.99252582139711e+00,-0.17274504642905711,#000000
-1.99305920590067e+00,-0.16647823213434548,#000000
-1.99357288031407e+00,-0.16020977147561369,#000000
-1.99406683955738e+00,-0.15393972644395876,#000000
-1.99454107874567e+00,-0.14766815904614436,#000000
-1.99499559318900e+00,-0.14139513130398940,#000000
-1.99543037839252e+00,-0.13512070525375644,#000000
-1.99584543005649e+00,-0.12884494294553642,#000000
-1.99624074407629e+00,-0.12256790644263239,#000000
-1.99661631654254e+00,-0.11628965782095187,#000000
-1.99697214374104e+00,-0.11001025916838596,#000000
-1.99730822215291e+00,-0.10372977258420148,#000000
-1.99762454845454e+00,-0.09744826017842420,#000000
-1.99792111951765e+00,-0.09116578407122285,#000000
-1.99819793240936e+00,-0.08488240639229655,#000000
-1.99845498439216e+00,-0.07859818928026217,#000000
-1.99869227292396e+00,-0.07231319488203805,#000000
-1.99890979565814e+00,-0.06602748535222759,#000000
-1.99910755044353e+00,-0.05974112285250641,#000000
-1.99928553532446e+00,-0.05345416955100937,#000000
-1.99944374854078e+00,-0.04716668762171396,#000000
-1.99958218852785e+00,-0.04087873924382283,#000000
-1.99970085391660e+00,-0.03459038660115504,#000000
-1.99979974353350e+00,-0.02830169188152402,#000000
-1.99987885640059e+00,-0.02201271727612882,#000000
-1.99993819173549e+00,-0.01572352497893632,#000000
-1.99997774895143e+00,-0.00943417718606452,#000000
-1.99999752765719e+00,-0.00314473609516915,#000000
-1.99999752765719e+00, 0.00314473609516964,#000000
-1.99997774895143e+00, 0.00943417718606413,#000000
-1.99993819173549e+00, 0.01572352497893592,#000000
-1.99987885640059e+00, 0.02201271727612930,#000000
-1.99979974353350e+00, 0.02830169188152451,#000000
-1.99970085391660e+00, 0.03459038660115464,#000000
-1.99958218852785e+00, 0.04087873924382332,#000000
-1.99944374854078e+00, 0.04716668762171356,#000000
-1.99928553532446e+00, 0.05345416955100986,#000000
-1.99910755044353e+00, 0.05974112285250690,#000000
-1.99890979565814e+00, 0.06602748535222719,#000000
-1.99869227292396e+00, 0.07231319488203765,#000000
-1.99845498439216e+00, 0.07859818928026267,#000000
-1.99819793240936e+00, 0.08488240639229705,#000000
-1.99792111951765e+00, 0.09116578407122246,#000000
-1.99762454845454e+00, 0.09744826017842380,#000000
-1.99730822215291e+00, 0.10372977258420196,#000000
-1.99697214374104e+00, 0.11001025916838644,#000000
-1.99661631654254e+00, 0.11628965782095146,#000000
-1.99624074407629e+00, 0.12256790644263288,#000000
-1.99584543005649e+00, 0.12884494294553603,#000000
-1.99543037839252e+00, 0.13512070525375694,#000000
-1.99499559318900e+00, 0.14139513130398990,#000000
-1.99454107874567e+00, 0.14766815904614397,#000000
-1.99406683955738e+00, 0.15393972644395837,#000000
-1.99357288031407e+00, 0.16020977147561419,#000000
-1.99305920590067e+00, 0.16647823213434598,#000000
-1.99252582139711e+00, 0.17274504642905672,#000000
-1.99197273207821e+00, 0.17901015238493267,#000000
-1.99139994341368e+00, 0.18527348804405452,#000000
-1.99080746106803e+00, 0.19153499146600819,#000000
-1.99019529090053e+00, 0.19779460072849939,#000000
-1.98956343896517e+00, 0.20405225392796841,#000000
-1.98891191151056e+00, 0.21030788918019630,#000000
-1.98824071497988e+00, 0.21656144462092380,#000000
-1.98754985601085e+00, 0.22281285840645709,#000000
-1.98683934143562e+00, 0.22906206871428189,#000000
-1.98610917828074e+00, 0.23530901374367674,#000000
-1.98535937376704e+00, 0.24155363171632227,#000000
-1.98458993530963e+00, 0.24779586087691055,#000000
-1.98380087051775e+00, 0.25403563949375740,#000000
-1.98299218719477e+00, 0.26027290585941482,#000000
-1.98216389333804e+00, 0.26650759829127929,#000000
-1.98131599713886e+00, 0.27273965513220011,#000000
-1.98044850698240e+00, 0.27896901475109093,#000000
-1.97956143144757e+00, 0.28519561554354189,#000000
-1.97865477930699e+00, 0.29141939593242255,#000000
-1.97772855952687e+00, 0.29764029436849815,#000000
-1.97678278126695e+00, 0.30385824933103178,#000000
-1.97581745388036e+00, 0.31007319932839572,#000000
-1.97483258691358e+00, 0.31628508289868124,#000000
-1.97382819010632e+00, 0.32249383861030456,#000000
-1.97280427339143e+00, 0.32869940506261269,#000000
-1.97176084689479e+00, 0.33490172088649239,#000000
-1.97069792093523e+00, 0.34110072474497888,#000000
-1.96961550602442e+00, 0.34729635533386055,#000000
-1.96851361286674e+00, 0.35348855138228352,#000000
-1.96739225235922e+00, 0.35967725165336034,#000000
-1.96625143559141e+00, 0.36586239494477352,#000000
-1.96509117384526e+00, 0.37204392008938370,#000000
-1.96391147859501e+00, 0.37822176595583268,#000000
-1.96271236150712e+00, 0.38439587144914628,#000000
-1.96149383444008e+00, 0.39056617551134010,#000000
-1.96025590944435e+00, 0.39673261712202534,#000000
-1.95899859876223e+00, 0.40289513529901039,#000000
-1.95772191482772e+00, 0.40905366909890212,#000000
-1.95642587026642e+00, 0.41520815761771040,#000000
-1.95511047789537e+00, 0.42135853999145206,#000000
-1.95377575072299e+00, 0.42750475539675115,#000000
-1.95242170194886e+00, 0.43364674305143858,#000000
-1.95104834496368e+00, 0.43978444221515600,#000000
-1.94965569334907e+00, 0.44591779218995453,#000000
-1.94824376087747e+00, 0.45204673232089781,#000000
-1.94681256151201e+00, 0.45817120199666006,#000000
-1.94536210940632e+00, 0.46429114065012367,#000000
-1.94389241890447e+00, 0.47040648775897997,#000000
-1.94240350454075e+00, 0.47651718284632955,#000000
-1.94089538103959e+00, 0.48262316548127848,#000000
-1.93936806331538e+00, 0.48872437527953427,#000000
-1.93782156647230e+00, 0.49482075190400471,#000000
-1.93625590580424e+00, 0.50091223506539651,#000000
-1.93467109679458e+00, 0.50699876452280934,#000000
-1.93306715511608e+00, 0.51308028008433038,#000000
-1.93144409663071e+00, 0.51915672160763182,#000000
-1.92980193738948e+00, 0.52522802900056398,#000000
-1.92814069363230e+00, 0.53129414222175231,#000000
-1.92646038178783e+00, 0.53735500128118918,#000000
-1.92476101847327e+00, 0.54341054624082563,#000000
-1.92304262049425e+00, 0.54946071721516576,#000000
-1.92130520484464e+00, 0.55550545437186072,#000000
-1.91954878870638e+00, 0.56154469793229855,#000000
-1.91777338944930e+00, 0.56757838817219397,#000000
-1.91597902463098e+00, 0.57360646542218041,#000000
-1.91416571199654e+00, 0.57962887006840169,#000000
-1.91233346947850e+00, 0.58564554255310053,#000000
-1.91048231519657e+00, 0.59165642337520508,#000000
-1.90861226745750e+00, 0.59766145309092011,#000000
-1.90672334475486e+00, 0.60366057231431358,#000000
-1.90481556576890e+00, 0.60965372171790599,#000000
-1.90288894936635e+00, 0.61564084203325564,#000000
-1.90094351460022e+00, 0.62162187405154279,#000000
-1.89897928070963e+00, 0.62759675862415731,#000000
-1.89699626711959e+00, 0.63356543666328502,#000000
-1.89499449344086e+00, 0.63952784914249050,#000000
-1.89297397946970e+00, 0.64548393709729879,#000000
-1.89093474518773e+00, 0.65143364162578088,#000000
-1.88887681076166e+00, 0.65737690388913717,#000000
-1.88680019654316e+00, 0.66331366511227785,#000000
-1.88470492306864e+00, 0.66924386658440305,#000000
-1.88259101105901e+00, 0.67516744965958508,#000000
-1.88045848141952e+00, 0.68108435575734738,#000000
-1.87830735523954e+00, 0.68699452636324609,#000000
-1.87613765379233e+00, 0.69289790302944709,#000000
-1.87394939853488e+00, 0.69879442737530229,#000000
-1.87174261110762e+00, 0.70468404108792859,#000000
-1.86951731333430e+00, 0.71056668592278671,#000000
-1.86727352722169e+00, 0.71644230370425477,#000000
-1.86501127495941e+00, 0.72231083632620252,#000000
-1.86273057891971e+00, 0.72817222575256746,#000000
-1.86043146165721e+00, 0.73402641401793012,#000000
-1.85811394590873e+00, 0.73987334322808629,#000000
-1.85577805459302e+00, 0.74571295556061734,#000000
-1.85342381081057e+00, 0.75154519326546498,#000000
-1.85105123784336e+00, 0.75736999866550025,#000000
-1.84866035915462e+00, 0.76318731415709662,#000000
-1.84625119838862e+00, 0.76899708221069818,#000000
-1.84382377937045e+00, 0.77479924537138656,#000000
-1.84137812610573e+00, 0.78059374625945099,#000000
-1.83891426278041e+00, 0.78638052757095744,#000000
-1.83643221376055e+00, 0.79215953207831358,#000000
-1.83393200359203e+00, 0.79793070263083299,#000000
-1.83141365700034e+00, 0.80369398215530208,#000000
-1.82887719889033e+00, 0.80944931365654649,#000000
-1.82632265434597e+00, 0.81519664021799221,#000000
-1.82375004863007e+00, 0.82093590500222779,#000000
-1.82115940718407e+00, 0.82666705125156847,#000000
-1.81855075562778e+00, 0.83239002228861536,#000000
-1.81592411975909e+00, 0.83810476151681945,#000000
-1.81327952555378e+00, 0.84381121242103874,#000000
-1.81061699916519e+00, 0.84950931856809520,#000000
-1.80793656692403e+00, 0.85519902360733824,#000000
-1.80523825533807e+00, 0.86088027127119648,#000000
-1.80252209109189e+00, 0.86655300537573698,#000000
-1.79978810104664e+00, 0.87221716982122233,#000000
-1.79703631223973e+00, 0.87787270859266098,#000000
-1.79426675188463e+00, 0.88351956576036650,#000000
-1.79147944737051e+00, 0.88915768548050511,#000000
-1.78867442626205e+00, 0.89478701199565391,#000000
-1.78585171629914e+00, 0.90040748963534623,#000000
-1.78301134539657e+00, 0.90601906281662814,#000000
-1.78015334164381e+00, 0.91162167604460209,#000000
-1.77727773330471e+00, 0.91721527391298174,#000000
-1.77438454881721e+00, 0.92279980110463400,#000000
-1.77147381679306e+00, 0.92837520239213212,#000000
-1.76854556601756e+00, 0.93394142263829627,#000000
-1.76559982544924e+00, 0.93949840679674157,#000000
-1.76263662421961e+00, 0.94504609991242405,#000000
-1.75965599163286e+00, 0.95058444712217971,#000000
-1.75665795716554e+00, 0.95611339365527226,#000000
-1.75364255046631e+00, 0.96163288483392928,#000000
-1.75060980135563e+00, 0.96714286607388888,#000000
-1.74755973982546e+00, 0.97264328288493318,#000000
-1.74449239603897e+00, 0.97813408087143383,#000000
-1.74140780033026e+00, 0.98361520573288297,#000000
-1.73830598320400e+00, 0.98908660326443754,#000000
-1.73518697533520e+00, 0.99454821935744786,#000000
-1.73205080756888e+00, 0.99999999999999989,#000000
-1.72889751091973e+00, 1.00544189127744366,#000000
-1.72572711657186e+00, 1.01087383937292885,#000000
-1.72253965587846e+00, 1.01629579056793884,#000000
-1.71933516036149e+00, 1.02170769124281691,#000000
-1.71611366171138e+00, 1.02710948787730350,#000000
-1.71287519178669e+00, 1.03250112705105734,#000000
-1.70961978261385e+00, 1.03788255544419172,#000000
-1.70634746638679e+00, 1.04325371983779513,#000000
-1.70305827546662e+00, 1.04861456711446333,#000000
-1.69975224238137e+00, 1.05396504425881887,#000000
-1.69642939982560e+00, 1.05930509835804099,#000000
-1.69308978066012e+00, 1.06463467660238353,#000000
-1.68973341791164e+00, 1.06995372628570329,#000000
-1.68636034477244e+00, 1.07526219480597462,#000000
-1.68297059460010e+00, 1.08056002966581377,#000000
-1.67956420091708e+00, 1.08584717847299883,#000000
-1.67614119741045e+00, 1.09112358894098360,#000000
-1.67270161793155e+00, 1.09638920888941982,#000000
-1.66924549649563e+00, 1.10164398624466764,#000000
-1.66577286728155e+00, 1.10688786904031700,#000000
-1.66228376463139e+00, 1.11212080541769476,#000000
-1.65877822305017e+00, 1.11734274362638408,#000000
-1.65525627720546e+00, 1.12255363202472980,#000000
-1.65171796192709e+00, 1.12775341908035576,#000000
-1.64816331220673e+00, 1.13294205337066733,#000000
-1.64459236319762e+00, 1.13811948358336745,#000000
-1.64100515021417e+00, 1.14328565851695774,#000000
-1.63740170873166e+00, 1.14844052708124700,#000000
-1.63378207438581e+00, 1.15358403829785949,#000000
-1.63014628297252e+00, 1.15871614130073364,#000000
-1.62649437044747e+00, 1.16383678533663026,#000000
-1.62282637292573e+00, 1.16894591976562956,#000000
-1.61914232668149e+00, 1.17404349406163733,#000000
-1.61544226814761e+00, 1.17912945781287859,#000000
-1.61172623391534e+00, 1.18420376072240230,#000000
-1.60799426073388e+00, 1.18926635260857294,#000000
-1.60424638551009e+00, 1.19431718340557236,#000000
-1.60048264530806e+00, 1.19935620316389002,#000000
-1.59670307734881e+00, 1.20438336205081886,#000000
-1.59290771900986e+00, 1.20939861035095109,#000000
-1.58909660782489e+00, 1.21440189846666313,#000000
-1.58526978148337e+00, 1.21939317691861393,#000000
-1.58142727783019e+00, 1.22437239634622697,#000000
-1.57756913486526e+00, 1.22933950750818477,#000000
-1.57369539074318e+00, 1.23429446128291009,#000000
-1.56980608377281e+00, 1.23923720866905751,#000000
-1.56590125241693e+00, 1.24416770078599170,#000000
-1.56198093529184e+00, 1.24908588887427774,#000000
-1.55804517116698e+00, 1.25399172429615646,#000000
-1.55409399896458e+00, 1.25888515853603167,#000000
-1.55012745775920e+00, 1.26376614320094460,#000000
-1.54614558677744e+00, 1.26863463002105514,#000000
-1.54214842539745e+00, 1.27349057085012141,#000000
-1.53813601314863e+00, 1.27833391766596960,#000000
-1.53410838971120e+00, 1.28316462257097674,#000000
-1.53006559491578e+00, 1.28798263779253630,#000000
-1.52600766874305e+00, 1.29278791568353846,#000000
-1.52193465132334e+00, 1.29758040872283420,#000000
-1.51784658293618e+00, 1.30236006951571137,#000000
-1.51374350400998e+00, 1.30712685079435809,#000000
-1.50962545512160e+00, 1.31188070541833524,#000000
-1.50549247699591e+00, 1.31662158637503723,#000000
-1.50134461050545e+00, 1.32134944678016275,#000000
-1.49718189666998e+00, 1.32606423987817368,#000000
-1.49300437665610e+00, 1.33076591904275854,#000000
-1.48881209177684e+00, 1.33545443777729722,#000000
-1.48460508349122e+00, 1.34012974971531440,#000000
-1.48038339340389e+00, 1.34479180862094494,#000000
-1.47614706326468e+00, 1.34944056838938486,#000000
-1.47189613496821e+00, 1.35407598304735277,#000000
-1.46763065055346e+00, 1.35869800675353924,#000000
-1.46335065220336e+00, 1.36330659379906560,#000000
-1.45905618224438e+00, 1.36790169860793087,#000000
-1.45474728314610e+00, 1.37248327573746720,#000000
-1.45042399752080e+00, 1.37705127987878395,#000000
-1.44608636812302e+00, 1.38160566585722178,#000000
-1.44173443784917e+00, 1.38614638863279449,#000000
-1.43736824973708e+00, 1.39067340330063560,#000000
-1.43298784696557e+00, 1.39518666509144595,#000000
-1.42859327285404e+00, 1.39968612937193049,#000000
-1.42418457086205e+00, 1.40417175164524521,#000000
-1.41976178458886e+00, 1.40864348755143265,#000000
-1.41532495777301e+00, 1.41310129286786479,#000000
-1.41087413429191e+00, 1.41754512350967632,#000000
-1.40640935816137e+00, 1.42197493553020449,#000000
-1.40193067353520e+00, 1.42639068512142009,#000000
-1.39743812470473e+00, 1.43079232861436378,#000000
-1.39293175609844e+00, 1.43517982247957532,#000000
-1.38841161228145e+00, 1.43955312332752694,#000000
-1.38387773795509e+00, 1.44391218790904907,#000000
-1.37933017795652e+00, 1.44825697311576018,#000000
-1.37476897725822e+00, 1.45258743598049422,#000000
-1.37019418096756e+00, 1.45690353367772163,#000000
-1.36560583432638e+00, 1.46120522352397741,#000000
-1.36100398271051e+00, 1.46549246297827929,#000000
-1.35638867162933e+00, 1.46976520964255175,#000000
-1.35175994672536e+00, 1.47402342126204222,#000000
-1.34711785377373e+00, 1.47826705572574224,#000000
-1.34246243868181e+00, 1.48249607106680004,#000000
-1.33779374748868e+00, 1.48671042546294019,#000000
-1.33311182636474e+00, 1.49091007723687197,#000000
-1.32841672161123e+00, 1.49509498485670700,#000000
-1.32370847965974e+00, 1.49926510693636517,#000000
-1.31898714707179e+00, 1.50342040223598628,#000000
-1.31425277053838e+00, 1.50756082966233906,#000000
-1.30950539687947e+00, 1.51168634826922377,#000000
-1.30474507304358e+00, 1.51579691725788201,#000000
-1.29997184610729e+00, 1.51989249597739473,#000000
-1.29518576327479e+00, 1.52397304392509003,#000000
-1.29038687187739e+00, 1.52803852074693847,#000000
-1.28557521937308e+00, 1.53208888623795603,#000000
-1.28075085334605e+00, 1.53612410034259894,#000000
-1.27591382150622e+00, 1.54014412315516225,#000000
-1.27106417168877e+00, 1.54414891492017192,#000000
-1.26620195185364e+00, 1.54813843603278101,#000000
-1.26132721008511e+00, 1.55211264703915819,#000000
-1.25643999459128e+00, 1.55607150863687882,#000000
-1.25154035370361e+00, 1.56001498167531660,#000000
-1.24662833587643e+00, 1.56394302715602573,#000000
-1.24170398968649e+00, 1.56785560623313147,#000000
-1.23676736383243e+00, 1.57175268021370940,#000000
-1.23181850713436e+00, 1.57563421055817354,#000000
-1.22685746853332e+00, 1.57950015888065165,#000000
-1.22188429709085e+00, 1.58335048694937064,#000000
-1.21689904198843e+00, 1.58718515668702942,#000000
-1.21190175252710e+00, 1.59100413017117970,#000000
-1.20689247812685e+00, 1.59480736963459768,#000000
-1.20187126832625e+00, 1.59859483746566022,#000000
-1.19683817278185e+00, 1.60236649620871519,#000000
-1.19179324126780e+00, 1.60612230856445115,#000000
-1.18673652367524e+00, 1.60986223739026979,#000000
-1.18166807001192e+00, 1.61358624570064824,#000000
-1.17658793040161e+00, 1.61729429666750990,#000000
-1.17149615508368e+00, 1.62098635362058396,#000000
-1.16639279441255e+00, 1.62466238004777175,#000000
-1.16127789885721e+00, 1.62832233959550532,#000000
-1.15615151900074e+00, 1.63196619606910920,#000000
-1.15101370553978e+00, 1.63559391343315519,#000000
-1.14586450928404e+00, 1.63920545581182298,#000000
-1.14070398115580e+00, 1.64280078748925029,#000000
-1.13553217218942e+00, 1.64637987290989041,#000000
-1.13034913353079e+00, 1.64994267667886052,#000000
-1.12515491643687e+00, 1.65348916356229259,#000000
-1.11994957227519e+00, 1.65701929848768437,#000000
-1.11473315252328e+00, 1.66053304654424139,#000000
-1.10950570876823e+00, 1.66403037298322731,#000000
-1.10426729270614e+00, 1.66751124321830302,#000000
-1.09901795614161e+00, 1.67097562282587275,#000000
-1.09375775098726e+00, 1.67442347754542120,#000000
-1.08848672926316e+00, 1.67785477327985455,#000000
-1.08320494309638e+00, 1.68126947609583599,#000000
-1.07791244472043e+00, 1.68466755222412345,#000000
-1.07260928647477e+00, 1.68804896805990046,#000000
-1.06729552080424e+00, 1.69141369016311205,#000000
-1.06197120025864e+00, 1.69476168525879256,#000000
-1.05663637749210e+00, 1.69809292023739555,#000000
-1.05129110526264e+00, 1.70140736215512312,#000000
-1.04593543643161e+00, 1.70470497823424783,#000000
-1.04056942396316e+00, 1.70798573586344160,#000000
-1.03519312092376e+00, 1.71124960259809300,#000000
-1.02980658048163e+00, 1.71449654616063363,#000000
-1.02440985590623e+00, 1.71772653444085188,#000000
-1.01900300056775e+00, 1.72093953549621537,#000000
-1.01358606793655e+00, 1.72413551755218264,#000000
-1.00815911158265e+00, 1.72731444900252118,#000000
-1.00272218517521e+00, 1.73047629840961625,#000000
-9.97275342481983e-01, 1.73362103450478555,#000000
-9.91818637368779e-01, 1.73674862618858539,#000000
-9.86352123798949e-01, 1.73985904253111912,#000000
-9.80875855832841e-01, 1.74295225277234489,#000000
-9.75389887627269e-01, 1.74602822632237609,#000000
-9.69894273434975e-01, 1.74908693276178839,#000000
-9.64389067604096e-01, 1.75212834184191624,#000000
-9.58874324577620e-01, 1.75515242348515521,#000000
-9.53350098892855e-01, 1.75815914778525739,#000000
-9.47816445180886e-01, 1.76114848500762933,#000000
-9.42273418166036e-01, 1.76412040558962246,#000000
-9.36721072665321e-01, 1.76707488014083025,#000000
-9.31159463587914e-01, 1.77001187944337479,#000000
-9.25588645934598e-01, 1.77293137445219728,#000000
-9.20008674797222e-01, 1.77583333629534601,#000000
-9.14419605358158e-01, 1.77871773627426055,#000000
-9.08821492889755e-01, 1.78158454586405668,#000000
-9.03214392753790e-01, 1.78443373671380745,#000000
-8.97598360400924e-01, 1.78726528064682455,#000000
-8.91973451370152e-01, 1.79007914966093562,#000000
-8.86339721288252e-01, 1.79287531592876337,#000000
-8.80697225869239e-01, 1.79565375179799802,#000000
-8.75046020913809e-01, 1.79841442979167354,#000000
-8.69386162308792e-01, 1.80115732260843653,#000000
-8.63717706026595e-01, 1.80388240312281911,#000000
-8.58040708124653e-01, 1.80658964438550473,#000000
-8.52355224744871e-01, 1.80927901962359594,#000000
-8.46661312113069e-01, 1.81195050224087995,#000000
-8.40959026538429e-01, 1.81460406581808864,#000000
-8.35248424412934e-01, 1.81723968411316394,#000000
-8.29529562210814e-01, 1.81985733106151337,#000000
-8.23802496487985e-01, 1.82245698077627138,#000000
-8.18067283881492e-01, 1.82503860754855207,#000000
-8.12323981108945e-01, 1.82760218584770651,#000000
-8.06572644967963e-01, 1.83014769032157187,#000000
-8.00813332335608e-01, 1.83267509579672616,#000000
-7.95046100167827e-01, 1.83518437727873285,#000000
-7.89271005498882e-01, 1.83767550995239204,#000000
-7.83488105440795e-01, 1.84014846918198272,#000000
-7.77697457182775e-01, 1.84260323051150809,#000000
-7.71899117990657e-01, 1.84503976966493743,#000000
-7.66093145206336e-01, 1.84745806254644496,#000000
-7.60279596247193e-01, 1.84985808524065010,#000000
-7.54458528605540e-01, 1.85223981401285176,#000000
-7.48629999848038e-01, 1.85460322530926458,#000000
-7.42794067615137e-01, 1.85694829575725118,#000000
-7.36950789620500e-01, 1.85927500216555419,#000000
-7.31100223650439e-01, 1.86158332152452388,#000000
-7.25242427563334e-01, 1.86387323100634772,#000000
-7.19377459289072e-01, 1.86614470796527443,#000000
-7.13505376828464e-01, 1.86839772993783959,#000000
-7.07626238252677e-01, 1.87063227464308590,#000000
-7.01740101702661e-01, 1.87284831998278456,#000000
-6.95847025388568e-01, 1.87504584404165486,#000000
-6.89947067589181e-01, 1.87722482508757849,#000000
-6.84040286651337e-01, 1.87938524157181686,#000000
-6.78126740989351e-01, 1.88152707212922188,#000000
-6.72206489084432e-01, 1.88365029557844976,#000000
-6.66279589484116e-01, 1.88575489092216819,#000000
-6.60346100801674e-01, 1.88784083734726593,#000000
-6.54406081715544e-01, 1.88990811422505645,#000000
-6.48459590968742e-01, 1.89195670111148462,#000000
-6.42506687368288e-01, 1.89398657774732637,#000000
-6.36547429784617e-01, 1.89599772405839073,#000000
-6.30581877151005e-01, 1.89799012015571744,#000000
-6.24610088462979e-01, 1.89996374633577392,#000000
-6.18632122777738e-01, 1.90191858308065065,#000000
-6.12648039213567e-01, 1.90385461105825282,#000000
-6.06657896949253e-01, 1.90577181112249350,#000000
-6.00661755223501e-01, 1.90767016431348080,#000000
-5.94659673334345e-01, 1.90954965185770709,#000000
-5.88651710638564e-01, 1.91141025516823371,#000000
-5.82637926551094e-01, 1.91325195584487551,#000000
-5.76618380544444e-01, 1.91507473567438158,#000000
-5.70593132148100e-01, 1.91687857663061734,#000000
-5.64562240947944e-01, 1.91866346087474016,#000000
-5.58525766585660e-01, 1.92042937075537878,#000000
-5.52483768758149e-01, 1.92217628880880542,#000000
-5.46436307216932e-01, 1.92390419775910959,#000000
-5.40383441767564e-01, 1.92561308051836866,#000000
-5.34325232269043e-01, 1.92730292018681726,#000000
-5.28261738633213e-01, 1.92897370005301405,#000000
-5.22193020824177e-01, 1.93062540359400647,#000000
-5.16119138857700e-01, 1.93225801447549594,#000000
-5.10040152800621e-01, 1.93387151655199641,#000000
-5.03956122770250e-01, 1.93546589386699774,#000000
-4.97867108933784e-01, 1.93704113065311945,#000000
-4.91773171507701e-01, 1.93859721133227092,#000000
-4.85674370757175e-01, 1.94013412051580136,#000000
-4.79570766995472e-01, 1.94165184300465521,#000000
-4.73462420583359e-01, 1.94315036378952066,#000000
-4.67349391928505e-01, 1.94462966805097781,#000000
-4.61231741484880e-01, 1.94608974115964761,#000000
-4.55109529752165e-01, 1.94753056867633356,#000000
-4.48982817275145e-01, 1.94895213635216646,#000000
-4.42851664643119e-01, 1.95035443012874432,#000000
-4.36716132489291e-01, 1.95173743613827222,#000000
-4.30576281490181e-01, 1.95310114070369845,#000000
-4.24432172365016e-01, 1.95444553033885127,#000000
-4.18283865875135e-01, 1.95577059174856993,#000000
-4.12131422823385e-01, 1.95707631182883923,#000000
-4.05974904053523e-01, 1.95836267766691585,#000000
-3.99814370449609e-01, 1.95962967654145870,#000000
-3.93649882935411e-01, 1.96087729592265347,#000000
-3.87481502473796e-01, 1.96210552347233613,#000000
-3.81309290066129e-01, 1.96331434704411634,#000000
-3.75133306751675e-01, 1.96450375468349603,#000000
-3.68953613606985e-01, 1.96567373462798956,#000000
-3.62770271745303e-01, 1.96682427530723736,#000000
-3.56583342315952e-01, 1.96795536534312299,#000000
-3.50392886503739e-01, 1.96906699354988390,#000000
-3.44198965528338e-01, 1.97015914893422295,#000000
-3.38001640643699e-01, 1.97123182069541691,#000000
-3.31800973137427e-01, 1.97228499822542291,#000000
-3.25597024330189e-01, 1.97331867110898385,#000000
-3.19389855575099e-01, 1.97433282912373143,#000000
-3.13179528257115e-01, 1.97532746224028655,#000000
-3.06966103792433e-01, 1.97630256062235898,#000000
-3.00749643627873e-01, 1.97725811462684531,#000000
-2.94530209240283e-01, 1.97819411480392260,#000000
-2.88307862135917e-01, 1.97911055189714391,#000000
-2.82082663849839e-01, 1.98000741684352755,#000000
-2.75854675945307e-01, 1.98088470077364920,#000000
-2.69623960013169e-01, 1.98174239501172722,#000000
-2.63390577671247e-01, 1.98258049107571077,#000000
-2.57154590563738e-01, 1.98339898067736131,#000000
-2.50916060360592e-01, 1.98419785572233698,#000000
-2.44675048756914e-01, 1.98497710831027008,#000000
-2.38431617472347e-01, 1.98573673073484747,#000000
-2.32185828250460e-01, 1.98647671548388605,#000000
-2.25937742858146e-01, 1.98719705523940582,#000000
-2.19687423085000e-01, 1.98789774287770449,#000000
-2.13434930742718e-01, 1.98857877146942585,#000000
-2.07180327664479e-01, 1.98924013427962976,#000000
-2.00923675704336e-01, 1.98988182476785758,#000000
-1.94665036736605e-01, 1.99050383658819818,#000000
-1.88404472655253e-01, 1.99110616358934922,#000000
-1.82142045373282e-01, 1.99168879981467928,#000000
-1.75877816822123e-01, 1.99225173950228585,#000000
-1.69611848951019e-01, 1.99279497708505304,#000000
-1.63344203726413e-01, 1.99331850719070580,#000000
-1.57074943131340e-01, 1.99382232464186404,#000000
-1.50804129164803e-01, 1.99430642445609285,#000000
-1.44531823841174e-01, 1.99477080184595246,#000000
-1.38258089189569e-01, 1.99521545221904528,#000000
-1.31982987253241e-01, 1.99564037117806148,#000000
-1.25706580088964e-01, 1.99604555452082222,#000000
-1.19428929766420e-01, 1.99643099824032166,#000000
-1.13150098367585e-01, 1.99679669852476627,#000000
-1.06870147986115e-01, 1.99714265175761185,#000000
-1.00589140726733e-01, 1.99746885451760114,#000000
-9.43071387046120e-02, 1.99777530357879574,#000000
-8.80242040447636e-02, 1.99806199591060873,#000000
-8.17403988814230e-02, 1.99832892867783563,#000000
-7.54557853574347e-02, 1.99857609924068003,#000000
-6.91704256236346e-02, 1.99880350515478256,#000000
-6.28843818382416e-02, 1.99901114417124304,#000000
-5.65977161662362e-02, 1.99919901423664337,#000000
-5.03104907787522e-02, 1.99936711349306750,#000000
-4.40227678524552e-02, 1.99951544027812123,#000000
-3.77346095689347e-02, 1.99964399312494634,#000000
-3.14460781140821e-02, 1.99975277076223668,#000000
-2.51572356774827e-02, 1.99984177211425096,#000000
-1.88681444517937e-02, 1.99991099630082192,#000000
-1.25788666321362e-02, 1.99996044263736650,#000000
-6.28946441547301e-03, 1.99999011063489185,#000000
 1.22464679914735e-16, 2.00000000000000000,#000000
